received_timestamp,complete_response_time,success_rate,success,worker_idx,request_idx,global_request_id
20260923T001331,4832.307712,81.21212121212122,True,21,0,21:0
20260923T001332,5382.04416,81.21212121212122,True,10,0,10:0
20260923T001332,5450.291968,81.21212121212122,True,13,0,13:0
20260923T001332,5927.7696,81.21212121212122,True,28,0,28:0
20260923T001332,5365.122816,81.21212121212122,True,42,0,42:0
20260923T001332,5910.217728,81.21212121212122,True,43,0,43:0
20260923T001332,5100.590592,81.21212121212122,True,47,0,47:0
20260923T001332,5349.213184,81.21212121212122,True,52,0,52:0
20260923T001332,5477.040896,81.21212121212122,True,54,0,54:0
20260923T001332,5568.083456,81.21212121212122,True,61,0,61:0
20260923T001333,5603.232,81.21212121212122,True,18,1,18:1
20260923T001333,6410.67392,81.21212121212122,True,27,0,27:0
20260923T001333,6528.547328,81.21212121212122,True,29,0,29:0
20260923T001333,6106.623232,81.21212121212122,True,58,0,58:0
20260923T001334,5606.751488,81.21212121212122,True,0,1,0:1
20260923T001334,7617.854464,81.21212121212122,True,9,0,9:0
20260923T001334,6405.259008,81.21212121212122,True,9,1,9:1
20260923T001334,5426.624512,81.21212121212122,True,16,1,16:1
20260923T001334,7102.445312,81.21212121212122,True,30,0,30:0
20260923T001334,7588.273152,81.21212121212122,True,32,0,32:0
20260923T001334,7943.16416,81.21212121212122,True,38,0,38:0
20260923T001334,7932.68864,81.21212121212122,True,44,0,44:0
20260923T001335,8277.543424,81.21212121212122,True,0,0,0:0
20260923T001335,8741.694208,81.21212121212122,True,1,0,1:0
20260923T001335,8600.955648,81.21212121212122,True,2,0,2:0
20260923T001335,8303.02848,81.21212121212122,True,7,0,7:0
20260923T001335,8256.61824,81.21212121212122,True,16,0,16:0
20260923T001335,6605.872128,81.21212121212122,True,27,1,27:1
20260923T001335,6853.39264,81.21212121212122,True,31,1,31:1
20260923T001335,8368.804096,81.21212121212122,True,33,0,33:0
20260923T001335,7378.885888,81.21212121212122,True,34,1,34:1
20260923T001335,6525.570816,81.21212121212122,True,38,1,38:1
20260923T001335,8218.996736,81.21212121212122,True,39,0,39:0
20260923T001335,6254.604288,81.21212121212122,True,42,1,42:1
20260923T001335,6470.656512,81.21212121212122,True,47,1,47:1
20260923T001336,9915.121664,81.21212121212122,True,11,0,11:0
20260923T001336,9749.467136,81.21212121212122,True,24,0,24:0
20260923T001336,7831.409664,81.21212121212122,True,36,1,36:1
20260923T001336,9324.3072,81.21212121212122,True,41,0,41:0
20260923T001336,9469.261056,81.21212121212122,True,63,0,63:0
20260923T001337,10824.344832,81.21212121212122,True,6,0,6:0
20260923T001337,10822.9568,81.21212121212122,True,34,0,34:0
20260923T001337,8686.623488,81.21212121212122,True,54,1,54:1
20260923T001337,8505.458688,81.21212121212122,True,55,1,55:1
20260923T001337,8688.18816,81.21212121212122,True,59,1,59:1
20260923T001338,9914.840576,81.21212121212122,True,2,1,2:1
20260923T001338,9806.759936,81.21212121212122,True,5,1,5:1
20260923T001338,10046.285312,81.21212121212122,True,6,1,6:1
20260923T001338,10038.435584,81.21212121212122,True,11,1,11:1
20260923T001338,9882.984192,81.21212121212122,True,20,1,20:1
20260923T001338,10691.06944,81.21212121212122,True,28,1,28:1
20260923T001338,11652.800768,81.21212121212122,True,46,0,46:0
20260923T001338,11236.461568,81.21212121212122,True,50,0,50:0
20260923T001338,9575.753728,81.21212121212122,True,50,1,50:1
20260923T001338,9368.983808,81.21212121212122,True,54,2,54:2
20260923T001338,10053.87392,81.21212121212122,True,63,1,63:1
20260923T001339,12859.785216,81.21212121212122,True,8,0,8:0
20260923T001339,12622.183424,81.21212121212122,True,12,0,12:0
20260923T001339,12898.166784,81.21212121212122,True,15,0,15:0
20260923T001339,12986.33216,81.21212121212122,True,17,0,17:0
20260923T001339,10611.767552,81.21212121212122,True,22,1,22:1
20260923T001339,10139.670528,81.21212121212122,True,26,1,26:1
20260923T001339,12397.066752,81.21212121212122,True,31,0,31:0
20260923T001339,12332.026624,81.21212121212122,True,45,0,45:0
20260923T001339,11201.618176,81.21212121212122,True,46,1,46:1
20260923T001339,10813.891328,81.21212121212122,True,56,1,56:1
20260923T001340,12040.53632,81.21212121212122,True,8,1,8:1
20260923T001340,14004.485376,81.21212121212122,True,14,0,14:0
20260923T001340,11240.621056,81.21212121212122,True,23,1,23:1
20260923T001340,11806.534144,81.21212121212122,True,24,1,24:1
20260923T001340,13639.36768,81.21212121212122,True,25,0,25:0
20260923T001340,13348.214784,81.21212121212122,True,60,0,60:0
20260923T001340,13303.488256,81.21212121212122,True,62,0,62:0
20260923T001341,13838.898688,81.21212121212122,True,1,1,1:1
20260923T001341,14412.056832,81.21212121212122,True,20,0,20:0
20260923T001341,12573.165568,81.21212121212122,True,29,1,29:1
20260923T001341,11832.174336,81.21212121212122,True,32,2,32:2
20260923T001341,13435.478528,81.21212121212122,True,53,1,53:1
20260923T001341,14079.817472,81.21212121212122,True,57,0,57:0
20260923T001341,14119.319296,81.21212121212122,True,59,0,59:0
20260923T001341,13099.233536,81.21212121212122,True,60,1,60:1
20260923T001342,12931.4176,81.21212121212122,True,15,2,15:2
20260923T001342,15256.44416,81.21212121212122,True,19,0,19:0
20260923T001342,15900.269056,81.21212121212122,True,26,0,26:0
20260923T001342,13840.354816,81.21212121212122,True,30,1,30:1
20260923T001342,15322.1824,81.21212121212122,True,36,0,36:0
20260923T001342,13285.46048,81.21212121212122,True,39,1,39:1
20260923T001342,15031.999744,81.21212121212122,True,40,0,40:0
20260923T001342,13933.44256,81.21212121212122,True,44,1,44:1
20260923T001342,13290.799616,81.21212121212122,True,61,1,61:1
20260923T001343,16301.299968,81.21212121212122,True,3,0,3:0
20260923T001343,14896.454912,81.21212121212122,True,3,1,3:1
20260923T001343,16782.497792,81.21212121212122,True,5,0,5:0
20260923T001343,14157.576704,81.21212121212122,True,10,2,10:2
20260923T001343,15311.088384,81.21212121212122,True,15,1,15:1
20260923T001343,16895.95392,81.21212121212122,True,18,0,18:0
20260923T001343,16167.464448,81.21212121212122,True,23,0,23:0
20260923T001343,15040.59136,81.21212121212122,True,32,1,32:1
20260923T001343,16349.513984,81.21212121212122,True,35,0,35:0
20260923T001343,16153.405952,81.21212121212122,True,37,0,37:0
20260923T001343,15300.049152,81.21212121212122,True,41,1,41:1
20260923T001343,14881.81376,81.21212121212122,True,43,1,43:1
20260923T001343,13365.836288,81.21212121212122,True,44,2,44:2
20260923T001343,16335.63008,81.21212121212122,True,49,0,49:0
20260923T001343,16949.220864,81.21212121212122,True,53,0,53:0
20260923T001343,12851.236352,81.21212121212122,True,58,2,58:2
20260923T001344,17351.561984,81.21212121212122,True,4,0,4:0
20260923T001344,14807.458304,81.21212121212122,True,6,2,6:2
20260923T001344,15123.001344,81.21212121212122,True,8,2,8:2
20260923T001344,15910.825216,81.21212121212122,True,10,1,10:1
20260923T001344,15928.905984,81.21212121212122,True,14,1,14:1
20260923T001344,17090.103808,81.21212121212122,True,22,0,22:0
20260923T001344,16277.130496,81.21212121212122,True,45,1,45:1
20260923T001344,14915.884032,81.21212121212122,True,45,2,45:2
20260923T001344,17572.430848,81.21212121212122,True,48,0,48:0
20260923T001344,17663.952128,81.21212121212122,True,51,0,51:0
20260923T001344,16020.599808,81.21212121212122,True,52,1,52:1
20260923T001344,17887.735808,81.21212121212122,True,55,0,55:0
20260923T001344,17231.40864,81.21212121212122,True,56,0,56:0
20260923T001344,15613.480448,81.21212121212122,True,58,1,58:1
20260923T001345,15689.94304,81.21212121212122,True,7,1,7:1
20260923T001345,15126.506752,81.21212121212122,True,11,2,11:2
20260923T001345,17097.61792,81.21212121212122,True,17,1,17:1
20260923T001345,16105.747968,81.21212121212122,True,19,1,19:1
20260923T001345,16946.700032,81.21212121212122,True,25,1,25:1
20260923T001345,15845.650944,81.21212121212122,True,25,2,25:2
20260923T001345,15462.145792,81.21212121212122,True,56,2,56:2
20260923T001346,17152.420096,81.21212121212122,True,12,1,12:1
20260923T001346,17827.061504,81.21212121212122,True,13,1,13:1
20260923T001346,15504.912896,81.21212121212122,True,17,2,17:2
20260923T001346,18167.367936,81.21212121212122,True,35,1,35:1
20260923T001346,18375.245824,81.21212121212122,True,37,1,37:1
20260923T001346,16945.611776,81.21212121212122,True,37,2,37:2
20260923T001346,18511.00928,81.21212121212122,True,49,1,49:1
20260923T001346,17417.334784,81.21212121212122,True,51,1,51:1
20260923T001346,17670.697216,81.21212121212122,True,57,1,57:1
20260923T001346,16461.31968,81.21212121212122,True,59,2,59:2
20260923T001346,16102.768384,81.21212121212122,True,63,2,63:2
20260923T001347,17852.2176,81.21212121212122,True,1,2,1:2
20260923T001347,18893.913088,81.21212121212122,True,4,1,4:1
20260923T001347,17857.28,81.21212121212122,True,21,1,21:1
20260923T001347,17034.832128,81.21212121212122,True,24,2,24:2
20260923T001347,15986.565888,81.21212121212122,True,28,3,28:3
20260923T001347,18390.594048,81.21212121212122,True,33,1,33:1
20260923T001347,18239.167488,81.21212121212122,True,40,1,40:1
20260923T001347,17420.666368,81.21212121212122,True,42,2,42:2
20260923T001347,18652.7552,81.21212121212122,True,48,1,48:1
20260923T001347,16578.234112,81.21212121212122,True,51,2,51:2
20260923T001347,16716.271872,81.21212121212122,True,53,3,53:3
20260923T001348,18351.857152,81.21212121212122,True,29,2,29:2
20260923T001348,17412.4096,81.21212121212122,True,32,3,32:3
20260923T001348,18307.736064,81.21212121212122,True,39,2,39:2
20260923T001348,17228.25088,81.21212121212122,True,52,3,52:3
20260923T001348,18887.848192,81.21212121212122,True,53,2,53:2
20260923T001349,18868.470272,81.21212121212122,True,4,2,4:2
20260923T001349,19238.210304,81.21212121212122,True,14,2,14:2
20260923T001349,17961.0688,81.21212121212122,True,15,4,15:4
20260923T001349,19956.612864,81.21212121212122,True,28,2,28:2
20260923T001349,19154.543872,81.21212121212122,True,31,2,31:2
20260923T001349,19590.540288,81.21212121212122,True,50,2,50:2
20260923T001349,19927.362048,81.21212121212122,True,52,2,52:2
20260923T001350,19492.028928,81.21212121212122,True,0,2,0:2
20260923T001350,20108.292096,81.21212121212122,True,18,2,18:2
20260923T001350,20952.56064,81.21212121212122,True,34,2,34:2
20260923T001350,18697.321472,81.21212121212122,True,39,3,39:3
20260923T001350,20409.88928,81.21212121212122,True,46,2,46:2
20260923T001350,20880.523776,81.21212121212122,True,49,2,49:2
20260923T001350,18924.17408,81.21212121212122,True,55,2,55:2
20260923T001350,18549.183488,81.21212121212122,True,56,4,56:4
20260923T001350,20538.54208,81.21212121212122,True,62,1,62:1
20260923T001350,18773.04448,81.21212121212122,True,63,3,63:3
20260923T001351,20189.074944,81.21212121212122,True,2,3,2:3
20260923T001351,20985.858304,81.21212121212122,True,3,2,3:2
20260923T001351,18644.146688,81.21212121212122,True,5,3,5:3
20260923T001351,20355.568128,81.21212121212122,True,7,2,7:2
20260923T001351,19392.214784,81.21212121212122,True,14,3,14:3
20260923T001351,18873.746176,81.21212121212122,True,23,3,23:3
20260923T001351,20540.016896,81.21212121212122,True,27,2,27:2
20260923T001351,19573.269504,81.21212121212122,True,34,3,34:3
20260923T001351,21232.750848,81.21212121212122,True,35,2,35:2
20260923T001351,18833.99808,81.21212121212122,True,45,4,45:4
20260923T001352,19658.781184,81.21212121212122,True,13,4,13:4
20260923T001352,22254.579456,81.21212121212122,True,16,2,16:2
20260923T001352,19757.767168,81.21212121212122,True,20,3,20:3
20260923T001352,19448.652288,81.21212121212122,True,24,4,24:4
20260923T001352,19988.508416,81.21212121212122,True,31,3,31:3
20260923T001352,20344.827904,81.21212121212122,True,33,3,33:3
20260923T001352,20441.626112,81.21212121212122,True,43,3,43:3
20260923T001352,20588.288256,81.21212121212122,True,46,3,46:3
20260923T001352,21014.736128,81.21212121212122,True,47,2,47:2
20260923T001352,20444.506112,81.21212121212122,True,54,3,54:3
20260923T001353,23440.086528,81.21212121212122,True,13,2,13:2
20260923T001353,22292.043008,81.21212121212122,True,20,2,20:2
20260923T001353,21724.771328,81.21212121212122,True,21,2,21:2
20260923T001353,21991.238144,81.21212121212122,True,26,2,26:2
20260923T001353,20836.697856,81.21212121212122,True,28,4,28:4
20260923T001353,23123.603712,81.21212121212122,True,36,2,36:2
20260923T001353,21393.2416,81.21212121212122,True,37,3,37:3
20260923T001353,21900.463872,81.21212121212122,True,38,2,38:2
20260923T001353,22168.641536,81.21212121212122,True,43,2,43:2
20260923T001353,20627.930112,81.21212121212122,True,53,4,53:4
20260923T001353,23295.412992,81.21212121212122,True,60,2,60:2
20260923T001353,20947.175424,81.21212121212122,True,60,3,60:3
20260923T001353,21462.625536,81.21212121212122,True,61,3,61:3
20260923T001354,23731.172864,81.21212121212122,True,1,3,1:3
20260923T001354,23817.149696,81.21212121212122,True,2,2,2:2
20260923T001354,22947.599616,81.21212121212122,True,9,2,9:2
20260923T001354,22847.014912,81.21212121212122,True,13,3,13:3
20260923T001354,23657.019648,81.21212121212122,True,15,3,15:3
20260923T001354,23328.728064,81.21212121212122,True,24,3,24:3
20260923T001354,22991.661312,81.21212121212122,True,45,3,45:3
20260923T001354,22644.043008,81.21212121212122,True,49,3,49:3
20260923T001354,24045.583616,81.21212121212122,True,56,3,56:3
20260923T001355,24733.060864,81.21212121212122,True,5,2,5:2
20260923T001355,22848.782848,81.21212121212122,True,8,4,8:4
20260923T001355,22196.160256,81.21212121212122,True,15,5,15:5
20260923T001355,24808.863232,81.21212121212122,True,22,2,22:2
20260923T001355,24453.302784,81.21212121212122,True,33,2,33:2
20260923T001355,24612.204288,81.21212121212122,True,40,2,40:2
20260923T001355,23612.743424,81.21212121212122,True,51,3,51:3
20260923T001356,23281.175808,81.21212121212122,True,11,4,11:4
20260923T001356,24739.909632,81.21212121212122,True,12,2,12:2
20260923T001356,24194.69824,81.21212121212122,True,25,4,25:4
20260923T001356,25765.736192,81.21212121212122,True,30,2,30:2
20260923T001356,24802.259712,81.21212121212122,True,42,3,42:3
20260923T001356,23438.235904,81.21212121212122,True,48,3,48:3
20260923T001356,23100.340992,81.21212121212122,True,52,5,52:5
20260923T001356,25538.23104,81.21212121212122,True,61,2,61:2
20260923T001357,26278.115072,81.21212121212122,True,8,3,8:3
20260923T001357,26078.066432,81.21212121212122,True,10,3,10:3
20260923T001357,26348.199168,81.21212121212122,True,23,2,23:2
20260923T001357,23219.578368,81.21212121212122,True,36,4,36:4
20260923T001357,23999.131136,81.21212121212122,True,40,4,40:4
20260923T001357,26662.780416,81.21212121212122,True,41,2,41:2
20260923T001357,25773.370624,81.21212121212122,True,48,2,48:2
20260923T001357,25365.909248,81.21212121212122,True,50,3,50:3
20260923T001357,24661.673216,81.21212121212122,True,59,4,59:4
20260923T001358,26974.40384,81.21212121212122,True,3,3,3:3
20260923T001358,27042.98496,81.21212121212122,True,6,3,6:3
20260923T001358,26949.282304,81.21212121212122,True,16,3,16:3
20260923T001358,27222.981632,81.21212121212122,True,19,2,19:2
20260923T001358,25784.452096,81.21212121212122,True,19,3,19:3
20260923T001358,24975.827712,81.21212121212122,True,25,5,25:5
20260923T001358,24807.837952,81.21212121212122,True,32,4,32:4
20260923T001358,25706.65728,81.21212121212122,True,46,4,46:4
20260923T001358,24597.402624,81.21212121212122,True,53,5,53:5
20260923T001358,24769.896448,81.21212121212122,True,54,4,54:4
20260923T001359,26658.128128,81.21212121212122,True,12,3,12:3
20260923T001359,26950.865152,81.21212121212122,True,17,3,17:3
20260923T001359,27220.011264,81.21212121212122,True,18,3,18:3
20260923T001359,26605.278976,81.21212121212122,True,22,3,22:3
20260923T001359,28066.293248,81.21212121212122,True,25,3,25:3
20260923T001359,26728.547584,81.21212121212122,True,30,3,30:3
20260923T001359,27124.327424,81.21212121212122,True,38,3,38:3
20260923T001359,25143.320576,81.21212121212122,True,44,5,44:5
20260923T001359,25398.371328,81.21212121212122,True,47,3,47:3
20260923T001359,27243.389696,81.21212121212122,True,52,4,52:4
20260923T001359,26700.734208,81.21212121212122,True,55,3,55:3
20260923T001359,28236.363776,81.21212121212122,True,57,2,57:2
20260923T001359,25740.333312,81.21212121212122,True,57,3,57:3
20260923T001359,28473.797376,81.21212121212122,True,59,3,59:3
20260923T001400,28074.365696,81.21212121212122,True,0,3,0:3
20260923T001400,27226.881792,81.21212121212122,True,1,4,1:4
20260923T001400,29145.26848,81.21212121212122,True,4,3,4:3
20260923T001400,27947.991808,81.21212121212122,True,10,4,10:4
20260923T001400,28911.974144,81.21212121212122,True,11,3,11:3
20260923T001400,26377.920256,81.21212121212122,True,12,4,12:4
20260923T001400,26074.878208,81.21212121212122,True,16,4,16:4
20260923T001400,27474.454016,81.21212121212122,True,26,3,26:3
20260923T001400,28428.50944,81.21212121212122,True,29,3,29:3
20260923T001400,28768.212736,81.21212121212122,True,44,3,44:3
20260923T001400,27524.980992,81.21212121212122,True,44,4,44:4
20260923T001400,25883.848192,81.21212121212122,True,51,4,51:4
20260923T001400,28963.558912,81.21212121212122,True,62,2,62:2
20260923T001401,27132.436224,81.21212121212122,True,0,4,0:4
20260923T001401,28434.640128,81.21212121212122,True,3,4,3:4
20260923T001401,28265.411584,81.21212121212122,True,7,3,7:3
20260923T001401,28901.948672,81.21212121212122,True,9,3,9:3
20260923T001401,27295.336704,81.21212121212122,True,21,3,21:3
20260923T001401,27053.142016,81.21212121212122,True,29,5,29:5
20260923T001401,27855.914752,81.21212121212122,True,35,4,35:4
20260923T001401,27587.877632,81.21212121212122,True,42,4,42:4
20260923T001401,27784.055808,81.21212121212122,True,49,4,49:4
20260923T001401,27955.630848,81.21212121212122,True,50,4,50:4
20260923T001401,28154.141184,81.21212121212122,True,61,4,61:4
20260923T001402,28297.70496,81.21212121212122,True,4,5,4:5
20260923T001402,27748.888832,81.21212121212122,True,6,5,6:5
20260923T001402,30198.05824,81.21212121212122,True,27,3,27:3
20260923T001402,28020.525312,81.21212121212122,True,32,5,32:5
20260923T001402,30458.854144,81.21212121212122,True,35,3,35:3
20260923T001402,30614.415104,81.21212121212122,True,40,3,40:3
20260923T001402,27596.50176,81.21212121212122,True,54,5,54:5
20260923T001402,28364.065792,81.21212121212122,True,62,3,62:3
20260923T001403,30539.943424,81.21212121212122,True,2,4,2:4
20260923T001403,30969.481216,81.21212121212122,True,6,4,6:4
20260923T001403,28951.847168,81.21212121212122,True,8,5,8:5
20260923T001403,28517.128192,81.21212121212122,True,11,5,11:5
20260923T001403,28105.871616,81.21212121212122,True,13,6,13:6
20260923T001403,28032.1024,81.21212121212122,True,20,5,20:5
20260923T001403,29419.301888,81.21212121212122,True,34,4,34:4
20260923T001403,31249.864192,81.21212121212122,True,36,3,36:3
20260923T001403,29130.42816,81.21212121212122,True,52,6,52:6
20260923T001404,29374.517248,81.21212121212122,True,19,4,19:4
20260923T001404,29608.50688,81.21212121212122,True,28,5,28:5
20260923T001404,30455.634688,81.21212121212122,True,31,4,31:4
20260923T001404,29136.235264,81.21212121212122,True,53,6,53:6
20260923T001404,31386.002432,81.21212121212122,True,58,3,58:3
20260923T001404,29390.714112,81.21212121212122,True,61,5,61:5
20260923T001404,28463.442432,81.21212121212122,True,62,4,62:4
20260923T001405,32342.961152,81.21212121212122,True,4,4,4:4
20260923T001405,29444.095744,81.21212121212122,True,15,7,15:7
20260923T001405,30085.316608,81.21212121212122,True,27,5,27:5
20260923T001405,31865.408512,81.21212121212122,True,39,4,39:4
20260923T001405,32523.18336,81.21212121212122,True,41,3,41:3
20260923T001405,31264.517632,81.21212121212122,True,43,4,43:4
20260923T001405,30744.269824,81.21212121212122,True,48,4,48:4
20260923T001405,29687.652352,81.21212121212122,True,51,5,51:5
20260923T001406,31470.073344,81.21212121212122,True,5,4,5:4
20260923T001406,32645.59232,81.21212121212122,True,10,5,10:5
20260923T001406,32503.738368,81.21212121212122,True,14,4,14:4
20260923T001406,32893.062912,81.21212121212122,True,29,4,29:4
20260923T001406,32833.367808,81.21212121212122,True,37,4,37:4
20260923T001406,32336.84096,81.21212121212122,True,45,5,45:5
20260923T001406,32603.276032,81.21212121212122,True,46,5,46:5
20260923T001406,32701.048832,81.21212121212122,True,58,4,58:4
20260923T001406,32100.473088,81.21212121212122,True,59,5,59:5
20260923T001407,31089.212416,81.21212121212122,True,4,6,4:6
20260923T001407,31090.734592,81.21212121212122,True,6,6,6:6
20260923T001407,33878.640128,81.21212121212122,True,13,5,13:5
20260923T001407,30527.612928,81.21212121212122,True,15,8,15:8
20260923T001407,31166.6624,81.21212121212122,True,20,6,20:6
20260923T001407,31241.469696,81.21212121212122,True,52,7,52:7
20260923T001407,33789.512192,81.21212121212122,True,56,5,56:5
20260923T001407,31312.667648,81.21212121212122,True,58,5,58:5
20260923T001408,31944.332032,81.21212121212122,True,13,7,13:7
20260923T001408,33895.249152,81.21212121212122,True,22,4,22:4
20260923T001408,32678.858496,81.21212121212122,True,23,5,23:5
20260923T001408,34745.58464,81.21212121212122,True,24,5,24:5
20260923T001408,33343.120384,81.21212121212122,True,26,4,26:4
20260923T001408,32241.282048,81.21212121212122,True,37,6,37:6
20260923T001408,33126.489856,81.21212121212122,True,59,6,59:6
20260923T001408,34904.071424,81.21212121212122,True,63,4,63:4
20260923T001409,35230.952192,81.21212121212122,True,3,5,3:5
20260923T001409,31974.878464,81.21212121212122,True,7,5,7:5
20260923T001409,33771.27168,81.21212121212122,True,14,5,14:5
20260923T001409,34206.933504,81.21212121212122,True,16,5,16:5
20260923T001409,35847.37152,81.21212121212122,True,17,4,17:4
20260923T001409,32631.550464,81.21212121212122,True,18,6,18:6
20260923T001409,35544.642304,81.21212121212122,True,20,4,20:4
20260923T001409,35159.286528,81.21212121212122,True,37,5,37:5
20260923T001409,33428.846592,81.21212121212122,True,47,4,47:4
20260923T001409,34928.910848,81.21212121212122,True,50,5,50:5
20260923T001409,32370.76992,81.21212121212122,True,56,7,56:7
20260923T001409,33393.261312,81.21212121212122,True,61,6,61:6
20260923T001410,34935.679488,81.21212121212122,True,0,5,0:5
20260923T001410,34725.276416,81.21212121212122,True,1,6,1:6
20260923T001410,33974.860544,81.21212121212122,True,3,6,3:6
20260923T001410,34105.564672,81.21212121212122,True,17,5,17:5
20260923T001410,36417.196032,81.21212121212122,True,18,4,18:4
20260923T001410,37087.025152,81.21212121212122,True,23,4,23:4
20260923T001410,33372.531968,81.21212121212122,True,24,7,24:7
20260923T001410,34148.346368,81.21212121212122,True,29,6,29:6
20260923T001410,34322.243328,81.21212121212122,True,45,7,45:7
20260923T001410,32784.323328,81.21212121212122,True,46,7,46:7
20260923T001410,35245.57824,81.21212121212122,True,63,5,63:5
20260923T001411,35810.260736,81.21212121212122,True,8,6,8:6
20260923T001411,35468.998912,81.21212121212122,True,10,6,10:6
20260923T001411,37682.7328,81.21212121212122,True,27,4,27:4
20260923T001411,36889.695744,81.21212121212122,True,33,4,33:4
20260923T001411,35062.120704,81.21212121212122,True,35,5,35:5
20260923T001411,34799.713024,81.21212121212122,True,50,6,50:6
20260923T001411,35264.313344,81.21212121212122,True,53,7,53:7
20260923T001411,36678.398208,81.21212121212122,True,55,4,55:4
20260923T001411,33959.815424,81.21212121212122,True,55,5,55:5
20260923T001411,34633.148672,81.21212121212122,True,60,5,60:5
20260923T001412,37049.103616,81.21212121212122,True,1,5,1:5
20260923T001412,37827.038464,81.21212121212122,True,7,4,7:4
20260923T001412,35393.330688,81.21212121212122,True,10,7,10:7
20260923T001412,37867.21024,81.21212121212122,True,15,6,15:6
20260923T001412,36402.40256,81.21212121212122,True,21,4,21:4
20260923T001412,37301.637376,81.21212121212122,True,25,6,25:6
20260923T001412,34791.100672,81.21212121212122,True,29,7,29:7
20260923T001412,38264.805888,81.21212121212122,True,30,4,30:4
20260923T001412,36389.97632,81.21212121212122,True,30,5,30:5
20260923T001412,37545.91232,81.21212121212122,True,39,5,39:5
20260923T001412,38334.040576,81.21212121212122,True,41,4,41:4
20260923T001412,36031.264256,81.21212121212122,True,41,5,41:5
20260923T001412,35954.910976,81.21212121212122,True,43,5,43:5
20260923T001413,38308.422656,81.21212121212122,True,2,5,2:5
20260923T001413,36654.899712,81.21212121212122,True,5,5,5:5
20260923T001413,38660.01536,81.21212121212122,True,9,4,9:4
20260923T001413,35707.185408,81.21212121212122,True,14,6,14:6
20260923T001413,35810.797056,81.21212121212122,True,16,6,16:6
20260923T001413,37408.187392,81.21212121212122,True,24,6,24:6
20260923T001413,38109.467904,81.21212121212122,True,36,5,36:5
20260923T001413,37980.516352,81.21212121212122,True,46,6,46:6
20260923T001413,36669.474304,81.21212121212122,True,54,6,54:6
20260923T001413,38443.689984,81.21212121212122,True,56,6,56:6
20260923T001413,35661.5424,81.21212121212122,True,57,5,57:5
20260923T001413,38427.527936,81.21212121212122,True,60,4,60:4
20260923T001414,37422.6624,81.21212121212122,True,4,7,4:7
20260923T001414,37539.064576,81.21212121212122,True,27,6,27:6
20260923T001414,39448.685056,81.21212121212122,True,38,4,38:4
20260923T001414,39632.625152,81.21212121212122,True,40,5,40:5
20260923T001414,37499.487488,81.21212121212122,True,40,6,40:6
20260923T001414,38476.004864,81.21212121212122,True,49,5,49:5
20260923T001414,37660.655616,81.21212121212122,True,59,7,59:7
20260923T001415,37436.182784,81.21212121212122,True,2,7,2:7
20260923T001415,37892.44928,81.21212121212122,True,11,6,11:6
20260923T001415,38379.71968,81.21212121212122,True,22,5,22:5
20260923T001415,37964.928512,81.21212121212122,True,25,8,25:8
20260923T001415,37535.741696,81.21212121212122,True,28,7,28:7
20260923T001415,39614.427136,81.21212121212122,True,44,6,44:6
20260923T001415,38313.076736,81.21212121212122,True,47,5,47:5
20260923T001415,37945.429248,81.21212121212122,True,48,5,48:5
20260923T001415,37361.387008,81.21212121212122,True,49,6,49:6
20260923T001415,37676.521984,81.21212121212122,True,52,8,52:8
20260923T001415,38118.690048,81.21212121212122,True,53,8,53:8
20260923T001415,40034.35648,81.21212121212122,True,57,4,57:4
20260923T001415,37489.09184,81.21212121212122,True,62,5,62:5
20260923T001416,38493.407232,81.21212121212122,True,22,6,22:6
20260923T001416,40282.549504,81.21212121212122,True,25,7,25:7
20260923T001416,40173.359616,81.21212121212122,True,26,5,26:5
20260923T001416,39942.618112,81.21212121212122,True,31,5,31:5
20260923T001416,38102.101504,81.21212121212122,True,40,7,40:7
20260923T001416,38755.315712,81.21212121212122,True,43,6,43:6
20260923T001416,38933.157632,81.21212121212122,True,44,7,44:7
20260923T001416,38224.616448,81.21212121212122,True,45,8,45:8
20260923T001416,39315.129344,81.21212121212122,True,63,6,63:6
20260923T001417,39111.111168,81.21212121212122,True,7,6,7:6
20260923T001417,39113.689344,81.21212121212122,True,13,8,13:8
20260923T001417,41808.57088,81.21212121212122,True,32,6,32:6
20260923T001417,39058.828032,81.21212121212122,True,32,8,32:8
20260923T001417,40377.36064,81.21212121212122,True,33,5,33:5
20260923T001417,40770.300416,81.21212121212122,True,38,5,38:5
20260923T001417,41063.841792,81.21212121212122,True,42,5,42:5
20260923T001417,41569.28128,81.21212121212122,True,45,6,45:6
20260923T001418,40606.537216,81.21212121212122,True,0,6,0:6
20260923T001418,41903.76832,81.21212121212122,True,2,6,2:6
20260923T001418,40277.760768,81.21212121212122,True,3,7,3:7
20260923T001418,41133.440256,81.21212121212122,True,9,5,9:5
20260923T001418,40365.239296,81.21212121212122,True,17,6,17:6
20260923T001418,42769.9776,81.21212121212122,True,18,5,18:5
20260923T001418,40239.510016,81.21212121212122,True,19,5,19:5
20260923T001418,41778.8928,81.21212121212122,True,28,6,28:6
20260923T001418,42181.716736,81.21212121212122,True,34,5,34:5
20260923T001418,41049.412608,81.21212121212122,True,36,6,36:6
20260923T001418,40259.541504,81.21212121212122,True,44,8,44:8
20260923T001418,40038.389504,81.21212121212122,True,61,7,61:7
20260923T001419,41748.840448,81.21212121212122,True,1,7,1:7
20260923T001419,43319.69024,81.21212121212122,True,12,5,12:5
20260923T001419,39862.6368,81.21212121212122,True,19,6,19:6
20260923T001419,39881.604352,81.21212121212122,True,28,8,28:8
20260923T001419,41375.749632,81.21212121212122,True,37,7,37:7
20260923T001419,41309.152,81.21212121212122,True,51,7,51:7
20260923T001419,41094.153472,81.21212121212122,True,60,6,60:6
20260923T001420,43442.079488,81.21212121212122,True,21,5,21:5
20260923T001420,42094.463744,81.21212121212122,True,24,8,24:8
20260923T001420,42867.930368,81.21212121212122,True,30,6,30:6
20260923T001420,42214.434816,81.21212121212122,True,39,7,39:7
20260923T001420,40965.203456,81.21212121212122,True,39,8,39:8
20260923T001420,40990.406912,81.21212121212122,True,41,7,41:7
20260923T001420,41985.196544,81.21212121212122,True,56,8,56:8
20260923T001420,41991.0464,81.21212121212122,True,59,8,59:8
20260923T001421,42745.450496,81.21212121212122,True,14,7,14:7
20260923T001421,43147.14752,81.21212121212122,True,33,6,33:6
20260923T001421,44199.689984,81.21212121212122,True,39,6,39:6
20260923T001421,42872.871168,81.21212121212122,True,47,6,47:6
20260923T001421,41683.265792,81.21212121212122,True,48,6,48:6
20260923T001421,42582.054912,81.21212121212122,True,50,7,50:7
20260923T001421,44377.345536,81.21212121212122,True,51,6,51:6
20260923T001422,43545.184768,81.21212121212122,True,6,8,6:8
20260923T001422,42895.452416,81.21212121212122,True,8,8,8:8
20260923T001422,44974.732288,81.21212121212122,True,15,9,15:9
20260923T001422,43472.46464,81.21212121212122,True,25,9,25:9
20260923T001422,43845.167104,81.21212121212122,True,29,8,29:8
20260923T001422,41814.02112,81.21212121212122,True,35,7,35:7
20260923T001422,42853.79456,81.21212121212122,True,42,7,42:7
20260923T001422,43175.529472,81.21212121212122,True,52,9,52:9
20260923T001422,43455.456,81.21212121212122,True,54,7,54:7
20260923T001423,45981.179648,81.21212121212122,True,8,7,8:7
20260923T001423,43996.629248,81.21212121212122,True,11,7,11:7
20260923T001423,43698.49472,81.21212121212122,True,20,8,20:8
20260923T001423,43635.150336,81.21212121212122,True,24,9,24:9
20260923T001423,42936.932096,81.21212121212122,True,29,9,29:9
20260923T001423,43205.413632,81.21212121212122,True,30,8,30:8
20260923T001423,43945.091584,81.21212121212122,True,56,9,56:9
20260923T001424,45238.937856,81.21212121212122,True,5,6,5:6
20260923T001424,46934.635008,81.21212121212122,True,6,7,6:7
20260923T001424,46165.060608,81.21212121212122,True,12,6,12:6
20260923T001424,43889.191424,81.21212121212122,True,26,7,26:7
20260923T001424,45477.810432,81.21212121212122,True,27,7,27:7
20260923T001424,46980.585728,81.21212121212122,True,32,7,32:7
20260923T001424,47086.304256,81.21212121212122,True,41,6,41:6
20260923T001424,46447.821568,81.21212121212122,True,42,6,42:6
20260923T001424,45197.964032,81.21212121212122,True,53,9,53:9
20260923T001425,44471.555584,81.21212121212122,True,3,9,3:9
20260923T001425,46710.46016,81.21212121212122,True,4,8,4:8
20260923T001425,45675.546624,81.21212121212122,True,4,9,4:9
20260923T001425,45011.294208,81.21212121212122,True,15,11,15:11
20260923T001425,47359.405568,81.21212121212122,True,20,7,20:7
20260923T001425,47141.413376,81.21212121212122,True,26,6,26:6
20260923T001425,45599.397376,81.21212121212122,True,33,7,33:7
20260923T001425,44760.12416,81.21212121212122,True,34,7,34:7
20260923T001425,46926.215424,81.21212121212122,True,35,6,35:6
20260923T001425,46105.08416,81.21212121212122,True,37,8,37:8
20260923T001425,45414.499328,81.21212121212122,True,37,9,37:9
20260923T001426,46182.28864,81.21212121212122,True,6,9,6:9
20260923T001426,45855.428864,81.21212121212122,True,8,9,8:9
20260923T001426,47265.131008,81.21212121212122,True,18,7,18:7
20260923T001426,48696.057088,81.21212121212122,True,23,6,23:6
20260923T001426,46494.059264,81.21212121212122,True,27,8,27:8
20260923T001426,48251.391744,81.21212121212122,True,31,6,31:6
20260923T001426,47872.88192,81.21212121212122,True,38,6,38:6
20260923T001426,45960.95872,81.21212121212122,True,51,8,51:8
20260923T001427,48248.8256,81.21212121212122,True,10,8,10:8
20260923T001427,47852.14208,81.21212121212122,True,16,7,16:7
20260923T001427,48049.916672,81.21212121212122,True,36,7,36:7
20260923T001427,46347.778304,81.21212121212122,True,47,7,47:7
20260923T001427,46388.041472,81.21212121212122,True,49,8,49:8
20260923T001427,48510.395904,81.21212121212122,True,58,6,58:6
20260923T001427,47849.232128,81.21212121212122,True,59,9,59:9
20260923T001428,48390.663936,81.21212121212122,True,2,8,2:8
20260923T001428,47935.299328,81.21212121212122,True,7,7,7:7
20260923T001428,48037.979392,81.21212121212122,True,10,9,10:9
20260923T001428,46417.3888,81.21212121212122,True,26,8,26:8
20260923T001428,49936.29056,81.21212121212122,True,55,6,55:6
20260923T001428,48854.752256,81.21212121212122,True,62,6,62:6
20260923T001429,49167.367424,81.21212121212122,True,1,8,1:8
20260923T001429,47992.04224,81.21212121212122,True,1,9,1:9
20260923T001429,50345.830144,81.21212121212122,True,9,6,9:6
20260923T001429,50667.145216,81.21212121212122,True,30,7,30:7
20260923T001429,49849.869312,81.21212121212122,True,31,7,31:7
20260923T001429,47730.699264,81.21212121212122,True,33,8,33:8
20260923T001429,50606.769664,81.21212121212122,True,34,6,34:6
20260923T001429,48896.050688,81.21212121212122,True,38,7,38:7
20260923T001429,49660.234752,81.21212121212122,True,57,6,57:6
20260923T001429,50163.551232,81.21212121212122,True,63,7,63:7
20260923T001430,50426.25024,81.21212121212122,True,3,8,3:8
20260923T001430,49916.326912,81.21212121212122,True,13,9,13:9
20260923T001430,48683.283712,81.21212121212122,True,13,10,13:10
20260923T001430,51719.428352,81.21212121212122,True,15,10,15:10
20260923T001430,50618.67392,81.21212121212122,True,18,8,18:8
20260923T001430,49377.965056,81.21212121212122,True,19,7,19:7
20260923T001430,50075.655424,81.21212121212122,True,22,7,22:7
20260923T001430,49525.441792,81.21212121212122,True,24,10,24:10
20260923T001430,49504.163072,81.21212121212122,True,28,9,28:9
20260923T001430,49187.099648,81.21212121212122,True,32,10,32:10
20260923T001430,48929.048064,81.21212121212122,True,37,10,37:10
20260923T001430,49878.428672,81.21212121212122,True,42,8,42:8
20260923T001430,51842.120704,81.21212121212122,True,46,8,46:8
20260923T001430,51342.505984,81.21212121212122,True,61,8,61:8
20260923T001431,52028.62976,81.21212121212122,True,0,7,0:7
20260923T001431,51531.828224,81.21212121212122,True,12,7,12:7
20260923T001431,49320.574208,81.21212121212122,True,18,9,18:9
20260923T001431,51718.591232,81.21212121212122,True,21,6,21:6
20260923T001431,49905.40288,81.21212121212122,True,23,8,23:8
20260923T001431,49013.476608,81.21212121212122,True,28,10,28:10
20260923T001431,51739.9616,81.21212121212122,True,49,7,49:7
20260923T001431,50412.68992,81.21212121212122,True,52,10,52:10
20260923T001431,50099.885312,81.21212121212122,True,53,10,53:10
20260923T001431,49750.817792,81.21212121212122,True,56,11,56:11
20260923T001431,49585.456896,81.21212121212122,True,58,8,58:8
20260923T001431,50883.212288,81.21212121212122,True,60,7,60:7
20260923T001431,50909.479936,81.21212121212122,True,63,8,63:8
20260923T001432,50139.465216,81.21212121212122,True,6,10,6:10
20260923T001432,51504.74112,81.21212121212122,True,14,8,14:8
20260923T001432,50484.347648,81.21212121212122,True,14,9,14:9
20260923T001432,50193.27872,81.21212121212122,True,20,10,20:10
20260923T001432,50039.58272,81.21212121212122,True,22,8,22:8
20260923T001432,51260.648192,81.21212121212122,True,27,9,27:9
20260923T001432,51989.993984,81.21212121212122,True,32,9,32:9
20260923T001432,52921.298176,81.21212121212122,True,45,9,45:9
20260923T001432,52736.451584,81.21212121212122,True,54,8,54:8
20260923T001432,50719.79008,81.21212121212122,True,57,7,57:7
20260923T001432,52371.584256,81.21212121212122,True,58,7,58:7
20260923T001432,51800.684032,81.21212121212122,True,59,10,59:10
20260923T001433,51854.057984,81.21212121212122,True,5,7,5:7
20260923T001433,52858.304256,81.21212121212122,True,17,7,17:7
20260923T001433,50808.61568,81.21212121212122,True,21,7,21:7
20260923T001433,53053.742592,81.21212121212122,True,23,7,23:7
20260923T001433,51034.541056,81.21212121212122,True,29,10,29:10
20260923T001433,51572.701696,81.21212121212122,True,35,8,35:8
20260923T001433,51146.492672,81.21212121212122,True,36,9,36:9
20260923T001433,53437.447936,81.21212121212122,True,40,8,40:8
20260923T001433,53360.343808,81.21212121212122,True,43,7,43:7
20260923T001433,53551.996672,81.21212121212122,True,44,9,44:9
20260923T001433,51575.580416,81.21212121212122,True,51,9,51:9
20260923T001434,52908.709376,81.21212121212122,True,2,9,2:9
20260923T001434,53678.15168,81.21212121212122,True,9,7,9:7
20260923T001434,53143.796992,81.21212121212122,True,20,9,20:9
20260923T001434,51914.770944,81.21212121212122,True,24,11,24:11
20260923T001434,52714.227456,81.21212121212122,True,45,10,45:10
20260923T001434,53590.170624,81.21212121212122,True,50,8,50:8
20260923T001434,52846.845184,81.21212121212122,True,55,7,55:7
20260923T001434,51782.423296,81.21212121212122,True,59,11,59:11
20260923T001435,52764.88192,81.21212121212122,True,6,11,6:11
20260923T001435,52867.133184,81.21212121212122,True,10,11,10:11
20260923T001435,54244.429568,81.21212121212122,True,16,8,16:8
20260923T001435,54479.308544,81.21212121212122,True,25,10,25:10
20260923T001435,54686.9696,81.21212121212122,True,36,8,36:8
20260923T001435,54745.118976,81.21212121212122,True,40,9,40:9
20260923T001435,55182.008576,81.21212121212122,True,46,9,46:9
20260923T001435,52095.554304,81.21212121212122,True,46,11,46:11
20260923T001435,53790.348544,81.21212121212122,True,48,7,48:7
20260923T001435,53252.81152,81.21212121212122,True,62,7,62:7
20260923T001436,54420.958208,81.21212121212122,True,11,8,11:8
20260923T001436,53317.353728,81.21212121212122,True,19,8,19:8
20260923T001436,53154.132224,81.21212121212122,True,23,9,23:9
20260923T001436,54174.926592,81.21212121212122,True,25,11,25:11
20260923T001436,55435.369216,81.21212121212122,True,39,9,39:9
20260923T001436,54625.225728,81.21212121212122,True,44,10,44:10
20260923T001436,53069.018624,81.21212121212122,True,47,8,47:8
20260923T001436,55620.804352,81.21212121212122,True,56,10,56:10
20260923T001436,55503.679488,81.21212121212122,True,61,9,61:9
20260923T001437,56424.014336,81.21212121212122,True,4,10,4:10
20260923T001437,54159.592448,81.21212121212122,True,8,11,8:11
20260923T001437,55426.011648,81.21212121212122,True,10,10,10:10
20260923T001437,53915.847936,81.21212121212122,True,14,10,14:10
20260923T001437,54123.169536,81.21212121212122,True,16,9,16:9
20260923T001437,53540.82944,81.21212121212122,True,33,9,33:9
20260923T001437,56742.966528,81.21212121212122,True,41,8,41:8
20260923T001437,55498.921216,81.21212121212122,True,43,8,43:8
20260923T001437,54855.109376,81.21212121212122,True,53,11,53:11
20260923T001437,55367.347712,81.21212121212122,True,60,8,60:8
20260923T001438,57176.392192,81.21212121212122,True,0,8,0:8
20260923T001438,56358.142976,81.21212121212122,True,8,10,8:10
20260923T001438,55779.321088,81.21212121212122,True,13,11,13:11
20260923T001438,55710.948096,81.21212121212122,True,27,10,27:10
20260923T001438,56107.0016,81.21212121212122,True,32,11,32:11
20260923T001438,56378.159872,81.21212121212122,True,34,8,34:8
20260923T001438,54798.945024,81.21212121212122,True,42,10,42:10
20260923T001438,56387.9104,81.21212121212122,True,50,9,50:9
20260923T001438,54886.863872,81.21212121212122,True,59,12,59:12
20260923T001438,56160.806656,81.21212121212122,True,63,9,63:9
20260923T001439,57030.78528,81.21212121212122,True,3,10,3:10
20260923T001439,58470.665984,81.21212121212122,True,31,8,31:8
20260923T001439,55505.744896,81.21212121212122,True,37,12,37:12
20260923T001439,57587.647744,81.21212121212122,True,38,8,38:8
20260923T001439,56320.421376,81.21212121212122,True,39,10,39:10
20260923T001439,55069.724672,81.21212121212122,True,54,10,54:10
20260923T001439,56142.4192,81.21212121212122,True,55,8,55:8
20260923T001440,56079.706368,81.21212121212122,True,3,11,3:11
20260923T001440,55681.174528,81.21212121212122,True,5,9,5:9
20260923T001440,58248.63872,81.21212121212122,True,17,8,17:8
20260923T001440,55698.60224,81.21212121212122,True,24,12,24:12
20260923T001440,58257.73696,81.21212121212122,True,30,9,30:9
20260923T001440,56722.117376,81.21212121212122,True,38,9,38:9
20260923T001440,56461.754112,81.21212121212122,True,40,11,40:11
20260923T001440,58290.016512,81.21212121212122,True,45,11,45:11
20260923T001440,56938.968576,81.21212121212122,True,45,12,45:12
20260923T001440,58924.512768,81.21212121212122,True,46,10,46:10
20260923T001441,57509.704192,81.21212121212122,True,1,10,1:10
20260923T001441,59358.29632,81.21212121212122,True,4,11,4:11
20260923T001441,56981.804032,81.21212121212122,True,22,9,22:9
20260923T001441,57562.212352,81.21212121212122,True,28,11,28:11
20260923T001441,58312.227584,81.21212121212122,True,31,9,31:9
20260923T001441,56915.37536,81.21212121212122,True,44,12,44:12
20260923T001441,58962.620416,81.21212121212122,True,54,9,54:9
20260923T001442,59419.318016,81.21212121212122,True,12,8,12:8
20260923T001442,58356.75136,81.21212121212122,True,21,8,21:8
20260923T001442,58462.079744,81.21212121212122,True,29,11,29:11
20260923T001442,59768.532992,81.21212121212122,True,37,11,37:11
20260923T001442,58155.118336,81.21212121212122,True,50,10,50:10
20260923T001442,59630.15168,81.21212121212122,True,51,10,51:10
20260923T001442,59413.917696,81.21212121212122,True,52,11,52:11
20260923T001442,60307.625216,81.21212121212122,True,61,10,61:10
20260923T001443,59652.820992,81.21212121212122,True,2,10,2:10
20260923T001443,60342.451712,81.21212121212122,True,5,8,5:8
20260923T001443,59102.96576,81.21212121212122,True,8,12,8:12
20260923T001443,59081.485568,81.21212121212122,True,10,12,10:12
20260923T001443,58568.45184,81.21212121212122,True,39,11,39:11
20260923T001443,60794.565632,81.21212121212122,True,42,9,42:9
20260923T001443,59722.445824,81.21212121212122,True,57,8,57:8
20260923T001444,60326.017536,81.21212121212122,True,4,12,4:12
20260923T001444,60632.356352,81.21212121212122,True,9,8,9:8
20260923T001444,61930.371328,81.21212121212122,True,15,12,15:12
20260923T001444,58913.017856,81.21212121212122,True,18,11,18:11
20260923T001444,59678.004736,81.21212121212122,True,25,13,25:13
20260923T001444,61159.742464,81.21212121212122,True,26,9,26:9
20260923T001444,58981.652992,81.21212121212122,True,29,12,29:12
20260923T001444,58432.919296,81.21212121212122,True,35,10,35:10
20260923T001444,59992.044288,81.21212121212122,True,41,10,41:10
20260923T001444,61460.947968,81.21212121212122,True,49,9,49:9
20260923T001445,60735.771136,81.21212121212122,True,13,12,13:12
20260923T001445,61384.593408,81.21212121212122,True,17,9,17:9
20260923T001445,61486.335488,81.21212121212122,True,30,10,30:10
20260923T001445,60148.791808,81.21212121212122,True,32,13,32:13
20260923T001445,60868.188672,81.21212121212122,True,36,10,36:10
20260923T001445,60151.895552,81.21212121212122,True,37,13,37:13
20260923T001445,62183.772928,81.21212121212122,True,40,10,40:10
20260923T001445,62698.897152,81.21212121212122,True,41,9,41:9
20260923T001445,60221.070848,81.21212121212122,True,49,10,49:10
20260923T001445,61782.602752,81.21212121212122,True,53,12,53:12
20260923T001445,61300.377856,81.21212121212122,True,58,9,58:9
20260923T001445,60678.2016,81.21212121212122,True,60,9,60:9
20260923T001445,60686.45376,81.21212121212122,True,63,10,63:10
20260923T001446,62884.677888,81.21212121212122,True,0,9,0:9
20260923T001446,60863.077888,81.21212121212122,True,9,9,9:9
20260923T001446,61436.343808,81.21212121212122,True,15,14,15:14
20260923T001446,61438.404864,81.21212121212122,True,17,10,17:10
20260923T001446,60262.270976,81.21212121212122,True,20,12,20:12
20260923T001446,62208.735232,81.21212121212122,True,35,9,35:9
20260923T001446,62898.567936,81.21212121212122,True,44,11,44:11
20260923T001446,61289.329408,81.21212121212122,True,58,10,58:10
20260923T001446,61202.875904,81.21212121212122,True,59,13,59:13
20260923T001446,59913.243648,81.21212121212122,True,60,10,60:10
20260923T001447,64545.029888,81.21212121212122,True,7,8,7:8
20260923T001447,64084.749568,81.21212121212122,True,15,13,15:13
20260923T001447,61148.91136,81.21212121212122,True,16,11,16:11
20260923T001447,63179.134464,81.21212121212122,True,34,9,34:9
20260923T001447,63683.2256,81.21212121212122,True,48,8,48:8
20260923T001447,63213.735168,81.21212121212122,True,52,12,52:12
20260923T001447,61725.515008,81.21212121212122,True,52,13,52:13
20260923T001447,62181.80864,81.21212121212122,True,53,13,53:13
20260923T001448,62482.464256,81.21212121212122,True,6,13,6:13
20260923T001448,63980.917248,81.21212121212122,True,11,9,11:9
20260923T001448,64092.338944,81.21212121212122,True,18,10,18:10
20260923T001448,64244.87424,81.21212121212122,True,20,11,20:11
20260923T001448,62258.208256,81.21212121212122,True,21,9,21:9
20260923T001448,64488.640256,81.21212121212122,True,25,12,25:12
20260923T001448,61819.473664,81.21212121212122,True,25,14,25:14
20260923T001448,64157.288704,81.21212121212122,True,32,12,32:12
20260923T001448,63058.287872,81.21212121212122,True,36,11,36:11
20260923T001448,61467.421696,81.21212121212122,True,48,10,48:10
20260923T001448,65382.755072,81.21212121212122,True,56,12,56:12
20260923T001448,62729.880576,81.21212121212122,True,56,13,56:13
20260923T001449,64845.078528,81.21212121212122,True,0,10,0:10
20260923T001449,65650.763776,81.21212121212122,True,12,9,12:9
20260923T001449,62159.10656,81.21212121212122,True,39,12,39:12
20260923T001449,63804.215296,81.21212121212122,True,50,11,50:11
20260923T001449,64150.743296,81.21212121212122,True,57,9,57:9
20260923T001449,65425.734656,81.21212121212122,True,61,11,61:11
20260923T001450,64159.52256,81.21212121212122,True,2,12,2:12
20260923T001450,66421.457152,81.21212121212122,True,27,11,27:11
20260923T001450,66247.452672,81.21212121212122,True,31,10,31:10
20260923T001450,66272.116224,81.21212121212122,True,43,9,43:9
20260923T001450,65245.8944,81.21212121212122,True,45,13,45:13
20260923T001450,65583.810304,81.21212121212122,True,46,12,46:12
20260923T001450,64165.02272,81.21212121212122,True,54,11,54:11
20260923T001450,65066.047488,81.21212121212122,True,55,9,55:9
20260923T001450,64130.037504,81.21212121212122,True,57,10,57:10
20260923T001451,67385.955072,81.21212121212122,True,6,12,6:12
20260923T001451,65739.115776,81.21212121212122,True,12,10,12:10
20260923T001451,64945.120256,81.21212121212122,True,40,12,40:12
20260923T001451,65895.248128,81.21212121212122,True,47,9,47:9
20260923T001451,67239.59296,81.21212121212122,True,51,11,51:11
20260923T001451,67413.167104,81.21212121212122,True,62,8,62:8
20260923T001451,65361.148928,81.21212121212122,True,63,11,63:11
20260923T001452,66374.295808,81.21212121212122,True,3,12,3:12
20260923T001452,67004.172544,81.21212121212122,True,4,13,4:13
20260923T001452,65851.986944,81.21212121212122,True,4,14,4:14
20260923T001452,65177.461504,81.21212121212122,True,14,12,14:12
20260923T001452,67892.998656,81.21212121212122,True,16,10,16:10
20260923T001452,66750.693888,81.21212121212122,True,28,12,28:12
20260923T001452,66923.330304,81.21212121212122,True,33,10,33:10
20260923T001452,65893.083136,81.21212121212122,True,35,11,35:11
20260923T001452,66113.030656,81.21212121212122,True,43,10,43:10
20260923T001452,66339.708928,81.21212121212122,True,45,14,45:14
20260923T001452,67184.901632,81.21212121212122,True,48,9,48:9
20260923T001452,64935.905024,81.21212121212122,True,56,15,56:15
20260923T001453,66289.918976,81.21212121212122,True,0,12,0:12
20260923T001453,67694.088448,81.21212121212122,True,1,11,1:11
20260923T001453,67323.92064,81.21212121212122,True,11,10,11:10
20260923T001453,65697.887232,81.21212121212122,True,13,14,13:14
20260923T001453,67997.48608,81.21212121212122,True,26,10,26:10
20260923T001453,68207.944448,81.21212121212122,True,30,11,30:11
20260923T001453,66855.126784,81.21212121212122,True,42,12,42:12
20260923T001453,68002.85824,81.21212121212122,True,44,13,44:13
20260923T001453,66596.123904,81.21212121212122,True,44,14,44:14
20260923T001453,66068.347392,81.21212121212122,True,52,14,52:14
20260923T001453,66934.555648,81.21212121212122,True,56,14,56:14
20260923T001453,67733.835008,81.21212121212122,True,61,12,61:12
20260923T001454,69643.503104,81.21212121212122,True,2,11,2:11
20260923T001454,68738.95168,81.21212121212122,True,10,13,10:13
20260923T001454,69033.896192,81.21212121212122,True,14,11,14:11
20260923T001454,68426.646784,81.21212121212122,True,17,11,17:11
20260923T001454,69414.710528,81.21212121212122,True,19,9,19:9
20260923T001454,69031.577856,81.21212121212122,True,23,10,23:10
20260923T001454,69384.929792,81.21212121212122,True,38,10,38:10
20260923T001454,66604.334592,81.21212121212122,True,40,13,40:13
20260923T001455,68990.746112,81.21212121212122,True,13,13,13:13
20260923T001455,68156.669696,81.21212121212122,True,19,10,19:10
20260923T001455,67761.982464,81.21212121212122,True,27,13,27:13
20260923T001455,68965.090048,81.21212121212122,True,41,11,41:11
20260923T001455,70107.863808,81.21212121212122,True,42,11,42:11
20260923T001455,69833.256704,81.21212121212122,True,46,13,46:13
20260923T001455,68225.487104,81.21212121212122,True,46,14,46:14
20260923T001455,67120.361472,81.21212121212122,True,59,15,59:15
20260923T001455,67916.871168,81.21212121212122,True,60,11,60:11
20260923T001456,69670.990336,81.21212121212122,True,22,10,22:10
20260923T001456,69530.083328,81.21212121212122,True,26,11,26:11
20260923T001456,69643.530496,81.21212121212122,True,28,13,28:13
20260923T001456,70830.984192,81.21212121212122,True,32,14,32:14
20260923T001456,68479.468544,81.21212121212122,True,36,13,36:13
20260923T001456,69648.659712,81.21212121212122,True,55,10,55:10
20260923T001456,68971.2576,81.21212121212122,True,58,11,58:11
20260923T001456,71215.540736,81.21212121212122,True,62,9,62:9
20260923T001457,71318.980864,81.21212121212122,True,7,9,7:9
20260923T001457,69401.883648,81.21212121212122,True,7,10,7:10
20260923T001457,68664.821504,81.21212121212122,True,8,14,8:14
20260923T001457,71058.618624,81.21212121212122,True,15,15,15:15
20260923T001457,70924.748288,81.21212121212122,True,24,13,24:13
20260923T001457,69488.049152,81.21212121212122,True,25,15,25:15
20260923T001457,71421.266176,81.21212121212122,True,27,12,27:12
20260923T001457,69408.032768,81.21212121212122,True,30,13,30:13
20260923T001457,71070.536448,81.21212121212122,True,31,11,31:11
20260923T001457,70599.010816,81.21212121212122,True,37,14,37:14
20260923T001457,69544.800256,81.21212121212122,True,39,13,39:13
20260923T001457,71184.94848,81.21212121212122,True,51,12,51:12
20260923T001458,72348.578304,81.21212121212122,True,0,11,0:11
20260923T001458,70004.839168,81.21212121212122,True,2,13,2:13
20260923T001458,71608.572416,81.21212121212122,True,5,10,5:10
20260923T001458,72157.51808,81.21212121212122,True,8,13,8:13
20260923T001458,70078.7136,81.21212121212122,True,22,11,22:11
20260923T001458,69892.133632,81.21212121212122,True,23,12,23:12
20260923T001458,71408.030976,81.21212121212122,True,45,15,45:15
20260923T001458,70631.118336,81.21212121212122,True,47,10,47:10
20260923T001458,69781.149184,81.21212121212122,True,58,12,58:12
20260923T001458,71237.107456,81.21212121212122,True,59,14,59:14
20260923T001459,71848.772352,81.21212121212122,True,1,12,1:12
20260923T001459,72737.793792,81.21212121212122,True,18,12,18:12
20260923T001459,72394.903808,81.21212121212122,True,23,11,23:11
20260923T001459,72686.578944,81.21212121212122,True,34,10,34:10
20260923T001459,72630.580736,81.21212121212122,True,36,12,36:12
20260923T001459,72675.232256,81.21212121212122,True,38,11,38:11
20260923T001459,71274.336,81.21212121212122,True,43,11,43:11
20260923T001459,71616.569088,81.21212121212122,True,53,14,53:14
20260923T001500,72497.892864,81.21212121212122,True,3,13,3:13
20260923T001500,71618.866688,81.21212121212122,True,18,13,18:13
20260923T001500,73088.59264,81.21212121212122,True,29,13,29:13
20260923T001500,71584.772352,81.21212121212122,True,29,14,29:14
20260923T001500,73326.336768,81.21212121212122,True,30,12,30:12
20260923T001500,72549.951232,81.21212121212122,True,33,11,33:11
20260923T001500,73224.819456,81.21212121212122,True,41,12,41:12
20260923T001500,71616.43264,81.21212121212122,True,42,13,42:13
20260923T001500,72426.633728,81.21212121212122,True,50,12,50:12
20260923T001500,73284.444928,81.21212121212122,True,61,13,61:13
20260923T001500,72175.941888,81.21212121212122,True,63,12,63:12
20260923T001501,71857.641984,81.21212121212122,True,3,14,3:14
20260923T001501,73699.813632,81.21212121212122,True,6,14,6:14
20260923T001501,73652.0384,81.21212121212122,True,10,14,10:14
20260923T001501,73286.452736,81.21212121212122,True,17,12,17:12
20260923T001501,72559.807488,81.21212121212122,True,17,13,17:13
20260923T001501,72059.209984,81.21212121212122,True,21,11,21:11
20260923T001501,73360.795392,81.21212121212122,True,51,13,51:13
20260923T001501,71454.033664,81.21212121212122,True,52,15,52:15
20260923T001501,72263.294976,81.21212121212122,True,56,16,56:16
20260923T001502,75033.571328,81.21212121212122,True,4,15,4:15
20260923T001502,72440.356352,81.21212121212122,True,19,11,19:11
20260923T001502,75302.565888,81.21212121212122,True,24,14,24:14
20260923T001502,75336.179456,81.21212121212122,True,32,15,32:15
20260923T001502,73618.888448,81.21212121212122,True,32,16,32:16
20260923T001502,75461.466112,81.21212121212122,True,49,11,49:11
20260923T001502,72934.71872,81.21212121212122,True,51,14,51:14
20260923T001503,73285.14432,81.21212121212122,True,0,14,0:14
20260923T001503,75857.239808,81.21212121212122,True,11,11,11:11
20260923T001503,74221.694208,81.21212121212122,True,34,11,34:11
20260923T001503,73462.283008,81.21212121212122,True,43,12,43:12
20260923T001503,75137.11104,81.21212121212122,True,49,12,49:12
20260923T001503,75178.660096,81.21212121212122,True,54,12,54:12
20260923T001504,74114.520832,81.21212121212122,True,4,17,4:17
20260923T001504,74810.80832,81.21212121212122,True,8,15,8:15
20260923T001504,74973.38368,81.21212121212122,True,14,13,14:13
20260923T001504,77475.675648,81.21212121212122,True,20,13,20:13
20260923T001504,76043.886592,81.21212121212122,True,24,15,24:15
20260923T001504,75650.274048,81.21212121212122,True,28,14,28:14
20260923T001504,76408.386048,81.21212121212122,True,31,12,31:12
20260923T001504,75511.547904,81.21212121212122,True,38,12,38:12
20260923T001504,75623.12576,81.21212121212122,True,40,14,40:14
20260923T001504,76082.438656,81.21212121212122,True,48,11,48:11
20260923T001504,74461.105408,81.21212121212122,True,61,15,61:15
20260923T001504,76248.581888,81.21212121212122,True,62,10,62:10
20260923T001504,74712.104448,81.21212121212122,True,63,13,63:13
20260923T001505,76879.229696,81.21212121212122,True,10,15,10:15
20260923T001505,77400.84096,81.21212121212122,True,12,11,12:11
20260923T001505,74920.345088,81.21212121212122,True,16,13,16:13
20260923T001505,77410.893568,81.21212121212122,True,21,10,21:10
20260923T001505,75370.893312,81.21212121212122,True,23,13,23:13
20260923T001505,76158.647808,81.21212121212122,True,27,14,27:14
20260923T001505,77708.3904,81.21212121212122,True,35,12,35:12
20260923T001505,76813.35296,81.21212121212122,True,37,15,37:15
20260923T001505,75227.313664,81.21212121212122,True,39,14,39:14
20260923T001505,74949.684224,81.21212121212122,True,48,12,48:12
20260923T001505,75817.468672,81.21212121212122,True,59,16,59:16
20260923T001506,78293.45152,81.21212121212122,True,0,13,0:13
20260923T001506,75815.782912,81.21212121212122,True,6,16,6:16
20260923T001506,78119.644672,81.21212121212122,True,9,10,9:10
20260923T001506,76450.776832,81.21212121212122,True,12,12,12:12
20260923T001506,75175.15392,81.21212121212122,True,14,14,14:14
20260923T001506,75579.646464,81.21212121212122,True,20,15,20:15
20260923T001506,78278.774016,81.21212121212122,True,44,15,44:15
20260923T001506,77686.957568,81.21212121212122,True,46,15,46:15
20260923T001506,77627.025152,81.21212121212122,True,57,11,57:11
20260923T001506,77788.494848,81.21212121212122,True,61,14,61:14
20260923T001507,76508.654336,81.21212121212122,True,10,17,10:17
20260923T001507,79117.956608,81.21212121212122,True,13,15,13:15
20260923T001507,79406.528,81.21212121212122,True,15,16,15:16
20260923T001507,77722.08896,81.21212121212122,True,15,17,15:17
20260923T001507,79351.004928,81.21212121212122,True,16,12,16:12
20260923T001507,76253.527552,81.21212121212122,True,36,15,36:15
20260923T001507,77011.47264,81.21212121212122,True,45,17,45:17
20260923T001507,77858.01472,81.21212121212122,True,50,13,50:13
20260923T001507,78606.92992,81.21212121212122,True,55,11,55:11
20260923T001507,76625.444352,81.21212121212122,True,57,12,57:12
20260923T001508,79281.920256,81.21212121212122,True,1,13,1:13
20260923T001508,77667.547904,81.21212121212122,True,28,16,28:16
20260923T001508,77787.45088,81.21212121212122,True,29,15,29:15
20260923T001508,77866.30144,81.21212121212122,True,33,13,33:13
20260923T001508,77890.698752,81.21212121212122,True,55,12,55:12
20260923T001508,78791.623424,81.21212121212122,True,58,13,58:13
20260923T001508,78725.97888,81.21212121212122,True,60,12,60:12
20260923T001509,78142.63936,81.21212121212122,True,1,14,1:14
20260923T001509,79747.805184,81.21212121212122,True,2,14,2:14
20260923T001509,80057.6704,81.21212121212122,True,6,15,6:15
20260923T001509,78371.99872,81.21212121212122,True,9,12,9:12
20260923T001509,79015.996928,81.21212121212122,True,18,14,18:14
20260923T001509,77520.605952,81.21212121212122,True,19,12,19:12
20260923T001509,80775.753216,81.21212121212122,True,20,14,20:14
20260923T001509,79619.336704,81.21212121212122,True,24,16,24:16
20260923T001509,80297.286144,81.21212121212122,True,25,16,25:16
20260923T001509,79695.931392,81.21212121212122,True,36,14,36:14
20260923T001509,79892.98304,81.21212121212122,True,37,16,37:16
20260923T001509,78489.772288,81.21212121212122,True,40,15,40:15
20260923T001509,78404.049152,81.21212121212122,True,46,17,46:17
20260923T001509,78782.876672,81.21212121212122,True,62,11,62:11
20260923T001510,79886.985216,81.21212121212122,True,7,11,7:11
20260923T001510,81739.10144,81.21212121212122,True,33,12,33:12
20260923T001510,78789.162496,81.21212121212122,True,39,15,39:15
20260923T001510,79993.428224,81.21212121212122,True,49,13,49:13
20260923T001510,79760.150528,81.21212121212122,True,51,15,51:15
20260923T001511,80197.614336,81.21212121212122,True,5,12,5:12
20260923T001511,81458.548736,81.21212121212122,True,10,16,10:16
20260923T001511,80086.694912,81.21212121212122,True,15,18,15:18
20260923T001511,82308.119808,81.21212121212122,True,26,12,26:12
20260923T001511,82029.032192,81.21212121212122,True,30,14,30:14
20260923T001511,81405.54752,81.21212121212122,True,35,13,35:13
20260923T001511,79590.983936,81.21212121212122,True,37,17,37:17
20260923T001511,79854.48704,81.21212121212122,True,44,17,44:17
20260923T001511,81212.783616,81.21212121212122,True,47,11,47:11
20260923T001511,81573.262592,81.21212121212122,True,53,16,53:16
20260923T001511,79597.751296,81.21212121212122,True,53,17,53:17
20260923T001511,81667.925248,81.21212121212122,True,54,13,54:13
20260923T001511,79995.81056,81.21212121212122,True,63,14,63:14
20260923T001512,83493.940992,81.21212121212122,True,4,16,4:16
20260923T001512,83104.4992,81.21212121212122,True,5,11,5:11
20260923T001512,82980.439808,81.21212121212122,True,9,11,9:11
20260923T001512,80650.871552,81.21212121212122,True,18,15,18:15
20260923T001512,80609.819392,81.21212121212122,True,25,18,25:18
20260923T001512,81461.888768,81.21212121212122,True,27,15,27:15
20260923T001512,83456.983296,81.21212121212122,True,28,15,28:15
20260923T001512,80069.437184,81.21212121212122,True,28,17,28:17
20260923T001512,80337.842432,81.21212121212122,True,31,14,31:14
20260923T001512,82954.7072,81.21212121212122,True,41,13,41:13
20260923T001512,82082.003712,81.21212121212122,True,44,16,44:16
20260923T001512,83271.839488,81.21212121212122,True,45,16,45:16
20260923T001512,82108.312064,81.21212121212122,True,46,16,46:16
20260923T001512,83518.89152,81.21212121212122,True,53,15,53:15
20260923T001513,81320.741888,81.21212121212122,True,20,16,20:16
20260923T001513,81455.827968,81.21212121212122,True,21,12,21:12
20260923T001513,82421.277184,81.21212121212122,True,25,17,25:17
20260923T001513,81220.671488,81.21212121212122,True,37,18,37:18
20260923T001513,82074.454272,81.21212121212122,True,41,14,41:14
20260923T001513,81810.595072,81.21212121212122,True,42,15,42:15
20260923T001513,81389.258496,81.21212121212122,True,55,13,55:13
20260923T001513,82974.345984,81.21212121212122,True,56,17,56:17
20260923T001513,81761.35808,81.21212121212122,True,62,12,62:12
20260923T001514,82405.067008,81.21212121212122,True,1,15,1:15
20260923T001514,83548.6464,81.21212121212122,True,2,15,2:15
20260923T001514,82303.430656,81.21212121212122,True,16,14,16:14
20260923T001514,83184.426752,81.21212121212122,True,24,17,24:17
20260923T001514,84199.101952,81.21212121212122,True,31,13,31:13
20260923T001514,84448.995584,81.21212121212122,True,32,17,32:17
20260923T001514,82278.864384,81.21212121212122,True,34,12,34:12
20260923T001514,82576.577536,81.21212121212122,True,35,14,35:14
20260923T001515,82888.558848,81.21212121212122,True,10,18,10:18
20260923T001515,85430.188288,81.21212121212122,True,11,12,11:12
20260923T001515,85377.468928,81.21212121212122,True,13,16,13:16
20260923T001515,84098.002944,81.21212121212122,True,13,17,13:17
20260923T001515,82923.494656,81.21212121212122,True,15,19,15:19
20260923T001515,83611.060736,81.21212121212122,True,17,14,17:14
20260923T001515,84192.470272,81.21212121212122,True,26,13,26:13
20260923T001515,85035.557632,81.21212121212122,True,42,14,42:14
20260923T001515,83081.655552,81.21212121212122,True,60,13,60:13
20260923T001516,83142.187264,81.21212121212122,True,0,16,0:16
20260923T001516,83737.943296,81.21212121212122,True,12,13,12:13
20260923T001516,85563.779584,81.21212121212122,True,22,12,22:12
20260923T001516,83870.479872,81.21212121212122,True,22,13,22:13
20260923T001516,83263.699712,81.21212121212122,True,25,19,25:19
20260923T001516,85774.274304,81.21212121212122,True,59,17,59:17
20260923T001517,86570.873344,81.21212121212122,True,3,15,3:15
20260923T001517,84333.520128,81.21212121212122,True,6,18,6:18
20260923T001517,86513.733376,81.21212121212122,True,8,16,8:16
20260923T001517,85089.536,81.21212121212122,True,24,18,24:18
20260923T001517,86278.0544,81.21212121212122,True,30,15,30:15
20260923T001517,84438.424064,81.21212121212122,True,33,14,33:14
20260923T001517,84752.00512,81.21212121212122,True,45,19,45:19
20260923T001517,84281.7472,81.21212121212122,True,51,16,51:16
20260923T001517,85829.428992,81.21212121212122,True,61,16,61:16
20260923T001518,86948.951296,81.21212121212122,True,0,15,0:15
20260923T001518,85381.422336,81.21212121212122,True,7,12,7:12
20260923T001518,84984.35712,81.21212121212122,True,13,18,13:18
20260923T001518,84526.755328,81.21212121212122,True,18,16,18:16
20260923T001518,85182.074624,81.21212121212122,True,34,13,34:13
20260923T001518,85394.439168,81.21212121212122,True,35,15,35:15
20260923T001518,87148.114176,81.21212121212122,True,38,13,38:13
20260923T001518,86688.441856,81.21212121212122,True,47,12,47:12
20260923T001518,87607.426048,81.21212121212122,True,52,16,52:16
20260923T001518,86806.82752,81.21212121212122,True,58,14,58:14
20260923T001518,85855.611904,81.21212121212122,True,63,15,63:15
20260923T001519,87842.032128,81.21212121212122,True,6,17,6:17
20260923T001519,87190.861312,81.21212121212122,True,11,13,11:13
20260923T001519,86027.852032,81.21212121212122,True,20,17,20:17
20260923T001519,85344.205056,81.21212121212122,True,23,15,23:15
20260923T001519,88335.967744,81.21212121212122,True,32,18,32:18
20260923T001519,86751.777792,81.21212121212122,True,36,16,36:16
20260923T001519,85953.760256,81.21212121212122,True,44,18,44:18
20260923T001519,86364.278016,81.21212121212122,True,47,13,47:13
20260923T001519,87183.944448,81.21212121212122,True,54,14,54:14
20260923T001519,86247.458304,81.21212121212122,True,57,13,57:13
20260923T001520,87844.888064,81.21212121212122,True,2,16,2:16
20260923T001520,87890.108672,81.21212121212122,True,8,17,8:17
20260923T001520,86951.234048,81.21212121212122,True,9,13,9:13
20260923T001520,87600.581632,81.21212121212122,True,14,15,14:15
20260923T001520,86082.69696,81.21212121212122,True,15,20,15:20
20260923T001520,87056.417792,81.21212121212122,True,37,19,37:19
20260923T001520,87952.376064,81.21212121212122,True,38,14,38:14
20260923T001520,88420.155904,81.21212121212122,True,45,18,45:18
20260923T001520,88767.212032,81.21212121212122,True,50,14,50:14
20260923T001520,88843.559424,81.21212121212122,True,56,18,56:18
20260923T001521,89791.720192,81.21212121212122,True,4,18,4:18
20260923T001521,88785.724928,81.21212121212122,True,23,14,23:14
20260923T001521,89660.083712,81.21212121212122,True,29,16,29:16
20260923T001521,88480.213248,81.21212121212122,True,39,16,39:16
20260923T001521,87819.612672,81.21212121212122,True,41,15,41:15
20260923T001521,88118.417152,81.21212121212122,True,42,16,42:16
20260923T001521,88570.231296,81.21212121212122,True,48,13,48:13
20260923T001521,87695.719936,81.21212121212122,True,55,14,55:14
20260923T001522,87888.010752,81.21212121212122,True,14,16,14:16
20260923T001522,88982.502912,81.21212121212122,True,30,16,30:16
20260923T001522,89804.612096,81.21212121212122,True,32,19,32:19
20260923T001522,89708.511232,81.21212121212122,True,43,13,43:13
20260923T001522,89344.472064,81.21212121212122,True,53,18,53:18
20260923T001522,89596.734208,81.21212121212122,True,56,19,56:19
20260923T001522,90419.94752,81.21212121212122,True,59,18,59:18
20260923T001523,89571.396864,81.21212121212122,True,1,16,1:16
20260923T001523,90921.908992,81.21212121212122,True,3,16,3:16
20260923T001523,89056.379392,81.21212121212122,True,3,17,3:17
20260923T001523,89824.60416,81.21212121212122,True,8,18,8:18
20260923T001523,89012.5824,81.21212121212122,True,13,19,13:19
20260923T001523,88712.409856,81.21212121212122,True,22,14,22:14
20260923T001523,88230.822656,81.21212121212122,True,33,15,33:15
20260923T001523,89749.787648,81.21212121212122,True,40,16,40:16
20260923T001523,89667.678976,81.21212121212122,True,45,20,45:20
20260923T001523,89945.780992,81.21212121212122,True,58,15,58:15
20260923T001524,89884.098304,81.21212121212122,True,4,20,4:20
20260923T001524,90239.546624,81.21212121212122,True,10,19,10:19
20260923T001524,88782.968064,81.21212121212122,True,17,16,17:16
20260923T001524,89357.302016,81.21212121212122,True,27,17,27:17
20260923T001524,90474.167296,81.21212121212122,True,31,15,31:15
20260923T001524,89920.776704,81.21212121212122,True,46,19,46:19
20260923T001524,91924.984064,81.21212121212122,True,49,14,49:14
20260923T001524,90407.504896,81.21212121212122,True,51,17,51:17
20260923T001524,90742.5856,81.21212121212122,True,56,20,56:20
20260923T001524,90033.526528,81.21212121212122,True,60,14,60:14
20260923T001524,91289.76512,81.21212121212122,True,61,17,61:17
20260923T001524,89625.47968,81.21212121212122,True,61,18,61:18
20260923T001524,89424.105216,81.21212121212122,True,62,14,62:14
20260923T001524,90562.463488,81.21212121212122,True,63,16,63:16
20260923T001525,89748.499456,81.21212121212122,True,0,17,0:17
20260923T001525,89497.70624,81.21212121212122,True,1,17,1:17
20260923T001525,91416.581632,81.21212121212122,True,2,17,2:17
20260923T001525,91524.103424,81.21212121212122,True,12,14,12:14
20260923T001525,91312.648704,81.21212121212122,True,16,15,16:15
20260923T001525,90452.347904,81.21212121212122,True,41,16,41:16
20260923T001525,92199.19104,81.21212121212122,True,46,18,46:18
20260923T001525,92490.97344,81.21212121212122,True,52,17,52:17
20260923T001526,93043.713536,81.21212121212122,True,4,19,4:19
20260923T001526,92320.651264,81.21212121212122,True,5,13,5:13
20260923T001526,93563.626752,81.21212121212122,True,17,15,17:15
20260923T001526,90712.680192,81.21212121212122,True,19,14,19:14
20260923T001526,92676.217088,81.21212121212122,True,21,13,21:13
20260923T001526,93877.541376,81.21212121212122,True,27,16,27:16
20260923T001526,91443.146752,81.21212121212122,True,30,17,30:17
20260923T001526,90741.60256,81.21212121212122,True,35,17,35:17
20260923T001526,91281.960192,81.21212121212122,True,49,15,49:15
20260923T001526,93101.810432,81.21212121212122,True,50,15,50:15
20260923T001527,94183.549184,81.21212121212122,True,19,13,19:13
20260923T001527,93589.292032,81.21212121212122,True,26,14,26:14
20260923T001527,91923.162112,81.21212121212122,True,27,18,27:18
20260923T001527,92141.044992,81.21212121212122,True,42,17,42:17
20260923T001527,92665.03424,81.21212121212122,True,56,21,56:21
20260923T001527,93513.944832,81.21212121212122,True,59,19,59:19
20260923T001527,91994.778112,81.21212121212122,True,60,15,60:15
20260923T001527,93489.80096,81.21212121212122,True,62,13,62:13
20260923T001528,91806.57664,81.21212121212122,True,20,19,20:19
20260923T001528,92757.370368,81.21212121212122,True,25,20,25:20
20260923T001528,94493.274112,81.21212121212122,True,29,17,29:17
20260923T001528,94367.670016,81.21212121212122,True,38,15,38:15
20260923T001528,94047.685632,81.21212121212122,True,52,18,52:18
20260923T001528,93882.38848,81.21212121212122,True,53,19,53:19
20260923T001528,95243.612928,81.21212121212122,True,54,15,54:15
20260923T001528,92612.818944,81.21212121212122,True,57,14,57:14
20260923T001528,93134.832896,81.21212121212122,True,58,16,58:16
20260923T001528,92241.187328,81.21212121212122,True,61,19,61:19
20260923T001528,92914.298112,81.21212121212122,True,63,17,63:17
20260923T001529,94224.153856,81.21212121212122,True,23,16,23:16
20260923T001529,95238.8032,81.21212121212122,True,28,18,28:18
20260923T001529,94410.750976,81.21212121212122,True,32,20,32:20
20260923T001529,94914.178304,81.21212121212122,True,36,17,36:17
20260923T001529,94589.65632,81.21212121212122,True,44,19,44:19
20260923T001529,92893.618688,81.21212121212122,True,45,22,45:22
20260923T001529,94973.925888,81.21212121212122,True,48,14,48:14
20260923T001529,93914.628608,81.21212121212122,True,53,20,53:20
20260923T001529,93460.838656,81.21212121212122,True,59,20,59:20
20260923T001530,95281.156096,81.21212121212122,True,7,13,7:13
20260923T001530,95206.440192,81.21212121212122,True,8,19,8:19
20260923T001530,96058.797824,81.21212121212122,True,11,14,11:14
20260923T001530,94762.016768,81.21212121212122,True,14,17,14:17
20260923T001530,94087.909888,81.21212121212122,True,16,16,16:16
20260923T001530,95216.00128,81.21212121212122,True,20,18,20:18
20260923T001530,94504.624384,81.21212121212122,True,28,19,28:19
20260923T001530,94196.498688,81.21212121212122,True,30,18,30:18
20260923T001530,93507.912704,81.21212121212122,True,31,17,31:17
20260923T001530,94024.14976,81.21212121212122,True,36,18,36:18
20260923T001530,94660.924416,81.21212121212122,True,40,18,40:18
20260923T001530,96311.795456,81.21212121212122,True,43,14,43:14
20260923T001530,94934.867968,81.21212121212122,True,43,15,43:15
20260923T001530,93901.119744,81.21212121212122,True,44,20,44:20
20260923T001530,93874.953728,81.21212121212122,True,48,15,48:15
20260923T001530,93801.781248,81.21212121212122,True,49,16,49:16
20260923T001530,93392.591616,81.21212121212122,True,60,16,60:16
20260923T001531,96133.974528,81.21212121212122,True,4,21,4:21
20260923T001531,95902.660096,81.21212121212122,True,5,14,5:14
20260923T001531,96883.099648,81.21212121212122,True,6,19,6:19
20260923T001531,94793.945856,81.21212121212122,True,12,15,12:15
20260923T001531,97149.750784,81.21212121212122,True,24,19,24:19
20260923T001531,97298.15936,81.21212121212122,True,35,16,35:16
20260923T001531,94180.6912,81.21212121212122,True,62,15,62:15
20260923T001532,96095.97568,81.21212121212122,True,2,18,2:18
20260923T001532,96789.668864,81.21212121212122,True,3,18,3:18
20260923T001532,94444.342016,81.21212121212122,True,9,15,9:15
20260923T001532,97530.859008,81.21212121212122,True,15,21,15:21
20260923T001532,96016.534272,81.21212121212122,True,22,15,22:15
20260923T001532,94670.835712,81.21212121212122,True,28,20,28:20
20260923T001532,96371.86304,81.21212121212122,True,29,19,29:19
20260923T001532,96929.507584,81.21212121212122,True,31,16,31:16
20260923T001532,97894.582784,81.21212121212122,True,39,17,39:17
20260923T001532,95436.741632,81.21212121212122,True,58,17,58:17
20260923T001533,96154.92992,81.21212121212122,True,2,19,2:19
20260923T001533,96595.856384,81.21212121212122,True,8,20,8:20
20260923T001533,98227.18464,81.21212121212122,True,18,17,18:17
20260923T001533,96427.443968,81.21212121212122,True,18,18,18:18
20260923T001533,97787.421696,81.21212121212122,True,37,20,37:20
20260923T001533,98371.003392,81.21212121212122,True,40,17,40:17
20260923T001533,95968.235776,81.21212121212122,True,48,16,48:16
20260923T001533,96696.833792,81.21212121212122,True,55,15,55:15
20260923T001533,96362.993664,81.21212121212122,True,56,22,56:22
20260923T001534,97434.659584,81.21212121212122,True,0,18,0:18
20260923T001534,96874.060544,81.21212121212122,True,26,16,26:16
20260923T001534,99042.516992,81.21212121212122,True,29,18,29:18
20260923T001534,96874.642432,81.21212121212122,True,30,19,30:19
20260923T001534,99391.730432,81.21212121212122,True,34,14,34:14
20260923T001534,97261.28768,81.21212121212122,True,37,21,37:21
20260923T001534,98779.841792,81.21212121212122,True,38,16,38:16
20260923T001534,99612.612864,81.21212121212122,True,45,21,45:21
20260923T001534,99065.72672,81.21212121212122,True,54,16,54:16
20260923T001535,99040.939264,81.21212121212122,True,11,15,11:15
20260923T001535,99219.541504,81.21212121212122,True,13,20,13:20
20260923T001535,98668.222464,81.21212121212122,True,14,18,14:18
20260923T001535,97245.810944,81.21212121212122,True,17,17,17:17
20260923T001535,97748.60288,81.21212121212122,True,18,19,18:19
20260923T001535,100223.67488,81.21212121212122,True,24,20,24:20
20260923T001535,99477.837824,81.21212121212122,True,26,15,26:15
20260923T001535,98663.322624,81.21212121212122,True,41,17,41:17
20260923T001535,99983.03232,81.21212121212122,True,47,14,47:14
20260923T001535,99246.10048,81.21212121212122,True,50,16,50:16
20260923T001535,96819.067392,81.21212121212122,True,56,23,56:23
20260923T001536,98728.336384,81.21212121212122,True,0,19,0:19
20260923T001536,98774.896128,81.21212121212122,True,4,22,4:22
20260923T001536,99165.960192,81.21212121212122,True,15,22,15:22
20260923T001536,97876.669184,81.21212121212122,True,15,23,15:23
20260923T001536,99778.808064,81.21212121212122,True,24,21,24:21
20260923T001536,100575.137536,81.21212121212122,True,39,18,39:18
20260923T001536,98317.29152,81.21212121212122,True,44,21,44:21
20260923T001536,99875.079424,81.21212121212122,True,51,18,51:18
20260923T001537,100684.058624,81.21212121212122,True,6,20,6:20
20260923T001537,98854.562304,81.21212121212122,True,7,15,7:15
20260923T001537,98736.088064,81.21212121212122,True,18,20,18:20
20260923T001537,99521.554688,81.21212121212122,True,42,19,42:19
20260923T001537,99869.274112,81.21212121212122,True,46,21,46:21
20260923T001537,99466.219776,81.21212121212122,True,47,15,47:15
20260923T001537,100636.359168,81.21212121212122,True,53,21,53:21
20260923T001537,98318.999808,81.21212121212122,True,60,17,60:17
20260923T001538,100902.915328,81.21212121212122,True,1,18,1:18
20260923T001538,102433.639168,81.21212121212122,True,9,14,9:14
20260923T001538,102209.1328,81.21212121212122,True,10,20,10:20
20260923T001538,100847.367168,81.21212121212122,True,11,16,11:16
20260923T001538,102423.329024,81.21212121212122,True,21,14,21:14
20260923T001538,102227.599616,81.21212121212122,True,32,21,32:21
20260923T001538,102524.898816,81.21212121212122,True,33,16,33:16
20260923T001538,100792.511232,81.21212121212122,True,61,20,61:20
20260923T001539,99898.141696,81.21212121212122,True,1,19,1:19
20260923T001539,102762.558208,81.21212121212122,True,7,14,7:14
20260923T001539,101301.443328,81.21212121212122,True,10,21,10:21
20260923T001539,101594.546688,81.21212121212122,True,20,20,20:20
20260923T001539,101259.372288,81.21212121212122,True,24,22,24:22
20260923T001539,102341.72288,81.21212121212122,True,25,21,25:21
20260923T001539,102837.156352,81.21212121212122,True,35,18,35:18
20260923T001539,102962.992896,81.21212121212122,True,42,18,42:18
20260923T001539,101172.866816,81.21212121212122,True,43,16,43:16
20260923T001539,102726.025472,81.21212121212122,True,46,20,46:20
20260923T001539,102671.123968,81.21212121212122,True,52,19,52:19
20260923T001540,103067.143168,81.21212121212122,True,3,19,3:19
20260923T001540,102852.056064,81.21212121212122,True,8,21,8:21
20260923T001540,101409.512192,81.21212121212122,True,13,22,13:22
20260923T001540,101367.907072,81.21212121212122,True,19,16,19:16
20260923T001540,101743.502336,81.21212121212122,True,21,15,21:15
20260923T001540,102141.793536,81.21212121212122,True,25,22,25:22
20260923T001540,100934.895872,81.21212121212122,True,41,18,41:18
20260923T001540,100842.551552,81.21212121212122,True,47,16,47:16
20260923T001540,101356.717568,81.21212121212122,True,54,18,54:18
20260923T001541,101924.04352,81.21212121212122,True,11,17,11:17
20260923T001541,104768.886016,81.21212121212122,True,23,17,23:17
20260923T001541,103542.273536,81.21212121212122,True,32,22,32:22
20260923T001541,102925.229312,81.21212121212122,True,37,22,37:22
20260923T001541,103967.286528,81.21212121212122,True,38,17,38:17
20260923T001541,103635.415296,81.21212121212122,True,50,17,50:17
20260923T001541,101515.451392,81.21212121212122,True,53,23,53:23
20260923T001541,104343.520768,81.21212121212122,True,59,21,59:21
20260923T001542,102348.571648,81.21212121212122,True,1,20,1:20
20260923T001542,104254.016768,81.21212121212122,True,4,23,4:23
20260923T001542,105781.111552,81.21212121212122,True,5,15,5:15
20260923T001542,104208.459776,81.21212121212122,True,6,21,6:21
20260923T001542,102770.631168,81.21212121212122,True,14,19,14:19
20260923T001542,102721.292032,81.21212121212122,True,16,18,16:18
20260923T001542,103744.985088,81.21212121212122,True,23,18,23:18
20260923T001542,102716.352,81.21212121212122,True,24,23,24:23
20260923T001542,103241.081344,81.21212121212122,True,27,20,27:20
20260923T001542,104723.552768,81.21212121212122,True,33,17,33:17
20260923T001542,104484.57472,81.21212121212122,True,36,19,36:19
20260923T001542,103828.448768,81.21212121212122,True,40,19,40:19
20260923T001542,103121.994496,81.21212121212122,True,46,22,46:22
20260923T001542,104710.683392,81.21212121212122,True,54,17,54:17
20260923T001542,103550.74176,81.21212121212122,True,61,21,61:21
20260923T001542,101988.728832,81.21212121212122,True,61,22,61:22
20260923T001542,104945.854208,81.21212121212122,True,63,18,63:18
20260923T001543,104251.33696,81.21212121212122,True,8,22,8:22
20260923T001543,105965.715968,81.21212121212122,True,19,15,19:15
20260923T001543,105790.034176,81.21212121212122,True,22,16,22:16
20260923T001543,105495.524608,81.21212121212122,True,29,20,29:20
20260923T001543,104189.482496,81.21212121212122,True,39,20,39:20
20260923T001543,104934.812672,81.21212121212122,True,55,16,55:16
20260923T001543,104121.93792,81.21212121212122,True,59,23,59:23
20260923T001544,105548.964608,81.21212121212122,True,5,16,5:16
20260923T001544,105330.140416,81.21212121212122,True,6,22,6:22
20260923T001544,107205.505024,81.21212121212122,True,13,21,13:21
20260923T001544,103856.370432,81.21212121212122,True,23,19,23:19
20260923T001544,104398.996736,81.21212121212122,True,25,23,25:23
20260923T001544,106721.826816,81.21212121212122,True,34,15,34:15
20260923T001544,107134.244608,81.21212121212122,True,45,23,45:23
20260923T001544,105707.571968,81.21212121212122,True,53,22,53:22
20260923T001544,106431.7056,81.21212121212122,True,57,15,57:15
20260923T001544,105313.661952,81.21212121212122,True,62,16,62:16
20260923T001545,106862.568448,81.21212121212122,True,16,17,16:17
20260923T001545,106724.59008,81.21212121212122,True,35,19,35:19
20260923T001545,106867.963392,81.21212121212122,True,36,20,36:20
20260923T001545,105247.796736,81.21212121212122,True,46,23,46:23
20260923T001545,106753.358336,81.21212121212122,True,51,19,51:19
20260923T001545,105907.406336,81.21212121212122,True,51,20,51:20
20260923T001545,105658.793472,81.21212121212122,True,56,24,56:24
20260923T001545,104811.456512,81.21212121212122,True,56,25,56:25
20260923T001545,104958.089216,81.21212121212122,True,57,16,57:16
20260923T001546,106369.79328,81.21212121212122,True,10,22,10:22
20260923T001546,105658.8608,81.21212121212122,True,19,17,19:17
20260923T001546,108223.002624,81.21212121212122,True,27,19,27:19
20260923T001546,107109.506816,81.21212121212122,True,28,21,28:21
20260923T001546,105893.465344,81.21212121212122,True,28,22,28:22
20260923T001546,105640.843008,81.21212121212122,True,34,16,34:16
20260923T001546,108537.143296,81.21212121212122,True,39,19,39:19
20260923T001546,105696.325888,81.21212121212122,True,39,21,39:21
20260923T001546,107463.873792,81.21212121212122,True,44,22,44:22
20260923T001546,108053.092864,81.21212121212122,True,52,20,52:20
20260923T001546,106598.519808,81.21212121212122,True,52,21,52:21
20260923T001547,108481.257472,81.21212121212122,True,2,20,2:20
20260923T001547,107882.679552,81.21212121212122,True,3,20,3:20
20260923T001547,107288.417792,81.21212121212122,True,4,24,4:24
20260923T001547,106439.012096,81.21212121212122,True,13,23,13:23
20260923T001547,108291.542016,81.21212121212122,True,15,24,15:24
20260923T001547,106590.815232,81.21212121212122,True,30,21,30:21
20260923T001547,109239.931392,81.21212121212122,True,31,18,31:18
20260923T001547,107024.100096,81.21212121212122,True,33,18,33:18
20260923T001547,107825.781504,81.21212121212122,True,38,18,38:18
20260923T001547,106667.635712,81.21212121212122,True,42,20,42:20
20260923T001547,108476.372736,81.21212121212122,True,45,24,45:24
20260923T001547,107123.519232,81.21212121212122,True,58,19,58:19
20260923T001547,109368.705024,81.21212121212122,True,59,22,59:22
20260923T001547,108443.744256,81.21212121212122,True,63,19,63:19
20260923T001548,108264.987392,81.21212121212122,True,6,23,6:23
20260923T001548,109279.679232,81.21212121212122,True,12,16,12:16
20260923T001548,107513.109504,81.21212121212122,True,24,24,24:24
20260923T001548,107413.892608,81.21212121212122,True,25,24,25:24
20260923T001548,107043.084544,81.21212121212122,True,27,21,27:21
20260923T001548,108929.242368,81.21212121212122,True,32,23,32:23
20260923T001548,108161.527808,81.21212121212122,True,35,20,35:20
20260923T001548,107829.27232,81.21212121212122,True,55,17,55:17
20260923T001548,109851.93344,81.21212121212122,True,58,18,58:18
20260923T001549,108959.65568,81.21212121212122,True,5,17,5:17
20260923T001549,109828.350976,81.21212121212122,True,9,16,9:16
20260923T001549,110089.319168,81.21212121212122,True,17,18,17:18
20260923T001549,108266.50624,81.21212121212122,True,20,22,20:22
20260923T001549,110293.606912,81.21212121212122,True,26,17,26:17
20260923T001549,107616.698112,81.21212121212122,True,41,19,41:19
20260923T001549,110019.501312,81.21212121212122,True,50,18,50:18
20260923T001549,108792.86656,81.21212121212122,True,51,21,51:21
20260923T001549,109000.538112,81.21212121212122,True,53,24,53:24
20260923T001550,110338.123264,81.21212121212122,True,22,17,22:17
20260923T001550,109722.91072,81.21212121212122,True,26,18,26:18
20260923T001550,111318.809344,81.21212121212122,True,30,20,30:20
20260923T001550,109855.012608,81.21212121212122,True,31,19,31:19
20260923T001550,110572.78336,81.21212121212122,True,44,23,44:23
20260923T001550,109004.523264,81.21212121212122,True,47,17,47:17
20260923T001550,109851.065856,81.21212121212122,True,48,17,48:17
20260923T001550,109419.20768,81.21212121212122,True,60,18,60:18
20260923T001550,108393.561856,81.21212121212122,True,61,23,61:23
20260923T001551,109770.682368,81.21212121212122,True,5,18,5:18
20260923T001551,111443.74528,81.21212121212122,True,18,21,18:21
20260923T001551,111489.996544,81.21212121212122,True,20,21,20:21
20260923T001551,111514.548992,81.21212121212122,True,21,16,21:16
20260923T001551,111340.496128,81.21212121212122,True,29,21,29:21
20260923T001551,108729.964032,81.21212121212122,True,30,22,30:22
20260923T001551,111544.045568,81.21212121212122,True,37,23,37:23
20260923T001551,110615.290624,81.21212121212122,True,40,20,40:20
20260923T001551,111612.703744,81.21212121212122,True,43,17,43:17
20260923T001551,109340.876544,81.21212121212122,True,53,25,53:25
20260923T001551,109997.089536,81.21212121212122,True,62,17,62:17
20260923T001552,112391.055616,81.21212121212122,True,0,20,0:20
20260923T001552,110242.320128,81.21212121212122,True,4,25,4:25
20260923T001552,111442.998016,81.21212121212122,True,15,25,15:25
20260923T001552,111315.49824,81.21212121212122,True,32,24,32:24
20260923T001552,109633.130752,81.21212121212122,True,33,20,33:20
20260923T001552,112748.361216,81.21212121212122,True,49,17,49:17
20260923T001553,111908.912384,81.21212121212122,True,6,24,6:24
20260923T001553,112570.046464,81.21212121212122,True,14,20,14:20
20260923T001553,112157.307392,81.21212121212122,True,17,19,17:19
20260923T001553,110671.006208,81.21212121212122,True,26,19,26:19
20260923T001553,110222.177536,81.21212121212122,True,29,23,29:23
20260923T001553,112713.408768,81.21212121212122,True,36,21,36:21
20260923T001553,110343.585792,81.21212121212122,True,46,25,46:25
20260923T001553,113000.56064,81.21212121212122,True,54,19,54:19
20260923T001553,110814.374144,81.21212121212122,True,63,21,63:21
20260923T001554,113826.644992,81.21212121212122,True,2,21,2:21
20260923T001554,113992.923392,81.21212121212122,True,7,16,7:16
20260923T001554,113987.399424,81.21212121212122,True,8,23,8:23
20260923T001554,111715.392768,81.21212121212122,True,11,19,11:19
20260923T001554,111982.26688,81.21212121212122,True,13,24,13:24
20260923T001554,112675.593728,81.21212121212122,True,40,21,40:21
20260923T001554,112002.190848,81.21212121212122,True,45,26,45:26
20260923T001555,111995.945728,81.21212121212122,True,17,20,17:20
20260923T001555,112126.448128,81.21212121212122,True,27,22,27:22
20260923T001555,113297.777664,81.21212121212122,True,34,17,34:17
20260923T001555,112142.951936,81.21212121212122,True,38,20,38:20
20260923T001556,113530.704896,81.21212121212122,True,1,22,1:22
20260923T001556,114452.138496,81.21212121212122,True,10,23,10:23
20260923T001556,113689.648896,81.21212121212122,True,10,24,10:24
20260923T001556,112907.308544,81.21212121212122,True,13,25,13:25
20260923T001556,115338.990336,81.21212121212122,True,29,22,29:22
20260923T001556,113730.248704,81.21212121212122,True,32,25,32:25
20260923T001556,113539.591168,81.21212121212122,True,35,22,35:22
20260923T001556,113989.69984,81.21212121212122,True,37,25,37:25
20260923T001556,115709.396224,81.21212121212122,True,45,25,45:25
20260923T001557,115652.358912,81.21212121212122,True,0,21,0:21
20260923T001557,115474.395904,81.21212121212122,True,1,21,1:21
20260923T001557,114864.621568,81.21212121212122,True,2,22,2:22
20260923T001557,115100.132608,81.21212121212122,True,7,17,7:17
20260923T001557,114816.159232,81.21212121212122,True,15,26,15:26
20260923T001557,115106.087936,81.21212121212122,True,19,18,19:18
20260923T001557,115329.458688,81.21212121212122,True,33,19,33:19
20260923T001557,115507.282688,81.21212121212122,True,46,24,46:24
20260923T001557,114131.539456,81.21212121212122,True,46,26,46:26
20260923T001557,116307.619072,81.21212121212122,True,49,18,49:18
20260923T001557,115938.213632,81.21212121212122,True,50,19,50:19
20260923T001557,116822.504192,81.21212121212122,True,52,22,52:22
20260923T001557,113992.584448,81.21212121212122,True,55,18,55:18
20260923T001557,115969.97248,81.21212121212122,True,59,24,59:24
20260923T001557,116718.15808,81.21212121212122,True,63,20,63:20
20260923T001558,117629.34656,81.21212121212122,True,3,21,3:21
20260923T001558,115174.844928,81.21212121212122,True,6,25,6:25
20260923T001558,116361.317632,81.21212121212122,True,8,24,8:24
20260923T001558,116896.681728,81.21212121212122,True,11,18,11:18
20260923T001558,117936.65152,81.21212121212122,True,12,17,12:17
20260923T001558,114941.454336,81.21212121212122,True,12,18,12:18
20260923T001558,116183.460352,81.21212121212122,True,20,23,20:23
20260923T001558,115805.392384,81.21212121212122,True,24,25,24:25
20260923T001558,115129.504768,81.21212121212122,True,24,26,24:26
20260923T001558,116902.572544,81.21212121212122,True,48,18,48:18
20260923T001559,115407.462144,81.21212121212122,True,5,19,5:19
20260923T001559,118624.504576,81.21212121212122,True,9,17,9:17
20260923T001559,117215.47136,81.21212121212122,True,21,17,21:17
20260923T001559,117701.871616,81.21212121212122,True,23,20,23:20
20260923T001559,116633.728,81.21212121212122,True,31,20,31:20
20260923T001559,117695.159552,81.21212121212122,True,35,21,35:21
20260923T001559,118592.492544,81.21212121212122,True,37,24,37:24
20260923T001559,118160.169728,81.21212121212122,True,38,19,38:19
20260923T001559,115990.848,81.21212121212122,True,39,23,39:23
20260923T001559,118399.529984,81.21212121212122,True,44,24,44:24
20260923T001559,115059.522304,81.21212121212122,True,44,26,44:26
20260923T001559,115422.690304,81.21212121212122,True,50,20,50:20
20260923T001559,116692.96128,81.21212121212122,True,54,20,54:20
20260923T001559,117701.659648,81.21212121212122,True,56,26,56:26
20260923T001559,116836.127744,81.21212121212122,True,58,20,58:20
20260923T001559,115963.630848,81.21212121212122,True,62,18,62:18
20260923T001600,119114.80192,81.21212121212122,True,18,22,18:22
20260923T001600,118983.646464,81.21212121212122,True,28,23,28:23
20260923T001600,117957.4912,81.21212121212122,True,36,22,36:22
20260923T001600,115815.104512,81.21212121212122,True,36,24,36:24
20260923T001600,118364.362752,81.21212121212122,True,39,22,39:22
20260923T001600,118160.927232,81.21212121212122,True,42,21,42:21
20260923T001600,116401.089536,81.21212121212122,True,42,22,42:22
20260923T001600,116893.03552,81.21212121212122,True,56,27,56:27
20260923T001600,116811.60192,81.21212121212122,True,58,21,58:21
20260923T001601,118660.496128,81.21212121212122,True,0,22,0:22
20260923T001601,116901.02912,81.21212121212122,True,3,23,3:23
20260923T001601,116658.973696,81.21212121212122,True,6,26,6:26
20260923T001601,118034.684416,81.21212121212122,True,9,18,9:18
20260923T001601,116997.931776,81.21212121212122,True,16,20,16:20
20260923T001601,117827.487488,81.21212121212122,True,28,24,28:24
20260923T001601,118853.17504,81.21212121212122,True,43,18,43:18
20260923T001601,117218.032128,81.21212121212122,True,53,26,53:26
20260923T001601,118685.157632,81.21212121212122,True,57,17,57:17
20260923T001602,118020.143872,81.21212121212122,True,0,23,0:23
20260923T001602,118979.47008,81.21212121212122,True,8,25,8:25
20260923T001602,118191.421696,81.21212121212122,True,11,20,11:20
20260923T001602,120617.210112,81.21212121212122,True,22,18,22:18
20260923T001602,117283.695872,81.21212121212122,True,26,20,26:20
20260923T001602,119260.229888,81.21212121212122,True,36,23,36:23
20260923T001602,117787.133696,81.21212121212122,True,43,19,43:19
20260923T001602,118822.976512,81.21212121212122,True,52,24,52:24
20260923T001602,117898.179584,81.21212121212122,True,61,25,61:25
20260923T001602,118265.734656,81.21212121212122,True,63,22,63:22
20260923T001603,118754.002944,81.21212121212122,True,1,23,1:23
20260923T001603,120525.56672,81.21212121212122,True,3,22,3:22
20260923T001603,120087.388672,81.21212121212122,True,14,21,14:21
20260923T001603,119557.472,81.21212121212122,True,14,22,14:22
20260923T001603,120313.279488,81.21212121212122,True,25,25,25:25
20260923T001603,118935.697408,81.21212121212122,True,39,24,39:24
20260923T001603,118749.133312,81.21212121212122,True,40,22,40:22
20260923T001603,120291.458048,81.21212121212122,True,45,27,45:27
20260923T001603,118842.467072,81.21212121212122,True,51,23,51:23
20260923T001603,121363.103488,81.21212121212122,True,52,23,52:23
20260923T001603,120679.466496,81.21212121212122,True,59,25,59:25
20260923T001603,120451.160576,81.21212121212122,True,60,19,60:19
20260923T001604,120981.263616,81.21212121212122,True,4,26,4:26
20260923T001604,121881.464576,81.21212121212122,True,16,19,16:19
20260923T001604,119133.279744,81.21212121212122,True,16,21,16:21
20260923T001604,121201.546752,81.21212121212122,True,18,23,18:23
20260923T001604,120247.381248,81.21212121212122,True,29,24,29:24
20260923T001604,119753.343232,81.21212121212122,True,35,23,35:23
20260923T001604,121542.210304,81.21212121212122,True,51,22,51:22
20260923T001604,119966.758656,81.21212121212122,True,54,21,54:21
20260923T001604,119829.773568,81.21212121212122,True,60,20,60:20
20260923T001604,120896.772608,81.21212121212122,True,61,24,61:24
20260923T001605,120743.254528,81.21212121212122,True,8,26,8:26
20260923T001605,120966.763008,81.21212121212122,True,15,27,15:27
20260923T001605,121733.90464,81.21212121212122,True,30,23,30:23
20260923T001605,119718.15424,81.21212121212122,True,36,25,36:25
20260923T001605,122100.219648,81.21212121212122,True,44,25,44:25
20260923T001605,121903.608064,81.21212121212122,True,49,19,49:19
20260923T001605,120719.45856,81.21212121212122,True,50,21,50:21
20260923T001605,120037.179136,81.21212121212122,True,52,25,52:25
20260923T001605,120963.828992,81.21212121212122,True,62,19,62:19
20260923T001606,122163.840256,81.21212121212122,True,2,23,2:23
20260923T001606,121038.991872,81.21212121212122,True,5,20,5:20
20260923T001606,121165.626368,81.21212121212122,True,14,23,14:23
20260923T001606,122390.85056,81.21212121212122,True,20,24,20:24
20260923T001606,122932.60544,81.21212121212122,True,22,19,22:19
20260923T001606,120124.599296,81.21212121212122,True,23,22,23:22
20260923T001606,120409.388032,81.21212121212122,True,28,26,28:26
20260923T001606,122584.454144,81.21212121212122,True,37,26,37:26
20260923T001606,122464.97152,81.21212121212122,True,41,20,41:20
20260923T001606,121680.536576,81.21212121212122,True,42,23,42:23
20260923T001606,121817.254912,81.21212121212122,True,45,28,45:28
20260923T001606,122934.724608,81.21212121212122,True,47,18,47:18
20260923T001606,122438.569984,81.21212121212122,True,48,19,48:19
20260923T001607,122465.41696,81.21212121212122,True,7,18,7:18
20260923T001607,123392.882176,81.21212121212122,True,17,21,17:21
20260923T001607,122437.413888,81.21212121212122,True,33,21,33:21
20260923T001607,121246.356992,81.21212121212122,True,35,24,35:24
20260923T001607,121670.034176,81.21212121212122,True,53,27,53:27
20260923T001607,121608.88064,81.21212121212122,True,54,22,54:22
20260923T001608,123918.81856,81.21212121212122,True,10,25,10:25
20260923T001608,122574.885888,81.21212121212122,True,20,25,20:25
20260923T001608,123970.454784,81.21212121212122,True,21,18,21:18
20260923T001608,124693.690112,81.21212121212122,True,23,21,23:21
20260923T001608,122540.949504,81.21212121212122,True,30,24,30:24
20260923T001608,122575.017216,81.21212121212122,True,44,27,44:27
20260923T001608,122891.398912,81.21212121212122,True,47,19,47:19
20260923T001608,121597.271808,81.21212121212122,True,48,20,48:20
20260923T001608,123889.6768,81.21212121212122,True,57,18,57:18
20260923T001608,124423.841536,81.21212121212122,True,59,26,59:26
20260923T001609,123735.163136,81.21212121212122,True,10,26,10:26
20260923T001609,125006.15168,81.21212121212122,True,25,26,25:26
20260923T001609,125431.661824,81.21212121212122,True,31,21,31:21
20260923T001609,123558.408192,81.21212121212122,True,56,29,56:29
20260923T001609,123511.709184,81.21212121212122,True,58,22,58:22
20260923T001609,124098.0416,81.21212121212122,True,59,27,59:27
20260923T001609,122955.890432,81.21212121212122,True,59,28,59:28
20260923T001609,123058.285312,81.21212121212122,True,63,23,63:23
20260923T001610,124046.576384,81.21212121212122,True,2,24,2:24
20260923T001610,123425.756928,81.21212121212122,True,11,21,11:21
20260923T001610,125482.801152,81.21212121212122,True,12,19,12:19
20260923T001610,126023.525632,81.21212121212122,True,19,19,19:19
20260923T001610,123169.87136,81.21212121212122,True,20,26,20:26
20260923T001610,123479.219968,81.21212121212122,True,24,28,24:28
20260923T001610,125561.572096,81.21212121212122,True,27,23,27:23
20260923T001610,126180.342784,81.21212121212122,True,32,26,32:26
20260923T001610,124986.605824,81.21212121212122,True,46,27,46:27
20260923T001610,123086.110976,81.21212121212122,True,49,21,49:21
20260923T001610,123626.309632,81.21212121212122,True,58,23,58:23
20260923T001611,126056.504064,81.21212121212122,True,4,27,4:27
20260923T001611,124502.377984,81.21212121212122,True,12,20,12:20
20260923T001611,126551.983616,81.21212121212122,True,18,24,18:24
20260923T001611,125333.20064,81.21212121212122,True,31,22,31:22
20260923T001611,126113.31712,81.21212121212122,True,34,18,34:18
20260923T001611,124817.507584,81.21212121212122,True,39,25,39:25
20260923T001611,126065.300736,81.21212121212122,True,41,21,41:21
20260923T001611,123983.984384,81.21212121212122,True,42,24,42:24
20260923T001611,125876.623872,81.21212121212122,True,49,20,49:20
20260923T001611,125490.732544,81.21212121212122,True,51,24,51:24
20260923T001612,126771.692288,81.21212121212122,True,9,19,9:19
20260923T001612,124671.398656,81.21212121212122,True,25,28,25:28
20260923T001612,127364.32896,81.21212121212122,True,28,25,28:25
20260923T001612,126781.144832,81.21212121212122,True,29,25,29:25
20260923T001612,125252.868608,81.21212121212122,True,36,26,36:26
20260923T001612,126022.198784,81.21212121212122,True,38,22,38:22
20260923T001612,124728.448768,81.21212121212122,True,39,26,39:26
20260923T001612,127662.20416,81.21212121212122,True,56,28,56:28
20260923T001613,125311.441664,81.21212121212122,True,13,28,13:28
20260923T001613,125978.678016,81.21212121212122,True,14,24,14:24
20260923T001613,127364.81408,81.21212121212122,True,18,25,18:25
20260923T001613,125825.311488,81.21212121212122,True,22,21,22:21
20260923T001613,128230.397952,81.21212121212122,True,24,27,24:27
20260923T001613,126197.019904,81.21212121212122,True,26,21,26:21
20260923T001613,126470.67776,81.21212121212122,True,40,23,40:23
20260923T001613,128430.356224,81.21212121212122,True,55,19,55:19
20260923T001614,126871.284736,81.21212121212122,True,10,27,10:27
20260923T001614,127923.620608,81.21212121212122,True,17,22,17:22
20260923T001614,127076.505088,81.21212121212122,True,23,23,23:23
20260923T001614,128435.8208,81.21212121212122,True,25,27,25:27
20260923T001614,126406.753024,81.21212121212122,True,29,26,29:26
20260923T001614,127873.24032,81.21212121212122,True,32,28,32:28
20260923T001614,129563.29216,81.21212121212122,True,37,27,37:27
20260923T001614,128722.752,81.21212121212122,True,37,28,37:28
20260923T001614,127333.509376,81.21212121212122,True,50,22,50:22
20260923T001614,126841.505024,81.21212121212122,True,53,28,53:28
20260923T001614,127718.504192,81.21212121212122,True,60,21,60:21
20260923T001615,128799.799552,81.21212121212122,True,0,24,0:24
20260923T001615,129009.233152,81.21212121212122,True,7,19,7:19
20260923T001615,129730.444288,81.21212121212122,True,8,27,8:27
20260923T001615,127440.887808,81.21212121212122,True,18,26,18:26
20260923T001615,130143.526656,81.21212121212122,True,19,20,19:20
20260923T001615,128850.126848,81.21212121212122,True,21,19,21:19
20260923T001615,127528.75392,81.21212121212122,True,26,22,26:22
20260923T001615,127631.117312,81.21212121212122,True,37,29,37:29
20260923T001615,128218.239744,81.21212121212122,True,55,20,55:20
20260923T001615,127339.90016,81.21212121212122,True,63,24,63:24
20260923T001616,130004.310784,81.21212121212122,True,1,24,1:24
20260923T001616,130124.784384,81.21212121212122,True,6,27,6:27
20260923T001616,131312.07552,81.21212121212122,True,13,26,13:26
20260923T001616,129274.623488,81.21212121212122,True,15,29,15:29
20260923T001616,128988.097792,81.21212121212122,True,16,22,16:22
20260923T001616,130966.492416,81.21212121212122,True,22,20,22:20
20260923T001616,129074.07488,81.21212121212122,True,30,25,30:25
20260923T001616,129303.275264,81.21212121212122,True,33,22,33:22
20260923T001616,131717.307648,81.21212121212122,True,38,21,38:21
20260923T001616,129130.011904,81.21212121212122,True,43,20,43:20
20260923T001616,128699.261184,81.21212121212122,True,57,19,57:19
20260923T001616,129487.284992,81.21212121212122,True,61,26,61:26
20260923T001617,130931.309568,81.21212121212122,True,3,24,3:24
20260923T001617,131071.12448,81.21212121212122,True,15,28,15:28
20260923T001617,130783.098368,81.21212121212122,True,46,28,46:28
20260923T001617,129567.16928,81.21212121212122,True,48,21,48:21
20260923T001617,130375.696896,81.21212121212122,True,54,23,54:23
20260923T001618,130844.833024,81.21212121212122,True,2,25,2:25
20260923T001618,129724.844288,81.21212121212122,True,4,29,4:29
20260923T001618,132593.068544,81.21212121212122,True,13,27,13:27
20260923T001618,129912.185088,81.21212121212122,True,28,28,28:28
20260923T001618,129313.885184,81.21212121212122,True,54,24,54:24
20260923T001618,131474.70976,81.21212121212122,True,62,20,62:20
20260923T001619,131976.927488,81.21212121212122,True,8,28,8:28
20260923T001619,132715.219456,81.21212121212122,True,27,24,27:24
20260923T001619,133247.342848,81.21212121212122,True,32,27,32:27
20260923T001619,129645.79328,81.21212121212122,True,34,20,34:20
20260923T001619,133166.92864,81.21212121212122,True,45,29,45:29
20260923T001619,130937.320448,81.21212121212122,True,50,23,50:23
20260923T001619,131316.88832,81.21212121212122,True,51,25,51:25
20260923T001619,130377.178624,81.21212121212122,True,52,27,52:27
20260923T001620,132016.950784,81.21212121212122,True,0,25,0:25
20260923T001620,133397.93152,81.21212121212122,True,4,28,4:28
20260923T001620,130754.799872,81.21212121212122,True,4,30,4:30
20260923T001620,131425.563136,81.21212121212122,True,14,25,14:25
20260923T001620,131085.899264,81.21212121212122,True,15,30,15:30
20260923T001620,131951.901184,81.21212121212122,True,21,20,21:20
20260923T001620,131374.057472,81.21212121212122,True,23,24,23:24
20260923T001620,131982.837504,81.21212121212122,True,30,26,30:26
20260923T001620,133735.529472,81.21212121212122,True,34,19,34:19
20260923T001620,132625.69472,81.21212121212122,True,40,24,40:24
20260923T001620,131516.04864,81.21212121212122,True,45,31,45:31
20260923T001620,133179.629568,81.21212121212122,True,52,26,52:26
20260923T001620,131567.3344,81.21212121212122,True,62,21,62:21
20260923T001621,132473.285376,81.21212121212122,True,8,29,8:29
20260923T001621,134505.901312,81.21212121212122,True,31,23,31:23
20260923T001621,131507.106048,81.21212121212122,True,40,25,40:25
20260923T001621,133724.47488,81.21212121212122,True,41,22,41:22
20260923T001621,134173.498112,81.21212121212122,True,44,28,44:28
20260923T001621,133885.606656,81.21212121212122,True,47,20,47:20
20260923T001621,131905.661184,81.21212121212122,True,56,31,56:31
20260923T001622,133874.701824,81.21212121212122,True,2,26,2:26
20260923T001622,134556.116992,81.21212121212122,True,5,21,5:21
20260923T001622,132267.419904,81.21212121212122,True,10,29,10:29
20260923T001622,132385.411328,81.21212121212122,True,13,29,13:29
20260923T001622,134322.923264,81.21212121212122,True,17,23,17:23
20260923T001622,134959.400448,81.21212121212122,True,28,27,28:27
20260923T001622,133187.212288,81.21212121212122,True,43,21,43:21
20260923T001622,135106.05568,81.21212121212122,True,45,30,45:30
20260923T001622,133888.450304,81.21212121212122,True,53,29,53:29
20260923T001622,132252.011776,81.21212121212122,True,53,30,53:30
20260923T001622,134124.631808,81.21212121212122,True,59,29,59:29
20260923T001623,135831.847936,81.21212121212122,True,3,25,3:25
20260923T001623,136106.0288,81.21212121212122,True,6,28,6:28
20260923T001623,134648.970752,81.21212121212122,True,11,22,11:22
20260923T001623,134141.801216,81.21212121212122,True,17,24,17:24
20260923T001623,135202.159104,81.21212121212122,True,27,25,27:25
20260923T001623,134493.680896,81.21212121212122,True,39,27,39:27
20260923T001623,134952.487936,81.21212121212122,True,46,29,46:29
20260923T001624,136638.06208,81.21212121212122,True,1,25,1:25
20260923T001624,135752.215552,81.21212121212122,True,6,29,6:29
20260923T001624,134389.090048,81.21212121212122,True,24,31,24:31
20260923T001624,135515.899904,81.21212121212122,True,25,29,25:29
20260923T001624,134632.43264,81.21212121212122,True,25,30,25:30
20260923T001624,134066.450688,81.21212121212122,True,28,29,28:29
20260923T001624,135713.949952,81.21212121212122,True,36,27,36:27
20260923T001624,135345.700608,81.21212121212122,True,38,23,38:23
20260923T001624,136798.241792,81.21212121212122,True,56,30,56:30
20260923T001625,137018.660864,81.21212121212122,True,7,20,7:20
20260923T001625,136031.75936,81.21212121212122,True,16,23,16:23
20260923T001625,137331.485696,81.21212121212122,True,19,21,19:21
20260923T001625,134876.851712,81.21212121212122,True,21,21,21:21
20260923T001625,136998.809088,81.21212121212122,True,32,29,32:29
20260923T001625,135071.638272,81.21212121212122,True,32,30,32:30
20260923T001625,137324.795392,81.21212121212122,True,37,30,37:30
20260923T001625,135117.371392,81.21212121212122,True,37,31,37:31
20260923T001625,134814.127872,81.21212121212122,True,45,32,45:32
20260923T001625,136547.744,81.21212121212122,True,47,21,47:21
20260923T001625,136435.802112,81.21212121212122,True,58,24,58:24
20260923T001626,136059.751168,81.21212121212122,True,9,21,9:21
20260923T001626,136804.794368,81.21212121212122,True,18,27,18:27
20260923T001626,137708.767488,81.21212121212122,True,24,29,24:29
20260923T001626,135812.4608,81.21212121212122,True,40,26,40:26
20260923T001626,136770.040576,81.21212121212122,True,49,22,49:22
20260923T001626,136105.917184,81.21212121212122,True,50,24,50:24
20260923T001626,137847.394048,81.21212121212122,True,55,21,55:21
20260923T001626,138165.134336,81.21212121212122,True,60,22,60:22
20260923T001626,138058.872064,81.21212121212122,True,61,27,61:27
20260923T001627,135978.736384,81.21212121212122,True,3,27,3:27
20260923T001627,136600.463872,81.21212121212122,True,6,30,6:30
20260923T001627,138637.001984,81.21212121212122,True,9,20,9:20
20260923T001627,138937.241856,81.21212121212122,True,10,28,10:28
20260923T001627,136988.711424,81.21212121212122,True,14,26,14:26
20260923T001627,136039.72224,81.21212121212122,True,16,24,16:24
20260923T001627,139136.223488,81.21212121212122,True,29,27,29:27
20260923T001627,138371.48672,81.21212121212122,True,31,24,31:24
20260923T001627,139011.374848,81.21212121212122,True,35,25,35:25
20260923T001627,135739.766784,81.21212121212122,True,49,23,49:23
20260923T001627,138201.84576,81.21212121212122,True,51,26,51:26
20260923T001627,136541.616896,81.21212121212122,True,58,25,58:25
20260923T001627,137879.120128,81.21212121212122,True,59,30,59:30
20260923T001628,137415.57632,81.21212121212122,True,0,27,0:27
20260923T001628,139142.54336,81.21212121212122,True,12,21,12:21
20260923T001628,137580.834816,81.21212121212122,True,12,22,12:22
20260923T001628,138189.873408,81.21212121212122,True,19,22,19:22
20260923T001628,137483.228672,81.21212121212122,True,20,28,20:28
20260923T001628,138616.502272,81.21212121212122,True,27,26,27:26
20260923T001628,138328.081152,81.21212121212122,True,29,28,29:28
20260923T001628,138352.943104,81.21212121212122,True,35,26,35:26
20260923T001628,136880.079104,81.21212121212122,True,35,27,35:27
20260923T001629,140805.485568,81.21212121212122,True,1,26,1:26
20260923T001629,138916.335872,81.21212121212122,True,15,31,15:31
20260923T001629,138059.120128,81.21212121212122,True,18,28,18:28
20260923T001629,137930.099968,81.21212121212122,True,22,23,22:23
20260923T001629,138761.67424,81.21212121212122,True,26,23,26:23
20260923T001629,139016.633344,81.21212121212122,True,36,28,36:28
20260923T001629,138656.215296,81.21212121212122,True,38,24,38:24
20260923T001629,138064.667904,81.21212121212122,True,42,26,42:26
20260923T001629,137537.712896,81.21212121212122,True,50,25,50:25
20260923T001629,139229.299712,81.21212121212122,True,52,28,52:28
20260923T001629,138667.288064,81.21212121212122,True,56,32,56:32
20260923T001630,140084.447232,81.21212121212122,True,0,26,0:26
20260923T001630,141483.918848,81.21212121212122,True,20,27,20:27
20260923T001630,141344.124928,81.21212121212122,True,24,30,24:30
20260923T001630,138750.527488,81.21212121212122,True,27,27,27:27
20260923T001630,139301.815552,81.21212121212122,True,31,25,31:25
20260923T001630,141471.554304,81.21212121212122,True,33,23,33:23
20260923T001630,141031.550208,81.21212121212122,True,41,23,41:23
20260923T001630,140570.889472,81.21212121212122,True,46,30,46:30
20260923T001630,141454.100992,81.21212121212122,True,57,20,57:20
20260923T001630,139266.125056,81.21212121212122,True,59,31,59:31
20260923T001631,142146.219776,81.21212121212122,True,3,26,3:26
20260923T001631,140758.81472,81.21212121212122,True,7,21,7:21
20260923T001631,141676.741376,81.21212121212122,True,11,23,11:23
20260923T001631,141116.426496,81.21212121212122,True,22,22,22:22
20260923T001631,139570.5408,81.21212121212122,True,25,31,25:31
20260923T001631,139416.826368,81.21212121212122,True,30,28,30:28
20260923T001631,141440.442112,81.21212121212122,True,44,29,44:29
20260923T001631,140593.134336,81.21212121212122,True,48,22,48:22
20260923T001631,139395.86048,81.21212121212122,True,51,28,51:28
20260923T001631,141654.133248,81.21212121212122,True,60,23,60:23
20260923T001632,140158.0736,81.21212121212122,True,1,28,1:28
20260923T001632,140747.373568,81.21212121212122,True,17,25,17:25
20260923T001632,141967.220736,81.21212121212122,True,39,28,39:28
20260923T001632,142808.65536,81.21212121212122,True,42,25,42:25
20260923T001632,141313.980672,81.21212121212122,True,57,21,57:21
20260923T001632,142219.497728,81.21212121212122,True,61,28,61:28
20260923T001632,141342.497536,81.21212121212122,True,62,22,62:22
20260923T001632,142821.174016,81.21212121212122,True,63,25,63:25
20260923T001633,140924.82688,81.21212121212122,True,6,31,6:31
20260923T001633,142002.672384,81.21212121212122,True,10,30,10:30
20260923T001633,140958.442496,81.21212121212122,True,17,26,17:26
20260923T001633,142648.188672,81.21212121212122,True,30,27,30:27
20260923T001633,141696.631552,81.21212121212122,True,32,31,32:31
20260923T001633,142219.814656,81.21212121212122,True,33,24,33:24
20260923T001633,142517.021952,81.21212121212122,True,41,24,41:24
20260923T001633,141537.929472,81.21212121212122,True,54,26,54:26
20260923T001633,141643.494144,81.21212121212122,True,61,29,61:29
20260923T001633,142522.848512,81.21212121212122,True,63,26,63:26
20260923T001634,143778.227712,81.21212121212122,True,1,27,1:27
20260923T001634,142206.20928,81.21212121212122,True,3,28,3:28
20260923T001634,143621.555712,81.21212121212122,True,4,31,4:31
20260923T001634,144188.557568,81.21212121212122,True,5,22,5:22
20260923T001634,141695.470336,81.21212121212122,True,5,23,5:23
20260923T001634,144094.429696,81.21212121212122,True,8,30,8:30
20260923T001634,142784.76672,81.21212121212122,True,11,24,11:24
20260923T001634,141611.832064,81.21212121212122,True,18,29,18:29
20260923T001634,142251.305472,81.21212121212122,True,23,26,23:26
20260923T001634,143899.836672,81.21212121212122,True,51,27,51:27
20260923T001635,142547.298816,81.21212121212122,True,2,28,2:28
20260923T001635,143188.152064,81.21212121212122,True,21,22,21:22
20260923T001635,142926.275584,81.21212121212122,True,40,27,40:27
20260923T001635,144317.889024,81.21212121212122,True,43,22,43:22
20260923T001635,144580.247296,81.21212121212122,True,47,22,47:22
20260923T001635,142375.07328,81.21212121212122,True,50,26,50:26
20260923T001635,144606.192896,81.21212121212122,True,55,22,55:22
20260923T001635,142342.600704,81.21212121212122,True,58,26,58:26
20260923T001636,143681.382144,81.21212121212122,True,0,28,0:28
20260923T001636,142890.32704,81.21212121212122,True,20,30,20:30
20260923T001636,144500.558848,81.21212121212122,True,41,25,41:25
20260923T001636,142986.24256,81.21212121212122,True,52,30,52:30
20260923T001636,145509.483008,81.21212121212122,True,54,25,54:25
20260923T001637,143454.026752,81.21212121212122,True,3,29,3:29
20260923T001637,144921.757696,81.21212121212122,True,7,22,7:22
20260923T001637,146037.600768,81.21212121212122,True,8,31,8:31
20260923T001637,145239.937024,81.21212121212122,True,15,32,15:32
20260923T001637,145769.02016,81.21212121212122,True,19,23,19:23
20260923T001637,143721.7024,81.21212121212122,True,24,33,24:33
20260923T001637,143549.56544,81.21212121212122,True,29,30,29:30
20260923T001637,145280.68224,81.21212121212122,True,39,29,39:29
20260923T001637,144397.790976,81.21212121212122,True,61,30,61:30
20260923T001638,147560.096512,81.21212121212122,True,13,30,13:30
20260923T001638,145541.329664,81.21212121212122,True,14,27,14:27
20260923T001638,146890.975744,81.21212121212122,True,23,25,23:25
20260923T001638,146605.911808,81.21212121212122,True,24,32,24:32
20260923T001638,146231.162368,81.21212121212122,True,29,29,29:29
20260923T001638,147177.090304,81.21212121212122,True,34,21,34:21
20260923T001638,145695.803392,81.21212121212122,True,37,33,37:33
20260923T001638,145342.207744,81.21212121212122,True,49,24,49:24
20260923T001638,146131.228672,81.21212121212122,True,60,24,60:24
20260923T001639,144953.512704,81.21212121212122,True,1,29,1:29
20260923T001639,148617.94688,81.21212121212122,True,2,27,2:27
20260923T001639,146587.187968,81.21212121212122,True,10,31,10:31
20260923T001639,145849.227776,81.21212121212122,True,11,25,11:25
20260923T001639,147111.365376,81.21212121212122,True,12,23,12:23
20260923T001639,145663.842304,81.21212121212122,True,19,24,19:24
20260923T001639,146361.522432,81.21212121212122,True,25,32,25:32
20260923T001639,145751.440896,81.21212121212122,True,37,34,37:34
20260923T001639,146550.278656,81.21212121212122,True,38,25,38:25
20260923T001639,145480.009728,81.21212121212122,True,43,23,43:23
20260923T001639,148263.433472,81.21212121212122,True,44,30,44:30
20260923T001639,147503.427584,81.21212121212122,True,45,33,45:33
20260923T001639,147953.892096,81.21212121212122,True,46,31,46:31
20260923T001639,145693.164544,81.21212121212122,True,54,27,54:27
20260923T001640,148070.97856,81.21212121212122,True,4,32,4:32
20260923T001640,146168.438272,81.21212121212122,True,6,32,6:32
20260923T001640,147640.667648,81.21212121212122,True,8,32,8:32
20260923T001640,148641.781504,81.21212121212122,True,9,22,9:22
20260923T001640,147267.767296,81.21212121212122,True,42,27,42:27
20260923T001640,146469.041152,81.21212121212122,True,51,29,51:29
20260923T001641,146384.258816,81.21212121212122,True,8,33,8:33
20260923T001641,149298.747904,81.21212121212122,True,13,31,13:31
20260923T001641,148846.027776,81.21212121212122,True,20,29,20:29
20260923T001641,148474.01728,81.21212121212122,True,26,24,26:24
20260923T001641,146193.785344,81.21212121212122,True,27,29,27:29
20260923T001641,149781.618688,81.21212121212122,True,28,30,28:30
20260923T001641,147759.087872,81.21212121212122,True,33,25,33:25
20260923T001641,149936.303616,81.21212121212122,True,37,32,37:32
20260923T001641,147328.367872,81.21212121212122,True,38,26,38:26
20260923T001641,147056.548352,81.21212121212122,True,46,33,46:33
20260923T001641,146304.670464,81.21212121212122,True,51,30,51:30
20260923T001641,148721.965824,81.21212121212122,True,53,31,53:31
20260923T001641,149023.873024,81.21212121212122,True,55,23,55:23
20260923T001641,148974.016,81.21212121212122,True,62,23,62:23
20260923T001642,148418.58432,81.21212121212122,True,10,32,10:32
20260923T001642,147892.595968,81.21212121212122,True,14,28,14:28
20260923T001642,147566.405376,81.21212121212122,True,15,34,15:34
20260923T001642,148485.434624,81.21212121212122,True,22,24,22:24
20260923T001642,147860.952832,81.21212121212122,True,24,34,24:34
20260923T001642,150053.286912,81.21212121212122,True,36,29,36:29
20260923T001642,148697.356288,81.21212121212122,True,39,30,39:30
20260923T001642,148202.352128,81.21212121212122,True,40,28,40:28
20260923T001642,147929.497088,81.21212121212122,True,50,27,50:27
20260923T001642,150583.812352,81.21212121212122,True,52,29,52:29
20260923T001642,149078.5792,81.21212121212122,True,57,22,57:22
20260923T001643,148704.50304,81.21212121212122,True,2,29,2:29
20260923T001643,149719.520512,81.21212121212122,True,13,32,13:32
20260923T001643,148779.680512,81.21212121212122,True,21,23,21:23
20260923T001643,150745.58976,81.21212121212122,True,31,26,31:26
20260923T001643,149166.28224,81.21212121212122,True,34,22,34:22
20260923T001643,149481.104384,81.21212121212122,True,41,26,41:26
20260923T001643,150635.286016,81.21212121212122,True,44,31,44:31
20260923T001643,150966.107392,81.21212121212122,True,46,32,46:32
20260923T001643,150141.996288,81.21212121212122,True,47,23,47:23
20260923T001643,148787.973376,81.21212121212122,True,49,25,49:25
20260923T001643,150773.501184,81.21212121212122,True,56,33,56:33
20260923T001644,150362.666496,81.21212121212122,True,4,33,4:33
20260923T001644,149692.885248,81.21212121212122,True,13,33,13:33
20260923T001644,151413.026816,81.21212121212122,True,16,25,16:25
20260923T001644,150210.528256,81.21212121212122,True,23,27,23:27
20260923T001644,150409.973504,81.21212121212122,True,31,27,31:27
20260923T001644,151660.611072,81.21212121212122,True,32,32,32:32
20260923T001644,149848.918016,81.21212121212122,True,32,33,32:33
20260923T001644,150198.999552,81.21212121212122,True,35,29,35:29
20260923T001644,149797.635584,81.21212121212122,True,36,30,36:30
20260923T001644,151518.845952,81.21212121212122,True,45,34,45:34
20260923T001644,152031.626752,81.21212121212122,True,48,23,48:23
20260923T001644,150317.430016,81.21212121212122,True,48,24,48:24
20260923T001644,150226.576896,81.21212121212122,True,52,31,52:31
20260923T001644,150609.517312,81.21212121212122,True,60,25,60:25
20260923T001644,151581.412352,81.21212121212122,True,63,27,63:27
20260923T001645,150707.856384,81.21212121212122,True,3,30,3:30
20260923T001645,151861.28896,81.21212121212122,True,5,24,5:24
20260923T001645,152095.924992,81.21212121212122,True,15,33,15:33
20260923T001645,151089.285376,81.21212121212122,True,18,30,18:30
20260923T001645,152361.303552,81.21212121212122,True,28,31,28:31
20260923T001645,149778.153472,81.21212121212122,True,54,28,54:28
20260923T001645,152806.851584,81.21212121212122,True,59,32,59:32
20260923T001646,150357.40416,81.21212121212122,True,1,30,1:30
20260923T001646,151136.783872,81.21212121212122,True,6,33,6:33
20260923T001646,152456.470272,81.21212121212122,True,7,23,7:23
20260923T001646,150870.714624,81.21212121212122,True,10,33,10:33
20260923T001646,151226.724608,81.21212121212122,True,19,25,19:25
20260923T001646,153200.83584,81.21212121212122,True,35,28,35:28
20260923T001646,151234.885632,81.21212121212122,True,57,23,57:23
20260923T001647,151542.581504,81.21212121212122,True,7,24,7:24
20260923T001647,154124.704768,81.21212121212122,True,9,23,9:23
20260923T001647,151293.993216,81.21212121212122,True,22,25,22:25
20260923T001647,151346.741504,81.21212121212122,True,23,28,23:28
20260923T001647,151590.354432,81.21212121212122,True,26,26,26:26
20260923T001647,153986.563072,81.21212121212122,True,27,28,27:28
20260923T001647,153223.647744,81.21212121212122,True,29,31,29:31
20260923T001647,154051.647232,81.21212121212122,True,30,29,30:29
20260923T001647,151529.495552,81.21212121212122,True,33,26,33:26
20260923T001647,152946.428928,81.21212121212122,True,45,35,45:35
20260923T001647,153730.360576,81.21212121212122,True,53,32,53:32
20260923T001647,152938.947328,81.21212121212122,True,55,24,55:24
20260923T001647,151825.3056,81.21212121212122,True,59,34,59:34
20260923T001647,152613.7088,81.21212121212122,True,63,28,63:28
20260923T001648,154123.35488,81.21212121212122,True,0,29,0:29
20260923T001648,153472.92032,81.21212121212122,True,16,26,16:26
20260923T001648,153537.946624,81.21212121212122,True,26,25,26:25
20260923T001648,153161.864448,81.21212121212122,True,34,23,34:23
20260923T001648,152265.844224,81.21212121212122,True,36,31,36:31
20260923T001648,154328.623104,81.21212121212122,True,44,32,44:32
20260923T001649,155239.336448,81.21212121212122,True,12,24,12:24
20260923T001649,154002.124288,81.21212121212122,True,17,27,17:27
20260923T001649,153454.671104,81.21212121212122,True,17,28,17:28
20260923T001649,153101.457408,81.21212121212122,True,18,31,18:31
20260923T001649,153195.707136,81.21212121212122,True,20,31,20:31
20260923T001649,153262.761216,81.21212121212122,True,25,34,25:34
20260923T001649,153809.268736,81.21212121212122,True,43,24,43:24
20260923T001649,153382.041088,81.21212121212122,True,50,28,50:28
20260923T001649,154263.809792,81.21212121212122,True,52,32,52:32
20260923T001649,153885.186816,81.21212121212122,True,53,33,53:33
20260923T001649,152563.228416,81.21212121212122,True,55,25,55:25
20260923T001650,154414.54208,81.21212121212122,True,2,30,2:30
20260923T001650,154453.81632,81.21212121212122,True,5,25,5:25
20260923T001650,153955.489024,81.21212121212122,True,12,25,12:25
20260923T001650,154497.806592,81.21212121212122,True,13,34,13:34
20260923T001650,153153.84448,81.21212121212122,True,21,24,21:24
20260923T001650,155777.827072,81.21212121212122,True,25,33,25:33
20260923T001650,154320.882944,81.21212121212122,True,30,31,30:31
20260923T001650,154611.994112,81.21212121212122,True,32,34,32:34
20260923T001650,153184.462848,81.21212121212122,True,45,37,45:37
20260923T001650,153570.698496,81.21212121212122,True,46,35,46:35
20260923T001650,153460.263424,81.21212121212122,True,48,25,48:25
20260923T001650,156554.391808,81.21212121212122,True,59,33,59:33
20260923T001650,153799.442688,81.21212121212122,True,59,35,59:35
20260923T001650,155463.732224,81.21212121212122,True,61,31,61:31
20260923T001651,155892.157696,81.21212121212122,True,0,30,0:30
20260923T001651,155190.092032,81.21212121212122,True,4,35,4:35
20260923T001651,154824.954624,81.21212121212122,True,10,34,10:34
20260923T001651,155868.274688,81.21212121212122,True,11,26,11:26
20260923T001651,156851.236352,81.21212121212122,True,39,31,39:31
20260923T001651,156435.258624,81.21212121212122,True,40,29,40:29
20260923T001651,155798.048768,81.21212121212122,True,44,33,44:33
20260923T001651,157166.561024,81.21212121212122,True,56,34,56:34
20260923T001652,155297.742848,81.21212121212122,True,0,31,0:31
20260923T001652,154672.011776,81.21212121212122,True,2,31,2:31
20260923T001652,154531.635968,81.21212121212122,True,5,26,5:26
20260923T001652,156932.32768,81.21212121212122,True,28,32,28:32
20260923T001652,157166.45888,81.21212121212122,True,42,28,42:28
20260923T001652,157284.78848,81.21212121212122,True,58,27,58:27
20260923T001652,154945.998336,81.21212121212122,True,60,27,60:27
20260923T001653,157858.949632,81.21212121212122,True,9,24,9:24
20260923T001653,157185.948672,81.21212121212122,True,19,26,19:26
20260923T001653,156981.378304,81.21212121212122,True,27,30,27:30
20260923T001653,156751.19744,81.21212121212122,True,29,32,29:32
20260923T001653,156160.623104,81.21212121212122,True,36,32,36:32
20260923T001653,158430.081792,81.21212121212122,True,37,35,37:35
20260923T001653,156889.09568,81.21212121212122,True,39,32,39:32
20260923T001653,155886.838784,81.21212121212122,True,40,30,40:30
20260923T001653,157649.65248,81.21212121212122,True,62,24,62:24
20260923T001654,159261.005312,81.21212121212122,True,4,34,4:34
20260923T001654,158079.700736,81.21212121212122,True,14,29,14:29
20260923T001654,158580.518656,81.21212121212122,True,30,30,30:30
20260923T001654,157899.463424,81.21212121212122,True,32,35,32:35
20260923T001654,156797.501696,81.21212121212122,True,39,33,39:33
20260923T001654,157745.651968,81.21212121212122,True,41,27,41:27
20260923T001654,158878.363904,81.21212121212122,True,47,24,47:24
20260923T001654,156733.878528,81.21212121212122,True,47,25,47:25
20260923T001654,156681.850624,81.21212121212122,True,62,25,62:25
20260923T001655,156675.721984,81.21212121212122,True,1,31,1:31
20260923T001655,158724.925184,81.21212121212122,True,3,31,3:31
20260923T001655,157480.883456,81.21212121212122,True,18,32,18:32
20260923T001655,157220.224,81.21212121212122,True,24,36,24:36
20260923T001655,159181.826304,81.21212121212122,True,35,30,35:30
20260923T001655,159422.724608,81.21212121212122,True,38,27,38:27
20260923T001655,159715.524096,81.21212121212122,True,45,36,45:36
20260923T001655,159941.993728,81.21212121212122,True,60,26,60:26
20260923T001656,160786.844928,81.21212121212122,True,8,34,8:34
20260923T001656,159132.911872,81.21212121212122,True,29,33,29:33
20260923T001656,158441.325824,81.21212121212122,True,31,29,31:29
20260923T001656,159004.597248,81.21212121212122,True,38,28,38:28
20260923T001656,160308.507904,81.21212121212122,True,46,34,46:34
20260923T001656,158019.640832,81.21212121212122,True,58,29,58:29
20260923T001656,158197.477632,81.21212121212122,True,63,30,63:30
20260923T001657,159029.712896,81.21212121212122,True,3,32,3:32
20260923T001657,161077.389312,81.21212121212122,True,6,34,6:34
20260923T001657,159973.63456,81.21212121212122,True,9,25,9:25
20260923T001657,160676.317952,81.21212121212122,True,15,35,15:35
20260923T001657,159663.83616,81.21212121212122,True,28,34,28:34
20260923T001657,159080.857344,81.21212121212122,True,35,31,35:31
20260923T001657,158667.057664,81.21212121212122,True,42,30,42:30
20260923T001657,158839.125504,81.21212121212122,True,45,38,45:38
20260923T001657,160811.583744,81.21212121212122,True,52,33,52:33
20260923T001657,161322.507264,81.21212121212122,True,56,35,56:35
20260923T001657,159271.760128,81.21212121212122,True,59,36,59:36
20260923T001657,162231.406336,81.21212121212122,True,61,32,61:32
20260923T001658,161954.06336,81.21212121212122,True,24,35,24:35
20260923T001658,159272.821248,81.21212121212122,True,25,36,25:36
20260923T001658,162413.056,81.21212121212122,True,28,33,28:33
20260923T001658,161816.312064,81.21212121212122,True,31,28,31:28
20260923T001658,158832.690432,81.21212121212122,True,34,25,34:25
20260923T001658,160681.486336,81.21212121212122,True,42,29,42:29
20260923T001658,159541.566208,81.21212121212122,True,46,36,46:36
20260923T001658,162175.412992,81.21212121212122,True,51,31,51:31
20260923T001658,159437.636608,81.21212121212122,True,52,35,52:35
20260923T001658,161434.75712,81.21212121212122,True,53,34,53:34
20260923T001658,159871.803648,81.21212121212122,True,54,30,54:30
20260923T001659,159869.65632,81.21212121212122,True,2,32,2:32
20260923T001659,162033.211904,81.21212121212122,True,33,27,33:27
20260923T001659,160512.152832,81.21212121212122,True,36,33,36:33
20260923T001659,159913.93664,81.21212121212122,True,41,29,41:29
20260923T001659,162350.49856,81.21212121212122,True,43,25,43:25
20260923T001659,160657.794048,81.21212121212122,True,44,35,44:35
20260923T001659,161196.807424,81.21212121212122,True,48,26,48:26
20260923T001659,162651.983104,81.21212121212122,True,49,26,49:26
20260923T001659,161987.33568,81.21212121212122,True,50,29,50:29
20260923T001659,162699.171072,81.21212121212122,True,63,29,63:29
20260923T001700,162001.27616,81.21212121212122,True,4,36,4:36
20260923T001700,162787.534592,81.21212121212122,True,11,27,11:27
20260923T001700,161203.307008,81.21212121212122,True,24,37,24:37
20260923T001700,163375.162112,81.21212121212122,True,34,24,34:24
20260923T001700,162733.0752,81.21212121212122,True,51,32,51:32
20260923T001700,161325.82272,81.21212121212122,True,57,25,57:25
20260923T001700,163370.210816,81.21212121212122,True,61,33,61:33
20260923T001701,161725.955328,81.21212121212122,True,5,27,5:27
20260923T001701,164121.350144,81.21212121212122,True,8,35,8:35
20260923T001701,163693.654784,81.21212121212122,True,23,29,23:29
20260923T001701,163656.3136,81.21212121212122,True,25,35,25:35
20260923T001701,161179.87328,81.21212121212122,True,37,38,37:38
20260923T001701,164453.94688,81.21212121212122,True,54,29,54:29
20260923T001701,163635.443968,81.21212121212122,True,56,36,56:36
20260923T001701,164640.988928,81.21212121212122,True,57,24,57:24
20260923T001701,164293.938176,81.21212121212122,True,58,28,58:28
20260923T001702,164302.916608,81.21212121212122,True,0,32,0:32
20260923T001702,163052.95744,81.21212121212122,True,6,36,6:36
20260923T001702,163039.34336,81.21212121212122,True,29,34,29:34
20260923T001702,163648.265472,81.21212121212122,True,32,36,32:36
20260923T001702,165160.470528,81.21212121212122,True,37,36,37:36
20260923T001702,164561.13408,81.21212121212122,True,37,37,37:37
20260923T001702,164790.2592,81.21212121212122,True,44,34,44:34
20260923T001702,164893.74336,81.21212121212122,True,52,34,52:34
20260923T001702,163144.933632,81.21212121212122,True,56,37,56:37
20260923T001703,165600.156416,81.21212121212122,True,10,35,10:35
20260923T001703,165648.927744,81.21212121212122,True,12,26,12:26
20260923T001703,164303.912448,81.21212121212122,True,17,29,17:29
20260923T001703,165504.403456,81.21212121212122,True,20,32,20:32
20260923T001703,163419.543552,81.21212121212122,True,25,37,25:37
20260923T001703,163591.631616,81.21212121212122,True,33,28,33:28
20260923T001703,163773.324288,81.21212121212122,True,39,34,39:34
20260923T001703,164624.248064,81.21212121212122,True,41,28,41:28
20260923T001703,163724.266752,81.21212121212122,True,44,36,44:36
20260923T001703,164540.521472,81.21212121212122,True,49,27,49:27
20260923T001703,164608.251392,81.21212121212122,True,53,35,53:35
20260923T001703,163947.806464,81.21212121212122,True,54,31,54:31
20260923T001703,163249.958144,81.21212121212122,True,58,30,58:30
20260923T001703,163198.444032,81.21212121212122,True,60,28,60:28
20260923T001703,164793.041152,81.21212121212122,True,62,26,62:26
20260923T001704,166696.918784,81.21212121212122,True,6,35,6:35
20260923T001704,166737.015808,81.21212121212122,True,15,36,15:36
20260923T001704,165506.286592,81.21212121212122,True,15,37,15:37
20260923T001704,166565.185792,81.21212121212122,True,16,27,16:27
20260923T001704,165704.321024,81.21212121212122,True,19,27,19:27
20260923T001704,165967.638784,81.21212121212122,True,21,25,21:25
20260923T001704,166371.130368,81.21212121212122,True,26,27,26:27
20260923T001704,165887.795456,81.21212121212122,True,27,31,27:31
20260923T001704,164473.474048,81.21212121212122,True,49,28,49:28
20260923T001704,165376.866048,81.21212121212122,True,51,33,51:33
20260923T001704,164259.149056,81.21212121212122,True,53,36,53:36
20260923T001705,165059.932672,81.21212121212122,True,11,28,11:28
20260923T001705,167337.655808,81.21212121212122,True,13,35,13:35
20260923T001705,165067.575808,81.21212121212122,True,19,28,19:28
20260923T001705,166217.641472,81.21212121212122,True,20,33,20:33
20260923T001705,166900.644608,81.21212121212122,True,22,26,22:26
20260923T001705,165625.309952,81.21212121212122,True,28,35,28:35
20260923T001705,165424.956928,81.21212121212122,True,38,29,38:29
20260923T001706,166750.257152,81.21212121212122,True,0,33,0:33
20260923T001706,166611.666176,81.21212121212122,True,1,32,1:32
20260923T001706,168030.29248,81.21212121212122,True,14,30,14:30
20260923T001706,166637.827072,81.21212121212122,True,18,33,18:33
20260923T001706,166886.051584,81.21212121212122,True,23,30,23:30
20260923T001706,166350.985984,81.21212121212122,True,26,28,26:28
20260923T001706,168379.853312,81.21212121212122,True,30,32,30:32
20260923T001706,166676.285184,81.21212121212122,True,31,30,31:30
20260923T001706,166136.492544,81.21212121212122,True,35,32,35:32
20260923T001706,167379.395584,81.21212121212122,True,40,31,40:31
20260923T001706,165546.79936,81.21212121212122,True,53,37,53:37
20260923T001706,168265.368832,81.21212121212122,True,55,26,55:26
20260923T001706,167200.89728,81.21212121212122,True,59,37,59:37
20260923T001706,165802.700544,81.21212121212122,True,61,35,61:35
20260923T001707,168739.475456,81.21212121212122,True,7,25,7:25
20260923T001707,167064.257024,81.21212121212122,True,12,27,12:27
20260923T001707,167402.33088,81.21212121212122,True,13,36,13:36
20260923T001707,166315.055872,81.21212121212122,True,14,32,14:32
20260923T001707,167440.18304,81.21212121212122,True,15,38,15:38
20260923T001707,167446.073344,81.21212121212122,True,17,30,17:30
20260923T001707,166874.710016,81.21212121212122,True,22,27,22:27
20260923T001707,166462.109696,81.21212121212122,True,37,39,37:39
20260923T001707,167417.358592,81.21212121212122,True,42,31,42:31
20260923T001707,168088.173312,81.21212121212122,True,43,26,43:26
20260923T001707,167118.386432,81.21212121212122,True,55,27,55:27
20260923T001708,167572.018176,81.21212121212122,True,20,34,20:34
20260923T001708,167159.154944,81.21212121212122,True,31,31,31:31
20260923T001708,167038.175232,81.21212121212122,True,39,35,39:35
20260923T001708,168731.121408,81.21212121212122,True,45,39,45:39
20260923T001708,169445.380608,81.21212121212122,True,50,30,50:30
20260923T001708,167888.189184,81.21212121212122,True,50,31,50:31
20260923T001708,169608.136192,81.21212121212122,True,61,34,61:34
20260923T001709,169400.106496,81.21212121212122,True,3,33,3:33
20260923T001709,169233.741568,81.21212121212122,True,7,26,7:26
20260923T001709,170211.379456,81.21212121212122,True,8,36,8:36
20260923T001709,168103.608576,81.21212121212122,True,15,39,15:39
20260923T001709,168013.335808,81.21212121212122,True,21,26,21:26
20260923T001709,169641.137664,81.21212121212122,True,30,33,30:33
20260923T001709,168926.830336,81.21212121212122,True,32,37,32:37
20260923T001709,168120.104704,81.21212121212122,True,44,37,44:37
20260923T001709,168401.09824,81.21212121212122,True,59,38,59:38
20260923T001709,170460.856064,81.21212121212122,True,63,31,63:31
20260923T001710,170347.300096,81.21212121212122,True,4,37,4:37
20260923T001710,169213.053696,81.21212121212122,True,4,38,4:38
20260923T001710,169130.530048,81.21212121212122,True,6,37,6:37
20260923T001710,168856.553216,81.21212121212122,True,13,37,13:37
20260923T001710,170990.705152,81.21212121212122,True,14,31,14:31
20260923T001710,169331.985408,81.21212121212122,True,36,34,36:34
20260923T001710,169929.081856,81.21212121212122,True,46,37,46:37
20260923T001710,168630.944768,81.21212121212122,True,47,27,47:27
20260923T001710,169893.80224,81.21212121212122,True,63,32,63:32
20260923T001711,172254.437376,81.21212121212122,True,9,26,9:26
20260923T001711,171783.31648,81.21212121212122,True,16,28,16:28
20260923T001711,169973.110528,81.21212121212122,True,18,34,18:34
20260923T001711,171195.206144,81.21212121212122,True,23,31,23:31
20260923T001711,168558.03648,81.21212121212122,True,24,39,24:39
20260923T001711,168951.366144,81.21212121212122,True,25,39,25:39
20260923T001711,171029.78432,81.21212121212122,True,27,32,27:32
20260923T001711,168739.72992,81.21212121212122,True,37,40,37:40
20260923T001711,169188.781568,81.21212121212122,True,38,30,38:30
20260923T001711,170542.317824,81.21212121212122,True,40,32,40:32
20260923T001711,171362.342656,81.21212121212122,True,48,27,48:27
20260923T001711,169708.287232,81.21212121212122,True,52,37,52:37
20260923T001711,170514.854912,81.21212121212122,True,54,32,54:32
20260923T001712,170390.216448,81.21212121212122,True,1,33,1:33
20260923T001712,172549.32096,81.21212121212122,True,8,37,8:37
20260923T001712,172141.723392,81.21212121212122,True,10,36,10:36
20260923T001712,170194.260992,81.21212121212122,True,17,31,17:31
20260923T001712,172405.30432,81.21212121212122,True,47,26,47:26
20260923T001712,172770.30912,81.21212121212122,True,51,34,51:34
20260923T001712,169819.763968,81.21212121212122,True,59,39,59:39
20260923T001713,171995.26144,81.21212121212122,True,8,38,8:38
20260923T001713,170864.58624,81.21212121212122,True,22,28,22:28
20260923T001713,171318.289152,81.21212121212122,True,23,32,23:32
20260923T001713,172989.31712,81.21212121212122,True,24,38,24:38
20260923T001713,170841.643776,81.21212121212122,True,26,29,26:29
20260923T001713,171842.969856,81.21212121212122,True,28,36,28:36
20260923T001713,171545.2992,81.21212121212122,True,36,35,36:35
20260923T001713,170903.023104,81.21212121212122,True,50,32,50:32
20260923T001713,172467.398912,81.21212121212122,True,52,36,52:36
20260923T001714,173752.414464,81.21212121212122,True,2,33,2:33
20260923T001714,171671.669248,81.21212121212122,True,3,35,3:35
20260923T001714,172125.874688,81.21212121212122,True,6,38,6:38
20260923T001714,171773.24672,81.21212121212122,True,8,39,8:39
20260923T001714,171220.6912,81.21212121212122,True,13,38,13:38
20260923T001714,172766.328832,81.21212121212122,True,16,29,16:29
20260923T001714,171170.521344,81.21212121212122,True,19,29,19:29
20260923T001714,171288.548096,81.21212121212122,True,21,27,21:27
20260923T001714,172988.342016,81.21212121212122,True,29,35,29:35
20260923T001714,170745.473792,81.21212121212122,True,34,27,34:27
20260923T001714,173050.084096,81.21212121212122,True,35,33,35:33
20260923T001714,170892.05888,81.21212121212122,True,43,28,43:28
20260923T001714,172723.113728,81.21212121212122,True,45,40,45:40
20260923T001714,172624.261376,81.21212121212122,True,62,27,62:27
20260923T001715,171749.107456,81.21212121212122,True,2,35,2:35
20260923T001715,173254.756096,81.21212121212122,True,7,27,7:27
20260923T001715,173867.296,81.21212121212122,True,11,29,11:29
20260923T001715,174334.619648,81.21212121212122,True,30,34,30:34
20260923T001715,174417.666048,81.21212121212122,True,34,26,34:26
20260923T001715,172459.59168,81.21212121212122,True,35,34,35:34
20260923T001715,174101.339392,81.21212121212122,True,41,30,41:30
20260923T001715,171909.956864,81.21212121212122,True,46,39,46:39
20260923T001715,174980.748544,81.21212121212122,True,56,38,56:38
20260923T001716,174491.5264,81.21212121212122,True,0,34,0:34
20260923T001716,175783.232,81.21212121212122,True,3,34,3:34
20260923T001716,175127.800576,81.21212121212122,True,10,37,10:37
20260923T001716,173180.694272,81.21212121212122,True,41,31,41:31
20260923T001716,172974.212608,81.21212121212122,True,52,38,52:38
20260923T001716,173486.707712,81.21212121212122,True,54,33,54:33
20260923T001716,174391.201792,81.21212121212122,True,61,36,61:36
20260923T001717,173314.23232,81.21212121212122,True,3,36,3:36
20260923T001717,175092.373248,81.21212121212122,True,12,28,12:28
20260923T001717,175416.048384,81.21212121212122,True,33,29,33:29
20260923T001717,173401.489664,81.21212121212122,True,33,30,33:30
20260923T001717,173077.35424,81.21212121212122,True,36,36,36:36
20260923T001717,173400.639232,81.21212121212122,True,38,31,38:31
20260923T001717,174236.466176,81.21212121212122,True,44,38,44:38
20260923T001717,174824.593152,81.21212121212122,True,45,41,45:41
20260923T001717,173972.31872,81.21212121212122,True,57,27,57:27
20260923T001717,174741.153536,81.21212121212122,True,58,31,58:31
20260923T001718,174117.634304,81.21212121212122,True,4,40,4:40
20260923T001718,176183.323904,81.21212121212122,True,5,28,5:28
20260923T001718,176649.535232,81.21212121212122,True,9,27,9:27
20260923T001718,175560.120832,81.21212121212122,True,10,38,10:38
20260923T001718,175190.678272,81.21212121212122,True,24,40,24:40
20260923T001718,176731.741696,81.21212121212122,True,42,32,42:32
20260923T001718,177269.6896,81.21212121212122,True,43,27,43:27
20260923T001718,177171.866624,81.21212121212122,True,46,38,46:38
20260923T001718,176818.79808,81.21212121212122,True,51,35,51:35
20260923T001719,176896.350464,81.21212121212122,True,9,28,9:28
20260923T001719,175666.724608,81.21212121212122,True,16,30,16:30
20260923T001719,177542.196736,81.21212121212122,True,25,38,25:38
20260923T001719,176222.88768,81.21212121212122,True,42,33,42:33
20260923T001719,176980.507136,81.21212121212122,True,53,38,53:38
20260923T001719,177649.895168,81.21212121212122,True,57,26,57:26
20260923T001719,175645.6576,81.21212121212122,True,59,40,59:40
20260923T001720,175766.723072,81.21212121212122,True,13,39,13:39
20260923T001720,177807.983872,81.21212121212122,True,15,40,15:40
20260923T001720,177830.144768,81.21212121212122,True,20,35,20:35
20260923T001720,175861.261568,81.21212121212122,True,26,30,26:30
20260923T001720,177272.884992,81.21212121212122,True,27,34,27:34
20260923T001720,177647.60448,81.21212121212122,True,31,32,31:32
20260923T001720,177079.07712,81.21212121212122,True,32,39,32:39
20260923T001720,178388.244224,81.21212121212122,True,49,29,49:29
20260923T001721,179309.131776,81.21212121212122,True,2,34,2:34
20260923T001721,178493.1136,81.21212121212122,True,4,39,4:39
20260923T001721,178491.616256,81.21212121212122,True,14,33,14:33
20260923T001721,177012.201984,81.21212121212122,True,14,34,14:34
20260923T001721,178516.717312,81.21212121212122,True,30,35,30:35
20260923T001721,179752.408064,81.21212121212122,True,32,38,32:38
20260923T001721,176634.908416,81.21212121212122,True,47,28,47:28
20260923T001721,178900.429568,81.21212121212122,True,48,28,48:28
20260923T001721,179929.344256,81.21212121212122,True,55,28,55:28
20260923T001721,179328.208896,81.21212121212122,True,60,29,60:29
20260923T001721,176385.42848,81.21212121212122,True,60,31,60:31
20260923T001721,179960.146176,81.21212121212122,True,63,33,63:33
20260923T001721,178288.84736,81.21212121212122,True,63,34,63:34
20260923T001722,177948.64128,81.21212121212122,True,5,29,5:29
20260923T001722,178553.535488,81.21212121212122,True,11,30,11:30
20260923T001722,177640.702976,81.21212121212122,True,20,37,20:37
20260923T001722,180502.237696,81.21212121212122,True,27,33,27:33
20260923T001722,177728.053504,81.21212121212122,True,28,38,28:38
20260923T001722,177924.309248,81.21212121212122,True,29,37,29:37
20260923T001722,180221.072896,81.21212121212122,True,56,39,56:39
20260923T001722,178737.743616,81.21212121212122,True,60,30,60:30
20260923T001723,178589.200384,81.21212121212122,True,6,40,6:40
20260923T001723,178276.569344,81.21212121212122,True,8,41,8:41
20260923T001723,178988.210176,81.21212121212122,True,10,39,10:39
20260923T001723,180551.201792,81.21212121212122,True,29,36,29:36
20260923T001723,177992.183552,81.21212121212122,True,42,34,42:34
20260923T001723,179436.97792,81.21212121212122,True,48,29,48:29
20260923T001723,178341.3056,81.21212121212122,True,54,34,54:34
20260923T001723,180082.134016,81.21212121212122,True,56,40,56:40
20260923T001723,178354.542336,81.21212121212122,True,61,38,61:38
20260923T001724,181319.005952,81.21212121212122,True,0,35,0:35
20260923T001724,181722.815488,81.21212121212122,True,18,35,18:35
20260923T001724,180925.759488,81.21212121212122,True,25,40,25:40
20260923T001724,179456.675584,81.21212121212122,True,31,33,31:33
20260923T001724,178776.892928,81.21212121212122,True,33,31,33:31
20260923T001724,178777.885952,81.21212121212122,True,34,28,34:28
20260923T001724,180548.61824,81.21212121212122,True,40,34,40:34
20260923T001724,180383.964416,81.21212121212122,True,49,30,49:30
20260923T001724,181718.778624,81.21212121212122,True,51,36,51:36
20260923T001724,179913.423104,81.21212121212122,True,58,32,58:32
20260923T001724,179046.998528,81.21212121212122,True,63,35,63:35
20260923T001725,181705.484288,81.21212121212122,True,0,36,0:36
20260923T001725,181285.887488,81.21212121212122,True,9,29,9:29
20260923T001725,181387.69408,81.21212121212122,True,15,41,15:41
20260923T001725,182599.849216,81.21212121212122,True,28,37,28:37
20260923T001725,180713.04832,81.21212121212122,True,32,40,32:40
20260923T001725,179885.376,81.21212121212122,True,35,36,35:36
20260923T001725,182148.261376,81.21212121212122,True,40,33,40:33
20260923T001725,180147.089408,81.21212121212122,True,40,35,40:35
20260923T001725,181275.8656,81.21212121212122,True,44,39,44:39
20260923T001725,180887.2,81.21212121212122,True,45,42,45:42
20260923T001726,180794.713088,81.21212121212122,True,3,37,3:37
20260923T001726,180931.016448,81.21212121212122,True,11,31,11:31
20260923T001726,180478.568704,81.21212121212122,True,19,30,19:30
20260923T001726,182361.314816,81.21212121212122,True,23,33,23:33
20260923T001726,182917.829632,81.21212121212122,True,39,36,39:36
20260923T001726,180539.217152,81.21212121212122,True,45,43,45:43
20260923T001726,180553.049088,81.21212121212122,True,57,28,57:28
20260923T001726,182812.065024,81.21212121212122,True,61,37,61:37
20260923T001726,183371.532288,81.21212121212122,True,62,28,62:28
20260923T001727,181032.559104,81.21212121212122,True,5,30,5:30
20260923T001727,182997.030912,81.21212121212122,True,7,28,7:28
20260923T001727,181675.762688,81.21212121212122,True,10,40,10:40
20260923T001727,183858.213376,81.21212121212122,True,20,36,20:36
20260923T001727,183840.4992,81.21212121212122,True,35,35,35:35
20260923T001727,184194.822912,81.21212121212122,True,37,41,37:41
20260923T001727,181028.5312,81.21212121212122,True,47,29,47:29
20260923T001727,182061.151232,81.21212121212122,True,50,34,50:34
20260923T001727,181165.083648,81.21212121212122,True,58,33,58:33
20260923T001728,182606.273024,81.21212121212122,True,2,36,2:36
20260923T001728,184091.609344,81.21212121212122,True,17,32,17:32
20260923T001728,183232.67328,81.21212121212122,True,29,38,29:38
20260923T001728,183657.065216,81.21212121212122,True,39,37,39:37
20260923T001728,184176.978944,81.21212121212122,True,50,33,50:33
20260923T001728,184158.511872,81.21212121212122,True,52,39,52:39
20260923T001728,183745.20576,81.21212121212122,True,53,40,53:40
20260923T001728,184318.46016,81.21212121212122,True,55,29,55:29
20260923T001728,184255.528704,81.21212121212122,True,56,41,56:41
20260923T001728,182538.131968,81.21212121212122,True,56,42,56:42
20260923T001729,184997.776896,81.21212121212122,True,6,39,6:39
20260923T001729,184773.296128,81.21212121212122,True,46,40,46:40
20260923T001729,183303.30496,81.21212121212122,True,51,38,51:38
20260923T001729,182898.551296,81.21212121212122,True,52,40,52:40
20260923T001729,185694.155264,81.21212121212122,True,53,39,53:39
20260923T001729,182297.205504,81.21212121212122,True,56,43,56:43
20260923T001729,184353.427456,81.21212121212122,True,59,41,59:41
20260923T001729,184187.432192,81.21212121212122,True,62,29,62:29
20260923T001730,186010.553088,81.21212121212122,True,1,34,1:34
20260923T001730,184521.104128,81.21212121212122,True,1,35,1:35
20260923T001730,186545.20064,81.21212121212122,True,8,40,8:40
20260923T001730,185801.525504,81.21212121212122,True,12,29,12:29
20260923T001730,185302.997504,81.21212121212122,True,18,36,18:36
20260923T001730,183196.685312,81.21212121212122,True,25,42,25:42
20260923T001730,184418.119424,81.21212121212122,True,38,32,38:32
20260923T001730,184636.978688,81.21212121212122,True,44,40,44:40
20260923T001731,185928.018432,81.21212121212122,True,4,41,4:41
20260923T001731,185051.21536,81.21212121212122,True,7,29,7:29
20260923T001731,184793.284352,81.21212121212122,True,8,42,8:42
20260923T001731,184865.367296,81.21212121212122,True,10,41,10:41
20260923T001731,184252.591872,81.21212121212122,True,14,36,14:36
20260923T001731,185844.816896,81.21212121212122,True,15,42,15:42
20260923T001731,185388.146688,81.21212121212122,True,23,34,23:34
20260923T001731,186288.278016,81.21212121212122,True,25,41,25:41
20260923T001731,184673.256704,81.21212121212122,True,29,39,29:39
20260923T001731,185731.4176,81.21212121212122,True,36,37,36:37
20260923T001731,184832.916736,81.21212121212122,True,42,35,42:35
20260923T001731,185937.503744,81.21212121212122,True,49,31,49:31
20260923T001731,186068.371968,81.21212121212122,True,51,37,51:37
20260923T001732,186354.49088,81.21212121212122,True,9,30,9:30
20260923T001732,186434.256384,81.21212121212122,True,13,40,13:40
20260923T001732,186508.595968,81.21212121212122,True,16,31,16:31
20260923T001732,187958.154752,81.21212121212122,True,22,29,22:29
20260923T001732,187884.064,81.21212121212122,True,24,41,24:41
20260923T001732,188034.067968,81.21212121212122,True,37,42,37:42
20260923T001732,185866.873344,81.21212121212122,True,37,43,37:43
20260923T001732,185961.8944,81.21212121212122,True,39,38,39:38
20260923T001732,187340.109568,81.21212121212122,True,43,29,43:29
20260923T001733,188816.212992,81.21212121212122,True,30,36,30:36
20260923T001733,185586.411776,81.21212121212122,True,31,34,31:34
20260923T001733,185965.282304,81.21212121212122,True,38,33,38:33
20260923T001733,187686.81472,81.21212121212122,True,46,41,46:41
20260923T001733,186626.897664,81.21212121212122,True,54,35,54:35
20260923T001734,188246.444032,81.21212121212122,True,17,33,17:33
20260923T001734,188499.523328,81.21212121212122,True,24,42,24:42
20260923T001734,188628.708352,81.21212121212122,True,27,35,27:35
20260923T001734,188318.062336,81.21212121212122,True,30,37,30:37
20260923T001734,186783.862272,81.21212121212122,True,37,44,37:44
20260923T001734,187227.67744,81.21212121212122,True,43,30,43:30
20260923T001734,188171.917824,81.21212121212122,True,53,41,53:41
20260923T001734,188843.634688,81.21212121212122,True,55,30,55:30
20260923T001734,186043.045888,81.21212121212122,True,57,29,57:29
20260923T001734,188220.918272,81.21212121212122,True,59,42,59:42
20260923T001735,189009.012992,81.21212121212122,True,6,41,6:41
20260923T001735,186670.904064,81.21212121212122,True,11,33,11:33
20260923T001735,187247.493376,81.21212121212122,True,13,42,13:42
20260923T001735,188914.353152,81.21212121212122,True,18,37,18:37
20260923T001735,187243.659776,81.21212121212122,True,18,38,18:38
20260923T001735,189072.186112,81.21212121212122,True,26,31,26:31
20260923T001735,188851.061504,81.21212121212122,True,33,32,33:32
20260923T001735,188257.6192,81.21212121212122,True,35,37,35:37
20260923T001735,189480.624384,81.21212121212122,True,41,32,41:32
20260923T001735,188342.63296,81.21212121212122,True,41,33,41:33
20260923T001735,189302.5792,81.21212121212122,True,48,30,48:30
20260923T001735,187351.475712,81.21212121212122,True,50,35,50:35
20260923T001736,189959.255552,81.21212121212122,True,0,37,0:37
20260923T001736,189612.685568,81.21212121212122,True,4,42,4:42
20260923T001736,188792.216832,81.21212121212122,True,5,31,5:31
20260923T001736,189869.143296,81.21212121212122,True,14,35,14:35
20260923T001736,190676.592384,81.21212121212122,True,20,38,20:38
20260923T001736,190111.863552,81.21212121212122,True,21,28,21:28
20260923T001736,188947.350272,81.21212121212122,True,24,43,24:43
20260923T001736,190494.741504,81.21212121212122,True,32,41,32:41
20260923T001736,188972.481792,81.21212121212122,True,49,32,49:32
20260923T001736,188445.34784,81.21212121212122,True,61,40,61:40
20260923T001737,190297.540352,81.21212121212122,True,2,37,2:37
20260923T001737,188732.994304,81.21212121212122,True,7,30,7:30
20260923T001737,189284.15744,81.21212121212122,True,16,32,16:32
20260923T001737,189121.537536,81.21212121212122,True,28,40,28:40
20260923T001737,189435.454976,81.21212121212122,True,40,36,40:36
20260923T001737,188563.859712,81.21212121212122,True,40,37,40:37
20260923T001737,191151.359488,81.21212121212122,True,46,42,46:42
20260923T001737,189979.086592,81.21212121212122,True,62,30,62:30
20260923T001737,190757.863936,81.21212121212122,True,63,36,63:36
20260923T001738,191677.31968,81.21212121212122,True,11,32,11:32
20260923T001738,191110.787328,81.21212121212122,True,15,43,15:43
20260923T001738,189879.610624,81.21212121212122,True,23,36,23:36
20260923T001738,190654.683136,81.21212121212122,True,27,36,27:36
20260923T001738,191787.171584,81.21212121212122,True,36,38,36:38
20260923T001738,190114.417152,81.21212121212122,True,53,42,53:42
20260923T001738,190089.882368,81.21212121212122,True,54,36,54:36
20260923T001738,190028.968448,81.21212121212122,True,58,34,58:34
20260923T001738,189400.346368,81.21212121212122,True,63,37,63:37
20260923T001739,190933.859072,81.21212121212122,True,0,38,0:38
20260923T001739,192044.415488,81.21212121212122,True,3,38,3:38
20260923T001739,190994.871552,81.21212121212122,True,8,43,8:43
20260923T001739,191029.918208,81.21212121212122,True,15,44,15:44
20260923T001739,191619.923712,81.21212121212122,True,19,31,19:31
20260923T001739,191468.953344,81.21212121212122,True,23,35,23:35
20260923T001739,191085.434624,81.21212121212122,True,25,43,25:43
20260923T001739,190326.381056,81.21212121212122,True,26,32,26:32
20260923T001739,191435.269888,81.21212121212122,True,51,39,51:39
20260923T001739,190352.65024,81.21212121212122,True,60,33,60:33
20260923T001740,192427.48032,81.21212121212122,True,1,36,1:36
20260923T001740,190973.643776,81.21212121212122,True,3,39,3:39
20260923T001740,194175.041536,81.21212121212122,True,28,39,28:39
20260923T001740,192833.932544,81.21212121212122,True,44,41,44:41
20260923T001740,192478.828032,81.21212121212122,True,46,43,46:43
20260923T001740,191097.10848,81.21212121212122,True,50,36,50:36
20260923T001740,193518.600704,81.21212121212122,True,60,32,60:32
20260923T001740,193822.221312,81.21212121212122,True,61,39,61:39
20260923T001740,190915.872,81.21212121212122,True,61,41,61:41
20260923T001741,193276.225024,81.21212121212122,True,4,43,4:43
20260923T001741,192500.416768,81.21212121212122,True,6,43,6:43
20260923T001741,191290.727936,81.21212121212122,True,8,44,8:44
20260923T001741,194148.261376,81.21212121212122,True,12,30,12:30
20260923T001741,194441.131264,81.21212121212122,True,17,34,17:34
20260923T001741,194818.217472,81.21212121212122,True,22,30,22:30
20260923T001741,191788.491008,81.21212121212122,True,28,41,28:41
20260923T001741,192976.70784,81.21212121212122,True,35,38,35:38
20260923T001741,192714.804224,81.21212121212122,True,38,34,38:34
20260923T001741,192501.217536,81.21212121212122,True,59,44,59:44
20260923T001742,194854.049536,81.21212121212122,True,6,42,6:42
20260923T001742,195393.005824,81.21212121212122,True,13,41,13:41
20260923T001742,192802.876928,81.21212121212122,True,15,45,15:45
20260923T001742,192968.71424,81.21212121212122,True,37,45,37:45
20260923T001742,192473.563904,81.21212121212122,True,39,40,39:40
20260923T001742,193477.712384,81.21212121212122,True,47,30,47:30
20260923T001742,193408.002048,81.21212121212122,True,49,33,49:33
20260923T001742,191940.116224,81.21212121212122,True,63,38,63:38
20260923T001743,194053.36448,81.21212121212122,True,0,39,0:39
20260923T001743,194904.461312,81.21212121212122,True,9,31,9:31
20260923T001743,194645.663488,81.21212121212122,True,10,42,10:42
20260923T001743,193025.7152,81.21212121212122,True,13,43,13:43
20260923T001743,193682.6176,81.21212121212122,True,17,35,17:35
20260923T001743,194341.674752,81.21212121212122,True,32,43,32:43
20260923T001743,195623.932672,81.21212121212122,True,39,39,39:39
20260923T001743,193938.388736,81.21212121212122,True,42,36,42:36
20260923T001743,193495.301376,81.21212121212122,True,43,32,43:32
20260923T001743,195922.541824,81.21212121212122,True,52,41,52:41
20260923T001743,194278.75712,81.21212121212122,True,52,42,52:42
20260923T001743,193276.761344,81.21212121212122,True,53,43,53:43
20260923T001744,194236.896768,81.21212121212122,True,7,31,7:31
20260923T001744,196490.060544,81.21212121212122,True,32,42,32:42
20260923T001744,196113.070592,81.21212121212122,True,34,29,34:29
20260923T001744,196924.4032,81.21212121212122,True,45,44,45:44
20260923T001744,194301.085952,81.21212121212122,True,55,32,55:32
20260923T001745,194906.895616,81.21212121212122,True,19,32,19:32
20260923T001745,197741.645568,81.21212121212122,True,20,39,20:39
20260923T001745,195796.737536,81.21212121212122,True,25,44,25:44
20260923T001745,197333.349376,81.21212121212122,True,30,38,30:38
20260923T001745,196100.282368,81.21212121212122,True,31,35,31:35
20260923T001745,197466.92736,81.21212121212122,True,36,39,36:39
20260923T001745,196305.745664,81.21212121212122,True,41,34,41:34
20260923T001745,196939.540224,81.21212121212122,True,43,31,43:31
20260923T001745,195838.77376,81.21212121212122,True,44,42,44:42
20260923T001745,197474.437376,81.21212121212122,True,48,31,48:31
20260923T001745,194511.714816,81.21212121212122,True,52,43,52:43
20260923T001745,197358.606592,81.21212121212122,True,55,31,55:31
20260923T001745,196448.399616,81.21212121212122,True,56,44,56:44
20260923T001745,197528.192,81.21212121212122,True,59,43,59:43
20260923T001746,195567.70304,81.21212121212122,True,4,45,4:45
20260923T001746,195859.840512,81.21212121212122,True,23,37,23:37
20260923T001746,198558.367488,81.21212121212122,True,29,40,29:40
20260923T001746,196886.699008,81.21212121212122,True,30,39,30:39
20260923T001746,196452.607488,81.21212121212122,True,46,44,46:44
20260923T001746,196394.50624,81.21212121212122,True,56,45,56:45
20260923T001747,197682.127104,81.21212121212122,True,4,44,4:44
20260923T001747,198364.202752,81.21212121212122,True,14,37,14:37
20260923T001747,197493.764352,81.21212121212122,True,18,39,18:39
20260923T001747,198395.32672,81.21212121212122,True,20,40,20:40
20260923T001747,199176.918528,81.21212121212122,True,21,29,21:29
20260923T001747,197088.6784,81.21212121212122,True,21,30,21:30
20260923T001747,196339.939584,81.21212121212122,True,21,31,21:31
20260923T001747,198821.353984,81.21212121212122,True,33,33,33:33
20260923T001747,196927.234304,81.21212121212122,True,40,38,40:38
20260923T001747,196070.77248,81.21212121212122,True,41,35,41:35
20260923T001747,195761.21088,81.21212121212122,True,49,34,49:34
20260923T001747,196633.381632,81.21212121212122,True,62,32,62:32
20260923T001748,197604.273664,81.21212121212122,True,2,39,2:39
20260923T001748,196867.488512,81.21212121212122,True,5,33,5:33
20260923T001748,197042.708992,81.21212121212122,True,15,46,15:46
20260923T001748,197578.05056,81.21212121212122,True,42,37,42:37
20260923T001748,199806.235392,81.21212121212122,True,51,40,51:40
20260923T001748,197620.639744,81.21212121212122,True,56,46,56:46
20260923T001748,197484.612352,81.21212121212122,True,59,45,59:45
20260923T001748,197378.040064,81.21212121212122,True,60,34,60:34
20260923T001748,199214.860544,81.21212121212122,True,62,31,62:31
20260923T001749,199681.46432,81.21212121212122,True,1,37,1:37
20260923T001749,199105.531392,81.21212121212122,True,9,32,9:32
20260923T001749,198730.052352,81.21212121212122,True,11,34,11:34
20260923T001749,200765.76384,81.21212121212122,True,12,31,12:31
20260923T001749,198772.475392,81.21212121212122,True,26,33,26:33
20260923T001749,198551.470336,81.21212121212122,True,29,42,29:42
20260923T001749,198686.387968,81.21212121212122,True,33,34,33:34
20260923T001749,199020.6656,81.21212121212122,True,34,30,34:30
20260923T001749,200172.874752,81.21212121212122,True,45,45,45:45
20260923T001749,199307.092224,81.21212121212122,True,45,46,45:46
20260923T001749,198576.551168,81.21212121212122,True,50,37,50:37
20260923T001749,200156.345088,81.21212121212122,True,54,37,54:37
20260923T001749,198134.170368,81.21212121212122,True,55,33,55:33
20260923T001750,201383.435008,81.21212121212122,True,2,38,2:38
20260923T001750,200190.968832,81.21212121212122,True,14,38,14:38
20260923T001750,200179.473664,81.21212121212122,True,16,33,16:33
20260923T001750,199772.005632,81.21212121212122,True,30,40,30:40
20260923T001750,199742.446592,81.21212121212122,True,35,39,35:39
20260923T001750,198749.9392,81.21212121212122,True,36,41,36:41
20260923T001750,198424.653824,81.21212121212122,True,50,38,50:38
20260923T001750,199401.648384,81.21212121212122,True,54,38,54:38
20260923T001751,200296.270848,81.21212121212122,True,0,40,0:40
20260923T001751,201295.86432,81.21212121212122,True,10,43,10:43
20260923T001751,198686.584576,81.21212121212122,True,11,35,11:35
20260923T001751,199611.880192,81.21212121212122,True,13,44,13:44
20260923T001751,202353.447936,81.21212121212122,True,22,31,22:31
20260923T001751,200703.0848,81.21212121212122,True,22,32,22:32
20260923T001751,202595.320064,81.21212121212122,True,24,44,24:44
20260923T001751,199762.123008,81.21212121212122,True,28,42,28:42
20260923T001751,201959.976192,81.21212121212122,True,29,41,29:41
20260923T001751,200891.783168,81.21212121212122,True,31,36,31:36
20260923T001751,199207.014656,81.21212121212122,True,37,47,37:47
20260923T001751,201140.906496,81.21212121212122,True,44,43,44:43
20260923T001751,200453.601792,81.21212121212122,True,48,32,48:32
20260923T001751,201445.344512,81.21212121212122,True,57,30,57:30
20260923T001751,200403.675648,81.21212121212122,True,61,42,61:42
20260923T001751,199708.430336,81.21212121212122,True,63,39,63:39
20260923T001752,201210.196224,81.21212121212122,True,1,38,1:38
20260923T001752,202979.44192,81.21212121212122,True,5,32,5:32
20260923T001752,200784.93824,81.21212121212122,True,17,36,17:36
20260923T001752,201260.773376,81.21212121212122,True,27,38,27:38
20260923T001752,201915.19744,81.21212121212122,True,32,44,32:44
20260923T001752,202805.29536,81.21212121212122,True,36,40,36:40
20260923T001752,200932.782848,81.21212121212122,True,46,45,46:45
20260923T001753,202766.280192,81.21212121212122,True,6,44,6:44
20260923T001753,200746.630656,81.21212121212122,True,6,45,6:45
20260923T001753,201739.444736,81.21212121212122,True,10,44,10:44
20260923T001753,202545.77408,81.21212121212122,True,20,41,20:41
20260923T001753,203704.353024,81.21212121212122,True,27,37,27:37
20260923T001753,202930.234624,81.21212121212122,True,51,41,51:41
20260923T001753,203338.900736,81.21212121212122,True,58,35,58:35
20260923T001754,201419.232,81.21212121212122,True,3,41,3:41
20260923T001754,202363.372288,81.21212121212122,True,8,46,8:46
20260923T001754,201879.217408,81.21212121212122,True,17,37,17:37
20260923T001754,201664.758272,81.21212121212122,True,42,38,42:38
20260923T001754,204226.225152,81.21212121212122,True,47,31,47:31
20260923T001754,202281.248256,81.21212121212122,True,51,42,51:42
20260923T001754,203573.531904,81.21212121212122,True,53,44,53:44
20260923T001754,201218.004736,81.21212121212122,True,63,40,63:40
20260923T001755,203163.639296,81.21212121212122,True,4,46,4:46
20260923T001755,204801.55776,81.21212121212122,True,12,32,12:32
20260923T001755,204711.613184,81.21212121212122,True,24,45,24:45
20260923T001755,204255.323648,81.21212121212122,True,25,45,25:45
20260923T001755,202662.988544,81.21212121212122,True,32,45,32:45
20260923T001755,205137.420288,81.21212121212122,True,37,46,37:46
20260923T001755,202762.99264,81.21212121212122,True,44,45,44:45
20260923T001755,203457.714176,81.21212121212122,True,45,47,45:47
20260923T001755,202114.430208,81.21212121212122,True,53,45,53:45
20260923T001756,204785.91488,81.21212121212122,True,3,40,3:40
20260923T001756,204757.63328,81.21212121212122,True,12,33,12:33
20260923T001756,203547.437056,81.21212121212122,True,15,47,15:47
20260923T001756,203596.277248,81.21212121212122,True,18,41,18:41
20260923T001756,204196.75776,81.21212121212122,True,30,41,30:41
20260923T001756,205395.408128,81.21212121212122,True,38,35,38:35
20260923T001756,203819.008768,81.21212121212122,True,60,35,60:35
20260923T001757,205984.588544,81.21212121212122,True,19,33,19:33
20260923T001757,204177.01504,81.21212121212122,True,19,34,19:34
20260923T001757,203757.358848,81.21212121212122,True,24,47,24:47
20260923T001757,205686.051072,81.21212121212122,True,40,39,40:39
20260923T001757,205228.404736,81.21212121212122,True,44,44,44:44
20260923T001757,205104.942592,81.21212121212122,True,46,46,46:46
20260923T001757,204151.286528,81.21212121212122,True,56,47,56:47
20260923T001757,205167.921664,81.21212121212122,True,61,43,61:43
20260923T001758,205384.450816,81.21212121212122,True,6,46,6:46
20260923T001758,205725.870848,81.21212121212122,True,10,45,10:45
20260923T001758,206542.427136,81.21212121212122,True,23,38,23:38
20260923T001758,203906.109184,81.21212121212122,True,24,48,24:48
20260923T001758,205609.97504,81.21212121212122,True,35,40,35:40
20260923T001758,205133.708032,81.21212121212122,True,41,36,41:36
20260923T001758,204934.837248,81.21212121212122,True,48,33,48:33
20260923T001758,203981.111808,81.21212121212122,True,54,40,54:40
20260923T001758,204898.510592,81.21212121212122,True,55,34,55:34
20260923T001759,205238.8224,81.21212121212122,True,0,42,0:42
20260923T001759,206602.967808,81.21212121212122,True,1,39,1:39
20260923T001759,205442.138624,81.21212121212122,True,4,47,4:47
20260923T001759,205364.824832,81.21212121212122,True,9,34,9:34
20260923T001759,205363.810816,81.21212121212122,True,16,35,16:35
20260923T001759,206459.97184,81.21212121212122,True,20,42,20:42
20260923T001759,205955.925248,81.21212121212122,True,21,32,21:32
20260923T001759,207165.021184,81.21212121212122,True,39,41,39:41
20260923T001759,206994.981888,81.21212121212122,True,43,33,43:33
20260923T001759,206703.027456,81.21212121212122,True,49,35,49:35
20260923T001759,204469.8368,81.21212121212122,True,56,48,56:48
20260923T001800,207064.13568,81.21212121212122,True,0,41,0:41
20260923T001800,209393.698304,81.21212121212122,True,8,45,8:45
20260923T001800,208905.427968,81.21212121212122,True,18,40,18:40
20260923T001800,208352.587264,81.21212121212122,True,25,46,25:46
20260923T001800,207404.284672,81.21212121212122,True,27,39,27:39
20260923T001800,206437.146368,81.21212121212122,True,27,40,27:40
20260923T001800,205983.852032,81.21212121212122,True,28,44,28:44
20260923T001800,206091.553024,81.21212121212122,True,30,42,30:42
20260923T001800,207892.918784,81.21212121212122,True,33,35,33:35
20260923T001800,206169.004288,81.21212121212122,True,46,47,46:47
20260923T001800,207458.16576,81.21212121212122,True,54,39,54:39
20260923T001801,209691.12448,81.21212121212122,True,7,32,7:32
20260923T001801,208338.482176,81.21212121212122,True,13,45,13:45
20260923T001801,207007.26144,81.21212121212122,True,13,46,13:46
20260923T001801,209821.764352,81.21212121212122,True,16,34,16:34
20260923T001801,209453.144576,81.21212121212122,True,24,46,24:46
20260923T001801,209058.655232,81.21212121212122,True,34,31,34:31
20260923T001801,207905.751808,81.21212121212122,True,36,42,36:42
20260923T001801,206858.509056,81.21212121212122,True,42,39,42:39
20260923T001801,209282.827776,81.21212121212122,True,52,44,52:44
20260923T001801,209961.63712,81.21212121212122,True,59,46,59:46
20260923T001801,207389.191424,81.21212121212122,True,60,36,60:36
20260923T001801,208873.314048,81.21212121212122,True,62,33,62:33
20260923T001802,210402.708736,81.21212121212122,True,2,40,2:40
20260923T001802,208768.13952,81.21212121212122,True,10,46,10:46
20260923T001802,207217.09184,81.21212121212122,True,17,38,17:38
20260923T001802,208836.633856,81.21212121212122,True,29,44,29:44
20260923T001802,207605.666048,81.21212121212122,True,41,37,41:37
20260923T001802,207513.15072,81.21212121212122,True,53,46,53:46
20260923T001802,210390.546432,81.21212121212122,True,58,36,58:36
20260923T001802,207433.355008,81.21212121212122,True,59,48,59:48
20260923T001803,208260.534272,81.21212121212122,True,4,48,4:48
20260923T001803,210972.923392,81.21212121212122,True,14,39,14:39
20260923T001803,208736.602368,81.21212121212122,True,23,39,23:39
20260923T001803,211397.490944,81.21212121212122,True,26,34,26:34
20260923T001803,208914.678528,81.21212121212122,True,31,38,31:38
20260923T001803,209649.801216,81.21212121212122,True,37,48,37:48
20260923T001803,208675.762176,81.21212121212122,True,37,49,37:49
20260923T001803,208191.623936,81.21212121212122,True,44,46,44:46
20260923T001803,210934.159616,81.21212121212122,True,47,32,47:32
20260923T001803,209665.39776,81.21212121212122,True,58,37,58:37
20260923T001804,209384.380928,81.21212121212122,True,6,47,6:47
20260923T001804,212198.253568,81.21212121212122,True,9,33,9:33
20260923T001804,211787.54944,81.21212121212122,True,29,43,29:43
20260923T001804,209350.780416,81.21212121212122,True,38,37,38:37
20260923T001804,210740.649472,81.21212121212122,True,39,42,39:42
20260923T001804,209393.257216,81.21212121212122,True,39,43,39:43
20260923T001804,208586.685696,81.21212121212122,True,48,34,48:34
20260923T001804,209663.743488,81.21212121212122,True,57,32,57:32
20260923T001804,210046.718976,81.21212121212122,True,62,34,62:34
20260923T001805,210649.357824,81.21212121212122,True,18,42,18:42
20260923T001805,210898.205696,81.21212121212122,True,20,43,20:43
20260923T001805,212697.10336,81.21212121212122,True,31,37,31:37
20260923T001805,211537.847552,81.21212121212122,True,52,45,52:45
20260923T001806,212214.959872,81.21212121212122,True,2,41,2:41
20260923T001806,212830.456064,81.21212121212122,True,5,34,5:34
20260923T001806,211013.549824,81.21212121212122,True,10,47,10:47
20260923T001806,213142.759168,81.21212121212122,True,12,34,12:34
20260923T001806,212298.013696,81.21212121212122,True,15,48,15:48
20260923T001806,211366.126336,81.21212121212122,True,16,36,16:36
20260923T001806,213260.273408,81.21212121212122,True,28,43,28:43
20260923T001806,212975.833088,81.21212121212122,True,38,36,38:36
20260923T001806,212366.76992,81.21212121212122,True,40,40,40:40
20260923T001806,212385.256448,81.21212121212122,True,49,36,49:36
20260923T001806,212053.120256,81.21212121212122,True,52,46,52:46
20260923T001806,213424.037888,81.21212121212122,True,57,31,57:31
20260923T001806,212102.213888,81.21212121212122,True,61,44,61:44
20260923T001807,212181.086464,81.21212121212122,True,3,42,3:42
20260923T001807,211882.693632,81.21212121212122,True,5,35,5:35
20260923T001807,213480.11776,81.21212121212122,True,7,33,7:33
20260923T001807,211519.805184,81.21212121212122,True,14,41,14:41
20260923T001807,214301.07776,81.21212121212122,True,22,33,22:33
20260923T001807,213354.141952,81.21212121212122,True,34,32,34:32
20260923T001808,213095.997184,81.21212121212122,True,1,40,1:40
20260923T001808,214813.961728,81.21212121212122,True,8,47,8:47
20260923T001808,212018.941696,81.21212121212122,True,11,37,11:37
20260923T001808,212994.040064,81.21212121212122,True,12,35,12:35
20260923T001808,214948.655872,81.21212121212122,True,32,46,32:46
20260923T001808,213594.946304,81.21212121212122,True,36,43,36:43
20260923T001808,215394.001152,81.21212121212122,True,45,48,45:48
20260923T001808,214427.2192,81.21212121212122,True,59,47,59:47
20260923T001808,214490.958848,81.21212121212122,True,63,41,63:41
20260923T001809,212600.872448,81.21212121212122,True,9,35,9:35
20260923T001809,215433.206528,81.21212121212122,True,22,34,22:34
20260923T001809,212696.408832,81.21212121212122,True,24,50,24:50
20260923T001809,213609.54624,81.21212121212122,True,26,36,26:36
20260923T001809,214811.399424,81.21212121212122,True,33,36,33:36
20260923T001809,215323.753984,81.21212121212122,True,35,41,35:41
20260923T001809,215110.6816,81.21212121212122,True,50,39,50:39
20260923T001809,215493.563904,81.21212121212122,True,51,43,51:43
20260923T001809,213510.7712,81.21212121212122,True,61,45,61:45
20260923T001809,213503.313152,81.21212121212122,True,63,42,63:42
20260923T001810,215215.661312,81.21212121212122,True,8,48,8:48
20260923T001810,216306.037504,81.21212121212122,True,14,40,14:40
20260923T001810,216507.025152,81.21212121212122,True,25,47,25:47
20260923T001810,216593.270784,81.21212121212122,True,26,35,26:35
20260923T001810,215900.20992,81.21212121212122,True,32,47,32:47
20260923T001810,216246.523648,81.21212121212122,True,43,34,43:34
20260923T001810,215259.056384,81.21212121212122,True,51,44,51:44
20260923T001810,214437.364736,81.21212121212122,True,53,47,53:47
20260923T001810,214315.348224,81.21212121212122,True,57,33,57:33
20260923T001811,214378.418432,81.21212121212122,True,3,43,3:43
20260923T001811,217231.039488,81.21212121212122,True,11,36,11:36
20260923T001811,215418.703616,81.21212121212122,True,18,43,18:43
20260923T001811,216537.875968,81.21212121212122,True,45,49,45:49
20260923T001812,215217.060864,81.21212121212122,True,2,43,2:43
20260923T001812,215833.307904,81.21212121212122,True,23,40,23:40
20260923T001812,216274.84416,81.21212121212122,True,31,39,31:39
20260923T001812,215974.99392,81.21212121212122,True,32,48,32:48
20260923T001812,215182.165504,81.21212121212122,True,34,33,34:33
20260923T001812,216571.354112,81.21212121212122,True,35,42,35:42
20260923T001812,214858.903552,81.21212121212122,True,40,42,40:42
20260923T001812,216435.669248,81.21212121212122,True,54,41,54:41
20260923T001812,216721.922304,81.21212121212122,True,58,38,58:38
20260923T001812,216491.338752,81.21212121212122,True,59,49,59:49
20260923T001813,216923.541504,81.21212121212122,True,1,41,1:41
20260923T001813,216735.260928,81.21212121212122,True,12,36,12:36
20260923T001813,217699.871488,81.21212121212122,True,13,47,13:47
20260923T001813,217616.13696,81.21212121212122,True,24,49,24:49
20260923T001813,217786.239744,81.21212121212122,True,27,41,27:41
20260923T001813,215458.271488,81.21212121212122,True,27,42,27:42
20260923T001813,216454.20416,81.21212121212122,True,47,34,47:34
20260923T001814,218884.19584,81.21212121212122,True,19,35,19:35
20260923T001814,219377.690368,81.21212121212122,True,25,48,25:48
20260923T001814,218747.248384,81.21212121212122,True,30,43,30:43
20260923T001814,218118.788096,81.21212121212122,True,38,38,38:38
20260923T001814,218350.696448,81.21212121212122,True,45,50,45:50
20260923T001814,217982.189824,81.21212121212122,True,50,40,50:40
20260923T001814,218089.8304,81.21212121212122,True,52,47,52:47
20260923T001814,218407.435008,81.21212121212122,True,55,35,55:35
20260923T001814,217246.258944,81.21212121212122,True,58,39,58:39
20260923T001814,216798.760192,81.21212121212122,True,61,46,61:46
20260923T001814,218008.721152,81.21212121212122,True,62,35,62:35
20260923T001815,217988.393984,81.21212121212122,True,16,37,16:37
20260923T001815,219441.532928,81.21212121212122,True,28,45,28:45
20260923T001815,217442.712576,81.21212121212122,True,33,38,33:38
20260923T001815,217615.32544,81.21212121212122,True,42,41,42:41
20260923T001815,220054.13888,81.21212121212122,True,46,48,46:48
20260923T001815,220179.7504,81.21212121212122,True,47,33,47:33
20260923T001815,218707.168,81.21212121212122,True,59,50,59:50
20260923T001815,219742.335488,81.21212121212122,True,60,37,60:37
20260923T001816,220403.394048,81.21212121212122,True,2,42,2:42
20260923T001816,220605.671936,81.21212121212122,True,4,49,4:49
20260923T001816,218385.068032,81.21212121212122,True,6,49,6:49
20260923T001816,220037.48992,81.21212121212122,True,7,34,7:34
20260923T001816,218229.566464,81.21212121212122,True,10,49,10:49
20260923T001816,220991.906048,81.21212121212122,True,20,44,20:44
20260923T001816,218689.504768,81.21212121212122,True,23,41,23:41
20260923T001816,217936.946176,81.21212121212122,True,24,51,24:51
20260923T001816,219112.527104,81.21212121212122,True,25,50,25:50
20260923T001816,219164.121088,81.21212121212122,True,26,37,26:37
20260923T001816,220717.312,81.21212121212122,True,29,45,29:45
20260923T001816,219534.750976,81.21212121212122,True,29,46,29:46
20260923T001816,220104.605696,81.21212121212122,True,49,37,49:37
20260923T001816,219787.200256,81.21212121212122,True,51,45,51:45
20260923T001817,219347.613696,81.21212121212122,True,14,42,14:42
20260923T001817,222036.683776,81.21212121212122,True,15,49,15:49
20260923T001817,220069.20448,81.21212121212122,True,15,50,15:50
20260923T001817,219142.975232,81.21212121212122,True,17,40,17:40
20260923T001817,219430.764544,81.21212121212122,True,20,45,20:45
20260923T001817,221624.771328,81.21212121212122,True,22,35,22:35
20260923T001817,219111.617792,81.21212121212122,True,36,46,36:46
20260923T001817,220718.452224,81.21212121212122,True,37,50,37:50
20260923T001817,221025.490176,81.21212121212122,True,41,38,41:38
20260923T001817,220301.762048,81.21212121212122,True,45,51,45:51
20260923T001817,218861.675264,81.21212121212122,True,49,38,49:38
20260923T001818,222298.316288,81.21212121212122,True,0,43,0:43
20260923T001818,220828.331008,81.21212121212122,True,5,36,5:36
20260923T001818,222021.188352,81.21212121212122,True,6,48,6:48
20260923T001818,220650.675456,81.21212121212122,True,13,48,13:48
20260923T001818,219530.209024,81.21212121212122,True,13,49,13:49
20260923T001818,222547.104,81.21212121212122,True,25,49,25:49
20260923T001818,220791.509248,81.21212121212122,True,37,51,37:51
20260923T001818,222861.206016,81.21212121212122,True,40,41,40:41
20260923T001818,222272.714752,81.21212121212122,True,43,35,43:35
20260923T001818,220262.782464,81.21212121212122,True,46,50,46:50
20260923T001818,220687.9104,81.21212121212122,True,53,48,53:48
20260923T001818,221796.605184,81.21212121212122,True,56,49,56:49
20260923T001818,220876.87296,81.21212121212122,True,56,50,56:50
20260923T001819,222696.731648,81.21212121212122,True,17,39,17:39
20260923T001819,222145.372928,81.21212121212122,True,19,36,19:36
20260923T001819,221343.888896,81.21212121212122,True,31,40,31:40
20260923T001819,221511.25632,81.21212121212122,True,32,49,32:49
20260923T001819,222872.237312,81.21212121212122,True,33,37,33:37
20260923T001819,223154.584832,81.21212121212122,True,42,40,42:40
20260923T001819,223868.181248,81.21212121212122,True,44,47,44:47
20260923T001820,223933.809664,81.21212121212122,True,8,49,8:49
20260923T001820,223913.307648,81.21212121212122,True,21,33,21:33
20260923T001820,222831.737856,81.21212121212122,True,30,44,30:44
20260923T001820,223395.411968,81.21212121212122,True,36,44,36:44
20260923T001820,221912.168448,81.21212121212122,True,38,39,38:39
20260923T001820,224106.844672,81.21212121212122,True,39,44,39:44
20260923T001820,222396.502784,81.21212121212122,True,52,48,52:48
20260923T001820,221690.16832,81.21212121212122,True,52,49,52:49
20260923T001821,222251.881984,81.21212121212122,True,9,36,9:36
20260923T001821,223160.812544,81.21212121212122,True,18,44,18:44
20260923T001821,223492.4224,81.21212121212122,True,22,36,22:36
20260923T001821,224103.071744,81.21212121212122,True,35,43,35:43
20260923T001821,223106.531328,81.21212121212122,True,44,48,44:48
20260923T001821,222120.682496,81.21212121212122,True,44,49,44:49
20260923T001821,222438.96704,81.21212121212122,True,51,47,51:47
20260923T001821,223453.379584,81.21212121212122,True,55,36,55:36
20260923T001821,222969.161472,81.21212121212122,True,57,34,57:34
20260923T001821,222631.849216,81.21212121212122,True,62,36,62:36
20260923T001822,224512.73728,81.21212121212122,True,7,35,7:35
20260923T001822,225460.232448,81.21212121212122,True,10,48,10:48
20260923T001822,224679.901696,81.21212121212122,True,29,47,29:47
20260923T001822,225166.176768,81.21212121212122,True,46,49,46:49
20260923T001822,224421.110784,81.21212121212122,True,48,35,48:35
20260923T001822,224374.209536,81.21212121212122,True,50,41,50:41
20260923T001822,224192.230144,81.21212121212122,True,59,51,59:51
20260923T001822,224331.304448,81.21212121212122,True,60,38,60:38
20260923T001822,225525.697536,81.21212121212122,True,63,43,63:43
20260923T001823,225323.742464,81.21212121212122,True,0,44,0:44
20260923T001823,224515.679744,81.21212121212122,True,3,44,3:44
20260923T001823,225285.46944,81.21212121212122,True,4,50,4:50
20260923T001823,225292.969984,81.21212121212122,True,11,38,11:38
20260923T001823,224227.357184,81.21212121212122,True,25,51,25:51
20260923T001823,225460.493568,81.21212121212122,True,28,46,28:46
20260923T001823,224004.882432,81.21212121212122,True,49,39,49:39
20260923T001823,225176.155648,81.21212121212122,True,54,42,54:42
20260923T001823,224572.228864,81.21212121212122,True,61,47,61:47
20260923T001824,224119.201024,81.21212121212122,True,3,45,3:45
20260923T001824,224587.030272,81.21212121212122,True,10,50,10:50
20260923T001824,225834.361344,81.21212121212122,True,30,45,30:45
20260923T001824,226779.779072,81.21212121212122,True,36,45,36:45
20260923T001824,225111.05024,81.21212121212122,True,43,36,43:36
20260923T001824,225419.618048,81.21212121212122,True,48,36,48:36
20260923T001824,224186.997504,81.21212121212122,True,56,52,56:52
20260923T001825,226758.831104,81.21212121212122,True,6,50,6:50
20260923T001825,224822.310912,81.21212121212122,True,10,51,10:51
20260923T001825,225928.817152,81.21212121212122,True,14,43,14:43
20260923T001825,226427.390976,81.21212121212122,True,21,34,21:34
20260923T001825,224781.07136,81.21212121212122,True,30,46,30:46
20260923T001825,225385.179648,81.21212121212122,True,50,42,50:42
20260923T001825,226143.635968,81.21212121212122,True,56,51,56:51
20260923T001825,225397.281536,81.21212121212122,True,59,53,59:53
20260923T001825,226147.270144,81.21212121212122,True,63,44,63:44
20260923T001826,226979.704064,81.21212121212122,True,12,37,12:37
20260923T001826,227395.434496,81.21212121212122,True,16,38,16:38
20260923T001826,226193.094144,81.21212121212122,True,20,46,20:46
20260923T001826,225950.6496,81.21212121212122,True,23,43,23:43
20260923T001826,228375.86176,81.21212121212122,True,45,52,45:52
20260923T001827,226240.951552,81.21212121212122,True,0,46,0:46
20260923T001827,227729.970688,81.21212121212122,True,2,44,2:44
20260923T001827,226294.61376,81.21212121212122,True,17,41,17:41
20260923T001827,228505.709056,81.21212121212122,True,19,37,19:37
20260923T001827,227409.286656,81.21212121212122,True,38,40,38:40
20260923T001827,228633.475328,81.21212121212122,True,39,45,39:45
20260923T001827,229735.127808,81.21212121212122,True,51,46,51:46
20260923T001827,227902.33984,81.21212121212122,True,54,43,54:43
20260923T001827,228642.128384,81.21212121212122,True,58,40,58:40
20260923T001827,226677.991168,81.21212121212122,True,63,45,63:45
20260923T001828,228640.710144,81.21212121212122,True,5,37,5:37
20260923T001828,230103.965952,81.21212121212122,True,15,51,15:51
20260923T001828,229290.025472,81.21212121212122,True,32,50,32:50
20260923T001828,228172.318208,81.21212121212122,True,36,47,36:47
20260923T001828,229362.690048,81.21212121212122,True,41,39,41:39
20260923T001828,227086.734592,81.21212121212122,True,42,43,42:43
20260923T001828,227266.39616,81.21212121212122,True,43,37,43:37
20260923T001828,228538.071808,81.21212121212122,True,46,51,46:51
20260923T001828,229612.896512,81.21212121212122,True,59,52,59:52
20260923T001828,228931.354112,81.21212121212122,True,60,39,60:39
20260923T001829,231054.769408,81.21212121212122,True,1,42,1:42
20260923T001829,230186.029312,81.21212121212122,True,4,51,4:51
20260923T001829,228445.750016,81.21212121212122,True,4,52,4:52
20260923T001829,227682.633472,81.21212121212122,True,5,38,5:38
20260923T001829,231041.223424,81.21212121212122,True,8,50,8:50
20260923T001829,230102.509312,81.21212121212122,True,22,37,22:37
20260923T001829,230339.215872,81.21212121212122,True,23,42,23:42
20260923T001829,230470.992128,81.21212121212122,True,47,35,47:35
20260923T001830,230933.534208,81.21212121212122,True,8,51,8:51
20260923T001830,228674.33856,81.21212121212122,True,15,53,15:53
20260923T001830,229201.413376,81.21212121212122,True,20,47,20:47
20260923T001830,230952.319488,81.21212121212122,True,24,52,24:52
20260923T001830,230511.057664,81.21212121212122,True,27,43,27:43
20260923T001830,230072.733696,81.21212121212122,True,32,51,32:51
20260923T001830,231022.495232,81.21212121212122,True,37,52,37:52
20260923T001830,229338.106368,81.21212121212122,True,38,41,38:41
20260923T001830,229987.337472,81.21212121212122,True,39,46,39:46
20260923T001830,230346.30272,81.21212121212122,True,42,42,42:42
20260923T001830,229636.911104,81.21212121212122,True,58,41,58:41
20260923T001831,232528.937216,81.21212121212122,True,0,45,0:45
20260923T001831,230994.9504,81.21212121212122,True,8,52,8:52
20260923T001831,230044.508416,81.21212121212122,True,16,39,16:39
20260923T001831,230268.807168,81.21212121212122,True,18,46,18:46
20260923T001831,229734.255104,81.21212121212122,True,19,38,19:38
20260923T001831,231563.408128,81.21212121212122,True,29,48,29:48
20260923T001831,229919.771904,81.21212121212122,True,33,40,33:40
20260923T001831,231983.091968,81.21212121212122,True,34,34,34:34
20260923T001831,230591.394048,81.21212121212122,True,51,48,51:48
20260923T001832,232510.529536,81.21212121212122,True,15,52,15:52
20260923T001832,232565.110528,81.21212121212122,True,31,41,31:41
20260923T001832,231242.118144,81.21212121212122,True,39,47,39:47
20260923T001832,233457.234176,81.21212121212122,True,40,43,40:43
20260923T001832,232120.928,81.21212121212122,True,45,54,45:54
20260923T001832,231203.096832,81.21212121212122,True,48,37,48:37
20260923T001832,231396.662272,81.21212121212122,True,49,40,49:40
20260923T001832,232992.228096,81.21212121212122,True,55,37,55:37
20260923T001832,232451.119104,81.21212121212122,True,57,35,57:35
20260923T001832,232731.393536,81.21212121212122,True,62,37,62:37
20260923T001833,234051.758336,81.21212121212122,True,7,36,7:36
20260923T001833,232518.383872,81.21212121212122,True,11,39,11:39
20260923T001833,233083.482624,81.21212121212122,True,13,50,13:50
20260923T001833,232040.531712,81.21212121212122,True,14,44,14:44
20260923T001833,232249.104128,81.21212121212122,True,21,35,21:35
20260923T001833,232150.250752,81.21212121212122,True,26,39,26:39
20260923T001833,233857.368064,81.21212121212122,True,28,47,28:47
20260923T001833,230812.404992,81.21212121212122,True,29,50,29:50
20260923T001833,232477.286144,81.21212121212122,True,34,35,34:35
20260923T001833,234301.644032,81.21212121212122,True,35,44,35:44
20260923T001833,230695.332608,81.21212121212122,True,46,53,46:53
20260923T001833,231249.355264,81.21212121212122,True,51,49,51:49
20260923T001834,233424.762368,81.21212121212122,True,2,45,2:45
20260923T001834,232637.59104,81.21212121212122,True,3,46,3:46
20260923T001834,232699.590656,81.21212121212122,True,4,53,4:53
20260923T001834,232028.97024,81.21212121212122,True,10,52,10:52
20260923T001834,234620.56448,81.21212121212122,True,26,38,26:38
20260923T001834,234541.561344,81.21212121212122,True,33,39,33:39
20260923T001834,234623.732992,81.21212121212122,True,44,50,44:50
20260923T001834,234523.821824,81.21212121212122,True,45,53,45:53
20260923T001834,234512.08832,81.21212121212122,True,53,49,53:49
20260923T001834,233066.979072,81.21212121212122,True,54,44,54:44
20260923T001834,231864.357888,81.21212121212122,True,59,54,59:54
20260923T001834,231778.930176,81.21212121212122,True,62,38,62:38
20260923T001835,235267.716096,81.21212121212122,True,1,43,1:43
20260923T001835,232579.126528,81.21212121212122,True,12,39,12:39
20260923T001835,235697.168128,81.21212121212122,True,18,45,18:45
20260923T001835,234818.4896,81.21212121212122,True,25,52,25:52
20260923T001835,232658.89792,81.21212121212122,True,31,43,31:43
20260923T001835,233699.162624,81.21212121212122,True,35,45,35:45
20260923T001835,235163.727616,81.21212121212122,True,37,53,37:53
20260923T001835,234891.414784,81.21212121212122,True,37,54,37:54
20260923T001835,232224.939776,81.21212121212122,True,44,52,44:52
20260923T001835,233149.987584,81.21212121212122,True,45,55,45:55
20260923T001835,234223.648256,81.21212121212122,True,53,50,53:50
20260923T001835,234268.748544,81.21212121212122,True,57,36,57:36
20260923T001835,234794.807808,81.21212121212122,True,61,48,61:48
20260923T001835,233638.247168,81.21212121212122,True,61,49,61:49
20260923T001836,233953.429504,81.21212121212122,True,20,48,20:48
20260923T001836,233181.153536,81.21212121212122,True,22,39,22:39
20260923T001836,233659.981568,81.21212121212122,True,25,54,25:54
20260923T001836,235457.722112,81.21212121212122,True,28,48,28:48
20260923T001836,234386.514944,81.21212121212122,True,37,55,37:55
20260923T001836,234042.091776,81.21212121212122,True,40,45,40:45
20260923T001836,234809.039616,81.21212121212122,True,46,52,46:52
20260923T001836,235553.455104,81.21212121212122,True,52,50,52:50
20260923T001837,234352.764928,81.21212121212122,True,1,45,1:45
20260923T001837,234293.716736,81.21212121212122,True,4,54,4:54
20260923T001837,234485.2096,81.21212121212122,True,5,39,5:39
20260923T001837,236401.507072,81.21212121212122,True,6,51,6:51
20260923T001837,235874.916096,81.21212121212122,True,12,38,12:38
20260923T001837,236142.370304,81.21212121212122,True,22,38,22:38
20260923T001837,235661.833216,81.21212121212122,True,31,42,31:42
20260923T001837,233723.524608,81.21212121212122,True,35,46,35:46
20260923T001837,235326.46656,81.21212121212122,True,36,48,36:48
20260923T001837,236197.38752,81.21212121212122,True,44,51,44:51
20260923T001837,234654.841088,81.21212121212122,True,49,41,49:41
20260923T001837,234390.240256,81.21212121212122,True,51,50,51:50
20260923T001837,234200.492032,81.21212121212122,True,55,39,55:39
20260923T001837,233955.375104,81.21212121212122,True,57,37,57:37
20260923T001838,235624.54784,81.21212121212122,True,14,45,14:45
20260923T001838,236699.472128,81.21212121212122,True,32,52,32:52
20260923T001838,237420.487424,81.21212121212122,True,40,44,40:44
20260923T001838,237462.231296,81.21212121212122,True,41,40,41:40
20260923T001838,236164.78336,81.21212121212122,True,53,51,53:51
20260923T001838,235491.49312,81.21212121212122,True,54,45,54:45
20260923T001838,236774.58176,81.21212121212122,True,55,38,55:38
20260923T001838,236533.085184,81.21212121212122,True,58,42,58:42
20260923T001839,237897.492736,81.21212121212122,True,1,44,1:44
20260923T001839,238258.664192,81.21212121212122,True,7,37,7:37
20260923T001839,237311.551744,81.21212121212122,True,9,37,9:37
20260923T001839,236187.286016,81.21212121212122,True,24,54,24:54
20260923T001839,238160.806912,81.21212121212122,True,29,49,29:49
20260923T001839,236153.821184,81.21212121212122,True,48,38,48:38
20260923T001839,235978.92992,81.21212121212122,True,63,47,63:47
20260923T001840,237751.167488,81.21212121212122,True,0,47,0:47
20260923T001840,236711.263488,81.21212121212122,True,9,38,9:38
20260923T001840,237071.883264,81.21212121212122,True,17,42,17:42
20260923T001840,238791.175424,81.21212121212122,True,24,53,24:53
20260923T001840,236216.103168,81.21212121212122,True,26,41,26:41
20260923T001840,238216.360192,81.21212121212122,True,28,49,28:49
20260923T001840,236308.61824,81.21212121212122,True,30,48,30:48
20260923T001840,238261.216256,81.21212121212122,True,50,43,50:43
20260923T001840,236548.956672,81.21212121212122,True,53,52,53:52
20260923T001840,238212.079104,81.21212121212122,True,56,53,56:53
20260923T001840,236472.5568,81.21212121212122,True,62,39,62:39
20260923T001841,238392.215808,81.21212121212122,True,15,54,15:54
20260923T001841,238722.564608,81.21212121212122,True,16,40,16:40
20260923T001841,237583.156992,81.21212121212122,True,18,47,18:47
20260923T001841,239403.797248,81.21212121212122,True,25,53,25:53
20260923T001841,237443.842816,81.21212121212122,True,25,55,25:55
20260923T001841,239679.5968,81.21212121212122,True,27,44,27:44
20260923T001841,237218.76096,81.21212121212122,True,37,56,37:56
20260923T001841,238630.09024,81.21212121212122,True,39,48,39:48
20260923T001841,239719.420416,81.21212121212122,True,63,46,63:46
20260923T001842,239679.078656,81.21212121212122,True,8,53,8:53
20260923T001842,239974.245376,81.21212121212122,True,11,40,11:40
20260923T001842,240457.643008,81.21212121212122,True,13,51,13:51
20260923T001842,238137.45408,81.21212121212122,True,14,46,14:46
20260923T001842,238071.090688,81.21212121212122,True,20,49,20:49
20260923T001842,238939.286272,81.21212121212122,True,23,45,23:45
20260923T001842,239537.188352,81.21212121212122,True,30,47,30:47
20260923T001842,238279.800832,81.21212121212122,True,44,53,44:53
20260923T001842,240262.60352,81.21212121212122,True,47,36,47:36
20260923T001842,237373.640704,81.21212121212122,True,48,39,48:39
20260923T001842,239503.015168,81.21212121212122,True,52,51,52:51
20260923T001842,237557.297664,81.21212121212122,True,56,55,56:55
20260923T001842,240026.396928,81.21212121212122,True,60,40,60:40
20260923T001843,241832.145152,81.21212121212122,True,6,52,6:52
20260923T001843,239886.974208,81.21212121212122,True,15,55,15:55
20260923T001843,240851.638784,81.21212121212122,True,23,44,23:44
20260923T001843,239015.450624,81.21212121212122,True,36,49,36:49
20260923T001843,239666.301696,81.21212121212122,True,38,42,38:42
20260923T001843,239263.220224,81.21212121212122,True,42,45,42:45
20260923T001843,240264.88064,81.21212121212122,True,43,38,43:38
20260923T001843,239218.439424,81.21212121212122,True,45,56,45:56
20260923T001844,239874.025984,81.21212121212122,True,10,54,10:54
20260923T001844,240480.86912,81.21212121212122,True,21,36,21:36
20260923T001844,240856.199168,81.21212121212122,True,29,51,29:51
20260923T001844,241015.531264,81.21212121212122,True,32,53,32:53
20260923T001844,240820.214016,81.21212121212122,True,50,44,50:44
20260923T001844,239030.275072,81.21212121212122,True,51,51,51:51
20260923T001844,240488.282368,81.21212121212122,True,52,52,52:52
20260923T001844,239430.317312,81.21212121212122,True,57,38,57:38
20260923T001844,239196.212224,81.21212121212122,True,58,44,58:44
20260923T001845,242243.981824,81.21212121212122,True,2,46,2:46
20260923T001845,240222.087168,81.21212121212122,True,12,40,12:40
20260923T001845,241821.602816,81.21212121212122,True,13,52,13:52
20260923T001845,240159.578112,81.21212121212122,True,16,41,16:41
20260923T001845,239962.345216,81.21212121212122,True,25,56,25:56
20260923T001845,242320.02176,81.21212121212122,True,33,41,33:41
20260923T001845,240810.042624,81.21212121212122,True,54,46,54:46
20260923T001845,241213.224192,81.21212121212122,True,60,41,60:41
20260923T001846,241403.136768,81.21212121212122,True,27,46,27:46
20260923T001846,242665.951744,81.21212121212122,True,28,50,28:50
20260923T001846,241963.40224,81.21212121212122,True,39,49,39:49
20260923T001846,242938.81344,81.21212121212122,True,41,41,41:41
20260923T001846,243585.046528,81.21212121212122,True,42,44,42:44
20260923T001846,242109.149184,81.21212121212122,True,45,57,45:57
20260923T001846,240645.549312,81.21212121212122,True,62,40,62:40
20260923T001847,242338.590208,81.21212121212122,True,6,54,6:54
20260923T001847,242492.588544,81.21212121212122,True,11,41,11:41
20260923T001847,241734.493184,81.21212121212122,True,15,56,15:56
20260923T001847,244552.174592,81.21212121212122,True,26,40,26:40
20260923T001847,242511.017216,81.21212121212122,True,28,51,28:51
20260923T001847,241567.16032,81.21212121212122,True,30,49,30:49
20260923T001847,242035.605248,81.21212121212122,True,39,50,39:50
20260923T001848,242697.965824,81.21212121212122,True,2,47,2:47
20260923T001848,243331.483392,81.21212121212122,True,4,56,4:56
20260923T001848,243349.373184,81.21212121212122,True,22,40,22:40
20260923T001848,242844.041472,81.21212121212122,True,31,44,31:44
20260923T001848,242520.888576,81.21212121212122,True,36,50,36:50
20260923T001848,244312.015872,81.21212121212122,True,40,46,40:46
20260923T001848,243634.534144,81.21212121212122,True,49,42,49:42
20260923T001848,244983.049984,81.21212121212122,True,56,54,56:54
20260923T001848,244917.572864,81.21212121212122,True,59,55,59:55
20260923T001848,245506.599424,81.21212121212122,True,61,50,61:50
20260923T001848,243065.267712,81.21212121212122,True,61,51,61:51
20260923T001849,244389.46304,81.21212121212122,True,0,48,0:48
20260923T001849,244159.650816,81.21212121212122,True,18,48,18:48
20260923T001849,243675.225856,81.21212121212122,True,20,50,20:50
20260923T001849,246039.96928,81.21212121212122,True,27,45,27:45
20260923T001849,244085.4016,81.21212121212122,True,35,47,35:47
20260923T001849,243634.413312,81.21212121212122,True,37,57,37:57
20260923T001849,243472.570112,81.21212121212122,True,38,43,38:43
20260923T001849,243829.017856,81.21212121212122,True,40,47,40:47
20260923T001849,246078.39232,81.21212121212122,True,46,54,46:54
20260923T001849,245285.622016,81.21212121212122,True,47,37,47:37
20260923T001849,244041.06112,81.21212121212122,True,52,53,52:53
20260923T001849,244122.13888,81.21212121212122,True,53,53,53:53
20260923T001849,244008.908544,81.21212121212122,True,59,56,59:56
20260923T001850,244434.142208,81.21212121212122,True,6,55,6:55
20260923T001850,246770.087424,81.21212121212122,True,7,38,7:38
20260923T001850,244966.601216,81.21212121212122,True,8,55,8:55
20260923T001850,246650.038528,81.21212121212122,True,10,53,10:53
20260923T001850,247073.744384,81.21212121212122,True,58,43,58:43
20260923T001850,245580.959744,81.21212121212122,True,63,48,63:48
20260923T001850,243674.186752,81.21212121212122,True,63,49,63:49
20260923T001851,246359.07328,81.21212121212122,True,17,43,17:43
20260923T001851,247989.069056,81.21212121212122,True,19,39,19:39
20260923T001851,245718.941952,81.21212121212122,True,26,42,26:42
20260923T001851,244813.508608,81.21212121212122,True,32,55,32:55
20260923T001851,247423.817984,81.21212121212122,True,34,36,34:36
20260923T001851,244449.551872,81.21212121212122,True,40,48,40:48
20260923T001851,245738.800384,81.21212121212122,True,44,54,44:54
20260923T001851,246502.248704,81.21212121212122,True,55,40,55:40
20260923T001851,244975.5008,81.21212121212122,True,56,56,56:56
20260923T001851,244037.398784,81.21212121212122,True,58,45,58:45
20260923T001852,249087.542528,81.21212121212122,True,3,47,3:47
20260923T001852,246999.705856,81.21212121212122,True,5,40,5:40
20260923T001852,247783.146752,81.21212121212122,True,8,54,8:54
20260923T001852,245330.450944,81.21212121212122,True,17,44,17:44
20260923T001852,245933.973248,81.21212121212122,True,25,57,25:57
20260923T001852,247848.398848,81.21212121212122,True,32,54,32:54
20260923T001852,245154.444544,81.21212121212122,True,39,51,39:51
20260923T001852,246995.765504,81.21212121212122,True,46,55,46:55
20260923T001853,249340.643072,81.21212121212122,True,6,53,6:53
20260923T001853,248610.279936,81.21212121212122,True,9,39,9:39
20260923T001853,248210.76352,81.21212121212122,True,29,52,29:52
20260923T001853,246558.648064,81.21212121212122,True,31,45,31:45
20260923T001853,247542.235392,81.21212121212122,True,33,42,33:42
20260923T001853,248715.962112,81.21212121212122,True,41,42,41:42
20260923T001853,246950.991104,81.21212121212122,True,41,43,41:43
20260923T001853,248115.215616,81.21212121212122,True,43,39,43:39
20260923T001853,246890.244608,81.21212121212122,True,45,58,45:58
20260923T001853,246718.40256,81.21212121212122,True,46,56,46:56
20260923T001853,247339.449088,81.21212121212122,True,51,52,51:52
20260923T001854,248202.328576,81.21212121212122,True,0,49,0:49
20260923T001854,249464.89984,81.21212121212122,True,3,48,3:48
20260923T001854,249983.931392,81.21212121212122,True,4,55,4:55
20260923T001854,249141.989632,81.21212121212122,True,7,39,7:39
20260923T001854,249594.705664,81.21212121212122,True,24,55,24:55
20260923T001854,248839.081984,81.21212121212122,True,34,37,34:37
20260923T001854,249001.98144,81.21212121212122,True,50,45,50:45
20260923T001854,246980.023808,81.21212121212122,True,62,41,62:41
20260923T001855,249009.843456,81.21212121212122,True,14,47,14:47
20260923T001855,248257.131776,81.21212121212122,True,16,42,16:42
20260923T001855,249042.937088,81.21212121212122,True,19,40,19:40
20260923T001855,249785.537024,81.21212121212122,True,21,37,21:37
20260923T001855,248236.910336,81.21212121212122,True,22,41,22:41
20260923T001855,249095.161856,81.21212121212122,True,24,56,24:56
20260923T001855,248492.987136,81.21212121212122,True,27,47,27:47
20260923T001855,248616.602624,81.21212121212122,True,28,52,28:52
20260923T001855,248469.459456,81.21212121212122,True,37,58,37:58
20260923T001856,251044.595712,81.21212121212122,True,1,46,1:46
20260923T001856,249955.975168,81.21212121212122,True,2,48,2:48
20260923T001856,250159.469824,81.21212121212122,True,10,55,10:55
20260923T001856,251001.91872,81.21212121212122,True,13,53,13:53
20260923T001856,250541.401088,81.21212121212122,True,23,46,23:46
20260923T001856,248244.717824,81.21212121212122,True,29,54,29:54
20260923T001856,249307.436544,81.21212121212122,True,32,56,32:56
20260923T001856,248501.529088,81.21212121212122,True,33,43,33:43
20260923T001856,248372.483072,81.21212121212122,True,39,52,39:52
20260923T001856,250619.556864,81.21212121212122,True,42,46,42:46
20260923T001856,248789.819136,81.21212121212122,True,47,39,47:39
20260923T001856,249738.89792,81.21212121212122,True,53,54,53:54
20260923T001856,248529.7088,81.21212121212122,True,53,55,53:55
20260923T001856,249611.16288,81.21212121212122,True,57,39,57:39
20260923T001857,249577.26464,81.21212121212122,True,9,40,9:40
20260923T001857,250708.464128,81.21212121212122,True,12,41,12:41
20260923T001857,250511.884288,81.21212121212122,True,18,49,18:49
20260923T001857,250388.831744,81.21212121212122,True,21,38,21:38
20260923T001857,250911.292928,81.21212121212122,True,35,48,35:48
20260923T001857,250703.420672,81.21212121212122,True,38,44,38:44
20260923T001857,250421.421056,81.21212121212122,True,43,40,43:40
20260923T001857,251261.70496,81.21212121212122,True,47,38,47:38
20260923T001857,250813.87392,81.21212121212122,True,49,43,49:43
20260923T001857,249966.637056,81.21212121212122,True,49,44,49:44
20260923T001857,251407.314944,81.21212121212122,True,54,47,54:47
20260923T001857,249763.72224,81.21212121212122,True,55,41,55:41
20260923T001857,250157.728512,81.21212121212122,True,56,57,56:57
20260923T001858,250316.207616,81.21212121212122,True,37,59,37:59
20260923T001858,249860.21632,81.21212121212122,True,46,57,46:57
20260923T001858,252264.267776,81.21212121212122,True,60,42,60:42
20260923T001858,251283.088896,81.21212121212122,True,60,43,60:43
20260923T001858,249414.201344,81.21212121212122,True,60,44,60:44
20260923T001859,252428.813056,81.21212121212122,True,3,49,3:49
20260923T001859,252661.959936,81.21212121212122,True,4,57,4:57
20260923T001859,253036.262912,81.21212121212122,True,11,42,11:42
20260923T001859,251964.46592,81.21212121212122,True,11,43,11:43
20260923T001859,251430.573824,81.21212121212122,True,15,57,15:57
20260923T001859,252645.262592,81.21212121212122,True,30,50,30:50
20260923T001859,251742.338816,81.21212121212122,True,48,40,48:40
20260923T001859,250614.826752,81.21212121212122,True,48,41,48:41
20260923T001859,251779.920384,81.21212121212122,True,63,50,63:50
20260923T001900,252891.166976,81.21212121212122,True,7,40,7:40
20260923T001900,252727.109888,81.21212121212122,True,14,48,14:48
20260923T001900,253773.152256,81.21212121212122,True,20,51,20:51
20260923T001900,253983.454208,81.21212121212122,True,29,53,29:53
20260923T001900,253554.39872,81.21212121212122,True,34,38,34:38
20260923T001900,253319.787008,81.21212121212122,True,50,46,50:46
20260923T001900,252580.93696,81.21212121212122,True,52,55,52:55
20260923T001900,251675.897088,81.21212121212122,True,58,46,58:46
20260923T001900,253820.604416,81.21212121212122,True,59,57,59:57
20260923T001900,253957.150208,81.21212121212122,True,61,52,61:52
20260923T001901,252680.3456,81.21212121212122,True,6,57,6:57
20260923T001901,253950.726144,81.21212121212122,True,13,54,13:54
20260923T001901,252419.822336,81.21212121212122,True,21,39,21:39
20260923T001901,253280.954368,81.21212121212122,True,23,47,23:47
20260923T001901,253265.263872,81.21212121212122,True,28,53,28:53
20260923T001901,252184.200192,81.21212121212122,True,32,57,32:57
20260923T001901,251776.076032,81.21212121212122,True,40,49,40:49
20260923T001901,251585.8944,81.21212121212122,True,43,41,43:41
20260923T001901,253406.440704,81.21212121212122,True,51,53,51:53
20260923T001901,254660.313856,81.21212121212122,True,52,54,52:54
20260923T001902,253083.235584,81.21212121212122,True,0,51,0:51
20260923T001902,253488.025344,81.21212121212122,True,8,57,8:57
20260923T001902,253885.57056,81.21212121212122,True,13,55,13:55
20260923T001902,253906.533376,81.21212121212122,True,19,41,19:41
20260923T001902,252433.555968,81.21212121212122,True,29,55,29:55
20260923T001902,254670.085632,81.21212121212122,True,30,51,30:51
20260923T001902,253407.649024,81.21212121212122,True,41,45,41:45
20260923T001902,254202.934528,81.21212121212122,True,45,59,45:59
20260923T001902,253803.056896,81.21212121212122,True,59,58,59:58
20260923T001903,256531.16928,81.21212121212122,True,1,47,1:47
20260923T001903,254748.706304,81.21212121212122,True,3,50,3:50
20260923T001903,256111.613696,81.21212121212122,True,8,56,8:56
20260923T001903,253429.245184,81.21212121212122,True,8,58,8:58
20260923T001903,255476.07168,81.21212121212122,True,18,50,18:50
20260923T001903,253612.915456,81.21212121212122,True,19,42,19:42
20260923T001903,255424.922624,81.21212121212122,True,41,44,41:44
20260923T001903,253844.279808,81.21212121212122,True,47,40,47:40
20260923T001903,255066.496768,81.21212121212122,True,54,48,54:48
20260923T001903,254390.032896,81.21212121212122,True,62,42,62:42
20260923T001904,257526.528512,81.21212121212122,True,5,41,5:41
20260923T001904,254348.832512,81.21212121212122,True,7,41,7:41
20260923T001904,256477.901824,81.21212121212122,True,25,58,25:58
20260923T001904,255728.54784,81.21212121212122,True,27,48,27:48
20260923T001904,255005.650432,81.21212121212122,True,31,46,31:46
20260923T001904,254464.043008,81.21212121212122,True,32,58,32:58
20260923T001904,257081.825024,81.21212121212122,True,36,51,36:51
20260923T001904,254801.214208,81.21212121212122,True,51,54,51:54
20260923T001905,256290.558976,81.21212121212122,True,4,59,4:59
20260923T001905,256062.22976,81.21212121212122,True,15,58,15:58
20260923T001905,255076.61568,81.21212121212122,True,20,53,20:53
20260923T001905,256100.133376,81.21212121212122,True,23,48,23:48
20260923T001905,255578.133504,81.21212121212122,True,26,44,26:44
20260923T001905,255665.66272,81.21212121212122,True,28,54,28:54
20260923T001905,257454.686464,81.21212121212122,True,42,47,42:47
20260923T001905,256110.803968,81.21212121212122,True,49,45,49:45
20260923T001905,257250.43328,81.21212121212122,True,50,47,50:47
20260923T001905,257870.971648,81.21212121212122,True,61,53,61:53
20260923T001905,255318.383616,81.21212121212122,True,63,51,63:51
20260923T001906,256003.31776,81.21212121212122,True,3,51,3:51
20260923T001906,258262.263552,81.21212121212122,True,4,58,4:58
20260923T001906,258949.229312,81.21212121212122,True,6,56,6:56
20260923T001906,257339.310592,81.21212121212122,True,16,43,16:43
20260923T001906,257621.773312,81.21212121212122,True,20,52,20:52
20260923T001906,258735.079936,81.21212121212122,True,24,57,24:57
20260923T001906,258694.823936,81.21212121212122,True,26,43,26:43
20260923T001906,257291.771904,81.21212121212122,True,36,52,36:52
20260923T001906,257138.322176,81.21212121212122,True,37,60,37:60
20260923T001906,256081.609216,81.21212121212122,True,39,53,39:53
20260923T001906,255543.780096,81.21212121212122,True,49,46,49:46
20260923T001906,256953.818368,81.21212121212122,True,52,56,52:56
20260923T001906,255366.369536,81.21212121212122,True,52,57,52:57
20260923T001906,256899.350784,81.21212121212122,True,56,58,56:58
20260923T001907,259160.765696,81.21212121212122,True,0,50,0:50
20260923T001907,256848.048896,81.21212121212122,True,5,43,5:43
20260923T001907,259111.652864,81.21212121212122,True,10,56,10:56
20260923T001907,257938.092288,81.21212121212122,True,10,57,10:57
20260923T001907,257164.92672,81.21212121212122,True,18,51,18:51
20260923T001907,256822.102016,81.21212121212122,True,31,47,31:47
20260923T001907,258963.163904,81.21212121212122,True,35,49,35:49
20260923T001907,256288.390912,81.21212121212122,True,37,61,37:61
20260923T001907,259960.624896,81.21212121212122,True,44,55,44:55
20260923T001907,256520.7808,81.21212121212122,True,51,55,51:55
20260923T001907,257637.92256,81.21212121212122,True,57,40,57:40
20260923T001907,257716.92032,81.21212121212122,True,61,54,61:54
20260923T001908,257058.650624,81.21212121212122,True,6,59,6:59
20260923T001908,259030.837504,81.21212121212122,True,17,45,17:45
20260923T001908,257581.166336,81.21212121212122,True,18,52,18:52
20260923T001908,258504.913664,81.21212121212122,True,24,58,24:58
20260923T001908,258214.52544,81.21212121212122,True,30,52,30:52
20260923T001908,259324.964864,81.21212121212122,True,38,45,38:45
20260923T001908,257510.07744,81.21212121212122,True,42,49,42:49
20260923T001908,257467.047936,81.21212121212122,True,60,45,60:45
20260923T001908,257580.792576,81.21212121212122,True,61,55,61:55
20260923T001909,260540.446464,81.21212121212122,True,2,49,2:49
20260923T001909,258076.547328,81.21212121212122,True,4,60,4:60
20260923T001909,259289.39392,81.21212121212122,True,9,41,9:41
20260923T001909,260562.81984,81.21212121212122,True,12,42,12:42
20260923T001909,258912.500992,81.21212121212122,True,12,43,12:43
20260923T001909,260383.056128,81.21212121212122,True,14,49,14:49
20260923T001909,260164.1856,81.21212121212122,True,42,48,42:48
20260923T001909,259259.065856,81.21212121212122,True,55,42,55:42
20260923T001910,260831.756544,81.21212121212122,True,1,48,1:48
20260923T001910,258997.301504,81.21212121212122,True,1,49,1:49
20260923T001910,258798.597888,81.21212121212122,True,2,50,2:50
20260923T001910,260749.995008,81.21212121212122,True,6,58,6:58
20260923T001910,259983.611904,81.21212121212122,True,17,46,17:46
20260923T001910,260599.27808,81.21212121212122,True,25,59,25:59
20260923T001910,258558.592256,81.21212121212122,True,32,59,32:59
20260923T001910,258686.055168,81.21212121212122,True,33,45,33:45
20260923T001910,260482.842624,81.21212121212122,True,38,46,38:46
20260923T001910,258827.271424,81.21212121212122,True,56,60,56:60
20260923T001911,262614.816256,81.21212121212122,True,5,42,5:42
20260923T001911,261787.652352,81.21212121212122,True,11,44,11:44
20260923T001911,260441.916416,81.21212121212122,True,24,59,24:59
20260923T001911,260290.171904,81.21212121212122,True,29,56,29:56
20260923T001911,259717.64992,81.21212121212122,True,34,40,34:40
20260923T001911,260064.500736,81.21212121212122,True,47,41,47:41
20260923T001911,261116.941312,81.21212121212122,True,53,56,53:56
20260923T001912,261750.763264,81.21212121212122,True,13,56,13:56
20260923T001912,262198.65472,81.21212121212122,True,14,50,14:50
20260923T001912,262824.271616,81.21212121212122,True,34,39,34:39
20260923T001912,260718.196992,81.21212121212122,True,43,42,43:42
20260923T001912,262752.840448,81.21212121212122,True,46,58,46:58
20260923T001912,261008.630272,81.21212121212122,True,53,57,53:57
20260923T001912,261882.247936,81.21212121212122,True,54,49,54:49
20260923T001912,262019.802112,81.21212121212122,True,56,59,56:59
20260923T001912,260802.877184,81.21212121212122,True,57,41,57:41
20260923T001913,261580.942848,81.21212121212122,True,21,40,21:40
20260923T001913,263469.739264,81.21212121212122,True,22,42,22:42
20260923T001913,261205.845504,81.21212121212122,True,30,53,30:53
20260923T001913,264053.958144,81.21212121212122,True,35,50,35:50
20260923T001913,263403.4112,81.21212121212122,True,44,56,44:56
20260923T001913,262324.494848,81.21212121212122,True,48,42,48:42
20260923T001913,263467.623936,81.21212121212122,True,50,48,50:48
20260923T001913,261817.354496,81.21212121212122,True,50,49,50:49
20260923T001913,261559.485184,81.21212121212122,True,54,50,54:50
20260923T001914,262191.078144,81.21212121212122,True,20,54,20:54
20260923T001914,263370.966272,81.21212121212122,True,23,49,23:49
20260923T001914,262341.020672,81.21212121212122,True,28,56,28:56
20260923T001914,261574.81984,81.21212121212122,True,30,54,30:54
20260923T001914,263903.927552,81.21212121212122,True,36,53,36:53
20260923T001914,263211.382784,81.21212121212122,True,40,50,40:50
20260923T001914,262468.648192,81.21212121212122,True,51,56,51:56
20260923T001914,262829.960192,81.21212121212122,True,59,60,59:60
20260923T001915,262007.814656,81.21212121212122,True,2,51,2:51
20260923T001915,262916.098304,81.21212121212122,True,9,42,9:42
20260923T001915,263429.25824,81.21212121212122,True,14,51,14:51
20260923T001915,264739.85408,81.21212121212122,True,15,59,15:59
20260923T001915,263794.28992,81.21212121212122,True,25,60,25:60
20260923T001915,265298.340608,81.21212121212122,True,33,44,33:44
20260923T001915,263832.916224,81.21212121212122,True,35,51,35:51
20260923T001915,263331.599872,81.21212121212122,True,39,54,39:54
20260923T001915,265605.17248,81.21212121212122,True,45,60,45:60
20260923T001915,261942.813184,81.21212121212122,True,48,43,48:43
20260923T001915,264469.833728,81.21212121212122,True,58,47,58:47
20260923T001915,263343.927552,81.21212121212122,True,59,61,59:61
20260923T001916,264754.484992,81.21212121212122,True,11,45,11:45
20260923T001916,263691.251712,81.21212121212122,True,21,41,21:41
20260923T001916,263334.250752,81.21212121212122,True,22,44,22:44
20260923T001916,264456.81152,81.21212121212122,True,31,48,31:48
20260923T001916,265753.465344,81.21212121212122,True,44,57,44:57
20260923T001916,264025.011712,81.21212121212122,True,44,58,44:58
20260923T001916,262805.490688,81.21212121212122,True,58,49,58:49
20260923T001916,266065.558272,81.21212121212122,True,59,59,59:59
20260923T001916,265223.47136,81.21212121212122,True,63,52,63:52
20260923T001917,266107.448064,81.21212121212122,True,0,52,0:52
20260923T001917,266799.621888,81.21212121212122,True,8,59,8:59
20260923T001917,263859.329024,81.21212121212122,True,11,46,11:46
20260923T001917,266087.533568,81.21212121212122,True,28,55,28:55
20260923T001917,264180.412416,81.21212121212122,True,45,63,45:63
20260923T001917,264542.102528,81.21212121212122,True,57,42,57:42
20260923T001918,266127.20128,81.21212121212122,True,8,60,8:60
20260923T001918,264610.60864,81.21212121212122,True,35,52,35:52
20260923T001918,266878.531584,81.21212121212122,True,41,46,41:46
20260923T001918,265518.725888,81.21212121212122,True,42,50,42:50
20260923T001918,266184.134912,81.21212121212122,True,45,62,45:62
20260923T001918,265641.64608,81.21212121212122,True,49,47,49:47
20260923T001918,264403.547648,81.21212121212122,True,51,57,51:57
20260923T001918,266057.075712,81.21212121212122,True,52,58,52:58
20260923T001918,266580.563712,81.21212121212122,True,53,58,53:58
20260923T001919,267982.768384,81.21212121212122,True,13,57,13:57
20260923T001919,267376.125696,81.21212121212122,True,15,60,15:60
20260923T001919,266915.924736,81.21212121212122,True,19,43,19:43
20260923T001919,267140.400128,81.21212121212122,True,22,43,22:43
20260923T001919,265294.436864,81.21212121212122,True,31,49,31:49
20260923T001919,267346.354432,81.21212121212122,True,36,54,36:54
20260923T001919,267900.062464,81.21212121212122,True,37,62,37:62
20260923T001919,267171.950592,81.21212121212122,True,38,47,38:47
20260923T001919,268198.433792,81.21212121212122,True,45,61,45:61
20260923T001919,266143.883776,81.21212121212122,True,46,60,46:60
20260923T001919,266182.897408,81.21212121212122,True,50,50,50:50
20260923T001920,266102.4512,81.21212121212122,True,0,54,0:54
20260923T001920,268179.968256,81.21212121212122,True,3,52,3:52
20260923T001920,268563.19232,81.21212121212122,True,10,58,10:58
20260923T001920,267107.688192,81.21212121212122,True,10,59,10:59
20260923T001920,268549.477632,81.21212121212122,True,16,44,16:44
20260923T001920,265538.746368,81.21212121212122,True,17,48,17:48
20260923T001920,269255.924992,81.21212121212122,True,26,45,26:45
20260923T001920,267347.82464,81.21212121212122,True,26,46,26:46
20260923T001920,269662.794496,81.21212121212122,True,27,49,27:49
20260923T001920,266819.65568,81.21212121212122,True,37,63,37:63
20260923T001920,266631.483904,81.21212121212122,True,60,47,60:47
20260923T001920,268346.925312,81.21212121212122,True,62,43,62:43
20260923T001921,268792.612096,81.21212121212122,True,0,53,0:53
20260923T001921,267886.513408,81.21212121212122,True,3,53,3:53
20260923T001921,268409.37088,81.21212121212122,True,4,61,4:61
20260923T001921,266506.266624,81.21212121212122,True,6,61,6:61
20260923T001921,268881.575936,81.21212121212122,True,27,50,27:50
20260923T001921,270146.366976,81.21212121212122,True,46,59,46:59
20260923T001921,267161.400576,81.21212121212122,True,55,44,55:44
20260923T001921,269329.303296,81.21212121212122,True,60,46,60:46
20260923T001922,267584.027392,81.21212121212122,True,3,54,3:54
20260923T001922,270702.905088,81.21212121212122,True,7,42,7:42
20260923T001922,268317.303808,81.21212121212122,True,8,61,8:61
20260923T001922,270869.289728,81.21212121212122,True,12,44,12:44
20260923T001922,269208.256512,81.21212121212122,True,15,61,15:61
20260923T001922,268329.364224,81.21212121212122,True,19,44,19:44
20260923T001922,269690.138112,81.21212121212122,True,25,61,25:61
20260923T001922,267382.779136,81.21212121212122,True,29,58,29:58
20260923T001922,268648.491264,81.21212121212122,True,56,61,56:61
20260923T001922,269982.922496,81.21212121212122,True,58,48,58:48
20260923T001922,268796.627712,81.21212121212122,True,59,62,59:62
20260923T001923,270124.018944,81.21212121212122,True,1,50,1:50
20260923T001923,268608.233984,81.21212121212122,True,8,62,8:62
20260923T001923,269706.055424,81.21212121212122,True,18,54,18:54
20260923T001923,270207.828992,81.21212121212122,True,29,57,29:57
20260923T001923,271197.659904,81.21212121212122,True,32,60,32:60
20260923T001923,269229.601024,81.21212121212122,True,38,48,38:48
20260923T001923,271436.075264,81.21212121212122,True,55,43,55:43
20260923T001924,269911.004672,81.21212121212122,True,14,52,14:52
20260923T001924,270540.026112,81.21212121212122,True,16,45,16:45
20260923T001924,272001.39136,81.21212121212122,True,18,53,18:53
20260923T001924,270324.842752,81.21212121212122,True,28,57,28:57
20260923T001924,270662.28864,81.21212121212122,True,33,46,33:46
20260923T001924,270055.502592,81.21212121212122,True,34,41,34:41
20260923T001924,271809.667072,81.21212121212122,True,41,47,41:47
20260923T001924,268941.939712,81.21212121212122,True,42,51,42:51
20260923T001924,270628.906496,81.21212121212122,True,44,59,44:59
20260923T001924,269634.04416,81.21212121212122,True,58,50,58:50
20260923T001925,273410.433024,81.21212121212122,True,5,44,5:44
20260923T001925,269986.953216,81.21212121212122,True,9,43,9:43
20260923T001925,272717.111552,81.21212121212122,True,13,58,13:58
20260923T001925,272831.975936,81.21212121212122,True,17,47,17:47
20260923T001925,270138.840576,81.21212121212122,True,30,55,30:55
20260923T001925,270128.510976,81.21212121212122,True,37,64,37:64
20260923T001925,269710.2208,81.21212121212122,True,45,64,45:64
20260923T001925,273148.321792,81.21212121212122,True,61,56,61:56
20260923T001925,272014.743296,81.21212121212122,True,63,53,63:53
20260923T001926,271323.906816,81.21212121212122,True,2,52,2:52
20260923T001926,272186.080256,81.21212121212122,True,4,62,4:62
20260923T001926,273315.365888,81.21212121212122,True,6,60,6:60
20260923T001926,270735.868672,81.21212121212122,True,12,46,12:46
20260923T001926,271461.44256,81.21212121212122,True,16,46,16:46
20260923T001926,271899.962368,81.21212121212122,True,22,45,22:45
20260923T001926,273570.239488,81.21212121212122,True,24,60,24:60
20260923T001926,269927.147776,81.21212121212122,True,38,49,38:49
20260923T001926,272471.009792,81.21212121212122,True,39,55,39:55
20260923T001926,272765.593856,81.21212121212122,True,40,51,40:51
20260923T001926,271911.3728,81.21212121212122,True,51,58,51:58
20260923T001926,273205.427712,81.21212121212122,True,52,59,52:59
20260923T001926,272567.464192,81.21212121212122,True,54,51,54:51
20260923T001927,273274.616064,81.21212121212122,True,10,60,10:60
20260923T001927,273624.201216,81.21212121212122,True,12,45,12:45
20260923T001927,274495.552512,81.21212121212122,True,23,50,23:50
20260923T001927,273299.634688,81.21212121212122,True,24,61,24:61
20260923T001927,271845.690624,81.21212121212122,True,34,42,34:42
20260923T001927,273471.06176,81.21212121212122,True,43,43,43:43
20260923T001927,271830.87872,81.21212121212122,True,44,60,44:60
20260923T001927,273626.720256,81.21212121212122,True,47,42,47:42
20260923T001927,272628.44032,81.21212121212122,True,59,63,59:63
20260923T001928,275033.42976,81.21212121212122,True,7,43,7:43
20260923T001928,272669.320704,81.21212121212122,True,11,47,11:47
20260923T001928,272513.875712,81.21212121212122,True,13,60,13:60
20260923T001928,274797.448192,81.21212121212122,True,20,55,20:55
20260923T001928,275111.949056,81.21212121212122,True,36,55,36:55
20260923T001928,272764.301568,81.21212121212122,True,50,51,50:51
20260923T001928,274177.9072,81.21212121212122,True,53,59,53:59
20260923T001928,271701.009664,81.21212121212122,True,56,63,56:63
20260923T001928,274474.4768,81.21212121212122,True,62,44,62:44
20260923T001929,273934.343168,81.21212121212122,True,6,62,6:62
20260923T001929,272822.005504,81.21212121212122,True,14,53,14:53
20260923T001929,274057.569536,81.21212121212122,True,18,55,18:55
20260923T001929,275241.586944,81.21212121212122,True,27,51,27:51
20260923T001929,272475.61088,81.21212121212122,True,32,63,32:63
20260923T001929,273584.048128,81.21212121212122,True,33,47,33:47
20260923T001929,274525.627392,81.21212121212122,True,36,56,36:56
20260923T001929,273460.905728,81.21212121212122,True,39,56,39:56
20260923T001929,274458.243072,81.21212121212122,True,54,52,54:52
20260923T001929,275375.168,81.21212121212122,True,63,54,63:54
20260923T001930,274135.0528,81.21212121212122,True,10,61,10:61
20260923T001930,273199.288832,81.21212121212122,True,19,45,19:45
20260923T001930,273947.3344,81.21212121212122,True,36,57,36:57
20260923T001930,273396.465664,81.21212121212122,True,40,53,40:53
20260923T001930,275892.3072,81.21212121212122,True,41,48,41:48
20260923T001930,274094.935808,81.21212121212122,True,52,61,52:61
20260923T001930,275498.663936,81.21212121212122,True,53,60,53:60
20260923T001930,273871.898624,81.21212121212122,True,54,53,54:53
20260923T001930,275840.46976,81.21212121212122,True,61,57,61:57
20260923T001931,275671.648256,81.21212121212122,True,7,44,7:44
20260923T001931,276522.921728,81.21212121212122,True,13,59,13:59
20260923T001931,274701.261568,81.21212121212122,True,17,49,17:49
20260923T001931,276682.534912,81.21212121212122,True,25,62,25:62
20260923T001931,275126.270464,81.21212121212122,True,26,48,26:48
20260923T001931,274949.804032,81.21212121212122,True,30,56,30:56
20260923T001931,275521.095936,81.21212121212122,True,43,44,43:44
20260923T001931,276268.887808,81.21212121212122,True,52,60,52:60
20260923T001931,275899.681024,81.21212121212122,True,60,48,60:48
20260923T001932,276142.547712,81.21212121212122,True,3,55,3:55
20260923T001932,278293.910272,81.21212121212122,True,5,45,5:45
20260923T001932,277283.969792,81.21212121212122,True,20,56,20:56
20260923T001932,276143.715072,81.21212121212122,True,25,63,25:63
20260923T001932,278123.377152,81.21212121212122,True,26,47,26:47
20260923T001932,276079.590656,81.21212121212122,True,27,52,27:52
20260923T001932,276426.38336,81.21212121212122,True,29,59,29:59
20260923T001932,278378.733824,81.21212121212122,True,32,61,32:61
20260923T001932,277790.288896,81.21212121212122,True,35,53,35:53
20260923T001932,275505.430784,81.21212121212122,True,45,65,45:65
20260923T001932,275836.050432,81.21212121212122,True,46,62,46:62
20260923T001932,274600.636416,81.21212121212122,True,49,49,49:49
20260923T001933,277247.820544,81.21212121212122,True,0,55,0:55
20260923T001933,278971.52512,81.21212121212122,True,1,51,1:51
20260923T001933,277033.042432,81.21212121212122,True,8,63,8:63
20260923T001933,275940.16768,81.21212121212122,True,8,64,8:64
20260923T001933,276202.891264,81.21212121212122,True,10,62,10:62
20260923T001933,275755.365632,81.21212121212122,True,12,47,12:47
20260923T001933,276338.965248,81.21212121212122,True,24,63,24:63
20260923T001933,277156.146688,81.21212121212122,True,35,54,35:54
20260923T001933,275533.739008,81.21212121212122,True,38,50,38:50
20260923T001933,278232.604672,81.21212121212122,True,46,61,46:61
20260923T001933,277827.275264,81.21212121212122,True,49,48,49:48
20260923T001933,277648.398848,81.21212121212122,True,55,45,55:45
20260923T001933,279077.00608,81.21212121212122,True,56,62,56:62
20260923T001933,277827.143168,81.21212121212122,True,57,43,57:43
20260923T001933,277566.083328,81.21212121212122,True,62,45,62:45
20260923T001933,277369.41696,81.21212121212122,True,63,55,63:55
20260923T001934,278025.888256,81.21212121212122,True,15,63,15:63
20260923T001934,278713.53728,81.21212121212122,True,21,42,21:42
20260923T001934,277822.852352,81.21212121212122,True,22,46,22:46
20260923T001934,279101.3952,81.21212121212122,True,40,52,40:52
20260923T001934,279551.089664,81.21212121212122,True,48,44,48:44
20260923T001934,277093.93536,81.21212121212122,True,56,64,56:64
20260923T001934,278128.07168,81.21212121212122,True,59,64,59:64
20260923T001934,278613.413888,81.21212121212122,True,61,58,61:58
20260923T001935,280078.042112,81.21212121212122,True,15,62,15:62
20260923T001935,278544.866816,81.21212121212122,True,16,47,16:47
20260923T001935,279928.369152,81.21212121212122,True,24,62,24:62
20260923T001935,278917.72288,81.21212121212122,True,31,50,31:50
20260923T001935,279728.047104,81.21212121212122,True,32,62,32:62
20260923T001935,276897.785088,81.21212121212122,True,41,50,41:50
20260923T001935,278400.478208,81.21212121212122,True,55,46,55:46
20260923T001936,278951.255808,81.21212121212122,True,6,63,6:63
20260923T001936,278378.112,81.21212121212122,True,13,61,13:61
20260923T001936,278705.556224,81.21212121212122,True,15,64,15:64
20260923T001936,280832.154112,81.21212121212122,True,23,51,23:51
20260923T001936,280248.709632,81.21212121212122,True,23,52,23:52
20260923T001936,278892.98432,81.21212121212122,True,42,52,42:52
20260923T001936,279031.880192,81.21212121212122,True,52,62,52:62
20260923T001936,280683.782912,81.21212121212122,True,58,51,58:51
20260923T001936,278901.624064,81.21212121212122,True,60,49,60:49
20260923T001937,280082.85696,81.21212121212122,True,7,45,7:45
20260923T001937,281671.05536,81.21212121212122,True,28,58,28:58
20260923T001937,280444.124416,81.21212121212122,True,28,59,28:59
20260923T001937,278981.540608,81.21212121212122,True,32,64,32:64
20260923T001937,280206.588416,81.21212121212122,True,33,48,33:48
20260923T001937,279427.888384,81.21212121212122,True,43,45,43:45
20260923T001937,280416.769024,81.21212121212122,True,53,61,53:61
20260923T001938,281372.725248,81.21212121212122,True,1,52,1:52
20260923T001938,282155.085056,81.21212121212122,True,2,53,2:53
20260923T001938,280392.054784,81.21212121212122,True,3,56,3:56
20260923T001938,282076.727296,81.21212121212122,True,4,63,4:63
20260923T001938,280929.345536,81.21212121212122,True,14,54,14:54
20260923T001938,281575.722752,81.21212121212122,True,37,65,37:65
20260923T001938,280764.038144,81.21212121212122,True,48,45,48:45
20260923T001938,281772.080128,81.21212121212122,True,50,52,50:52
20260923T001938,282048.393472,81.21212121212122,True,51,59,51:59
20260923T001938,279449.709568,81.21212121212122,True,54,54,54:54
20260923T001939,281905.088512,81.21212121212122,True,2,54,2:54
20260923T001939,279961.077248,81.21212121212122,True,20,58,20:58
20260923T001939,280676.440576,81.21212121212122,True,22,47,22:47
20260923T001939,280185.248512,81.21212121212122,True,28,60,28:60
20260923T001939,282379.447808,81.21212121212122,True,44,61,44:61
20260923T001939,281310.591488,81.21212121212122,True,44,62,44:62
20260923T001939,283431.965696,81.21212121212122,True,47,43,47:43
20260923T001940,283009.287936,81.21212121212122,True,4,64,4:64
20260923T001940,281977.228032,81.21212121212122,True,4,65,4:65
20260923T001940,283475.42528,81.21212121212122,True,5,46,5:46
20260923T001940,281091.635456,81.21212121212122,True,16,48,16:48
20260923T001940,282770.46912,81.21212121212122,True,25,64,25:64
20260923T001940,282279.530496,81.21212121212122,True,36,58,36:58
20260923T001940,283989.359872,81.21212121212122,True,41,49,41:49
20260923T001940,282091.910912,81.21212121212122,True,45,66,45:66
20260923T001940,281240.36608,81.21212121212122,True,49,50,49:50
20260923T001940,282074.986496,81.21212121212122,True,51,60,51:60
20260923T001941,282804.000768,81.21212121212122,True,1,53,1:53
20260923T001941,281388.432896,81.21212121212122,True,8,65,8:65
20260923T001941,284286.119168,81.21212121212122,True,11,48,11:48
20260923T001941,281829.033472,81.21212121212122,True,14,55,14:55
20260923T001941,283248.047872,81.21212121212122,True,17,50,17:50
20260923T001941,283802.669824,81.21212121212122,True,26,49,26:49
20260923T001941,282193.03808,81.21212121212122,True,29,61,29:61
20260923T001941,283939.051776,81.21212121212122,True,34,43,34:43
20260923T001941,283202.925824,81.21212121212122,True,37,66,37:66
20260923T001941,281726.2208,81.21212121212122,True,43,46,43:46
20260923T001941,283527.126016,81.21212121212122,True,62,46,62:46
20260923T001942,284122.591232,81.21212121212122,True,0,56,0:56
20260923T001942,284970.96448,81.21212121212122,True,9,44,9:44
20260923T001942,282743.324928,81.21212121212122,True,12,48,12:48
20260923T001942,282685.15456,81.21212121212122,True,15,66,15:66
20260923T001942,285605.457664,81.21212121212122,True,18,56,18:56
20260923T001942,284846.612736,81.21212121212122,True,30,57,30:57
20260923T001942,284960.496384,81.21212121212122,True,31,51,31:51
20260923T001942,283874.07616,81.21212121212122,True,35,55,35:55
20260923T001942,283906.627328,81.21212121212122,True,40,54,40:54
20260923T001942,285688.065024,81.21212121212122,True,61,59,61:59
20260923T001942,282671.300096,81.21212121212122,True,62,47,62:47
20260923T001943,284668.674816,81.21212121212122,True,6,64,6:64
20260923T001943,284871.813888,81.21212121212122,True,23,53,23:53
20260923T001943,283814.294272,81.21212121212122,True,38,51,38:51
20260923T001943,285792.46208,81.21212121212122,True,46,63,46:63
20260923T001943,285094.775808,81.21212121212122,True,47,44,47:44
20260923T001943,284144.090624,81.21212121212122,True,52,63,52:63
20260923T001943,285280.374784,81.21212121212122,True,53,62,53:62
20260923T001943,285624.572416,81.21212121212122,True,57,44,57:44
20260923T001943,283162.426624,81.21212121212122,True,57,45,57:45
20260923T001943,284911.896576,81.21212121212122,True,58,52,58:52
20260923T001943,285494.833152,81.21212121212122,True,63,56,63:56
20260923T001944,284256.278784,81.21212121212122,True,2,55,2:55
20260923T001944,285937.208576,81.21212121212122,True,11,49,11:49
20260923T001944,284557.584384,81.21212121212122,True,11,50,11:50
20260923T001944,285215.27424,81.21212121212122,True,13,62,13:62
20260923T001944,286731.196928,81.21212121212122,True,20,57,20:57
20260923T001944,285310.860544,81.21212121212122,True,24,64,24:64
20260923T001944,286524.467456,81.21212121212122,True,29,60,29:60
20260923T001944,284404.415488,81.21212121212122,True,30,58,30:58
20260923T001944,286829.846528,81.21212121212122,True,39,57,39:57
20260923T001944,286314.734848,81.21212121212122,True,50,53,50:53
20260923T001945,285844.310528,81.21212121212122,True,0,57,0:57
20260923T001945,284880.852224,81.21212121212122,True,1,54,1:54
20260923T001945,287058.41792,81.21212121212122,True,19,46,19:46
20260923T001945,288018.560512,81.21212121212122,True,21,43,21:43
20260923T001945,285475.319296,81.21212121212122,True,24,65,24:65
20260923T001945,284785.891072,81.21212121212122,True,25,66,25:66
20260923T001945,284646.2144,81.21212121212122,True,29,62,29:62
20260923T001945,286141.20576,81.21212121212122,True,45,67,45:67
20260923T001945,286100.764672,81.21212121212122,True,55,47,55:47
20260923T001946,287367.954176,81.21212121212122,True,5,47,5:47
20260923T001946,285107.030272,81.21212121212122,True,6,65,6:65
20260923T001946,286936.744192,81.21212121212122,True,7,46,7:46
20260923T001946,285754.882048,81.21212121212122,True,22,48,22:48
20260923T001946,285257.80224,81.21212121212122,True,43,47,43:47
20260923T001946,287138.377472,81.21212121212122,True,53,63,53:63
20260923T001947,287071.194112,81.21212121212122,True,9,45,9:45
20260923T001947,286928.851456,81.21212121212122,True,10,64,10:64
20260923T001947,286230.424064,81.21212121212122,True,19,47,19:47
20260923T001947,288045.137152,81.21212121212122,True,25,65,25:65
20260923T001947,285887.822336,81.21212121212122,True,30,59,30:59
20260923T001947,287714.449408,81.21212121212122,True,42,53,42:53
20260923T001947,288430.706432,81.21212121212122,True,46,64,46:64
20260923T001947,286796.366848,81.21212121212122,True,56,66,56:66
20260923T001947,287111.057664,81.21212121212122,True,58,53,58:53
20260923T001947,289052.603136,81.21212121212122,True,59,65,59:65
20260923T001947,287296.117504,81.21212121212122,True,59,66,59:66
20260923T001948,287926.48448,81.21212121212122,True,3,57,3:57
20260923T001948,287176.554496,81.21212121212122,True,4,67,4:67
20260923T001948,287224.368896,81.21212121212122,True,13,63,13:63
20260923T001948,289363.912448,81.21212121212122,True,15,65,15:65
20260923T001948,288780.505088,81.21212121212122,True,26,50,26:50
20260923T001948,287236.566528,81.21212121212122,True,26,51,26:51
20260923T001948,289442.055936,81.21212121212122,True,31,52,31:52
20260923T001948,288433.704192,81.21212121212122,True,34,44,34:44
20260923T001948,288532.749056,81.21212121212122,True,41,51,41:51
20260923T001948,287264.75776,81.21212121212122,True,55,48,55:48
20260923T001949,290073.416448,81.21212121212122,True,4,66,4:66
20260923T001949,289820.73984,81.21212121212122,True,18,57,18:57
20260923T001949,290182.869504,81.21212121212122,True,27,53,27:53
20260923T001949,289529.362432,81.21212121212122,True,32,65,32:65
20260923T001949,289725.488128,81.21212121212122,True,37,67,37:67
20260923T001949,290327.091968,81.21212121212122,True,39,58,39:58
20260923T001949,288774.930176,81.21212121212122,True,45,68,45:68
20260923T001949,288057.212416,81.21212121212122,True,49,51,49:51
20260923T001949,289803.87456,81.21212121212122,True,54,55,54:55
20260923T001949,290931.66336,81.21212121212122,True,61,60,61:60
20260923T001949,288238.436608,81.21212121212122,True,62,48,62:48
20260923T001950,289192.185088,81.21212121212122,True,12,49,12:49
20260923T001950,289735.860992,81.21212121212122,True,14,56,14:56
20260923T001950,289948.893184,81.21212121212122,True,17,51,17:51
20260923T001950,287927.882752,81.21212121212122,True,22,49,22:49
20260923T001950,289784.0576,81.21212121212122,True,27,54,27:54
20260923T001950,290801.528832,81.21212121212122,True,40,55,40:55
20260923T001950,289703.955456,81.21212121212122,True,41,52,41:52
20260923T001950,288748.867584,81.21212121212122,True,48,47,48:47
20260923T001950,287931.101184,81.21212121212122,True,57,46,57:46
20260923T001950,289372.290304,81.21212121212122,True,60,51,60:51
20260923T001950,290104.921856,81.21212121212122,True,63,57,63:57
20260923T001951,292380.88448,81.21212121212122,True,10,63,10:63
20260923T001951,289949.99424,81.21212121212122,True,20,59,20:59
20260923T001951,292337.914368,81.21212121212122,True,21,44,21:44
20260923T001951,289657.743616,81.21212121212122,True,31,53,31:53
20260923T001951,292346.644992,81.21212121212122,True,33,49,33:49
20260923T001951,290620.715008,81.21212121212122,True,33,50,33:50
20260923T001951,290867.13088,81.21212121212122,True,35,56,35:56
20260923T001951,289698.501376,81.21212121212122,True,50,55,50:55
20260923T001951,291646.921984,81.21212121212122,True,60,50,60:50
20260923T001952,291031.471104,81.21212121212122,True,8,66,8:66
20260923T001952,292545.019136,81.21212121212122,True,23,54,23:54
20260923T001952,292584.887808,81.21212121212122,True,56,65,56:65
20260923T001952,290863.394048,81.21212121212122,True,58,54,58:54
20260923T001952,290625.05472,81.21212121212122,True,63,58,63:58
20260923T001953,290507.515392,81.21212121212122,True,0,59,0:59
20260923T001953,290819.279872,81.21212121212122,True,10,65,10:65
20260923T001953,291504.1024,81.21212121212122,True,18,59,18:59
20260923T001953,291389.885184,81.21212121212122,True,24,66,24:66
20260923T001953,290674.944768,81.21212121212122,True,24,67,24:67
20260923T001953,290756.589312,81.21212121212122,True,27,55,27:55
20260923T001953,291008.700928,81.21212121212122,True,29,63,29:63
20260923T001953,292104.122368,81.21212121212122,True,36,60,36:60
20260923T001953,291985.644288,81.21212121212122,True,38,52,38:52
20260923T001953,293610.923264,81.21212121212122,True,46,65,46:65
20260923T001953,293571.49568,81.21212121212122,True,50,54,50:54
20260923T001953,290794.237952,81.21212121212122,True,50,56,50:56
20260923T001953,293281.448448,81.21212121212122,True,51,61,51:61
20260923T001953,291681.404672,81.21212121212122,True,51,62,51:62
20260923T001953,291744.431872,81.21212121212122,True,53,64,53:64
20260923T001953,292122.717952,81.21212121212122,True,59,67,59:67
20260923T001954,292012.85888,81.21212121212122,True,2,57,2:57
20260923T001954,293968.472576,81.21212121212122,True,5,48,5:48
20260923T001954,293815.614208,81.21212121212122,True,16,49,16:49
20260923T001954,293048.255232,81.21212121212122,True,18,58,18:58
20260923T001954,291179.004928,81.21212121212122,True,19,48,19:48
20260923T001954,291141.044736,81.21212121212122,True,20,60,20:60
20260923T001954,292420.54272,81.21212121212122,True,34,45,34:45
20260923T001954,294452.801536,81.21212121212122,True,36,59,36:59
20260923T001954,294634.9312,81.21212121212122,True,48,46,48:46
20260923T001954,293629.631232,81.21212121212122,True,61,61,61:61
20260923T001955,293795.867392,81.21212121212122,True,0,58,0:58
20260923T001955,293672.228096,81.21212121212122,True,1,55,1:55
20260923T001955,294398.81984,81.21212121212122,True,2,56,2:56
20260923T001955,293085.50656,81.21212121212122,True,28,62,28:62
20260923T001955,293686.366464,81.21212121212122,True,35,57,35:57
20260923T001955,294532.51328,81.21212121212122,True,39,59,39:59
20260923T001955,295231.86048,81.21212121212122,True,44,63,44:63
20260923T001956,293542.971904,81.21212121212122,True,9,46,9:46
20260923T001956,292924.788992,81.21212121212122,True,10,66,10:66
20260923T001956,292622.525952,81.21212121212122,True,12,50,12:50
20260923T001956,293723.569408,81.21212121212122,True,17,52,17:52
20260923T001956,295088.83712,81.21212121212122,True,28,61,28:61
20260923T001956,294295.520768,81.21212121212122,True,39,60,39:60
20260923T001956,292688.695552,81.21212121212122,True,42,56,42:56
20260923T001956,294207.769088,81.21212121212122,True,44,64,44:64
20260923T001956,296064.684544,81.21212121212122,True,47,45,47:45
20260923T001957,294358.597888,81.21212121212122,True,1,56,1:56
20260923T001957,296133.495808,81.21212121212122,True,7,47,7:47
20260923T001957,295332.501248,81.21212121212122,True,11,51,11:51
20260923T001957,294677.800704,81.21212121212122,True,13,64,13:64
20260923T001957,293569.154816,81.21212121212122,True,17,53,17:53
20260923T001957,294899.977728,81.21212121212122,True,25,68,25:68
20260923T001957,293569.746432,81.21212121212122,True,27,56,27:56
20260923T001957,295514.854144,81.21212121212122,True,32,66,32:66
20260923T001957,295434.666752,81.21212121212122,True,33,51,33:51
20260923T001957,294510.655488,81.21212121212122,True,37,69,37:69
20260923T001957,294657.828608,81.21212121212122,True,38,53,38:53
20260923T001957,296254.973696,81.21212121212122,True,40,56,40:56
20260923T001957,295060.596992,81.21212121212122,True,46,66,46:66
20260923T001957,296274.581504,81.21212121212122,True,52,64,52:64
20260923T001957,294291.3792,81.21212121212122,True,53,65,53:65
20260923T001957,293406.99648,81.21212121212122,True,56,68,56:68
20260923T001957,293294.063872,81.21212121212122,True,63,59,63:59
20260923T001958,294999.625472,81.21212121212122,True,4,68,4:68
20260923T001958,296498.485248,81.21212121212122,True,21,45,21:45
20260923T001958,296636.70784,81.21212121212122,True,25,67,25:67
20260923T001958,297001.73056,81.21212121212122,True,37,68,37:68
20260923T001958,295263.202816,81.21212121212122,True,41,53,41:53
20260923T001958,295806.400768,81.21212121212122,True,52,65,52:65
20260923T001959,297164.943616,81.21212121212122,True,3,58,3:58
20260923T001959,295464.14592,81.21212121212122,True,7,48,7:48
20260923T001959,297300.719616,81.21212121212122,True,23,55,23:55
20260923T001959,296175.386624,81.21212121212122,True,45,69,45:69
20260923T001959,295505.40288,81.21212121212122,True,52,66,52:66
20260923T001959,297312.665856,81.21212121212122,True,54,56,54:56
20260923T001959,296921.42336,81.21212121212122,True,61,62,61:62
20260923T001959,295768.95616,81.21212121212122,True,61,63,61:63
20260923T002000,296084.296448,81.21212121212122,True,4,69,4:69
20260923T002000,297863.54944,81.21212121212122,True,5,49,5:49
20260923T002000,296281.078784,81.21212121212122,True,5,50,5:50
20260923T002000,297897.14944,81.21212121212122,True,8,67,8:67
20260923T002000,297585.061888,81.21212121212122,True,14,57,14:57
20260923T002000,299045.131264,81.21212121212122,True,15,67,15:67
20260923T002000,297298.700544,81.21212121212122,True,21,46,21:46
20260923T002000,297615.78752,81.21212121212122,True,23,56,23:56
20260923T002000,297565.757696,81.21212121212122,True,36,61,36:61
20260923T002000,298945.758464,81.21212121212122,True,42,54,42:54
20260923T002000,296015.711488,81.21212121212122,True,49,53,49:53
20260923T002000,296052.29696,81.21212121212122,True,51,64,51:64
20260923T002000,297115.554816,81.21212121212122,True,54,57,54:57
20260923T002000,296536.892672,81.21212121212122,True,55,49,55:49
20260923T002000,297489.52832,81.21212121212122,True,60,52,60:52
20260923T002001,296736.929792,81.21212121212122,True,11,52,11:52
20260923T002001,296287.737344,81.21212121212122,True,27,57,27:57
20260923T002001,296250.002944,81.21212121212122,True,40,58,40:58
20260923T002001,296884.214784,81.21212121212122,True,44,66,44:66
20260923T002002,297852.76416,81.21212121212122,True,1,57,1:57
20260923T002002,297858.418688,81.21212121212122,True,2,58,2:58
20260923T002002,300089.815552,81.21212121212122,True,6,66,6:66
20260923T002002,300000.491776,81.21212121212122,True,16,50,16:50
20260923T002002,299146.617088,81.21212121212122,True,18,60,18:60
20260923T002002,297728.088576,81.21212121212122,True,20,61,20:61
20260923T002002,298921.141504,81.21212121212122,True,29,64,29:64
20260923T002002,298754.986496,81.21212121212122,True,31,54,31:54
20260923T002002,297328.724736,81.21212121212122,True,38,54,38:54
20260923T002002,297229.418752,81.21212121212122,True,41,54,41:54
20260923T002002,300024.669696,81.21212121212122,False,42,55,42:55
20260923T002002,299029.591552,81.21212121212122,True,43,48,43:48
20260923T002002,298277.910272,81.21212121212122,True,46,67,46:67
20260923T002002,298956.148224,81.21212121212122,True,47,46,47:46
20260923T002002,297657.133568,81.21212121212122,True,47,47,47:47
20260923T002002,300014.03648,81.21212121212122,False,56,67,56:67
20260923T002002,300016.591104,81.21212121212122,False,59,68,59:68
20260923T002002,297797.855744,81.21212121212122,True,60,53,60:53
20260923T002003,298735.84384,81.21212121212122,True,0,60,0:60
20260923T002003,300109.106944,81.21212121212122,False,3,59,3:59
20260923T002003,299943.705344,81.21212121212122,True,8,68,8:68
20260923T002003,298507.897344,81.21212121212122,True,14,58,14:58
20260923T002003,300088.783104,81.21212121212122,False,15,68,15:68
20260923T002003,300013.497344,81.21212121212122,True,26,52,26:52
20260923T002003,300094.200064,81.21212121212122,False,30,60,30:60
20260923T002003,300007.92832,81.21212121212122,False,32,67,32:67
20260923T002003,300043.944704,81.21212121212122,False,34,46,34:46
20260923T002003,300048.215296,81.21212121212122,False,40,57,40:57
20260923T002003,300071.873024,81.21212121212122,False,44,65,44:65
20260923T002003,300056.475392,81.21212121212122,False,49,52,49:52
20260923T002003,300011.036928,81.21212121212122,False,51,63,51:63
20260923T002003,297981.009152,81.21212121212122,True,52,67,52:67
20260923T002003,299274.746624,81.21212121212122,True,58,55,58:55
20260923T002003,300034.365952,81.21212121212122,False,62,49,62:49
20260923T002004,300045.615872,81.21212121212122,False,3,60,3:60
20260923T002004,300035.506944,81.21212121212122,False,6,67,6:67
20260923T002004,299673.969664,81.21212121212122,True,9,47,9:47
20260923T002004,300006.835712,81.21212121212122,False,13,65,13:65
20260923T002004,300083.483392,81.21212121212122,False,16,51,16:51
20260923T002004,300094.009856,81.21212121212122,False,18,61,18:61
20260923T002004,300097.759488,81.21212121212122,False,22,50,22:50
20260923T002004,300096.525312,81.21212121212122,False,23,57,23:57
20260923T002004,300040.295936,81.21212121212122,False,24,68,24:68
20260923T002004,300069.068288,81.21212121212122,False,25,69,25:69
20260923T002004,300014.374912,81.21212121212122,False,28,63,28:63
20260923T002004,300008.990464,81.21212121212122,False,30,61,30:61
20260923T002004,300076.890112,81.21212121212122,False,33,52,33:52
20260923T002004,300029.713664,81.21212121212122,False,35,58,35:58
20260923T002004,300036.9216,81.21212121212122,False,36,62,36:62
20260923T002004,300019.885312,81.21212121212122,False,37,70,37:70
20260923T002004,300035.3088,81.21212121212122,False,39,61,39:61
20260923T002004,300096.68864,81.21212121212122,False,45,70,45:70
20260923T002004,300023.451136,81.21212121212122,False,48,48,48:48
20260923T002004,300026.761472,81.21212121212122,False,50,57,50:57
20260923T002004,300085.95456,81.21212121212122,False,53,66,53:66
20260923T002004,299217.50016,81.21212121212122,True,54,58,54:58
20260923T002004,299272.445696,81.21212121212122,True,56,69,56:69
20260923T002004,300063.447296,81.21212121212122,False,57,47,57:47
20260923T002004,300027.980288,81.21212121212122,False,59,69,59:69
20260923T002004,298437.805824,81.21212121212122,True,59,70,59:70
20260923T002004,300084.868608,81.21212121212122,False,61,64,61:64
20260923T002005,300079.2256,81.21212121212122,False,2,59,2:59
20260923T002005,300013.224448,81.21212121212122,False,4,70,4:70
20260923T002005,300029.072128,81.21212121212122,False,5,51,5:51
20260923T002005,300024.56448,81.21212121212122,False,6,68,6:68
20260923T002005,300081.973248,81.21212121212122,False,8,69,8:69
20260923T002005,300061.206784,81.21212121212122,False,10,67,10:67
20260923T002005,300048.711168,81.21212121212122,False,12,51,12:51
20260923T002005,300057.577216,81.21212121212122,False,13,66,13:66
20260923T002005,300081.599744,81.21212121212122,False,15,69,15:69
20260923T002005,299328.198912,81.21212121212122,True,17,54,17:54
20260923T002005,300069.109504,81.21212121212122,False,19,49,19:49
20260923T002005,300055.984128,81.21212121212122,False,21,47,21:47
20260923T002005,300038.088704,81.21212121212122,False,22,51,22:51
20260923T002005,300042.444288,81.21212121212122,False,24,69,24:69
20260923T002005,300088.083968,81.21212121212122,False,26,53,26:53
20260923T002005,300084.488448,81.21212121212122,False,28,64,28:64
20260923T002005,300069.729024,81.21212121212122,False,29,65,29:65
20260923T002005,300042.666496,81.21212121212122,False,30,62,30:62
20260923T002005,300046.163456,81.21212121212122,False,31,55,31:55
20260923T002005,300017.57824,81.21212121212122,False,32,68,32:68
20260923T002005,300050.703872,81.21212121212122,False,34,47,34:47
20260923T002005,300078.759936,81.21212121212122,False,35,59,35:59
20260923T002005,300046.23744,81.21212121212122,False,39,62,39:62
20260923T002005,300058.242304,81.21212121212122,False,42,57,42:57
20260923T002005,300011.460096,81.21212121212122,False,43,49,43:49
20260923T002005,300066.758144,81.21212121212122,False,45,71,45:71
20260923T002005,300076.744448,81.21212121212122,False,46,68,46:68
20260923T002005,300073.39008,81.21212121212122,False,48,49,48:49
20260923T002005,299858.904576,81.21212121212122,True,50,58,50:58
20260923T002005,300085.927424,81.21212121212122,False,55,50,55:50
20260923T002005,300039.87968,81.21212121212122,False,58,56,58:56
20260923T002005,300021.03808,81.21212121212122,False,60,54,60:54
20260923T002005,300036.374784,81.21212121212122,False,62,50,62:50
20260923T002005,300057.454848,81.21212121212122,False,63,60,63:60
20260923T002006,300040.86272,81.21212121212122,False,0,61,0:61
20260923T002006,300040.1536,81.21212121212122,False,1,58,1:58
20260923T002006,300029.930496,81.21212121212122,False,3,61,3:61
20260923T002006,300072.165376,81.21212121212122,False,4,71,4:71
20260923T002006,300039.785728,81.21212121212122,False,6,69,6:69
20260923T002006,300054.005248,81.21212121212122,False,7,49,7:49
20260923T002006,300032.904704,81.21212121212122,False,10,68,10:68
20260923T002006,300108.891136,81.21212121212122,False,11,53,11:53
20260923T002006,300047.671552,81.21212121212122,False,14,59,14:59
20260923T002006,300054.826752,81.21212121212122,False,15,70,15:70
20260923T002006,300053.791232,81.21212121212122,False,16,52,16:52
20260923T002006,300071.869952,81.21212121212122,False,18,62,18:62
20260923T002006,300059.895552,81.21212121212122,False,19,50,19:50
20260923T002006,300010.338816,81.21212121212122,False,20,62,20:62
20260923T002006,300051.126272,81.21212121212122,False,21,48,21:48
20260923T002006,300033.686016,81.21212121212122,False,23,58,23:58
20260923T002006,300068.941056,81.21212121212122,False,24,70,24:70
20260923T002006,300074.54208,81.21212121212122,False,25,70,25:70
20260923T002006,300028.079104,81.21212121212122,False,27,58,27:58
20260923T002006,300019.781888,81.21212121212122,False,29,66,29:66
20260923T002006,300093.811968,81.21212121212122,False,32,69,32:69
20260923T002006,300064.966912,81.21212121212122,False,33,53,33:53
20260923T002006,300100.408832,81.21212121212122,False,36,63,36:63
20260923T002006,300016.735488,81.21212121212122,False,37,71,37:71
20260923T002006,300024.95232,81.21212121212122,False,38,55,38:55
20260923T002006,300017.065728,81.21212121212122,False,40,59,40:59
20260923T002006,300056.97536,81.21212121212122,False,41,55,41:55
20260923T002006,300074.872832,81.21212121212122,False,42,58,42:58
20260923T002006,300093.784064,81.21212121212122,False,44,67,44:67
20260923T002006,300039.075584,81.21212121212122,False,49,54,49:54
20260923T002006,300101.32352,81.21212121212122,False,51,65,51:65
20260923T002006,300075.514368,81.21212121212122,False,52,68,52:68
20260923T002006,300070.399744,81.21212121212122,False,53,67,53:67
20260923T002006,300034.125312,81.21212121212122,False,54,59,54:59
20260923T002006,300009.524736,81.21212121212122,False,56,70,56:70
20260923T002006,300095.992576,81.21212121212122,False,57,48,57:48
20260923T002006,300062.258432,81.21212121212122,False,61,65,61:65
20260923T002007,300092.513792,81.21212121212122,False,0,62,0:62
20260923T002007,300033.576448,81.21212121212122,False,2,60,2:60
20260923T002007,300089.874176,81.21212121212122,False,7,50,7:50
20260923T002007,300070.888192,81.21212121212122,False,8,70,8:70
20260923T002007,300092.069376,81.21212121212122,False,9,48,9:48
20260923T002007,300073.538048,81.21212121212122,False,10,69,10:69
20260923T002007,300036.80768,81.21212121212122,False,12,52,12:52
20260923T002007,300068.3392,81.21212121212122,False,13,67,13:67
20260923T002007,300037.95328,81.21212121212122,False,14,60,14:60
20260923T002007,300014.81728,81.21212121212122,False,15,71,15:71
20260923T002007,300077.225216,81.21212121212122,False,18,63,18:63
20260923T002007,300086.215936,81.21212121212122,False,22,52,22:52
20260923T002007,300070.589696,81.21212121212122,False,23,59,23:59
20260923T002007,300040.949504,81.21212121212122,False,24,71,24:71
20260923T002007,300088.151808,81.21212121212122,False,25,71,25:71
20260923T002007,300010.7904,81.21212121212122,False,26,54,26:54
20260923T002007,300049.056256,81.21212121212122,False,27,59,27:59
20260923T002007,300043.212544,81.21212121212122,False,28,65,28:65
20260923T002007,300085.14944,81.21212121212122,False,30,63,30:63
20260923T002007,300064.592384,81.21212121212122,False,31,56,31:56
20260923T002007,300086.468608,81.21212121212122,False,32,70,32:70
20260923T002007,300029.635328,81.21212121212122,False,34,48,34:48
20260923T002007,300054.3808,81.21212121212122,False,35,60,35:60
20260923T002007,300084.533504,81.21212121212122,False,37,72,37:72
20260923T002007,300041.508608,81.21212121212122,False,39,63,39:63
20260923T002007,300035.274496,81.21212121212122,False,40,60,40:60
20260923T002007,300090.875392,81.21212121212122,False,43,50,43:50
20260923T002007,300052.048384,81.21212121212122,False,44,68,44:68
20260923T002007,300060.173824,81.21212121212122,False,45,72,45:72
20260923T002007,300018.552832,81.21212121212122,False,46,69,46:69
20260923T002007,300051.630336,81.21212121212122,False,47,48,47:48
20260923T002007,300046.683648,81.21212121212122,False,50,59,50:59
20260923T002007,300040.23808,81.21212121212122,False,53,68,53:68
20260923T002007,300024.167168,81.21212121212122,False,55,51,55:51
20260923T002007,300032.872448,81.21212121212122,False,59,71,59:71
20260923T002007,300017.694976,81.21212121212122,False,61,66,61:66
20260923T002007,300064.263424,81.21212121212122,False,63,61,63:61
20260923T002008,300083.644672,81.21212121212122,False,1,59,1:59
20260923T002008,300075.333376,81.21212121212122,False,3,62,3:62
20260923T002008,300095.800832,81.21212121212122,False,4,72,4:72
20260923T002008,300086.834432,81.21212121212122,False,5,52,5:52
20260923T002008,300089.017856,81.21212121212122,False,6,70,6:70
20260923T002008,300077.40288,81.21212121212122,False,11,54,11:54
20260923T002008,300097.649408,81.21212121212122,False,16,53,16:53
20260923T002008,300063.048448,81.21212121212122,False,17,55,17:55
20260923T002008,300093.600768,81.21212121212122,False,19,51,19:51
20260923T002008,300047.69408,81.21212121212122,False,20,63,20:63
20260923T002008,300064.321536,81.21212121212122,False,21,49,21:49
20260923T002008,300025.0048,81.21212121212122,False,22,53,22:53
20260923T002008,300076.486144,81.21212121212122,False,23,60,23:60
20260923T002008,300084.420096,81.21212121212122,False,29,67,29:67
20260923T002008,300016.927488,81.21212121212122,False,33,54,33:54
20260923T002008,300021.565696,81.21212121212122,False,36,64,36:64
20260923T002008,300016.831744,81.21212121212122,False,37,73,37:73
20260923T002008,300065.436416,81.21212121212122,False,38,56,38:56
20260923T002008,300051.973632,81.21212121212122,False,39,64,39:64
20260923T002008,300093.558272,81.21212121212122,False,42,59,42:59
20260923T002008,300093.568512,81.21212121212122,False,45,73,45:73
20260923T002008,300024.566272,81.21212121212122,False,48,50,48:50
20260923T002008,300044.58368,81.21212121212122,False,49,55,49:55
20260923T002008,300090.94272,81.21212121212122,False,51,66,51:66
20260923T002008,300064.124928,81.21212121212122,False,52,69,52:69
20260923T002008,300083.124736,81.21212121212122,False,54,60,54:60
20260923T002008,300067.220736,81.21212121212122,False,56,71,56:71
20260923T002008,300085.768704,81.21212121212122,False,58,57,58:57
20260923T002008,300048.413696,81.21212121212122,False,59,72,59:72
20260923T002008,300062.40896,81.21212121212122,False,60,55,60:55
20260923T002008,300077.442048,81.21212121212122,False,62,51,62:51
20260923T002008,300017.271296,81.21212121212122,False,63,62,63:62
20260923T002009,300076.26496,81.21212121212122,False,0,63,0:63
20260923T002009,300077.516544,81.21212121212122,False,1,60,1:60
20260923T002009,300027.560704,81.21212121212122,False,2,61,2:61
20260923T002009,300026.692352,81.21212121212122,False,3,63,3:63
20260923T002009,300057.377792,81.21212121212122,False,5,53,5:53
20260923T002009,300022.198016,81.21212121212122,False,6,71,6:71
20260923T002009,300036.742144,81.21212121212122,False,8,71,8:71
20260923T002009,300012.82304,81.21212121212122,False,9,49,9:49
20260923T002009,300093.896448,81.21212121212122,False,10,70,10:70
20260923T002009,300064.02176,81.21212121212122,False,12,53,12:53
20260923T002009,300031.33568,81.21212121212122,False,13,68,13:68
20260923T002009,300088.056576,81.21212121212122,False,14,61,14:61
20260923T002009,300088.118784,81.21212121212122,False,15,72,15:72
20260923T002009,300085.359616,81.21212121212122,False,18,64,18:64
20260923T002009,300061.963008,81.21212121212122,False,24,72,24:72
20260923T002009,300032.818944,81.21212121212122,False,25,72,25:72
20260923T002009,300057.833472,81.21212121212122,False,26,55,26:55
20260923T002009,300081.69216,81.21212121212122,False,27,60,27:60
20260923T002009,300054.469376,81.21212121212122,False,28,66,28:66
20260923T002009,300020.169984,81.21212121212122,False,29,68,29:68
20260923T002009,300021.535232,81.21212121212122,False,30,64,30:64
20260923T002009,300040.109312,81.21212121212122,False,31,57,31:57
20260923T002009,300007.62624,81.21212121212122,False,32,71,32:71
20260923T002009,300032.584704,81.21212121212122,False,34,49,34:49
20260923T002009,300057.832448,81.21212121212122,False,35,61,35:61
20260923T002009,300045.747456,81.21212121212122,False,36,65,36:65
20260923T002009,300023.662592,81.21212121212122,False,37,74,37:74
20260923T002009,300094.684928,81.21212121212122,False,39,65,39:65
20260923T002009,300097.914112,81.21212121212122,False,41,56,41:56
20260923T002009,300100.56704,81.21212121212122,False,43,51,43:51
20260923T002009,300076.806144,81.21212121212122,False,44,69,44:69
20260923T002009,300031.003136,81.21212121212122,False,45,74,45:74
20260923T002009,300075.262464,81.21212121212122,False,46,70,46:70
20260923T002009,300059.007232,81.21212121212122,False,47,49,47:49
20260923T002009,300021.22368,81.21212121212122,False,50,60,50:60
20260923T002009,300037.814784,81.21212121212122,False,52,70,52:70
20260923T002009,300070.372608,81.21212121212122,False,53,69,53:69
20260923T002009,300013.906432,81.21212121212122,False,55,52,55:52
20260923T002009,300011.685888,81.21212121212122,False,56,72,56:72
20260923T002009,300094.71232,81.21212121212122,False,57,49,57:49
20260923T002009,300020.047872,81.21212121212122,False,58,58,58:58
20260923T002009,300036.278784,81.21212121212122,False,59,73,59:73
20260923T002009,300044.830208,81.21212121212122,False,60,56,60:56
20260923T002009,300089.61792,81.21212121212122,False,61,67,61:67
20260923T002009,300057.5936,81.21212121212122,False,62,52,62:52
20260923T002009,300043.028224,81.21212121212122,False,63,63,63:63
20260923T002010,300091.0208,81.21212121212122,False,0,64,0:64
20260923T002010,300064.87808,81.21212121212122,False,4,73,4:73
20260923T002010,300008.1728,81.21212121212122,False,6,72,6:72
20260923T002010,300050.992896,81.21212121212122,False,7,51,7:51
20260923T002010,300076.667904,81.21212121212122,False,8,72,8:72
20260923T002010,300061.7216,81.21212121212122,False,10,71,10:71
20260923T002010,300015.556352,81.21212121212122,False,11,55,11:55
20260923T002010,300047.959808,81.21212121212122,False,13,69,13:69
20260923T002010,300066.40384,81.21212121212122,False,15,73,15:73
20260923T002010,300072.201984,81.21212121212122,False,16,54,16:54
20260923T002010,300062.276864,81.21212121212122,False,17,56,17:56
20260923T002010,300031.746816,81.21212121212122,False,18,65,18:65
20260923T002010,300027.996928,81.21212121212122,False,19,52,19:52
20260923T002010,300019.492352,81.21212121212122,False,20,64,20:64
20260923T002010,300055.819776,81.21212121212122,False,21,50,21:50
20260923T002010,300049.319424,81.21212121212122,False,22,54,22:54
20260923T002010,300075.351552,81.21212121212122,False,23,61,23:61
20260923T002010,300052.766976,81.21212121212122,False,24,73,24:73
20260923T002010,300068.040448,81.21212121212122,False,25,73,25:73
20260923T002010,300088.649984,81.21212121212122,False,28,67,28:67
20260923T002010,300065.02272,81.21212121212122,False,29,69,29:69
20260923T002010,300051.997952,81.21212121212122,False,30,65,30:65
20260923T002010,300017.856512,81.21212121212122,False,32,72,32:72
20260923T002010,300077.308416,81.21212121212122,False,33,55,33:55
20260923T002010,300047.53792,81.21212121212122,False,35,62,35:62
20260923T002010,300090.055424,81.21212121212122,False,38,57,38:57
20260923T002010,300078.692608,81.21212121212122,False,40,61,40:61
20260923T002010,300032.914176,81.21212121212122,False,42,60,42:60
20260923T002010,300057.571584,81.21212121212122,False,46,71,46:71
20260923T002010,300057.580032,81.21212121212122,False,48,51,48:51
20260923T002010,300063.28576,81.21212121212122,False,49,56,49:56
20260923T002010,300023.687424,81.21212121212122,False,50,61,50:61
20260923T002010,300047.282688,81.21212121212122,False,51,67,51:67
20260923T002010,300020.024064,81.21212121212122,False,53,70,53:70
20260923T002010,300066.679808,81.21212121212122,False,54,61,54:61
20260923T002010,300061.803776,81.21212121212122,False,56,73,56:73
20260923T002010,300069.886464,81.21212121212122,False,57,50,57:50
20260923T002010,300088.076032,81.21212121212122,False,58,59,58:59
20260923T002010,300033.813504,81.21212121212122,False,59,74,59:74
20260923T002011,300024.699648,81.21212121212122,False,1,61,1:61
20260923T002011,300020.237312,81.21212121212122,False,2,62,2:62
20260923T002011,300080.272384,81.21212121212122,False,3,64,3:64
20260923T002011,300063.584256,81.21212121212122,False,4,74,4:74
20260923T002011,300072.791296,81.21212121212122,False,5,54,5:54
20260923T002011,300074.22848,81.21212121212122,False,9,50,9:50
20260923T002011,300010.655744,81.21212121212122,False,12,54,12:54
20260923T002011,300082.628352,81.21212121212122,False,14,62,14:62
20260923T002011,300048.286976,81.21212121212122,False,20,65,20:65
20260923T002011,300068.256512,81.21212121212122,False,22,55,22:55
20260923T002011,300075.247872,81.21212121212122,False,23,62,23:62
20260923T002011,300022.01856,81.21212121212122,False,25,74,25:74
20260923T002011,300068.760576,81.21212121212122,False,26,56,26:56
20260923T002011,300042.56896,81.21212121212122,False,27,61,27:61
20260923T002011,300025.09824,81.21212121212122,False,28,68,28:68
20260923T002011,300052.626944,81.21212121212122,False,30,66,30:66
20260923T002011,300057.705984,81.21212121212122,False,31,58,31:58
20260923T002011,300073.073152,81.21212121212122,False,36,66,36:66
20260923T002011,300021.408512,81.21212121212122,False,37,75,37:75
20260923T002011,300022.448896,81.21212121212122,False,39,66,39:66
20260923T002011,300051.063296,81.21212121212122,False,41,57,41:57
20260923T002011,300037.769216,81.21212121212122,False,42,61,42:61
20260923T002011,300015.888384,81.21212121212122,False,43,52,43:52
20260923T002011,300054.90816,81.21212121212122,False,44,70,44:70
20260923T002011,300075.375104,81.21212121212122,False,45,75,45:75
20260923T002011,300022.782976,81.21212121212122,False,46,72,46:72
20260923T002011,300009.590272,81.21212121212122,False,47,50,47:50
20260923T002011,300076.55936,81.21212121212122,False,52,71,52:71
20260923T002011,300024.315392,81.21212121212122,False,55,53,55:53
20260923T002011,300023.793152,81.21212121212122,False,60,57,60:57
20260923T002011,300053.622272,81.21212121212122,False,61,68,61:68
20260923T002011,300087.480064,81.21212121212122,False,63,64,63:64
20260923T002012,300059.170304,81.21212121212122,False,0,65,0:65
20260923T002012,300017.09696,81.21212121212122,False,2,63,2:63
20260923T002012,300082.470144,81.21212121212122,False,4,75,4:75
20260923T002012,300141.294592,81.21212121212122,False,6,73,6:73
20260923T002012,300025.123328,81.21212121212122,False,7,52,7:52
20260923T002012,300160.539648,81.21212121212122,False,8,73,8:73
20260923T002012,300602.609152,81.21212121212122,False,10,72,10:72
20260923T002012,300064.928768,81.21212121212122,False,11,56,11:56
20260923T002012,300117.335808,81.21212121212122,False,13,70,13:70
20260923T002012,300167.684096,81.21212121212122,False,15,74,15:74
20260923T002012,300073.518336,81.21212121212122,False,16,55,16:55
20260923T002012,300158.841088,81.21212121212122,False,17,57,17:57
20260923T002012,300015.219456,81.21212121212122,False,23,63,23:63
20260923T002012,300081.558016,81.21212121212122,False,24,74,24:74
20260923T002012,300069.754112,81.21212121212122,False,27,62,27:62
20260923T002012,300080.331776,81.21212121212122,False,29,70,29:70
20260923T002012,300024.26752,81.21212121212122,False,30,67,30:67
20260923T002012,300030.336768,81.21212121212122,False,31,59,31:59
20260923T002012,300128.698368,81.21212121212122,False,32,73,32:73
20260923T002012,300599.861248,81.21212121212122,False,33,56,33:56
20260923T002012,300167.3344,81.21212121212122,False,34,50,34:50
20260923T002012,300135.310848,81.21212121212122,False,35,63,35:63
20260923T002012,300025.294336,81.21212121212122,False,37,76,37:76
20260923T002012,300027.562496,81.21212121212122,False,38,58,38:58
20260923T002012,300166.854656,81.21212121212122,False,40,62,40:62
20260923T002012,300051.500288,81.21212121212122,False,41,58,41:58
20260923T002012,300101.099008,81.21212121212122,False,44,71,44:71
20260923T002012,300022.597632,81.21212121212122,False,45,76,45:76
20260923T002012,300059.261184,81.21212121212122,False,46,73,46:73
20260923T002012,300125.431296,81.21212121212122,False,48,52,48:52
20260923T002012,300075.035136,81.21212121212122,False,49,57,49:57
20260923T002012,300168.258048,81.21212121212122,False,50,62,50:62
20260923T002012,300079.170048,81.21212121212122,False,51,68,51:68
20260923T002012,300155.180288,81.21212121212122,False,52,72,52:72
20260923T002012,300152.492288,81.21212121212122,False,53,71,53:71
20260923T002012,300159.974656,81.21212121212122,False,54,62,54:62
20260923T002012,300137.118976,81.21212121212122,False,56,74,56:74
20260923T002012,300076.773888,81.21212121212122,False,58,60,58:60
20260923T002012,300024.44928,81.21212121212122,False,59,75,59:75
20260923T002012,300027.03616,81.21212121212122,False,61,69,61:69
20260923T002012,300059.938304,81.21212121212122,False,62,53,62:53
20260923T002013,300023.611648,81.21212121212122,False,1,62,1:62
20260923T002013,300022.795776,81.21212121212122,False,3,65,3:65
20260923T002013,300029.277952,81.21212121212122,False,4,76,4:76
20260923T002013,300051.378688,81.21212121212122,False,5,55,5:55
20260923T002013,300029.409792,81.21212121212122,False,6,74,6:74
20260923T002013,300037.233408,81.21212121212122,False,8,74,8:74
20260923T002013,300023.990528,81.21212121212122,False,9,51,9:51
20260923T002013,300090.080256,81.21212121212122,False,10,73,10:73
20260923T002013,300045.51424,81.21212121212122,False,12,55,12:55
20260923T002013,300018.546176,81.21212121212122,False,14,63,14:63
20260923T002013,300028.736,81.21212121212122,False,15,75,15:75
20260923T002013,300042.355456,81.21212121212122,False,16,56,16:56
20260923T002013,300023.529216,81.21212121212122,False,18,66,18:66
20260923T002013,300048.105728,81.21212121212122,False,19,53,19:53
20260923T002013,300052.753408,81.21212121212122,False,20,66,20:66
20260923T002013,300080.97024,81.21212121212122,False,21,51,21:51
20260923T002013,300044.97664,81.21212121212122,False,22,56,22:56
20260923T002013,300032.736,81.21212121212122,False,24,75,24:75
20260923T002013,300043.46368,81.21212121212122,False,25,75,25:75
20260923T002013,300030.117888,81.21212121212122,False,26,57,26:57
20260923T002013,300007.250432,81.21212121212122,False,28,69,28:69
20260923T002013,300017.334528,81.21212121212122,False,32,74,32:74
20260923T002013,300049.31584,81.21212121212122,False,33,57,33:57
20260923T002013,300014.811136,81.21212121212122,False,36,67,36:67
20260923T002013,300059.309312,81.21212121212122,False,39,67,39:67
20260923T002013,300036.349952,81.21212121212122,False,40,63,40:63
20260923T002013,300083.115008,81.21212121212122,False,42,62,42:62
20260923T002013,300014.723584,81.21212121212122,False,43,53,43:53
20260923T002013,300045.351936,81.21212121212122,False,44,72,44:72
20260923T002013,300040.89344,81.21212121212122,False,47,51,47:51
20260923T002013,300007.667968,81.21212121212122,False,49,58,49:58
20260923T002013,300066.03392,81.21212121212122,False,51,69,51:69
20260923T002013,300042.389248,81.21212121212122,False,52,73,52:73
20260923T002013,300038.626816,81.21212121212122,False,53,72,53:72
20260923T002013,300082.139648,81.21212121212122,False,54,63,54:63
20260923T002013,300036.028416,81.21212121212122,False,55,54,55:54
20260923T002013,300032.978944,81.21212121212122,False,56,75,56:75
20260923T002013,300028.90112,81.21212121212122,False,57,51,57:51
20260923T002013,300018.467584,81.21212121212122,False,58,61,58:61
20260923T002013,300092.452096,81.21212121212122,False,60,58,60:58
20260923T002013,300034.131968,81.21212121212122,False,63,65,63:65
20260923T002014,300018.534144,81.21212121212122,False,0,66,0:66
20260923T002014,300064.884736,81.21212121212122,False,2,64,2:64
20260923T002014,300070.581248,81.21212121212122,False,7,53,7:53
20260923T002014,300013.24928,81.21212121212122,False,8,75,8:75
20260923T002014,300007.329792,81.21212121212122,False,10,74,10:74
20260923T002014,300010.330624,81.21212121212122,False,11,57,11:57
20260923T002014,300034.96448,81.21212121212122,False,13,71,13:71
20260923T002014,300028.146944,81.21212121212122,False,15,76,15:76
20260923T002014,300067.720448,81.21212121212122,False,17,58,17:58
20260923T002014,300024.624896,81.21212121212122,False,20,67,20:67
20260923T002014,300030.009088,81.21212121212122,False,21,52,21:52
20260923T002014,300043.886848,81.21212121212122,False,23,64,23:64
20260923T002014,300094.214912,81.21212121212122,False,24,76,24:76
20260923T002014,300060.485376,81.21212121212122,False,27,63,27:63
20260923T002014,300031.353856,81.21212121212122,False,29,71,29:71
20260923T002014,300090.37312,81.21212121212122,False,30,68,30:68
20260923T002014,300017.94816,81.21212121212122,False,31,60,31:60
20260923T002014,300055.037696,81.21212121212122,False,34,51,34:51
20260923T002014,300015.255808,81.21212121212122,False,35,64,35:64
20260923T002014,300040.269568,81.21212121212122,False,37,77,37:77
20260923T002014,300023.523072,81.21212121212122,False,38,59,38:59
20260923T002014,300070.023424,81.21212121212122,False,41,59,41:59
20260923T002014,300091.910656,81.21212121212122,False,45,77,45:77
20260923T002014,300023.069184,81.21212121212122,False,46,74,46:74
20260923T002014,300059.218432,81.21212121212122,False,48,53,48:53
20260923T002014,300098.654976,81.21212121212122,False,50,63,50:63
20260923T002014,300054.552832,81.21212121212122,False,53,73,53:73
20260923T002014,300050.099712,81.21212121212122,False,56,76,56:76
20260923T002014,300018.014208,81.21212121212122,False,59,76,59:76
20260923T002014,300085.782016,81.21212121212122,False,61,70,61:70
20260923T002014,300055.437568,81.21212121212122,False,62,54,62:54
20260923T002014,300071.573504,81.21212121212122,False,63,66,63:66
20260923T002015,300023.68256,81.21212121212122,False,1,63,1:63
20260923T002015,300057.564928,81.21212121212122,False,3,66,3:66
20260923T002015,300027.486464,81.21212121212122,False,4,77,4:77
20260923T002015,300186.966016,81.21212121212122,False,5,56,5:56
20260923T002015,300006.64448,81.21212121212122,False,6,75,6:75
20260923T002015,300178.509568,81.21212121212122,False,9,52,9:52
20260923T002015,300038.442752,81.21212121212122,False,12,56,12:56
20260923T002015,300240.292608,81.21212121212122,False,14,64,14:64
20260923T002015,300127.899392,81.21212121212122,False,15,77,15:77
20260923T002015,300009.349632,81.21212121212122,False,16,57,16:57
20260923T002015,300088.74368,81.21212121212122,False,18,67,18:67
20260923T002015,300083.551232,81.21212121212122,False,19,54,19:54
20260923T002015,300421.865472,81.21212121212122,False,22,57,22:57
20260923T002015,300014.197504,81.21212121212122,False,24,77,24:77
20260923T002015,300057.574144,81.21212121212122,False,25,76,25:76
20260923T002015,300202.741504,81.21212121212122,False,26,58,26:58
20260923T002015,300334.308608,81.21212121212122,False,28,70,28:70
20260923T002015,300021.528576,81.21212121212122,False,29,72,29:72
20260923T002015,300051.910656,81.21212121212122,False,30,69,30:69
20260923T002015,300015.959296,81.21212121212122,False,32,75,32:75
20260923T002015,300236.617472,81.21212121212122,False,33,58,33:58
20260923T002015,300224.698112,81.21212121212122,False,36,68,36:68
20260923T002015,300031.44576,81.21212121212122,False,37,78,37:78
20260923T002015,300355.385344,81.21212121212122,False,39,68,39:68
20260923T002015,300383.96928,81.21212121212122,False,40,64,40:64
20260923T002015,300011.471872,81.21212121212122,False,42,63,42:63
20260923T002015,300041.613056,81.21212121212122,False,43,54,43:54
20260923T002015,300410.580224,81.21212121212122,False,44,73,44:73
20260923T002015,300201.178624,81.21212121212122,False,47,52,47:52
20260923T002015,300067.078144,81.21212121212122,False,49,59,49:59
20260923T002015,300087.181056,81.21212121212122,False,50,64,50:64
20260923T002015,300371.461632,81.21212121212122,False,51,70,51:70
20260923T002015,300177.402624,81.21212121212122,False,52,74,52:74
20260923T002015,300190.53184,81.21212121212122,False,54,64,54:64
20260923T002015,300080.402688,81.21212121212122,False,56,77,56:77
20260923T002015,300101.844224,81.21212121212122,False,57,52,57:52
20260923T002015,300033.651968,81.21212121212122,False,58,62,58:62
20260923T002015,300076.224256,81.21212121212122,False,61,71,61:71
20260923T002015,300042.88128,81.21212121212122,False,62,55,62:55
20260923T002016,300083.668736,81.21212121212122,False,0,67,0:67
20260923T002016,300066.207744,81.21212121212122,False,2,65,2:65
20260923T002016,300062.176,81.21212121212122,False,4,78,4:78
20260923T002016,300068.018688,81.21212121212122,False,6,76,6:76
20260923T002016,300082.0736,81.21212121212122,False,8,76,8:76
20260923T002016,300045.473536,81.21212121212122,False,10,75,10:75
20260923T002016,300030.593792,81.21212121212122,False,11,58,11:58
20260923T002016,300066.867456,81.21212121212122,False,13,72,13:72
20260923T002016,300081.522944,81.21212121212122,False,17,59,17:59
20260923T002016,300028.803328,81.21212121212122,False,20,68,20:68
20260923T002016,300038.761984,81.21212121212122,False,21,53,21:53
20260923T002016,300048.883968,81.21212121212122,False,23,65,23:65
20260923T002016,300072.84608,81.21212121212122,False,25,77,25:77
20260923T002016,300078.679296,81.21212121212122,False,26,59,26:59
20260923T002016,300034.598144,81.21212121212122,False,27,64,27:64
20260923T002016,300054.322432,81.21212121212122,False,28,71,28:71
20260923T002016,300027.271168,81.21212121212122,False,31,61,31:61
20260923T002016,300043.369472,81.21212121212122,False,32,76,32:76
20260923T002016,300035.648256,81.21212121212122,False,35,65,35:65
20260923T002016,300045.851136,81.21212121212122,False,36,69,36:69
20260923T002016,300031.219712,81.21212121212122,False,37,79,37:79
20260923T002016,300045.693696,81.21212121212122,False,38,60,38:60
20260923T002016,300030.750976,81.21212121212122,False,40,65,40:65
20260923T002016,300022.310912,81.21212121212122,False,41,60,41:60
20260923T002016,300023.864064,81.21212121212122,False,44,74,44:74
20260923T002016,300029.36576,81.21212121212122,False,45,78,45:78
20260923T002016,300031.34336,81.21212121212122,False,46,75,46:75
20260923T002016,300058.572032,81.21212121212122,False,48,54,48:54
20260923T002016,300026.263296,81.21212121212122,False,49,60,49:60
20260923T002016,300037.832448,81.21212121212122,False,51,71,51:71
20260923T002016,300051.4368,81.21212121212122,False,53,74,53:74
20260923T002016,300023.400448,81.21212121212122,False,54,65,54:65
20260923T002016,300091.04128,81.21212121212122,False,55,55,55:55
20260923T002016,300070.690048,81.21212121212122,False,56,78,56:78
20260923T002016,300082.657792,81.21212121212122,False,59,77,59:77
20260923T002016,300050.960128,81.21212121212122,False,60,59,60:59
20260923T002016,300034.941184,81.21212121212122,False,61,72,61:72
20260923T002016,300025.024,81.21212121212122,False,63,67,63:67
20260923T002017,300072.052224,81.21212121212122,False,1,64,1:64
20260923T002017,300088.527616,81.21212121212122,False,3,67,3:67
20260923T002017,300053.450496,81.21212121212122,False,5,57,5:57
20260923T002017,300036.36352,81.21212121212122,False,6,77,6:77
20260923T002017,300046.351872,81.21212121212122,False,7,54,7:54
20260923T002017,300012.687616,81.21212121212122,False,8,77,8:77
20260923T002017,300049.073664,81.21212121212122,False,9,53,9:53
20260923T002017,300053.831936,81.21212121212122,False,10,76,10:76
20260923T002017,300094.091776,81.21212121212122,False,12,57,12:57
20260923T002017,300016.75904,81.21212121212122,False,13,73,13:73
20260923T002017,300013.584896,81.21212121212122,False,14,65,14:65
20260923T002017,300044.310272,81.21212121212122,False,15,78,15:78
20260923T002017,300083.464448,81.21212121212122,False,16,58,16:58
20260923T002017,300060.793856,81.21212121212122,False,18,68,18:68
20260923T002017,300031.315712,81.21212121212122,False,19,55,19:55
20260923T002017,300038.079488,81.21212121212122,False,22,58,22:58
20260923T002017,300064.541696,81.21212121212122,False,24,78,24:78
20260923T002017,300042.7456,81.21212121212122,False,25,78,25:78
20260923T002017,300029.768704,81.21212121212122,False,27,65,27:65
20260923T002017,300081.576448,81.21212121212122,False,28,72,28:72
20260923T002017,300071.380992,81.21212121212122,False,29,73,29:73
20260923T002017,300009.763584,81.21212121212122,False,30,70,30:70
20260923T002017,300047.47136,81.21212121212122,False,33,59,33:59
20260923T002017,300026.939392,81.21212121212122,False,34,52,34:52
20260923T002017,300055.295232,81.21212121212122,False,35,66,35:66
20260923T002017,300069.627904,81.21212121212122,False,39,69,39:69
20260923T002017,300043.260416,81.21212121212122,False,43,55,43:55
20260923T002017,300053.472,81.21212121212122,False,45,79,45:79
20260923T002017,300033.181952,81.21212121212122,False,46,76,46:76
20260923T002017,300044.758272,81.21212121212122,False,47,53,47:53
20260923T002017,300091.529472,81.21212121212122,False,50,65,50:65
20260923T002017,300029.540096,81.21212121212122,False,52,75,52:75
20260923T002017,300074.522112,81.21212121212122,False,57,53,57:53
20260923T002017,300044.544512,81.21212121212122,False,58,63,58:63
20260923T002017,300048.952064,81.21212121212122,False,59,78,59:78
20260923T002017,300031.751168,81.21212121212122,False,60,60,60:60
20260923T002017,300059.587072,81.21212121212122,False,62,56,62:56
20260923T002017,300041.961728,81.21212121212122,False,63,68,63:68
20260923T002018,300086.976768,81.21212121212122,False,0,68,0:68
20260923T002018,300045.10336,81.21212121212122,False,2,66,2:66
20260923T002018,300044.859904,81.21212121212122,False,3,68,3:68
20260923T002018,300037.162496,81.21212121212122,False,4,79,4:79
20260923T002018,300060.494336,81.21212121212122,False,5,58,5:58
20260923T002018,300080.084992,81.21212121212122,False,11,59,11:59
20260923T002018,300037.405952,81.21212121212122,False,14,66,14:66
20260923T002018,300030.840832,81.21212121212122,False,15,79,15:79
20260923T002018,300030.705152,81.21212121212122,False,16,59,16:59
20260923T002018,300065.30688,81.21212121212122,False,17,60,17:60
20260923T002018,300077.367296,81.21212121212122,False,18,69,18:69
20260923T002018,300084.87424,81.21212121212122,False,19,56,19:56
20260923T002018,300055.332096,81.21212121212122,False,20,69,20:69
20260923T002018,300056.548096,81.21212121212122,False,21,54,21:54
20260923T002018,300091.195904,81.21212121212122,False,23,66,23:66
20260923T002018,300049.475072,81.21212121212122,False,24,79,24:79
20260923T002018,300083.318016,81.21212121212122,False,26,60,26:60
20260923T002018,300033.445888,81.21212121212122,False,29,74,29:74
20260923T002018,300049.288704,81.21212121212122,False,31,62,31:62
20260923T002018,300020.734464,81.21212121212122,False,32,77,32:77
20260923T002018,300083.91296,81.21212121212122,False,36,70,36:70
20260923T002018,300041.342976,81.21212121212122,False,37,80,37:80
20260923T002018,300029.74976,81.21212121212122,False,38,61,38:61
20260923T002018,300073.497344,81.21212121212122,False,39,70,39:70
20260923T002018,300043.29344,81.21212121212122,False,40,66,40:66
20260923T002018,300098.21824,81.21212121212122,False,41,61,41:61
20260923T002018,300034.718464,81.21212121212122,False,42,64,42:64
20260923T002018,300067.86304,81.21212121212122,False,43,56,43:56
20260923T002018,300089.444096,81.21212121212122,False,44,75,44:75
20260923T002018,300042.313984,81.21212121212122,False,45,80,45:80
20260923T002018,300013.889024,81.21212121212122,False,48,55,48:55
20260923T002018,300045.729024,81.21212121212122,False,49,61,49:61
20260923T002018,300059.320832,81.21212121212122,False,50,66,50:66
20260923T002018,300035.648,81.21212121212122,False,51,72,51:72
20260923T002018,300020.323072,81.21212121212122,False,52,76,52:76
20260923T002018,300031.329536,81.21212121212122,False,53,75,53:75
20260923T002018,300039.417088,81.21212121212122,False,55,56,55:56
20260923T002018,300064.626176,81.21212121212122,False,56,79,56:79
20260923T002018,300009.001984,81.21212121212122,False,61,73,61:73
20260923T002019,300061.091584,81.21212121212122,False,1,65,1:65
20260923T002019,300081.03168,81.21212121212122,False,2,67,2:67
20260923T002019,300019.465728,81.21212121212122,False,4,80,4:80
20260923T002019,300021.661184,81.21212121212122,False,6,78,6:78
20260923T002019,300024.091904,81.21212121212122,False,7,55,7:55
20260923T002019,300062.326784,81.21212121212122,False,8,78,8:78
20260923T002019,300064.863488,81.21212121212122,False,9,54,9:54
20260923T002019,300023.525632,81.21212121212122,False,10,77,10:77
20260923T002019,300062.944512,81.21212121212122,False,12,58,12:58
20260923T002019,300015.798528,81.21212121212122,False,13,74,13:74
20260923T002019,300088.929024,81.21212121212122,False,14,67,14:67
20260923T002019,300073.963264,81.21212121212122,False,15,80,15:80
20260923T002019,300027.943168,81.21212121212122,False,17,61,17:61
20260923T002019,300038.113024,81.21212121212122,False,20,70,20:70
20260923T002019,300039.09376,81.21212121212122,False,22,59,22:59
20260923T002019,300019.588352,81.21212121212122,False,25,79,25:79
20260923T002019,300047.270144,81.21212121212122,False,27,66,27:66
20260923T002019,300089.594112,81.21212121212122,False,28,73,28:73
20260923T002019,300070.74816,81.21212121212122,False,29,75,29:75
20260923T002019,300058.088448,81.21212121212122,False,30,71,30:71
20260923T002019,300076.859392,81.21212121212122,False,32,78,32:78
20260923T002019,300061.915648,81.21212121212122,False,33,60,33:60
20260923T002019,300032.099072,81.21212121212122,False,34,53,34:53
20260923T002019,300051.38304,81.21212121212122,False,35,67,35:67
20260923T002019,300007.499008,81.21212121212122,False,36,71,36:71
20260923T002019,300022.59456,81.21212121212122,False,37,81,37:81
20260923T002019,300009.295872,81.21212121212122,False,38,62,38:62
20260923T002019,300050.193664,81.21212121212122,False,40,67,40:67
20260923T002019,300065.763072,81.21212121212122,False,44,76,44:76
20260923T002019,300039.900416,81.21212121212122,False,46,77,46:77
20260923T002019,300021.24928,81.21212121212122,False,47,54,47:54
20260923T002019,300061.328128,81.21212121212122,False,53,76,53:76
20260923T002019,300006.996224,81.21212121212122,False,54,66,54:66
20260923T002019,300087.000576,81.21212121212122,False,55,57,55:57
20260923T002019,300028.95616,81.21212121212122,False,56,80,56:80
20260923T002019,300038.676992,81.21212121212122,False,57,54,57:54
20260923T002019,300024.20096,81.21212121212122,False,59,79,59:79
20260923T002019,300017.719296,81.21212121212122,False,60,61,60:61
20260923T002019,300056.325376,81.21212121212122,False,63,69,63:69
20260923T002020,300042.085888,81.21212121212122,False,0,69,0:69
20260923T002020,300093.981696,81.21212121212122,False,1,66,1:66
20260923T002020,300064.19328,81.21212121212122,False,2,68,2:68
20260923T002020,300055.318784,81.21212121212122,False,3,69,3:69
20260923T002020,300021.173248,81.21212121212122,False,4,81,4:81
20260923T002020,300050.907648,81.21212121212122,False,5,59,5:59
20260923T002020,300044.333568,81.21212121212122,False,6,79,6:79
20260923T002020,300019.238656,81.21212121212122,False,10,78,10:78
20260923T002020,300074.010368,81.21212121212122,False,11,60,11:60
20260923T002020,300043.98976,81.21212121212122,False,12,59,12:59
20260923T002020,300093.78432,81.21212121212122,False,16,60,16:60
20260923T002020,300073.687296,81.21212121212122,False,18,70,18:70
20260923T002020,300033.041664,81.21212121212122,False,19,57,19:57
20260923T002020,300078.550272,81.21212121212122,False,23,67,23:67
20260923T002020,300008.511232,81.21212121212122,False,24,80,24:80
20260923T002020,300028.2944,81.21212121212122,False,25,80,25:80
20260923T002020,300034.920448,81.21212121212122,False,26,61,26:61
20260923T002020,300026.792704,81.21212121212122,False,31,63,31:63
20260923T002020,300029.549312,81.21212121212122,False,35,68,35:68
20260923T002020,300055.133952,81.21212121212122,False,39,71,39:71
20260923T002020,300032.88064,81.21212121212122,False,42,65,42:65
20260923T002020,300022.468608,81.21212121212122,False,43,57,43:57
20260923T002020,300037.988096,81.21212121212122,False,45,81,45:81
20260923T002020,300092.408576,81.21212121212122,False,47,55,47:55
20260923T002020,300029.655296,81.21212121212122,False,49,62,49:62
20260923T002020,300043.05536,81.21212121212122,False,50,67,50:67
20260923T002020,300081.40544,81.21212121212122,False,51,73,51:73
20260923T002020,300016.112384,81.21212121212122,False,52,77,52:77
20260923T002020,300010.991104,81.21212121212122,False,58,64,58:64
20260923T002020,300047.785472,81.21212121212122,False,59,80,59:80
20260923T002020,300021.723136,81.21212121212122,False,61,74,61:74
20260923T002020,300054.923008,81.21212121212122,False,62,57,62:57
20260923T002020,300078.716416,81.21212121212122,False,63,70,63:70
20260923T002021,300007.196672,81.21212121212122,False,0,70,0:70
20260923T002021,300082.834944,81.21212121212122,False,1,67,1:67
20260923T002021,300106.73792,81.21212121212122,False,7,56,7:56
20260923T002021,300066.587904,81.21212121212122,False,8,79,8:79
20260923T002021,300045.803008,81.21212121212122,False,9,55,9:55
20260923T002021,300028.204032,81.21212121212122,False,11,61,11:61
20260923T002021,300088.041472,81.21212121212122,False,13,75,13:75
20260923T002021,300067.926784,81.21212121212122,False,14,68,14:68
20260923T002021,300053.672192,81.21212121212122,False,15,81,15:81
20260923T002021,300060.276992,81.21212121212122,False,17,62,17:62
20260923T002021,300051.69152,81.21212121212122,False,18,71,18:71
20260923T002021,300093.824,81.21212121212122,False,19,58,19:58
20260923T002021,300093.668096,81.21212121212122,False,20,71,20:71
20260923T002021,300113.859328,81.21212121212122,False,21,55,21:55
20260923T002021,300045.513216,81.21212121212122,False,22,60,22:60
20260923T002021,300039.48672,81.21212121212122,False,23,68,23:68
20260923T002021,300089.08288,81.21212121212122,False,24,81,24:81
20260923T002021,300065.449216,81.21212121212122,False,25,81,25:81
20260923T002021,300062.684416,81.21212121212122,False,27,67,27:67
20260923T002021,300015.898624,81.21212121212122,False,28,74,28:74
20260923T002021,300093.335552,81.21212121212122,False,29,76,29:76
20260923T002021,300080.067584,81.21212121212122,False,30,72,30:72
20260923T002021,300021.133056,81.21212121212122,False,32,79,32:79
20260923T002021,300070.784,81.21212121212122,False,33,61,33:61
20260923T002021,300071.3152,81.21212121212122,False,34,54,34:54
20260923T002021,300065.863936,81.21212121212122,False,36,72,36:72
20260923T002021,300079.236608,81.21212121212122,False,37,82,37:82
20260923T002021,300055.741184,81.21212121212122,False,38,63,38:63
20260923T002021,300087.966208,81.21212121212122,False,40,68,40:68
20260923T002021,300058.526976,81.21212121212122,False,41,62,41:62
20260923T002021,300093.2928,81.21212121212122,False,42,66,42:66
20260923T002021,300088.13568,81.21212121212122,False,44,77,44:77
20260923T002021,300025.848832,81.21212121212122,False,45,82,45:82
20260923T002021,300076.545536,81.21212121212122,False,46,78,46:78
20260923T002021,300075.023104,81.21212121212122,False,48,56,48:56
20260923T002021,300038.074112,81.21212121212122,False,51,74,51:74
20260923T002021,300032.89856,81.21212121212122,False,52,78,52:78
20260923T002021,300076.263424,81.21212121212122,False,53,77,53:77
20260923T002021,300089.27616,81.21212121212122,False,54,67,54:67
20260923T002021,300020.8704,81.21212121212122,False,56,81,56:81
20260923T002021,300035.578624,81.21212121212122,False,57,55,57:55
20260923T002021,300026.768128,81.21212121212122,False,60,62,60:62
20260923T002021,300034.8864,81.21212121212122,False,61,75,61:75
20260923T002022,300048.782848,81.21212121212122,False,2,69,2:69
20260923T002022,300087.433472,81.21212121212122,False,3,70,3:70
20260923T002022,300024.425472,81.21212121212122,False,4,82,4:82
20260923T002022,300030.885632,81.21212121212122,False,5,60,5:60
20260923T002022,300070.044416,81.21212121212122,False,6,80,6:80
20260923T002022,300048.483584,81.21212121212122,False,8,80,8:80
20260923T002022,300082.391808,81.21212121212122,False,10,79,10:79
20260923T002022,300096.187136,81.21212121212122,False,12,60,12:60
20260923T002022,300022.69952,81.21212121212122,False,15,82,15:82
20260923T002022,300048.224512,81.21212121212122,False,16,61,16:61
20260923T002022,300048.510976,81.21212121212122,False,20,72,20:72
20260923T002022,300017.171456,81.21212121212122,False,26,62,26:62
20260923T002022,300041.147392,81.21212121212122,False,28,75,28:75
20260923T002022,300023.436544,81.21212121212122,False,29,77,29:77
20260923T002022,300046.321408,81.21212121212122,False,30,73,30:73
20260923T002022,300091.268608,81.21212121212122,False,31,64,31:64
20260923T002022,300019.795968,81.21212121212122,False,35,69,35:69
20260923T002022,300048.225024,81.21212121212122,False,36,73,36:73
20260923T002022,300075.26016,81.21212121212122,False,37,83,37:83
20260923T002022,300040.873216,81.21212121212122,False,39,72,39:72
20260923T002022,300073.100544,81.21212121212122,False,40,69,40:69
20260923T002022,300077.892096,81.21212121212122,False,41,63,41:63
20260923T002022,300016.759808,81.21212121212122,False,43,58,43:58
20260923T002022,300057.55008,81.21212121212122,False,44,78,44:78
20260923T002022,300082.73408,81.21212121212122,False,45,83,45:83
20260923T002022,300041.28512,81.21212121212122,False,46,79,46:79
20260923T002022,300063.870208,81.21212121212122,False,47,56,47:56
20260923T002022,300025.944064,81.21212121212122,False,48,57,48:57
20260923T002022,300090.117888,81.21212121212122,False,49,63,49:63
20260923T002022,300025.743872,81.21212121212122,False,50,68,50:68
20260923T002022,300012.976128,81.21212121212122,False,53,78,53:78
20260923T002022,300040.34688,81.21212121212122,False,54,68,54:68
20260923T002022,300075.558144,81.21212121212122,False,55,58,55:58
20260923T002022,300069.577472,81.21212121212122,False,56,82,56:82
20260923T002022,300018.112256,81.21212121212122,False,58,65,58:65
20260923T002022,300054.628352,81.21212121212122,False,59,81,59:81
20260923T002022,300075.547136,81.21212121212122,False,61,76,61:76
20260923T002022,300037.47584,81.21212121212122,False,62,58,62:58
20260923T002022,300035.197184,81.21212121212122,False,63,71,63:71
20260923T002023,300022.086912,81.21212121212122,False,0,71,0:71
20260923T002023,300033.215744,81.21212121212122,False,1,68,1:68
20260923T002023,300019.307776,81.21212121212122,False,2,70,2:70
20260923T002023,300040.4864,81.21212121212122,False,5,61,5:61
20260923T002023,300061.909248,81.21212121212122,False,6,81,6:81
20260923T002023,300031.10656,81.21212121212122,False,7,57,7:57
20260923T002023,300016.990976,81.21212121212122,False,10,80,10:80
20260923T002023,300047.723264,81.21212121212122,False,11,62,11:62
20260923T002023,300071.222528,81.21212121212122,False,13,76,13:76
20260923T002023,300090.825728,81.21212121212122,False,14,69,14:69
20260923T002023,300072.580608,81.21212121212122,False,17,63,17:63
20260923T002023,300075.252224,81.21212121212122,False,18,72,18:72
20260923T002023,300028.927488,81.21212121212122,False,19,59,19:59
20260923T002023,300091.639552,81.21212121212122,False,21,56,21:56
20260923T002023,300041.309184,81.21212121212122,False,22,61,22:61
20260923T002023,300024.317696,81.21212121212122,False,23,69,23:69
20260923T002023,300066.457344,81.21212121212122,False,24,82,24:82
20260923T002023,300074.028288,81.21212121212122,False,25,82,25:82
20260923T002023,300075.46112,81.21212121212122,False,27,68,27:68
20260923T002023,300017.531648,81.21212121212122,False,28,76,28:76
20260923T002023,300036.482304,81.21212121212122,False,29,78,29:78
20260923T002023,300059.424256,81.21212121212122,False,32,80,32:80
20260923T002023,300066.088192,81.21212121212122,False,33,62,33:62
20260923T002023,300088.846336,81.21212121212122,False,34,55,34:55
20260923T002023,300074.796032,81.21212121212122,False,38,64,38:64
20260923T002023,300098.465536,81.21212121212122,False,42,67,42:67
20260923T002023,300080.617472,81.21212121212122,False,44,79,44:79
20260923T002023,300019.376128,81.21212121212122,False,46,80,46:80
20260923T002023,300048.274944,81.21212121212122,False,49,64,49:64
20260923T002023,300065.90208,81.21212121212122,False,51,75,51:75
20260923T002023,300009.59744,81.21212121212122,False,52,79,52:79
20260923T002023,300032.623104,81.21212121212122,False,56,83,56:83
20260923T002023,300064.064256,81.21212121212122,False,58,66,58:66
20260923T002023,300035.060224,81.21212121212122,False,60,63,60:63
20260923T002023,300035.389696,81.21212121212122,False,63,72,63:72
20260923T002024,300056.4288,81.21212121212122,False,0,72,0:72
20260923T002024,300085.70752,81.21212121212122,False,3,71,3:71
20260923T002024,300082.371328,81.21212121212122,False,4,83,4:83
20260923T002024,300074.151936,81.21212121212122,False,6,82,6:82
20260923T002024,300093.503488,81.21212121212122,False,8,81,8:81
20260923T002024,300074.22464,81.21212121212122,False,9,56,9:56
20260923T002024,300035.957248,81.21212121212122,False,10,81,10:81
20260923T002024,300020.97536,81.21212121212122,False,11,63,11:63
20260923T002024,300009.561088,81.21212121212122,False,12,61,12:61
20260923T002024,300033.817344,81.21212121212122,False,15,83,15:83
20260923T002024,300087.979264,81.21212121212122,False,16,62,16:62
20260923T002024,300081.581568,81.21212121212122,False,18,73,18:73
20260923T002024,300013.58336,81.21212121212122,False,19,60,19:60
20260923T002024,300028.450048,81.21212121212122,False,20,73,20:73
20260923T002024,300050.452992,81.21212121212122,False,26,63,26:63
20260923T002024,300100.135424,81.21212121212122,False,30,74,30:74
20260923T002024,300081.504768,81.21212121212122,False,31,65,31:65
20260923T002024,300083.903744,81.21212121212122,False,32,81,32:81
20260923T002024,300095.848704,81.21212121212122,False,35,70,35:70
20260923T002024,300055.981056,81.21212121212122,False,36,74,36:74
20260923T002024,300008.488192,81.21212121212122,False,37,84,37:84
20260923T002024,300020.320768,81.21212121212122,False,39,73,39:73
20260923T002024,300061.916928,81.21212121212122,False,40,70,40:70
20260923T002024,300084.639488,81.21212121212122,False,41,64,41:64
20260923T002024,300020.734464,81.21212121212122,False,42,68,42:68
20260923T002024,300068.800768,81.21212121212122,False,43,59,43:59
20260923T002024,300020.016128,81.21212121212122,False,44,80,44:80
20260923T002024,300029.19936,81.21212121212122,False,45,84,45:84
20260923T002024,300046.271232,81.21212121212122,False,47,57,47:57
20260923T002024,300058.19776,81.21212121212122,False,48,58,48:58
20260923T002024,300099.18464,81.21212121212122,False,50,69,50:69
20260923T002024,300079.95392,81.21212121212122,False,51,76,51:76
20260923T002024,300090.58944,81.21212121212122,False,53,79,53:79
20260923T002024,300014.075136,81.21212121212122,False,54,69,54:69
20260923T002024,300080.02816,81.21212121212122,False,55,59,55:59
20260923T002024,300081.946112,81.21212121212122,False,56,84,56:84
20260923T002024,300025.539072,81.21212121212122,False,57,56,57:56
20260923T002024,300045.261824,81.21212121212122,False,59,82,59:82
20260923T002024,300025.261312,81.21212121212122,False,60,64,60:64
20260923T002024,300051.949824,81.21212121212122,False,61,77,61:77
20260923T002024,300086.052352,81.21212121212122,False,62,59,62:59
20260923T002025,300029.005312,81.21212121212122,False,1,69,1:69
20260923T002025,300039.646976,81.21212121212122,False,2,71,2:71
20260923T002025,300018.82368,81.21212121212122,False,4,84,4:84
20260923T002025,300021.524736,81.21212121212122,False,5,62,5:62
20260923T002025,300043.500544,81.21212121212122,False,7,58,7:58
20260923T002025,300032.160768,81.21212121212122,False,8,82,8:82
20260923T002025,300020.159232,81.21212121212122,False,13,77,13:77
20260923T002025,300034.231296,81.21212121212122,False,14,70,14:70
20260923T002025,300008.468992,81.21212121212122,False,17,64,17:64
20260923T002025,300043.0592,81.21212121212122,False,21,57,21:57
20260923T002025,300037.939456,81.21212121212122,False,22,62,22:62
20260923T002025,300027.668992,81.21212121212122,False,23,70,23:70
20260923T002025,300025.883136,81.21212121212122,False,24,83,24:83
20260923T002025,300048.14848,81.21212121212122,False,25,83,25:83
20260923T002025,300044.267776,81.21212121212122,False,26,64,26:64
20260923T002025,300039.681024,81.21212121212122,False,27,69,27:69
20260923T002025,300041.582592,81.21212121212122,False,28,77,28:77
20260923T002025,300044.025088,81.21212121212122,False,29,79,29:79
20260923T002025,300027.709696,81.21212121212122,False,30,75,30:75
20260923T002025,300025.324544,81.21212121212122,False,33,63,33:63
20260923T002025,300010.989056,81.21212121212122,False,34,56,34:56
20260923T002025,300007.854336,81.21212121212122,False,35,71,35:71
20260923T002025,300022.934784,81.21212121212122,False,37,85,37:85
20260923T002025,300037.98016,81.21212121212122,False,38,65,38:65
20260923T002025,300041.603328,81.21212121212122,False,45,85,45:85
20260923T002025,300010.287872,81.21212121212122,False,46,81,46:81
20260923T002025,300025.119744,81.21212121212122,False,49,65,49:65
20260923T002025,300044.207104,81.21212121212122,False,52,80,52:80
20260923T002025,300030.978304,81.21212121212122,False,53,80,53:80
20260923T002025,300024.15488,81.21212121212122,False,54,70,54:70
20260923T002025,300035.684608,81.21212121212122,False,57,57,57:57
20260923T002025,300025.4784,81.21212121212122,False,58,67,58:67
20260923T002025,300008.980992,81.21212121212122,False,59,83,59:83
20260923T002025,300027.61216,81.21212121212122,False,61,78,61:78
20260923T002025,300039.771136,81.21212121212122,False,62,60,62:60
20260923T002025,300029.169152,81.21212121212122,False,63,73,63:73
20260923T002026,300019.369216,81.21212121212122,False,0,73,0:73
20260923T002026,300093.89312,81.21212121212122,False,1,70,1:70
20260923T002026,300074.921216,81.21212121212122,False,3,72,3:72
20260923T002026,300039.709952,81.21212121212122,False,4,85,4:85
20260923T002026,300035.667456,81.21212121212122,False,5,63,5:63
20260923T002026,300053.416192,81.21212121212122,False,6,83,6:83
20260923T002026,300017.532928,81.21212121212122,False,8,83,8:83
20260923T002026,300030.358784,81.21212121212122,False,9,57,9:57
20260923T002026,300014.427392,81.21212121212122,False,10,82,10:82
20260923T002026,300035.515904,81.21212121212122,False,12,62,12:62
20260923T002026,300020.991488,81.21212121212122,False,13,78,13:78
20260923T002026,300023.071488,81.21212121212122,False,15,84,15:84
20260923T002026,300042.016256,81.21212121212122,False,16,63,16:63
20260923T002026,300013.800192,81.21212121212122,False,17,65,17:65
20260923T002026,300058.260992,81.21212121212122,False,18,74,18:74
20260923T002026,300065.353984,81.21212121212122,False,19,61,19:61
20260923T002026,300057.699328,81.21212121212122,False,20,74,20:74
20260923T002026,300045.969664,81.21212121212122,False,23,71,23:71
20260923T002026,300070.333696,81.21212121212122,False,24,84,24:84
20260923T002026,300012.594688,81.21212121212122,False,27,70,27:70
20260923T002026,300119.58656,81.21212121212122,False,28,78,28:78
20260923T002026,300059.339008,81.21212121212122,False,29,80,29:80
20260923T002026,300049.701632,81.21212121212122,False,31,66,31:66
20260923T002026,300028.727808,81.21212121212122,False,32,82,32:82
20260923T002026,300014.219264,81.21212121212122,False,36,75,36:75
20260923T002026,300020.694528,81.21212121212122,False,37,86,37:86
20260923T002026,300036.450304,81.21212121212122,False,39,74,39:74
20260923T002026,300113.370112,81.21212121212122,False,40,71,40:71
20260923T002026,300068.314624,81.21212121212122,False,41,65,41:65
20260923T002026,300074.7136,81.21212121212122,False,42,69,42:69
20260923T002026,300044.583168,81.21212121212122,False,43,60,43:60
20260923T002026,300026.240256,81.21212121212122,False,44,81,44:81
20260923T002026,300014.528256,81.21212121212122,False,45,86,45:86
20260923T002026,300059.75424,81.21212121212122,False,47,58,47:58
20260923T002026,300026.376192,81.21212121212122,False,48,59,48:59
20260923T002026,300050.325248,81.21212121212122,False,50,70,50:70
20260923T002026,300038.385664,81.21212121212122,False,51,77,51:77
20260923T002026,300028.898816,81.21212121212122,False,52,81,52:81
20260923T002026,300034.687744,81.21212121212122,False,55,60,55:60
20260923T002026,300015.78624,81.21212121212122,False,56,85,56:85
20260923T002026,300073.385216,81.21212121212122,False,59,84,59:84
20260923T002026,300080.846848,81.21212121212122,False,60,65,60:65
20260923T002026,300037.89952,81.21212121212122,False,63,74,63:74
