request_idx,request_sent_at_utc,first_token_at_utc,full_response_received_at_utc,successful_request,records_in_request,response_token_count,input_token_count,output_token_count,first_token_ms,request_duration_ms,token_generation_duration_sum_ms,token_generation_duration_avg_ms,token_generation_duration_min_ms,token_generation_duration_max_ms,token_generation_duration_stdev_ms,token_generation_duration_p95_ms,inter_token_interval_avg_ms,inter_token_interval_stdev_ms,tokens_per_second,worker_idx,exp_num_users,workload_profile,exclude,consistent,error,response_char_count,success_rate
0,2026-09-18T14:49:03.114+00:00,2026-09-18T14:49:03.292+00:00,2026-09-18T14:49:52.760+00:00,True,923,923.0,,923.0,177.123116,49645.564972,49645.565126,53.78717781798483,0.03159,177.123116,23.014751349137008,114.07425940000002,53.65340765292842,22.665380198587105,18.59179164383707,0,36,,False,True,,4378,100.0
1,2026-09-18T14:49:07.989+00:00,2026-09-18T14:49:08.141+00:00,2026-09-18T14:49:39.428+00:00,True,609,609.0,,609.0,152.6941,31439.700820000002,31439.700857,51.62512455993432,0.03885,156.256759,16.512864185305226,80.9788374,51.45889263157895,16.008356126058345,19.37041333461391,0,36,,False,True,,2336,100.0
2,2026-09-18T14:49:12.299+00:00,2026-09-18T14:49:12.463+00:00,2026-09-18T14:49:49.930+00:00,True,670,670.0,,670.0,163.89498600000002,37631.539658,37631.539768,56.166477265671645,36.618732,163.89498600000002,21.81465897927076,120.79567770000001,56.00544794020927,21.428781429793286,17.80421439274187,0,36,,False,True,,3090,100.0
3,2026-09-18T14:49:15.244+00:00,2026-09-18T14:49:15.446+00:00,2026-09-18T14:50:09.267+00:00,True,914,914.0,,914.0,202.13215599999998,54023.365052,54023.36501,59.106526269146606,0.01744,204.19817600000002,25.762732536309095,125.16180499999999,58.94987173713034,25.337544694975787,16.918605479688882,0,36,,False,True,,4877,100.0
4,2026-09-18T14:49:19.203+00:00,2026-09-18T14:49:44.204+00:00,2026-09-18T14:50:25.742+00:00,True,687,687.0,,687.0,25001.607608,66538.78469599999,66538.784546,96.85412597671034,0.019010000000000003,25001.607608,951.922264257566,128.441003,60.54982082798834,26.253068256135382,10.324805346817513,0,36,,False,True,,3478,100.0
5,2026-09-18T14:49:23.167+00:00,2026-09-18T14:49:55.281+00:00,2026-09-18T14:50:51.933+00:00,True,933,933.0,,933.0,32114.079741,88765.61945299999,88765.619476,95.13999943837085,0.01834,32114.079741,1049.7074627112365,126.9306176,60.78491385407725,26.321366281916088,10.510826215706285,0,36,,False,True,,4327,100.0
6,2026-09-18T14:49:26.788+00:00,2026-09-18T14:50:01.000+00:00,2026-09-18T14:50:51.508+00:00,True,843,843.0,,843.0,34212.142225,84719.99476900001,84719.994546,100.49821417081851,0.0182,34212.142225,1176.5469386562195,125.803955,59.98557309263658,25.873158808681936,9.950425543563219,0,36,,False,True,,4480,100.0
7,2026-09-18T14:49:31.901+00:00,2026-09-18T14:50:25.935+00:00,2026-09-18T14:51:23.493+00:00,True,938,938.0,,938.0,54033.855246,111592.07451,111592.074597,118.96809658528784,0.01678,54033.855246,1762.4908403660036,129.51264350000002,61.42819558591249,28.402799502778866,8.405614862155321,0,36,,False,True,,3709,100.0
8,2026-09-18T14:49:35.851+00:00,2026-09-18T14:50:36.211+00:00,2026-09-18T14:51:27.399+00:00,True,843,843.0,,843.0,60360.11275,111548.673134,111548.67314,132.32345568208777,0.01684,60360.11275,2077.006507980335,129.4974181,60.794014707838485,27.935656383953656,7.557239152341418,0,36,,False,True,,3988,100.0
9,2026-09-18T14:49:39.912+00:00,2026-09-18T14:50:47.715+00:00,2026-09-18T14:51:48.322+00:00,True,998,998.0,,998.0,67802.735263,128410.070943,128410.070897,128.66740570841682,0.0165,67802.735263,2144.4979633608423,128.01912000000002,60.78970479438315,26.546161680086207,7.77197608155674,0,36,,False,True,,2743,100.0
10,2026-09-18T14:49:44.456+00:00,2026-09-18T14:51:00.693+00:00,2026-09-18T14:51:48.320+00:00,True,785,785.0,,785.0,76237.344095,123863.836255,123863.83625099999,157.7883264343949,40.35196,76237.344095,2718.9745348225356,126.4311012,60.748076734693875,25.048396642336822,6.337604451261391,0,36,,False,True,,3340,100.0
11,2026-09-18T14:49:49.539+00:00,2026-09-18T14:51:25.152+00:00,2026-09-18T14:52:13.564+00:00,True,802,802.0,,802.0,95612.66103399999,144024.61008999997,144024.61001,179.5818079925187,0.018269999999999998,95612.66103399999,3374.1905073758867,128.1480205,60.439387086142325,28.97600467946701,5.568492770081694,0,36,,True,True,,3546,100.0
12,2026-09-18T14:49:53.346+00:00,2026-09-18T14:51:33.724+00:00,2026-09-18T14:52:32.274+00:00,True,970,970.0,,970.0,100377.529915,158927.901755,158927.901877,163.84319781134022,0.01775,100377.529915,3221.1110106602914,128.91970295,60.4235003508772,28.14564831102857,6.103396504254691,0,36,,True,True,,4386,100.0
13,2026-09-18T14:49:57.253+00:00,2026-09-18T14:51:45.383+00:00,2026-09-18T14:52:29.326+00:00,True,728,728.0,,728.0,108129.517736,152072.272552,152072.272435,208.89048411401097,0.016489999999999998,108129.517736,4005.4137957373637,128.1885102,60.44395435488308,29.357550599085254,4.78719748040239,0,36,,True,True,,1455,100.0
14,2026-09-18T14:50:00.842+00:00,2026-09-18T14:51:58.727+00:00,2026-09-18T14:52:49.553+00:00,True,844,844.0,,844.0,117884.740126,168710.698014,168710.69814,199.89419210900473,42.710359,117884.740126,4055.762001412612,127.55161600000001,60.29176499169632,25.04413697893237,5.002646601165523,0,36,,True,True,,4030,100.0
15,2026-09-18T14:50:04.582+00:00,2026-09-18T14:52:14.390+00:00,2026-09-18T14:52:57.096+00:00,True,705,705.0,,705.0,129808.24747599999,172513.82878799998,172513.82882,244.7004664113475,41.566098,129808.24747599999,4886.644639088942,129.89976000000001,60.66133709090909,25.76807202470645,4.086628909421316,0,36,,True,True,,3436,100.0
16,2026-09-18T14:50:08.474+00:00,2026-09-18T14:52:24.211+00:00,2026-09-18T14:53:23.572+00:00,True,976,976.0,,976.0,135737.68289,195097.929674,195097.929601,199.89541967315574,0.01648,135737.68289,4343.015614046834,131.32970950000004,60.882304393846155,30.509794105857228,5.002615874145117,0,36,,True,True,,4203,100.0
17,2026-09-18T14:50:13.456+00:00,2026-09-18T14:52:36.395+00:00,2026-09-18T14:53:30.349+00:00,True,891,891.0,,891.0,142938.992925,196892.878365,196892.878379,220.97966148035914,0.01756,142938.992925,4786.701991206732,128.846012,60.62234319101123,30.40799201967528,4.525303339556367,0,36,,True,True,,1488,100.0
18,2026-09-18T14:50:17.836+00:00,2026-09-18T14:52:56.784+00:00,2026-09-18T14:53:38.510+00:00,True,682,682.0,,682.0,158948.07975600002,200673.42094,200673.420948,294.24255270967745,0.01718,158948.07975600002,6084.174749715549,131.6231633,61.27069190014684,32.06760639661538,3.398556703749588,0,36,,True,True,,2717,100.0
19,2026-09-18T14:50:20.955+00:00,2026-09-18T14:53:08.880+00:00,2026-09-18T14:53:51.260+00:00,True,699,699.0,,699.0,167924.265169,210304.957393,210304.95734199998,300.86546114735336,38.50602,167924.265169,6349.232682878032,128.9363911,60.71732410315187,25.264028973698927,3.3237447593485316,0,36,,True,True,,3701,100.0
20,2026-09-18T14:50:24.645+00:00,2026-09-18T14:53:16.519+00:00,2026-09-18T14:54:05.358+00:00,True,803,803.0,,803.0,171873.734802,220712.818578,220712.81859399998,274.860297128269,39.45165,171873.734802,6063.196199365859,127.9258701,60.896613187032415,25.32089876326131,3.6382118862580675,0,36,,True,True,,3651,100.0
21,2026-09-18T14:50:29.828+00:00,2026-09-18T14:53:32.701+00:00,2026-09-18T14:54:17.188+00:00,True,727,727.0,,727.0,182872.79179800002,227359.52152600003,227359.521596,312.7366184264099,43.568319,182872.79179800002,6780.151301598471,130.4447063,61.27648722865014,25.39594507783489,3.1975788615339025,0,36,,True,True,,3248,100.0
22,2026-09-18T14:50:34.166+00:00,2026-09-18T14:53:50.682+00:00,2026-09-18T14:54:47.905+00:00,True,934,934.0,,934.0,196516.157538,253738.49251399998,253738.492527,271.66862154925053,0.01669,196516.157538,6428.273378108418,132.02326649999998,61.33154874169346,31.090598726119655,3.6809551075443028,0,36,,True,True,,4499,100.0
23,2026-09-18T14:50:38.097+00:00,2026-09-18T14:54:03.218+00:00,2026-09-18T14:54:56.391+00:00,True,879,879.0,,879.0,205120.983337,258293.446185,258293.446146,293.84919925597274,0.016190000000000003,205120.983337,6916.585090957209,131.5904339,60.56089162642369,30.846084732758644,3.4031060910869004,0,36,,True,True,,4499,100.0
24,2026-09-18T14:50:41.720+00:00,2026-09-18T14:54:13.820+00:00,2026-09-18T14:55:11.060+00:00,True,941,941.0,,941.0,212100.23268000002,269339.920616,269339.92083300004,286.22733351009566,0.01979,212100.23268000002,6912.359121839822,133.766236,60.89328503829787,32.04667803370073,3.4937264325609974,0,36,,True,True,,3290,100.0
25,2026-09-18T14:50:45.293+00:00,2026-09-18T14:54:25.133+00:00,2026-09-18T14:55:12.265+00:00,True,769,769.0,,769.0,219840.520905,266972.263625,266972.26358100004,347.16809308322496,0.01767,219840.520905,7925.504913571741,134.1353184,61.369456666666665,32.368045593984625,2.8804490382572787,0,36,,True,True,,3120,100.0
26,2026-09-18T14:50:50.387+00:00,2026-09-18T14:54:43.492+00:00,2026-09-18T14:55:30.628+00:00,True,797,797.0,,797.0,233104.811061,280240.924725,280240.924765,351.61972994353823,42.207300000000004,233104.811061,8254.935392810066,132.122767,59.2162231959799,24.69726197884665,2.843981480513936,0,36,,True,True,,3803,100.0
27,2026-09-18T14:50:53.229+00:00,2026-09-18T14:54:52.351+00:00,2026-09-18T14:55:42.556+00:00,True,904,904.0,,904.0,239122.278983,289326.715975,289326.716048,320.0516770442478,39.931771,239122.278983,7951.268552375154,123.821898,55.59738315836102,21.486005213468413,3.124495423637658,0,36,,True,True,,4922,100.0
28,2026-09-18T14:50:58.388+00:00,2026-09-18T14:55:08.594+00:00,2026-09-18T14:55:42.329+00:00,True,642,642.0,,642.0,250205.679133,283940.808733,283940.808849,442.2754031915888,42.24888,250205.679133,9872.766938524815,98.44969350000001,52.628907332293295,16.37183387751071,2.2610346250147373,0,36,,True,True,,3158,100.0
0,2026-09-18T14:49:03.115+00:00,2026-09-18T14:49:03.292+00:00,2026-09-18T14:49:48.095+00:00,True,855,855.0,,855.0,176.347796,44980.111764,44980.111649,52.60831771812865,0.049210000000000004,176.347796,21.48017686445001,100.4798227,52.463423850117096,21.070542455666352,19.00840096809858,1,36,,False,True,,4392,100.0
1,2026-09-18T14:49:06.403+00:00,2026-09-18T14:49:06.499+00:00,2026-09-18T14:49:45.147+00:00,True,729,729.0,,729.0,96.272945,38744.582961,38744.583114,53.14757628806584,13.894976,154.304649,18.741520174435532,91.531661,53.08833793406593,18.68597935688605,18.81553353494102,1,36,,False,True,,2436,100.0
2,2026-09-18T14:49:09.837+00:00,2026-09-18T14:49:09.997+00:00,2026-09-18T14:50:07.839+00:00,True,990,990.0,,990.0,159.268917,58001.612341,58001.612283,58.58748715454546,0.01711,215.544352,25.648683806361813,125.736316,58.485685969666335,25.46076831189402,17.068491030553506,1,36,,False,True,,5290,100.0
3,2026-09-18T14:49:15.175+00:00,2026-09-18T14:49:15.364+00:00,2026-09-18T14:50:05.812+00:00,True,854,854.0,,854.0,189.156212,50637.5909,50637.590732,59.29460273067916,0.02355,208.827675,26.054149395630336,128.3353631,59.14236188511137,25.686550505456452,16.864941337483728,1,36,,False,True,,3296,100.0
4,2026-09-18T14:49:18.932+00:00,2026-09-18T14:49:43.517+00:00,2026-09-18T14:50:45.396+00:00,True,995,995.0,,995.0,24585.600474,86464.59849,86464.598429,86.89909389849247,0.02841,24585.600474,777.9408805545424,133.1710124,62.252513094567405,27.85885023770591,11.507599842900746,1,36,,False,True,,3727,100.0
5,2026-09-18T14:49:23.019+00:00,2026-09-18T14:49:54.722+00:00,2026-09-18T14:50:33.064+00:00,True,650,650.0,,650.0,31702.533129,70044.755977,70044.755757,107.76116270307692,0.01695,31702.533129,1241.4027898702755,123.6895475,59.078925805855164,24.65113745806714,9.279781061888988,1,36,,False,True,,3183,100.0
6,2026-09-18T14:49:28.302+00:00,2026-09-18T14:50:04.488+00:00,2026-09-18T14:51:01.355+00:00,True,952,952.0,,952.0,36186.327579000004,93053.468955,93053.46875900001,97.74524029306723,0.01661,36186.327579000004,1171.1870460937575,128.14235455,59.79720439116719,27.367965570586236,10.230677165408851,1,36,,False,True,,4195,100.0
7,2026-09-18T14:49:33.243+00:00,2026-09-18T14:50:31.102+00:00,2026-09-18T14:51:08.368+00:00,True,607,607.0,,607.0,57858.842332,95125.29378800001,95125.293945,156.71382857495882,0.01618,57858.842332,2346.1126350271898,131.96242,61.495794481848186,29.937889498943814,6.381057822042413,1,36,,False,True,,3325,100.0
8,2026-09-18T14:49:36.998+00:00,2026-09-18T14:50:40.415+00:00,2026-09-18T14:51:36.255+00:00,True,913,913.0,,913.0,63417.266956,119257.46945199999,119257.469402,130.62154370427163,0.01714,63417.266956,2096.96426214197,129.67364,61.22829221052632,27.900576384168815,7.655704956639834,1,36,,False,True,,4209,100.0
9,2026-09-18T14:49:42.184+00:00,2026-09-18T14:50:53.411+00:00,2026-09-18T14:51:42.629+00:00,True,809,809.0,,809.0,71226.87845999999,120444.6679,120444.66790199999,148.88092447713225,0.01645,71226.87845999999,2502.217166473446,127.45350780000001,60.91310574257426,27.874173830183093,6.71677720654,1,36,,False,True,,4322,100.0
10,2026-09-18T14:49:45.363+00:00,2026-09-18T14:51:05.306+00:00,2026-09-18T14:51:49.296+00:00,True,721,721.0,,721.0,79942.92865999999,123933.05806799998,123933.05792499999,171.89051029819694,37.736487999999994,79942.92865999999,2975.065831012472,130.682375,61.09740195555556,25.714117887663335,5.817656816024014,1,36,,False,True,,2689,100.0
11,2026-09-18T14:49:50.027+00:00,2026-09-18T14:51:25.740+00:00,2026-09-18T14:52:26.114+00:00,True,987,987.0,,987.0,95713.020291,156086.995843,156086.99564799998,158.14285273353596,0.01713,95713.020291,3044.7674047268615,128.589424,61.23121252738336,28.94151416339386,6.323396735707395,1,36,,True,True,,5684,100.0
12,2026-09-18T14:49:54.694+00:00,2026-09-18T14:51:36.640+00:00,2026-09-18T14:52:31.688+00:00,True,913,913.0,,913.0,101945.61739,156994.171886,156994.171905,171.95418609529025,0.02122,101945.61739,3372.01646412767,129.3607446,60.36025712280702,26.826818521110454,5.815502505806186,1,36,,True,True,,4686,100.0
13,2026-09-18T14:49:58.157+00:00,2026-09-18T14:51:49.455+00:00,2026-09-18T14:52:28.548+00:00,True,643,643.0,,643.0,111298.00328599999,150391.05646999998,150391.05638599998,233.88966778538102,0.016390000000000002,111298.00328599999,4386.867737778417,129.890942,60.89260620560747,30.276654136478353,4.275520201085,1,36,,True,True,,2826,100.0
14,2026-09-18T14:50:02.862+00:00,2026-09-18T14:52:08.493+00:00,2026-09-18T14:52:51.565+00:00,True,709,709.0,,709.0,125630.502784,168702.586752,168702.58667,237.94440997179126,41.625870000000006,125630.502784,4715.938079144214,129.2995672,60.836276790960454,25.7617842720931,4.2026622925602215,1,36,,True,True,,3947,100.0
15,2026-09-18T14:50:05.911+00:00,2026-09-18T14:52:17.203+00:00,2026-09-18T14:52:53.989+00:00,True,615,615.0,,615.0,131292.227651,168078.570307,168078.57039399998,273.29848844552845,42.088328999999995,131292.227651,5291.856325773475,129.1093963,59.91261018892508,24.931966559345028,3.659003041712493,1,36,,True,True,,2849,100.0
16,2026-09-18T14:50:10.550+00:00,2026-09-18T14:52:29.497+00:00,2026-09-18T14:53:28.261+00:00,True,967,967.0,,967.0,138946.443977,197710.948809,197710.94880399999,204.45806494725954,0.01681,138946.443977,4466.363153716378,130.583902,60.83282073706004,30.34722456307723,4.8909785008121975,1,36,,True,True,,3634,100.0
17,2026-09-18T14:50:14.645+00:00,2026-09-18T14:52:42.233+00:00,2026-09-18T14:53:28.100+00:00,True,753,753.0,,753.0,147587.95378799998,193455.52959599998,193455.529514,256.91305380345284,0.016280000000000003,147587.95378799998,5376.27211188396,131.0713902,60.99411676595744,31.27270429816083,3.8923674168038334,1,36,,True,True,,3002,100.0
18,2026-09-18T14:50:18.744+00:00,2026-09-18T14:52:58.162+00:00,2026-09-18T14:53:51.604+00:00,True,879,879.0,,879.0,159417.863386,212860.65788200003,212860.657909,242.1622956871445,0.01735,159417.863386,5375.063272686149,129.5527388,60.86878644191344,30.289627989677555,4.129462009307875,1,36,,True,True,,4544,100.0
19,2026-09-18T14:50:22.013+00:00,2026-09-18T14:53:09.447+00:00,2026-09-18T14:54:05.402+00:00,True,913,913.0,,913.0,167433.733799,223388.617383,223388.617429,244.6753750591457,42.31924,167433.733799,5539.276629488679,128.596925,61.35403901754386,25.65216809597027,4.087047991503796,1,36,,True,True,,3955,100.0
20,2026-09-18T14:50:26.694+00:00,2026-09-18T14:53:23.113+00:00,2026-09-18T14:54:16.168+00:00,True,866,866.0,,866.0,176418.234669,229474.049581,229474.04964399998,264.98158157505776,40.540561000000004,176418.234669,5992.906636214502,129.61759525,61.33620221040463,25.753409503736776,3.7738472022489775,1,36,,True,True,,4112,100.0
21,2026-09-18T14:50:30.905+00:00,2026-09-18T14:53:35.738+00:00,2026-09-18T14:54:29.469+00:00,True,881,881.0,,881.0,184833.54707499998,238564.74553899997,238564.74541899998,270.78858730874003,0.016280000000000003,184833.54707499998,6225.221018898149,130.027727,61.05818007272727,31.120206982879523,3.692917819896303,1,36,,True,True,,4044,100.0
22,2026-09-18T14:50:35.425+00:00,2026-09-18T14:53:55.241+00:00,2026-09-18T14:54:36.616+00:00,True,674,674.0,,674.0,199816.200646,241190.506694,241190.50654,357.84941623145403,0.01634,199816.200646,7694.335801365294,130.45206664999998,61.477423548291235,33.160871834643814,2.794471512326595,1,36,,True,True,,3310,100.0
23,2026-09-18T14:50:39.050+00:00,2026-09-18T14:54:07.178+00:00,2026-09-18T14:54:54.249+00:00,True,783,783.0,,783.0,208128.05206400002,255198.981728,255198.98188600002,325.92462565261815,0.01583,208128.05206400002,7435.803569312898,129.5180139,60.193004685422,31.089228962301,3.0681940605646645,1,36,,True,True,,2568,100.0
24,2026-09-18T14:50:44.423+00:00,2026-09-18T14:54:22.490+00:00,2026-09-18T14:55:15.565+00:00,True,862,862.0,,862.0,218066.20589399998,271141.287878,271141.287878,314.54905786310906,0.017920000000000002,218066.20589399998,7425.333737994875,134.377642,61.64353308246225,32.00095211612615,3.179154332216113,1,36,,True,True,,1600,100.0
25,2026-09-18T14:50:49.070+00:00,2026-09-18T14:54:37.039+00:00,2026-09-18T14:55:14.437+00:00,True,602,602.0,,602.0,227968.58193000001,265366.14097,265366.140916,440.8075430498339,42.293150000000004,227968.58193000001,9288.811349862051,136.078259,62.22555580698835,27.861494141746906,2.2685637202978994,1,36,,True,True,,2321,100.0
26,2026-09-18T14:50:54.430+00:00,2026-09-18T14:54:56.185+00:00,2026-09-18T14:55:40.754+00:00,True,803,803.0,,803.0,241754.104926,286323.792478,286323.792536,356.567612124533,40.333138,241754.104926,8529.38231497846,124.436149,55.573176498753114,21.215519419418175,2.8045171972975296,1,36,,True,True,,2701,100.0
27,2026-09-18T14:50:59.687+00:00,2026-09-18T14:55:12.447+00:00,2026-09-18T14:55:55.863+00:00,True,932,932.0,,932.0,252760.379727,296175.54977499996,296175.549916,317.7849248025751,0.01599,252760.379727,8277.966936862758,97.30412945,46.632835712137485,29.61717485652593,3.1467823752096558,1,36,,True,True,,4077,100.0
0,2026-09-18T14:49:03.117+00:00,2026-09-18T14:49:03.164+00:00,2026-09-18T14:49:35.745+00:00,True,672,672.0,,672.0,47.491387,32628.098875,32628.098834,48.55371850297619,10.397607,171.764477,15.730309799040429,75.74555545,48.5553017704918,15.741987349968278,20.595744869306305,2,36,,False,True,,2477,100.0
1,2026-09-18T14:49:07.440+00:00,2026-09-18T14:49:07.601+00:00,2026-09-18T14:49:43.346+00:00,True,675,675.0,,675.0,161.053258,35905.557834,35905.557736,53.19341886814815,8.638266999999999,161.053258,18.800668820353867,89.32809900000001,53.03338957863502,18.3487904065352,18.799318008668372,2,36,,False,True,,3232,100.0
2,2026-09-18T14:49:11.438+00:00,2026-09-18T14:49:11.601+00:00,2026-09-18T14:49:50.529+00:00,True,695,695.0,,695.0,162.598619,39091.048155,39091.047993,56.246112220143885,34.98527,162.598619,21.60019820520331,116.04804089999999,56.09286676657061,21.23432890397673,17.7790065194531,2,36,,False,True,,3033,100.0
3,2026-09-18T14:49:16.137+00:00,2026-09-18T14:49:33.598+00:00,2026-09-18T14:50:29.943+00:00,True,919,919.0,,919.0,17460.461032000003,73806.219496,73806.219509,80.31144669096845,0.01932,17460.461032000003,574.5483604147297,128.754606,61.37882185620915,26.387142465757858,12.451525173292556,2,36,,False,True,,4013,100.0
4,2026-09-18T14:49:20.298+00:00,2026-09-18T14:49:48.356+00:00,2026-09-18T14:50:31.789+00:00,True,724,724.0,,724.0,28057.457863000003,71490.99488700001,71490.994921,98.74446812292818,0.02114,28057.457863000003,1040.8311950279697,124.87645035000001,60.07404844260028,25.688680031459825,10.127149596174563,2,36,,False,True,,2805,100.0
5,2026-09-18T14:49:25.298+00:00,2026-09-18T14:49:58.506+00:00,2026-09-18T14:50:40.234+00:00,True,702,702.0,,702.0,33207.86325,74935.817682,74935.81760000001,106.74617891737893,0.019010000000000003,33207.86325,1251.3635387445486,123.70496945000001,59.526325865905854,25.534952682831367,9.36801681378896,2,36,,False,True,,4439,100.0
6,2026-09-18T14:49:29.531+00:00,2026-09-18T14:50:09.265+00:00,2026-09-18T14:51:06.399+00:00,True,959,959.0,,959.0,39734.520908,96868.287052,96868.287076,101.00968412513035,0.0166,39734.520908,1281.4316499738018,127.62521079999999,59.63858678914405,25.96845120607708,9.900040861517432,2,36,,False,True,,4023,100.0
7,2026-09-18T14:49:33.121+00:00,2026-09-18T14:50:30.877+00:00,2026-09-18T14:51:10.878+00:00,True,658,658.0,,658.0,57756.254708,97757.0117,97757.011778,148.5668872006079,0.019170000000000003,57756.254708,2249.384502589806,129.3523155,60.88395280365297,28.8531699331139,6.730974981306635,2,36,,False,True,,2932,100.0
8,2026-09-18T14:49:37.086+00:00,2026-09-18T14:50:40.532+00:00,2026-09-18T14:51:37.148+00:00,True,925,925.0,,925.0,63445.721487999996,120062.238864,120062.238762,129.79701487783782,0.01839,63445.721487999996,2084.2508970760086,128.784652,61.273287203463205,27.639724146077217,7.704337423257532,2,36,,False,True,,4810,100.0
9,2026-09-18T14:49:42.467+00:00,2026-09-18T14:50:53.811+00:00,2026-09-18T14:51:50.954+00:00,True,951,951.0,,951.0,71343.88941,128486.703362,128486.70325600001,135.10694348685595,0.0178,71343.88941,2311.678804647559,127.881872,60.150330475789474,25.922025552303275,7.40154409068027,2,36,,False,True,,4770,100.0
10,2026-09-18T14:49:46.485+00:00,2026-09-18T14:51:11.791+00:00,2026-09-18T14:51:53.740+00:00,True,680,680.0,,680.0,85306.56073299999,127255.295453,127255.29539099999,187.14014028088235,42.452407,85306.56073299999,3269.0956913134482,131.8053525,61.780168954344624,26.54093752734124,5.343589023775821,2,36,,True,True,,2333,100.0
11,2026-09-18T14:49:50.669+00:00,2026-09-18T14:51:27.601+00:00,2026-09-18T14:52:11.456+00:00,True,732,732.0,,732.0,96932.670755,140787.266851,140787.266829,192.33233173360657,0.0167,96932.670755,3580.6341941875376,127.60547500000001,59.99260751846785,28.963208004325956,5.199333834463174,2,36,,True,True,,3082,100.0
12,2026-09-18T14:49:53.877+00:00,2026-09-18T14:51:34.365+00:00,2026-09-18T14:52:12.557+00:00,True,649,649.0,,649.0,100488.09276700001,138679.975007,138679.9749,213.6825499229584,0.01747,100488.09276700001,3942.291813989044,125.6200756,58.93808987654321,28.47222469929357,4.679839320473206,2,36,,True,True,,2474,100.0
13,2026-09-18T14:49:57.697+00:00,2026-09-18T14:51:47.342+00:00,2026-09-18T14:52:40.018+00:00,True,871,871.0,,871.0,109645.288834,162320.79936200002,162320.799537,186.36142311940299,0.01936,109645.288834,3713.249124411092,129.5819715,60.54656382528736,28.828938882300726,5.365917389659582,2,36,,True,True,,1694,100.0
14,2026-09-18T14:50:01.856+00:00,2026-09-18T14:52:03.801+00:00,2026-09-18T14:52:55.298+00:00,True,847,847.0,,847.0,121944.58331100001,173441.736079,173441.736076,204.7718253553719,43.283659,121944.58331100001,4188.052548207589,129.4090224,60.871338969267136,25.68053610125196,4.8834843282138545,2,36,,True,True,,3836,100.0
15,2026-09-18T14:50:05.770+00:00,2026-09-18T14:52:16.987+00:00,2026-09-18T14:53:16.664+00:00,True,973,973.0,,973.0,131216.85881,190893.570746,190893.57092600001,196.19072037615624,0.01585,131216.85881,4204.762625312755,130.39243319999997,61.39579417283951,30.639308117066445,5.097081039437722,2,36,,True,True,,5046,100.0
16,2026-09-18T14:50:09.006+00:00,2026-09-18T14:52:24.441+00:00,2026-09-18T14:53:16.330+00:00,True,852,852.0,,852.0,135435.265569,187324.30902500002,187324.30910800002,219.86421256807512,0.016050000000000002,135435.265569,4637.938357361333,129.61707504999998,60.97419912573444,29.158938242077387,4.548261805606304,2,36,,True,True,,3914,100.0
17,2026-09-18T14:50:14.375+00:00,2026-09-18T14:52:41.992+00:00,2026-09-18T14:53:24.416+00:00,True,696,696.0,,696.0,147616.89883899997,190041.19810299997,190041.19825999998,273.04769864942523,0.04829,147616.89883899997,5593.179568542709,129.92720675,61.04215721438849,31.620729588325062,3.6623637766310893,2,36,,True,True,,2919,100.0
18,2026-09-18T14:50:19.554+00:00,2026-09-18T14:53:02.047+00:00,2026-09-18T14:54:02.845+00:00,True,992,992.0,,992.0,162492.666092,223291.120364,223291.120322,225.09185516330646,0.01587,162492.666092,5157.287564736362,129.97336495,61.35060975983854,30.166990700998806,4.442630761057056,2,36,,True,True,,3647,100.0
19,2026-09-18T14:50:23.145+00:00,2026-09-18T14:53:11.802+00:00,2026-09-18T14:54:06.532+00:00,True,896,896.0,,896.0,168657.48716999998,223387.46144199997,223387.46152799999,249.3163633125,41.99855,168657.48716999998,5632.467219017378,130.5407155,61.150809242458095,25.781520018150665,4.010968181545124,2,36,,True,True,,3432,100.0
20,2026-09-18T14:50:26.975+00:00,2026-09-18T14:53:24.368+00:00,2026-09-18T14:54:01.713+00:00,True,619,619.0,,619.0,177392.747336,214738.712136,214738.711999,346.9122972520194,42.820251,177392.747336,7127.630198638634,127.0005302,60.43036375404531,24.660800706408914,2.882572936397095,2,36,,True,True,,2898,100.0
21,2026-09-18T14:50:30.121+00:00,2026-09-18T14:53:33.561+00:00,2026-09-18T14:54:29.748+00:00,True,924,924.0,,924.0,183439.662565,239626.554853,239626.554813,259.33609828246756,0.01907,183439.662565,6032.798052395122,128.50376649999998,60.87420616251354,30.855342991816556,3.8560000187242682,2,36,,True,True,,3790,100.0
22,2026-09-18T14:50:35.203+00:00,2026-09-18T14:53:55.101+00:00,2026-09-18T14:54:39.641+00:00,True,725,725.0,,725.0,199898.099746,244438.476322,244438.476309,337.15651904689656,0.01626,199898.099746,7421.8186300366415,131.582876,61.51985714917127,33.24898444595949,2.9659815054850607,2,36,,True,True,,3434,100.0
23,2026-09-18T14:50:38.764+00:00,2026-09-18T14:54:05.629+00:00,2026-09-18T14:55:02.478+00:00,True,943,943.0,,943.0,206864.658234,263714.097978,263714.097932,279.65439865535524,0.018949999999999998,206864.658234,6734.542644788117,132.03224400000002,60.34972371974523,30.2314712721427,3.575842198920547,2,36,,True,True,,4419,100.0
24,2026-09-18T14:50:44.148+00:00,2026-09-18T14:54:22.153+00:00,2026-09-18T14:55:12.779+00:00,True,824,824.0,,824.0,218005.023629,268631.430029,268631.43014,326.00901716019416,0.01616,218005.023629,7592.496853755299,134.00417885000002,61.51446707168894,33.75630043224951,3.0673998195633527,2,36,,True,True,,3750,100.0
25,2026-09-18T14:50:47.825+00:00,2026-09-18T14:54:32.656+00:00,2026-09-18T14:55:22.110+00:00,True,808,808.0,,808.0,224830.505715,274284.950003,274284.949809,339.4615715457921,41.697249000000006,224830.505715,7907.399105313026,135.2484605,61.281839266418835,26.812779110272,2.9458415417658266,2,36,,True,True,,3637,100.0
26,2026-09-18T14:50:53.241+00:00,2026-09-18T14:54:52.515+00:00,2026-09-18T14:55:41.228+00:00,True,873,873.0,,873.0,239274.568343,287987.45435899997,287987.454356,329.8825364902635,40.932002,239274.568343,8096.356119115036,128.0943808,55.86340139449541,21.91644799089418,3.0313820508018865,2,36,,True,True,,3852,100.0
27,2026-09-18T14:50:56.994+00:00,2026-09-18T14:55:05.888+00:00,2026-09-18T14:55:39.709+00:00,True,626,626.0,,626.0,248893.973883,282714.840955,282714.84114,451.6211519808307,39.41343,248893.973883,9945.659200911401,108.2376,54.1133873152,18.997009004926735,2.2142452723224424,2,36,,True,True,,2618,100.0
28,2026-09-18T14:51:00.908+00:00,2026-09-18T14:55:14.436+00:00,2026-09-18T14:55:51.841+00:00,True,787,787.0,,787.0,253528.322971,290933.023643,290933.02369999996,369.67347357052097,0.019440000000000002,253528.322971,9035.63085775408,71.01606100000001,47.58867769974555,18.29972774737596,2.705089955569008,2,36,,True,True,,2363,100.0
0,2026-09-18T14:49:03.119+00:00,2026-09-18T14:49:03.291+00:00,2026-09-18T14:49:39.484+00:00,True,731,731.0,,731.0,172.715027,36365.450259,36365.450337,49.74753808071135,12.281036,172.715027,17.7218140346187,78.948774,49.579089358904106,17.13835240382926,20.101497294649516,3,36,,False,True,,3802,100.0
1,2026-09-18T14:49:06.624+00:00,2026-09-18T14:49:06.741+00:00,2026-09-18T14:49:56.334+00:00,True,877,877.0,,877.0,117.397307,49710.350395,49710.350155,56.682269275940705,14.747995999999999,155.35977799999998,23.45007893077365,120.92463819999999,56.61296014611872,23.37342334738158,17.64220113178303,3,36,,False,True,,3755,100.0
2,2026-09-18T14:49:11.579+00:00,2026-09-18T14:49:11.749+00:00,2026-09-18T14:49:54.486+00:00,True,748,748.0,,748.0,169.900606,42907.217726,42907.217755,57.362590581550805,28.788301999999998,169.900606,23.321936899810392,124.0422125,57.21193724230255,22.970465153390528,17.432964420499882,3,36,,False,True,,3470,100.0
3,2026-09-18T14:49:14.457+00:00,2026-09-18T14:49:14.646+00:00,2026-09-18T14:50:13.012+00:00,True,998,998.0,,998.0,189.095367,58554.886343,58554.886296,58.67223075751503,0.01718,206.051255,25.334593067831104,125.3084425,58.541415221665,25.007803070925714,17.043838052284205,3,36,,False,True,,5292,100.0
4,2026-09-18T14:49:18.825+00:00,2026-09-18T14:49:42.429+00:00,2026-09-18T14:50:27.709+00:00,True,750,750.0,,750.0,23603.785438000003,68884.06755,68884.067613,91.84542348400001,0.01868,23603.785438000003,860.0650400667408,126.91023195000001,60.45431523631509,25.71968762063232,10.887858784698029,3,36,,False,True,,3168,100.0
5,2026-09-18T14:49:22.823+00:00,2026-09-18T14:49:53.621+00:00,2026-09-18T14:50:37.603+00:00,True,729,729.0,,729.0,30798.519978999997,74780.732075,74780.732101,102.57987942524005,0.02402,30798.519978999997,1138.758282508809,125.458307,60.415126505494506,26.585740175190935,9.748500446195985,3,36,,False,True,,3920,100.0
6,2026-09-18T14:49:26.968+00:00,2026-09-18T14:50:01.401+00:00,2026-09-18T14:50:58.947+00:00,True,960,960.0,,960.0,34433.355516,91978.72639600001,91978.726594,95.81117353541667,0.018789999999999998,34433.355516,1109.7110897155242,127.81824895,60.005600500521375,26.49435505926219,10.437196051909549,3,36,,False,True,,3899,100.0
7,2026-09-18T14:49:30.773+00:00,2026-09-18T14:50:13.163+00:00,2026-09-18T14:50:56.145+00:00,True,706,706.0,,706.0,42389.992474,85371.853338,85371.853401,120.92330510056657,0.0167,42389.992474,1593.3306968579313,131.80289649999997,60.967178530496454,28.626516243590984,8.269704503249331,3,36,,False,True,,3149,100.0
8,2026-09-18T14:49:35.248+00:00,2026-09-18T14:50:35.025+00:00,2026-09-18T14:51:21.674+00:00,True,771,771.0,,771.0,59777.732488,106425.85972000001,106425.859713,138.03613451750974,0.01691,59777.732488,2150.8431149184794,130.173111,60.58198341818182,28.034377158222167,7.24447988513745,3,36,,False,True,,3944,100.0
9,2026-09-18T14:49:39.364+00:00,2026-09-18T14:50:45.579+00:00,2026-09-18T14:51:32.707+00:00,True,776,776.0,,776.0,66215.219776,113342.907712,113342.907723,146.06044809664948,0.01705,66215.219776,2374.9558385659443,129.523021,60.80991991741935,26.791428649373103,6.846480434151084,3,36,,False,True,,3986,100.0
10,2026-09-18T14:49:42.908+00:00,2026-09-18T14:50:56.299+00:00,2026-09-18T14:51:55.450+00:00,True,983,983.0,,983.0,73391.60610799999,132542.24214,132542.24201,134.83442727365207,39.144529999999996,73391.60610799999,2339.0425551419157,129.1071,60.23486357637475,25.14773773600443,7.41650347940915,3,36,,False,True,,4818,100.0
11,2026-09-18T14:49:47.967+00:00,2026-09-18T14:51:20.904+00:00,2026-09-18T14:52:20.709+00:00,True,975,975.0,,975.0,92937.07273700001,152741.718369,152741.718517,156.65817283794874,0.01853,92937.07273700001,2974.5345936385897,130.6972737,61.40107354414784,28.10330890744565,6.383324807467159,3,36,,True,True,,4532,100.0
12,2026-09-18T14:49:52.394+00:00,2026-09-18T14:51:31.329+00:00,2026-09-18T14:52:30.280+00:00,True,972,972.0,,972.0,98935.737176,157886.841432,157886.84143,162.4350220473251,0.01635,98935.737176,3171.548655522163,129.12486604999998,60.71174485684861,28.811622845372256,6.15630784164258,3,36,,True,True,,4389,100.0
13,2026-09-18T14:49:56.107+00:00,2026-09-18T14:51:40.957+00:00,2026-09-18T14:52:27.135+00:00,True,765,765.0,,765.0,104850.41568600001,151027.652934,151027.65274000002,197.4217682875817,0.01743,104850.41568600001,3788.788564872253,128.20788000000002,60.4414100104712,27.41397859540735,5.065297547425368,3,36,,True,True,,3500,100.0
14,2026-09-18T14:50:00.256+00:00,2026-09-18T14:51:57.149+00:00,2026-09-18T14:52:40.649+00:00,True,713,713.0,,713.0,116893.22997300001,160393.057685,160393.05780900002,224.95520029312763,0.01638,116893.22997300001,4375.4999784809115,127.89276300000002,61.09526364044943,29.919001974120274,4.445329556596389,3,36,,True,True,,3185,100.0
15,2026-09-18T14:50:03.604+00:00,2026-09-18T14:52:12.756+00:00,2026-09-18T14:53:12.863+00:00,True,975,975.0,,975.0,129152.658287,189259.37393499998,189259.37407299998,194.11217853641025,0.01641,129152.658287,4134.334395606767,130.41897530000003,61.71120703080082,30.904492632593634,5.1516602836003145,3,36,,True,True,,4363,100.0
16,2026-09-18T14:50:07.539+00:00,2026-09-18T14:52:21.896+00:00,2026-09-18T14:53:11.382+00:00,True,819,819.0,,819.0,134357.618123,183843.403979,183843.40401199998,224.47302077167276,0.016309999999999998,134357.618123,4692.820018580126,129.837818,60.496070728606355,30.469545390118427,4.454878349040754,3,36,,True,True,,4108,100.0
17,2026-09-18T14:50:11.446+00:00,2026-09-18T14:52:33.790+00:00,2026-09-18T14:53:30.523+00:00,True,931,931.0,,931.0,142343.67834599997,199076.55053799998,199076.55068899997,213.8308815134264,0.01679,142343.67834599997,4663.224485630158,128.7909375,61.00308837849462,30.271286903434497,4.676592986386358,3,36,,True,True,,4189,100.0
18,2026-09-18T14:50:14.921+00:00,2026-09-18T14:52:43.241+00:00,2026-09-18T14:53:28.311+00:00,True,741,741.0,,741.0,148319.742461,193389.355517,193389.355701,260.98428569635627,0.018600000000000002,148319.742461,5446.514903070287,131.284967,60.90488250810811,31.404121078703067,3.8316483242784374,3,36,,True,True,,2833,100.0
19,2026-09-18T14:50:18.222+00:00,2026-09-18T14:52:57.552+00:00,2026-09-18T14:53:51.657+00:00,True,889,889.0,,889.0,159329.763308,213434.81777199998,213434.81787899998,240.08415959392576,0.01566,159329.763308,5341.791871658312,131.02824,60.92911538738739,30.437343837009116,4.165206076871989,3,36,,True,True,,4067,100.0
20,2026-09-18T14:50:23.052+00:00,2026-09-18T14:53:11.566+00:00,2026-09-18T14:54:03.064+00:00,True,842,842.0,,842.0,168513.843448,220012.429048,220012.428827,261.2974214097387,38.31135,168513.843448,5805.316215858648,128.56246844999998,61.234941260404284,25.503916829756143,3.827056515140339,3,36,,True,True,,4685,100.0
21,2026-09-18T14:50:26.931+00:00,2026-09-18T14:53:23.738+00:00,2026-09-18T14:54:21.424+00:00,True,946,946.0,,946.0,176806.368357,234492.620389,234492.620348,247.87803419450316,42.520968999999994,176806.368357,5746.542331996882,129.75471100000001,61.04365294391535,25.417890280506185,4.034242094402288,3,36,,True,True,,4118,100.0
22,2026-09-18T14:50:30.985+00:00,2026-09-18T14:53:38.665+00:00,2026-09-18T14:54:34.599+00:00,True,915,915.0,,915.0,187679.930971,243614.247003,243614.247002,266.2450786907104,0.01572,187679.930971,6202.562114300106,129.45493869999999,61.197282310722095,31.14386502057458,3.7559379685570367,3,36,,True,True,,1831,100.0
23,2026-09-18T14:50:35.731+00:00,2026-09-18T14:53:55.903+00:00,2026-09-18T14:54:38.325+00:00,True,691,691.0,,691.0,200172.494938,242594.003034,242594.003046,351.0767048422576,0.01623,200172.494938,7612.656237566663,130.7962715,61.48044651594203,33.69857410566341,2.84838038598652,3,36,,True,True,,2800,100.0
24,2026-09-18T14:50:40.145+00:00,2026-09-18T14:54:09.412+00:00,2026-09-18T14:55:03.577+00:00,True,895,895.0,,895.0,209267.448838,263432.392454,263432.392314,294.33786850726256,0.01629,209267.448838,6993.081991844536,131.8675147,60.58718525279642,30.820791817472504,3.3974561429695207,3,36,,True,True,,1783,100.0
25,2026-09-18T14:50:43.738+00:00,2026-09-18T14:54:20.183+00:00,2026-09-18T14:54:58.273+00:00,True,633,633.0,,633.0,216445.52765,254535.12253,254535.122589,402.1091984028436,0.01636,216445.52765,8600.605988794086,131.745161,60.268346329113925,33.22235203854539,2.486886657166118,3,36,,True,True,,1961,100.0
26,2026-09-18T14:50:47.269+00:00,2026-09-18T14:54:31.288+00:00,2026-09-18T14:55:21.267+00:00,True,816,816.0,,816.0,224019.220473,273998.692857,273998.692959,335.7827119595588,41.810688,224019.220473,7840.1401360598575,134.122197,61.32450599263804,26.756688123743967,2.9781163971678897,3,36,,True,True,,3005,100.0
27,2026-09-18T14:50:50.844+00:00,2026-09-18T14:54:44.882+00:00,2026-09-18T14:55:41.043+00:00,True,994,994.0,,994.0,234037.78576899998,290198.976937,290198.976988,291.95068107444666,40.061239,234037.78576899998,7421.467426899942,129.0667225,56.55709080362538,22.311598366898835,3.425236058691516,3,36,,True,True,,4093,100.0
28,2026-09-18T14:50:54.811+00:00,2026-09-18T14:54:58.223+00:00,2026-09-18T14:55:47.485+00:00,True,924,924.0,,924.0,243412.113031,292674.095495,292674.095303,316.7468563885281,0.01721,243412.113031,8005.944659070309,111.02323729999998,53.37159530227519,21.869801086736995,3.157095261325529,3,36,,True,True,,4219,100.0
29,2026-09-18T14:50:58.834+00:00,2026-09-18T14:55:09.814+00:00,2026-09-18T14:55:56.816+00:00,True,1000,1000.0,,1000.0,250980.442581,297981.85160500003,297981.85151300003,297.98185151300004,0.017219,250980.442581,7935.25639084075,97.08849055,47.048457481481485,26.952349461742497,3.355909075045228,3,36,,True,True,,5289,100.0
30,2026-09-18T14:51:01.802+00:00,2026-09-18T14:55:15.947+00:00,2026-09-18T14:55:46.824+00:00,True,635,635.0,,635.0,254144.90296200002,285022.819122,285022.819112,448.85483324724413,0.01856,254144.90296200002,10083.51078457207,54.9293123,48.703337791798106,14.690466093488462,2.2278917946152137,3,36,,True,True,,3164,100.0
0,2026-09-18T14:49:03.120+00:00,2026-09-18T14:49:03.291+00:00,2026-09-18T14:49:44.008+00:00,True,797,797.0,,797.0,171.580757,40888.685141,40888.68516,51.30324361355082,0.04314,172.41298600000002,19.858632156452636,89.3341596,51.15214118592965,19.407248085284277,19.491944953760086,4,36,,False,True,,4314,100.0
1,2026-09-18T14:49:07.544+00:00,2026-09-18T14:49:07.682+00:00,2026-09-18T14:49:59.622+00:00,True,906,906.0,,906.0,138.020923,52077.34789899999,52077.347921,57.48051646909492,0.04112,153.02797,24.37859925510752,123.394238,57.391521520441984,24.24438208865704,17.397199292043773,4,36,,False,True,,4014,100.0
2,2026-09-18T14:49:11.194+00:00,2026-09-18T14:49:11.376+00:00,2026-09-18T14:49:50.201+00:00,True,694,694.0,,694.0,181.303443,39007.198611,39007.198685,56.20633816282421,35.205451999999994,181.303443,21.747945195979412,118.2232189,56.02582275324676,21.236984805344623,17.79158782769631,4,36,,False,True,,3105,100.0
3,2026-09-18T14:49:15.050+00:00,2026-09-18T14:49:15.247+00:00,2026-09-18T14:50:11.719+00:00,True,960,960.0,,960.0,196.14876800000002,56668.92112,56668.921329,59.030126384375,0.016300000000000002,206.405176,25.78368712227763,124.769173,58.8871453096976,25.4135044633605,16.940502501664707,4,36,,False,True,,4932,100.0
4,2026-09-18T14:49:18.776+00:00,2026-09-18T14:49:42.247+00:00,2026-09-18T14:50:37.601+00:00,True,894,894.0,,894.0,23471.086282,78824.384714,78824.384681,88.17045266331097,0.01878,23471.086282,783.411134338076,131.75116115,61.98577651959687,27.8236503795556,11.341667978046603,4,36,,False,True,,4136,100.0
5,2026-09-18T14:49:22.369+00:00,2026-09-18T14:49:52.937+00:00,2026-09-18T14:50:53.414+00:00,True,987,987.0,,987.0,30567.89847,91045.19767,91045.197731,92.24437460081053,0.01786,30567.89847,971.4049733076083,128.9862211,61.3360032454361,26.83641009205864,10.84076947778678,4,36,,False,True,,3504,100.0
6,2026-09-18T14:49:26.036+00:00,2026-09-18T14:49:59.809+00:00,2026-09-18T14:50:44.329+00:00,True,749,749.0,,749.0,33772.859302000004,78293.52080600001,78293.520818,104.53073540453939,0.01694,33772.859302000004,1232.1219297341102,125.2912268,59.51960094117647,25.488278084809256,9.56656428641028,4,36,,False,True,,3773,100.0
7,2026-09-18T14:49:30.123+00:00,2026-09-18T14:50:11.022+00:00,2026-09-18T14:50:50.420+00:00,True,656,656.0,,656.0,40898.072099,80296.480035,80296.48005099999,122.40317080945121,10.547267,40898.072099,1594.6604612798524,130.65874425,60.150241123664124,25.74337748074012,8.169723002976715,4,36,,False,True,,2945,100.0
8,2026-09-18T14:49:32.628+00:00,2026-09-18T14:50:28.720+00:00,2026-09-18T14:51:07.654+00:00,True,630,630.0,,630.0,56092.102869999995,95025.892822,95025.89285999999,150.83475057142857,0.01737,56092.102869999995,2232.4956806112395,130.79821065,61.89791725278219,29.822518435979866,6.629771963101673,4,36,,False,True,,2538,100.0
9,2026-09-18T14:49:35.943+00:00,2026-09-18T14:50:36.327+00:00,2026-09-18T14:51:34.180+00:00,True,943,943.0,,943.0,60384.056533,118237.321429,118237.32142400001,125.38422208271474,0.01723,60384.056533,1964.5604198897972,130.47696120000003,61.415355515923565,26.970930758134458,7.975485139573797,4,36,,False,True,,3838,100.0
10,2026-09-18T14:49:40.310+00:00,2026-09-18T14:50:48.386+00:00,2026-09-18T14:51:34.671+00:00,True,761,761.0,,761.0,68076.305395,114360.701683,114360.70169100001,150.27687475821287,0.01719,68076.305395,2465.7045295891,128.56995600000002,60.90052143157895,27.035761060487474,6.654383794438754,4,36,,False,True,,3393,100.0
11,2026-09-18T14:49:42.859+00:00,2026-09-18T14:50:56.141+00:00,2026-09-18T14:51:32.656+00:00,True,603,603.0,,603.0,73282.462256,109797.73931199999,109797.739431,182.0858033681592,40.03127,73282.462256,2981.9302388269825,128.14419199999998,60.656606405315614,25.376636219658387,5.4919163525445835,4,36,,False,True,,2304,100.0
12,2026-09-18T14:49:46.793+00:00,2026-09-18T14:51:14.625+00:00,2026-09-18T14:51:58.123+00:00,True,695,695.0,,695.0,87832.742442,131330.351914,131330.351956,188.9645351884892,38.479618,87832.742442,3329.450236239737,129.6879667,62.67667070893372,30.75829542408819,5.291998307102015,4,36,,True,True,,3515,100.0
13,2026-09-18T14:49:51.001+00:00,2026-09-18T14:51:28.341+00:00,2026-09-18T14:52:12.918+00:00,True,745,745.0,,745.0,97340.05762800001,141916.379932,141916.379725,190.49178486577182,0.01862,97340.05762800001,3564.186675431152,127.48881820000001,59.91441169892473,29.020676301475433,5.249570207166859,4,36,,True,True,,4195,100.0
14,2026-09-18T14:49:53.954+00:00,2026-09-18T14:51:34.850+00:00,2026-09-18T14:52:22.296+00:00,True,787,787.0,,787.0,100895.805381,148342.072517,148342.072556,188.49056233290978,0.01696,100895.805381,3594.5126456825774,127.308482,60.364207552162846,29.064230996508375,5.305305410977118,4,36,,True,True,,3969,100.0
15,2026-09-18T14:49:57.495+00:00,2026-09-18T14:51:46.166+00:00,2026-09-18T14:52:29.327+00:00,True,714,714.0,,714.0,108671.172697,151832.771161,151832.771259,212.65094013865547,0.01644,108671.172697,4064.758921098919,128.65229555000002,60.53520121178121,29.64719950653681,4.702542109587729,4,36,,True,True,,2340,100.0
16,2026-09-18T14:50:01.313+00:00,2026-09-18T14:52:01.479+00:00,2026-09-18T14:52:49.243+00:00,True,790,790.0,,790.0,120165.731464,167929.170056,167929.170106,212.56856975443037,41.013449,120165.731464,4273.22624378999,128.4671825,60.536677556400505,25.3638957381052,4.704364344423042,4,36,,True,True,,4714,100.0
17,2026-09-18T14:50:04.415+00:00,2026-09-18T14:52:13.980+00:00,2026-09-18T14:53:13.733+00:00,True,970,970.0,,970.0,129564.861439,189317.924863,189317.925016,195.17311857319586,0.01559,129564.861439,4158.201992455954,131.63145755000002,61.664668136222915,29.556799368067786,5.123656413949925,4,36,,True,True,,3473,100.0
18,2026-09-18T14:50:07.289+00:00,2026-09-18T14:52:21.657+00:00,2026-09-18T14:53:08.630+00:00,True,781,781.0,,781.0,134367.75994,181340.39226,181340.39244199998,232.19000312676056,0.016579999999999998,134367.75994,4805.999869615449,129.778267,60.22132348717949,30.75563436993077,4.306817638732288,4,36,,True,True,,3686,100.0
19,2026-09-18T14:50:11.123+00:00,2026-09-18T14:52:32.434+00:00,2026-09-18T14:53:29.294+00:00,True,935,935.0,,935.0,141310.660754,198170.16693,198170.167015,211.94670268983958,0.04535,141310.660754,4619.461653781034,129.3057097,60.877415605995715,30.379305015362103,4.718167292709966,4,36,,True,True,,3066,100.0
20,2026-09-18T14:50:14.058+00:00,2026-09-18T14:52:40.197+00:00,2026-09-18T14:53:23.216+00:00,True,707,707.0,,707.0,146139.351532,189158.218988,189158.21899,267.5505219094767,0.016120000000000002,146139.351532,5493.934665755852,130.0462377,60.93324002266289,31.524428843887353,3.7376118456943774,4,36,,True,True,,2594,100.0
21,2026-09-18T14:50:18.393+00:00,2026-09-18T14:52:57.841+00:00,2026-09-18T14:53:44.401+00:00,True,765,765.0,,765.0,159448.219576,206007.700408,206007.700451,269.2911117006536,0.01654,159448.219576,5762.743051643364,128.12899979999997,60.94172883769634,31.10915362896886,3.7134534218134125,4,36,,True,True,,3141,100.0
22,2026-09-18T14:50:22.483+00:00,2026-09-18T14:53:11.183+00:00,2026-09-18T14:54:11.578+00:00,True,981,981.0,,981.0,168699.85125900002,229094.59532300002,229094.59528300003,233.53169753618758,41.997189,168699.85125900002,5384.2671780129,130.544778,61.62728986122449,26.07159888349189,4.282073955594151,4,36,,True,True,,3032,100.0
23,2026-09-18T14:50:25.053+00:00,2026-09-18T14:53:17.726+00:00,2026-09-18T14:54:03.826+00:00,True,758,758.0,,758.0,172673.37533399998,218772.90634199997,218772.906149,288.61860969525065,43.231498,172673.37533399998,6269.618630255535,129.71014345,60.89766315455746,25.33322809856512,3.464780043718235,4,36,,True,True,,3601,100.0
24,2026-09-18T14:50:29.424+00:00,2026-09-18T14:53:31.228+00:00,2026-09-18T14:54:23.748+00:00,True,864,864.0,,864.0,181803.784211,234323.931667,234323.931671,271.2082542488426,42.517239000000004,181803.784211,6183.070667576093,127.05431615000002,60.85764479258401,25.064750962965743,3.6872034104815152,4,36,,True,True,,3676,100.0
25,2026-09-18T14:50:33.650+00:00,2026-09-18T14:53:47.170+00:00,2026-09-18T14:54:24.952+00:00,True,609,609.0,,609.0,193520.251693,231301.899309,231301.899165,379.8060741625616,41.114699,193520.251693,7839.362696132546,130.6577578,62.14086778947368,26.417484981687874,2.6329226081556163,4,36,,True,True,,2510,100.0
26,2026-09-18T14:50:37.933+00:00,2026-09-18T14:54:02.791+00:00,2026-09-18T14:54:54.766+00:00,True,860,860.0,,860.0,204857.600975,256832.275407,256832.27551200002,298.642180827907,0.01595,204857.600975,6983.594288714044,132.05251,60.50602378579744,31.578643099154817,3.348488809037591,4,36,,True,True,,4218,100.0
27,2026-09-18T14:50:41.792+00:00,2026-09-18T14:54:14.224+00:00,2026-09-18T14:55:05.700+00:00,True,852,852.0,,852.0,212432.095504,263908.006416,263908.006406,309.75118122769953,0.01579,212432.095504,7275.80168996254,133.049754,60.48873197649824,32.00901541495189,3.2283976964949916,4,36,,True,True,,3735,100.0
28,2026-09-18T14:50:45.440+00:00,2026-09-18T14:54:25.563+00:00,2026-09-18T14:55:13.462+00:00,True,781,781.0,,781.0,220123.567433,268022.237513,268022.23750399996,343.1782810550576,0.01598,220123.567433,7874.5100774998255,134.323546,61.408551384615386,32.48525675468569,2.9139373182127057,4,36,,True,True,,4186,100.0
29,2026-09-18T14:50:49.368+00:00,2026-09-18T14:54:37.919+00:00,2026-09-18T14:55:27.732+00:00,True,834,834.0,,834.0,228551.284796,278364.360508,278364.360661,333.7702166199041,39.96657,228551.284796,7912.053421307859,133.736892,59.79961069867947,25.2884821245456,2.996073198731313,4,36,,True,True,,3750,100.0
30,2026-09-18T14:50:52.847+00:00,2026-09-18T14:54:49.638+00:00,2026-09-18T14:55:29.981+00:00,True,686,686.0,,686.0,236790.871829,277133.56034100003,277133.560141,403.98478154664724,42.473980000000005,236790.871829,9038.502083889984,132.52138200000002,58.8944357839416,24.511162689487605,2.475340767664186,4,36,,True,True,,3312,100.0
31,2026-09-18T14:50:56.375+00:00,2026-09-18T14:55:04.399+00:00,2026-09-18T14:55:54.260+00:00,True,994,994.0,,994.0,248023.24438800002,297884.42454800004,297884.424728,299.6825198470825,0.01812,248023.24438800002,7865.2717819853315,100.56903464999999,50.212668841893255,26.564708500109457,3.336864629657166,4,36,,True,True,,1653,100.0
32,2026-09-18T14:51:00.754+00:00,2026-09-18T14:55:14.086+00:00,2026-09-18T14:55:49.299+00:00,True,726,726.0,,726.0,253332.56753,288545.068266,288545.068353,397.44499773140495,0.019760000000000003,253332.56753,9400.268976132358,73.28958349999999,48.568966532413796,18.469964293194682,2.516071421226735,4,36,,True,True,,2910,100.0
0,2026-09-18T14:49:03.122+00:00,2026-09-18T14:49:03.291+00:00,2026-09-18T14:49:58.350+00:00,True,1000,1000.0,,1000.0,168.687418,55228.069434000005,55228.069311,55.228069311,15.285896000000001,171.67472700000002,24.315649920063258,122.64150694999998,55.11449651251251,24.06100206666312,18.106734677645115,5,36,,False,True,,4593,100.0
1,2026-09-18T14:49:09.047+00:00,2026-09-18T14:49:09.164+00:00,2026-09-18T14:49:48.351+00:00,True,712,712.0,,712.0,116.30806,39304.015964000006,39304.015938,55.2022695758427,0.038,160.404537,21.30741651625813,114.51350769999999,55.116326165963436,21.19856248052134,18.11519720153144,5,36,,False,True,,2738,100.0
2,2026-09-18T14:49:13.701+00:00,2026-09-18T14:49:13.861+00:00,2026-09-18T14:50:01.306+00:00,True,804,804.0,,804.0,160.008048,47605.305968,47605.306019999996,59.21057962686567,0.03689,163.279587,25.523441839985615,129.491881,59.085053449564136,25.289802314553473,16.888873701188768,5,36,,False,True,,4066,100.0
3,2026-09-18T14:49:17.441+00:00,2026-09-18T14:49:39.760+00:00,2026-09-18T14:50:21.436+00:00,True,680,680.0,,680.0,22318.688769,63994.803457,63994.80352,94.1100051764706,0.020149999999999998,22318.688769,853.9636637254412,127.93557854999999,61.37866669808542,27.266921630571634,10.625862777388043,5,36,,False,True,,3704,100.0
4,2026-09-18T14:49:22.926+00:00,2026-09-18T14:49:54.170+00:00,2026-09-18T14:50:42.706+00:00,True,803,803.0,,803.0,31244.307339000003,79780.19649100001,79780.196658,99.35267329763387,0.016730000000000002,31244.307339000003,1100.7722950590608,127.86367310000001,60.51856502743142,26.56882589681747,10.065154453343396,5,36,,False,True,,3865,100.0
5,2026-09-18T14:49:28.259+00:00,2026-09-18T14:50:04.271+00:00,2026-09-18T14:50:45.016+00:00,True,686,686.0,,686.0,36012.423067,76757.32725900001,76757.327179,111.89114749125365,13.530037,36012.423067,1372.9164864111633,125.24265450000001,59.48161195912409,24.97243730982513,8.9372575166049,5,36,,False,True,,3052,100.0
6,2026-09-18T14:49:32.625+00:00,2026-09-18T14:50:28.376+00:00,2026-09-18T14:51:29.063+00:00,True,977,977.0,,977.0,55750.95059,116438.36563,116438.365443,119.17949380040942,0.0161,55750.95059,1781.8735431084606,132.01468979999999,62.17972852459017,28.762700043435565,8.390705200247837,5,36,,False,True,,4550,100.0
7,2026-09-18T14:49:37.583+00:00,2026-09-18T14:50:41.294+00:00,2026-09-18T14:51:41.456+00:00,True,985,985.0,,985.0,63710.697163000004,123872.49223500001,123872.492411,125.75887554416244,0.016579999999999998,63710.697163000004,2028.233819620327,129.541584,61.14003564227642,27.797155499626367,7.951725053947769,5,36,,False,True,,2150,100.0
8,2026-09-18T14:49:41.539+00:00,2026-09-18T14:50:52.106+00:00,2026-09-18T14:51:28.396+00:00,True,605,605.0,,605.0,70566.214601,106857.009353,106857.009254,176.62315579173554,0.019579999999999997,70566.214601,2866.603301549659,127.3728374,60.08409727152318,26.411414915808614,5.661771779531978,5,36,,False,True,,2327,100.0
9,2026-09-18T14:49:47.044+00:00,2026-09-18T14:51:16.489+00:00,2026-09-18T14:52:03.137+00:00,True,764,764.0,,764.0,89445.575145,136092.92823299998,136092.928249,178.1321050379581,0.01899,89445.575145,3233.953289484994,129.8142665,61.13676682568807,29.87391405562669,5.613811165059085,5,36,,True,True,,3049,100.0
10,2026-09-18T14:49:52.912+00:00,2026-09-18T14:51:32.652+00:00,2026-09-18T14:52:26.402+00:00,True,887,887.0,,887.0,99740.200138,153490.327754,153490.327655,173.04433782976324,0.01688,99740.200138,3347.03852950881,129.6986007,60.66605825733634,29.21167044542196,5.778865762939806,5,36,,True,True,,4247,100.0
11,2026-09-18T14:49:56.385+00:00,2026-09-18T14:51:41.817+00:00,2026-09-18T14:52:24.061+00:00,True,705,705.0,,705.0,105431.925368,147675.618424,147675.61835099998,209.4689622,0.01688,105431.925368,3968.642646187926,126.5447038,60.00524581818182,29.100878619569475,4.773976960609935,5,36,,True,True,,3812,100.0
12,2026-09-18T14:50:00.924+00:00,2026-09-18T14:51:58.831+00:00,2026-09-18T14:52:57.365+00:00,True,969,969.0,,969.0,117906.76441,176441.44857,176441.448718,182.0861183880289,43.11612,117906.76441,3785.8508264314105,127.92926299999999,60.46971504132231,24.992697210528952,5.491906849855444,5,36,,True,True,,4338,100.0
13,2026-09-18T14:50:06.475+00:00,2026-09-18T14:52:19.405+00:00,2026-09-18T14:53:02.250+00:00,True,709,709.0,,709.0,132929.784856,175775.207704,175775.20769100002,247.91989801269395,40.62369,132929.784856,4990.075108762526,130.2800378,60.5161339661017,25.48374337700608,4.033560871644276,5,36,,True,True,,3045,100.0
14,2026-09-18T14:50:11.292+00:00,2026-09-18T14:52:33.295+00:00,2026-09-18T14:53:29.347+00:00,True,923,923.0,,923.0,142002.478927,198054.395471,198054.395456,214.57680981148428,0.01644,142002.478927,4672.165420446022,130.73770190000002,60.79383573101952,30.269258332762874,4.660335852708453,5,36,,True,True,,5120,100.0
15,2026-09-18T14:50:16.768+00:00,2026-09-18T14:52:52.075+00:00,2026-09-18T14:53:52.412+00:00,True,987,987.0,,987.0,155307.056687,215644.323631,215644.323804,218.48462391489363,0.01597,155307.056687,4941.6209565034715,129.44646269999998,61.19398270182556,29.95537689398827,4.5769811297648895,5,36,,True,True,,4874,100.0
16,2026-09-18T14:50:20.006+00:00,2026-09-18T14:53:04.451+00:00,2026-09-18T14:53:41.830+00:00,True,616,616.0,,616.0,164445.650715,201823.884059,201823.884079,327.6361754529221,0.01752,164445.650715,6623.332661884635,128.57675225,60.77761519349594,32.04155678935965,3.0521660152963968,5,36,,True,True,,3159,100.0
17,2026-09-18T14:50:23.234+00:00,2026-09-18T14:53:12.090+00:00,2026-09-18T14:53:50.242+00:00,True,638,638.0,,638.0,168856.384968,207008.301768,207008.301661,324.4644226661442,41.729419,168856.384968,6682.7625866583785,128.00693175,59.89311899529042,24.674144506878932,3.0820019996832033,5,36,,True,True,,2581,100.0
18,2026-09-18T14:50:27.557+00:00,2026-09-18T14:53:26.245+00:00,2026-09-18T14:54:13.624+00:00,True,773,773.0,,773.0,178687.129429,226066.721365,226066.721601,292.45371487839583,42.268989000000005,178687.129429,6424.774362041917,130.838166,61.37252841450777,25.974881675244525,3.4193444985294374,5,36,,True,True,,3702,100.0
19,2026-09-18T14:50:32.460+00:00,2026-09-18T14:53:44.248+00:00,2026-09-18T14:54:43.698+00:00,True,974,974.0,,974.0,191787.121315,251237.515939,251237.515805,257.94406140143735,0.016,191787.121315,6143.379144496822,131.6725475,61.10009724974306,31.595331735168656,3.876809545579512,5,36,,True,True,,4609,100.0
20,2026-09-18T14:50:36.018+00:00,2026-09-18T14:53:56.023+00:00,2026-09-18T14:54:34.801+00:00,True,632,632.0,,632.0,200004.757579,238783.134027,238783.134012,377.82141457594935,0.01652,200004.757579,7953.391991976444,130.20401405,61.45543018700475,34.44484223881828,2.646753099105139,5,36,,True,True,,1934,100.0
21,2026-09-18T14:50:40.099+00:00,2026-09-18T14:54:09.168+00:00,2026-09-18T14:54:55.977+00:00,True,775,775.0,,775.0,209068.992949,255878.24325300002,255878.243221,330.165475123871,0.01629,209068.992949,7507.872440839099,130.8837293,60.47706757622739,31.241455774936878,3.028784277034908,5,36,,True,True,,3869,100.0
22,2026-09-18T14:50:45.985+00:00,2026-09-18T14:54:28.051+00:00,2026-09-18T14:55:18.280+00:00,True,814,814.0,,814.0,222065.30920699998,272294.266647,272294.266609,334.5138410429975,42.786259,222065.30920699998,7781.267197679903,134.681565,61.782235473554735,27.235096176806604,2.9894129245668726,5,36,,True,True,,3639,100.0
23,2026-09-18T14:50:50.771+00:00,2026-09-18T14:54:44.695+00:00,2026-09-18T14:55:34.827+00:00,True,864,864.0,,864.0,233923.56625799998,284056.379058,284056.37912199995,328.7689573171296,39.185361,233923.56625799998,7956.3009532681635,131.50484265,58.09132421784472,23.92322575858285,3.041649699490059,5,36,,True,True,,3608,100.0
24,2026-09-18T14:50:56.235+00:00,2026-09-18T14:55:03.762+00:00,2026-09-18T14:55:53.294+00:00,True,989,989.0,,989.0,247527.10162200002,297059.49279000005,297059.492755,300.3634911577351,0.01812,247527.10162200002,7869.346385119049,104.58254199999999,50.133999157894735,24.025290800295505,3.329299429926492,5,36,,True,True,,4290,100.0
25,2026-09-18T14:51:02.018+00:00,2026-09-18T14:55:16.613+00:00,2026-09-18T14:55:57.826+00:00,True,925,925.0,,925.0,254595.51418,295807.879748,295807.879628,319.79230230054054,0.01687,254595.51418,8369.638076928255,82.72767099999999,44.602127238095235,30.53628438741498,3.1270296139102562,5,36,,True,True,,4367,100.0
0,2026-09-18T14:49:03.122+00:00,2026-09-18T14:49:03.291+00:00,2026-09-18T14:49:37.940+00:00,True,706,706.0,,706.0,168.923818,34817.857194000004,34817.857027,49.31707794192634,12.239495999999999,170.873887,17.225790796217776,75.57086375,49.147423228368794,16.637297298171067,20.276951452419123,6,36,,False,True,,3734,100.0
1,2026-09-18T14:49:05.733+00:00,2026-09-18T14:49:05.853+00:00,2026-09-18T14:49:58.660+00:00,True,936,936.0,,936.0,119.91735899999999,52926.692143,52926.692086,56.54561120299145,0.03639,163.323337,23.965244141295198,124.54883674999999,56.47783399358289,23.888146739225924,17.684838445430675,6,36,,False,True,,4025,100.0
2,2026-09-18T14:49:10.297+00:00,2026-09-18T14:49:10.432+00:00,2026-09-18T14:49:47.697+00:00,True,675,675.0,,675.0,134.800365,37400.303341000006,37400.303252,55.40785666962963,33.819012,155.125559,20.77907521098478,113.62466629999999,55.290063762611275,20.567736882149596,18.047981960083,6,36,,False,True,,4074,100.0
3,2026-09-18T14:49:14.062+00:00,2026-09-18T14:49:14.226+00:00,2026-09-18T14:49:58.823+00:00,True,761,761.0,,761.0,164.118866,44760.633682,44760.633483,58.81817803285151,31.414162,164.118866,24.680338199120477,128.439006,58.67962475789474,24.398644007319426,17.00154661362687,6,36,,False,True,,2649,100.0
4,2026-09-18T14:49:17.857+00:00,2026-09-18T14:49:40.676+00:00,2026-09-18T14:50:33.866+00:00,True,864,864.0,,864.0,22818.610567000003,76008.567943,76008.567953,87.97287957523149,0.01923,22818.610567000003,774.6845671946053,129.07284429999999,61.63378606720742,27.18263776424009,11.367139565738523,6,36,,False,True,,4585,100.0
5,2026-09-18T14:49:21.159+00:00,2026-09-18T14:49:52.050+00:00,2026-09-18T14:50:52.944+00:00,True,989,989.0,,989.0,30890.80253,91784.571234,91784.571201,92.8054309413549,0.01816,30890.80253,980.6876037428462,130.25353199999998,61.63336913360324,27.205840095409616,10.77523146541259,6,36,,False,True,,3659,100.0
6,2026-09-18T14:49:25.739+00:00,2026-09-18T14:49:59.520+00:00,2026-09-18T14:50:56.193+00:00,True,942,942.0,,942.0,33781.42329,90454.203834,90454.203976,96.02357109978769,0.01692,33781.42329,1099.0539732811988,127.20821455,60.22612172582359,28.06473855044085,10.414109682826265,6,36,,False,True,,3986,100.0
7,2026-09-18T14:49:29.649+00:00,2026-09-18T14:50:09.417+00:00,2026-09-18T14:50:53.593+00:00,True,732,732.0,,732.0,39768.81005,83944.04537800001,83944.045409,114.67765766256831,14.451986000000002,39768.81005,1467.8889362631696,129.7385179,60.43123847879617,25.71912844485704,8.7200943998327,6,36,,False,True,,4136,100.0
8,2026-09-18T14:49:33.553+00:00,2026-09-18T14:50:32.222+00:00,2026-09-18T14:51:20.741+00:00,True,794,794.0,,794.0,58669.33311,107188.268406,107188.268388,134.99781912846348,0.01669,58669.33311,2080.105521791738,130.05476865,61.18402937704918,27.392202612264626,7.407527071829763,6,36,,False,True,,3783,100.0
9,2026-09-18T14:49:36.785+00:00,2026-09-18T14:50:39.892+00:00,2026-09-18T14:51:24.901+00:00,True,747,747.0,,747.0,63106.678747,108115.537627,108115.537769,144.73298228781795,0.01569,63106.678747,2306.89579830363,128.1817167,60.3335909919571,26.382086614438307,6.9092751735385125,6,36,,False,True,,2767,100.0
10,2026-09-18T14:49:40.198+00:00,2026-09-18T14:50:48.250+00:00,2026-09-18T14:51:26.701+00:00,True,643,643.0,,643.0,68051.96264,106502.4292,106502.429261,165.63363804199068,0.01634,68051.96264,2681.475208875112,128.7829939,59.89169246105919,26.391690342246456,6.037420975558368,6,36,,False,True,,3588,100.0
11,2026-09-18T14:49:42.853+00:00,2026-09-18T14:50:55.624+00:00,2026-09-18T14:51:33.539+00:00,True,626,626.0,,626.0,72770.770309,110685.63878899999,110685.638719,176.81411935942492,39.1486,72770.770309,2906.1906866275467,131.1125135,60.663789568000006,25.34709111084237,5.655656929381269,6,36,,False,True,,3613,100.0
12,2026-09-18T14:49:45.790+00:00,2026-09-18T14:51:07.808+00:00,2026-09-18T14:51:58.877+00:00,True,834,834.0,,834.0,82017.84521,133086.975706,133086.97572,159.57670949640288,0.016239999999999997,82017.84521,2838.0777245568097,130.52005714999999,61.30747958703481,29.67119531542758,6.26657864585017,6,36,,False,True,,3937,100.0
13,2026-09-18T14:49:49.422+00:00,2026-09-18T14:51:24.524+00:00,2026-09-18T14:52:25.410+00:00,True,995,995.0,,995.0,95101.50948800001,155987.815536,155987.815681,156.7716740512563,0.01666,95101.50948800001,3013.1197716806146,129.99702729999998,61.2538290221328,29.17562413754914,6.378703340264206,6,36,,True,True,,4781,100.0
14,2026-09-18T14:49:53.425+00:00,2026-09-18T14:51:34.370+00:00,2026-09-18T14:52:17.580+00:00,True,723,723.0,,723.0,100945.156366,144155.336206,144155.336353,199.384974208852,0.0167,100945.156366,3752.0786097181312,125.875356,59.84789451523545,29.21931247898902,5.015423077830589,6,36,,True,True,,3236,100.0
15,2026-09-18T14:49:57.642+00:00,2026-09-18T14:51:46.844+00:00,2026-09-18T14:52:46.378+00:00,True,991,991.0,,991.0,109201.52554700001,168736.00618700002,168736.00619800002,170.26842199596368,0.01651,109201.52554700001,3467.106940581125,127.971326,60.13583903030303,28.428820369797815,5.873079625351178,6,36,,True,True,,5708,100.0
16,2026-09-18T14:50:00.940+00:00,2026-09-18T14:51:59.026+00:00,2026-09-18T14:52:57.660+00:00,True,970,970.0,,970.0,118085.391706,176719.47401,176719.473977,182.1850247185567,43.059419999999996,118085.391706,3789.6335659921297,127.9949935,60.50988885861713,25.09343621986955,5.488925345856964,6,36,,True,True,,4210,100.0
17,2026-09-18T14:50:04.190+00:00,2026-09-18T14:52:13.738+00:00,2026-09-18T14:53:08.929+00:00,True,903,903.0,,903.0,129548.771874,184739.080994,184739.080918,204.5836997984496,0.01611,129548.771874,4309.186197013703,129.9207151,61.1865954767184,30.691032830332496,4.88797494900025,6,36,,True,True,,5423,100.0
18,2026-09-18T14:50:08.170+00:00,2026-09-18T14:52:22.427+00:00,2026-09-18T14:53:02.692+00:00,True,670,670.0,,670.0,134257.07776,174522.690304,174522.69012699998,260.48162705522384,41.81962,134257.07776,5184.539320560081,128.691,60.18776165022422,25.200335409708828,3.8390423550824893,6,36,,True,True,,3394,100.0
19,2026-09-18T14:50:11.489+00:00,2026-09-18T14:52:33.954+00:00,2026-09-18T14:53:16.665+00:00,True,701,701.0,,701.0,142464.334314,185175.799274,185175.799256,264.1594853865906,0.016640000000000002,142464.334314,5378.594478311128,129.845136,61.01637851428571,32.05607537271672,3.785591868636937,6,36,,True,True,,2919,100.0
20,2026-09-18T14:50:15.008+00:00,2026-09-18T14:52:46.565+00:00,2026-09-18T14:53:27.849+00:00,True,673,673.0,,673.0,151557.213487,192841.063727,192841.063736,286.53947063298665,0.01577,151557.213487,5839.821731317281,131.5157024,61.43430095238096,32.191894072798746,3.4899205957126864,6,36,,True,True,,2761,100.0
21,2026-09-18T14:50:17.803+00:00,2026-09-18T14:52:56.438+00:00,2026-09-18T14:53:42.372+00:00,True,753,753.0,,753.0,158635.097509,204569.219749,204569.21957500002,271.67227035192565,0.01771,158635.097509,5778.8428932746365,130.57013419999998,61.082609361702126,31.279546391973334,3.6809056656906023,6,36,,True,True,,3021,100.0
22,2026-09-18T14:50:21.836+00:00,2026-09-18T14:53:09.276+00:00,2026-09-18T14:53:54.959+00:00,True,757,757.0,,757.0,167439.868064,213123.122336,213123.122509,281.53648944385736,39.032351999999996,167439.868064,6083.559868579915,128.91413659999998,60.427585015873014,24.835873618724595,3.5519374514725297,6,36,,True,True,,3534,100.0
23,2026-09-18T14:50:25.498+00:00,2026-09-18T14:53:21.293+00:00,2026-09-18T14:54:07.803+00:00,True,761,761.0,,761.0,175794.223941,222304.919877,222304.91977900002,292.1221022063075,42.873639000000004,175794.223941,6370.3682758877585,129.324176,61.19828412631579,25.525636176735414,3.423226082540399,6,36,,True,True,,2952,100.0
24,2026-09-18T14:50:28.954+00:00,2026-09-18T14:53:30.521+00:00,2026-09-18T14:54:19.601+00:00,True,806,806.0,,806.0,181567.562822,230647.525958,230647.52592000001,286.1631835235732,40.342119,181567.562822,6393.347096843653,130.02693374999998,60.968898305590066,25.302300866137898,3.494509627416378,6,36,,True,True,,3076,100.0
25,2026-09-18T14:50:31.812+00:00,2026-09-18T14:53:42.017+00:00,2026-09-18T14:54:40.533+00:00,True,958,958.0,,958.0,190205.175906,248720.97340999998,248720.973427,259.6252332223382,0.01771,190205.175906,6143.354099292151,130.596372,61.14503396447231,31.23262831275516,3.851705736213893,6,36,,True,True,,3386,100.0
26,2026-09-18T14:50:34.820+00:00,2026-09-18T14:53:53.760+00:00,2026-09-18T14:54:37.437+00:00,True,711,711.0,,711.0,198939.586985,242616.874409,242616.874464,341.23329741772153,0.015960000000000002,198939.586985,7458.585165615918,130.60457150000002,61.517306230985916,33.43467006031545,2.9305463675267966,6,36,,True,True,,4170,100.0
27,2026-09-18T14:50:38.461+00:00,2026-09-18T14:54:03.984+00:00,2026-09-18T14:54:43.337+00:00,True,655,655.0,,655.0,205522.183583,244875.397791,244875.397731,373.85556905496185,0.01607,205522.183583,8028.13018163207,130.4555537,60.173110409785934,32.360352271328935,2.6748297538613475,6,36,,True,True,,3621,100.0
28,2026-09-18T14:50:41.061+00:00,2026-09-18T14:54:11.705+00:00,2026-09-18T14:55:00.530+00:00,True,813,813.0,,813.0,210644.376359,259468.99075899998,259468.99076299998,319.1500501389914,0.01617,210644.376359,7385.580945782612,130.8906148,60.128835467980295,31.93085051335047,3.1333223967218915,6,36,,True,True,,3385,100.0
29,2026-09-18T14:50:43.538+00:00,2026-09-18T14:54:19.760+00:00,2026-09-18T14:55:12.316+00:00,True,857,857.0,,857.0,216222.498421,268778.362741,268778.362629,313.62702757176197,0.0165,216222.498421,7383.9960107666275,134.478294,61.39703775700934,32.953403989878396,3.1885007083915515,6,36,,True,True,,3064,100.0
30,2026-09-18T14:50:47.260+00:00,2026-09-18T14:54:30.479+00:00,2026-09-18T14:55:07.404+00:00,True,607,607.0,,607.0,223218.69782600002,260143.971938,260143.97196100003,428.57326517462934,40.72086,223218.69782600002,9057.73306621522,135.75961369999996,60.93279556435644,26.531799045963343,2.3333233342983863,6,36,,True,True,,3335,100.0
31,2026-09-18T14:50:51.180+00:00,2026-09-18T14:54:45.176+00:00,2026-09-18T14:55:25.926+00:00,True,677,677.0,,677.0,233996.244421,274746.45011700003,274746.450059,405.82932061890693,39.333531,233996.244421,8990.927379511895,134.44714800000003,60.28136937278107,26.14152055475306,2.4640900718160372,6,36,,True,True,,4071,100.0
32,2026-09-18T14:50:55.686+00:00,2026-09-18T14:55:02.642+00:00,2026-09-18T14:55:39.848+00:00,True,676,676.0,,676.0,246955.363622,284161.763366,284161.763373,420.35763812573964,39.767061999999996,246955.363622,9496.185736336643,123.42269375,55.12059221333333,20.7069507063136,2.378926678918841,6,36,,True,True,,3552,100.0
33,2026-09-18T14:50:58.959+00:00,2026-09-18T14:55:10.873+00:00,2026-09-18T14:55:55.290+00:00,True,935,935.0,,935.0,251914.233168,296330.641488,296330.641641,316.9311675304813,0.01688,251914.233168,8236.963186050452,98.59068200000002,47.55504102783726,26.32799090057893,3.1552592580536873,6,36,,True,True,,4018,100.0
34,2026-09-18T14:51:02.105+00:00,2026-09-18T14:55:17.567+00:00,2026-09-18T14:55:55.465+00:00,True,838,838.0,,838.0,255461.99012099998,293359.69021699997,293359.690257,350.07122942362764,0.01829,255461.99012099998,8823.259764603408,86.57243349999999,45.278016841099166,25.16769395617574,2.8565615111610128,6,36,,True,True,,3887,100.0
0,2026-09-18T14:49:03.122+00:00,2026-09-18T14:49:03.291+00:00,2026-09-18T14:49:35.460+00:00,True,667,667.0,,667.0,168.96198800000002,32337.651139999998,32337.651221,48.48223571364318,2.292509,172.787487,16.260514379197588,77.45851859999999,48.301335063063064,15.58658525815933,20.626111559938117,7,36,,False,True,,3011,100.0
1,2026-09-18T14:49:09.461+00:00,2026-09-18T14:49:09.608+00:00,2026-09-18T14:50:04.979+00:00,True,948,948.0,,948.0,146.325541,55518.145573,55518.145588,58.563444713080166,0.01727,169.23066500000002,24.961895165123057,123.86389915,58.47077088912355,24.811375145158237,17.075498293679292,7,36,,False,True,,4445,100.0
2,2026-09-18T14:49:13.819+00:00,2026-09-18T14:49:14.001+00:00,2026-09-18T14:49:51.855+00:00,True,672,672.0,,672.0,181.333502,38035.184894,38035.184833,56.599977430059525,31.550172,181.333502,22.002863420937405,120.28346710000001,56.41408553204173,21.48470089471376,17.66785153990423,7,36,,False,True,,3582,100.0
3,2026-09-18T14:49:17.524+00:00,2026-09-18T14:49:39.905+00:00,2026-09-18T14:50:29.768+00:00,True,818,818.0,,818.0,22380.799302,72244.043334,72244.043342,88.31790139608802,0.01695,22380.799302,780.8516969114398,127.43867885,61.032122438188495,26.795864163455047,11.322732812976804,7,36,,False,True,,4072,100.0
4,2026-09-18T14:49:21.019+00:00,2026-09-18T14:49:50.727+00:00,2026-09-18T14:50:51.129+00:00,True,983,983.0,,983.0,29707.837609000002,90110.530729,90110.530828,91.66890216480164,0.016989999999999998,29707.837609000002,945.9599999648135,130.05082190000002,61.50987079429735,27.139384192586753,10.908824884810539,7,36,,False,True,,4663,100.0
5,2026-09-18T14:49:25.445+00:00,2026-09-18T14:49:58.818+00:00,2026-09-18T14:50:38.863+00:00,True,675,675.0,,675.0,33373.571916,73418.92359600001,73418.923406,108.7687754162963,0.0176,33373.571916,1282.5089534648375,123.7202183,59.41446836795252,25.15928727361436,9.193814985824378,7,36,,False,True,,3524,100.0
6,2026-09-18T14:49:30.885+00:00,2026-09-18T14:50:18.609+00:00,2026-09-18T14:51:11.570+00:00,True,875,875.0,,875.0,47723.965184,100684.386048,100684.386169,115.06786990742857,0.016649999999999998,47723.965184,1611.5522446899213,128.510466,60.59544721281464,27.609653468104046,8.690523271233486,7,36,,False,True,,4233,100.0
7,2026-09-18T14:49:36.385+00:00,2026-09-18T14:50:37.762+00:00,2026-09-18T14:51:33.592+00:00,True,912,912.0,,912.0,61377.177384,117207.67364,117207.673503,128.51718585855264,0.01722,61377.177384,2030.5640293940924,129.691914,61.284847701427005,27.93391194830435,7.781060502925618,7,36,,False,True,,4672,100.0
8,2026-09-18T14:49:42.585+00:00,2026-09-18T14:50:54.555+00:00,2026-09-18T14:51:45.980+00:00,True,851,851.0,,851.0,71969.819598,123394.79726200001,123394.797114,144.99976159106933,38.99809,71969.819598,2465.1503943112657,129.0296515,60.49997372235294,25.396045112744584,6.896563055191868,7,36,,False,True,,3403,100.0
9,2026-09-18T14:49:46.786+00:00,2026-09-18T14:51:14.217+00:00,2026-09-18T14:52:09.954+00:00,True,912,912.0,,912.0,87430.39530599999,143168.040362,143168.04048899998,156.9825005361842,0.0169,87430.39530599999,2893.232293208991,129.62097804999996,61.182925418221735,29.336580401750375,6.370136782580878,7,36,,True,True,,3809,100.0
10,2026-09-18T14:49:50.748+00:00,2026-09-18T14:51:27.601+00:00,2026-09-18T14:52:19.921+00:00,True,860,860.0,,860.0,96852.825603,149172.713475,149172.713555,173.45664366860467,0.016640000000000002,96852.825603,3300.704405468768,126.96404254999999,60.9079020628638,29.017701375569036,5.765129425926332,7,36,,True,True,,4129,100.0
11,2026-09-18T14:49:56.967+00:00,2026-09-18T14:51:43.145+00:00,2026-09-18T14:52:30.955+00:00,True,795,795.0,,795.0,106177.16569499999,153987.072127,153987.07220599998,193.69443044779874,0.01742,106177.16569499999,3763.6935490008327,128.8649383,60.21398794962217,29.19836453980906,5.162771062653416,7,36,,True,True,,3513,100.0
12,2026-09-18T14:50:02.633+00:00,2026-09-18T14:52:06.774+00:00,2026-09-18T14:52:54.841+00:00,True,792,792.0,,792.0,124141.224412,172207.572444,172207.572408,217.43380354545454,42.81212,124141.224412,4409.080697445242,128.98186205,60.766558826801514,25.494256821939935,4.599100891788889,7,36,,True,True,,3753,100.0
13,2026-09-18T14:50:06.378+00:00,2026-09-18T14:52:18.914+00:00,2026-09-18T14:53:00.710+00:00,True,692,692.0,,692.0,132535.970371,174331.807811,174331.807846,251.92457781213872,40.99032,132535.970371,5036.028043560381,130.8458391,60.486016555716354,25.754523373393766,3.9694420007978377,7,36,,True,True,,2995,100.0
14,2026-09-18T14:50:12.638+00:00,2026-09-18T14:52:34.763+00:00,2026-09-18T14:53:11.430+00:00,True,610,610.0,,610.0,142125.334914,178792.776578,178792.776599,293.10291245737704,0.01685,142125.334914,5752.136447653747,130.3194184,60.209263816091955,31.779212316947202,3.4117709432958097,7,36,,True,True,,2894,100.0
15,2026-09-18T14:50:16.903+00:00,2026-09-18T14:52:52.607+00:00,2026-09-18T14:53:48.565+00:00,True,917,917.0,,917.0,155704.181488,211662.513648,211662.513638,230.82062555943293,0.01653,155704.181488,5139.877104964114,130.72133599999998,61.08988227074236,30.332009579767977,4.332368468065129,7,36,,True,True,,3541,100.0
16,2026-09-18T14:50:23.182+00:00,2026-09-18T14:53:11.911+00:00,2026-09-18T14:54:03.588+00:00,True,847,847.0,,847.0,168729.417842,220406.57445,220406.574585,260.2202769598583,42.415159,168729.417842,5795.569703599969,131.046152,61.08410946572104,25.757392499108665,3.8428980719544956,7,36,,True,True,,3729,100.0
17,2026-09-18T14:50:27.053+00:00,2026-09-18T14:53:24.555+00:00,2026-09-18T14:54:05.110+00:00,True,667,667.0,,667.0,177501.186687,218057.04537500002,218057.04542500002,326.92210708395805,40.130771,177501.186687,6870.5614525631745,128.4280917,60.89468271471471,25.135121598651686,3.0588326043441416,7,36,,True,True,,3399,100.0
18,2026-09-18T14:50:31.416+00:00,2026-09-18T14:53:41.377+00:00,2026-09-18T14:54:19.814+00:00,True,619,619.0,,619.0,189961.02680899997,228397.942521,228397.94251599998,368.9789055185783,43.480278,189961.02680899997,7632.724472366725,130.9386132,62.19565649190938,26.525476277912162,2.710182032148062,7,36,,True,True,,3098,100.0
19,2026-09-18T14:50:37.587+00:00,2026-09-18T14:54:02.676+00:00,2026-09-18T14:54:46.485+00:00,True,723,723.0,,723.0,205089.93405500002,248898.736103,248898.73596700002,344.2582793457815,0.01644,205089.93405500002,7625.1896556191505,130.02787300000003,60.67701114681441,32.588124860803106,2.9047957869131404,7,36,,True,True,,3897,100.0
20,2026-09-18T14:50:42.255+00:00,2026-09-18T14:54:15.561+00:00,2026-09-18T14:54:59.289+00:00,True,730,730.0,,730.0,213306.02113100002,257034.255627,257034.255658,352.1017200794521,0.01844,213306.02113100002,7892.65664093748,132.22679105,59.983860762688614,32.47139992669215,2.8400883696193127,7,36,,True,True,,2407,100.0
21,2026-09-18T14:50:47.192+00:00,2026-09-18T14:54:30.257+00:00,2026-09-18T14:55:08.121+00:00,True,621,621.0,,621.0,223064.978373,260928.36090099998,260928.360922,420.1744942383253,43.71011,223064.978373,8948.877865470493,135.144836,61.06997181935484,26.536212339421727,2.37996359558483,7,36,,True,True,,3009,100.0
22,2026-09-18T14:50:52.582+00:00,2026-09-18T14:54:49.374+00:00,2026-09-18T14:55:27.880+00:00,True,647,647.0,,647.0,236792.377997,275298.286477,275298.286622,425.49967020401857,42.173119,236792.377997,9306.959798522297,132.91076940000002,59.606669473684214,25.251916784701198,2.3501780860305286,7,36,,True,True,,3338,100.0
23,2026-09-18T14:50:56.034+00:00,2026-09-18T14:55:03.312+00:00,2026-09-18T14:55:41.687+00:00,True,707,707.0,,707.0,247278.101713,285652.705233,285652.705127,404.034943602546,41.861081,247278.101713,9297.826509066354,109.68417310000001,54.35496249291785,19.575612814725563,2.475033448128269,7,36,,True,True,,3319,100.0
24,2026-09-18T14:51:01.579+00:00,2026-09-18T14:55:15.754+00:00,2026-09-18T14:55:56.790+00:00,True,909,909.0,,909.0,254175.263664,295211.677616,295211.677714,324.76532201760176,0.01656,254175.263664,8429.023329838907,83.17587540000001,45.19428849339207,32.08288149713335,3.079146486821542,7,36,,True,True,,3485,100.0
0,2026-09-18T14:49:03.125+00:00,2026-09-18T14:49:03.291+00:00,2026-09-18T14:49:39.766+00:00,True,733,733.0,,733.0,166.218278,36640.73527,36640.735464,49.98736079672578,0.03302,172.683156,18.308326629277563,82.303373,49.82857512568306,17.808617889981132,20.005057065548346,8,36,,False,True,,3325,100.0
1,2026-09-18T14:49:06.422+00:00,2026-09-18T14:49:06.551+00:00,2026-09-18T14:49:49.570+00:00,True,791,791.0,,791.0,129.224375,43148.078518999995,43148.07869,54.548772048040455,14.263516,161.594967,21.040086367863243,110.86391650000002,54.45424575189874,20.88467884639817,18.33221842431959,8,36,,False,True,,1958,100.0
2,2026-09-18T14:49:08.939+00:00,2026-09-18T14:49:09.061+00:00,2026-09-18T14:50:02.239+00:00,True,916,916.0,,916.0,122.176376,53299.696760000006,53299.696664,58.187441772925766,0.01783,211.789794,25.326728172450707,126.40903250000001,58.11750861639344,25.25193466326279,17.185838863673112,8,36,,False,True,,4487,100.0
3,2026-09-18T14:49:12.288+00:00,2026-09-18T14:49:12.457+00:00,2026-09-18T14:49:56.149+00:00,True,755,755.0,,755.0,169.28879500000002,43861.035099,43861.035011,58.09408610728477,33.287862000000004,169.28879500000002,24.380750509202038,125.8344373,57.94661313527852,24.057610270230285,17.213456050361508,8,36,,False,True,,3389,100.0
4,2026-09-18T14:49:15.801+00:00,2026-09-18T14:49:32.593+00:00,2026-09-18T14:50:18.658+00:00,True,743,743.0,,743.0,16792.417548,62857.09415600001,62857.094329,84.5990502409152,0.01759,16792.417548,614.410355098732,131.928568,62.08177440431267,27.92048809141981,11.820463703842362,8,36,,False,True,,3501,100.0
5,2026-09-18T14:49:19.791+00:00,2026-09-18T14:49:46.978+00:00,2026-09-18T14:50:24.017+00:00,True,618,618.0,,618.0,27187.172952,64226.35964,64226.359772,103.92614849838188,0.01849,27187.172952,1091.518926030811,125.4029755,60.03109673905997,25.833261796611136,9.622217473697688,8,36,,False,True,,2785,100.0
6,2026-09-18T14:49:24.030+00:00,2026-09-18T14:49:55.859+00:00,2026-09-18T14:50:48.072+00:00,True,865,865.0,,865.0,31829.898575,84042.016335,84042.01631199999,97.15840036069365,0.0179,31829.898575,1080.5106258244073,125.645791,60.43069185185185,26.158135961606483,10.292470810695715,8,36,,False,True,,4125,100.0
7,2026-09-18T14:49:27.138+00:00,2026-09-18T14:50:01.709+00:00,2026-09-18T14:50:59.268+00:00,True,961,961.0,,961.0,34570.50122,92129.635172,92129.635186,95.86850695733611,0.0169,34570.50122,1113.5762070518717,128.125009,59.9574312,27.23949058771174,10.43095414635992,8,36,,False,True,,3232,100.0
8,2026-09-18T14:49:29.771+00:00,2026-09-18T14:50:09.750+00:00,2026-09-18T14:50:59.634+00:00,True,829,829.0,,829.0,39979.037647,89863.77620699999,89863.776197,108.4002125416164,0.01679,39979.037647,1386.6969951203982,129.3252964,60.24726879227053,26.873043366879024,9.225074162145265,8,36,,False,True,,2571,100.0
9,2026-09-18T14:49:32.904+00:00,2026-09-18T14:50:30.118+00:00,2026-09-18T14:51:29.974+00:00,True,963,963.0,,963.0,57213.985188,117070.130084,117070.130158,121.5681517736241,0.016989999999999998,57213.985188,1841.9180156300758,132.00135830000002,62.22052483991684,29.004266487943912,8.225838643119552,8,36,,False,True,,4816,100.0
10,2026-09-18T14:49:36.335+00:00,2026-09-18T14:50:37.759+00:00,2026-09-18T14:51:17.250+00:00,True,663,663.0,,663.0,61423.155105,100914.897313,100914.897317,152.20949821568627,0.017070000000000002,61423.155105,2383.3184010262007,128.6009559,59.655199709969786,27.423512111643706,6.569892232497882,8,36,,False,True,,2852,100.0
11,2026-09-18T14:49:40.741+00:00,2026-09-18T14:50:50.550+00:00,2026-09-18T14:51:37.619+00:00,True,773,773.0,,773.0,69809.13537199999,116878.39693999999,116878.39706399999,151.20103113065974,0.01613,69809.13537199999,2508.8238698265422,129.162872,60.97054607253886,28.062380575715082,6.613711517593989,8,36,,False,True,,3435,100.0
12,2026-09-18T14:49:45.335+00:00,2026-09-18T14:51:04.163+00:00,2026-09-18T14:51:53.792+00:00,True,823,823.0,,823.0,78827.706041,128456.03141699999,128456.031475,156.08266278857838,38.822719,78827.706041,2745.770148694371,129.65135189999998,60.375091698296835,24.990969071834932,6.406861483431158,8,36,,False,True,,4103,100.0
13,2026-09-18T14:49:48.413+00:00,2026-09-18T14:51:21.299+00:00,2026-09-18T14:52:09.564+00:00,True,799,799.0,,799.0,92885.78370100001,141150.899861,141150.900024,176.65944934167712,0.01714,92885.78370100001,3284.054573425617,129.0390679,60.48260170426065,29.405460921691095,5.660608616642364,8,36,,True,True,,4021,100.0
14,2026-09-18T14:49:51.217+00:00,2026-09-18T14:51:28.823+00:00,2026-09-18T14:52:28.160+00:00,True,976,976.0,,976.0,97605.97174,156942.564892,156942.56498,160.80180838114754,0.01654,97605.97174,3122.4604204550424,128.328577,60.85804425846153,27.092521265575527,6.21883553815776,8,36,,True,True,,4928,100.0
15,2026-09-18T14:49:55.130+00:00,2026-09-18T14:51:37.871+00:00,2026-09-18T14:52:19.237+00:00,True,691,691.0,,691.0,102741.750644,144107.6837,144107.683693,208.5494698885673,0.01668,102741.750644,3906.311177184977,126.3436565,59.950627617391305,29.524064121515536,4.795025374486676,8,36,,True,True,,2890,100.0
16,2026-09-18T14:49:58.645+00:00,2026-09-18T14:51:51.133+00:00,2026-09-18T14:52:29.974+00:00,True,638,638.0,,638.0,112488.447366,151329.676166,151329.67621499998,237.19384986677116,0.01675,112488.447366,4451.149129503721,129.3000448,60.97524144427001,30.28754529092467,4.215960915029981,8,36,,True,True,,2375,100.0
17,2026-09-18T14:50:02.603+00:00,2026-09-18T14:52:06.251+00:00,2026-09-18T14:52:50.064+00:00,True,722,722.0,,722.0,123648.370301,167461.126269,167461.126483,231.94061839750694,42.658909,123648.370301,4599.527103228253,129.13434734999998,60.76665182801665,25.888310584925975,4.311448370651827,8,36,,True,True,,3462,100.0
18,2026-09-18T14:50:07.029+00:00,2026-09-18T14:52:20.455+00:00,2026-09-18T14:53:06.277+00:00,True,760,760.0,,760.0,133425.989665,179248.670241,179248.670367,235.8535136407895,0.01587,133425.989665,4837.778532778488,129.67481395000001,60.37243817654809,30.99159879979328,4.239919877665923,8,36,,True,True,,3396,100.0
19,2026-09-18T14:50:10.767+00:00,2026-09-18T14:52:31.138+00:00,2026-09-18T14:53:31.086+00:00,True,982,982.0,,982.0,140370.945568,200319.261728,200319.261616,203.99110144195518,0.01644,140370.945568,4477.569235745307,129.87699805,61.10939465851172,30.303631171134782,4.902174616305203,8,36,,True,True,,4673,100.0
20,2026-09-18T14:50:14.212+00:00,2026-09-18T14:52:40.759+00:00,2026-09-18T14:53:18.549+00:00,True,619,619.0,,619.0,146546.778917,184337.424421,184337.42429599998,297.79874684329565,0.016059999999999998,146546.778917,5887.843840289138,131.2259099,61.14991181877023,32.45474680511507,3.3579724895488043,8,36,,True,True,,3092,100.0
21,2026-09-18T14:50:17.238+00:00,2026-09-18T14:52:54.443+00:00,2026-09-18T14:53:38.189+00:00,True,712,712.0,,712.0,157204.586009,200950.27228099998,200950.272075,282.2335281952247,0.01586,157204.586009,5889.272828601105,129.99302619999997,61.526984911392404,32.16365731494502,3.543165141893267,8,36,,True,True,,1671,100.0
22,2026-09-18T14:50:20.875+00:00,2026-09-18T14:53:08.735+00:00,2026-09-18T14:54:02.428+00:00,True,876,876.0,,876.0,167859.504648,221553.258504,221553.258586,252.91467875114157,42.82876,167859.504648,5669.433241817966,131.33284875,61.36429012114286,25.982178584067505,3.953902578165802,8,36,,True,True,,4494,100.0
23,2026-09-18T14:50:25.381+00:00,2026-09-18T14:53:19.035+00:00,2026-09-18T14:54:09.218+00:00,True,826,826.0,,826.0,173653.987162,223836.96853800002,223836.968441,270.989065909201,42.377071,173653.987162,6040.130819137498,129.53779075,60.827856213333334,25.153619267018083,3.6901857874284647,8,36,,True,True,,4867,100.0
24,2026-09-18T14:50:29.144+00:00,2026-09-18T14:53:30.777+00:00,2026-09-18T14:54:15.562+00:00,True,733,733.0,,733.0,181632.099634,226417.107762,226417.10773400002,308.8910064583902,41.582038999999995,181632.099634,6706.524032175029,131.2210962,61.18170509289618,25.695535771701778,3.2373878778210448,8,36,,True,True,,3562,100.0
25,2026-09-18T14:50:33.059+00:00,2026-09-18T14:53:46.222+00:00,2026-09-18T14:54:27.893+00:00,True,675,675.0,,675.0,193163.085937,234833.695345,234833.69525699998,347.9017707511111,0.01696,193163.085937,7432.546218953615,130.0395124,61.82582998219585,33.47065832562055,2.8743745611477975,8,36,,True,True,,2978,100.0
26,2026-09-18T14:50:35.577+00:00,2026-09-18T14:53:55.367+00:00,2026-09-18T14:54:56.392+00:00,True,998,998.0,,998.0,199790.026747,260815.252731,260815.252699,261.3379285561122,0.01782,199790.026747,6322.378705706233,131.92163469999997,61.20885254162487,30.490090537581356,3.826463328160177,8,36,,True,True,,3864,100.0
27,2026-09-18T14:50:38.465+00:00,2026-09-18T14:54:05.215+00:00,2026-09-18T14:54:44.981+00:00,True,658,658.0,,658.0,206749.536913,246515.65121699998,246515.65130499998,374.6438469680851,0.01687,206749.536913,8057.645621386167,130.947775,60.52681020395738,33.39610320466966,2.669201719045349,8,36,,True,True,,2073,100.0
28,2026-09-18T14:50:42.236+00:00,2026-09-18T14:54:15.154+00:00,2026-09-18T14:55:14.839+00:00,True,975,975.0,,975.0,212917.744937,272602.446633,272602.446421,279.5922527394872,0.01679,212917.744937,6816.936996851064,133.07141760000002,61.27792781930185,31.860861403653036,3.5766370113054258,8,36,,True,True,,4326,100.0
29,2026-09-18T14:50:45.382+00:00,2026-09-18T14:54:25.355+00:00,2026-09-18T14:55:03.126+00:00,True,628,628.0,,628.0,219973.27443299998,257743.564865,257743.564873,410.41968928821655,0.01642,219973.27443299998,8775.547305599599,133.619277,60.23969765869219,32.978598994584566,2.4365302789574264,8,36,,True,True,,2571,100.0
30,2026-09-18T14:50:49.631+00:00,2026-09-18T14:54:38.518+00:00,2026-09-18T14:55:23.743+00:00,True,744,744.0,,744.0,228887.082842,274112.131418,274112.131518,368.4302842983871,41.46632,228887.082842,8389.217814215184,133.9012286,60.868167666218035,26.48741140057071,2.714217704087883,8,36,,True,True,,1737,100.0
31,2026-09-18T14:50:53.631+00:00,2026-09-18T14:54:54.665+00:00,2026-09-18T14:55:39.053+00:00,True,790,790.0,,790.0,241033.79748100002,285422.293865,285422.29382900003,361.294042821519,39.67739,241033.79748100002,8573.625005576036,129.10788055,56.25918426362484,22.294503247404624,2.767828641912803,8,36,,True,True,,3577,100.0
32,2026-09-18T14:50:56.806+00:00,2026-09-18T14:55:05.652+00:00,2026-09-18T14:55:50.981+00:00,True,897,897.0,,897.0,248845.76873500002,294175.044639,294175.04449,327.9543416833891,0.01813,248845.76873500002,8307.060184620834,103.10866019999999,50.590709714285715,22.69913871732683,3.049204942250499,8,36,,True,True,,4210,100.0
33,2026-09-18T14:50:59.936+00:00,2026-09-18T14:55:12.954+00:00,2026-09-18T14:55:56.444+00:00,True,941,941.0,,941.0,253018.017303,296508.455447,296508.455414,315.0993149989373,0.017070000000000002,253018.017303,8246.690717723815,95.226076,46.26642355744681,27.953066276420053,3.1736025827034164,8,36,,True,True,,3774,100.0
34,2026-09-18T14:51:02.943+00:00,2026-09-18T14:55:21.423+00:00,2026-09-18T14:55:51.086+00:00,True,648,648.0,,648.0,258479.889197,288142.715181,288142.71525300003,444.6646840324074,0.018940000000000002,258479.889197,10152.262641102821,58.15488685,45.846717131375584,17.257554840663065,2.2488855898819153,8,36,,True,True,,2388,100.0
0,2026-09-18T14:49:03.126+00:00,2026-09-18T14:49:03.292+00:00,2026-09-18T14:49:34.811+00:00,True,656,656.0,,656.0,165.912998,31685.377446,31685.377504,48.30088034146341,1.6248,170.976157,16.087908919324416,75.76845499999999,48.121319767938935,15.428333325330703,20.703556431290494,9,36,,False,True,,2711,100.0
1,2026-09-18T14:49:07.095+00:00,2026-09-18T14:49:07.204+00:00,2026-09-18T14:49:42.247+00:00,True,665,665.0,,665.0,108.943101,35152.075517,35152.075444,52.86026382556391,14.267695999999999,157.175808,18.472551197117788,91.25583479999999,52.7758018313253,18.357520649802918,18.917801871425695,9,36,,False,True,,3285,100.0
2,2026-09-18T14:49:11.323+00:00,2026-09-18T14:49:11.506+00:00,2026-09-18T14:50:04.106+00:00,True,896,896.0,,896.0,182.831563,52783.061963,52783.062119,58.90966754352679,0.02028,182.831563,25.52762368826696,127.2067175,58.77120715083799,25.203010521915353,16.975142530156365,9,36,,False,True,,4034,100.0
3,2026-09-18T14:49:15.641+00:00,2026-09-18T14:49:15.749+00:00,2026-09-18T14:50:04.324+00:00,True,821,821.0,,821.0,108.273761,48682.757473,48682.757322,59.296902950060904,0.01713,207.467306,25.910053495302655,129.459396,59.23717525853658,25.8692523523779,16.86428712373854,9,36,,False,True,,3688,100.0
4,2026-09-18T14:49:20.166+00:00,2026-09-18T14:49:47.877+00:00,2026-09-18T14:50:36.075+00:00,True,787,787.0,,787.0,27711.316133,75909.401509,75909.401456,96.45413145616264,0.019370000000000002,27711.316133,985.9936906255451,129.1487654,61.32071930788804,27.309705340596736,10.367622249092443,9,36,,False,True,,3714,100.0
5,2026-09-18T14:49:23.845+00:00,2026-09-18T14:49:55.476+00:00,2026-09-18T14:50:51.130+00:00,True,918,918.0,,918.0,31631.077366999998,87285.012727,87285.012874,95.08171337037037,0.01783,31631.077366999998,1042.3195962124162,128.95386735000002,60.691314460196295,26.697428392956883,10.517269475244445,9,36,,False,True,,1449,100.0
6,2026-09-18T14:49:27.820+00:00,2026-09-18T14:50:02.993+00:00,2026-09-18T14:50:55.473+00:00,True,874,874.0,,874.0,35172.94695400001,87653.75361000001,87653.75345500001,100.29033576086957,0.0167,35172.94695400001,1188.0239155813674,127.84619330000001,60.115471541809846,27.357591623597656,9.971050457105461,9,36,,False,True,,3581,100.0
7,2026-09-18T14:49:33.053+00:00,2026-09-18T14:50:30.731+00:00,2026-09-18T14:51:21.506+00:00,True,827,827.0,,827.0,57678.452281000005,108453.07884100001,108453.07903800001,131.1403615937122,0.01709,57678.452281000005,2003.742174208837,131.357985,61.47049220338983,28.5675776521306,7.625417450918487,9,36,,False,True,,3620,100.0
8,2026-09-18T14:49:38.536+00:00,2026-09-18T14:50:43.916+00:00,2026-09-18T14:51:27.173+00:00,True,719,719.0,,719.0,65380.203950999996,108637.625263,108637.62524899999,151.09544540890124,0.01598,65380.203950999996,2436.1799355112335,128.62991599999998,60.247104891364906,27.64162189191317,6.618333181155041,9,36,,False,True,,3682,100.0
9,2026-09-18T14:49:43.520+00:00,2026-09-18T14:50:57.212+00:00,2026-09-18T14:51:36.492+00:00,True,649,649.0,,649.0,73692.030585,112972.043129,112972.043168,174.07094478890602,38.23087,73692.030585,2890.395554641327,128.14880259999998,60.61730330864198,25.20879490940743,5.744784125563905,9,36,,False,True,,3123,100.0
10,2026-09-18T14:49:49.533+00:00,2026-09-18T14:51:25.009+00:00,2026-09-18T14:52:04.691+00:00,True,658,658.0,,658.0,95476.06459000001,135158.47329400002,135158.4733,205.40801413373862,0.0169,95476.06459000001,3719.8111520244065,127.44815165,60.39940442009132,30.05710644032492,4.868359222796948,9,36,,True,True,,3479,100.0
11,2026-09-18T14:49:53.336+00:00,2026-09-18T14:51:33.040+00:00,2026-09-18T14:52:19.969+00:00,True,782,782.0,,782.0,99704.0289,146633.402084,146633.402028,187.51074428132992,0.01623,99704.0289,3563.3759383208503,126.67131245,60.08882609987196,28.76022386183889,5.333027733694848,9,36,,True,True,,3636,100.0
12,2026-09-18T14:49:57.536+00:00,2026-09-18T14:51:46.419+00:00,2026-09-18T14:52:40.603+00:00,True,896,896.0,,896.0,108882.995433,163066.710505,163066.710492,181.99409653125,0.022629999999999997,108882.995433,3635.6169081291937,128.48388425000002,60.540463767597764,28.78792607722881,5.494683723153455,9,36,,True,True,,1792,100.0
13,2026-09-18T14:50:04.090+00:00,2026-09-18T14:52:13.299+00:00,2026-09-18T14:52:52.815+00:00,True,652,652.0,,652.0,129208.62067,168725.094014,168725.09386300002,258.7808188082822,39.641031000000005,129208.62067,5057.888503366721,127.88009644999998,60.70118793241167,25.78535726868666,3.8642740358817056,9,36,,True,True,,2051,100.0
14,2026-09-18T14:50:09.427+00:00,2026-09-18T14:52:26.297+00:00,2026-09-18T14:53:11.058+00:00,True,744,744.0,,744.0,136869.806414,181631.409998,181631.409929,244.1282391518817,0.016390000000000002,136869.806414,5015.776431353205,130.1315645,60.24441935935397,30.816082788678315,4.096207809035851,9,36,,True,True,,2029,100.0
15,2026-09-18T14:50:15.304+00:00,2026-09-18T14:52:47.601+00:00,2026-09-18T14:53:26.065+00:00,True,624,624.0,,624.0,152297.26272799997,190760.89434399997,190760.89448599998,305.70656167628204,0.01548,152297.26272799997,6094.386214650832,132.4223675,61.73937659069021,32.756497840404606,3.271110686211913,9,36,,True,True,,1603,100.0
16,2026-09-18T14:50:19.352+00:00,2026-09-18T14:53:01.894+00:00,2026-09-18T14:54:02.286+00:00,True,988,988.0,,988.0,162541.71417,222933.99448999998,222933.994626,225.64169496558705,0.016399999999999998,162541.71417,5169.282001059082,130.295943,61.18772068895643,30.150165318678553,4.4318050383487755,9,36,,True,True,,4326,100.0
17,2026-09-18T14:50:24.726+00:00,2026-09-18T14:53:16.826+00:00,2026-09-18T14:54:11.197+00:00,True,890,890.0,,890.0,172100.57370500002,226471.180297,226471.18042500003,254.4620004775281,38.805538999999996,172100.57370500002,5766.831047785405,128.41472405000002,61.15928750506186,25.603724680071434,3.9298598560436324,9,36,,True,True,,2331,100.0
18,2026-09-18T14:50:30.944+00:00,2026-09-18T14:53:38.358+00:00,2026-09-18T14:54:37.734+00:00,True,971,971.0,,971.0,187414.82559,246790.16895,246790.168988,254.16083314933059,0.016829999999999998,187414.82559,6012.545043398789,130.60062200000002,61.21169418556701,31.311882065083378,3.9345165333418364,9,36,,True,True,,4361,100.0
19,2026-09-18T14:50:36.604+00:00,2026-09-18T14:53:59.022+00:00,2026-09-18T14:54:42.507+00:00,True,714,714.0,,714.0,202418.71769,245903.453434,245903.453376,344.4025957647059,0.01634,202418.71769,7573.120387756957,131.53381315,60.98840917812062,33.206833683748044,2.903578579434779,9,36,,True,True,,3622,100.0
20,2026-09-18T14:50:42.989+00:00,2026-09-18T14:54:17.370+00:00,2026-09-18T14:54:55.978+00:00,True,646,646.0,,646.0,214381.172488,252989.31968800002,252989.31952400002,391.624333628483,0.016,214381.172488,8432.421401841959,130.6738855,59.85759255813953,32.37412567572828,2.5534674775863335,9,36,,True,True,,3097,100.0
21,2026-09-18T14:50:48.525+00:00,2026-09-18T14:54:34.906+00:00,2026-09-18T14:55:31.271+00:00,True,954,954.0,,954.0,226380.380728,282745.28108,282745.281136,296.3787014004193,42.991479,226380.380728,7327.461826977386,132.82111335000002,59.14470131374606,24.603804498807353,3.374061616010048,9,36,,True,True,,3968,100.0
22,2026-09-18T14:50:52.940+00:00,2026-09-18T14:54:52.009+00:00,2026-09-18T14:55:36.057+00:00,True,770,770.0,,770.0,239069.109414,283117.188518,283117.188587,367.6846605025974,43.227089,239069.109414,8613.41891619148,129.90150505,57.27968674122236,22.92149537494951,2.7197218368500606,9,36,,True,True,,2943,100.0
23,2026-09-18T14:50:57.019+00:00,2026-09-18T14:55:06.235+00:00,2026-09-18T14:55:46.610+00:00,True,776,776.0,,776.0,249216.53780199998,289591.921866,289591.921699,373.18546610695876,0.01835,249216.53780199998,8944.50486557567,101.2964755,52.097269759999996,20.173185100971963,2.679632757018239,9,36,,True,True,,3944,100.0
24,2026-09-18T14:51:01.076+00:00,2026-09-18T14:55:14.689+00:00,2026-09-18T14:55:50.356+00:00,True,744,744.0,,744.0,253612.781182,289280.33318200003,289280.333219,388.8176521760753,0.019620000000000002,253612.781182,9296.150806215333,60.82805650000001,48.004780619111706,16.752052961718352,2.571899692648356,9,36,,True,True,,3134,100.0
0,2026-09-18T14:49:03.128+00:00,2026-09-18T14:49:03.439+00:00,2026-09-18T14:49:52.589+00:00,True,920,920.0,,920.0,311.672028,49461.613788,49461.613718,53.76262360652174,0.041159999999999995,311.672028,23.70969784909372,113.16169289999999,53.481982328618066,22.141017742761633,18.600282715061823,10,36,,False,True,,4132,100.0
1,2026-09-18T14:49:06.692+00:00,2026-09-18T14:49:06.810+00:00,2026-09-18T14:49:51.910+00:00,True,821,821.0,,821.0,118.205029,45217.615460999994,45217.615315,55.07626713154689,1.48902,154.715709,21.256290803762088,115.69031,54.99928101463415,21.154424851821982,18.156640761123484,10,36,,False,True,,4078,100.0
2,2026-09-18T14:49:09.773+00:00,2026-09-18T14:49:09.907+00:00,2026-09-18T14:49:46.788+00:00,True,673,673.0,,673.0,133.942354,37015.201618,37015.201605,55.00029956166419,1.38912,156.871308,20.79343010359282,106.9097744,54.88282628571428,20.584218834063027,18.181719147322678,10,36,,False,True,,2737,100.0
3,2026-09-18T14:49:12.731+00:00,2026-09-18T14:49:12.855+00:00,2026-09-18T14:50:09.846+00:00,True,971,971.0,,971.0,123.90819599999999,57115.416419999994,57115.416223,58.82123194953656,0.01829,200.78894699999998,25.214995238566548,124.959892,58.75413218969072,25.14111472132349,17.000663933879448,10,36,,False,True,,3632,100.0
4,2026-09-18T14:49:17.425+00:00,2026-09-18T14:49:39.375+00:00,2026-09-18T14:50:41.596+00:00,True,995,995.0,,995.0,21949.883535999998,84170.722448,84170.722353,84.59369080703517,0.018690000000000002,21949.883535999998,694.4312294480469,133.691942,62.596417416498994,27.836514157901195,11.821212543526675,10,36,,False,True,,5119,100.0
5,2026-09-18T14:49:21.143+00:00,2026-09-18T14:49:52.048+00:00,2026-09-18T14:50:35.931+00:00,True,722,722.0,,722.0,30905.452715,74788.30020299999,74788.300342,103.58490352077563,0.01798,30905.452715,1148.2396665948188,126.5137975,60.863866141470176,27.249485607332378,9.653916428642649,10,36,,False,True,,2916,100.0
6,2026-09-18T14:49:25.082+00:00,2026-09-18T14:49:57.673+00:00,2026-09-18T14:50:55.299+00:00,True,956,956.0,,956.0,32590.491254,90216.35135,90216.351375,94.36856838389122,0.01652,32590.491254,1052.4785939577637,127.52549625,60.341214760209425,28.2330885407284,10.596748656916283,10,36,,False,True,,4793,100.0
7,2026-09-18T14:49:28.312+00:00,2026-09-18T14:50:04.880+00:00,2026-09-18T14:50:45.067+00:00,True,677,677.0,,677.0,36568.393670000005,76754.848454,76754.848389,113.37496069276219,13.572036,36568.393670000005,1403.3703961855238,124.80421900000002,59.447418319526626,24.73104222137429,8.82028970985114,10,36,,False,True,,2473,100.0
8,2026-09-18T14:49:31.191+00:00,2026-09-18T14:50:19.890+00:00,2026-09-18T14:51:19.692+00:00,True,982,982.0,,982.0,48699.58833,108501.47249,108501.47244,110.49029780040733,0.01905,48699.58833,1552.3527167966163,129.29234350000002,60.96012656472987,26.834784785054243,9.050568415930998,10,36,,False,True,,4584,100.0
9,2026-09-18T14:49:34.598+00:00,2026-09-18T14:50:33.252+00:00,2026-09-18T14:51:27.651+00:00,True,886,886.0,,886.0,58654.34544,113053.5416,113053.541483,127.5999339537246,0.01652,58654.34544,1968.6717058941713,131.3250515,61.468018259887,28.459848857234984,7.8369946439608045,10,36,,False,True,,4065,100.0
10,2026-09-18T14:49:38.158+00:00,2026-09-18T14:50:42.891+00:00,2026-09-18T14:51:20.472+00:00,True,631,631.0,,631.0,64733.460527999996,102314.704688,102314.704767,162.14691722187004,0.01623,64733.460527999996,2574.773143136483,127.96699750000002,59.65276850793651,27.768696093099454,6.167246457136156,10,36,,False,True,,3360,100.0
11,2026-09-18T14:49:41.369+00:00,2026-09-18T14:50:51.311+00:00,2026-09-18T14:51:28.395+00:00,True,618,618.0,,618.0,69941.80468,107026.25088800001,107026.250888,173.18163574110034,0.01632,69941.80468,2811.1955239328113,128.28285085000002,60.104450904376016,28.206916278221158,5.774284298220628,10,36,,False,True,,3251,100.0
12,2026-09-18T14:49:44.077+00:00,2026-09-18T14:50:59.118+00:00,2026-09-18T14:51:41.406+00:00,True,694,694.0,,694.0,75040.88431299999,117328.78293699998,117328.78290199999,169.061646832853,43.599389,75040.88431299999,2846.3099124102027,127.82656814999999,61.021498735930734,25.407923853922302,5.91500212162471,10,36,,False,True,,2698,100.0
13,2026-09-18T14:49:47.816+00:00,2026-09-18T14:51:20.011+00:00,2026-09-18T14:52:09.393+00:00,True,816,816.0,,816.0,92195.237169,141577.082673,141577.082701,173.50132683946077,0.01685,92195.237169,3225.486793353958,128.810939,60.591221477300614,28.87037520475185,5.763644684533525,10,36,,True,True,,1860,100.0
14,2026-09-18T14:49:51.642+00:00,2026-09-18T14:51:29.876+00:00,2026-09-18T14:52:12.553+00:00,True,718,718.0,,718.0,98233.516938,140911.070602,140911.07062,196.25497300835656,0.01578,98233.516938,3663.931685098891,127.14742184999999,59.522390047419805,28.50745165824544,5.095412283311466,10,36,,True,True,,3265,100.0
15,2026-09-18T14:49:54.473+00:00,2026-09-18T14:51:35.507+00:00,2026-09-18T14:52:20.273+00:00,True,745,745.0,,745.0,101033.410116,145799.2697,145799.26986,195.7037179328859,0.01657,101033.410116,3699.487251352171,126.8124696,60.169166107526884,29.053754308354073,5.109764963383764,10,36,,True,True,,3372,100.0
16,2026-09-18T14:49:57.161+00:00,2026-09-18T14:51:43.764+00:00,2026-09-18T14:52:35.165+00:00,True,850,850.0,,850.0,106603.87966400001,158004.199664,158004.199736,185.88729380705882,0.017,106603.87966400001,3654.519641205625,127.15138689999999,60.54219081272085,28.795568642659372,5.379603844755689,10,36,,True,True,,3011,100.0
17,2026-09-18T14:50:00.056+00:00,2026-09-18T14:51:55.615+00:00,2026-09-18T14:52:40.247+00:00,True,733,733.0,,733.0,115558.43995,160190.249486,160190.249361,218.5405857585266,0.02,115558.43995,4266.086868616829,130.1643,60.972417398907105,27.817235877058636,4.575809091701685,10,36,,True,True,,3475,100.0
18,2026-09-18T14:50:04.477+00:00,2026-09-18T14:52:14.203+00:00,2026-09-18T14:53:12.240+00:00,True,944,944.0,,944.0,129726.117268,187763.46152399998,187763.461643,198.90197207944917,0.01675,129726.117268,4220.336127212697,131.83545840000002,61.54543399363733,31.00585395815359,5.027602241340963,10,36,,True,True,,4427,100.0
19,2026-09-18T14:50:08.383+00:00,2026-09-18T14:52:23.200+00:00,2026-09-18T14:53:17.277+00:00,True,890,890.0,,890.0,134816.16999599998,188893.57799599998,188893.57789599997,212.23997516404492,0.01567,134816.16999599998,4517.115245382224,130.82490435,60.82948031496063,30.95822714486046,4.7116477407127455,10,36,,True,True,,3664,100.0
20,2026-09-18T14:50:13.143+00:00,2026-09-18T14:52:36.031+00:00,2026-09-18T14:53:33.381+00:00,True,944,944.0,,944.0,142887.802676,200238.21521999998,200238.215058,212.11675323940676,0.0174,142887.802676,4648.722671430487,130.65030299999998,60.81698042841993,30.54428485316261,4.714384808927884,10,36,,True,True,,4824,100.0
21,2026-09-18T14:50:17.665+00:00,2026-09-18T14:52:55.466+00:00,2026-09-18T14:53:47.007+00:00,True,846,846.0,,846.0,157800.19630799998,209341.711572,209341.711624,247.44883170685577,0.01595,157800.19630799998,5423.27297982865,131.29631874999998,60.995876052071004,30.83512816497916,4.041239529605311,10,36,,True,True,,3832,100.0
22,2026-09-18T14:50:20.539+00:00,2026-09-18T14:53:07.275+00:00,2026-09-18T14:53:50.517+00:00,True,712,712.0,,712.0,166735.155729,209977.393169,209977.393079,294.91206893117976,42.641838,166735.155729,6246.436764855858,129.21138299999998,60.81889935302391,25.48241766059726,3.3908412198781224,10,36,,True,True,,3569,100.0
23,2026-09-18T14:50:23.973+00:00,2026-09-18T14:53:14.147+00:00,2026-09-18T14:53:53.617+00:00,True,662,662.0,,662.0,170174.041005,209644.263853,209644.263825,316.6831779833837,41.749249000000006,170174.041005,6611.725152273192,125.44575460000001,59.7128938698941,24.148242404181715,3.157730089215254,10,36,,True,True,,3513,100.0
24,2026-09-18T14:50:28.743+00:00,2026-09-18T14:53:29.578+00:00,2026-09-18T14:54:28.257+00:00,True,964,964.0,,964.0,180834.479961,239513.419609,239513.419571,248.4579041192946,0.01613,180834.479961,5822.404655353866,129.756255,60.933478346832814,30.682921538740118,4.024826673902895,10,36,,True,True,,5115,100.0
25,2026-09-18T14:50:31.658+00:00,2026-09-18T14:53:41.728+00:00,2026-09-18T14:54:33.007+00:00,True,835,835.0,,835.0,190070.181779,241349.867155,241349.86721,289.0417571377246,0.01584,190070.181779,6575.597835439716,131.375411,61.48643330455636,31.589589255594124,3.4597077257297397,10,36,,True,True,,4197,100.0
26,2026-09-18T14:50:36.240+00:00,2026-09-18T14:53:57.582+00:00,2026-09-18T14:54:46.484+00:00,True,801,801.0,,801.0,201341.97384999998,250244.35260199997,250244.352566,312.4149220549313,0.01579,201341.97384999998,7111.983303607398,131.67797700000003,61.12797344,32.5307515032992,3.2008714349448155,10,36,,True,True,,2768,100.0
27,2026-09-18T14:50:38.916+00:00,2026-09-18T14:54:05.818+00:00,2026-09-18T14:54:41.827+00:00,True,603,603.0,,603.0,206901.19067500002,242910.55925100003,242910.55936200003,402.8367485273632,0.01799,206901.19067500002,8423.293087552007,130.63249180000003,59.81622687043189,32.12518727848051,2.4823951740069017,10,36,,True,True,,3036,100.0
28,2026-09-18T14:50:41.670+00:00,2026-09-18T14:54:13.724+00:00,2026-09-18T14:55:10.713+00:00,True,938,938.0,,938.0,212054.103373,269042.715469,269042.715388,286.82592258848615,0.016280000000000003,212054.103373,6921.897728225487,133.2700945,60.82029039060833,31.515659364250677,3.486435224105072,10,36,,True,True,,4209,100.0
29,2026-09-18T14:50:45.715+00:00,2026-09-18T14:54:26.960+00:00,2026-09-18T14:55:08.411+00:00,True,679,679.0,,679.0,221245.734532,262696.23258,262696.232654,386.8869405802651,43.379919,221245.734532,8488.32870267117,135.4031699,61.13642779941003,27.00022972996065,2.58473444149307,10,36,,True,True,,2757,100.0
30,2026-09-18T14:50:48.751+00:00,2026-09-18T14:54:36.013+00:00,2026-09-18T14:55:32.720+00:00,True,966,966.0,,966.0,227261.934335,283969.305855,283969.305838,293.9640847184265,40.93208,227261.934335,7310.182650161918,132.77577275000002,58.76411556476684,24.33847824156434,3.4017761077785558,10,36,,True,True,,3253,100.0
31,2026-09-18T14:50:51.585+00:00,2026-09-18T14:54:46.759+00:00,2026-09-18T14:55:39.664+00:00,True,937,937.0,,937.0,235174.076189,288079.71561300004,288079.71551,307.44900267876204,40.836110999999995,235174.076189,7680.987428778075,126.10684399999998,56.52311904273504,22.104629662184234,3.252571941784146,10,36,,True,True,,4018,100.0
32,2026-09-18T14:50:56.117+00:00,2026-09-18T14:55:03.317+00:00,2026-09-18T14:55:40.899+00:00,True,690,690.0,,690.0,247200.661795,284782.809379,284782.80941,412.7287092898551,41.525209000000004,247200.661795,9408.712697926905,114.87938695000001,54.54593263280116,19.829122161851153,2.422899055966968,10,36,,True,True,,1538,100.0
33,2026-09-18T14:51:00.644+00:00,2026-09-18T14:55:13.790+00:00,2026-09-18T14:55:52.247+00:00,True,809,809.0,,809.0,253145.7175,291602.500092,291602.50031,360.4480844375773,0.01874,253145.7175,8898.477007173233,77.80914039999999,47.59502796039604,19.29695143698268,2.7743246362591614,10,36,,True,True,,4403,100.0
0,2026-09-18T14:49:03.129+00:00,2026-09-18T14:49:03.441+00:00,2026-09-18T14:49:37.012+00:00,True,691,691.0,,691.0,312.103298,33883.423874,33883.423892,49.035345719247466,2.3567489999999998,312.103298,18.525428948860668,76.71271300000001,48.65408779130435,15.591711589210286,20.393452638363083,11,36,,False,True,,3071,100.0
1,2026-09-18T14:49:07.718+00:00,2026-09-18T14:49:07.882+00:00,2026-09-18T14:50:01.554+00:00,True,932,932.0,,932.0,163.97440799999998,53836.014856,53836.014785,57.76396436158798,0.022109999999999998,206.459626,25.37521233007003,125.6313535,57.64988232867884,25.148580695169176,17.311831169021403,11,36,,False,True,,4007,100.0
2,2026-09-18T14:49:12.183+00:00,2026-09-18T14:49:12.342+00:00,2026-09-18T14:49:57.505+00:00,True,776,776.0,,776.0,159.542728,45322.241224,45322.241215,58.404950019329895,31.871353,159.542728,24.52403499391745,126.08201675000001,58.274449672258065,24.268758166715973,17.12183641062031,11,36,,False,True,,3259,100.0
3,2026-09-18T14:49:17.791+00:00,2026-09-18T14:49:40.031+00:00,2026-09-18T14:50:24.295+00:00,True,725,725.0,,725.0,22239.154662999998,66503.382247,66503.38235,91.72880324137931,0.01891,22239.154662999998,824.0988953560542,127.0005304,61.138435889502766,26.57639458608522,10.901701169231961,11,36,,False,True,,3405,100.0
4,2026-09-18T14:49:23.129+00:00,2026-09-18T14:49:54.906+00:00,2026-09-18T14:50:54.799+00:00,True,985,985.0,,985.0,31776.720981,91670.032213,91670.032181,93.06602251878172,0.01696,31776.720981,1010.9287201721293,127.86936880000002,60.86718621138211,27.64177555614908,10.745060040028156,11,36,,False,True,,2864,100.0
5,2026-09-18T14:49:28.929+00:00,2026-09-18T14:50:07.015+00:00,2026-09-18T14:50:56.963+00:00,True,831,831.0,,831.0,38086.155998999995,88034.287839,88034.28786,105.93777119133573,0.01622,38086.155998999995,1319.4008474679247,129.128906,60.17847209638554,27.882882163405924,9.439503861492696,11,36,,False,True,,3451,100.0
6,2026-09-18T14:49:32.677+00:00,2026-09-18T14:50:29.233+00:00,2026-09-18T14:51:14.632+00:00,True,745,745.0,,745.0,56555.64102,101954.375612,101954.375692,136.85151099597317,0.016390000000000002,56555.64102,2069.997378186909,128.9881108,61.019804559139786,28.402548167701227,7.307190059553596,11,36,,False,True,,3894,100.0
7,2026-09-18T14:49:36.289+00:00,2026-09-18T14:50:37.597+00:00,2026-09-18T14:51:28.873+00:00,True,842,842.0,,842.0,61307.856893,112584.197373,112584.19741,133.71044823040378,0.01721,61307.856893,2110.87948385376,128.45209405,60.9706783353151,26.993597650737204,7.478847117507886,11,36,,False,True,,2700,100.0
8,2026-09-18T14:49:39.644+00:00,2026-09-18T14:50:46.290+00:00,2026-09-18T14:51:28.159+00:00,True,696,696.0,,696.0,66646.754754,108515.23629,108515.23623299999,155.91269573706896,0.016190000000000003,66646.754754,2524.107686227506,128.68162875,60.242419476258995,27.76120481530251,6.413845868979953,11,36,,False,True,,3523,100.0
9,2026-09-18T14:49:44.084+00:00,2026-09-18T14:50:59.436+00:00,2026-09-18T14:51:57.396+00:00,True,963,963.0,,963.0,75352.469714,133312.093138,133312.093234,138.43415704465212,38.901659,75352.469714,2426.390319997111,130.12569009999999,60.2490887983368,25.362435702628332,7.223650738145235,11,36,,False,True,,4133,100.0
10,2026-09-18T14:49:47.682+00:00,2026-09-18T14:51:19.865+00:00,2026-09-18T14:52:14.810+00:00,True,900,900.0,,900.0,92182.681584,147128.154608,147128.154636,163.47572737333334,0.01694,92182.681584,3070.8437149389483,130.2062855,61.11843495439378,27.716443198587587,6.1171160774626,11,36,,True,True,,4401,100.0
11,2026-09-18T14:49:52.971+00:00,2026-09-18T14:51:32.937+00:00,2026-09-18T14:52:29.375+00:00,True,935,935.0,,935.0,99965.40341,156403.91221,156403.912278,167.27691152727272,0.01714,99965.40341,3267.367381457602,129.0363293,60.426668950749466,28.62674712921429,5.978111332308597,11,36,,True,True,,4005,100.0
12,2026-09-18T14:49:58.459+00:00,2026-09-18T14:51:50.407+00:00,2026-09-18T14:52:43.884+00:00,True,883,883.0,,883.0,111947.851508,165424.048884,165424.049044,187.34320390033974,0.01642,111947.851508,3765.4176886686396,128.8857159,60.630609269841266,29.176863167578954,5.337797049201622,11,36,,True,True,,4319,100.0
13,2026-09-18T14:50:03.492+00:00,2026-09-18T14:52:11.624+00:00,2026-09-18T14:52:59.335+00:00,True,781,781.0,,781.0,128132.026595,175843.317475,175843.317414,225.15149476824584,40.748830000000005,128132.026595,4582.8110668892095,130.184656,61.16832164102564,26.314019777414938,4.441453967171863,11,36,,True,True,,3435,100.0
14,2026-09-18T14:50:09.302+00:00,2026-09-18T14:52:26.064+00:00,2026-09-18T14:53:13.997+00:00,True,787,787.0,,787.0,136762.20675299998,184695.78550499998,184695.78533099996,234.68333587166453,0.01662,136762.20675299998,4872.975329959974,131.3328707,60.98419688549618,31.70423573733867,4.261060954088174,11,36,,True,True,,4164,100.0
15,2026-09-18T14:50:14.011+00:00,2026-09-18T14:52:40.014+00:00,2026-09-18T14:53:39.964+00:00,True,992,992.0,,992.0,146003.187868,205953.06742,205953.067492,207.6139793266129,0.01607,146003.187868,4633.7803921693885,129.31762595,60.4943285085772,29.723925558746746,4.816631344349025,11,36,,True,True,,3539,100.0
16,2026-09-18T14:50:19.205+00:00,2026-09-18T14:53:00.870+00:00,2026-09-18T14:53:57.413+00:00,True,928,928.0,,928.0,161665.43133899997,218208.43063499997,218208.43056599997,235.1383950064655,0.0161,161665.43133899997,5305.003102361427,130.19600685,60.99568424595469,28.71058087771428,4.252814601614901,11,36,,True,True,,4429,100.0
17,2026-09-18T14:50:23.691+00:00,2026-09-18T14:53:13.276+00:00,2026-09-18T14:54:12.739+00:00,True,973,973.0,,973.0,169584.91639,229048.70775,229048.70787399999,235.40463296402876,42.057789,169584.91639,5434.742016973528,130.084978,61.176740082304526,25.642474257967038,4.248004756534148,11,36,,True,True,,4924,100.0
18,2026-09-18T14:50:27.526+00:00,2026-09-18T14:53:25.860+00:00,2026-09-18T14:54:19.077+00:00,True,873,873.0,,873.0,178333.054279,231550.389319,231550.389203,265.2352682737686,42.623438,178333.054279,6033.647200851807,130.4009666,61.02905394495413,25.374541272292888,3.7702376686453944,11,36,,True,True,,4263,100.0
19,2026-09-18T14:50:30.914+00:00,2026-09-18T14:53:36.450+00:00,2026-09-18T14:54:16.400+00:00,True,648,648.0,,648.0,185535.500379,225485.83612300002,225485.83597400002,347.971969095679,43.010589,185535.500379,7286.143382554357,132.83169915,61.74704133539413,25.975770001949066,2.8737946965614425,11,36,,True,True,,2945,100.0
20,2026-09-18T14:50:36.798+00:00,2026-09-18T14:54:00.397+00:00,2026-09-18T14:54:46.811+00:00,True,760,760.0,,760.0,203599.498323,250012.85435500002,250012.85437000002,328.96428206578946,0.016300000000000002,203599.498323,7383.18049916904,130.997154,61.15066670882741,31.85710092326454,3.03984369907979,11,36,,True,True,,3459,100.0
21,2026-09-18T14:50:42.863+00:00,2026-09-18T14:54:16.647+00:00,2026-09-18T14:55:16.903+00:00,True,985,985.0,,985.0,213783.964025,274040.065657,274040.065682,278.2132646517766,0.018449999999999998,213783.964025,6809.843293286815,133.6981054,61.23587564227642,31.098903844345937,3.5943649248459426,11,36,,True,True,,4662,100.0
22,2026-09-18T14:50:46.292+00:00,2026-09-18T14:54:29.468+00:00,2026-09-18T14:55:10.764+00:00,True,675,675.0,,675.0,223175.55993000002,264472.049658,264472.04965,391.81044392592594,42.46781,223175.55993000002,8587.715058671387,135.2664117,61.270756272997026,26.898793369019113,2.55225457991826,11,36,,True,True,,3347,100.0
23,2026-09-18T14:50:50.313+00:00,2026-09-18T14:54:42.825+00:00,2026-09-18T14:55:31.368+00:00,True,824,824.0,,824.0,232511.304631,281054.253495,281054.253487,341.0852590861651,42.240449999999996,232511.304631,8097.896781431651,130.90079350000002,58.98292693074119,24.30906665496417,2.9318182868727125,11,36,,True,True,,4299,100.0
24,2026-09-18T14:50:55.470+00:00,2026-09-18T14:55:02.324+00:00,2026-09-18T14:55:50.303+00:00,True,928,928.0,,928.0,246853.361957,294832.822565,294832.822782,317.7077831702586,0.01742,246853.361957,8101.695794553866,110.04862295000001,51.75777843365696,24.24126539284206,3.1475464364060404,11,36,,True,True,,4452,100.0
25,2026-09-18T14:51:00.975+00:00,2026-09-18T14:55:14.592+00:00,2026-09-18T14:55:49.337+00:00,True,719,719.0,,719.0,253616.93877,288362.61147400003,288362.61141,401.06065564673156,0.01805,253616.93877,9456.526325359479,67.68235399999999,48.39230181615599,16.989860620074403,2.4933884331423735,11,36,,True,True,,3399,100.0
0,2026-09-18T14:49:03.131+00:00,2026-09-18T14:49:03.441+00:00,2026-09-18T14:49:48.042+00:00,True,853,853.0,,853.0,310.277588,44910.598611999994,44910.598488,52.650174077373975,0.03565,310.277588,22.72566717111749,100.8702596,52.34779462910798,20.95181407008017,18.993289476486307,12,36,,False,True,,3704,100.0
1,2026-09-18T14:49:07.205+00:00,2026-09-18T14:49:07.316+00:00,2026-09-18T14:50:00.824+00:00,True,932,932.0,,932.0,111.272351,53618.753439,53618.753374,57.53085125965665,10.429837,159.69541800000002,23.952586817417743,122.34793990000001,57.47312683995703,23.900515164385066,17.38197813681552,12,36,,False,True,,4568,100.0
2,2026-09-18T14:49:11.525+00:00,2026-09-18T14:49:11.690+00:00,2026-09-18T14:50:09.615+00:00,True,989,989.0,,989.0,164.909915,58089.690203,58089.690265,58.73578388776542,0.01598,217.527343,25.56193252853928,125.376509,58.62832012955466,25.350379304160512,17.025396357664235,12,36,,False,True,,4449,100.0
3,2026-09-18T14:49:14.946+00:00,2026-09-18T14:49:15.095+00:00,2026-09-18T14:49:56.920+00:00,True,718,718.0,,718.0,148.822779,41974.497275,41974.497131,58.46030241086351,35.297381,163.429897,24.338360233155957,126.0889025,58.3342740529986,24.119763594755057,17.105624762959117,12,36,,False,True,,3399,100.0
4,2026-09-18T14:49:19.329+00:00,2026-09-18T14:49:44.763+00:00,2026-09-18T14:50:27.274+00:00,True,704,704.0,,704.0,25434.454984,67945.034952,67945.03506,96.51283389204545,0.01677,25434.454984,956.6868690334994,127.4087948,60.47024177524893,26.581789029160284,10.36131632719511,12,36,,False,True,,2362,100.0
5,2026-09-18T14:49:25.454+00:00,2026-09-18T14:49:58.947+00:00,2026-09-18T14:50:39.712+00:00,True,689,689.0,,689.0,33492.713509,74257.945125,74257.944987,107.77640781857765,0.019030000000000002,33492.713509,1273.9517970901616,120.24606039999999,59.25179013953488,24.65990192961267,9.278468436477626,12,36,,False,True,,2783,100.0
6,2026-09-18T14:49:31.377+00:00,2026-09-18T14:50:21.687+00:00,2026-09-18T14:51:08.164+00:00,True,758,758.0,,758.0,50310.028212,96787.275188,96787.275127,127.68769805672822,0.01687,50310.028212,1825.340959838497,129.63781915,61.39662744517834,28.898690833734545,7.831608013839192,12,36,,False,True,,3198,100.0
7,2026-09-18T14:49:37.285+00:00,2026-09-18T14:50:40.661+00:00,2026-09-18T14:51:25.466+00:00,True,746,746.0,,746.0,63375.958868,108180.785748,108180.785933,145.01445835522787,0.01748,63375.958868,2318.317736996826,127.21981200000002,60.14070722147651,27.334141050906315,6.895864130047621,12,36,,False,True,,3273,100.0
8,2026-09-18T14:49:43.337+00:00,2026-09-18T14:50:57.092+00:00,2026-09-18T14:51:41.818+00:00,True,734,734.0,,734.0,73755.272735,118481.36835100001,118481.36824000001,161.4187578201635,39.96304,73755.272735,2720.2239667613944,128.38797785,61.01786577899045,25.50251427441801,6.1950668718268975,12,36,,False,True,,2886,100.0
9,2026-09-18T14:49:46.719+00:00,2026-09-18T14:51:13.708+00:00,2026-09-18T14:52:01.291+00:00,True,773,773.0,,773.0,86988.69485500001,134572.017479,134572.017644,174.09057909961192,0.01682,86988.69485500001,3126.698538535263,132.1221136,61.63642826943005,30.601348327190568,5.744136221489187,12,36,,True,True,,3301,100.0
10,2026-09-18T14:49:50.374+00:00,2026-09-18T14:51:26.801+00:00,2026-09-18T14:52:04.422+00:00,True,627,627.0,,627.0,96427.402286,134048.508206,134048.50805499998,213.79347377192983,0.01676,96427.402286,3848.657707807145,130.584397,60.09761329073483,30.195556344063156,4.67741124754968,12,36,,True,True,,2472,100.0
11,2026-09-18T14:49:55.121+00:00,2026-09-18T14:51:37.776+00:00,2026-09-18T14:52:14.760+00:00,True,625,625.0,,625.0,102654.653727,139638.295327,139638.295245,223.421272392,0.01767,102654.653727,4103.916773868898,127.30915639999999,59.268656410256405,28.868007662140805,4.47584954067505,12,36,,True,True,,3204,100.0
12,2026-09-18T14:49:58.856+00:00,2026-09-18T14:51:51.416+00:00,2026-09-18T14:52:31.736+00:00,True,665,665.0,,665.0,112560.31024699999,152880.12848699998,152880.12832199998,229.89492980751876,0.01795,112560.31024699999,4362.634406046925,128.5925058,60.7226178313253,27.654097216843223,4.34981319404469,12,36,,True,True,,3606,100.0
13,2026-09-18T14:50:03.132+00:00,2026-09-18T14:52:10.471+00:00,2026-09-18T14:53:02.254+00:00,True,845,845.0,,845.0,127339.10476999999,179121.15379399998,179121.15380899998,211.9776968153846,41.338919000000004,127339.10476999999,4378.567018070488,131.01892,61.35313865402844,26.360081662654125,4.7174774285554255,12,36,,True,True,,4481,100.0
14,2026-09-18T14:50:09.266+00:00,2026-09-18T14:52:25.926+00:00,2026-09-18T14:53:21.129+00:00,True,909,909.0,,909.0,136659.658411,191863.25188300002,191863.251897,211.07068415511552,0.02141,136659.658411,4530.80294625544,130.77473759999998,60.796909110132155,30.81884029869815,4.737749366170008,12,36,,True,True,,4681,100.0
15,2026-09-18T14:50:14.940+00:00,2026-09-18T14:52:44.035+00:00,2026-09-18T14:53:31.280+00:00,True,770,770.0,,770.0,149095.824246,196340.60223000002,196340.602364,254.9877952779221,0.01805,149095.824246,5370.917785030921,131.31800105,61.43664237191157,31.33070187703669,3.9217563318767654,12,36,,True,True,,2518,100.0
16,2026-09-18T14:50:19.996+00:00,2026-09-18T14:53:04.079+00:00,2026-09-18T14:53:44.062+00:00,True,658,658.0,,658.0,164082.98613,204066.338962,204066.338896,310.1312141276596,0.016190000000000003,164082.98613,6394.328031705026,129.27932335,60.857462453576865,31.955350083277747,3.22444163670976,12,36,,True,True,,3172,100.0
17,2026-09-18T14:50:24.186+00:00,2026-09-18T14:53:15.227+00:00,2026-09-18T14:54:14.997+00:00,True,977,977.0,,977.0,171040.74180000002,230810.91677600003,230810.91680500002,236.2445412538383,42.49592,171040.74180000002,5470.180388735922,131.0076326,61.23993337704918,25.951896573807225,4.232902037940303,12,36,,True,True,,3026,100.0
18,2026-09-18T14:50:30.155+00:00,2026-09-18T14:53:33.709+00:00,2026-09-18T14:54:24.554+00:00,True,837,837.0,,837.0,183554.18025600002,234398.34000000003,234398.340006,280.0458064587814,37.58683,183554.18025600002,6342.507557059445,126.0880112,60.81837289952153,24.981154434025452,3.5708444010311675,12,36,,True,True,,4628,100.0
19,2026-09-18T14:50:34.805+00:00,2026-09-18T14:53:51.892+00:00,2026-09-18T14:54:35.109+00:00,True,705,705.0,,705.0,197087.950557,240304.145885,240304.14578,340.85694436879436,0.01611,197087.950557,7420.522802166809,130.4993462,61.386641090909094,32.96361762117388,2.933782092704239,12,36,,True,True,,3533,100.0
20,2026-09-18T14:50:38.368+00:00,2026-09-18T14:54:03.772+00:00,2026-09-18T14:54:58.064+00:00,True,899,899.0,,899.0,205404.363393,259695.889537,259695.889433,288.8719571001112,0.016309999999999998,205404.363393,6848.6745442161,131.64601,60.4582696481069,31.393010456144708,3.4617413529447316,12,36,,True,True,,3729,100.0
21,2026-09-18T14:50:43.504+00:00,2026-09-18T14:54:19.231+00:00,2026-09-18T14:55:11.013+00:00,True,846,846.0,,846.0,215727.310558,267509.245662,267509.245562,316.20478198817966,0.016239999999999997,215727.310558,7414.81990488594,134.011507,61.280396572781065,32.01898555917914,3.162507515979196,12,36,,True,True,,3109,100.0
22,2026-09-18T14:50:47.456+00:00,2026-09-18T14:54:31.469+00:00,2026-09-18T14:55:15.570+00:00,True,714,714.0,,714.0,224013.195177,268113.383593,268113.383677,375.5089407240896,42.275040000000004,224013.195177,8381.213310973657,134.64618615,61.85159665638149,27.459422972527907,2.6630524386050882,12,36,,True,True,,3159,100.0
23,2026-09-18T14:50:52.270+00:00,2026-09-18T14:54:48.053+00:00,2026-09-18T14:55:29.427+00:00,True,700,700.0,,700.0,235783.262322,277156.75813,277156.7583,395.93822614285716,41.60183,235783.262322,8909.56686447564,132.60203644999999,59.189550512160224,24.765441253568987,2.5256465139907074,12,36,,True,True,,3183,100.0
24,2026-09-18T14:50:55.732+00:00,2026-09-18T14:55:02.882+00:00,2026-09-18T14:55:41.689+00:00,True,712,712.0,,712.0,247149.820673,285957.008897,285957.00894800003,401.62501256741575,40.628619,247149.820673,9260.307097067585,114.33535189999999,54.58113674261603,19.962054138412572,2.489884765358062,12,36,,True,True,,2823,100.0
25,2026-09-18T14:50:59.807+00:00,2026-09-18T14:55:12.631+00:00,2026-09-18T14:55:45.660+00:00,True,657,657.0,,657.0,252823.257252,285852.66678800003,285852.666797,435.0877729025875,10.105647000000001,252823.257252,9861.619629962039,56.39574,50.34970965853658,13.532199301987532,2.298386813677194,12,36,,True,True,,3917,100.0
0,2026-09-18T14:49:03.132+00:00,2026-09-18T14:49:03.440+00:00,2026-09-18T14:49:32.396+00:00,True,616,616.0,,616.0,307.771369,29264.296681,29264.296553,47.5069749237013,0.02876,307.771369,17.053044577885824,74.080804,47.08378099512195,13.445400866137692,21.04954056182533,13,36,,False,True,,2448,100.0
1,2026-09-18T14:49:07.529+00:00,2026-09-18T14:49:07.683+00:00,2026-09-18T14:49:54.722+00:00,True,836,836.0,,836.0,153.792459,47192.302027,47192.302253,56.45012231220096,16.827786,157.083718,23.05506768765194,120.18522475,56.33354439281437,22.821009603016225,17.71475355285067,13,36,,False,True,,2510,100.0
2,2026-09-18T14:49:11.783+00:00,2026-09-18T14:49:11.915+00:00,2026-09-18T14:49:53.044+00:00,True,726,726.0,,726.0,132.457204,41260.985843999995,41260.985869,56.833313869146004,28.948002,159.15620800000002,22.539803689528053,123.42855100000001,56.72900502068966,22.379332934324275,17.59531395456398,13,36,,False,True,,3360,100.0
3,2026-09-18T14:49:16.073+00:00,2026-09-18T14:49:32.815+00:00,2026-09-18T14:50:23.673+00:00,True,829,829.0,,829.0,16741.925762,67600.29657800001,67600.296594,81.54438672376357,0.01755,16741.925762,579.9625974551716,128.0836142,61.42315315942029,26.929572647764314,12.263259807499004,13,36,,False,True,,3387,100.0
4,2026-09-18T14:49:20.245+00:00,2026-09-18T14:49:48.208+00:00,2026-09-18T14:50:33.522+00:00,True,749,749.0,,749.0,27962.893437,73276.20722899999,73276.207035,97.83205211615487,0.01939,27962.893437,1019.8639543396721,125.4240206,60.57929651336899,26.178324552893528,10.221598910806804,13,36,,False,True,,2500,100.0
5,2026-09-18T14:49:23.865+00:00,2026-09-18T14:49:55.749+00:00,2026-09-18T14:50:35.884+00:00,True,675,675.0,,675.0,31884.138361,72019.907705,72019.907566,106.69615935703703,0.019190000000000002,31884.138361,1225.2025534470445,125.914217,59.54861920474777,25.906826105779885,9.372408567431945,13,36,,False,True,,2512,100.0
6,2026-09-18T14:49:27.008+00:00,2026-09-18T14:50:01.553+00:00,2026-09-18T14:50:37.409+00:00,True,611,611.0,,611.0,34544.935476000006,70400.75192400001,70400.75192800001,115.22217991489363,13.685936,34544.935476000006,1395.365099769741,122.005718,58.78002696393443,23.91314810851159,8.678884575829462,13,36,,False,True,,2667,100.0
7,2026-09-18T14:49:30.943+00:00,2026-09-18T14:50:18.814+00:00,2026-09-18T14:50:57.793+00:00,True,622,622.0,,622.0,47870.672685000005,86849.81252500002,86849.812437,139.62992353215435,0.0169,47870.672685000005,1917.1396987737446,131.81908300000003,62.76834112721417,28.892603273746513,7.161788631621458,13,36,,False,True,,3224,100.0
8,2026-09-18T14:49:35.118+00:00,2026-09-18T14:50:34.171+00:00,2026-09-18T14:51:35.152+00:00,True,989,989.0,,989.0,59053.025949,120034.606749,120034.606724,121.36967312841254,0.01791,59053.025949,1876.026407126372,131.6996316,61.722247773279356,28.222346179625756,8.239290541169197,13,36,,False,True,,4093,100.0
9,2026-09-18T14:49:38.733+00:00,2026-09-18T14:50:44.577+00:00,2026-09-18T14:51:34.177+00:00,True,813,813.0,,813.0,65843.746599,115443.459367,115443.459421,141.99687505658056,0.01581,65843.746599,2307.2691941043254,130.01994460000003,61.08339010837439,28.063833474860974,7.042408504196293,13,36,,False,True,,3708,100.0
10,2026-09-18T14:49:42.702+00:00,2026-09-18T14:50:55.471+00:00,2026-09-18T14:51:38.796+00:00,True,713,713.0,,713.0,72768.97243099999,116093.413007,116093.41299999999,162.82386115007012,40.93148,72768.97243099999,2723.0598535121503,129.2110278,60.84893339325843,25.49975385046237,6.14160598376937,13,36,,False,True,,3564,100.0
11,2026-09-18T14:49:45.298+00:00,2026-09-18T14:51:03.124+00:00,2026-09-18T14:51:54.632+00:00,True,855,855.0,,855.0,77825.590912,129334.018176,129334.018357,151.2678577274854,37.47586,77825.590912,2659.6342269333104,130.57300500000002,60.31431763934426,25.05534273615011,6.610789736977792,13,36,,False,True,,4313,100.0
12,2026-09-18T14:49:49.076+00:00,2026-09-18T14:51:24.384+00:00,2026-09-18T14:52:22.249+00:00,True,942,942.0,,942.0,95308.575253,153173.73928500002,153173.73921,162.60481869426752,0.017,95308.575253,3103.4583249161424,130.29683745,61.493266771519664,29.567217005839698,6.149879244295815,13,36,,True,True,,4861,100.0
13,2026-09-18T14:49:52.783+00:00,2026-09-18T14:51:31.895+00:00,2026-09-18T14:52:16.113+00:00,True,738,738.0,,738.0,99111.942333,143329.54412500001,143329.544086,194.21347437127372,0.019370000000000002,99111.942333,3646.2673195018383,127.80599515,59.99674598643148,28.955497707434322,5.14897332929754,13,36,,True,True,,3081,100.0
14,2026-09-18T14:49:55.906+00:00,2026-09-18T14:51:40.137+00:00,2026-09-18T14:52:33.117+00:00,True,878,878.0,,878.0,104230.890098,157210.992754,157210.99267500002,179.05580031321185,0.016460000000000002,104230.890098,3515.70407195256,128.55481835,60.410607361459526,29.14518689782523,5.584851190233709,13,36,,True,True,,4690,100.0
15,2026-09-18T14:49:59.200+00:00,2026-09-18T14:51:53.916+00:00,2026-09-18T14:52:36.036+00:00,True,685,685.0,,685.0,114715.525618,156835.349234,156835.349218,228.95671418686132,0.016370000000000003,114715.525618,4380.805335759115,129.356793,61.57868949707603,30.092376224942416,4.367637801972645,13,36,,True,True,,3226,100.0
16,2026-09-18T14:50:02.318+00:00,2026-09-18T14:52:05.296+00:00,2026-09-18T14:53:00.108+00:00,True,897,897.0,,897.0,122977.821514,177790.12128999998,177790.12119499999,198.2052633166109,40.898019999999995,122977.821514,4104.14837754909,129.4479388,61.17444171428571,25.79723851243875,5.045274695194513,13,36,,True,True,,4983,100.0
17,2026-09-18T14:50:05.454+00:00,2026-09-18T14:52:16.444+00:00,2026-09-18T14:52:57.653+00:00,True,681,681.0,,681.0,130989.66301100001,172199.079715,172199.07968300002,252.8620847033774,41.22611,130989.66301100001,5017.277105501912,129.254586,60.60208338823529,25.476958814462968,3.954724967909797,13,36,,True,True,,1971,100.0
18,2026-09-18T14:50:09.367+00:00,2026-09-18T14:52:26.297+00:00,2026-09-18T14:53:10.842+00:00,True,741,741.0,,741.0,136930.422528,181474.978816,181474.97895,244.90550465587043,0.01611,136930.422528,5028.147317140852,128.612307,60.195346335135135,30.74757447645139,4.083207529955467,13,36,,True,True,,4185,100.0
19,2026-09-18T14:50:12.190+00:00,2026-09-18T14:52:34.647+00:00,2026-09-18T14:53:12.554+00:00,True,625,625.0,,625.0,142456.87843900002,180364.469095,180364.46910000002,288.58315056000004,0.01576,142456.87843900002,5695.935845957453,130.23405620000003,60.749344,32.16658462499636,3.4652057754834487,13,36,,True,True,,2825,100.0
20,2026-09-18T14:50:16.149+00:00,2026-09-18T14:52:51.517+00:00,2026-09-18T14:53:32.529+00:00,True,659,659.0,,659.0,155368.09976399998,196379.68965199997,196379.689804,297.99649439150227,0.01581,155368.09976399998,6049.943409146138,130.74996090000002,62.32764420668693,32.927119095818554,3.355744176843334,13,36,,True,True,,2686,100.0
21,2026-09-18T14:50:19.182+00:00,2026-09-18T14:53:00.299+00:00,2026-09-18T14:53:59.873+00:00,True,977,977.0,,977.0,161117.100081,220690.557233,220690.557092,225.88593356397135,0.016079999999999997,161117.100081,5152.726953591466,130.94847679999998,61.0383782295082,29.965168842896052,4.427013154751818,13,36,,True,True,,4785,100.0
22,2026-09-18T14:50:22.152+00:00,2026-09-18T14:53:10.325+00:00,2026-09-18T14:53:49.614+00:00,True,650,650.0,,650.0,168172.531236,207461.898276,207461.898124,319.17215096,42.111619,168172.531236,6593.944397147769,129.8453785,60.53831593220339,25.578078806041404,3.1331054299679786,13,36,,True,True,,1127,100.0
23,2026-09-18T14:50:25.338+00:00,2026-09-18T14:53:18.729+00:00,2026-09-18T14:54:05.054+00:00,True,764,764.0,,764.0,173390.873361,219715.161105,219715.161044,287.58528932460734,40.924428999999996,173390.873361,6270.916325444164,129.77920429999998,60.71335222018348,25.361977857294324,3.4772293188947985,13,36,,True,True,,3776,100.0
24,2026-09-18T14:50:28.852+00:00,2026-09-18T14:53:29.883+00:00,2026-09-18T14:54:22.303+00:00,True,860,860.0,,860.0,181030.855921,233450.294769,233450.29466500002,271.453831005814,42.756048,181030.855921,6171.073223561669,129.7295014,61.02379376949942,25.631233425381232,3.6838676980509852,13,36,,True,True,,5118,100.0
25,2026-09-18T14:50:32.543+00:00,2026-09-18T14:53:44.586+00:00,2026-09-18T14:54:32.956+00:00,True,789,789.0,,789.0,192043.501667,240413.296739,240413.296734,304.7063329961977,0.01679,192043.501667,6834.820499300496,131.28674339999998,61.382988670050764,32.27089360461443,3.2818484281115383,13,36,,True,True,,2864,100.0
26,2026-09-18T14:50:36.871+00:00,2026-09-18T14:54:00.724+00:00,2026-09-18T14:54:37.444+00:00,True,603,603.0,,603.0,203852.788448,240573.415904,240573.415877,398.9608886849088,0.01704,203852.788448,8299.108482263093,128.94466400000002,60.99772002657808,32.924923562662734,2.506511360509696,13,36,,True,True,,2850,100.0
27,2026-09-18T14:50:41.100+00:00,2026-09-18T14:54:12.140+00:00,2026-09-18T14:55:05.497+00:00,True,885,885.0,,885.0,211039.353439,264396.68924700003,264396.689399,298.75332135480227,0.016030000000000003,211039.353439,7092.047530535088,132.2014802,60.35897715837104,30.663521518702844,3.347243123658144,13,36,,True,True,,4267,100.0
28,2026-09-18T14:50:44.097+00:00,2026-09-18T14:54:21.989+00:00,2026-09-18T14:55:14.335+00:00,True,850,850.0,,850.0,217892.35517899998,270238.03556299995,270238.035515,317.92710060588234,0.01629,217892.35517899998,7471.60130736148,134.3342495,61.655689498233215,32.350825028118805,3.145375143913972,13,36,,True,True,,3806,100.0
29,2026-09-18T14:50:48.602+00:00,2026-09-18T14:54:34.953+00:00,2026-09-18T14:55:27.634+00:00,True,880,880.0,,880.0,226350.887976,279031.67108,279031.671057,317.08144438295454,42.21529,226350.887976,7628.308989317297,133.415066,59.93263151763367,25.460540217619744,3.153763859829728,13,36,,True,True,,4342,100.0
30,2026-09-18T14:50:51.267+00:00,2026-09-18T14:54:46.337+00:00,2026-09-18T14:55:40.946+00:00,True,969,969.0,,969.0,235069.266122,289678.59041,289678.590413,298.9459137389061,39.58513,235069.266122,7549.732936282364,126.3807866,56.414591206611576,22.140965427117557,3.3450866998093107,13,36,,True,True,,3478,100.0
31,2026-09-18T14:50:54.636+00:00,2026-09-18T14:54:57.026+00:00,2026-09-18T14:55:34.445+00:00,True,656,656.0,,656.0,242389.832207,279808.635919,279808.635936,426.5375547804878,42.001589,242389.832207,9461.529556629841,128.64209474999998,57.12794459847328,22.63898571926269,2.3444594475986835,13,36,,True,True,,3308,100.0
32,2026-09-18T14:50:58.419+00:00,2026-09-18T14:55:08.834+00:00,2026-09-18T14:55:42.691+00:00,True,647,647.0,,647.0,250414.82358000003,284272.31298800005,284272.31306500005,439.36988108964454,39.64127,250414.82358000003,9842.774983128167,99.8259557,52.410974315789474,15.947191891071622,2.275986687550932,13,36,,True,True,,2978,100.0
33,2026-09-18T14:51:02.246+00:00,2026-09-18T14:55:18.088+00:00,2026-09-18T14:55:51.961+00:00,True,732,732.0,,732.0,255841.066067,289714.904659,289714.904689,395.78538891939894,0.01809,255841.066067,9454.464154671361,59.688106,46.33904048153215,18.96431558980994,2.526621821067777,13,36,,True,True,,3221,100.0
0,2026-09-18T14:49:03.133+00:00,2026-09-18T14:49:03.441+00:00,2026-09-18T14:49:53.186+00:00,True,927,927.0,,927.0,307.668589,50052.883309000004,50052.883268,53.99448033225458,2.3314690000000002,307.668589,24.09564125169496,118.24581699999999,53.72053425485961,22.618227434065297,18.52041158702472,14,36,,False,True,,4264,100.0
1,2026-09-18T14:49:06.874+00:00,2026-09-18T14:49:07.006+00:00,2026-09-18T14:49:41.683+00:00,True,661,661.0,,661.0,132.628664,34809.007032,34809.006907,52.66112996520424,0.04291,160.270978,18.521011977305307,89.484474,52.539967224242424,18.271012617172445,18.98933800071749,14,36,,False,True,,2628,100.0
2,2026-09-18T14:49:10.976+00:00,2026-09-18T14:49:11.190+00:00,2026-09-18T14:49:45.636+00:00,True,632,632.0,,632.0,213.324734,34659.838142,34659.838193,54.84151612816456,33.761091,213.324734,20.4356189758032,98.856352,54.59035405388273,19.45112110499599,18.23436097452968,14,36,,False,True,,1930,100.0
3,2026-09-18T14:49:15.790+00:00,2026-09-18T14:49:15.959+00:00,2026-09-18T14:49:59.369+00:00,True,738,738.0,,738.0,168.526865,43578.224401,43578.224447,59.04908461653117,27.483622999999998,168.526865,25.13612529691359,129.93905540000003,58.900539397557665,24.82693267033843,16.935063558557125,14,36,,False,True,,2955,100.0
4,2026-09-18T14:49:20.997+00:00,2026-09-18T14:49:50.372+00:00,2026-09-18T14:50:34.868+00:00,True,733,733.0,,733.0,29375.155473000003,73870.828049,73870.828022,100.77875582810368,0.022510000000000002,29375.155473000003,1083.0748514758664,125.6830982,60.78643794535519,26.505235419964013,9.922726187850317,14,36,,False,True,,3367,100.0
5,2026-09-18T14:49:24.379+00:00,2026-09-18T14:49:57.087+00:00,2026-09-18T14:50:34.915+00:00,True,641,641.0,,641.0,32707.739293000002,70536.25103700001,70536.25097400001,110.0409531575663,0.01796,32707.739293000002,1289.7972947652972,123.955228,59.1070496,25.60853069310474,9.087525783922956,14,36,,False,True,,2984,100.0
6,2026-09-18T14:49:28.070+00:00,2026-09-18T14:50:03.862+00:00,2026-09-18T14:50:52.211+00:00,True,807,807.0,,807.0,35792.610502999996,84141.633479,84141.633292,104.26472526889715,10.174008,35792.610502999996,1258.0977718264876,126.01964830000001,59.98638086352357,25.086621021802475,9.590971397071943,14,36,,False,True,,4730,100.0
7,2026-09-18T14:49:31.471+00:00,2026-09-18T14:50:22.324+00:00,2026-09-18T14:51:22.266+00:00,True,979,979.0,,979.0,50853.5473,110795.034404,110795.034562,113.17163898059243,0.01816,50853.5473,1623.5679038708063,129.53250500000001,61.289864114519425,27.947810210839574,8.836136071136554,14,36,,False,True,,5168,100.0
8,2026-09-18T14:49:34.596+00:00,2026-09-18T14:50:33.726+00:00,2026-09-18T14:51:26.582+00:00,True,865,865.0,,865.0,59129.790414999996,111985.94734299999,111985.947181,129.46352275260116,0.016890000000000002,59129.790414999996,2008.5897357312563,131.76587800000001,61.176107555555554,28.118325579181224,7.724183440182947,14,36,,False,True,,3936,100.0
9,2026-09-18T14:49:39.082+00:00,2026-09-18T14:50:45.180+00:00,2026-09-18T14:51:39.963+00:00,True,899,899.0,,899.0,66098.508146,120881.81489799998,120881.815106,134.46253070745271,0.016890000000000002,66098.508146,2202.6473907961454,129.013334,61.0059095233853,27.651568371730246,7.437016070271412,14,36,,False,True,,4206,100.0
10,2026-09-18T14:49:42.216+00:00,2026-09-18T14:50:53.590+00:00,2026-09-18T14:51:52.456+00:00,True,980,980.0,,980.0,71373.911773,130239.081693,130239.081687,132.89702212959185,0.016649999999999998,71373.911773,2278.1968205994694,128.3866475,60.12785487231869,27.14471935183206,7.524623079806869,14,36,,False,True,,4212,100.0
11,2026-09-18T14:49:46.818+00:00,2026-09-18T14:51:14.747+00:00,2026-09-18T14:52:06.095+00:00,True,839,839.0,,839.0,87929.094418,139277.105938,139277.105996,166.0037020214541,0.01686,87929.094418,3033.677851805663,128.95781599999998,61.27447675417661,29.557552190253897,6.023962045660868,14,36,,True,True,,3856,100.0
12,2026-09-18T14:49:49.731+00:00,2026-09-18T14:51:25.605+00:00,2026-09-18T14:52:05.139+00:00,True,657,657.0,,657.0,95873.461277,135408.087581,135408.087486,206.1005897808219,0.016890000000000002,95873.461277,3738.1495314374397,128.70675599999998,60.26619863414634,30.071853502334253,4.851999697632448,14,36,,True,True,,2943,100.0
13,2026-09-18T14:49:54.813+00:00,2026-09-18T14:51:36.849+00:00,2026-09-18T14:52:34.761+00:00,True,957,957.0,,957.0,102035.903785,159948.59012100002,159948.590017,167.13541276593523,0.016800000000000002,102035.903785,3296.5174798215285,127.87188900000001,60.57812378242678,28.532256334903547,5.983172463577429,14,36,,True,True,,4177,100.0
14,2026-09-18T14:49:57.859+00:00,2026-09-18T14:51:47.595+00:00,2026-09-18T14:52:34.153+00:00,True,769,769.0,,769.0,109735.94488,156293.945008,156293.944912,203.2431013159948,0.01724,109735.94488,3955.100766107307,127.11644179999999,60.622396,29.177322685538854,4.92021619878261,14,36,,True,True,,3951,100.0
15,2026-09-18T14:50:02.391+00:00,2026-09-18T14:52:05.403+00:00,2026-09-18T14:53:01.710+00:00,True,923,923.0,,923.0,123011.27733699999,179318.499097,179318.498997,194.27789707150595,42.16933,123011.27733699999,4047.0373258851446,128.70108019999998,61.07073943600868,25.773481611371956,5.14726592430776,14,36,,True,True,,4248,100.0
16,2026-09-18T14:50:06.837+00:00,2026-09-18T14:52:20.022+00:00,2026-09-18T14:53:01.757+00:00,True,692,692.0,,692.0,133185.526278,174920.066566,174920.06670300002,252.77466286560696,39.27278,133185.526278,5060.722594001241,130.63240445,60.39730866570188,25.57455126093001,3.956092709002588,14,36,,True,True,,3525,100.0
17,2026-09-18T14:50:10.569+00:00,2026-09-18T14:52:29.626+00:00,2026-09-18T14:53:26.432+00:00,True,934,934.0,,934.0,139056.984918,195862.060374,195862.060436,209.70242016702355,0.01602,139056.984918,4548.193665896324,130.07186950000002,60.88432524758843,30.52439815022197,4.768662181009025,14,36,,True,True,,4646,100.0
18,2026-09-18T14:50:15.849+00:00,2026-09-18T14:52:49.707+00:00,2026-09-18T14:53:30.086+00:00,True,652,652.0,,652.0,153858.374399,194237.009663,194237.009662,297.9095240214724,0.01622,153858.374399,6023.220328935525,132.6925385,62.02555340092166,33.03596309181676,3.3567238351291335,14,36,,True,True,,3051,100.0
19,2026-09-18T14:50:19.824+00:00,2026-09-18T14:53:02.434+00:00,2026-09-18T14:54:00.551+00:00,True,953,953.0,,953.0,162610.56659200002,220726.83641600003,220726.83632300003,231.61262992969571,0.01635,162610.56659200002,5265.580583279931,129.4453636,61.04650191596638,29.959199989144413,4.317553839279866,14,36,,True,True,,4149,100.0
20,2026-09-18T14:50:23.101+00:00,2026-09-18T14:53:11.701+00:00,2026-09-18T14:54:08.983+00:00,True,939,939.0,,939.0,168599.966306,225882.191202,225882.191309,240.55611428008518,40.76228,168599.966306,5500.117077388939,129.3381521,61.06847003837953,25.275077899829093,4.157034226572909,14,36,,True,True,,4616,100.0
21,2026-09-18T14:50:26.457+00:00,2026-09-18T14:53:22.528+00:00,2026-09-18T14:54:23.201+00:00,True,994,994.0,,994.0,176071.568359,236744.385767,236744.385845,238.1734264034205,40.65842,176071.568359,5582.770994431975,128.9362182,61.100521055387716,25.45055377889259,4.198621212408723,14,36,,True,True,,4561,100.0
22,2026-09-18T14:50:31.521+00:00,2026-09-18T14:53:41.589+00:00,2026-09-18T14:54:21.994+00:00,True,652,652.0,,652.0,190068.27546,230472.845316,230472.84533,353.485959095092,43.211338000000005,190068.27546,7441.263006534416,131.35678305000002,62.06539148387097,26.0497830618526,2.828966679810138,14,36,,True,True,,2937,100.0
23,2026-09-18T14:50:36.152+00:00,2026-09-18T14:53:57.208+00:00,2026-09-18T14:54:53.652+00:00,True,928,928.0,,928.0,201055.78532499998,257500.27607699996,257500.27618999998,277.4787458943965,0.01634,201055.78532499998,6598.055414404476,130.395619,60.88941828694714,31.416295492754813,3.603879631268828,14,36,,True,True,,3974,100.0
24,2026-09-18T14:50:40.842+00:00,2026-09-18T14:54:11.007+00:00,2026-09-18T14:54:52.167+00:00,True,686,686.0,,686.0,210165.23120500002,251324.891237,251324.89124000003,366.3628152186589,0.01642,210165.23120500002,8021.9143330496845,129.16988700000002,60.08709493722628,31.728383617936103,2.7295346538242415,14,36,,True,True,,3397,100.0
25,2026-09-18T14:50:45.160+00:00,2026-09-18T14:54:25.129+00:00,2026-09-18T14:55:04.285+00:00,True,650,650.0,,650.0,219968.98587099998,259125.51707099998,259125.517031,398.65464158615384,0.01563,219968.98587099998,8625.59024852282,133.19060655,60.333638212634824,33.059518375046885,2.508436866223024,14,36,,True,True,,3038,100.0
26,2026-09-18T14:50:50.184+00:00,2026-09-18T14:54:42.689+00:00,2026-09-18T14:55:37.928+00:00,True,963,963.0,,963.0,232504.742812,287744.370844,287744.37094500003,298.79996982866044,42.483678999999995,232504.742812,7490.545604228662,130.70560890000002,57.42165076091476,23.029791656577924,3.3467205533000275,14,36,,True,True,,4485,100.0
27,2026-09-18T14:50:54.471+00:00,2026-09-18T14:54:56.185+00:00,2026-09-18T14:55:40.186+00:00,True,791,791.0,,791.0,241713.484475,285714.887611,285714.887519,361.20719028950697,38.97025,241713.484475,8592.388310241284,124.910601,55.69797865316456,21.39127486936624,2.768494167783599,14,36,,True,True,,4018,100.0
28,2026-09-18T14:50:57.999+00:00,2026-09-18T14:55:08.304+00:00,2026-09-18T14:55:48.163+00:00,True,784,784.0,,784.0,250304.691946,290163.301098,290163.301013,370.1062512920918,0.0198,250304.691946,8937.65601454161,97.50025799999999,50.90499253128991,19.278916930083216,2.701926801333195,14,36,,True,True,,3499,100.0
29,2026-09-18T14:51:02.087+00:00,2026-09-18T14:55:17.081+00:00,2026-09-18T14:55:56.667+00:00,True,884,884.0,,884.0,254993.722721,294579.966305,294579.966308,333.2352560045249,0.01681,254993.722721,8574.906550416981,82.90550765,44.83153293771234,28.52824037074581,3.000882955783662,14,36,,True,True,,3819,100.0
0,2026-09-18T14:49:03.135+00:00,2026-09-18T14:49:03.440+00:00,2026-09-18T14:49:41.502+00:00,True,756,756.0,,756.0,304.82139,38366.833549999996,38366.833566,50.74977984920635,0.04665,304.82139,20.698934710811717,84.74690525,50.41326113907285,18.528022898137433,19.70451898290679,15,36,,False,True,,3594,100.0
1,2026-09-18T14:49:07.411+00:00,2026-09-18T14:49:07.557+00:00,2026-09-18T14:49:46.208+00:00,True,718,718.0,,718.0,146.776171,38797.537898999995,38797.538012,54.03556826183844,12.192157,159.186118,19.990169927973284,95.3774577,53.906222772663874,19.70116340463529,18.50632898069819,15,36,,False,True,,3594,100.0
2,2026-09-18T14:49:10.582+00:00,2026-09-18T14:49:10.723+00:00,2026-09-18T14:49:59.620+00:00,True,837,837.0,,837.0,140.294643,49037.325811,49037.325854,58.58700818876942,26.774082999999997,163.173857,24.520234314130562,126.09285179999999,58.48927173205742,24.371231496619114,17.068630602451105,15,36,,False,True,,3619,100.0
3,2026-09-18T14:49:13.336+00:00,2026-09-18T14:49:13.453+00:00,2026-09-18T14:50:07.573+00:00,True,918,918.0,,918.0,116.868778,54236.613289999994,54236.613476,59.0812782962963,0.0178,163.793127,25.19664009439199,127.02007264999999,59.018260100327154,25.13789751710608,16.92583559912762,15,36,,False,True,,3921,100.0
4,2026-09-18T14:49:17.826+00:00,2026-09-18T14:49:40.230+00:00,2026-09-18T14:50:39.763+00:00,True,961,961.0,,961.0,22404.177006,81937.402734,81937.402766,85.2626459583767,0.01748,22404.177006,721.2374060859853,129.088375,62.013776799999995,27.4618373114231,11.728465486266044,15,36,,False,True,,4256,100.0
5,2026-09-18T14:49:21.885+00:00,2026-09-18T14:49:52.534+00:00,2026-09-18T14:50:47.565+00:00,True,900,900.0,,900.0,30649.384096,85680.28329600001,85680.283267,95.20031474111111,0.01766,30649.384096,1019.9577531856687,128.01126994999998,61.21345850945495,26.81154589857427,10.50416694924743,15,36,,False,True,,4715,100.0
6,2026-09-18T14:49:26.136+00:00,2026-09-18T14:49:59.805+00:00,2026-09-18T14:50:55.971+00:00,True,935,935.0,,935.0,33669.143078,89834.536998,89834.537127,96.07971885240642,0.01644,33669.143078,1099.4869783971133,126.79311259999999,60.13425473233405,27.947016122525252,10.40802380960472,15,36,,False,True,,5440,100.0
7,2026-09-18T14:49:29.011+00:00,2026-09-18T14:50:07.744+00:00,2026-09-18T14:50:43.301+00:00,True,601,601.0,,601.0,38733.064490000004,74289.86193000001,74289.861934,123.61041919134776,10.942957,38733.064490000004,1577.7286219711068,123.648888,59.26132906666667,24.587959489750844,8.08993292471448,15,36,,False,True,,2752,100.0
8,2026-09-18T14:49:31.954+00:00,2026-09-18T14:50:27.447+00:00,2026-09-18T14:51:24.842+00:00,True,931,931.0,,931.0,55493.221784,112888.01218399999,112888.012068,121.2545779462943,0.01727,55493.221784,1816.9054371767986,131.42433100000002,61.71482838709678,27.715422799182623,8.247111291875099,15,36,,False,True,,3196,100.0
9,2026-09-18T14:49:36.105+00:00,2026-09-18T14:50:36.638+00:00,2026-09-18T14:51:14.486+00:00,True,641,641.0,,641.0,60532.830467,98381.067011,98381.067026,153.48060378471138,0.02085,60532.830467,2388.722047030909,127.745149,59.1378696,27.215260237299507,6.5154812757654845,15,36,,False,True,,2876,100.0
10,2026-09-18T14:49:40.654+00:00,2026-09-18T14:50:49.290+00:00,2026-09-18T14:51:31.894+00:00,True,704,704.0,,704.0,68635.708652,111240.356844,111240.35692800001,158.01187063636362,0.016640000000000002,68635.708652,2584.673119538876,128.79446829999998,60.60405148221906,28.015566650913843,6.328638454362994,15,36,,False,True,,2806,100.0
11,2026-09-18T14:49:43.912+00:00,2026-09-18T14:50:57.939+00:00,2026-09-18T14:51:49.800+00:00,True,860,860.0,,860.0,74026.804637,125887.473053,125887.47313999999,146.38078272093023,41.448209000000006,74026.804637,2522.360011788026,128.08195495,60.37330432596042,25.189888201562518,6.831497838056775,15,36,,False,True,,3522,100.0
12,2026-09-18T14:49:47.069+00:00,2026-09-18T14:51:16.738+00:00,2026-09-18T14:52:17.579+00:00,True,991,991.0,,991.0,89668.567657,150509.917801,150509.917704,151.87680898486377,0.02042,89668.567657,2846.613280127549,130.2612915,61.45590923636363,29.195046296200307,6.58428371019558,15,36,,True,True,,2278,100.0
13,2026-09-18T14:49:50.369+00:00,2026-09-18T14:51:26.693+00:00,2026-09-18T14:52:05.563+00:00,True,645,645.0,,645.0,96323.63347300001,135193.545025,135193.54515700002,209.6023955922481,0.0206,96323.63347300001,3790.4843541040964,128.9552628,60.35700551552795,30.378361175805274,4.7709378423409685,15,36,,True,True,,2932,100.0
14,2026-09-18T14:49:54.661+00:00,2026-09-18T14:51:36.441+00:00,2026-09-18T14:52:34.538+00:00,True,960,960.0,,960.0,101780.63151100001,159877.312471,159877.31245400003,166.53886713958335,0.01794,101780.63151100001,3283.1270663685564,128.2684979,60.58048066736183,28.83956477388213,6.004604312911086,15,36,,True,True,,4502,100.0
15,2026-09-18T14:49:57.876+00:00,2026-09-18T14:51:48.262+00:00,2026-09-18T14:52:44.612+00:00,True,932,932.0,,932.0,110385.86521999999,166735.782404,166735.78224,178.9010539055794,0.016890000000000002,110385.86521999999,3613.9413463293276,127.81183004999998,60.52622683566058,28.80975477471421,5.5896819900467944,15,36,,True,True,,2261,100.0
16,2026-09-18T14:50:02.206+00:00,2026-09-18T14:52:04.886+00:00,2026-09-18T14:53:01.760+00:00,True,932,932.0,,932.0,122679.552381,179553.715837,179553.715684,192.6542013776824,37.869849,122679.552381,4016.5849496159235,129.98087005,61.08932702040816,25.935962909654748,5.190647242555958,15,36,,True,True,,3742,100.0
17,2026-09-18T14:50:06.298+00:00,2026-09-18T14:52:18.331+00:00,2026-09-18T14:53:09.115+00:00,True,836,836.0,,836.0,132032.47311,182816.54735,182816.54752,218.68008076555023,0.01559,132032.47311,4564.44109033286,131.25139374999998,60.81925058682635,31.12580984262037,4.57289021217258,15,36,,True,True,,3439,100.0
18,2026-09-18T14:50:09.166+00:00,2026-09-18T14:52:25.563+00:00,2026-09-18T14:53:04.709+00:00,True,651,651.0,,651.0,136397.10385800002,175543.29342600002,175543.29322300002,269.6517561029186,41.694,136397.10385800002,5343.523489581078,130.76008499999998,60.22490702769231,25.32303437517246,3.708486876910669,15,36,,True,True,,2543,100.0
19,2026-09-18T14:50:13.248+00:00,2026-09-18T14:52:36.223+00:00,2026-09-18T14:53:26.248+00:00,True,826,826.0,,826.0,142975.03621599998,192999.87308,192999.87300199998,233.65602058353508,0.016390000000000002,142975.03621599998,4972.721864908181,129.79623174999998,60.63616589575758,30.580002466757087,4.279795560578511,15,36,,True,True,,3769,100.0
20,2026-09-18T14:50:17.139+00:00,2026-09-18T14:52:54.183+00:00,2026-09-18T14:53:32.574+00:00,True,616,616.0,,616.0,157044.53389199998,195434.92185999997,195434.92186099998,317.26448354058437,0.016579999999999998,157044.53389199998,6325.079875633661,131.4506115,62.4233950699187,33.84355466522074,3.1519443615162714,15,36,,True,True,,2974,100.0
21,2026-09-18T14:50:20.384+00:00,2026-09-18T14:53:05.860+00:00,2026-09-18T14:54:02.562+00:00,True,926,926.0,,926.0,165475.894127,222177.77828700002,222177.77844300002,239.93280609395248,40.50046,165475.894127,5435.921988179084,130.13080225,61.29933422702703,25.792315095915338,4.167833557160841,15,36,,True,True,,4380,100.0
22,2026-09-18T14:50:24.371+00:00,2026-09-18T14:53:15.771+00:00,2026-09-18T14:54:14.376+00:00,True,959,959.0,,959.0,171400.109178,230005.26655400003,230005.266485,239.83865118352452,41.798868999999996,171400.109178,5532.882279052565,129.4305181,61.17448577870564,25.675309310697386,4.169469744619298,15,36,,True,True,,4294,100.0
23,2026-09-18T14:50:27.612+00:00,2026-09-18T14:53:26.427+00:00,2026-09-18T14:54:09.851+00:00,True,712,712.0,,712.0,178814.55428600003,222239.03787000003,222239.03783700004,312.1334801081461,41.333040999999994,178814.55428600003,6699.117647072582,128.06881635,61.07522304360056,25.32281602083697,3.203757570335093,15,36,,True,True,,3353,100.0
24,2026-09-18T14:50:31.885+00:00,2026-09-18T14:53:42.570+00:00,2026-09-18T14:54:29.749+00:00,True,766,766.0,,766.0,190684.498892,237864.233676,237864.233723,310.52772026501304,0.015880000000000002,190684.498892,6887.557542410302,130.73823425,61.67285592679738,32.13641171260568,3.2203244185226483,15,36,,True,True,,1473,100.0
25,2026-09-18T14:50:35.066+00:00,2026-09-18T14:53:53.869+00:00,2026-09-18T14:54:44.695+00:00,True,831,831.0,,831.0,198802.48735100002,249629.15845500003,249629.158502,300.3960992803851,0.01593,198802.48735100002,6894.331329140692,130.7670275,61.236953137349396,31.905565262597626,3.328938034095092,15,36,,True,True,,3357,100.0
26,2026-09-18T14:50:38.739+00:00,2026-09-18T14:54:05.511+00:00,2026-09-18T14:55:04.237+00:00,True,970,970.0,,970.0,206772.018798,265497.928814,265497.92883,273.70920497938147,0.01634,206772.018798,6637.178265649043,132.87161345,60.604654299277605,31.517083010950923,3.653512493800106,15,36,,True,True,,4590,100.0
27,2026-09-18T14:50:42.727+00:00,2026-09-18T14:54:16.356+00:00,2026-09-18T14:55:06.496+00:00,True,829,829.0,,829.0,213629.307042,263769.386658,263769.386768,318.17778862243665,0.01602,213629.307042,7417.619822299454,136.068882,60.55565171014493,32.35754117779296,3.1428969468502825,15,36,,True,True,,3744,100.0
28,2026-09-18T14:50:47.015+00:00,2026-09-18T14:54:29.926+00:00,2026-09-18T14:55:14.486+00:00,True,723,723.0,,723.0,222911.87753099998,267471.516571,267471.51664499997,369.94677267634853,42.966209,222911.87753099998,8287.9322330454,134.680955,61.716951578947366,27.50715550581253,2.703091563800516,15,36,,True,True,,3929,100.0
29,2026-09-18T14:50:50.543+00:00,2026-09-18T14:54:43.861+00:00,2026-09-18T14:55:26.779+00:00,True,714,714.0,,714.0,233318.505327,276235.990383,276235.990408,386.885140627451,39.21436,233318.505327,8729.511440988012,133.35926849999998,60.1928261654979,25.94170606527902,2.5847464662734283,15,36,,True,True,,2317,100.0
30,2026-09-18T14:50:54.725+00:00,2026-09-18T14:54:57.753+00:00,2026-09-18T14:55:42.511+00:00,True,815,815.0,,815.0,243027.92813699998,287785.733449,287785.733497,353.11132944417176,42.564949,243027.92813699998,8510.995840251599,119.11039569999998,54.985018810810814,20.58183603102004,2.8319680417529463,15,36,,True,True,,4372,100.0
31,2026-09-18T14:50:59.381+00:00,2026-09-18T14:55:11.168+00:00,2026-09-18T14:55:52.931+00:00,True,866,866.0,,866.0,251786.958971,293549.277819,293549.277977,338.97145262933026,0.016739999999999998,251786.958971,8554.459863956274,97.668976,48.28013739653179,23.164304081459317,2.9501009385346477,15,36,,True,True,,3286,100.0
0,2026-09-18T14:49:03.136+00:00,2026-09-18T14:49:03.440+00:00,2026-09-18T14:49:35.695+00:00,True,669,669.0,,669.0,303.49434,32559.040708,32559.040783,48.668222396113606,1.064459,303.49434,18.254916972510784,75.8504066,48.286746059880244,15.37009937187559,20.54728841675061,16,36,,False,True,,3172,100.0
1,2026-09-18T14:49:07.875+00:00,2026-09-18T14:49:08.040+00:00,2026-09-18T14:50:04.730+00:00,True,981,981.0,,981.0,165.220665,56855.142201,56855.142383,57.956312317023446,0.019139,211.46200399999998,25.367428385143008,126.49333800000001,57.84685871020408,25.147553543332634,17.25437598118866,16,36,,False,True,,4109,100.0
2,2026-09-18T14:49:12.091+00:00,2026-09-18T14:49:12.227+00:00,2026-09-18T14:50:10.815+00:00,True,1000,1000.0,,1000.0,135.940923,58724.710203,58724.710191,58.724710191,0.0176,166.123236,24.83924813313047,124.248714,58.6474166966967,24.731077809554805,17.028606808670368,16,36,,False,True,,4827,100.0
3,2026-09-18T14:49:17.115+00:00,2026-09-18T14:49:38.141+00:00,2026-09-18T14:50:38.370+00:00,True,966,966.0,,966.0,21025.979921,81254.641169,81254.641232,84.114535436853,0.018949999999999998,21025.979921,675.0665130704735,131.61424075,62.4131204642487,27.866480718216668,11.888551670431168,16,36,,False,True,,5525,100.0
4,2026-09-18T14:49:22.666+00:00,2026-09-18T14:49:53.290+00:00,2026-09-18T14:50:32.762+00:00,True,665,665.0,,665.0,30623.750092,70095.22734,70095.227491,105.40635712932331,0.018670000000000003,30623.750092,1185.501921403512,123.309614,59.44499585542169,25.272630788456176,9.487093846980311,16,36,,False,True,,2199,100.0
5,2026-09-18T14:49:26.358+00:00,2026-09-18T14:50:00.001+00:00,2026-09-18T14:50:48.131+00:00,True,806,806.0,,806.0,33642.723045,81772.346341,81772.346362,101.4545240223325,0.01775,33642.723045,1183.1777078868276,123.6994815,59.78835192049689,25.257579231165728,9.85663290911194,16,36,,False,True,,3774,100.0
6,2026-09-18T14:49:30.016+00:00,2026-09-18T14:50:10.901+00:00,2026-09-18T14:51:04.004+00:00,True,884,884.0,,884.0,40885.052871,93988.694727,93988.694919,106.32205307579186,0.01693,40885.052871,1373.3691986012789,128.332555,60.140024751981876,27.68666187481673,9.405386494276472,16,36,,False,True,,4186,100.0
7,2026-09-18T14:49:35.198+00:00,2026-09-18T14:50:34.706+00:00,2026-09-18T14:51:25.468+00:00,True,836,836.0,,836.0,59508.31793,110270.031338,110270.031132,131.90195111483254,0.01604,59508.31793,2056.2253147314277,130.42397425,60.79247114730539,27.943591943011974,7.581388976280333,16,36,,False,True,,4216,100.0
8,2026-09-18T14:49:38.663+00:00,2026-09-18T14:50:44.469+00:00,2026-09-18T14:51:35.352+00:00,True,833,833.0,,833.0,65805.437122,116689.310658,116689.310769,140.08320620528212,0.016829999999999998,65805.437122,2278.074570830707,129.52436600000001,61.15850184615385,27.87363728447661,7.138614456652385,16,36,,False,True,,4170,100.0
9,2026-09-18T14:49:42.217+00:00,2026-09-18T14:50:53.722+00:00,2026-09-18T14:51:41.006+00:00,True,780,780.0,,780.0,71504.682208,118789.127904,118789.127923,152.2937537474359,0.0158,71504.682208,2558.2549654976274,128.74942545,60.698903332477535,27.72170483242502,6.566257483011078,16,36,,False,True,,3765,100.0
10,2026-09-18T14:49:47.000+00:00,2026-09-18T14:51:15.169+00:00,2026-09-18T14:51:54.577+00:00,True,637,637.0,,637.0,88169.09238799999,127577.09341199999,127577.09318999999,200.27801128728413,40.28866,88169.09238799999,3491.034257157742,131.15615799999998,61.962265761006286,26.79353638439922,4.993059357002747,16,36,,True,True,,3101,100.0
11,2026-09-18T14:49:51.088+00:00,2026-09-18T14:51:28.557+00:00,2026-09-18T14:52:19.407+00:00,True,838,838.0,,838.0,97468.10434399999,148318.27419999999,148318.27422,176.9907806921241,0.01696,97468.10434399999,3365.008185031689,128.89153335,60.752891106332136,29.25999922607737,5.650011804142204,16,36,,True,True,,3510,100.0
12,2026-09-18T14:49:56.426+00:00,2026-09-18T14:51:41.991+00:00,2026-09-18T14:52:34.487+00:00,True,872,872.0,,872.0,105564.983663,158060.987759,158060.987716,181.26260059174314,0.01703,105564.983663,3572.9540979117337,126.99617909999999,60.270957630309994,28.519888805872952,5.516857843059685,16,36,,True,True,,4173,100.0
13,2026-09-18T14:49:59.846+00:00,2026-09-18T14:51:54.759+00:00,2026-09-18T14:52:43.003+00:00,True,793,793.0,,793.0,114913.33196899999,163157.062913,163157.063061,205.7466116784363,0.016050000000000002,114913.33196899999,4078.6387014037705,128.390965,60.91380169696969,29.9391571644359,4.860347360033382,16,36,,True,True,,3738,100.0
14,2026-09-18T14:50:05.351+00:00,2026-09-18T14:52:16.110+00:00,2026-09-18T14:53:11.057+00:00,True,902,902.0,,902.0,130759.67438899999,185706.74357299999,185706.743406,205.88330754545453,0.016,130759.67438899999,4351.899559748318,130.62113,60.984538495005545,30.8469474224116,4.857120332011155,16,36,,True,True,,4597,100.0
15,2026-09-18T14:50:10.594+00:00,2026-09-18T14:52:30.127+00:00,2026-09-18T14:53:15.432+00:00,True,745,745.0,,745.0,139533.618535,184838.413671,184838.413825,248.10525345637583,0.016649999999999998,139533.618535,5109.983013228814,129.647623,60.893541849462366,31.6259428034108,4.030547466859622,16,36,,True,True,,3537,100.0
16,2026-09-18T14:50:14.943+00:00,2026-09-18T14:52:44.361+00:00,2026-09-18T14:53:22.348+00:00,True,624,624.0,,624.0,149418.274572,187405.06062,187405.060727,300.3286229599359,0.01653,149418.274572,5979.163545005525,131.24474414999997,60.97397439486356,32.158806435445356,3.3296859643789483,16,36,,True,True,,3949,100.0
17,2026-09-18T14:50:20.259+00:00,2026-09-18T14:53:05.292+00:00,2026-09-18T14:53:43.075+00:00,True,623,623.0,,623.0,165033.016242,202816.04037,202816.04041100002,325.54741639004817,0.01791,165033.016242,6609.52515828142,129.5277783,60.744411781350486,25.89688760415256,3.0717491519085613,16,36,,True,True,,2681,100.0
18,2026-09-18T14:50:23.919+00:00,2026-09-18T14:53:13.481+00:00,2026-09-18T14:54:12.925+00:00,True,972,972.0,,972.0,169561.118446,229005.455598,229005.455504,235.60232047736628,41.773829,169561.118446,5436.773366613446,129.8467522,61.21970870442843,25.889703934600348,4.244440366985252,16,36,,True,True,,4855,100.0
19,2026-09-18T14:50:27.511+00:00,2026-09-18T14:53:24.876+00:00,2026-09-18T14:54:21.827+00:00,True,936,936.0,,936.0,177364.97905199998,234315.73949999997,234315.73943599997,250.33732845726493,42.254549,177364.97905199998,5795.419935498171,129.507174,60.90990422245989,25.29379249522972,3.9946100163706677,16,36,,True,True,,4813,100.0
20,2026-09-18T14:50:32.839+00:00,2026-09-18T14:53:45.284+00:00,2026-09-18T14:54:30.309+00:00,True,730,730.0,,730.0,192445.402744,237470.148984,237470.148931,325.3015738780822,0.01654,192445.402744,7120.513063895944,128.44192255000002,61.762340521262004,32.72071433651336,3.0740705858115462,16,36,,True,True,,3836,100.0
21,2026-09-18T14:50:36.087+00:00,2026-09-18T14:53:56.671+00:00,2026-09-18T14:54:38.921+00:00,True,691,691.0,,691.0,200583.462647,242833.850103,242833.850219,351.4238063950796,0.01779,200583.462647,7628.295713300756,131.88216649999998,61.232445588405795,32.83643835668489,2.8455670397965793,16,36,,True,True,,3322,100.0
22,2026-09-18T14:50:41.010+00:00,2026-09-18T14:54:11.146+00:00,2026-09-18T14:55:09.658+00:00,True,962,962.0,,962.0,210136.774343,268648.809671,268648.809564,279.2607168024948,0.01554,210136.774343,6773.1895529263,132.99759505000003,60.886613244536946,31.048952855545966,3.5808831655651505,16,36,,True,True,,4273,100.0
23,2026-09-18T14:50:46.279+00:00,2026-09-18T14:54:29.113+00:00,2026-09-18T14:55:07.400+00:00,True,627,627.0,,627.0,222834.592885,261121.430389,261121.430227,416.4616112073365,42.952329,222834.592885,8896.754639810839,135.1235557,61.16108227476038,26.94570681643472,2.401181699510225,16,36,,True,True,,2998,100.0
24,2026-09-18T14:50:51.215+00:00,2026-09-18T14:54:45.412+00:00,2026-09-18T14:55:28.430+00:00,True,724,724.0,,724.0,234197.098752,277215.648256,277215.648267,382.8945418052486,39.44455,234197.098752,8701.691037546438,131.992397,59.500068470262796,24.947199248816585,2.6116851792269986,16,36,,True,True,,3547,100.0
25,2026-09-18T14:50:56.671+00:00,2026-09-18T14:55:05.200+00:00,2026-09-18T14:55:54.531+00:00,True,999,999.0,,999.0,248528.816753,297860.274801,297860.274907,298.1584333403403,0.01569,248528.816753,7861.585838471975,105.42688300000002,49.43031868537074,26.894766050704362,3.353921568317327,16,36,,True,True,,4007,100.0
26,2026-09-18T14:51:01.843+00:00,2026-09-18T14:55:16.315+00:00,2026-09-18T14:55:50.852+00:00,True,731,731.0,,731.0,254472.07512,289008.792176,289008.792115,395.36086472640216,0.01871,254472.07512,9410.255393486177,61.72545499999999,47.310571309589044,17.11715700324373,2.5293348153741877,16,36,,True,True,,3084,100.0
0,2026-09-18T14:49:03.136+00:00,2026-09-18T14:49:03.439+00:00,2026-09-18T14:49:57.822+00:00,True,990,990.0,,990.0,302.77810999999997,54685.78355,54685.783392,55.23816504242424,1.4586400000000002,302.77810999999997,25.342002061573716,121.64494245,54.98787203235591,24.099459161435377,18.103425346275394,17,36,,False,True,,2074,100.0
1,2026-09-18T14:49:06.768+00:00,2026-09-18T14:49:06.910+00:00,2026-09-18T14:49:39.170+00:00,True,631,631.0,,631.0,142.103252,32401.861076,32401.861104,51.350017597464344,14.959515999999999,152.99725899999999,15.78367705876235,79.8759345,51.2059648,15.375499150146169,19.474190032478738,17,36,,False,True,,1261,100.0
2,2026-09-18T14:49:11.643+00:00,2026-09-18T14:49:11.843+00:00,2026-09-18T14:49:44.585+00:00,True,607,607.0,,607.0,200.037251,32941.897859,32941.897838,54.27001291268534,32.56606,200.037251,19.57165461084324,95.1167217,54.02947295049505,18.668264486145244,18.426382189578757,17,36,,False,True,,2161,100.0
3,2026-09-18T14:49:16.447+00:00,2026-09-18T14:49:35.859+00:00,2026-09-18T14:50:16.139+00:00,True,641,641.0,,641.0,19412.056426,59691.736938,59691.736909,93.12283449141965,0.019649999999999997,19412.056426,764.7859199851929,132.739275,62.9370008,28.80099667209155,10.738504739203472,17,36,,False,True,,3046,100.0
4,2026-09-18T14:49:19.682+00:00,2026-09-18T14:49:46.402+00:00,2026-09-18T14:50:30.384+00:00,True,731,731.0,,731.0,26719.185175000002,70701.878295,70701.878263,96.71939570861834,0.04102,26719.185175000002,986.3542397490801,124.651077,60.25026454794521,25.834189856481572,10.339187835292574,17,36,,False,True,,3799,100.0
5,2026-09-18T14:49:24.323+00:00,2026-09-18T14:49:56.517+00:00,2026-09-18T14:50:50.665+00:00,True,897,897.0,,897.0,32193.962469000002,86341.912037,86341.912163,96.25631233333334,0.02212,32193.962469000002,1073.2221064707078,126.24354759999999,60.43297942857143,26.00624929067918,10.388929070919922,17,36,,False,True,,3956,100.0
6,2026-09-18T14:49:28.746+00:00,2026-09-18T14:50:05.983+00:00,2026-09-18T14:50:56.191+00:00,True,837,837.0,,837.0,37236.635689,87444.982569,87444.982523,104.47429214217443,0.01629,37236.635689,1285.3072768405493,127.9095048,60.05783119617225,27.634918161860696,9.571732710216397,17,36,,False,True,,3008,100.0
7,2026-09-18T14:49:33.464+00:00,2026-09-18T14:50:31.970+00:00,2026-09-18T14:51:28.658+00:00,True,917,917.0,,917.0,58505.802544,115193.653552,115193.653399,125.62012366303162,0.01594,58505.802544,1930.200416202295,133.1118938,61.88630022707424,28.64077329742471,7.960507994357984,17,36,,False,True,,4589,100.0
8,2026-09-18T14:49:37.341+00:00,2026-09-18T14:50:40.871+00:00,2026-09-18T14:51:16.313+00:00,True,602,602.0,,602.0,63529.744528999996,98972.584849,98972.584926,164.4062872524917,0.01679,63529.744528999996,2587.0036902117304,128.34429590000002,58.973112013311145,25.772882337345923,6.082492448979243,17,36,,False,True,,2845,100.0
9,2026-09-18T14:49:41.966+00:00,2026-09-18T14:50:52.693+00:00,2026-09-18T14:51:37.675+00:00,True,741,741.0,,741.0,70727.305712,115708.911344,115708.911296,156.15237691767882,0.01648,70727.305712,2596.15157180109,128.368266,60.78595355675676,28.121298668412695,6.404001138659266,17,36,,False,True,,2878,100.0
10,2026-09-18T14:49:47.195+00:00,2026-09-18T14:51:16.937+00:00,2026-09-18T14:51:57.608+00:00,True,660,660.0,,660.0,89741.760678,130413.09559000001,130413.09562000001,197.59559942424244,41.99754,89741.760678,3490.891380702924,130.93766745000002,61.71674493474962,26.496436976420817,5.0608414516510285,17,36,,True,True,,3102,100.0
11,2026-09-18T14:49:52.090+00:00,2026-09-18T14:51:30.817+00:00,2026-09-18T14:52:24.261+00:00,True,883,883.0,,883.0,98727.241861,152170.921349,152170.921464,172.33399939297848,0.016579999999999998,98727.241861,3320.523033524975,128.34585189999999,60.59374091609977,28.938109972927048,5.802685507665835,17,36,,True,True,,4488,100.0
12,2026-09-18T14:49:57.238+00:00,2026-09-18T14:51:43.872+00:00,2026-09-18T14:52:21.289+00:00,True,626,626.0,,626.0,106634.21657700001,144050.74342500002,144050.74326800002,230.11300841533549,0.01823,106634.21657700001,4259.667512554771,127.30055549999999,59.8664429568,29.18178712121692,4.345690866398941,17,36,,True,True,,3177,100.0
13,2026-09-18T14:50:02.483+00:00,2026-09-18T14:52:05.731+00:00,2026-09-18T14:53:00.976+00:00,True,905,905.0,,905.0,123247.62849500001,178492.425679,178492.425702,197.22919967071823,39.874618999999996,123247.62849500001,4094.9410785670207,129.071392,61.111501309734514,26.038962556917568,5.070243157698736,17,36,,True,True,,3972,100.0
14,2026-09-18T14:50:07.048+00:00,2026-09-18T14:52:20.882+00:00,2026-09-18T14:53:08.574+00:00,True,792,792.0,,792.0,133833.818051,181525.23693100002,181525.236944,229.19853149494952,0.015439999999999999,133833.818051,4753.534603297568,129.77832550000002,60.29256495575221,30.753911197486804,4.3630296998375435,17,36,,True,True,,3785,100.0
15,2026-09-18T14:50:10.768+00:00,2026-09-18T14:52:31.837+00:00,2026-09-18T14:53:22.135+00:00,True,828,828.0,,828.0,141068.77015599998,191366.405228,191366.405183,231.11884683937197,0.016739999999999998,141068.77015599998,4900.462982564091,130.2696355,60.81938944619105,31.00152212555359,4.326778250411793,17,36,,True,True,,2981,100.0
16,2026-09-18T14:50:14.763+00:00,2026-09-18T14:52:42.854+00:00,2026-09-18T14:53:30.394+00:00,True,779,779.0,,779.0,148090.436459,195630.40701899998,195630.406998,251.1301758639281,0.016,148090.436459,5303.794466431684,131.74540799999997,61.105360616966585,31.47568147627504,3.981998564897644,17,36,,True,True,,3952,100.0
17,2026-09-18T14:50:19.644+00:00,2026-09-18T14:53:02.437+00:00,2026-09-18T14:53:45.100+00:00,True,704,704.0,,704.0,162792.909413,205456.45117299998,205456.451305,291.84155014914774,0.016239999999999997,162792.909413,6133.28375876639,130.10475764999998,60.68782611664296,31.813458465859238,3.4265168894950526,17,36,,True,True,,3538,100.0
18,2026-09-18T14:50:24.753+00:00,2026-09-18T14:53:16.823+00:00,2026-09-18T14:54:10.498+00:00,True,881,881.0,,881.0,172070.711972,225744.90026,225744.900184,256.2371171214529,41.043119,172070.711972,5795.210180281203,130.241088,60.99339578181818,25.380881949371105,3.902635226688686,17,36,,True,True,,3081,100.0
19,2026-09-18T14:50:28.230+00:00,2026-09-18T14:53:27.998+00:00,2026-09-18T14:54:27.463+00:00,True,975,975.0,,975.0,179767.937557,239232.641813,239232.641818,245.36681212102565,0.01602,179767.937557,5755.3123043598625,129.1520914,61.052057757700204,31.46871937572296,4.075530799689636,17,36,,True,True,,3261,100.0
20,2026-09-18T14:50:33.591+00:00,2026-09-18T14:53:47.007+00:00,2026-09-18T14:54:45.613+00:00,True,955,955.0,,955.0,193415.41744999998,252021.90781799998,252021.90763499998,263.8972854816754,0.01783,193415.41744999998,6256.870348221292,132.06659000000002,61.43237984067086,32.11316851811994,3.7893531092926347,17,36,,True,True,,4775,100.0
21,2026-09-18T14:50:36.790+00:00,2026-09-18T14:54:00.065+00:00,2026-09-18T14:54:45.230+00:00,True,741,741.0,,741.0,203274.792868,248440.28074,248440.28066699998,335.27703193927124,0.01636,203274.792868,7465.315052277346,131.011226,61.03444307027027,32.60432131931092,2.98260812535258,17,36,,True,True,,3586,100.0
22,2026-09-18T14:50:41.079+00:00,2026-09-18T14:54:11.802+00:00,2026-09-18T14:55:07.637+00:00,True,921,921.0,,921.0,210722.48209,266557.34417,266557.344374,289.4216551292074,0.016489999999999998,210722.48209,6941.613400551003,134.59348699999998,60.690067478260865,31.489380875438897,3.455166477846589,17,36,,True,True,,3976,100.0
23,2026-09-18T14:50:45.588+00:00,2026-09-18T14:54:25.709+00:00,2026-09-18T14:55:21.663+00:00,True,918,918.0,,918.0,220120.93488699998,276074.606055,276074.60598,300.73486490196075,0.01594,220120.93488699998,7263.12861499933,134.27008255,61.01818011777535,31.696510522733906,3.325188118957651,17,36,,True,True,,4824,100.0
24,2026-09-18T14:50:48.737+00:00,2026-09-18T14:54:35.750+00:00,2026-09-18T14:55:13.615+00:00,True,610,610.0,,610.0,227013.11601,264878.494314,264878.494168,434.22703961967215,43.136039,227013.11601,9189.017056922354,135.74075155,62.176319054187196,27.839637632493346,2.302942719377119,17,36,,True,True,,3856,100.0
25,2026-09-18T14:50:54.066+00:00,2026-09-18T14:54:55.630+00:00,2026-09-18T14:55:36.945+00:00,True,729,729.0,,729.0,241564.67083199997,282878.73470399994,282878.734627,388.0366730137174,38.246480000000005,241564.67083199997,8944.766548050811,128.155122,56.75008773626374,22.691410953986868,2.5770760066599374,17,36,,True,True,,3736,100.0
26,2026-09-18T14:50:57.225+00:00,2026-09-18T14:55:07.147+00:00,2026-09-18T14:55:41.226+00:00,True,640,640.0,,640.0,249922.490345,284001.619689,284001.619685,443.7525307578125,37.341042,249922.490345,9876.961563609611,103.33272185,53.33197080438185,17.705665535588118,2.253508274709282,17,36,,True,True,,3183,100.0
27,2026-09-18T14:51:02.907+00:00,2026-09-18T14:55:21.065+00:00,2026-09-18T14:55:53.157+00:00,True,706,706.0,,706.0,258157.780858,290249.577338,290249.57733,411.1183814872521,0.01829,258157.780858,9714.208457630824,68.234998,45.52027869503546,22.22343031921666,2.4323894162913886,17,36,,True,True,,3358,100.0
0,2026-09-18T14:49:03.139+00:00,2026-09-18T14:49:03.441+00:00,2026-09-18T14:49:52.988+00:00,True,925,925.0,,925.0,301.595231,49848.637023,49848.637073,53.8904184572973,11.449347,301.595231,23.75552643608067,115.7478944,53.622339601731596,22.32461305394339,18.556174355844632,18,36,,False,True,,4116,100.0
1,2026-09-18T14:49:07.874+00:00,2026-09-18T14:49:08.039+00:00,2026-09-18T14:49:55.632+00:00,True,842,842.0,,842.0,165.36448499999997,47757.960197,47757.960402,56.71966793586699,0.03133,165.36448499999997,23.69241003715861,123.1336609,56.59048241617122,23.40790601191631,17.630568737165028,18,36,,False,True,,3832,100.0
2,2026-09-18T14:49:12.548+00:00,2026-09-18T14:49:12.711+00:00,2026-09-18T14:49:58.709+00:00,True,790,790.0,,790.0,162.932775,46161.141543,46161.141563,58.43182476329114,36.467531,162.932775,24.559249791040916,127.774788,58.29937739923954,24.290869841998934,17.113961518133163,18,36,,False,True,,4369,100.0
3,2026-09-18T14:49:17.216+00:00,2026-09-18T14:49:39.006+00:00,2026-09-18T14:50:20.661+00:00,True,675,675.0,,675.0,21790.327497000002,63444.605641,63444.605811,93.9920086088889,0.01847,21790.327497000002,836.792492427365,129.505868,61.801599620178045,27.797333530625192,10.6392023904991,18,36,,False,True,,3025,100.0
4,2026-09-18T14:49:21.879+00:00,2026-09-18T14:49:52.340+00:00,2026-09-18T14:50:32.219+00:00,True,668,668.0,,668.0,30460.781988000002,70340.36419600001,70340.364216,105.29994643113773,0.01755,30460.781988000002,1176.5383045287197,122.94562699999999,59.78947857271364,26.076999114654868,9.496680997252877,18,36,,False,True,,2597,100.0
5,2026-09-18T14:49:24.628+00:00,2026-09-18T14:49:57.325+00:00,2026-09-18T14:50:53.466+00:00,True,929,929.0,,929.0,32696.470906,88837.843578,88837.843534,95.62738808826695,0.01703,32696.470906,1071.0726683215737,128.14313439999998,60.4971688275862,26.239052604186792,10.457255180719622,18,36,,False,True,,4041,100.0
6,2026-09-18T14:49:28.019+00:00,2026-09-18T14:50:03.568+00:00,2026-09-18T14:51:02.952+00:00,True,992,992.0,,992.0,35548.611446,94932.62399,94932.623767,95.69820944254033,0.0162,35548.611446,1127.094319672587,125.9366935,59.923322446014126,27.17600521772033,10.449516281194283,18,36,,False,True,,4563,100.0
7,2026-09-18T14:49:31.629+00:00,2026-09-18T14:50:23.864+00:00,2026-09-18T14:51:24.898+00:00,True,993,993.0,,993.0,52235.506472,113269.16868,113269.168708,114.06764220342397,0.01636,52235.506472,1655.9336501167027,130.8698548,61.52586916129032,28.348154621239527,8.766728065298624,18,36,,False,True,,4795,100.0
8,2026-09-18T14:49:36.427+00:00,2026-09-18T14:50:38.555+00:00,2026-09-18T14:51:14.975+00:00,True,615,615.0,,615.0,62128.751072,98548.392672,98548.392733,160.24128899674795,0.01691,62128.751072,2503.0326061751452,127.65814069999999,59.31537719869707,27.551359383970258,6.24058884498414,18,36,,False,True,,2580,100.0
9,2026-09-18T14:49:40.835+00:00,2026-09-18T14:50:50.667+00:00,2026-09-18T14:51:36.638+00:00,True,756,756.0,,756.0,69832.511929,115803.17816899999,115803.178137,153.17880705952382,0.019579999999999997,69832.511929,2537.723991854824,129.30027925000002,60.88829965562913,28.02764867619394,6.528318237490117,18,36,,False,True,,1550,100.0
10,2026-09-18T14:49:44.519+00:00,2026-09-18T14:51:01.019+00:00,2026-09-18T14:51:38.270+00:00,True,611,611.0,,611.0,76500.179856,113750.836368,113750.83635700001,186.171581599018,36.83341,76500.179856,3092.499636091968,130.14539100000002,61.06665001967213,25.397394619663586,5.371389077292837,18,36,,False,True,,2320,100.0
11,2026-09-18T14:49:47.660+00:00,2026-09-18T14:51:19.259+00:00,2026-09-18T14:52:13.140+00:00,True,885,885.0,,885.0,91598.90175599999,145479.24581999998,145479.245925,164.38332872881355,0.01661,91598.90175599999,3077.1528552816294,130.441944,60.950615457013576,29.189304866394487,6.0833419572094956,18,36,,True,True,,4355,100.0
12,2026-09-18T14:49:51.105+00:00,2026-09-18T14:51:28.549+00:00,2026-09-18T14:52:16.288+00:00,True,791,791.0,,791.0,97444.198491,145182.489691,145182.489886,183.54297077876106,0.01794,97444.198491,3462.690511121736,129.085072,60.42821670886076,29.11606464761971,5.448315438614736,18,36,,True,True,,3916,100.0
13,2026-09-18T14:49:55.720+00:00,2026-09-18T14:51:39.046+00:00,2026-09-18T14:52:32.685+00:00,True,891,891.0,,891.0,103326.528362,156965.494122,156965.494006,176.1677822738496,0.01783,103326.528362,3459.668833711524,128.40445150000002,60.26850085393258,28.706067402071547,5.676406811470796,18,36,,True,True,,3655,100.0
14,2026-09-18T14:49:58.864+00:00,2026-09-18T14:51:52.637+00:00,2026-09-18T14:52:36.492+00:00,True,714,714.0,,714.0,113773.09062,157627.254332,157627.2545,220.76646288515406,0.01666,113773.09062,4255.65741157491,129.64107615,61.506540970546986,30.38626806302946,4.529673520139787,18,36,,True,True,,3656,100.0
15,2026-09-18T14:50:03.298+00:00,2026-09-18T14:52:10.716+00:00,2026-09-18T14:53:10.012+00:00,True,969,969.0,,969.0,127418.281076,186713.91346,186713.913282,192.68721700928793,0.01543,127418.281076,4091.4118079547457,130.69201,61.255818578512404,30.65289581715619,5.189757860265675,18,36,,True,True,,4593,100.0
16,2026-09-18T14:50:07.237+00:00,2026-09-18T14:52:21.449+00:00,2026-09-18T14:53:10.171+00:00,True,806,806.0,,806.0,134212.25586,182934.24293200002,182934.243127,226.9655621923077,0.01598,134212.25586,4725.395688824715,130.95125875,60.52420754285714,31.14014003148235,4.405954768673927,18,36,,True,True,,2706,100.0
17,2026-09-18T14:50:09.969+00:00,2026-09-18T14:52:28.406+00:00,2026-09-18T14:53:09.277+00:00,True,679,679.0,,679.0,138436.503589,179308.002085,179308.002063,264.0765862488954,0.01641,138436.503589,5310.485762279541,127.579877,60.282446159292036,31.583253220817852,3.7867802446324936,18,36,,True,True,,3557,100.0
18,2026-09-18T14:50:13.956+00:00,2026-09-18T14:52:39.341+00:00,2026-09-18T14:53:24.371+00:00,True,739,739.0,,739.0,145385.12603,190415.537038,190415.537153,257.66649141136674,0.0167,145385.12603,5345.925799407376,130.05693310000004,61.01681708401084,31.38888181825624,3.880985824452563,18,36,,True,True,,3598,100.0
19,2026-09-18T14:50:16.697+00:00,2026-09-18T14:52:51.748+00:00,2026-09-18T14:53:50.569+00:00,True,963,963.0,,963.0,155050.84589,213871.947714,213871.94768399998,222.08924993146417,0.01635,155050.84589,4994.5642970207355,130.915185,61.144596490644496,30.16117495119696,4.5026943004595,18,36,,True,True,,4623,100.0
20,2026-09-18T14:50:19.901+00:00,2026-09-18T14:53:02.878+00:00,2026-09-18T14:54:01.890+00:00,True,969,969.0,,969.0,162977.08735699998,221989.10143699998,221989.10155199998,229.0909200743034,0.016730000000000002,162977.08735699998,5233.705903206773,128.3696424,60.96282446280992,30.011152901291027,4.365079158063983,18,36,,True,True,,4974,100.0
21,2026-09-18T14:50:23.445+00:00,2026-09-18T14:53:12.403+00:00,2026-09-18T14:54:10.906+00:00,True,958,958.0,,958.0,168957.466099,227461.20907500002,227461.20894500002,237.4334122599165,41.988800000000005,168957.466099,5456.852568873066,129.70940915,61.132437801462906,25.542325837869704,4.211707147323401,18,36,,True,True,,3189,100.0
22,2026-09-18T14:50:27.891+00:00,2026-09-18T14:53:26.697+00:00,2026-09-18T14:54:25.180+00:00,True,960,960.0,,960.0,178806.30785100002,237289.781259,237289.781247,247.176855465625,42.621508999999996,178806.30785100002,5769.035217923081,126.60708825,60.983809601668405,25.133342844876196,4.045686227643183,18,36,,True,True,,3938,100.0
23,2026-09-18T14:50:32.377+00:00,2026-09-18T14:53:42.972+00:00,2026-09-18T14:54:21.157+00:00,True,620,620.0,,620.0,190595.311085,228780.025581,228780.025615,369.0000413145161,41.95087,190595.311085,7652.058324444528,131.38543745,61.68774555088853,25.93238754858473,2.7100267972497796,18,36,,True,True,,2363,100.0
24,2026-09-18T14:50:36.617+00:00,2026-09-18T14:53:59.318+00:00,2026-09-18T14:54:36.849+00:00,True,614,614.0,,614.0,202701.601157,240232.411269,240232.411292,391.25799884690554,0.016890000000000002,202701.601157,8177.971097477672,130.77645935,61.2248125807504,34.119003064354345,2.555858290547124,18,36,,True,True,,2433,100.0
25,2026-09-18T14:50:40.420+00:00,2026-09-18T14:54:10.018+00:00,2026-09-18T14:54:46.434+00:00,True,605,605.0,,605.0,209597.322622,246013.98003,246013.98021900002,406.6346780479339,0.016739999999999998,209597.322622,8518.960175736487,131.30952720000002,60.29247915231788,34.18635080107113,2.459209838100354,18,36,,True,True,,2655,100.0
26,2026-09-18T14:50:44.883+00:00,2026-09-18T14:54:24.717+00:00,2026-09-18T14:55:06.445+00:00,True,686,686.0,,686.0,219833.86594299998,261562.184663,261562.184755,381.2859836078717,0.0161,219833.86594299998,8391.03434421018,134.53142100000002,60.91725360583941,32.84066476258229,2.622703281377815,18,36,,True,True,,3556,100.0
27,2026-09-18T14:50:49.770+00:00,2026-09-18T14:54:39.080+00:00,2026-09-18T14:55:17.815+00:00,True,623,623.0,,623.0,229310.060815,268044.858383,268044.858254,430.2485686260032,43.122779,229310.060815,9184.659889276394,135.00745,62.274594160771706,27.55760842459858,2.324237830034467,18,36,,True,True,,3215,100.0
28,2026-09-18T14:50:54.058+00:00,2026-09-18T14:54:54.954+00:00,2026-09-18T14:55:46.405+00:00,True,949,949.0,,949.0,240895.726739,292346.542483,292346.542399,308.0574735500527,0.01857,240895.726739,7818.07674428399,119.2427376,54.273012388185656,22.4929296606812,3.246147506790454,18,36,,True,True,,3831,100.0
29,2026-09-18T14:50:57.669+00:00,2026-09-18T14:55:07.590+00:00,2026-09-18T14:55:45.635+00:00,True,733,733.0,,733.0,249921.26872999998,287965.567482,287965.567447,392.8588914693042,0.03159,249921.26872999998,9229.148279627836,97.94361659999998,51.973085726775956,16.797765794409475,2.545443215344897,18,36,,True,True,,3653,100.0
30,2026-09-18T14:51:01.212+00:00,2026-09-18T14:55:15.242+00:00,2026-09-18T14:55:57.252+00:00,True,929,929.0,,929.0,254030.538147,296040.02704300004,296040.027022,318.6652605188375,0.01726,254030.538147,8333.036121627678,88.4417236,45.26884579310345,28.807515629556452,3.1380891607102237,18,36,,True,True,,4279,100.0
0,2026-09-18T14:49:03.144+00:00,2026-09-18T14:49:03.440+00:00,2026-09-18T14:49:32.649+00:00,True,619,619.0,,619.0,295.824292,29504.985252000002,29504.985119,47.66556562035541,0.943119,295.824292,17.11441041687869,75.73765420000001,47.264014498381876,13.907063629500627,20.979505487400335,19,36,,False,True,,2936,100.0
1,2026-09-18T14:49:06.962+00:00,2026-09-18T14:49:07.129+00:00,2026-09-18T14:49:38.899+00:00,True,622,622.0,,622.0,167.298356,31937.476916,31937.476735,51.34642561897106,0.04362,167.298356,16.215809479447863,80.97812895,51.15970782608695,15.545293429607788,19.475552237139656,19,36,,False,True,,1753,100.0
2,2026-09-18T14:49:12.345+00:00,2026-09-18T14:49:12.534+00:00,2026-09-18T14:50:03.410+00:00,True,866,866.0,,866.0,188.868891,51065.028891,51065.028888,58.96654606004619,0.02082,188.868891,25.505158897732574,127.95851875,58.81636994219653,25.133892168516656,16.95876843325607,19,36,,False,True,,4351,100.0
3,2026-09-18T14:49:18.632+00:00,2026-09-18T14:49:41.678+00:00,2026-09-18T14:50:28.146+00:00,True,767,767.0,,767.0,23045.986725000002,69514.769573,69514.769596,90.63203337157758,0.01898,23045.986725000002,830.354366906625,126.17713199999999,60.66420737336814,25.86702356476171,11.033626446744462,19,36,,False,True,,3308,100.0
4,2026-09-18T14:49:22.673+00:00,2026-09-18T14:49:53.436+00:00,2026-09-18T14:50:46.128+00:00,True,865,865.0,,865.0,30762.747276000002,83454.997644,83454.997849,96.47976629942197,0.017410000000000002,30762.747276000002,1044.237072340309,128.1346966,60.98640088888889,26.89033959635183,10.364867586359452,19,36,,False,True,,4877,100.0
5,2026-09-18T14:49:26.771+00:00,2026-09-18T14:50:00.773+00:00,2026-09-18T14:50:48.253+00:00,True,794,794.0,,794.0,34001.98382,81481.417804,81481.417849,102.62143305919396,0.01736,34001.98382,1204.8355797865956,124.2583895,59.8731828297604,25.763827917237535,9.744553069878243,19,36,,False,True,,3750,100.0
6,2026-09-18T14:49:31.317+00:00,2026-09-18T14:50:20.811+00:00,2026-09-18T14:51:01.886+00:00,True,655,655.0,,655.0,49494.375254,90569.81870999999,90569.818919,138.27453270076336,0.017,49494.375254,1931.6895812974076,130.9796153,62.80648846483181,30.368516128873427,7.2319897437056495,19,36,,False,True,,3412,100.0
7,2026-09-18T14:49:35.821+00:00,2026-09-18T14:50:36.209+00:00,2026-09-18T14:51:31.585+00:00,True,905,905.0,,905.0,60388.658032,115764.676976,115764.67688,127.91677003314918,0.016550000000000002,60388.658032,2005.5470721427125,131.10323419999997,61.25665812389381,28.08197609609399,7.81758325285719,19,36,,False,True,,4489,100.0
8,2026-09-18T14:49:41.013+00:00,2026-09-18T14:50:50.824+00:00,2026-09-18T14:51:43.667+00:00,True,868,868.0,,868.0,69811.543765,122654.409173,122654.409261,141.30692311175113,0.01682,69811.543765,2367.65365335322,129.77721499999998,60.94909504959631,27.900423700284804,7.076794106730518,19,36,,False,True,,3370,100.0
9,2026-09-18T14:49:45.211+00:00,2026-09-18T14:51:02.901+00:00,2026-09-18T14:51:55.659+00:00,True,873,873.0,,873.0,77689.492146,130447.677618,130447.67770500001,149.4246021821306,41.776059000000004,77689.492146,2627.4636595027523,130.14918440000002,60.50250627522936,25.17050487134272,6.692338383796094,19,36,,False,True,,3787,100.0
10,2026-09-18T14:49:50.412+00:00,2026-09-18T14:51:26.910+00:00,2026-09-18T14:52:14.200+00:00,True,783,783.0,,783.0,96497.51800499999,143787.939765,143787.93974499998,183.63721551085567,0.016800000000000002,96497.51800499999,3446.501407133666,129.239772,60.473685115089516,29.08934260974817,5.44551929236692,19,36,,True,True,,3887,100.0
11,2026-09-18T14:49:55.946+00:00,2026-09-18T14:51:40.265+00:00,2026-09-18T14:52:39.161+00:00,True,979,979.0,,979.0,104318.665406,163214.549182,163214.549176,166.71557627783451,0.01757,104318.665406,3332.2338918817945,127.27643309999999,60.22074005725972,28.240672008937924,5.998239770330281,19,36,,True,True,,4116,100.0
12,2026-09-18T14:50:00.373+00:00,2026-09-18T14:51:58.121+00:00,2026-09-18T14:52:57.146+00:00,True,984,984.0,,984.0,117747.95006,176772.38321200002,176772.383211,179.6467309054878,0.01676,117747.95006,3751.839282198905,127.4185608,60.045201578840285,25.401794657697398,5.566480363733661,19,36,,True,True,,5035,100.0
13,2026-09-18T14:50:05.372+00:00,2026-09-18T14:52:16.288+00:00,2026-09-18T14:53:04.297+00:00,True,791,791.0,,791.0,130916.36719,178925.21199,178925.211951,226.2012793312263,41.243451,130916.36719,4652.759750701309,131.2943755,60.770689620253165,25.60517442389068,4.420841485682903,19,36,,True,True,,3484,100.0
14,2026-09-18T14:50:11.200+00:00,2026-09-18T14:52:32.839+00:00,2026-09-18T14:53:13.329+00:00,True,663,663.0,,663.0,141639.399408,182128.579312,182128.57931,274.70373953242836,0.01717,141639.399408,5498.538777827955,131.16892700000002,61.161903178247734,32.457015826955605,3.640285355019604,19,36,,True,True,,3347,100.0
15,2026-09-18T14:50:14.742+00:00,2026-09-18T14:52:42.415+00:00,2026-09-18T14:53:21.546+00:00,True,644,644.0,,644.0,147672.448516,186803.914244,186803.914136,290.06818965217394,0.01638,147672.448516,5816.800052332075,130.99722135000002,60.85764498911353,32.1136415905935,3.4474652343677255,19,36,,True,True,,3333,100.0
16,2026-09-18T14:50:18.186+00:00,2026-09-18T14:52:57.362+00:00,2026-09-18T14:53:58.172+00:00,True,995,995.0,,995.0,159176.042707,219986.323155,219986.32297399998,221.09178188341707,0.0166,159176.042707,5044.369583559027,130.1347987,61.17734451509054,30.02001974626316,4.523008456752713,19,36,,True,True,,4113,100.0
17,2026-09-18T14:50:22.125+00:00,2026-09-18T14:53:10.168+00:00,2026-09-18T14:54:08.986+00:00,True,960,960.0,,960.0,168043.14447,226861.599254,226861.599464,236.31416610833332,42.060119,168043.14447,5421.650677278095,128.844099,61.33311239207508,25.737864286706888,4.231654908352998,19,36,,True,True,,4692,100.0
18,2026-09-18T14:50:28.382+00:00,2026-09-18T14:53:28.544+00:00,2026-09-18T14:54:11.956+00:00,True,707,707.0,,707.0,180161.705035,223574.30970699998,223574.30948999999,316.229574950495,40.887947,180161.705035,6773.414958199312,130.7379761,61.49094146175637,25.858430402740893,3.1622595678660135,19,36,,True,True,,2971,100.0
19,2026-09-18T14:50:33.886+00:00,2026-09-18T14:53:49.772+00:00,2026-09-18T14:54:41.405+00:00,True,846,846.0,,846.0,195885.67541,247518.927762,247518.92784699998,292.57556483096926,0.01667,195885.67541,6732.6610522701485,130.897746,61.104440653254436,31.50325839740355,3.4179204299618857,19,36,,True,True,,3587,100.0
20,2026-09-18T14:50:39.190+00:00,2026-09-18T14:54:07.339+00:00,2026-09-18T14:55:05.003+00:00,True,953,953.0,,953.0,208148.448489,265812.837353,265812.837445,278.9221799003148,0.016239999999999997,208148.448489,6740.696500445207,132.70225260000004,60.5718370420168,30.513898433366457,3.5852294023497966,19,36,,True,True,,4839,100.0
21,2026-09-18T14:50:44.832+00:00,2026-09-18T14:54:23.899+00:00,2026-09-18T14:55:12.958+00:00,True,798,798.0,,798.0,219066.880056,268125.449272,268125.449243,335.9968035626566,0.01663,219066.880056,7752.772614276305,134.3442445,61.55403916687579,32.51827371261641,2.9762187892521474,19,36,,True,True,,3557,100.0
22,2026-09-18T14:50:49.559+00:00,2026-09-18T14:54:38.512+00:00,2026-09-18T14:55:16.465+00:00,True,609,609.0,,609.0,228953.203885,266906.542765,266906.54291,438.27018540229886,43.899709,228953.203885,9275.163936949188,135.6220878,62.423254736842104,27.74924444109622,2.2816975323688444,19,36,,True,True,,3794,100.0
23,2026-09-18T14:50:53.506+00:00,2026-09-18T14:54:54.445+00:00,2026-09-18T14:55:31.221+00:00,True,628,628.0,,628.0,240939.11775499998,277714.97388299997,277714.973977,442.22129614171973,41.36668,240939.11775499998,9612.207569688502,132.06394699999998,58.65367803508772,24.279308589007115,2.261311268957984,19,36,,True,True,,2889,100.0
24,2026-09-18T14:50:59.749+00:00,2026-09-18T14:55:12.580+00:00,2026-09-18T14:55:43.299+00:00,True,604,604.0,,604.0,252831.55958899998,283550.71402099996,283550.713878,469.4548243013245,0.02591,252831.55958899998,10285.506754755545,55.592847,50.94387136318408,13.895827745844409,2.1301304145376525,19,36,,True,True,,2878,100.0
0,2026-09-18T14:49:03.147+00:00,2026-09-18T14:49:03.439+00:00,2026-09-18T14:49:45.898+00:00,True,823,823.0,,823.0,292.303093,42751.393013,42751.392827,51.945799303766705,14.084716,292.303093,21.619799528969804,91.2659883,51.653394063260336,19.93820792767388,19.250834697941638,20,36,,False,True,,2823,100.0
1,2026-09-18T14:49:08.027+00:00,2026-09-18T14:49:08.141+00:00,2026-09-18T14:50:01.805+00:00,True,931,931.0,,931.0,113.999271,53777.285287,53777.285352,57.76292733834587,0.01732,207.381365,25.046715639348577,122.143799,57.70245808172043,24.992106772440895,17.312142013703653,20,36,,False,True,,4957,100.0
2,2026-09-18T14:49:12.311+00:00,2026-09-18T14:49:12.462+00:00,2026-09-18T14:49:53.433+00:00,True,718,718.0,,718.0,150.3912,41122.091936,41122.091906,57.273108504178275,30.761522,161.88496700000002,22.973817024857283,123.3850734,57.14323673082288,22.724569700296733,17.46020122510919,20,36,,False,True,,2837,100.0
3,2026-09-18T14:49:16.311+00:00,2026-09-18T14:49:34.977+00:00,2026-09-18T14:50:29.038+00:00,True,882,882.0,,882.0,18666.125826,72727.114754,72727.114711,82.45704615759637,0.01846,18666.125826,627.0196133230621,128.88111905,61.36321104199773,26.619608305843286,12.127526342594114,20,36,,False,True,,4348,100.0
4,2026-09-18T14:49:19.533+00:00,2026-09-18T14:49:45.842+00:00,2026-09-18T14:50:30.931+00:00,True,744,744.0,,744.0,26309.16619,71398.803054,71398.803148,95.96613326344087,0.01752,26309.16619,962.6913277940115,127.71341714999998,60.685917717362045,26.898478789221183,10.420342753327413,20,36,,False,True,,4435,100.0
5,2026-09-18T14:49:24.318+00:00,2026-09-18T14:49:56.333+00:00,2026-09-18T14:50:47.816+00:00,True,855,855.0,,855.0,32015.067015999997,83498.053512,83498.05355699999,97.65854217192982,0.01669,32015.067015999997,1093.1419114588555,125.05381740000001,60.284527512880565,26.106111453497096,10.239759659512577,20,36,,False,True,,3834,100.0
6,2026-09-18T14:49:29.230+00:00,2026-09-18T14:50:08.441+00:00,2026-09-18T14:50:52.947+00:00,True,741,741.0,,741.0,39210.585017,83716.62072899999,83716.620577,112.97789551551956,9.464077999999999,39210.585017,1438.4477475646745,128.385727,60.1432915027027,25.192990076335867,8.851288950120185,20,36,,False,True,,2969,100.0
7,2026-09-18T14:49:33.361+00:00,2026-09-18T14:50:31.472+00:00,2026-09-18T14:51:32.836+00:00,True,987,987.0,,987.0,58110.986306,119474.239554,119474.239482,121.04786168389057,0.016730000000000002,58110.986306,1847.9382286992864,131.8560984,62.234536762677486,28.92131379115781,8.26119508008164,20,36,,False,True,,4581,100.0
8,2026-09-18T14:49:36.772+00:00,2026-09-18T14:50:39.195+00:00,2026-09-18T14:51:38.447+00:00,True,966,966.0,,966.0,62422.388735,121675.126015,121675.12587,125.95768723602484,0.0173,62422.388735,2006.628205713247,129.862101,61.40180029015544,28.084540458151086,7.9391740254364915,20,36,,False,True,,4820,100.0
9,2026-09-18T14:49:39.977+00:00,2026-09-18T14:50:47.969+00:00,2026-09-18T14:51:40.416+00:00,True,859,859.0,,859.0,67991.946247,120439.134215,120439.134115,140.2085379685681,0.01641,67991.946247,2317.940017475958,128.5152409,61.1272587039627,28.120660923056633,7.132233269516616,20,36,,False,True,,3884,100.0
10,2026-09-18T14:49:44.733+00:00,2026-09-18T14:51:01.517+00:00,2026-09-18T14:51:52.692+00:00,True,848,848.0,,848.0,76783.453552,127958.492016,127958.49204400001,150.89444816509436,39.34875,76783.453552,2634.8001555451874,130.14694,60.419171740259735,25.196589923981644,6.627149059352509,20,36,,False,True,,3815,100.0
11,2026-09-18T14:49:48.680+00:00,2026-09-18T14:51:22.440+00:00,2026-09-18T14:52:09.955+00:00,True,787,787.0,,787.0,93759.956906,141274.748074,141274.748074,179.5104803989835,0.016370000000000003,93759.956906,3340.154607246864,128.9560923,60.45138825445293,29.254529717213593,5.570705385988498,20,36,,True,True,,4052,100.0
12,2026-09-18T14:49:52.083+00:00,2026-09-18T14:51:30.682+00:00,2026-09-18T14:52:06.612+00:00,True,606,606.0,,606.0,98599.063354,134528.944954,134528.944885,221.99495855610562,0.01726,98599.063354,4003.0080306068176,126.25210525,59.38823404958678,29.341087140369527,4.504606798241166,20,36,,True,True,,2866,100.0
13,2026-09-18T14:49:55.990+00:00,2026-09-18T14:51:40.563+00:00,2026-09-18T14:52:18.920+00:00,True,642,642.0,,642.0,104573.071488,142930.343296,142930.343185,222.63293330996885,0.01859,104573.071488,4124.9132225609255,126.040808,59.8397376099844,29.452314896239024,4.491698439920887,20,36,,True,True,,2978,100.0
14,2026-09-18T14:49:59.492+00:00,2026-09-18T14:51:54.378+00:00,2026-09-18T14:52:41.827+00:00,True,780,780.0,,780.0,114885.541785,162335.024281,162335.024333,208.12182606794872,0.01614,114885.541785,4111.486870739619,128.69465054999998,60.91076058536586,29.48108907730263,4.8048780813303065,20,36,,True,True,,3116,100.0
15,2026-09-18T14:50:03.014+00:00,2026-09-18T14:52:10.142+00:00,2026-09-18T14:52:48.367+00:00,True,627,627.0,,627.0,127128.30416300001,165353.612323,165353.61227100002,263.72186965071774,42.39466,127128.30416300001,5074.644812795227,131.69250399999999,61.06279258785942,26.290846345000666,3.791873616738561,20,36,,True,True,,3244,100.0
16,2026-09-18T14:50:06.391+00:00,2026-09-18T14:52:19.076+00:00,2026-09-18T14:52:56.594+00:00,True,626,626.0,,626.0,132684.147929,170203.021529,170203.021522,271.88981073801915,42.328379,132684.147929,5300.7855578643075,130.37956175,60.03019776,25.1851074364718,3.677960557787978,20,36,,True,True,,2942,100.0
17,2026-09-18T14:50:09.541+00:00,2026-09-18T14:52:26.841+00:00,2026-09-18T14:53:25.680+00:00,True,971,971.0,,971.0,137300.675123,196138.853171,196138.853114,201.99675912873326,0.01641,137300.675123,4404.349628233569,130.5356865,60.65791551340206,30.84300076507736,4.950574474673061,20,36,,True,True,,4006,100.0
18,2026-09-18T14:50:14.265+00:00,2026-09-18T14:52:40.889+00:00,2026-09-18T14:53:30.349+00:00,True,813,813.0,,813.0,146623.926646,196084.42891800002,196084.429039,241.1862595805658,0.01651,146623.926646,5140.28060260474,130.20059460000002,60.911948610837435,30.64904463016664,4.146173179003347,20,36,,True,True,,3598,100.0
19,2026-09-18T14:50:18.772+00:00,2026-09-18T14:52:59.022+00:00,2026-09-18T14:53:53.570+00:00,True,898,898.0,,898.0,160250.122757,214797.696773,214797.696814,239.19565346770602,0.016829999999999998,160250.122757,5345.670203485188,128.431864,60.81111930434783,29.91981005642313,4.180677975094928,20,36,,True,True,,3595,100.0
20,2026-09-18T14:50:22.355+00:00,2026-09-18T14:53:11.000+00:00,2026-09-18T14:53:54.913+00:00,True,727,727.0,,727.0,168644.621893,212557.380421,212557.380309,292.3760389394773,42.881209000000005,168644.621893,6252.48985016703,127.81073570000001,60.4858932892562,25.106115073549518,3.420252915048508,20,36,,True,True,,3792,100.0
21,2026-09-18T14:50:25.588+00:00,2026-09-18T14:53:21.729+00:00,2026-09-18T14:54:15.398+00:00,True,875,875.0,,875.0,176141.089241,229809.963737,229809.963777,262.63995860228573,43.560749,176141.089241,5952.635031925542,130.119255,61.40603489244852,25.671932453042245,3.8074937473179835,20,36,,True,True,,1751,100.0
22,2026-09-18T14:50:28.898+00:00,2026-09-18T14:53:30.242+00:00,2026-09-18T14:54:22.995+00:00,True,866,866.0,,866.0,181344.711428,234097.7769,234097.776763,270.320758386836,40.288882,181344.711428,6160.32372416332,128.760459,60.98620285780347,25.319046779134986,3.699308944612195,20,36,,True,True,,4720,100.0
23,2026-09-18T14:50:33.859+00:00,2026-09-18T14:53:49.457+00:00,2026-09-18T14:54:35.568+00:00,True,751,751.0,,751.0,195597.99910299998,241708.58419099997,241708.58412599997,321.84898019440743,0.016300000000000002,195597.99910299998,7135.3064032047205,131.366006,61.48078011733333,33.28066230278401,3.1070472838753385,20,36,,True,True,,3413,100.0
24,2026-09-18T14:50:38.096+00:00,2026-09-18T14:54:03.008+00:00,2026-09-18T14:54:59.531+00:00,True,934,934.0,,934.0,204912.403511,261434.93688700002,261434.936962,279.9089260835118,0.01584,204912.403511,6703.027311323919,131.873783,60.58149343622723,30.854118775226986,3.5725906075196936,20,36,,True,True,,4373,100.0
25,2026-09-18T14:50:41.951+00:00,2026-09-18T14:54:14.999+00:00,2026-09-18T14:55:00.283+00:00,True,755,755.0,,755.0,213047.830264,258331.38892,258331.388816,342.16077988874173,0.01581,213047.830264,7751.484352591245,130.9411543,60.05777010079575,31.926833186121357,2.9226026428937297,20,36,,True,True,,3606,100.0
26,2026-09-18T14:50:45.623+00:00,2026-09-18T14:54:26.353+00:00,2026-09-18T14:55:18.236+00:00,True,846,846.0,,846.0,220730.237553,272612.739697,272612.739566,322.2372808108747,0.01811,220730.237553,7586.800479263824,134.463007,61.39941082130177,27.434550968306297,3.1033032459902676,20,36,,True,True,,3885,100.0
27,2026-09-18T14:50:49.244+00:00,2026-09-18T14:54:37.633+00:00,2026-09-18T14:55:25.033+00:00,True,784,784.0,,784.0,228388.65321599998,275788.83216,275788.832291,351.77146975892856,42.08878,228388.65321599998,8154.617102191943,133.45143349999998,60.53662700383142,26.035663036388495,2.8427547042411034,20,36,,True,True,,2977,100.0
28,2026-09-18T14:50:52.124+00:00,2026-09-18T14:54:46.990+00:00,2026-09-18T14:55:31.175+00:00,True,755,755.0,,755.0,234866.183659,279050.949867,279050.950018,369.6039073086093,41.356919999999995,234866.183659,8545.556617751537,133.4252827,58.60048568700265,24.01936728548473,2.705599104249044,20,36,,True,True,,3870,100.0
29,2026-09-18T14:50:55.130+00:00,2026-09-18T14:54:59.472+00:00,2026-09-18T14:55:43.214+00:00,True,802,802.0,,802.0,244342.012162,288084.712194,288084.712038,359.20787037157106,9.577118,244342.012162,8626.112015688845,113.19746549999999,54.61011239950062,20.347262554868813,2.7839033661040737,20,36,,True,True,,3911,100.0
30,2026-09-18T14:50:59.459+00:00,2026-09-18T14:55:11.298+00:00,2026-09-18T14:55:45.323+00:00,True,669,669.0,,669.0,251838.89947,285864.043022,285864.04303,427.3005127503737,18.881736,251838.89947,9734.69592221447,57.93884739999999,50.935843640718566,14.539653765940143,2.340273344376208,20,36,,True,True,,2872,100.0
0,2026-09-18T14:49:03.149+00:00,2026-09-18T14:49:03.440+00:00,2026-09-18T14:49:56.335+00:00,True,968,968.0,,968.0,290.68194400000004,53186.26287200001,53186.262969,54.94448653822314,13.368266,290.68194400000004,24.832844116717453,122.6619208,54.70070416546019,23.658422749105878,18.200188314219858,21,36,,False,True,,4255,100.0
1,2026-09-18T14:49:06.707+00:00,2026-09-18T14:49:06.850+00:00,2026-09-18T14:49:53.833+00:00,True,841,841.0,,841.0,143.16313200000002,47125.95558,47125.95563,56.03561906064209,0.04693,163.43051699999998,22.964381421636283,119.80664,55.93189577142857,22.78009518753225,17.845791977041962,21,36,,False,True,,4247,100.0
2,2026-09-18T14:49:11.107+00:00,2026-09-18T14:49:11.300+00:00,2026-09-18T14:50:05.242+00:00,True,917,917.0,,917.0,192.909258,54135.089353999996,54135.089195,59.0349936695747,0.01881,192.909258,25.628458784750187,126.5266714,58.88884289956332,25.25721810139676,16.939105688060412,21,36,,False,True,,4287,100.0
3,2026-09-18T14:49:16.354+00:00,2026-09-18T14:49:35.636+00:00,2026-09-18T14:50:31.310+00:00,True,904,904.0,,904.0,19281.591552,74956.243968,74956.243901,82.91619900553097,0.02144,19281.591552,639.8121569093245,129.85420865,61.655207548172754,26.93502789783841,12.060369518861322,21,36,,False,True,,4293,100.0
4,2026-09-18T14:49:20.243+00:00,2026-09-18T14:49:47.991+00:00,2026-09-18T14:50:44.274+00:00,True,915,915.0,,915.0,27748.196064,84030.982624,84030.982632,91.83713948852458,0.01685,27748.196064,915.7038879568119,130.9331817,61.57854109409191,27.49904412672814,10.88884089448536,21,36,,False,True,,4322,100.0
5,2026-09-18T14:49:25.012+00:00,2026-09-18T14:49:57.667+00:00,2026-09-18T14:50:43.573+00:00,True,769,769.0,,769.0,32655.135338,78560.88305,78560.883166,102.15979605461638,0.01795,32655.135338,1175.699127936127,124.81818500000001,59.773109,25.688230121427168,9.788586509530075,21,36,,False,True,,3659,100.0
6,2026-09-18T14:49:31.414+00:00,2026-09-18T14:50:21.862+00:00,2026-09-18T14:51:02.498+00:00,True,650,650.0,,650.0,50448.650336000006,91084.236384,91084.23640400001,140.12959446769233,0.01735,50448.650336000006,1976.5370146672462,132.29603705000002,62.61261332511556,30.43785919193609,7.136251296653347,21,36,,False,True,,2851,100.0
7,2026-09-18T14:49:36.132+00:00,2026-09-18T14:50:36.896+00:00,2026-09-18T14:51:15.384+00:00,True,648,648.0,,648.0,60763.720294,99251.48067799999,99251.480698,153.16586527469136,0.02089,60763.720294,2384.846330235966,128.126314,59.4864920927357,27.543077889277395,6.528869852353096,21,36,,False,True,,3350,100.0
8,2026-09-18T14:49:40.437+00:00,2026-09-18T14:50:48.929+00:00,2026-09-18T14:51:43.196+00:00,True,891,891.0,,891.0,68491.238416,122758.839312,122758.839272,137.7764750527497,0.01614,68491.238416,2292.667779579999,129.337206,60.97483246741573,27.744609682751587,7.258133141316712,21,36,,False,True,,3926,100.0
9,2026-09-18T14:49:44.809+00:00,2026-09-18T14:51:01.886+00:00,2026-09-18T14:51:54.196+00:00,True,868,868.0,,868.0,77077.384684,129386.926828,129386.92697900001,149.0632799297235,41.700109,77077.384684,2614.249730568941,130.51764515,60.33395864359861,25.1347858937652,6.708560294919691,21,36,,False,True,,3974,100.0
10,2026-09-18T14:49:48.806+00:00,2026-09-18T14:51:23.675+00:00,2026-09-18T14:52:24.550+00:00,True,990,990.0,,990.0,94869.585067,155743.981739,155743.981691,157.31715322323234,0.01798,94869.585067,3013.3395580418237,130.504028,61.55146276238625,29.31479136575369,6.35658591070998,21,36,,True,True,,3647,100.0
11,2026-09-18T14:49:53.151+00:00,2026-09-18T14:51:33.033+00:00,2026-09-18T14:52:17.037+00:00,True,737,737.0,,737.0,99881.817282,143886.19155400002,143886.191641,195.23228173812754,0.01837,99881.817282,3677.105348164228,126.98366200000001,59.788552,28.931110987579018,5.122103740742949,21,36,,True,True,,3491,100.0
12,2026-09-18T14:49:58.023+00:00,2026-09-18T14:51:48.503+00:00,2026-09-18T14:52:32.842+00:00,True,733,733.0,,733.0,110479.21685,154818.468306,154818.468508,211.21209891950886,0.01743,110479.21685,4078.511079759057,128.6190972,60.57274789071038,29.341860986991332,4.734577263425829,21,36,,True,True,,3545,100.0
13,2026-09-18T14:50:02.169+00:00,2026-09-18T14:52:04.587+00:00,2026-09-18T14:53:05.306+00:00,True,988,988.0,,988.0,122418.624029,183137.159965,183137.159972,185.3614979473684,0.02103,122418.624029,3892.81573891255,130.89781749999997,61.518273491388044,30.278622831455976,5.394863610360782,21,36,,True,True,,4446,100.0
14,2026-09-18T14:50:08.207+00:00,2026-09-18T14:52:22.565+00:00,2026-09-18T14:53:14.246+00:00,True,850,850.0,,850.0,134357.809966,186039.48651000002,186039.486421,218.86998402470587,0.01651,134357.809966,4606.448908621805,130.01499660000002,60.87358839104829,30.671636029727086,4.56892252255443,21,36,,True,True,,3744,100.0
15,2026-09-18T14:50:12.860+00:00,2026-09-18T14:52:34.864+00:00,2026-09-18T14:53:18.071+00:00,True,712,712.0,,712.0,142003.562775,185211.414551,185211.414448,260.1283910786517,0.01729,142003.562775,5319.627777249802,130.302324,60.77053695639944,32.10371522734673,3.8442555051267804,21,36,,True,True,,2328,100.0
16,2026-09-18T14:50:18.781+00:00,2026-09-18T14:52:59.445+00:00,2026-09-18T14:53:46.842+00:00,True,781,781.0,,781.0,160663.65617899998,208061.150707,208061.15072699997,266.40352205761843,0.0169,160663.65617899998,5746.908457200831,131.082257,60.766018625641024,31.316136398493395,3.753704126628788,21,36,,True,True,,3081,100.0
17,2026-09-18T14:50:24.966+00:00,2026-09-18T14:53:17.385+00:00,2026-09-18T14:53:57.740+00:00,True,671,671.0,,671.0,172419.083511,212773.954039,212773.954001,317.09978241579734,41.991859,172419.083511,6653.886414791504,128.54128350000002,60.23115004179105,24.95309160551018,3.1535814758464764,21,36,,True,True,,3318,100.0
18,2026-09-18T14:50:30.942+00:00,2026-09-18T14:53:36.931+00:00,2026-09-18T14:54:20.017+00:00,True,703,703.0,,703.0,185989.925931,229075.141419,229075.141379,325.8536861721195,39.457909,185989.925931,7012.474977830481,131.7796041,61.37495083760684,25.655716837999716,3.0688620146441243,21,36,,True,True,,2695,100.0
19,2026-09-18T14:50:36.928+00:00,2026-09-18T14:54:01.891+00:00,2026-09-18T14:54:46.179+00:00,True,726,726.0,,726.0,204962.42631799998,249250.700238,249250.70023299998,343.3205237369146,0.01748,204962.42631799998,7604.668280752086,131.12053600000002,61.087274372413795,31.78576681847239,2.9127300316780267,21,36,,True,True,,4058,100.0
20,2026-09-18T14:50:41.266+00:00,2026-09-18T14:54:13.071+00:00,2026-09-18T14:55:02.132+00:00,True,820,820.0,,820.0,211804.91284900001,260866.20078500002,260866.20086100002,318.129513245122,0.01632,211804.91284900001,7394.520458143817,130.84129660000002,59.90389247374848,30.78311000100049,3.1433738733973637,21,36,,True,True,,2456,100.0
21,2026-09-18T14:50:45.895+00:00,2026-09-18T14:54:27.640+00:00,2026-09-18T14:55:15.245+00:00,True,771,771.0,,771.0,221745.261998,269350.68996600003,269350.690032,349.3523865525292,42.028098,221745.261998,7983.780648546261,135.259385,61.82523112727272,27.321314708440497,2.862439298363493,21,36,,True,True,,3299,100.0
22,2026-09-18T14:50:50.591+00:00,2026-09-18T14:54:44.273+00:00,2026-09-18T14:55:28.027+00:00,True,732,732.0,,732.0,233681.586385,277436.519633,277436.519644,379.0116388579235,42.766859,233681.586385,8634.94538593493,132.68739145,59.85626983310533,25.55833160189111,2.638441402625393,21,36,,True,True,,3503,100.0
23,2026-09-18T14:50:56.740+00:00,2026-09-18T14:55:05.390+00:00,2026-09-18T14:55:53.629+00:00,True,969,969.0,,969.0,248650.136451,296889.265795,296889.26581,306.38727121775025,0.01738,248650.136451,7986.232081378481,100.3295466,49.833811305785126,25.213899566098995,3.263843161878031,21,36,,True,True,,4346,100.0
24,2026-09-18T14:51:02.623+00:00,2026-09-18T14:55:18.507+00:00,2026-09-18T14:55:58.219+00:00,True,907,907.0,,907.0,255883.80276,295596.568968,295596.56895499997,325.90580921168686,0.01613,255883.80276,8495.08356278701,87.591012,43.833075284768206,31.082218538833416,3.068371203246909,21,36,,True,True,,5525,100.0
0,2026-09-18T14:49:03.149+00:00,2026-09-18T14:49:03.613+00:00,2026-09-18T14:49:55.583+00:00,True,958,958.0,,958.0,463.888401,52434.085905,52434.085758,54.732866135699375,3.980549,463.888401,26.561646688582798,120.21093339999999,54.30532654545455,23.04262993135699,18.27055785306724,22,36,,False,True,,4805,100.0
1,2026-09-18T14:49:08.781+00:00,2026-09-18T14:49:08.935+00:00,2026-09-18T14:50:06.518+00:00,True,992,992.0,,992.0,154.50212100000002,57737.215208999995,57737.215288,58.20283799193548,0.02004,168.23942499999998,24.902156355312673,124.38673495,58.105664064581234,24.725837314558202,17.1812928006505,22,36,,False,True,,4666,100.0
2,2026-09-18T14:49:12.961+00:00,2026-09-18T14:49:13.150+00:00,2026-09-18T14:50:03.234+00:00,True,852,852.0,,852.0,188.334122,50273.040682,50273.04067,59.00591627934272,0.01871,202.382286,25.829725095868195,127.28211295,58.85394425381903,25.460940457735973,16.94745311685621,22,36,,False,True,,3795,100.0
3,2026-09-18T14:49:16.815+00:00,2026-09-18T14:49:37.224+00:00,2026-09-18T14:50:32.019+00:00,True,890,890.0,,890.0,20408.594143,75204.063967,75204.06376799999,84.49894805393258,0.019190000000000002,20408.594143,682.5545042437252,127.06059355,61.637198902137236,26.728731698354547,11.834466823369246,22,36,,False,True,,4265,100.0
4,2026-09-18T14:49:21.616+00:00,2026-09-18T14:49:52.197+00:00,2026-09-18T14:50:39.099+00:00,True,768,768.0,,768.0,30580.843245,77482.962669,77482.96258200001,100.8892741953125,0.016989999999999998,30580.843245,1101.6236279911052,128.7610545,61.1500905136897,27.347705831552904,9.911856407463722,22,36,,False,True,,3447,100.0
5,2026-09-18T14:49:26.933+00:00,2026-09-18T14:50:00.998+00:00,2026-09-18T14:50:41.548+00:00,True,684,684.0,,684.0,34064.746482,74615.42321800001,74615.423209,109.08687603654971,0.01704,34064.746482,1300.47650354889,122.58690055,59.371415426061496,25.440097467931015,9.167005566685491,22,36,,False,True,,3408,100.0
6,2026-09-18T14:49:30.187+00:00,2026-09-18T14:50:11.625+00:00,2026-09-18T14:51:05.155+00:00,True,894,894.0,,894.0,41437.901421999995,94968.084846,94968.084987,106.22828298322148,0.01653,41437.901421999995,1384.1558035396827,127.9698905,59.94421436058231,27.348158901338625,9.413688835040826,22,36,,False,True,,2950,100.0
7,2026-09-18T14:49:34.559+00:00,2026-09-18T14:50:32.953+00:00,2026-09-18T14:51:18.745+00:00,True,755,755.0,,755.0,58393.953387999994,104185.70378799998,104185.703706,137.99430954437085,0.01604,58393.953387999994,2123.151979047979,131.088424,60.73176445623342,28.323454570166597,7.246675623906091,22,36,,False,True,,3602,100.0
8,2026-09-18T14:49:39.713+00:00,2026-09-18T14:50:46.541+00:00,2026-09-18T14:51:40.012+00:00,True,879,879.0,,879.0,66827.84621,120299.16781000001,120299.16775000001,136.85912144482367,0.01617,66827.84621,2252.1639184047917,128.936514,60.90127744874715,27.74887929474636,7.306783712654512,22,36,,False,True,,4219,100.0
9,2026-09-18T14:49:43.222+00:00,2026-09-18T14:50:56.436+00:00,2026-09-18T14:51:56.340+00:00,True,997,997.0,,997.0,73213.37164699999,133117.508351,133117.508312,133.51806249949848,41.009779,73213.37164699999,2316.922719084928,128.2703028,60.14471556626506,25.18772645080464,7.48962335871809,22,36,,False,True,,4443,100.0
10,2026-09-18T14:49:47.573+00:00,2026-09-18T14:51:18.640+00:00,2026-09-18T14:51:58.576+00:00,True,647,647.0,,647.0,91066.345514,131003.090474,131003.090378,202.4777285595054,0.01704,91066.345514,3577.893601687095,130.4825196,61.821586625387,31.287263877876793,4.938814784132204,22,36,,True,True,,2479,100.0
11,2026-09-18T14:49:53.378+00:00,2026-09-18T14:51:33.822+00:00,2026-09-18T14:52:23.019+00:00,True,815,815.0,,815.0,100443.682147,149640.324451,149640.324587,183.60776022944785,0.01678,100443.682147,3516.39156931995,127.11845439999999,60.438135508599515,29.05562715360235,5.446392895698868,22,36,,True,True,,3174,100.0
12,2026-09-18T14:49:59.232+00:00,2026-09-18T14:51:54.051+00:00,2026-09-18T14:52:33.642+00:00,True,648,648.0,,648.0,114818.36475200001,154409.73345600002,154409.733439,238.28662567746915,0.01668,114818.36475200001,4508.190124543719,128.61630150000002,61.19222365378671,30.443084601540118,4.196626634192406,22,36,,True,True,,2226,100.0
13,2026-09-18T14:50:02.968+00:00,2026-09-18T14:52:09.672+00:00,2026-09-18T14:52:51.909+00:00,True,693,693.0,,693.0,126703.871194,168940.73929,168940.739298,243.7817305887446,41.37962,126703.871194,4810.834693725758,130.4970766,61.0359365549133,26.19074595874203,4.102030113709939,22,36,,True,True,,3605,100.0
14,2026-09-18T14:50:08.818+00:00,2026-09-18T14:52:24.208+00:00,2026-09-18T14:53:24.715+00:00,True,993,993.0,,993.0,135389.884781,195896.607853,195896.607956,197.27755081168178,0.015529999999999999,135389.884781,4294.640692835043,130.5114906,60.99468051612903,30.496806870552515,5.069000483893744,22,36,,True,True,,3343,100.0
15,2026-09-18T14:50:14.084+00:00,2026-09-18T14:52:40.406+00:00,2026-09-18T14:53:35.560+00:00,True,908,908.0,,908.0,146321.875555,201475.501411,201475.501437,221.88931876321587,0.01647,146321.875555,4853.940745365864,128.874836,60.808848793825796,30.666549148163497,4.506751409679954,22,36,,True,True,,3145,100.0
16,2026-09-18T14:50:19.278+00:00,2026-09-18T14:53:01.136+00:00,2026-09-18T14:54:01.763+00:00,True,995,995.0,,995.0,161858.74208899998,222485.49972099997,222485.499773,223.60351735979899,0.01635,161858.74208899998,5129.419166366565,128.9037577,60.992713915492956,29.662372269553547,4.47220156481094,22,36,,True,True,,4189,100.0
17,2026-09-18T14:50:23.920+00:00,2026-09-18T14:53:13.898+00:00,2026-09-18T14:54:03.114+00:00,True,810,810.0,,810.0,169977.651919,219193.592015,219193.59191,270.60937272839504,40.81378,169977.651919,5970.322937940556,129.83127155,60.83552545859085,25.543630319928816,3.6953635028918614,22,36,,True,True,,3051,100.0
18,2026-09-18T14:50:28.532+00:00,2026-09-18T14:53:29.447+00:00,2026-09-18T14:54:26.502+00:00,True,935,935.0,,935.0,180914.638781,237969.54463699998,237969.544561,254.51288188342244,0.020050000000000002,180914.638781,5914.622911186865,129.24173430000002,61.086622972162736,30.645837885631504,3.929074207484214,22,36,,True,True,,3937,100.0
19,2026-09-18T14:50:33.688+00:00,2026-09-18T14:53:48.751+00:00,2026-09-18T14:54:31.288+00:00,True,688,688.0,,688.0,195063.23842100002,237600.588053,237600.58804200002,345.34969192151163,0.016190000000000003,195063.23842100002,7434.429278693293,129.59523835,61.91753949344979,33.10874406380003,2.8956157290592746,22,36,,True,True,,3360,100.0
20,2026-09-18T14:50:37.478+00:00,2026-09-18T14:54:02.558+00:00,2026-09-18T14:55:02.694+00:00,True,992,992.0,,992.0,205079.957238,265215.581174,265215.581302,267.35441663508067,0.01616,205079.957238,6509.439781195008,131.97822,60.681759773965695,30.477176465202085,3.7403533970697547,22,36,,True,True,,4043,100.0
21,2026-09-18T14:50:42.407+00:00,2026-09-18T14:54:16.355+00:00,2026-09-18T14:55:12.444+00:00,True,918,918.0,,918.0,213947.55133000002,270036.24611400004,270036.246021,294.1571307418301,0.016329999999999997,213947.55133000002,7059.373550078638,133.723205,61.16542506434024,31.65623895289771,3.3995436287188343,22,36,,True,True,,4403,100.0
22,2026-09-18T14:50:48.378+00:00,2026-09-18T14:54:34.751+00:00,2026-09-18T14:55:31.709+00:00,True,965,965.0,,965.0,226373.072638,283330.63910200004,283330.639096,293.606879892228,38.781691,226373.072638,7285.346043704036,132.0836928,59.084612514522824,24.45372188698384,3.405914739960745,22,36,,True,True,,5141,100.0
23,2026-09-18T14:50:52.738+00:00,2026-09-18T14:54:49.533+00:00,2026-09-18T14:55:34.972+00:00,True,790,790.0,,790.0,236794.65988800002,282234.14328,282234.143388,357.25840935189876,42.24277,236794.65988800002,8422.75890242845,130.84249795,57.591233703422056,23.22734202858914,2.7990943647673894,22,36,,True,True,,4084,100.0
24,2026-09-18T14:50:57.994+00:00,2026-09-18T14:55:07.589+00:00,2026-09-18T14:55:50.505+00:00,True,856,856.0,,856.0,249595.28511300002,292511.02604100003,292511.025998,341.7184883154206,0.019829999999999997,249595.28511300002,8529.29864205875,96.33681675,50.19384903859649,19.825705656645408,2.92638541386135,22,36,,True,True,,3474,100.0
0,2026-09-18T14:49:03.152+00:00,2026-09-18T14:49:03.613+00:00,2026-09-18T14:49:33.396+00:00,True,631,631.0,,631.0,460.836632,30244.165912,30244.165816,47.93053219651347,15.209866,460.836632,20.895570126091318,73.5104405,47.27512584126984,12.877782173617467,20.863527922574903,23,36,,False,True,,2249,100.0
1,2026-09-18T14:49:07.393+00:00,2026-09-18T14:49:07.502+00:00,2026-09-18T14:49:40.960+00:00,True,639,639.0,,639.0,108.93422100000001,33566.633037,33566.633205,52.529942417840374,0.04478,155.380419,18.19447522051694,87.82745789999998,52.44153419435737,18.070871767348674,19.036761872888466,23,36,,False,True,,2891,100.0
2,2026-09-18T14:49:10.685+00:00,2026-09-18T14:49:10.831+00:00,2026-09-18T14:50:08.274+00:00,True,979,979.0,,979.0,146.032263,57588.208519,57588.208636,58.823502181818185,0.01834,210.492224,25.346281273608504,124.83994109999999,58.73433155010225,25.205145888346987,17.000007903996526,23,36,,False,True,,4776,100.0
3,2026-09-18T14:49:15.036+00:00,2026-09-18T14:49:15.250+00:00,2026-09-18T14:50:02.091+00:00,True,794,794.0,,794.0,214.26559400000002,47055.47289,47055.472877,59.263819744332494,0.01604,214.26559400000002,26.22865942043654,128.72558995,59.06835724590164,25.660045500459447,16.873701425891674,23,36,,False,True,,3863,100.0
4,2026-09-18T14:49:17.886+00:00,2026-09-18T14:49:40.901+00:00,2026-09-18T14:50:18.515+00:00,True,612,612.0,,612.0,23015.465366,60629.30063,60629.300709,99.06748481862745,0.01916,23015.465366,928.2579636092918,127.3103616,61.56110517839607,27.317096685403854,10.094129301190986,23,36,,False,True,,2946,100.0
5,2026-09-18T14:49:20.730+00:00,2026-09-18T14:49:50.090+00:00,2026-09-18T14:50:30.567+00:00,True,679,679.0,,679.0,29360.198204,69836.824124,69836.82399,102.85246537555228,0.022719999999999997,29360.198204,1124.744424665864,125.26099199999999,59.700038230088495,25.756183035224673,9.722664346740476,23,36,,False,True,,3245,100.0
6,2026-09-18T14:49:24.596+00:00,2026-09-18T14:49:57.322+00:00,2026-09-18T14:50:44.578+00:00,True,787,787.0,,787.0,32726.228977000002,79982.428657,79982.428522,101.62951527573063,0.018609999999999998,32726.228977000002,1164.7071087381833,124.68656600000003,60.122391450381684,25.833337597283826,9.839661200774533,23,36,,False,True,,1332,100.0
7,2026-09-18T14:49:28.856+00:00,2026-09-18T14:50:06.684+00:00,2026-09-18T14:50:46.390+00:00,True,665,665.0,,665.0,37827.730096,77533.591728,77533.591698,116.5918672150376,14.312776,37827.730096,1464.789226791051,124.4815582,59.79798438554217,24.917886409901577,8.576927563641373,23,36,,False,True,,3240,100.0
8,2026-09-18T14:49:32.865+00:00,2026-09-18T14:50:29.951+00:00,2026-09-18T14:51:19.867+00:00,True,814,814.0,,814.0,57085.383742,107001.169214,107001.169106,131.4510676977887,0.016,57085.383742,1998.8922949391663,130.18474985,61.397030100861,28.476089110888225,7.607393507747731,23,36,,False,True,,3185,100.0
9,2026-09-18T14:49:35.977+00:00,2026-09-18T14:50:36.433+00:00,2026-09-18T14:51:24.187+00:00,True,794,794.0,,794.0,60455.378216,108209.429032,108209.42913199999,136.2839157833753,0.0167,60455.378216,2143.51696002313,128.95144349999998,60.21948400504413,27.248312959375063,7.337623043599981,23,36,,False,True,,3642,100.0
10,2026-09-18T14:49:39.338+00:00,2026-09-18T14:50:45.296+00:00,2026-09-18T14:51:24.242+00:00,True,656,656.0,,656.0,65957.631282,104903.69720200001,104903.697294,159.9141727042683,0.017839999999999998,65957.631282,2573.0189566032536,126.30663100000001,59.459642625954196,25.645650479886253,6.2533544336080205,23,36,,False,True,,3591,100.0
11,2026-09-18T14:49:44.318+00:00,2026-09-18T14:50:59.780+00:00,2026-09-18T14:51:46.267+00:00,True,766,766.0,,766.0,75462.022083,121948.810435,121948.810448,159.20210241253264,42.003639,75462.022083,2724.476047414681,128.50593675000002,60.76704359738562,25.369298841972054,6.281324083995768,23,36,,False,True,,3787,100.0
12,2026-09-18T14:49:47.899+00:00,2026-09-18T14:51:20.149+00:00,2026-09-18T14:51:57.001+00:00,True,600,600.0,,600.0,92249.876836,129102.511716,129102.51160499999,215.170852675,42.849779999999996,92249.876836,3763.666295119217,129.979943,61.5235974624374,26.413827605016536,4.647469611744514,23,36,,True,True,,2657,100.0
13,2026-09-18T14:49:50.768+00:00,2026-09-18T14:51:27.598+00:00,2026-09-18T14:52:25.722+00:00,True,954,954.0,,954.0,96829.61108,154953.65332,154953.653354,162.42521315932913,0.01774,96829.61108,3133.1344906178074,129.69790835,60.9906004616999,29.070376154340508,6.156679623615343,23,36,,True,True,,4882,100.0
14,2026-09-18T14:49:54.762+00:00,2026-09-18T14:51:36.748+00:00,2026-09-18T14:52:14.037+00:00,True,631,631.0,,631.0,101985.90895,139275.216086,139275.216048,220.721420044374,0.01772,101985.90895,4057.7430937641016,126.19923650000001,59.189376406349204,29.1383378530811,4.530597889077182,23,36,,True,True,,2873,100.0
15,2026-09-18T14:49:59.849+00:00,2026-09-18T14:51:54.892+00:00,2026-09-18T14:52:35.859+00:00,True,670,670.0,,670.0,115042.307185,156009.912689,156009.91269599998,232.8506159641791,0.01806,115042.307185,4442.206373227499,127.62046249999999,61.23707848131539,29.843095967514465,4.294598903696717,23,36,,True,True,,3767,100.0
16,2026-09-18T14:50:04.740+00:00,2026-09-18T14:52:14.945+00:00,2026-09-18T14:53:08.626+00:00,True,883,883.0,,883.0,130205.562304,183886.15238400002,183886.15239,208.25158821064554,0.01609,130205.562304,4379.82564733693,130.035164,60.862347029478464,30.744157363315118,4.801884147078549,23,36,,True,True,,4851,100.0
17,2026-09-18T14:50:09.471+00:00,2026-09-18T14:52:26.578+00:00,2026-09-18T14:53:20.971+00:00,True,899,899.0,,899.0,137107.141073,191500.441297,191500.44117,213.0149512458287,0.01582,137107.141073,4570.86115540411,130.114811,60.571603812917594,30.576451005660584,4.69450615315153,23,36,,True,True,,4197,100.0
18,2026-09-18T14:50:13.673+00:00,2026-09-18T14:52:36.665+00:00,2026-09-18T14:53:29.732+00:00,True,877,877.0,,877.0,142992.343181,196059.187341,196059.187356,223.55665605017103,0.01652,142992.343181,4826.559860354008,130.91962199999998,60.578589223744295,30.634593349234752,4.473139014264399,23,36,,True,True,,4454,100.0
19,2026-09-18T14:50:17.752+00:00,2026-09-18T14:52:55.866+00:00,2026-09-18T14:53:41.483+00:00,True,750,750.0,,750.0,158114.273373,203731.338589,203731.33872200001,271.6417849626667,0.016640000000000002,158114.273373,5771.376048400743,130.35754035000002,60.90395889986649,30.9730293391254,3.6813187661473235,23,36,,True,True,,3651,100.0
20,2026-09-18T14:50:21.772+00:00,2026-09-18T14:53:09.110+00:00,2026-09-18T14:53:55.102+00:00,True,760,760.0,,760.0,167338.46499399998,213329.98320199997,213329.98298699997,280.69734603552627,39.849129999999995,167338.46499399998,6067.8575625673175,127.00927399999999,60.59488564953887,25.00794413146768,3.56255594545453,23,36,,True,True,,3576,100.0
21,2026-09-18T14:50:26.757+00:00,2026-09-18T14:53:23.368+00:00,2026-09-18T14:53:59.575+00:00,True,601,601.0,,601.0,176610.774438,212817.403558,212817.403751,354.10549708985025,42.456609,176610.774438,7201.685176373917,129.957336,60.344381866666666,24.884576089508244,2.8240171619056853,23,36,,True,True,,3187,100.0
22,2026-09-18T14:50:31.319+00:00,2026-09-18T14:53:40.130+00:00,2026-09-18T14:54:32.468+00:00,True,853,853.0,,853.0,188810.582019,241148.638723,241148.638638,282.70649312778426,0.016030000000000003,188810.582019,6462.7273625887965,131.1515764,61.42964401877934,32.06932438569321,3.5372374669707956,23,36,,True,True,,3926,100.0
23,2026-09-18T14:50:36.043+00:00,2026-09-18T14:53:56.217+00:00,2026-09-18T14:54:48.158+00:00,True,850,850.0,,850.0,200173.93173500002,252115.228887,252115.22880300003,296.6061515329412,0.01622,200173.93173500002,6863.887771754633,131.93955395,61.17938416018846,32.529586123447984,3.371474241173176,23,36,,True,True,,3423,100.0
24,2026-09-18T14:50:41.254+00:00,2026-09-18T14:54:12.920+00:00,2026-09-18T14:55:06.039+00:00,True,879,879.0,,879.0,211666.320743,264784.927335,264784.927181,301.2342743811149,0.015880000000000002,211666.320743,7137.354934992894,132.07645209999998,60.499551927107056,31.111066850003294,3.3196753638771463,23,36,,True,True,,4637,100.0
25,2026-09-18T14:50:46.038+00:00,2026-09-18T14:54:28.439+00:00,2026-09-18T14:55:15.806+00:00,True,766,766.0,,766.0,222401.21141299998,269767.97672499996,269767.97678799997,352.17751538903394,42.920709,222401.21141299998,8033.49175336488,134.31122625,61.91734027712418,27.355371642499893,2.83947712882488,23,36,,True,True,,4317,100.0
26,2026-09-18T14:50:49.962+00:00,2026-09-18T14:54:40.696+00:00,2026-09-18T14:55:33.680+00:00,True,906,906.0,,906.0,230733.88348699998,283717.96310299996,283717.96297299996,313.15448451766,38.510000999999995,230733.88348699998,7663.712051390037,131.34446625,58.54594432707182,23.917691174065872,3.193312083913027,23,36,,True,True,,4495,100.0
27,2026-09-18T14:50:54.812+00:00,2026-09-18T14:54:58.460+00:00,2026-09-18T14:55:48.987+00:00,True,960,960.0,,960.0,243647.853852,294174.651932,294174.651855,306.431929015625,0.018699999999999998,243647.853852,7862.032661975103,115.150134,52.68696358706986,22.60288031532918,3.2633675053073876,23,36,,True,True,,4243,100.0
28,2026-09-18T14:50:57.998+00:00,2026-09-18T14:55:07.815+00:00,2026-09-18T14:55:50.627+00:00,True,856,856.0,,856.0,249817.562417,292628.883249,292628.883419,341.85617221845797,0.01847,249817.562417,8536.900622303678,97.92978325,50.07172027134503,20.05913079281863,2.9252068028828977,23,36,,True,True,,3143,100.0
0,2026-09-18T14:49:03.152+00:00,2026-09-18T14:49:03.611+00:00,2026-09-18T14:49:54.430+00:00,True,943,943.0,,943.0,459.386302,51278.342078,51278.341965,54.37788119300106,12.877937,459.386302,26.02734498883165,117.6525944,53.94793606794055,22.441949079764836,18.38983012683197,24,36,,False,True,,4581,100.0
1,2026-09-18T14:49:07.644+00:00,2026-09-18T14:49:07.782+00:00,2026-09-18T14:50:02.824+00:00,True,956,956.0,,956.0,138.555174,55180.179238000004,55180.179062,57.71985257531381,0.01717,206.994185,24.914883524437997,123.6518675,57.63520844397905,24.79003096434164,17.325061520308502,24,36,,False,True,,4620,100.0
2,2026-09-18T14:49:10.811+00:00,2026-09-18T14:49:10.937+00:00,2026-09-18T14:49:59.213+00:00,True,827,827.0,,827.0,126.412916,48401.762676,48401.762902,58.52692007496977,33.2262,155.504119,24.478698685469876,126.6697747,58.44473336561743,24.379092501312897,17.08615460011062,24,36,,False,True,,3169,100.0
3,2026-09-18T14:49:14.212+00:00,2026-09-18T14:49:14.425+00:00,2026-09-18T14:50:11.454+00:00,True,971,971.0,,971.0,213.19025200000002,57241.746796,57241.746916,58.95133564984552,0.019940000000000003,213.19025200000002,25.453183270817753,125.07902700000001,58.79232633402062,24.97913638710293,16.963144109848383,24,36,,False,True,,4389,100.0
4,2026-09-18T14:49:17.427+00:00,2026-09-18T14:49:39.634+00:00,2026-09-18T14:50:33.569+00:00,True,874,874.0,,874.0,22207.293587,76142.19969899999,76142.199816,87.11922175743707,0.01676,22207.293587,749.5834023140045,129.6744248,61.78110665750287,27.396999092656085,11.478523124562143,24,36,,False,True,,4403,100.0
5,2026-09-18T14:49:20.609+00:00,2026-09-18T14:49:49.751+00:00,2026-09-18T14:50:36.482+00:00,True,763,763.0,,763.0,29142.459745,75872.788321,75872.788499,99.44008977588467,0.01858,29142.459745,1053.1647883428975,128.19722480000001,61.32589051968504,27.439676423244276,10.056306310662073,24,36,,False,True,,3477,100.0
6,2026-09-18T14:49:24.889+00:00,2026-09-18T14:49:57.506+00:00,2026-09-18T14:50:56.916+00:00,True,984,984.0,,984.0,32616.342417,92026.917009,92026.916945,93.52328957825203,0.01738,32616.342417,1038.1994154865508,127.36620435,60.43802094811801,27.1649185296224,10.692523796095085,24,36,,False,True,,4825,100.0
7,2026-09-18T14:49:27.821+00:00,2026-09-18T14:50:03.409+00:00,2026-09-18T14:50:46.890+00:00,True,729,729.0,,729.0,35588.70076299999,79069.377371,79069.377364,108.46279473799724,8.870797,35588.70076299999,1316.125510131108,123.96230800000001,59.72620413186813,25.022599828282615,9.21975136568323,24,36,,False,True,,3643,100.0
8,2026-09-18T14:49:31.348+00:00,2026-09-18T14:50:21.570+00:00,2026-09-18T14:51:19.745+00:00,True,953,953.0,,953.0,50221.160215,108396.23707900001,108396.237098,113.74211657712488,0.016800000000000002,50221.160215,1625.0683786843122,129.0470606,61.108274016806725,27.050472420041736,8.791818108090286,24,36,,False,True,,4524,100.0
9,2026-09-18T14:49:34.710+00:00,2026-09-18T14:50:33.863+00:00,2026-09-18T14:51:30.565+00:00,True,921,921.0,,921.0,59152.76304,115854.759584,115854.75973199999,125.79235584364821,0.01597,59152.76304,1947.3275712110808,131.538666,61.63260493913043,28.519359206196942,7.9496086592129425,24,36,,False,True,,4708,100.0
10,2026-09-18T14:49:38.295+00:00,2026-09-18T14:50:43.471+00:00,2026-09-18T14:51:23.723+00:00,True,674,674.0,,674.0,65175.808394,105428.46401,105428.464174,156.42205367062314,0.01622,65175.808394,2508.3223273930184,127.61844430000001,59.81078100445765,27.250999642101227,6.392960443169033,24,36,,False,True,,3386,100.0
11,2026-09-18T14:49:41.432+00:00,2026-09-18T14:50:51.680+00:00,2026-09-18T14:51:45.199+00:00,True,883,883.0,,883.0,70248.253852,123767.279516,123767.27943299999,140.16679437485843,0.016370000000000003,70248.253852,2362.158890034943,127.55402190000001,60.679167419501134,27.417404661833334,7.134357347539907,24,36,,False,True,,3524,100.0
12,2026-09-18T14:49:45.812+00:00,2026-09-18T14:51:08.525+00:00,2026-09-18T14:52:08.329+00:00,True,988,988.0,,988.0,82713.49606800001,142517.37242,142517.37254,144.24835277327935,0.016579999999999998,82713.49606800001,2629.6940126868462,129.93438385000002,60.59156671935157,28.5497379589118,6.932488181780078,24,36,,True,True,,4715,100.0
13,2026-09-18T14:49:50.207+00:00,2026-09-18T14:51:25.745+00:00,2026-09-18T14:52:18.161+00:00,True,863,863.0,,863.0,95537.732167,147953.976647,147953.97682399998,171.44145634298957,0.01743,95537.732167,3250.202814671129,129.189734,60.807708213457076,29.143248702193894,5.832894928258751,24,36,,True,True,,4156,100.0
14,2026-09-18T14:49:54.299+00:00,2026-09-18T14:51:35.300+00:00,2026-09-18T14:52:18.389+00:00,True,720,720.0,,720.0,101001.356485,144090.083525,144090.083674,200.12511621388887,0.01772,101001.356485,3761.9761720655424,125.89079004999999,59.928688511821974,28.95378679433573,4.996874055354949,24,36,,True,True,,2426,100.0
15,2026-09-18T14:49:56.864+00:00,2026-09-18T14:51:42.772+00:00,2026-09-18T14:52:36.222+00:00,True,883,883.0,,883.0,105908.461176,159358.712184,159358.712152,180.47419269762173,0.018170000000000002,105908.461176,3562.180974200324,128.6525391,60.60119161904762,28.872132603901054,5.5409584320715615,24,36,,True,True,,3671,100.0
16,2026-09-18T14:50:00.084+00:00,2026-09-18T14:51:55.836+00:00,2026-09-18T14:52:42.233+00:00,True,764,764.0,,764.0,115751.646119,162148.962215,162148.962201,212.2368615196335,0.02115,115751.646119,4185.649326780602,126.28117450000002,60.80906434600262,29.202640451768286,4.7117168655509545,24,36,,True,True,,2981,100.0
17,2026-09-18T14:50:02.997+00:00,2026-09-18T14:52:09.896+00:00,2026-09-18T14:53:07.531+00:00,True,942,942.0,,942.0,126899.06250300001,184534.506215,184534.50635900002,195.89650356581743,0.01638,126899.06250300001,4132.713861863866,130.45463745,61.24914315834219,30.79159503668924,5.104736340760474,24,36,,True,True,,3573,100.0
18,2026-09-18T14:50:06.247+00:00,2026-09-18T14:52:17.748+00:00,2026-09-18T14:53:05.599+00:00,True,791,791.0,,791.0,131500.865105,179351.250001,179351.249919,226.7398861175727,0.01653,131500.865105,4673.583135453578,131.88791250000003,60.57010746329114,31.23811200199614,4.410340044998792,24,36,,True,True,,3844,100.0
19,2026-09-18T14:50:09.640+00:00,2026-09-18T14:52:27.310+00:00,2026-09-18T14:53:03.652+00:00,True,608,608.0,,608.0,137670.636368,174012.49748800002,174012.497581,286.2047657582237,42.169699,137670.636368,5580.9094622298935,129.50934215,59.87127037891269,25.020227302912833,3.494001918120438,24,36,,True,True,,3306,100.0
20,2026-09-18T14:50:13.329+00:00,2026-09-18T14:52:36.218+00:00,2026-09-18T14:53:15.076+00:00,True,642,642.0,,642.0,142889.072347,181747.231451,181747.23165,283.09537640186915,0.01629,142889.072347,5637.082255666863,130.3100987,60.62115304836193,32.39268842120301,3.5323784295062923,24,36,,True,True,,2822,100.0
21,2026-09-18T14:50:17.068+00:00,2026-09-18T14:52:53.001+00:00,2026-09-18T14:53:32.020+00:00,True,627,627.0,,627.0,155932.756109,194951.869837,194951.869666,310.9280217958533,0.01601,155932.756109,6224.955418406302,131.8495167,62.33085260063898,33.54453477158267,3.2161784368841246,24,36,,True,True,,2607,100.0
22,2026-09-18T14:50:19.491+00:00,2026-09-18T14:53:02.043+00:00,2026-09-18T14:53:56.026+00:00,True,888,888.0,,888.0,162552.47679699998,216535.274877,216535.27493299998,243.84603032995494,0.01632,162552.47679699998,5452.945997708506,129.4884835,60.8599752874859,30.350664593105428,4.100948450567312,24,36,,True,True,,3826,100.0
23,2026-09-18T14:50:23.752+00:00,2026-09-18T14:53:13.479+00:00,2026-09-18T14:53:55.729+00:00,True,706,706.0,,706.0,169727.232103,211976.72099899998,211976.72086799997,300.2503128441926,37.104481,169727.232103,6385.56017812893,127.20915775000002,59.928353043971626,24.508323937852218,3.3305543961279156,24,36,,True,True,,2680,100.0
24,2026-09-18T14:50:27.076+00:00,2026-09-18T14:53:24.666+00:00,2026-09-18T14:54:07.000+00:00,True,695,695.0,,695.0,177589.96526300002,219924.86036700002,219924.86037200002,316.4386480172662,43.182049,177589.96526300002,6734.105191910672,129.02178300000003,61.00128977521614,25.37905110305468,3.1601702456021457,24,36,,True,True,,2879,100.0
25,2026-09-18T14:50:30.475+00:00,2026-09-18T14:53:35.510+00:00,2026-09-18T14:54:24.605+00:00,True,804,804.0,,804.0,185035.31134000001,234130.35134000002,234130.35136600002,291.20690468407963,41.509241,185035.31134000001,6523.584987131522,128.10862165,61.13952677459527,25.282331898470755,3.4339845107584757,24,36,,True,True,,3821,100.0
26,2026-09-18T14:50:33.788+00:00,2026-09-18T14:53:49.235+00:00,2026-09-18T14:54:28.938+00:00,True,643,643.0,,643.0,195446.428682,235149.48609,235149.486164,365.7068214059098,0.01622,195446.428682,7705.290306320514,129.994758,61.8427685482866,33.88767580678753,2.7344308111900415,24,36,,True,True,,3022,100.0
27,2026-09-18T14:50:38.182+00:00,2026-09-18T14:54:03.328+00:00,2026-09-18T14:54:49.221+00:00,True,760,760.0,,760.0,205145.43035100002,251038.53345500003,251038.53364100002,330.3138600539474,0.01647,205145.43035100002,7439.279974632767,131.40563095,60.46522148089591,31.452546791953015,3.027423676916253,24,36,,True,True,,3577,100.0
28,2026-09-18T14:50:41.860+00:00,2026-09-18T14:54:14.538+00:00,2026-09-18T14:55:11.631+00:00,True,936,936.0,,936.0,212677.530221,269770.778989,269770.778896,288.2166441196581,0.01682,212677.530221,6949.656878876837,133.30996150000001,61.06229814759358,31.2576999389481,3.4696122519561903,24,36,,True,True,,4567,100.0
29,2026-09-18T14:50:45.637+00:00,2026-09-18T14:54:26.655+00:00,2026-09-18T14:55:13.942+00:00,True,768,768.0,,768.0,221017.895259,268304.135771,268304.135725,349.3543433919271,43.453771,221017.895259,7973.118699840545,135.7630905,61.650900276401565,27.395015972830162,2.862423263782616,24,36,,True,True,,2566,100.0
30,2026-09-18T14:50:49.835+00:00,2026-09-18T14:54:39.826+00:00,2026-09-18T14:55:31.073+00:00,True,868,868.0,,868.0,229991.565185,281238.020481,281238.020611,324.006936187788,41.050199,229991.565185,7804.455011376123,132.574283,59.107791575547864,24.64706343180742,3.086353681893592,24,36,,True,True,,3886,100.0
31,2026-09-18T14:50:52.848+00:00,2026-09-18T14:54:50.797+00:00,2026-09-18T14:55:40.424+00:00,True,884,884.0,,884.0,237948.751746,287575.708802,287575.70900699997,325.31188801696834,40.706631,237948.751746,8001.222230137232,126.5401462,56.202669372593434,21.903686354141563,3.073973124095286,24,36,,True,True,,4228,100.0
32,2026-09-18T14:50:57.106+00:00,2026-09-18T14:55:06.242+00:00,2026-09-18T14:55:51.961+00:00,True,915,915.0,,915.0,249135.970702,294854.19354999997,294854.193549,322.2450202721311,0.01822,249135.970702,8234.554560042685,101.33344830000001,50.019937470459524,21.11202899159932,3.103228714448786,24,36,,True,True,,3697,100.0
33,2026-09-18T14:50:59.679+00:00,2026-09-18T14:55:12.066+00:00,2026-09-18T14:55:56.444+00:00,True,953,953.0,,953.0,252387.67934099998,296765.109101,296765.10911699996,311.4009539527807,0.01671,252387.67934099998,8174.175587317921,92.454693,46.614947226890756,27.65078954484827,3.2112939519303776,24,36,,True,True,,4591,100.0
0,2026-09-18T14:49:03.154+00:00,2026-09-18T14:49:03.613+00:00,2026-09-18T14:49:40.729+00:00,True,743,743.0,,743.0,459.211782,37574.797829999996,37574.797599,50.5717329730821,0.03454,459.211782,23.29891476225813,82.649689,50.021005455525604,17.830177072361714,19.77389215403265,25,36,,False,True,,3422,100.0
1,2026-09-18T14:49:06.245+00:00,2026-09-18T14:49:06.377+00:00,2026-09-18T14:49:46.621+00:00,True,751,751.0,,751.0,132.42405300000001,40376.366197,40376.366224,53.76347033821571,12.398127,158.334268,20.099888784339377,98.4847075,53.65858952533333,19.906600730399244,18.599989814234444,25,36,,False,True,,3472,100.0
2,2026-09-18T14:49:09.618+00:00,2026-09-18T14:49:09.745+00:00,2026-09-18T14:49:51.908+00:00,True,756,756.0,,756.0,126.65620600000001,42290.32571,42290.325598,55.93958412433862,9.387656999999999,155.953548,21.25623981448099,115.58187400000001,55.84591987284768,21.113642361116927,17.876428883148463,25,36,,False,True,,2645,100.0
3,2026-09-18T14:49:13.440+00:00,2026-09-18T14:49:13.560+00:00,2026-09-18T14:49:55.858+00:00,True,729,729.0,,729.0,120.005068,42417.900748,42417.900652,58.18642064746228,32.575082,152.89497899999998,23.79340338736824,125.6027508,58.10150505494505,23.698963855320574,17.186140453553026,25,36,,False,True,,1379,100.0
4,2026-09-18T14:49:16.797+00:00,2026-09-18T14:49:35.985+00:00,2026-09-18T14:50:28.554+00:00,True,859,859.0,,859.0,19187.438555,71757.009371,71757.009425,83.53551737485448,0.02389,19187.438555,653.1289809739213,128.0830251,61.26989605594405,26.87527180590965,11.970955973914345,25,36,,False,True,,3951,100.0
5,2026-09-18T14:49:20.426+00:00,2026-09-18T14:49:48.548+00:00,2026-09-18T14:50:41.129+00:00,True,857,857.0,,857.0,28122.304645,80703.593605,80703.593558,94.1698874655776,0.01797,28122.304645,958.9302748459761,128.83938019999997,61.42673943925234,27.32515435883021,10.619105813237347,25,36,,False,True,,3854,100.0
6,2026-09-18T14:49:24.221+00:00,2026-09-18T14:49:56.043+00:00,2026-09-18T14:50:34.225+00:00,True,647,647.0,,647.0,31822.125167,70003.629423,70003.629393,108.19726335857806,0.018420000000000002,31822.125167,1248.9834337091547,122.49925599999999,59.10449575232198,25.019850149972292,9.24237793572779,25,36,,False,True,,3154,100.0
7,2026-09-18T14:49:27.488+00:00,2026-09-18T14:50:02.241+00:00,2026-09-18T14:50:44.277+00:00,True,709,709.0,,709.0,34752.622713,76788.986489,76788.986468,108.30604579407616,13.728847,34752.622713,1303.163827290811,123.0761906,59.373395163841806,24.579766758288738,9.233094906149908,25,36,,False,True,,3349,100.0
8,2026-09-18T14:49:31.926+00:00,2026-09-18T14:50:26.529+00:00,2026-09-18T14:51:11.523+00:00,True,737,737.0,,737.0,54602.312467,99596.92955500001,99596.92946500001,135.13830320895522,0.01657,54602.312467,2009.2517598510724,128.8324606,61.13399060869565,28.483477253745548,7.399826513657828,25,36,,False,True,,3537,100.0
9,2026-09-18T14:49:34.912+00:00,2026-09-18T14:50:34.071+00:00,2026-09-18T14:51:16.545+00:00,True,706,706.0,,706.0,59159.386170000005,101633.46156200001,101633.461544,143.95674439660058,0.01717,59159.386170000005,2224.385719709219,128.46576850000002,60.24691544964539,26.720835784818405,6.946531084836809,25,36,,False,True,,3539,100.0
10,2026-09-18T14:49:39.539+00:00,2026-09-18T14:50:45.927+00:00,2026-09-18T14:51:27.400+00:00,True,692,692.0,,692.0,66388.175632,107861.452816,107861.452744,155.86915136416184,0.01855,66388.175632,2521.557468518879,127.52743894999999,60.019214448625185,26.523000663280182,6.415637671601525,25,36,,False,True,,3018,100.0
11,2026-09-18T14:49:42.107+00:00,2026-09-18T14:50:53.119+00:00,2026-09-18T14:51:50.950+00:00,True,960,960.0,,960.0,71012.03321600001,128843.066816,128843.066883,134.211528003125,0.01614,71012.03321600001,2290.1181845396814,128.93956755,60.30347612095933,27.165252124248735,7.450924785661693,25,36,,False,True,,4497,100.0
12,2026-09-18T14:49:45.969+00:00,2026-09-18T14:51:11.056+00:00,2026-09-18T14:52:03.616+00:00,True,861,861.0,,861.0,85086.91118000001,137647.19047600002,137647.19038100002,159.8689783751452,0.019,85086.91118000001,2897.8216968200577,129.985406,61.11660383255814,29.537767304856352,6.255122222419228,25,36,,True,True,,2418,100.0
13,2026-09-18T14:49:48.956+00:00,2026-09-18T14:51:23.921+00:00,2026-09-18T14:52:16.815+00:00,True,867,867.0,,867.0,94964.49355099999,147858.262255,147858.26236999998,170.540095005767,0.01644,94964.49355099999,3223.222629135912,129.014414,61.07825485450347,29.370916497898694,5.86372372282281,25,36,,True,True,,4128,100.0
14,2026-09-18T14:49:52.071+00:00,2026-09-18T14:51:30.153+00:00,2026-09-18T14:52:25.668+00:00,True,917,917.0,,917.0,98082.23201800001,153597.264594,153597.264543,167.49974323118866,0.017070000000000002,98082.23201800001,3237.088766877041,128.87080219999999,60.60593075982533,28.970307486256743,5.970158403692177,25,36,,True,True,,4954,100.0
15,2026-09-18T14:49:55.760+00:00,2026-09-18T14:51:39.271+00:00,2026-09-18T14:52:21.663+00:00,True,706,706.0,,706.0,103511.05192499999,145902.274197,145902.274229,206.66044508356939,0.01939,103511.05192499999,3893.5228664134206,128.915593,60.12939329361702,27.36587288142387,4.838855349483762,25,36,,True,True,,3283,100.0
16,2026-09-18T14:49:58.420+00:00,2026-09-18T14:51:49.991+00:00,2026-09-18T14:52:42.712+00:00,True,870,870.0,,870.0,111570.872896,164292.004672,164292.004758,188.84138477931035,0.016120000000000002,111570.872896,3780.6630046650143,129.01708745,60.668736220943615,29.249649295288137,5.295449414820322,25,36,,True,True,,4282,100.0
17,2026-09-18T14:50:01.575+00:00,2026-09-18T14:52:02.723+00:00,2026-09-18T14:52:55.673+00:00,True,871,871.0,,871.0,121147.580859,174098.167227,174098.167373,199.8830853880597,41.017309999999995,121147.580859,4102.947836311003,128.98853150000002,60.86274295172414,25.782071045461866,5.00292457912171,25,36,,True,True,,4030,100.0
18,2026-09-18T14:50:06.118+00:00,2026-09-18T14:52:17.319+00:00,2026-09-18T14:52:58.833+00:00,True,688,688.0,,688.0,131201.161787,172714.72082699998,172714.72076899998,251.03883832703488,42.051907,131201.161787,4999.757840774681,129.50551364999998,60.427305735080054,25.357565065520145,3.983447367460568,25,36,,True,True,,3409,100.0
19,2026-09-18T14:50:09.244+00:00,2026-09-18T14:52:25.823+00:00,2026-09-18T14:53:18.881+00:00,True,869,869.0,,869.0,136578.501241,189637.403001,189637.40284599998,218.2248594315305,0.015609999999999999,136578.501241,4631.138898337468,130.4459388,61.127767004608295,31.08288188927989,4.5824293427780045,25,36,,True,True,,1919,100.0
20,2026-09-18T14:50:13.110+00:00,2026-09-18T14:52:35.318+00:00,2026-09-18T14:53:15.770+00:00,True,667,667.0,,667.0,142207.655425,182659.637505,182659.637345,273.8525297526237,0.01611,142207.655425,5504.043279670977,129.669453,60.738711831831836,31.965572455329337,3.6516003705621176,25,36,,True,True,,3118,100.0
21,2026-09-18T14:50:17.246+00:00,2026-09-18T14:52:54.732+00:00,2026-09-18T14:53:43.292+00:00,True,791,791.0,,791.0,157485.775248,206045.44808,206045.44817999998,260.48729226295825,0.0157,157485.775248,5597.452801525762,130.4503055,61.467940293670885,31.551874912925417,3.838958867428526,25,36,,True,True,,3723,100.0
22,2026-09-18T14:50:20.445+00:00,2026-09-18T14:53:06.440+00:00,2026-09-18T14:53:59.121+00:00,True,865,865.0,,865.0,165994.133941,218675.471797,218675.471785,252.80401362427747,38.301809999999996,165994.133941,5641.955770299713,129.44908999999998,60.97377066666667,25.831258952069494,3.9556333999955586,25,36,,True,True,,4436,100.0
23,2026-09-18T14:50:24.029+00:00,2026-09-18T14:53:14.424+00:00,2026-09-18T14:54:00.221+00:00,True,760,760.0,,760.0,170395.395896,216192.169016,216192.169209,284.4633805381579,42.6079,170395.395896,6178.751190186547,127.52872885000001,60.33830450592885,24.68567602570777,3.5153909758116804,25,36,,True,True,,3772,100.0
24,2026-09-18T14:50:27.810+00:00,2026-09-18T14:53:26.581+00:00,2026-09-18T14:54:16.169+00:00,True,811,811.0,,811.0,178770.885967,228358.304847,228358.30472500002,281.5762080456227,42.664748,178770.885967,6275.397405608278,130.443701,61.21903565432098,25.622209154271598,3.551436417183819,25,36,,True,True,,2286,100.0
25,2026-09-18T14:50:31.159+00:00,2026-09-18T14:53:38.950+00:00,2026-09-18T14:54:26.334+00:00,True,765,765.0,,765.0,187790.641814,235175.083414,235175.083407,307.41840968235294,0.01736,187790.641814,6787.418907177192,130.39952359999998,62.02152041884816,32.207637050275295,3.25289562522787,25,36,,True,True,,3505,100.0
26,2026-09-18T14:50:33.682+00:00,2026-09-18T14:53:48.307+00:00,2026-09-18T14:54:38.323+00:00,True,814,814.0,,814.0,194624.525924,244640.54281999997,244640.542751,300.5412073108108,0.01654,194624.525924,6819.507451056429,130.7459427,61.520315985239854,32.55984100553414,3.327330746641286,25,36,,True,True,,3864,100.0
27,2026-09-18T14:50:36.279+00:00,2026-09-18T14:53:58.328+00:00,2026-09-18T14:54:44.122+00:00,True,752,752.0,,752.0,202049.03379699998,247842.998341,247842.99843399998,329.5784553643617,0.01609,202049.03379699998,7365.819683832071,130.7281436,60.97731630359521,32.848578684088785,3.034178915820511,25,36,,True,True,,3911,100.0
28,2026-09-18T14:50:40.578+00:00,2026-09-18T14:54:10.699+00:00,2026-09-18T14:54:55.469+00:00,True,746,746.0,,746.0,210120.715547,254890.602779,254890.602806,341.6764112680965,0.016800000000000002,210120.715547,7690.933455728153,130.34262875000002,60.09380836510068,32.28296661447538,2.92674579551609,25,36,,True,True,,3006,100.0
29,2026-09-18T14:50:44.464+00:00,2026-09-18T14:54:23.152+00:00,2026-09-18T14:55:17.859+00:00,True,889,889.0,,889.0,218688.31370899998,273395.138669,273395.138558,307.53108949156353,0.01641,218688.31370899998,7332.5786305373,133.02259859999998,61.60678486486486,33.01059916483418,3.2517037586257667,25,36,,True,True,,3594,100.0
30,2026-09-18T14:50:47.017+00:00,2026-09-18T14:54:29.925+00:00,2026-09-18T14:55:22.948+00:00,True,872,872.0,,872.0,222908.492863,275931.814719,275931.814716,316.43556733486236,40.845938000000004,222908.492863,7546.618609690531,132.87348300000002,60.87637411710677,26.38480814353945,3.160201011572429,25,36,,True,True,,4139,100.0
31,2026-09-18T14:50:50.096+00:00,2026-09-18T14:54:42.251+00:00,2026-09-18T14:55:33.295+00:00,True,872,872.0,,872.0,232154.920501,283199.55307699996,283199.553095,324.7701296961009,42.74908,232154.920501,7859.809995103684,131.73190855,58.60462982319173,24.122590496644314,3.07910090438211,25,36,,True,True,,4241,100.0
32,2026-09-18T14:50:53.376+00:00,2026-09-18T14:54:53.836+00:00,2026-09-18T14:55:47.225+00:00,True,988,988.0,,988.0,240459.41520500003,293849.155237,293849.155235,297.41817331477733,0.01727,240459.41520500003,7648.349469905335,115.6757632,54.09294836068896,23.89714901978722,3.3622693221736233,25,36,,True,True,,4960,100.0
33,2026-09-18T14:50:56.438+00:00,2026-09-18T14:55:04.531+00:00,2026-09-18T14:55:44.729+00:00,True,757,757.0,,757.0,248093.586991,288290.822703,288290.82279299997,380.8333194095112,0.05059,248093.586991,9015.202187447234,107.0596712,53.170946708994705,18.96679621616281,2.6258206657513643,25,36,,True,True,,4197,100.0
34,2026-09-18T14:50:59.367+00:00,2026-09-18T14:55:11.008+00:00,2026-09-18T14:55:43.171+00:00,True,622,622.0,,622.0,251641.34531099998,283803.641119,283803.64107199997,456.2759502765273,0.03288,251641.34531099998,10087.833801034407,91.739623,51.7911365668277,15.401584131996293,2.1916561660292193,25,36,,True,True,,3084,100.0
35,2026-09-18T14:51:02.535+00:00,2026-09-18T14:55:18.407+00:00,2026-09-18T14:55:51.023+00:00,True,701,701.0,,701.0,255871.765233,288487.808497,288487.808372,411.5375297746077,0.0182,255871.765233,9662.399673559008,62.17997499999999,46.59434752000001,17.77339048874337,2.4299120425648413,25,36,,True,True,,3457,100.0
0,2026-09-18T14:49:03.156+00:00,2026-09-18T14:49:03.613+00:00,2026-09-18T14:49:37.761+00:00,True,702,702.0,,702.0,457.47243199999997,34604.821936,34604.821872,49.29461805128205,0.06011,457.47243199999997,21.780280429655896,76.7384166,48.71233880741797,15.385245565717058,20.286190210668217,26,36,,False,True,,3329,100.0
1,2026-09-18T14:49:08.356+00:00,2026-09-18T14:49:08.519+00:00,2026-09-18T14:50:03.709+00:00,True,954,954.0,,954.0,163.143745,55352.559937,55352.559967,58.021551328092244,0.01833,205.812376,25.15591380929995,124.40868600000002,57.911244692549836,24.937215540905598,17.234975240274405,26,36,,False,True,,3207,100.0
2,2026-09-18T14:49:12.174+00:00,2026-09-18T14:49:12.341+00:00,2026-09-18T14:50:00.202+00:00,True,817,817.0,,817.0,166.375247,48027.095119000005,48027.095303,58.784694373317016,29.516772,166.375247,24.777159227841633,128.2114502,58.65284298039216,24.50388174514886,17.01123080577044,26,36,,False,True,,4193,100.0
3,2026-09-18T14:49:15.798+00:00,2026-09-18T14:49:15.956+00:00,2026-09-18T14:50:00.603+00:00,True,758,758.0,,758.0,157.962469,44804.438756999996,44804.438742,59.10875823482849,32.652282,157.962469,25.16153708575099,129.35935715,58.97817211096434,24.91982167605149,16.91796663520474,26,36,,False,True,,4242,100.0
4,2026-09-18T14:49:19.462+00:00,2026-09-18T14:49:45.422+00:00,2026-09-18T14:50:36.742+00:00,True,830,830.0,,830.0,25960.302454,77279.940726,77279.940758,93.10836235903615,0.02336,25960.302454,899.3659135611316,132.47803050000002,61.90547439324487,27.480523277322654,10.74017386921669,26,36,,False,True,,2424,100.0
5,2026-09-18T14:49:23.281+00:00,2026-09-18T14:49:55.480+00:00,2026-09-18T14:50:36.211+00:00,True,682,682.0,,682.0,32199.093526,72929.979158,72929.978925,106.93545296920821,0.01694,32199.093526,1230.9483893180295,122.9680596,59.810404745961826,25.877451272277565,9.35143555330618,26,36,,False,True,,1922,100.0
6,2026-09-18T14:49:28.942+00:00,2026-09-18T14:50:07.576+00:00,2026-09-18T14:51:01.713+00:00,True,903,903.0,,903.0,38634.006107,92771.030363,92771.030465,102.73646784606866,0.01705,38634.006107,1283.9583468812675,127.9278479,60.018873898004436,27.6036618994487,9.733642026683201,26,36,,False,True,,3883,100.0
7,2026-09-18T14:49:33.554+00:00,2026-09-18T14:50:32.379+00:00,2026-09-18T14:51:32.500+00:00,True,970,970.0,,970.0,58824.1976,118945.443552,118945.44353,122.62416858762887,0.0171,58824.1976,1886.956397160572,132.09506695,62.04462946542828,28.65564594985919,8.15499922513585,26,36,,False,True,,4355,100.0
8,2026-09-18T14:49:37.752+00:00,2026-09-18T14:50:41.844+00:00,2026-09-18T14:51:27.399+00:00,True,757,757.0,,757.0,64091.464505,109646.862393,109646.862353,144.8439397001321,0.01695,64091.464505,2327.413444582121,127.8297048,60.25846281481481,27.280475820180236,6.903982325428838,26,36,,False,True,,2102,100.0
9,2026-09-18T14:49:42.158+00:00,2026-09-18T14:50:53.122+00:00,2026-09-18T14:51:32.079+00:00,True,644,644.0,,644.0,70963.985389,109921.49655699999,109921.496537,170.685553628882,0.01663,70963.985389,2794.128940237741,128.55764785000002,60.587109125972006,28.35351426117849,5.858726638297292,26,36,,False,True,,2725,100.0
10,2026-09-18T14:49:46.907+00:00,2026-09-18T14:51:14.875+00:00,2026-09-18T14:51:58.930+00:00,True,712,712.0,,712.0,87967.607031,132022.52491900002,132022.524952,185.42489459550563,0.01747,87967.607031,3294.547662441985,131.29424500000002,61.96190982841069,30.85966295735904,5.39301911122238,26,36,,True,True,,3180,100.0
11,2026-09-18T14:49:50.793+00:00,2026-09-18T14:51:27.839+00:00,2026-09-18T14:52:25.822+00:00,True,952,952.0,,952.0,97045.453175,155028.296311,155028.29642600002,162.84484918697478,0.01706,97045.453175,3143.4188550209815,129.681407,60.97039236172451,29.008456740156902,6.14081443616078,26,36,,True,True,,3353,100.0
12,2026-09-18T14:49:55.533+00:00,2026-09-18T14:51:38.945+00:00,2026-09-18T14:52:21.087+00:00,True,702,702.0,,702.0,103412.44626000001,145554.566452,145554.56639000002,207.34268716524218,0.01785,103412.44626000001,3900.8919949019537,128.01329454999998,60.11714720684736,29.27644044135678,4.8229335369667075,26,36,,True,True,,3476,100.0
13,2026-09-18T14:50:00.552+00:00,2026-09-18T14:51:58.116+00:00,2026-09-18T14:52:42.958+00:00,True,740,740.0,,740.0,117564.109729,162406.216609,162406.21655800001,219.46786021351352,0.02523,117564.109729,4319.586789892966,128.04557695,60.679440974289584,25.435249695250306,4.556475826178391,26,36,,True,True,,4084,100.0
14,2026-09-18T14:50:05.191+00:00,2026-09-18T14:52:15.420+00:00,2026-09-18T14:53:11.564+00:00,True,919,919.0,,919.0,130229.071438,186373.438286,186373.438274,202.80025927529923,0.01578,130229.071438,4293.954050536058,130.6695417,61.15944101089325,30.868385907486342,4.930960164987382,26,36,,True,True,,4737,100.0
15,2026-09-18T14:50:09.025+00:00,2026-09-18T14:52:24.699+00:00,2026-09-18T14:53:03.911+00:00,True,654,654.0,,654.0,135674.14436500001,174885.696877,174885.69700400002,267.4093226360857,41.336909,135674.14436500001,5302.9902572843885,130.1041093,60.048319313935686,25.132486039312216,3.739585407375933,26,36,,True,True,,3117,100.0
16,2026-09-18T14:50:13.797+00:00,2026-09-18T14:52:37.969+00:00,2026-09-18T14:53:28.548+00:00,True,832,832.0,,832.0,144171.51028400002,194751.075852,194751.07576500002,234.0758122175481,0.01601,144171.51028400002,4996.233881759235,129.942081,60.86590321058966,31.024900208509038,4.272120173714849,26,36,,True,True,,4851,100.0
17,2026-09-18T14:50:17.871+00:00,2026-09-18T14:52:57.257+00:00,2026-09-18T14:53:47.588+00:00,True,827,827.0,,827.0,159386.358692,209717.626276,209717.626315,253.58842359733978,0.01656,159386.358692,5540.37301417107,129.2699207,60.93373799515739,30.734903716862433,3.9433976756518416,26,36,,True,True,,3157,100.0
18,2026-09-18T14:50:23.548+00:00,2026-09-18T14:53:12.710+00:00,2026-09-18T14:54:05.633+00:00,True,867,867.0,,867.0,169161.732838,222084.82455,222084.82455699999,256.1532001810842,39.288769,169161.732838,5743.015937961582,130.40098600000002,61.1121151408776,25.773729384906453,3.9039137489774967,26,36,,True,True,,4410,100.0
19,2026-09-18T14:50:28.999+00:00,2026-09-18T14:53:30.648+00:00,2026-09-18T14:54:13.575+00:00,True,702,702.0,,702.0,181649.148628,224575.501012,224575.501078,319.9081211937322,41.84125,181649.148628,6853.6441628917455,132.7780825,61.2358807189729,26.212119695388882,3.1258975125808104,26,36,,True,True,,2705,100.0
20,2026-09-18T14:50:34.540+00:00,2026-09-18T14:53:51.445+00:00,2026-09-18T14:54:35.853+00:00,True,723,723.0,,723.0,196904.520305,241313.20894500002,241313.208932,333.76654070816045,0.01582,196904.520305,7320.746362773043,131.563546,61.50787900277008,33.372412349452134,2.996106193941442,26,36,,True,True,,3754,100.0
21,2026-09-18T14:50:39.936+00:00,2026-09-18T14:54:09.166+00:00,2026-09-18T14:55:09.290+00:00,True,984,984.0,,984.0,209229.99123800002,269353.939014,269353.938947,273.7336777916667,0.01671,209229.99123800002,6668.131557174085,134.1846905,61.163731206510676,31.192128997086634,3.653185855020503,26,36,,True,True,,4407,100.0
22,2026-09-18T14:50:43.535+00:00,2026-09-18T14:54:19.550+00:00,2026-09-18T14:55:11.883+00:00,True,853,853.0,,853.0,216015.161483,268348.09613900003,268348.096098,314.5933131277843,0.01717,216015.161483,7394.186948979821,134.06258000000003,61.423632225352115,32.603252629459355,3.178707105707058,26,36,,True,True,,3939,100.0
23,2026-09-18T14:50:48.028+00:00,2026-09-18T14:54:33.261+00:00,2026-09-18T14:55:19.973+00:00,True,760,760.0,,760.0,225233.319892,271945.426132,271945.426345,357.8229294013158,39.04269,225233.319892,8167.88328822944,134.46213300000002,61.54427699604743,26.98506973961022,2.794678369148605,26,36,,True,True,,3552,100.0
24,2026-09-18T14:50:51.418+00:00,2026-09-18T14:54:46.765+00:00,2026-09-18T14:55:24.038+00:00,True,615,615.0,,615.0,235347.141414,272619.692326,272619.692189,443.28405233983744,40.60075,235347.141414,9487.700727643743,133.607415,60.70448031270358,26.11147598781269,2.255889861633986,26,36,,True,True,,3159,100.0
25,2026-09-18T14:50:55.415+00:00,2026-09-18T14:55:00.718+00:00,2026-09-18T14:55:41.134+00:00,True,737,737.0,,737.0,245302.57681099998,285719.436971,285719.436979,387.6790189674355,41.240491,245302.57681099998,9033.8366163564,114.89401740000001,54.91421217391305,20.335045068329404,2.5794534940050444,26,36,,True,True,,3494,100.0
26,2026-09-18T14:51:01.150+00:00,2026-09-18T14:55:14.985+00:00,2026-09-18T14:55:47.359+00:00,True,662,662.0,,662.0,253834.816755,286208.088819,286208.088665,432.33850251510574,0.018600000000000002,253834.816755,9863.681305610591,61.459796049999994,48.97620584568835,16.92860857095485,2.3130024127957243,26,36,,True,True,,3327,100.0
0,2026-09-18T14:49:03.157+00:00,2026-09-18T14:49:03.614+00:00,2026-09-18T14:49:51.853+00:00,True,912,912.0,,912.0,456.84085200000004,48696.632212000004,48696.632207,53.39543005153509,10.606986999999998,456.84085200000004,24.942799258898965,105.67203245,52.952570098792535,21.065710307172097,18.72819450900881,27,36,,False,True,,4053,100.0
1,2026-09-18T14:49:07.292+00:00,2026-09-18T14:49:07.404+00:00,2026-09-18T14:49:39.628+00:00,True,625,625.0,,625.0,112.099181,32336.180077,32336.18001,51.737888016,11.489987,159.462628,16.455985938179303,82.70978420000002,51.64115528205128,16.290377367899243,19.328195182972415,27,36,,False,True,,2804,100.0
2,2026-09-18T14:49:10.987+00:00,2026-09-18T14:49:11.191+00:00,2026-09-18T14:49:52.051+00:00,True,727,727.0,,727.0,204.436666,41063.899578000004,41063.89948,56.48404330123797,29.258763,204.436666,22.093312777503726,120.43178809999999,56.28025194490358,21.41385147699535,17.704114988375103,27,36,,False,True,,3632,100.0
3,2026-09-18T14:49:16.160+00:00,2026-09-18T14:49:33.842+00:00,2026-09-18T14:50:21.380+00:00,True,774,774.0,,774.0,17681.709983,65219.466143,65219.466375,84.26287645348837,0.01764,17681.709983,633.9292215732917,129.1302088,61.497744062095734,27.216848417557493,11.867622441173163,27,36,,False,True,,3754,100.0
4,2026-09-18T14:49:20.132+00:00,2026-09-18T14:49:47.698+00:00,2026-09-18T14:50:33.918+00:00,True,759,759.0,,759.0,27565.525433,73785.889209,73785.889212,97.21461029249012,0.02249,27565.525433,998.7070267043177,126.6652461,60.976733213720316,26.649714006325077,10.286519660285144,27,36,,False,True,,3330,100.0
5,2026-09-18T14:49:25.153+00:00,2026-09-18T14:49:58.004+00:00,2026-09-18T14:50:49.131+00:00,True,850,850.0,,850.0,32850.978045,83978.14220500001,83978.142154,98.79781429882354,0.01749,32850.978045,1125.014189946813,125.69833600000001,60.220452485276795,26.015438395617863,10.121681400441739,27,36,,False,True,,3759,100.0
6,2026-09-18T14:49:28.576+00:00,2026-09-18T14:50:05.380+00:00,2026-09-18T14:50:54.401+00:00,True,818,818.0,,818.0,36803.256688,85824.429424,85824.429212,104.91984011246944,0.01604,36803.256688,1284.9958636449787,128.057691,60.00143541738066,27.692769002127694,9.531085793286426,27,36,,False,True,,3929,100.0
7,2026-09-18T14:49:33.832+00:00,2026-09-18T14:50:32.658+00:00,2026-09-18T14:51:14.429+00:00,True,693,693.0,,693.0,58826.269292000004,100596.721516,100596.72148000001,145.16121425685427,0.017410000000000002,58826.269292000004,2232.509471180891,129.36139119999999,60.361925179190756,28.15162979187313,6.888892496260703,27,36,,False,True,,3799,100.0
8,2026-09-18T14:49:36.988+00:00,2026-09-18T14:50:40.029+00:00,2026-09-18T14:51:38.844+00:00,True,960,960.0,,960.0,63040.808065,121856.060289,121856.060145,126.933395984375,0.01614,63040.808065,2032.8434019666613,130.60207699999998,61.329772913451514,27.769346058367407,7.878147362742694,27,36,,False,True,,3630,100.0
9,2026-09-18T14:49:41.921+00:00,2026-09-18T14:50:52.368+00:00,2026-09-18T14:51:48.085+00:00,True,922,922.0,,922.0,70447.111841,126164.372641,126164.372858,136.83771459652928,0.01657,70447.111841,2318.2245111404727,128.87551495,60.49648295331161,27.655443510864092,7.307926799775288,27,36,,False,True,,5138,100.0
10,2026-09-18T14:49:45.051+00:00,2026-09-18T14:51:02.656+00:00,2026-09-18T14:51:47.189+00:00,True,733,733.0,,733.0,77605.156478,122137.660542,122137.66068100001,166.6270950627558,41.701049,77605.156478,2864.275468786385,128.291601,60.83675418579235,25.19575706029026,6.001424922888057,27,36,,False,True,,3862,100.0
11,2026-09-18T14:49:48.475+00:00,2026-09-18T14:51:21.672+00:00,2026-09-18T14:52:15.226+00:00,True,879,879.0,,879.0,93197.653418,146750.797738,146750.797724,166.95198830944256,0.0166,93197.653418,3141.560084148482,129.3979919,60.99446961275627,29.52069418334169,5.989745974460142,27,36,,True,True,,4791,100.0
12,2026-09-18T14:49:52.725+00:00,2026-09-18T14:51:31.739+00:00,2026-09-18T14:52:08.135+00:00,True,617,617.0,,617.0,99013.875866,135409.916314,135409.916426,219.46501851863857,0.01679,99013.875866,3983.8738736693645,126.64015980000002,59.08448124675324,28.80622110036143,4.556534829910448,27,36,,True,True,,2435,100.0
13,2026-09-18T14:49:57.512+00:00,2026-09-18T14:51:46.169+00:00,2026-09-18T14:52:24.056+00:00,True,628,628.0,,628.0,108657.847021,146544.472813,146544.47297099998,233.3510716098726,0.016550000000000002,108657.847021,4333.61309991925,127.96055800000002,60.42524049760765,30.075768282322024,4.28538851002158,27,36,,True,True,,2640,100.0
14,2026-09-18T14:50:02.813+00:00,2026-09-18T14:52:08.326+00:00,2026-09-18T14:52:49.294+00:00,True,673,673.0,,673.0,125513.16700399999,166481.68796399998,166481.688057,247.37249339821693,41.16945,125513.16700399999,4835.898285191346,129.7780836,60.96506095238095,26.275672738536954,4.042486643609294,27,36,,True,True,,2554,100.0
15,2026-09-18T14:50:06.970+00:00,2026-09-18T14:52:20.167+00:00,2026-09-18T14:53:05.546+00:00,True,753,753.0,,753.0,133196.791657,178576.183913,178576.184001,237.1529668007968,0.0157,133196.791657,4851.861360484864,129.3786748,60.3449365106383,31.09756118595451,4.216687709973979,27,36,,True,True,,3859,100.0
16,2026-09-18T14:50:11.784+00:00,2026-09-18T14:52:34.490+00:00,2026-09-18T14:53:11.697+00:00,True,615,615.0,,615.0,142706.46585299997,179913.58649299998,179913.58640899998,292.5424169252032,0.016210000000000002,142706.46585299997,5752.129318960393,130.727039,60.59791635179153,32.69290603844208,3.4183077108738993,27,36,,True,True,,2833,100.0
17,2026-09-18T14:50:16.034+00:00,2026-09-18T14:52:50.250+00:00,2026-09-18T14:53:42.626+00:00,True,857,857.0,,857.0,154215.643727,206591.906639,206591.90666799998,241.06406845740955,0.01591,154215.643727,5265.905996972463,131.16742539999998,61.18722302803739,30.817826071095812,4.148274799058451,27,36,,True,True,,3908,100.0
18,2026-09-18T14:50:20.864+00:00,2026-09-18T14:53:08.525+00:00,2026-09-18T14:53:48.112+00:00,True,653,653.0,,653.0,167660.458487,207247.619831,207247.61977699999,317.37767194027566,42.133838000000004,167660.458487,6558.734245412465,129.3047616,60.716505128834356,25.50590910492362,3.150820262893676,27,36,,True,True,,3507,100.0
19,2026-09-18T14:50:24.976+00:00,2026-09-18T14:53:17.494+00:00,2026-09-18T14:54:10.495+00:00,True,870,870.0,,870.0,172517.732905,225519.36695300002,225519.36696400002,259.2176631770115,41.953009,172517.732905,5846.886753667439,130.8457749,60.99152364556962,25.522184477661046,3.8577618044720507,27,36,,True,True,,4293,100.0
20,2026-09-18T14:50:29.718+00:00,2026-09-18T14:53:32.179+00:00,2026-09-18T14:54:29.321+00:00,True,941,941.0,,941.0,182460.94384999998,239602.93296999997,239602.932756,254.6258584017003,0.01638,182460.94384999998,5946.155808781898,130.644925,60.789350127659574,30.997192517046376,3.9273308900514174,27,36,,True,True,,4445,100.0
21,2026-09-18T14:50:34.746+00:00,2026-09-18T14:53:51.775+00:00,2026-09-18T14:54:34.753+00:00,True,700,700.0,,700.0,197029.186412,240007.47633200002,240007.476193,342.86782313285715,0.017,197029.186412,7444.748852389807,131.85354655,61.48539330472103,32.19640523718825,2.916575811295548,27,36,,True,True,,2956,100.0
22,2026-09-18T14:50:39.205+00:00,2026-09-18T14:54:07.955+00:00,2026-09-18T14:55:06.040+00:00,True,956,956.0,,956.0,208750.222843,266834.680059,266834.679987,279.11577404497905,0.016280000000000003,208750.222843,6749.57148554791,132.92787175,60.82142116858639,31.5979828217945,3.582742692174114,27,36,,True,True,,3558,100.0
23,2026-09-18T14:50:44.665+00:00,2026-09-18T14:54:23.362+00:00,2026-09-18T14:55:08.648+00:00,True,741,741.0,,741.0,218696.85938,263982.622196,263982.622181,356.25185179622133,0.01564,218696.85938,8031.852761600277,134.425826,61.19697677837838,33.797604104039145,2.807002952830082,27,36,,True,True,,2458,100.0
24,2026-09-18T14:50:49.092+00:00,2026-09-18T14:54:37.634+00:00,2026-09-18T14:55:15.086+00:00,True,602,602.0,,602.0,228541.32171599998,265993.342196,265993.342188,441.84940562790695,40.640379,228541.32171599998,9312.149805659015,134.83017650000002,62.31617384359401,27.56621420158416,2.2632145414993508,27,36,,True,True,,3209,100.0
25,2026-09-18T14:50:52.352+00:00,2026-09-18T14:54:48.656+00:00,2026-09-18T14:55:35.634+00:00,True,819,819.0,,819.0,236304.61357100002,283282.78598700004,283282.78616,345.8886277899878,41.935108,236304.61357100002,8255.177281922153,129.7956279,57.43052862591687,23.223093651198347,2.891104015185675,27,36,,True,True,,3240,100.0
26,2026-09-18T14:50:57.214+00:00,2026-09-18T14:55:06.759+00:00,2026-09-18T14:55:46.724+00:00,True,771,771.0,,771.0,249544.880512,289509.308032,289509.308102,375.49845408819715,0.01821,249544.880512,8985.291880072242,100.262464,51.901853922077926,19.7747718725948,2.6631268101223884,27,36,,True,True,,3730,100.0
27,2026-09-18T14:51:00.775+00:00,2026-09-18T14:55:14.334+00:00,2026-09-18T14:55:46.277+00:00,True,642,642.0,,642.0,253559.560162,285501.788898,285501.788841,444.7068362009346,0.01927,253559.560162,10005.242389986512,55.190265,49.83187010296412,15.174125559669355,2.2486724250591807,27,36,,True,True,,2985,100.0
0,2026-09-18T14:49:03.158+00:00,2026-09-18T14:49:03.614+00:00,2026-09-18T14:49:49.753+00:00,True,878,878.0,,878.0,455.061642,46594.47617,46594.476242,53.06887954669704,2.3027089999999997,455.061642,25.09053416165907,100.06831050000001,52.61050687343215,21.108539755669803,18.843435363381186,28,36,,False,True,,4505,100.0
1,2026-09-18T14:49:06.063+00:00,2026-09-18T14:49:06.168+00:00,2026-09-18T14:49:42.069+00:00,True,687,687.0,,687.0,105.853403,36006.072795,36006.072728,52.4105862125182,2.3485189999999996,154.514579,18.41953968421856,89.76653200000001,52.33268132944606,18.319368732386916,19.08011473262923,28,36,,False,True,,3358,100.0
2,2026-09-18T14:49:10.443+00:00,2026-09-18T14:49:10.581+00:00,2026-09-18T14:50:01.401+00:00,True,868,868.0,,868.0,138.041414,50958.449734,50958.449726,58.70789138940092,0.01726,206.12793599999998,25.383000302587362,126.89240984999998,58.61638791234141,25.25400473365619,17.03348521257823,28,36,,False,True,,3637,100.0
3,2026-09-18T14:49:14.989+00:00,2026-09-18T14:49:15.182+00:00,2026-09-18T14:49:55.276+00:00,True,694,694.0,,694.0,192.914779,40287.036763,40287.036748,58.0504852276657,30.120842,192.914779,24.11559243775848,125.65427230000002,57.85587587878788,23.58135708139441,17.22638485631627,28,36,,False,True,,2928,100.0
4,2026-09-18T14:49:19.823+00:00,2026-09-18T14:49:47.407+00:00,2026-09-18T14:50:40.713+00:00,True,863,863.0,,863.0,27584.600608,80890.0232,80890.023098,93.73119710081113,0.01617,27584.600608,937.2976933924821,131.43972429999997,61.83923734570765,27.80398666780589,10.668806434462736,28,36,,False,True,,3437,100.0
5,2026-09-18T14:49:24.377+00:00,2026-09-18T14:49:56.514+00:00,2026-09-18T14:50:34.516+00:00,True,645,645.0,,645.0,32136.484863,70139.055615,70139.055618,108.74272188837209,0.02234,32136.484863,1263.2885013330572,122.6033934,59.010203031055894,24.600076156184926,9.196017744243191,28,36,,False,True,,3853,100.0
6,2026-09-18T14:49:28.509+00:00,2026-09-18T14:50:05.152+00:00,2026-09-18T14:50:56.195+00:00,True,852,852.0,,852.0,36642.302132,87685.87307599999,87685.873129,102.91769146596243,0.018179999999999998,36642.302132,1253.5908322849414,127.88078,59.98069441128085,27.49250358608175,9.7165024434614,28,36,,False,True,,3993,100.0
7,2026-09-18T14:49:31.794+00:00,2026-09-18T14:50:24.483+00:00,2026-09-18T14:51:21.122+00:00,True,924,924.0,,924.0,52689.50653499999,109328.63357499999,109328.633716,118.32103216017315,0.01706,52689.50653499999,1731.5703737090548,129.09862615,61.36416797399783,28.335134620760282,8.451582808506716,28,36,,False,True,,3589,100.0
8,2026-09-18T14:49:35.306+00:00,2026-09-18T14:50:35.136+00:00,2026-09-18T14:51:36.537+00:00,True,999,999.0,,999.0,59829.508816,121230.7028,121230.702752,121.3520548068068,0.01645,59829.508816,1891.1836883111735,131.1808511,61.52424246893787,28.084965100664334,8.240486749038297,28,36,,False,True,,4723,100.0
9,2026-09-18T14:49:38.622+00:00,2026-09-18T14:50:44.469+00:00,2026-09-18T14:51:29.400+00:00,True,740,740.0,,740.0,65846.755898,110778.18169,110778.181618,149.70024542972973,0.01611,65846.755898,2418.4892004316744,128.3665606,60.800305537212445,26.89771733014047,6.680015764031991,28,36,,False,True,,3297,100.0
10,2026-09-18T14:49:43.112+00:00,2026-09-18T14:50:56.430+00:00,2026-09-18T14:51:47.442+00:00,True,845,845.0,,845.0,73318.44697,124330.319994,124330.319833,147.13647317514793,42.279949,73318.44697,2520.2780375197785,127.36226420000001,60.44060784834124,25.216505572035594,6.7964113664372325,28,36,,False,True,,3956,100.0
11,2026-09-18T14:49:47.604+00:00,2026-09-18T14:51:18.908+00:00,2026-09-18T14:52:02.553+00:00,True,716,716.0,,716.0,91304.36362100001,134949.701221,134949.701288,188.4772364357542,0.02721,91304.36362100001,3410.0549246816645,130.15755849999996,61.042430209790204,30.01503789264877,5.305680512974568,28,36,,True,True,,3097,100.0
12,2026-09-18T14:49:51.608+00:00,2026-09-18T14:51:29.563+00:00,2026-09-18T14:52:21.501+00:00,True,857,857.0,,857.0,97955.404851,149893.53093100002,149893.53103399999,174.90493702917152,0.01742,97955.404851,3344.1459719934196,127.15887600000002,60.67538093457944,29.013540320967525,5.717391502335747,28,36,,True,True,,3242,100.0
13,2026-09-18T14:49:56.273+00:00,2026-09-18T14:51:41.578+00:00,2026-09-18T14:52:33.791+00:00,True,866,866.0,,866.0,105305.613961,157518.205577,157518.205618,181.8916923995381,0.0184,105305.613961,3576.484400815057,129.36487499999998,60.361377590751445,27.438406694624177,5.497777205039777,28,36,,True,True,,4057,100.0
14,2026-09-18T14:49:59.064+00:00,2026-09-18T14:51:52.835+00:00,2026-09-18T14:52:40.017+00:00,True,775,775.0,,775.0,113771.317902,160952.56129399998,160952.56126699998,207.68072421548388,0.02084,113771.317902,4084.70239470197,128.710473,60.957678801033595,29.401005746154365,4.815083362260794,28,36,,True,True,,3536,100.0
15,2026-09-18T14:50:03.575+00:00,2026-09-18T14:52:11.764+00:00,2026-09-18T14:52:54.282+00:00,True,702,702.0,,702.0,128188.718876,170707.353116,170707.353129,243.1728677051282,38.92253,128188.718876,4835.950418351834,129.1435295,60.65425711840228,25.711140047089465,4.1123008891302595,28,36,,True,True,,3318,100.0
16,2026-09-18T14:50:07.294+00:00,2026-09-18T14:52:21.769+00:00,2026-09-18T14:52:57.997+00:00,True,605,605.0,,605.0,134474.915176,170703.25770400002,170703.25768100002,282.15414492727274,41.805510999999996,134474.915176,5464.801793205962,130.39511620000002,59.98069954966887,25.111259265785627,3.54416200450651,28,36,,True,True,,2665,100.0
17,2026-09-18T14:50:10.312+00:00,2026-09-18T14:52:28.721+00:00,2026-09-18T14:53:17.550+00:00,True,802,802.0,,802.0,138408.852835,187238.053475,187238.053431,233.463907021197,0.0158,138408.852835,4885.334467518602,129.17602964999998,60.96030042446941,31.36323380092896,4.28331733381902,28,36,,True,True,,3238,100.0
18,2026-09-18T14:50:14.980+00:00,2026-09-18T14:52:44.788+00:00,2026-09-18T14:53:41.432+00:00,True,939,939.0,,939.0,149808.270671,206452.673871,206452.673962,219.86440251544195,0.01653,149808.270671,4886.927719633598,129.53729919999998,60.38848955223881,29.719823000747663,4.548257876217797,28,36,,True,True,,3830,100.0
19,2026-09-18T14:50:18.802+00:00,2026-09-18T14:52:59.563+00:00,2026-09-18T14:53:49.288+00:00,True,819,819.0,,819.0,160760.428386,210485.678946,210485.67884600002,257.0032708742369,0.01702,160760.428386,5615.382649125622,130.45046189999996,60.78881486552567,30.513205793496418,3.8910010605049954,28,36,,True,True,,2905,100.0
20,2026-09-18T14:50:22.964+00:00,2026-09-18T14:53:11.328+00:00,2026-09-18T14:54:02.238+00:00,True,836,836.0,,836.0,168364.064006,219274.240262,219274.240299,262.2897611232057,40.94146,168364.064006,5820.939610942264,128.99604475,60.970270965269464,25.410866260639576,3.8125773415112723,28,36,,True,True,,4338,100.0
21,2026-09-18T14:50:25.951+00:00,2026-09-18T14:53:22.297+00:00,2026-09-18T14:54:20.986+00:00,True,962,962.0,,962.0,176345.705706,235034.745578,235034.745586,244.31886235550937,38.873362,176345.705706,5683.701274198318,129.90408599999998,61.07080111550468,25.362816835845113,4.093011855052491,28,36,,True,True,,4420,100.0
22,2026-09-18T14:50:29.997+00:00,2026-09-18T14:53:32.839+00:00,2026-09-18T14:54:19.387+00:00,True,767,767.0,,767.0,182842.189882,229389.72370600002,229389.72368700002,299.07395526336376,40.710379,182842.189882,6599.902087630802,127.97732799999999,60.767015436031336,25.036772808119125,3.34365457880334,28,36,,True,True,,3558,100.0
23,2026-09-18T14:50:34.047+00:00,2026-09-18T14:53:50.417+00:00,2026-09-18T14:54:32.957+00:00,True,691,691.0,,691.0,196370.421082,238910.823002,238910.823095,345.7464878364689,0.016329999999999997,196370.421082,7468.01108552179,132.14227649999998,61.6527564057971,33.17662885391712,2.8922925772777375,28,36,,True,True,,2498,100.0
24,2026-09-18T14:50:37.352+00:00,2026-09-18T14:54:02.426+00:00,2026-09-18T14:54:52.350+00:00,True,822,822.0,,822.0,205074.43479899998,254998.409455,254998.40942299998,310.21704309367396,0.016300000000000002,205074.43479899998,7150.7382456428195,129.9182179,60.80873892326431,30.948480906348735,3.2235495184336034,28,36,,True,True,,3707,100.0
25,2026-09-18T14:50:41.042+00:00,2026-09-18T14:54:11.378+00:00,2026-09-18T14:54:49.379+00:00,True,634,634.0,,634.0,210335.81363999998,248336.40320799997,248336.40309699997,391.69779668296525,0.016370000000000003,210335.81363999998,8351.185290979052,130.36794849999998,60.03252696366509,33.52378258655453,2.552988574409602,28,36,,True,True,,1930,100.0
26,2026-09-18T14:50:43.723+00:00,2026-09-18T14:54:19.968+00:00,2026-09-18T14:55:05.199+00:00,True,747,747.0,,747.0,216244.86890099998,261476.20048499998,261476.20030599998,350.03507403748324,0.015960000000000002,216244.86890099998,7909.832665912672,133.63954999999999,60.631811774798926,32.10403173748554,2.8568565652033517,28,36,,True,True,,3665,100.0
27,2026-09-18T14:50:48.016+00:00,2026-09-18T14:54:33.156+00:00,2026-09-18T14:55:16.145+00:00,True,693,693.0,,693.0,225139.40707699998,268128.419557,268128.419617,386.90969641702736,40.365629999999996,225139.40707699998,8550.023445938326,135.41949200000002,62.12285040462427,27.582455274884218,2.5845824219042877,28,36,,True,True,,3605,100.0
28,2026-09-18T14:50:52.272+00:00,2026-09-18T14:54:48.340+00:00,2026-09-18T14:55:42.282+00:00,True,966,966.0,,966.0,236068.069729,290010.219617,290010.21974800003,300.2176187867495,39.79412,236068.069729,7593.598002596621,126.96418575,55.89860092020726,21.663079492989677,3.330917101044719,28,36,,True,True,,4452,100.0
29,2026-09-18T14:50:56.676+00:00,2026-09-18T14:55:05.204+00:00,2026-09-18T14:55:38.208+00:00,True,603,603.0,,603.0,248528.202173,281531.964861,281531.964697,466.8855135936982,41.43127,248528.202173,10118.637827588755,116.034661,54.82352605980066,19.945547495025973,2.1418527032897225,28,36,,True,True,,1056,100.0
30,2026-09-18T14:51:00.225+00:00,2026-09-18T14:55:13.118+00:00,2026-09-18T14:55:45.536+00:00,True,648,648.0,,648.0,252893.246077,285311.467389,285311.467387,440.2954743626543,0.03438,252893.246077,9932.62529085021,55.600713999999996,50.10544252241113,13.12780069433917,2.2712020863728637,28,36,,True,True,,3241,100.0
0,2026-09-18T14:49:03.161+00:00,2026-09-18T14:49:03.613+00:00,2026-09-18T14:49:33.650+00:00,True,634,634.0,,634.0,452.007374,30488.977614,30488.977552,48.089869955835965,3.991129,452.007374,21.18323697125647,75.5431621,47.4517697314376,13.81607296602891,20.794400128027856,29,36,,False,True,,3201,100.0
1,2026-09-18T14:49:07.739+00:00,2026-09-18T14:49:07.884+00:00,2026-09-18T14:50:03.756+00:00,True,969,969.0,,969.0,144.293993,56016.584041,56016.584124,57.80865234674923,0.01847,209.520004,25.126476447140252,125.55966919999999,57.71930790082644,24.984990745575658,17.298448603912792,29,36,,False,True,,4069,100.0
2,2026-09-18T14:49:10.953+00:00,2026-09-18T14:49:11.099+00:00,2026-09-18T14:50:06.876+00:00,True,950,950.0,,950.0,146.01919099999998,55922.687607,55922.68752,58.86598686315789,0.02481,158.997978,25.32940600195113,126.9693435,58.77415006954689,25.184018841942006,16.987738620078158,29,36,,False,True,,4594,100.0
3,2026-09-18T14:49:15.272+00:00,2026-09-18T14:49:15.444+00:00,2026-09-18T14:49:59.858+00:00,True,755,755.0,,755.0,171.806665,44585.796809,44585.796611,59.054035246357614,32.248032,171.806665,25.19782675269844,128.447632,58.904496212201586,24.877059078844837,16.933643761808856,29,36,,False,True,,3257,100.0
4,2026-09-18T14:49:19.575+00:00,2026-09-18T14:49:46.096+00:00,2026-09-18T14:50:32.487+00:00,True,764,764.0,,764.0,26520.978127000002,72911.631311,72911.631335,95.43407242801048,0.01734,26520.978127000002,957.672238733662,127.03720515,60.800331826998686,26.872476772937713,10.47843788793047,29,36,,False,True,,3023,100.0
5,2026-09-18T14:49:22.831+00:00,2026-09-18T14:49:53.994+00:00,2026-09-18T14:50:40.281+00:00,True,767,767.0,,767.0,31162.788492,77450.299532,77450.299536,100.97822625293351,0.022940000000000002,31162.788492,1123.3617856537874,128.63515329999998,60.42756010443864,26.854957520615827,9.903125031596552,29,36,,False,True,,3501,100.0
6,2026-09-18T14:49:25.652+00:00,2026-09-18T14:49:59.369+00:00,2026-09-18T14:50:35.936+00:00,True,624,624.0,,624.0,33717.374417000006,70284.296145,70284.29633400001,112.63509027884616,0.01691,33717.374417000006,1347.6514024412604,120.59164265,58.69489843980738,24.69131581125256,8.878227914705967,29,36,,False,True,,1978,100.0
7,2026-09-18T14:49:29.954+00:00,2026-09-18T14:50:10.147+00:00,2026-09-18T14:50:58.479+00:00,True,804,804.0,,804.0,40193.800493,88525.532973,88525.53288700001,110.10638418781095,0.016329999999999997,40193.800493,1415.6710021288,128.67281450000002,60.18895701120797,27.544435666151454,9.08212549531012,29,36,,False,True,,3187,100.0
8,2026-09-18T14:49:32.454+00:00,2026-09-18T14:50:27.876+00:00,2026-09-18T14:51:13.517+00:00,True,750,750.0,,750.0,55422.335555,101063.309123,101063.30903399999,134.751078712,0.01669,55422.335555,2021.7167502725495,128.9035505,60.935879263017355,28.756852969553915,7.421090863818894,29,36,,False,True,,3465,100.0
9,2026-09-18T14:49:36.685+00:00,2026-09-18T14:50:39.048+00:00,2026-09-18T14:51:31.176+00:00,True,854,854.0,,854.0,62362.269699000004,114490.726915,114490.726813,134.06408291920374,0.016489999999999998,62362.269699000004,2132.0876864921734,130.29394455,61.11190763892145,28.17521348772419,7.4591193803322176,29,36,,False,True,,2934,100.0
10,2026-09-18T14:49:40.732+00:00,2026-09-18T14:50:49.868+00:00,2026-09-18T14:51:39.099+00:00,True,808,808.0,,808.0,69135.780449,118367.491681,118367.491685,146.49442040222772,0.016489999999999998,69135.780449,2430.2015871664303,128.4241845,61.00583795786865,27.85950900320746,6.826198549324314,29,36,,False,True,,4525,100.0
11,2026-09-18T14:49:44.027+00:00,2026-09-18T14:50:58.653+00:00,2026-09-18T14:51:41.584+00:00,True,704,704.0,,704.0,74625.998012,117556.390844,117556.390783,166.98350963494318,41.583019,74625.998012,2810.3895457946173,129.501266,61.06741512375534,25.770162155223733,5.988615293014772,29,36,,False,True,,3040,100.0
12,2026-09-18T14:49:47.043+00:00,2026-09-18T14:51:15.579+00:00,2026-09-18T14:51:53.789+00:00,True,620,620.0,,620.0,88535.948603,126745.958971,126745.958856,204.4289658967742,40.037868,88535.948603,3553.3103425255117,131.30019744999998,61.72861125686591,26.70124767494526,4.8916746934855615,29,36,,True,True,,2478,100.0
13,2026-09-18T14:49:51.241+00:00,2026-09-18T14:51:29.243+00:00,2026-09-18T14:52:18.729+00:00,True,820,820.0,,820.0,98001.966987,147487.965579,147487.96555700002,179.86337263048782,0.016460000000000002,98001.966987,3420.3873448419804,127.268393,60.422464703296704,28.6982598401386,5.559775652073644,29,36,,True,True,,3608,100.0
14,2026-09-18T14:49:54.487+00:00,2026-09-18T14:51:35.753+00:00,2026-09-18T14:52:13.788+00:00,True,644,644.0,,644.0,101265.940236,139301.36014,139301.36007,216.30645973602483,0.01691,101265.940236,3988.209899621117,126.574962,59.15306361430793,28.795264311768445,4.623070437738512,29,36,,True,True,,2908,100.0
15,2026-09-18T14:49:57.108+00:00,2026-09-18T14:51:43.375+00:00,2026-09-18T14:52:37.794+00:00,True,903,903.0,,903.0,106267.236372,160685.795092,160685.79493899998,177.94661676522702,0.016280000000000003,106267.236372,3534.460981084529,128.234285,60.330996363636366,28.70985805778728,5.619662892310992,29,36,,True,True,,4341,100.0
16,2026-09-18T14:50:00.314+00:00,2026-09-18T14:51:57.562+00:00,2026-09-18T14:52:34.648+00:00,True,604,604.0,,604.0,117247.168677,154333.34749299998,154333.347411,255.51878710430464,0.01635,117247.168677,4768.3169512099985,128.903572,61.502784106135984,30.88054125621944,3.913606552384249,29,36,,True,True,,2718,100.0
17,2026-09-18T14:50:04.785+00:00,2026-09-18T14:52:15.066+00:00,2026-09-18T14:52:51.329+00:00,True,604,604.0,,604.0,130281.258654,166544.672926,166544.672813,275.7362132665563,41.754989,130281.258654,5298.682760582688,127.700046,60.13833212603649,25.34594807727569,3.626654574946221,29,36,,True,True,,1455,100.0
18,2026-09-18T14:50:09.395+00:00,2026-09-18T14:52:26.296+00:00,2026-09-18T14:53:13.095+00:00,True,770,770.0,,770.0,136900.571705,183699.97701700003,183699.97708900002,238.57139881688312,0.016239999999999997,136900.571705,4931.461333874252,130.4726475,60.85748415084525,31.478450902765957,4.19161729088699,29,36,,True,True,,3776,100.0
19,2026-09-18T14:50:13.974+00:00,2026-09-18T14:52:39.533+00:00,2026-09-18T14:53:36.296+00:00,True,934,934.0,,934.0,145558.665664,202321.14272,202321.142667,216.61792576766595,0.01625,145558.665664,4760.930046176795,130.6952975,60.838667798499465,30.205110682681386,4.616423115465487,29,36,,True,True,,4669,100.0
20,2026-09-18T14:50:18.512+00:00,2026-09-18T14:52:57.841+00:00,2026-09-18T14:53:35.361+00:00,True,611,611.0,,611.0,159329.033127,196848.890023,196848.889875,322.174942512275,0.01585,159329.033127,6443.35956949617,129.97828149999998,61.507962124590165,33.15790925628048,3.1039037097369975,29,36,,True,True,,2950,100.0
21,2026-09-18T14:50:22.843+00:00,2026-09-18T14:53:11.333+00:00,2026-09-18T14:53:57.030+00:00,True,754,754.0,,754.0,168490.153123,214187.532195,214187.532163,284.06834504376656,38.190059999999995,168490.153123,6133.891777178352,130.17047985000002,60.68709040106241,25.372047133757167,3.5202795992511153,29,36,,True,True,,2956,100.0
22,2026-09-18T14:50:25.489+00:00,2026-09-18T14:53:21.133+00:00,2026-09-18T14:54:11.528+00:00,True,820,820.0,,820.0,175643.65711,226038.966934,226038.967046,275.65727688536583,42.130039,175643.65711,6131.6488646711705,131.3982115,61.53273482783883,26.012966038769296,3.627693097002287,29,36,,True,True,,4132,100.0
23,2026-09-18T14:50:29.165+00:00,2026-09-18T14:53:30.987+00:00,2026-09-18T14:54:07.959+00:00,True,609,609.0,,609.0,181821.456805,218793.261221,218793.261354,359.2664390049261,41.449829,181821.456805,7365.355733695011,128.9418462,60.80888884210526,25.069184407894177,2.783449529484629,29,36,,True,True,,2025,100.0
24,2026-09-18T14:50:32.436+00:00,2026-09-18T14:53:43.393+00:00,2026-09-18T14:54:31.130+00:00,True,777,777.0,,777.0,190957.545391,238694.499759,238694.49974899998,307.20012837709135,0.01647,190957.545391,6848.431420241077,129.7994838,61.516693773195875,31.97264026915833,3.255206972864917,29,36,,True,True,,3617,100.0
25,2026-09-18T14:50:36.997+00:00,2026-09-18T14:54:01.995+00:00,2026-09-18T14:54:48.494+00:00,True,762,762.0,,762.0,204997.824648,251496.833928,251496.833866,330.04833840682414,0.0177,204997.824648,7424.142207075181,132.54433805,61.102508909329835,31.81342265493092,3.029859215715415,29,36,,True,True,,3792,100.0
26,2026-09-18T14:50:40.353+00:00,2026-09-18T14:54:09.695+00:00,2026-09-18T14:55:06.969+00:00,True,941,941.0,,941.0,209342.033427,266615.571731,266615.5717,283.3321697130712,0.01598,209342.033427,6822.442710003894,132.93886600000002,60.9292960680851,31.727543477332834,3.529426259278718,29,36,,True,True,,4499,100.0
27,2026-09-18T14:50:43.931+00:00,2026-09-18T14:54:21.318+00:00,2026-09-18T14:55:03.129+00:00,True,692,692.0,,692.0,217387.02635499998,259197.82136299997,259197.821343,374.5633256401734,0.01616,217387.02635499998,8261.583851503827,133.8085709,60.50766281910275,33.845399100724975,2.6697755265113576,29,36,,True,True,,1667,100.0
28,2026-09-18T14:50:47.928+00:00,2026-09-18T14:54:33.161+00:00,2026-09-18T14:55:30.877+00:00,True,976,976.0,,976.0,225232.638203,282948.945147,282948.945169,289.9067061157787,41.70503,225232.638203,7207.668240513847,132.30767824999998,59.19621225025641,24.618790913472928,3.449385540182665,29,36,,True,True,,4510,100.0
29,2026-09-18T14:50:51.251+00:00,2026-09-18T14:54:45.775+00:00,2026-09-18T14:55:32.718+00:00,True,805,805.0,,805.0,234524.381469,281467.306525,281467.306571,349.64882803850935,43.230349000000004,234524.381469,8263.874900517905,130.5432482,58.38672270646766,23.871214525624747,2.8600124466977825,29,36,,True,True,,3148,100.0
30,2026-09-18T14:50:54.545+00:00,2026-09-18T14:54:56.589+00:00,2026-09-18T14:55:34.540+00:00,True,665,665.0,,665.0,242043.823754,279995.12026600004,279995.120238,421.04529359097745,41.958760000000005,242043.823754,9383.867635623936,128.8014924,57.155567036144575,22.5841674568367,2.3750413913222452,29,36,,True,True,,3115,100.0
31,2026-09-18T14:50:58.635+00:00,2026-09-18T14:55:09.452+00:00,2026-09-18T14:55:55.133+00:00,True,953,953.0,,953.0,250816.87822,296498.108812,296498.10884500004,311.12078577649527,0.01663,250816.87822,8123.253033435159,103.22236560000002,47.98448591596638,29.015872245091998,3.2141857626628805,29,36,,True,True,,4436,100.0
32,2026-09-18T14:51:02.106+00:00,2026-09-18T14:55:17.964+00:00,2026-09-18T14:55:59.062+00:00,True,947,947.0,,947.0,255857.212523,296955.766635,296955.766658,313.57525518268216,0.01613,255857.212523,8312.900494097537,83.46624560000001,43.44456037209302,34.131811120897794,3.189027142766333,29,36,,True,True,,1631,100.0
0,2026-09-18T14:49:03.161+00:00,2026-09-18T14:49:03.613+00:00,2026-09-18T14:49:40.497+00:00,True,740,740.0,,740.0,451.985354,37335.327946,37335.328,50.45314594594595,12.523457,451.985354,22.89670016196396,80.210957,49.90980053044655,17.498776865784123,19.820369626063012,30,36,,False,True,,3494,100.0
1,2026-09-18T14:49:06.249+00:00,2026-09-18T14:49:06.379+00:00,2026-09-18T14:49:45.091+00:00,True,731,731.0,,731.0,130.059604,38842.079572,38842.079448,53.1355396005472,2.3153490000000003,157.420678,19.09253620086007,91.58753399999999,53.03016433972603,18.891710058310952,18.819795645724238,30,36,,False,True,,2630,100.0
2,2026-09-18T14:49:11.108+00:00,2026-09-18T14:49:11.304+00:00,2026-09-18T14:49:55.117+00:00,True,763,763.0,,763.0,196.101628,44008.710139999996,44008.710144,57.67851919266055,31.377312000000003,196.101628,23.78500826075438,124.8308078,57.49686156430446,23.26495855208675,17.337477003364864,30,36,,False,True,,3148,100.0
3,2026-09-18T14:49:14.230+00:00,2026-09-18T14:49:14.506+00:00,2026-09-18T14:50:10.772+00:00,True,958,958.0,,958.0,276.297168,56542.361807999994,56542.361798,59.02125448643006,0.0169,276.297168,26.120623650336587,125.5913178,58.79421592476489,25.170761942676805,16.94304888170511,30,36,,False,True,,2321,100.0
4,2026-09-18T14:49:18.714+00:00,2026-09-18T14:49:41.857+00:00,2026-09-18T14:50:22.166+00:00,True,662,662.0,,662.0,23143.550625,63452.513953,63452.513872,95.84971883987916,0.01872,23143.550625,897.5361707357036,126.607604,60.981790208774584,27.035498748046095,10.432998769605108,30,36,,False,True,,2861,100.0
5,2026-09-18T14:49:21.630+00:00,2026-09-18T14:49:52.197+00:00,2026-09-18T14:50:48.753+00:00,True,920,920.0,,920.0,30567.734719,87123.666111,87123.6663,94.69963728260869,0.01732,30567.734719,1006.1334169487526,127.887572,61.540730568008705,27.44517996880668,10.559702559209033,30,36,,False,True,,5115,100.0
6,2026-09-18T14:49:26.644+00:00,2026-09-18T14:50:00.355+00:00,2026-09-18T14:50:52.517+00:00,True,869,869.0,,869.0,33710.3997,85872.79714000001,85872.797335,98.8179486018412,0.01774,33710.3997,1141.8031539806398,125.03924699999999,60.09492792626728,25.957249529341297,10.119619122028286,30,36,,False,True,,3250,100.0
7,2026-09-18T14:49:30.812+00:00,2026-09-18T14:50:16.301+00:00,2026-09-18T14:51:02.759+00:00,True,756,756.0,,756.0,45489.080753,91947.081649,91947.081584,121.62312378835979,0.01647,45489.080753,1652.434780308245,129.18593925,61.533776021192054,28.811983801671545,8.222120663774456,30,36,,False,True,,3203,100.0
8,2026-09-18T14:49:35.117+00:00,2026-09-18T14:50:34.416+00:00,2026-09-18T14:51:16.739+00:00,True,704,704.0,,704.0,59299.051195,101621.623995,101621.623988,144.34889771022728,0.01657,59299.051195,2232.819812518301,128.329244,60.20280625889047,27.71015107198455,6.927659412672231,30,36,,False,True,,3554,100.0
9,2026-09-18T14:49:38.489+00:00,2026-09-18T14:50:43.732+00:00,2026-09-18T14:51:32.837+00:00,True,803,803.0,,803.0,65242.988448,114347.92079999999,114347.92092799999,142.40089779327522,0.01819,65242.988448,2300.389432818346,128.40169300000002,61.22809520199502,28.3970557699864,7.022427643476663,30,36,,False,True,,3226,100.0
10,2026-09-18T14:49:41.259+00:00,2026-09-18T14:50:51.305+00:00,2026-09-18T14:51:50.241+00:00,True,976,976.0,,976.0,70046.934793,128982.750217,128982.750382,132.15445735860655,0.01662,70046.934793,2240.37895434551,128.29081175,60.44699017846154,27.29208298654639,7.566903313489456,30,36,,False,True,,4367,100.0
11,2026-09-18T14:49:44.839+00:00,2026-09-18T14:51:02.061+00:00,2026-09-18T14:51:55.041+00:00,True,878,878.0,,878.0,77222.408807,130202.395239,130202.395308,148.2942998952164,37.62349,77222.408807,2604.2129353638297,130.02078434999999,60.410474836944125,25.1829175570561,6.743347527427126,30,36,,False,True,,4288,100.0
12,2026-09-18T14:49:47.910+00:00,2026-09-18T14:51:20.636+00:00,2026-09-18T14:52:11.507+00:00,True,840,840.0,,840.0,92725.389732,143596.682404,143596.682297,170.94843130595237,0.01744,92725.389732,3197.368311119196,127.53197155000002,60.63324513945173,28.900480712756462,5.849717318932998,30,36,,True,True,,3425,100.0
13,2026-09-18T14:49:52.881+00:00,2026-09-18T14:51:32.246+00:00,2026-09-18T14:52:21.660+00:00,True,818,818.0,,818.0,99364.61337600001,148779.219712,148779.219818,181.88168681907092,0.02091,99364.61337600001,3472.2083421114435,127.24196285,60.48299429130967,28.986576674036193,5.498079648377287,30,36,,True,True,,3936,100.0
14,2026-09-18T14:49:56.198+00:00,2026-09-18T14:51:41.155+00:00,2026-09-18T14:52:19.967+00:00,True,649,649.0,,649.0,104957.34924,143768.864888,143768.864946,221.52367480123266,0.0182,104957.34924,4117.689242023236,127.0522416,59.89431427160494,29.282511021577527,4.5141901934441035,30,36,,True,True,,3202,100.0
15,2026-09-18T14:49:59.413+00:00,2026-09-18T14:51:54.044+00:00,2026-09-18T14:52:42.088+00:00,True,789,789.0,,789.0,114630.894351,162674.16347099998,162674.163592,206.17764713814955,0.01679,114630.894351,4078.9055198280803,129.0114598,60.96861563451777,29.72242996794094,4.850186305956664,30,36,,True,True,,3462,100.0
16,2026-09-18T14:50:03.051+00:00,2026-09-18T14:52:10.144+00:00,2026-09-18T14:52:59.278+00:00,True,804,804.0,,804.0,127092.25664200001,176226.051458,176226.051642,219.1866313955224,39.762591,127092.25664200001,4480.115828242429,130.56695355,61.187789310087176,26.01766366520407,4.562322048006719,30,36,,True,True,,4161,100.0
17,2026-09-18T14:50:07.089+00:00,2026-09-18T14:52:21.244+00:00,2026-09-18T14:52:59.663+00:00,True,639,639.0,,639.0,134155.344376,172573.77995999999,172573.779924,270.06851318309856,42.172019,134155.344376,5304.782393330983,129.6907809,60.21698367398119,25.488592904562257,3.702764117168382,30,36,,True,True,,1525,100.0
18,2026-09-18T14:50:10.999+00:00,2026-09-18T14:52:31.967+00:00,2026-09-18T14:53:24.188+00:00,True,860,860.0,,860.0,140968.192763,193188.892667,193188.892692,224.63824731627906,0.01685,140968.192763,4804.997346990029,128.57269110000001,60.79243294994179,30.212803986615018,4.4516016843803925,30,36,,True,True,,4467,100.0
19,2026-09-18T14:50:15.527+00:00,2026-09-18T14:52:48.529+00:00,2026-09-18T14:53:41.210+00:00,True,866,866.0,,866.0,153002.45195,205682.60580599998,205682.605583,237.50878242840645,0.01647,153002.45195,5197.25406977511,131.51522075,60.90191197225434,30.3706765968449,4.210370617420182,30,36,,True,True,,4548,100.0
20,2026-09-18T14:50:19.023+00:00,2026-09-18T14:52:59.849+00:00,2026-09-18T14:53:45.100+00:00,True,745,745.0,,745.0,160825.490578,206076.56437,206076.564385,276.6128381006711,0.01712,160825.490578,5890.044557985055,129.7942728,60.821335741935485,31.252338671442722,3.6151612012629943,30,36,,True,True,,3466,100.0
21,2026-09-18T14:50:23.604+00:00,2026-09-18T14:53:13.044+00:00,2026-09-18T14:54:09.511+00:00,True,927,927.0,,927.0,169440.03806700002,225907.028659,225907.02853200003,243.696902407767,39.573389000000006,169440.03806700002,5563.195795038199,129.62325769999998,60.97947148164147,25.331493147379465,4.1034579822626025,30,36,,True,True,,3087,100.0
22,2026-09-18T14:50:28.273+00:00,2026-09-18T14:53:28.262+00:00,2026-09-18T14:54:25.563+00:00,True,936,936.0,,936.0,179989.15341,237289.59501,237289.595219,253.51452480662394,41.262439,179989.15341,5881.182382776088,130.2163895,61.28389475935829,25.675763589266168,3.944547168031344,30,36,,True,True,,4325,100.0
23,2026-09-18T14:50:32.401+00:00,2026-09-18T14:53:43.237+00:00,2026-09-18T14:54:26.799+00:00,True,708,708.0,,708.0,190836.044952,234397.631384,234397.631264,331.07010065536724,0.01661,190836.044952,7169.814169269733,130.81588265,61.61469085148515,32.16156766278911,3.0205083379879585,30,36,,True,True,,2990,100.0
24,2026-09-18T14:50:36.718+00:00,2026-09-18T14:53:59.766+00:00,2026-09-18T14:54:54.493+00:00,True,900,900.0,,900.0,203048.315339,257774.699979,257774.69992699998,286.4163332522222,0.016329999999999997,203048.315339,6766.318989241428,130.8392411,60.874732636262515,31.00745738390186,3.491420996992024,30,36,,True,True,,2128,100.0
25,2026-09-18T14:50:40.499+00:00,2026-09-18T14:54:10.702+00:00,2026-09-18T14:54:57.597+00:00,True,779,779.0,,779.0,210203.044135,257098.211623,257098.211738,330.03621532477536,0.01654,210203.044135,7529.210465897048,131.22027390000002,60.27656489460154,31.176914411627582,3.029970512367075,30,36,,True,True,,3818,100.0
26,2026-09-18T14:50:44.795+00:00,2026-09-18T14:54:23.594+00:00,2026-09-18T14:55:02.747+00:00,True,652,652.0,,652.0,218798.43553400002,257952.121806,257952.121665,395.6320884432516,0.01731,218798.43553400002,8566.516521538435,131.83170954999997,60.14391132411674,33.10932466658987,2.5276008409434776,30,36,,True,True,,3151,100.0
27,2026-09-18T14:50:48.841+00:00,2026-09-18T14:54:36.804+00:00,2026-09-18T14:55:21.913+00:00,True,734,734.0,,734.0,227962.946998,273071.669174,273071.669065,372.0322466825613,42.1494,227962.946998,8412.038283254924,135.07274885000004,61.539866542974075,27.179319227609106,2.687939038935228,30,36,,True,True,,3003,100.0
28,2026-09-18T14:50:52.933+00:00,2026-09-18T14:54:51.645+00:00,2026-09-18T14:55:35.868+00:00,True,772,772.0,,772.0,238712.68795300002,282935.247441,282935.24755200004,366.49643465284976,42.337748,238712.68795300002,8589.424098255115,130.94107,57.35740530220493,23.017955114971972,2.7285395050009944,30,36,,True,True,,3424,100.0
29,2026-09-18T14:50:56.383+00:00,2026-09-18T14:55:04.394+00:00,2026-09-18T14:55:43.733+00:00,True,735,735.0,,735.0,248011.198771,287350.218291,287350.218302,390.9526779619048,23.637224,248011.198771,9146.0741345903,105.42555829999999,53.5953944414169,19.211420749808322,2.5578543297143574,30,36,,True,True,,2551,100.0
30,2026-09-18T14:51:01.270+00:00,2026-09-18T14:55:15.420+00:00,2026-09-18T14:55:51.467+00:00,True,763,763.0,,763.0,254150.386167,290197.317111,290197.317169,380.33724399606814,0.0192,254150.386167,9199.167302522761,69.18055399999999,47.305683653543305,18.27939345623909,2.6292455340245398,30,36,,True,True,,4253,100.0
0,2026-09-18T14:49:03.162+00:00,2026-09-18T14:49:03.613+00:00,2026-09-18T14:49:57.321+00:00,True,982,982.0,,982.0,450.502734,54159.334734000004,54159.334722,55.15207201832994,1.4859200000000001,450.502734,26.78692266295128,122.4495945,54.749064220183485,23.635078917596562,18.13168505158027,31,36,,False,True,,3332,100.0
1,2026-09-18T14:49:08.363+00:00,2026-09-18T14:49:08.519+00:00,2026-09-18T14:49:57.140+00:00,True,852,852.0,,852.0,155.884817,48776.843024999995,48776.843122,57.24981587089202,0.03,155.884817,23.926701373512646,123.76328939999999,57.13391093772033,23.700243003634057,17.467305121885758,31,36,,False,True,,4330,100.0
2,2026-09-18T14:49:12.419+00:00,2026-09-18T14:49:12.592+00:00,2026-09-18T14:50:09.985+00:00,True,978,978.0,,978.0,173.238014,57565.525246000005,57565.525185,58.8604551993865,0.01968,200.437397,25.553548087090086,125.98731400000001,58.74338508904811,25.30286780835278,16.98933512411506,31,36,,False,True,,4065,100.0
3,2026-09-18T14:49:18.015+00:00,2026-09-18T14:49:41.126+00:00,2026-09-18T14:50:26.356+00:00,True,746,746.0,,746.0,23111.029147999998,68341.313436,68341.313411,91.61033969302949,0.01811,23111.029147999998,844.3484999532498,127.14485025,60.71179099060403,26.532627303650973,10.915798402069214,31,36,,False,True,,2669,100.0
4,2026-09-18T14:49:22.606+00:00,2026-09-18T14:49:53.188+00:00,2026-09-18T14:50:35.706+00:00,True,707,707.0,,707.0,30582.541325,73099.746573,73099.746509,103.39426663224894,0.01636,30582.541325,1148.211778472199,125.5197697,60.22267032294618,26.34481211665454,9.671716156963209,31,36,,False,True,,3392,100.0
5,2026-09-18T14:49:27.267+00:00,2026-09-18T14:50:01.948+00:00,2026-09-18T14:50:50.427+00:00,True,812,812.0,,812.0,34680.812181999994,83159.84654999999,83159.846465,102.41360402093595,15.461396,34680.812181999994,1215.2141685558172,125.09906955000001,59.77686111960542,24.860649118891722,9.764327781819365,31,36,,False,True,,3708,100.0
6,2026-09-18T14:49:30.517+00:00,2026-09-18T14:50:11.866+00:00,2026-09-18T14:51:00.220+00:00,True,803,803.0,,803.0,41348.851653,89703.83814899999,89703.838151,111.71088188169365,0.016050000000000002,41348.851653,1457.3052910639644,129.1656021,60.29300061845387,27.739228018796283,8.95167939933852,31,36,,False,True,,3787,100.0
7,2026-09-18T14:49:34.847+00:00,2026-09-18T14:50:34.068+00:00,2026-09-18T14:51:19.066+00:00,True,746,746.0,,746.0,59220.406254,104218.320878,104218.320849,139.702842961126,0.01659,59220.406254,2166.176022466728,129.54158875000002,60.39988540134228,27.49724876616773,7.158050462867101,31,36,,False,True,,3667,100.0
8,2026-09-18T14:49:38.778+00:00,2026-09-18T14:50:44.760+00:00,2026-09-18T14:51:30.515+00:00,True,755,755.0,,755.0,65982.344056,111737.18770400001,111737.18789100001,147.9962753523179,0.01692,65982.344056,2399.2976192142173,128.3730177,60.68281650928382,27.961824173060354,6.756926816522806,31,36,,False,True,,3183,100.0
9,2026-09-18T14:49:43.002+00:00,2026-09-18T14:50:56.434+00:00,2026-09-18T14:51:43.615+00:00,True,777,777.0,,777.0,73431.388216,120613.125688,120613.12565700001,155.22924794980696,38.873599999999996,73431.388216,2632.2775626633834,127.485999,60.801208082474226,25.402376552098303,6.442084935348832,31,36,,False,True,,3738,100.0
10,2026-09-18T14:49:47.197+00:00,2026-09-18T14:51:17.449+00:00,2026-09-18T14:52:05.191+00:00,True,785,785.0,,785.0,90252.434015,137994.52809500002,137994.52818300002,175.78920787643312,0.01775,90252.434015,3219.208613515729,129.858482,60.895528163265304,29.452982880427403,5.688631359785367,31,36,,True,True,,1812,100.0
11,2026-09-18T14:49:50.823+00:00,2026-09-18T14:51:27.999+00:00,2026-09-18T14:52:21.549+00:00,True,880,880.0,,880.0,97176.140341,150726.123829,150726.123925,171.2796862784091,0.01757,97176.140341,3273.8809577622696,128.05243800000002,60.921482921501706,28.920857219425756,5.83840397168554,31,36,,True,True,,3479,100.0
12,2026-09-18T14:49:54.925+00:00,2026-09-18T14:51:37.321+00:00,2026-09-18T14:52:26.680+00:00,True,817,817.0,,817.0,102396.809853,151755.211133,151755.211235,185.7468925764994,0.018170000000000002,102396.809853,3580.410354333394,128.046752,60.4882368627451,28.79684453740263,5.383670148130674,31,36,,True,True,,4498,100.0
13,2026-09-18T14:49:59.869+00:00,2026-09-18T14:51:55.203+00:00,2026-09-18T14:52:47.421+00:00,True,867,867.0,,867.0,115334.816788,167552.538388,167552.538217,193.25552274163783,0.01739,115334.816788,3915.034402364363,128.6978124,60.2976,28.89111577071405,5.174496360015122,31,36,,True,True,,4458,100.0
14,2026-09-18T14:50:03.628+00:00,2026-09-18T14:52:12.759+00:00,2026-09-18T14:52:56.282+00:00,True,715,715.0,,715.0,129131.06478100001,172653.259725,172653.259823,241.47309066153846,41.216660000000005,129131.06478100001,4827.017999253429,130.092214,60.955455103641455,25.937780735889604,4.141248193858855,31,36,,True,True,,2875,100.0
15,2026-09-18T14:50:06.945+00:00,2026-09-18T14:52:20.164+00:00,2026-09-18T14:53:11.910+00:00,True,849,849.0,,849.0,133218.937292,184964.90158,184964.901621,217.86207493639574,0.016,133218.937292,4570.075235148611,132.85746640000002,61.02118430188679,31.347453384068615,4.590060020834792,31,36,,True,True,,3413,100.0
16,2026-09-18T14:50:10.409+00:00,2026-09-18T14:52:29.502+00:00,2026-09-18T14:53:22.930+00:00,True,880,880.0,,880.0,139093.520988,192521.264476,192521.264544,218.77416425454547,0.01729,139093.520988,4686.8924901518785,128.92274895,60.78241579977247,30.607699073341266,4.570923645214798,31,36,,True,True,,4419,100.0
17,2026-09-18T14:50:15.572+00:00,2026-09-18T14:52:49.507+00:00,2026-09-18T14:53:36.745+00:00,True,768,768.0,,768.0,153935.08853,201173.15982600002,201173.160047,261.9442188111979,0.016390000000000002,153935.08853,5552.5243864534705,131.29738,61.58809816949152,32.10661168302372,3.817606686022447,31,36,,True,True,,3679,100.0
18,2026-09-18T14:50:20.356+00:00,2026-09-18T14:53:05.742+00:00,2026-09-18T14:53:42.788+00:00,True,609,609.0,,609.0,165386.594912,202432.089184,202432.089223,332.4008033218391,43.442889,165386.594912,6699.3832007811925,129.036074,60.930089263157896,25.69212957034439,3.0084163160834216,31,36,,True,True,,2759,100.0
19,2026-09-18T14:50:24.237+00:00,2026-09-18T14:53:15.611+00:00,2026-09-18T14:54:10.328+00:00,True,898,898.0,,898.0,171373.505784,226090.558712,226090.558645,251.77122343541203,42.637199,171373.505784,5716.8290924273015,130.10484950000003,61.00005900557414,25.483023919923255,3.9718597942158906,31,36,,True,True,,3692,100.0
20,2026-09-18T14:50:28.510+00:00,2026-09-18T14:53:28.690+00:00,2026-09-18T14:54:16.351+00:00,True,778,778.0,,778.0,180180.670942,227841.42819,227841.428269,292.85530625835474,38.249120000000005,180180.670942,6457.6410724010375,130.3206485,61.339455917631916,25.47315452360962,3.4146555618990213,31,36,,True,True,,2193,100.0
21,2026-09-18T14:50:32.582+00:00,2026-09-18T14:53:45.281+00:00,2026-09-18T14:54:42.066+00:00,True,931,931.0,,931.0,192699.002938,249484.57785,249484.57782099998,267.9748419129968,0.016239999999999997,192699.002938,6313.531454324857,130.002011,61.05975796989247,31.373450167887952,3.7316935901334713,31,36,,True,True,,5703,100.0
22,2026-09-18T14:50:37.134+00:00,2026-09-18T14:54:02.132+00:00,2026-09-18T14:54:51.849+00:00,True,819,819.0,,819.0,204997.91633,254715.17713,254715.177223,311.0075423968254,0.016309999999999998,204997.91633,7161.15224171788,130.40877700000001,60.77904743276284,31.483960344009024,3.215356105702346,31,36,,True,True,,2819,100.0
23,2026-09-18T14:50:40.830+00:00,2026-09-18T14:54:10.704+00:00,2026-09-18T14:54:55.733+00:00,True,750,750.0,,750.0,209874.13081099998,254902.575739,254902.575505,339.8701006733333,0.016550000000000002,209874.13081099998,7661.391883956184,130.50478644999998,60.11808401602136,32.151679786804436,2.942300593964733,31,36,,True,True,,3004,100.0
24,2026-09-18T14:50:44.922+00:00,2026-09-18T14:54:24.853+00:00,2026-09-18T14:55:17.421+00:00,True,854,854.0,,854.0,219930.697769,272498.455081,272498.454998,319.0848419180328,0.016050000000000002,219930.697769,7523.833700723045,133.97690550000002,61.62691361313013,32.23773974193864,3.133962721902952,31,36,,True,True,,4439,100.0
25,2026-09-18T14:50:50.078+00:00,2026-09-18T14:54:42.012+00:00,2026-09-18T14:55:20.899+00:00,True,627,627.0,,627.0,231933.950245,270821.834533,270821.834485,431.93275037480066,42.46110899999999,231933.950245,9260.109643868327,135.372105,62.121220907348246,27.496810630406063,2.3151752187233603,31,36,,True,True,,2379,100.0
26,2026-09-18T14:50:55.221+00:00,2026-09-18T14:54:59.718+00:00,2026-09-18T14:55:45.238+00:00,True,846,846.0,,846.0,244496.97639899998,290016.918287,290016.918387,342.80959620212764,0.044899999999999995,244496.97639899998,8404.150998363837,109.07271325000002,53.86975371360946,20.044349628808618,2.9170712005249317,31,36,,True,True,,3673,100.0
27,2026-09-18T14:50:59.558+00:00,2026-09-18T14:55:11.785+00:00,2026-09-18T14:55:54.266+00:00,True,895,895.0,,895.0,252226.6289,294707.344676,294707.34465600003,329.28194933631283,0.01744,252226.6289,8429.457665837235,93.30909600000001,47.517579167785236,25.861384971077214,3.0369110786294087,31,36,,True,True,,4559,100.0
28,2026-09-18T14:51:02.889+00:00,2026-09-18T14:55:20.151+00:00,2026-09-18T14:56:01.427+00:00,True,991,991.0,,991.0,257262.45371399997,298537.988562,298537.98867399996,301.2492317598385,0.01594,257262.45371399997,8170.984892183549,90.22995200000001,41.692459442424244,40.064886040339154,3.3195105412663097,31,36,,True,True,,4996,100.0
0,2026-09-18T14:49:03.167+00:00,2026-09-18T14:49:03.612+00:00,2026-09-18T14:49:57.142+00:00,True,980,980.0,,980.0,445.595995,53975.728987,53975.72896,55.077274448979594,2.356039,445.595995,26.644773595997794,120.82548145000001,54.67837894994893,23.549416085942795,18.15630874084224,32,36,,False,True,,5519,100.0
1,2026-09-18T14:49:06.380+00:00,2026-09-18T14:49:06.498+00:00,2026-09-18T14:49:53.998+00:00,True,852,852.0,,852.0,118.55222,47617.94678,47617.94698,55.8896091314554,2.257589,159.299387,22.647848585774383,119.10014445,55.815974806110454,22.55888626437644,17.89241363001918,32,36,,False,True,,4220,100.0
2,2026-09-18T14:49:10.454+00:00,2026-09-18T14:49:10.580+00:00,2026-09-18T14:50:00.828+00:00,True,859,859.0,,859.0,125.640177,50373.939953,50373.939801,58.642537603026774,35.115801,162.029437,24.637761399880457,127.36045299999999,58.56445195337995,24.54555066779438,17.052468018214693,32,36,,False,True,,2703,100.0
3,2026-09-18T14:49:13.937+00:00,2026-09-18T14:49:14.102+00:00,2026-09-18T14:49:47.516+00:00,True,604,604.0,,604.0,164.89559400000002,33579.58513,33579.585247,55.595339812913906,33.97905,164.89559400000002,20.78567752845258,118.1416645,55.414078832504146,20.319562481638794,17.987119187496646,32,36,,False,True,,1870,100.0
4,2026-09-18T14:49:18.085+00:00,2026-09-18T14:49:41.122+00:00,2026-09-18T14:50:21.689+00:00,True,665,665.0,,665.0,23036.522687,63603.587006999995,63603.587114,95.64449190075187,0.017329999999999998,23036.522687,891.3624136963134,128.8633986,61.09497638554217,27.169318554993314,10.455385164468984,32,36,,False,True,,3236,100.0
5,2026-09-18T14:49:20.672+00:00,2026-09-18T14:49:49.927+00:00,2026-09-18T14:50:30.616+00:00,True,682,682.0,,682.0,29254.989243,69943.787451,69943.787573,102.55687327419355,0.01806,29254.989243,1118.2303785883778,123.80165905,59.74860236123348,25.344770817927373,9.750687299823216,32,36,,False,True,,3229,100.0
6,2026-09-18T14:49:24.125+00:00,2026-09-18T14:49:56.046+00:00,2026-09-18T14:50:37.860+00:00,True,700,700.0,,700.0,31921.402351,73735.063535,73735.063449,105.33580492714286,0.0185,31921.402351,1204.5232753254147,125.140731,59.8192577739628,25.455739226863088,9.49344811600697,32,36,,False,True,,1478,100.0
7,2026-09-18T14:49:28.144+00:00,2026-09-18T14:50:03.956+00:00,2026-09-18T14:50:49.684+00:00,True,766,766.0,,766.0,35812.399215000005,81539.956335,81539.956267,106.4490290691906,14.762376,35812.399215000005,1292.0415406243044,125.85916050000002,59.77458447058824,25.26413009076493,9.394167404909489,32,36,,False,True,,3972,100.0
8,2026-09-18T14:49:31.767+00:00,2026-09-18T14:50:24.193+00:00,2026-09-18T14:51:25.410+00:00,True,995,995.0,,995.0,52425.921592,113642.749496,113642.74956,114.21381865326633,0.01776,52425.921592,1660.3022060834953,130.8233816,61.586345979879276,28.312602847821005,8.755507979283992,32,36,,False,True,,4744,100.0
9,2026-09-18T14:49:36.404+00:00,2026-09-18T14:50:38.011+00:00,2026-09-18T14:51:27.838+00:00,True,821,821.0,,821.0,61607.142347,111434.226891,111434.22698,135.72987451887943,0.01648,61607.142347,2148.1623532569483,128.519307,60.76473724878049,27.745185123657105,7.3675747829530485,32,36,,False,True,,2937,100.0
10,2026-09-18T14:49:40.845+00:00,2026-09-18T14:50:50.667+00:00,2026-09-18T14:51:35.605+00:00,True,739,739.0,,739.0,69821.412211,114759.470707,114759.470629,155.29021735994587,0.01653,69821.412211,2566.322932805869,127.85308809999998,60.89167817886179,26.891211559448355,6.4395556675822405,32,36,,False,True,,3866,100.0
11,2026-09-18T14:49:44.320+00:00,2026-09-18T14:51:00.380+00:00,2026-09-18T14:51:40.810+00:00,True,662,662.0,,662.0,76060.62182799999,116490.37517199999,116490.37512999999,175.96733403323262,41.695218000000004,76060.62182799999,2953.9118578932107,130.5115925,61.16452850832073,25.40312906593052,5.682872932828536,32,36,,False,True,,3002,100.0
12,2026-09-18T14:49:48.612+00:00,2026-09-18T14:51:21.844+00:00,2026-09-18T14:52:17.091+00:00,True,906,906.0,,906.0,93232.30358200001,148479.933662,148479.933728,163.88513656512143,0.01721,93232.30358200001,3095.544318318527,128.02829674999998,61.047105060773475,29.10258419765579,6.101834622733736,32,36,,True,True,,3589,100.0
13,2026-09-18T14:49:52.856+00:00,2026-09-18T14:51:32.082+00:00,2026-09-18T14:52:10.525+00:00,True,650,650.0,,650.0,99225.587023,137668.792655,137668.792559,211.79814239846155,0.016800000000000002,99225.587023,3889.732595956396,128.10569255000001,59.23452331587057,29.040045165367893,4.721476722970248,32,36,,True,True,,4316,100.0
14,2026-09-18T14:49:56.368+00:00,2026-09-18T14:51:41.692+00:00,2026-09-18T14:52:36.035+00:00,True,899,899.0,,899.0,105324.173065,159667.283209,159667.28312,177.60543172413793,0.01657,105324.173065,3510.859371682102,129.4445891,60.51571285523386,29.024279476501246,5.6304584253696754,32,36,,True,True,,3871,100.0
15,2026-09-18T14:50:00.225+00:00,2026-09-18T14:51:56.496+00:00,2026-09-18T14:52:39.389+00:00,True,705,705.0,,705.0,116270.940695,159163.855127,159163.855128,225.76433351489362,0.01643,116270.940695,4376.823572643112,127.1166558,60.92743527272727,29.79457866373055,4.429397613154485,32,36,,True,True,,3148,100.0
16,2026-09-18T14:50:02.872+00:00,2026-09-18T14:52:09.567+00:00,2026-09-18T14:53:07.110+00:00,True,940,940.0,,940.0,126694.854216,184237.162312,184237.162408,195.9969812851064,0.0188,126694.854216,4130.446686374583,131.84271655,61.28041330777423,30.828569982154345,5.102119399820861,32,36,,True,True,,4545,100.0
17,2026-09-18T14:50:06.784+00:00,2026-09-18T14:52:19.563+00:00,2026-09-18T14:53:11.001+00:00,True,850,850.0,,850.0,132779.218174,184216.953086,184216.953094,216.7258271694118,0.0159,132779.218174,4552.314887952547,130.41680055,60.58626020259128,30.695845401178726,4.614124735866114,32,36,,True,True,,3200,100.0
18,2026-09-18T14:50:10.695+00:00,2026-09-18T14:52:30.458+00:00,2026-09-18T14:53:15.611+00:00,True,742,742.0,,742.0,139762.64882300003,184915.66386300002,184915.66403400002,249.21248522102428,0.01668,139762.64882300003,5128.706480852031,129.8302821,60.935242968960864,31.275365277692035,4.012640057089656,32,36,,True,True,,3356,100.0
19,2026-09-18T14:50:14.054+00:00,2026-09-18T14:52:40.196+00:00,2026-09-18T14:53:19.833+00:00,True,651,651.0,,651.0,146141.92020199998,185779.542986,185779.54309899997,285.3756422411674,0.016399999999999998,146141.92020199998,5725.451953690395,131.004503,60.980958129230764,31.86605668641723,3.504153307391106,32,36,,True,True,,3133,100.0
20,2026-09-18T14:50:17.321+00:00,2026-09-18T14:52:55.004+00:00,2026-09-18T14:53:46.057+00:00,True,836,836.0,,836.0,157683.218125,208736.452301,208736.452369,249.68475163755983,0.01703,157683.218125,5451.561662512265,131.07718425,61.141597815568865,31.021041183063776,4.00505034355226,32,36,,True,True,,3532,100.0
21,2026-09-18T14:50:20.095+00:00,2026-09-18T14:53:05.290+00:00,2026-09-18T14:53:49.069+00:00,True,729,729.0,,729.0,165195.40536,208973.493808,208973.493739,286.6577417544582,0.01609,165195.40536,6116.176721848358,129.298475,60.13473687912088,26.094057404193993,3.4884807001876914,32,36,,True,True,,3673,100.0
22,2026-09-18T14:50:24.540+00:00,2026-09-18T14:53:15.934+00:00,2026-09-18T14:53:56.481+00:00,True,676,676.0,,676.0,171393.87208700003,211941.68955900002,211941.6896,313.5232094674557,43.393938,171393.87208700003,6589.807763504358,127.34310875,60.07084069925926,24.68800389781906,3.1895565304145417,32,36,,True,True,,1886,100.0
23,2026-09-18T14:50:28.338+00:00,2026-09-18T14:53:28.411+00:00,2026-09-18T14:54:24.951+00:00,True,926,926.0,,926.0,180072.460729,236612.266169,236612.266122,255.52080574730024,41.920750999999996,180072.460729,5915.594029975552,128.47044825,61.12411398918919,25.398795715442684,3.913575635755949,32,36,,True,True,,4563,100.0
24,2026-09-18T14:50:32.213+00:00,2026-09-18T14:53:42.782+00:00,2026-09-18T14:54:42.563+00:00,True,980,980.0,,980.0,190568.969213,250349.778941,250349.779119,255.4589582846939,0.01642,190568.969213,6085.631199789106,130.981664,61.06313557507661,31.09642793684003,3.914523128981699,32,36,,True,True,,3951,100.0
25,2026-09-18T14:50:36.264+00:00,2026-09-18T14:53:57.907+00:00,2026-09-18T14:54:50.607+00:00,True,865,865.0,,865.0,201642.907773,254342.209149,254342.20914000002,294.037236,0.01725,201642.907773,6854.059407369337,130.8898298,60.994561777777776,30.71351014661467,3.400929805926398,32,36,,True,True,,4475,100.0
26,2026-09-18T14:50:38.975+00:00,2026-09-18T14:54:06.689+00:00,2026-09-18T14:55:04.234+00:00,True,951,951.0,,951.0,207713.86254300002,265258.51047900005,265258.51039300003,278.9258784363828,0.016059999999999998,207713.86254300002,6733.692865649925,133.34857649999998,60.57331361684211,31.501399620603763,3.5851818600756586,32,36,,True,True,,4431,100.0
27,2026-09-18T14:50:42.396+00:00,2026-09-18T14:54:15.721+00:00,2026-09-18T14:54:51.458+00:00,True,600,600.0,,600.0,213325.370903,249062.468887,249062.468834,415.10411472333334,0.01598,213325.370903,8706.599189914472,128.7666605,59.661265415692824,33.162900448885736,2.4090341779765336,32,36,,True,True,,3105,100.0
28,2026-09-18T14:50:46.942+00:00,2026-09-18T14:54:29.645+00:00,2026-09-18T14:55:14.189+00:00,True,722,722.0,,722.0,222702.420874,267246.596234,267246.596243,370.1476402257618,43.503189,222702.420874,8285.872442156002,135.944452,61.781103134535364,27.56959971036243,2.701624679881123,32,36,,True,True,,2907,100.0
29,2026-09-18T14:50:51.142+00:00,2026-09-18T14:54:45.174+00:00,2026-09-18T14:55:31.755+00:00,True,794,794.0,,794.0,234031.612823,280612.39643900003,280612.396426,353.4161164055416,40.155298,234031.612823,8303.42206364491,132.3266305,58.739954118537206,24.29921193465503,2.829525744678215,32,36,,True,True,,3829,100.0
30,2026-09-18T14:50:54.078+00:00,2026-09-18T14:54:55.923+00:00,2026-09-18T14:55:34.732+00:00,True,678,678.0,,678.0,241844.89052000002,280653.97596,280653.97588800004,413.94391723893807,41.802089,241844.89052000002,9285.823834431327,128.64788685,57.325089276218606,22.952918934078465,2.4157861925199713,32,36,,True,True,,2894,100.0
31,2026-09-18T14:50:57.208+00:00,2026-09-18T14:55:06.624+00:00,2026-09-18T14:55:46.825+00:00,True,776,776.0,,776.0,249416.507394,289617.307394,289617.30727499997,373.2181794780928,0.01819,249416.507394,8951.690898959536,101.277637,51.872,19.938517665778864,2.6793978819239457,32,36,,True,True,,3937,100.0
32,2026-09-18T14:51:01.394+00:00,2026-09-18T14:55:15.754+00:00,2026-09-18T14:55:57.152+00:00,True,919,919.0,,919.0,254360.292534,295758.444726,295758.444714,321.8263816256801,0.01724,254360.292534,8389.139163540533,84.18836900000001,45.09602635294118,30.368168386648712,3.107265460674811,32,36,,True,True,,4050,100.0
0,2026-09-18T14:49:03.165+00:00,2026-09-18T14:49:03.613+00:00,2026-09-18T14:49:40.955+00:00,True,746,746.0,,746.0,448.051925,37790.360021,37790.36007,50.657319128686325,0.026949999999999998,448.051925,23.283654982894564,84.59171375,50.12390348456376,18.174457526108725,19.74048407015572,33,36,,False,True,,2081,100.0
1,2026-09-18T14:49:08.862+00:00,2026-09-18T14:49:09.025+00:00,2026-09-18T14:49:47.303+00:00,True,702,702.0,,702.0,162.980486,38440.80295,38440.802786,54.758978327635326,0.037649999999999996,162.980486,20.865830765246322,102.70786315,54.604596952924396,20.475589287098792,18.261845386348778,33,36,,False,True,,4439,100.0
2,2026-09-18T14:49:14.095+00:00,2026-09-18T14:49:14.327+00:00,2026-09-18T14:50:07.404+00:00,True,901,901.0,,901.0,231.272268,53309.210956,53309.210921,59.16671578357381,0.01652,231.272268,25.99004883276047,125.195358,58.97548743111111,25.362356446030603,16.901394409001128,33,36,,False,True,,4502,100.0
3,2026-09-18T14:49:19.685+00:00,2026-09-18T14:49:46.790+00:00,2026-09-18T14:50:33.868+00:00,True,772,772.0,,772.0,27105.007557,74183.737797,74183.737716,96.09292450259068,0.016550000000000002,27105.007557,973.7079599122508,127.11992709999998,61.061906926070044,27.04073655341669,10.406593451957605,33,36,,False,True,,3321,100.0
4,2026-09-18T14:49:25.498+00:00,2026-09-18T14:49:59.057+00:00,2026-09-18T14:50:43.736+00:00,True,750,750.0,,750.0,33559.112667999994,78238.21436399998,78238.214291,104.31761905466666,0.02531,33559.112667999994,1223.4934065135208,124.04935895,59.65167115620827,25.53044163449897,9.586108349951044,33,36,,False,True,,3632,100.0
5,2026-09-18T14:49:29.946+00:00,2026-09-18T14:50:09.988+00:00,2026-09-18T14:51:00.840+00:00,True,846,846.0,,846.0,40042.155851999996,90894.04346799999,90894.04336899999,107.43976757565011,0.01765,40042.155851999996,1374.8702009043714,128.30016575,60.17974865798817,26.83225012709961,9.307540601357903,33,36,,False,True,,3612,100.0
6,2026-09-18T14:49:35.813+00:00,2026-09-18T14:50:36.073+00:00,2026-09-18T14:51:26.532+00:00,True,832,832.0,,832.0,60259.699147,110718.980811,110718.980737,133.0756980012019,0.01702,60259.699147,2087.2077687359297,128.95696,60.72115723706378,27.70887157179818,7.514520038982695,33,36,,False,True,,3629,100.0
7,2026-09-18T14:49:40.345+00:00,2026-09-18T14:50:48.497+00:00,2026-09-18T14:51:29.711+00:00,True,683,683.0,,683.0,68151.440446,109365.754686,109365.754645,160.1255558491947,0.019129999999999998,68151.440446,2605.567167727307,129.3845029,60.43154580645161,26.750425590600788,6.245099317980854,33,36,,False,True,,2999,100.0
8,2026-09-18T14:49:45.797+00:00,2026-09-18T14:51:08.315+00:00,2026-09-18T14:51:45.978+00:00,True,607,607.0,,607.0,82518.300029,120180.92428500002,120180.924324,197.9916380955519,42.330829,82518.300029,3346.8968138809055,131.1279697,62.14954497689769,26.521249460740663,5.0507183532766415,33,36,,True,True,,2204,100.0
9,2026-09-18T14:49:49.547+00:00,2026-09-18T14:51:25.153+00:00,2026-09-18T14:52:10.300+00:00,True,750,750.0,,750.0,95605.930587,140753.497179,140753.497273,187.67132969733333,0.01625,95605.930587,3488.953248113898,127.4061015,60.277124955941254,28.867847839110418,5.328464407859117,33,36,,True,True,,3388,100.0
10,2026-09-18T14:49:52.953+00:00,2026-09-18T14:51:32.837+00:00,2026-09-18T14:52:26.109+00:00,True,881,881.0,,881.0,99884.832331,153156.746315,153156.746392,173.84420702837684,0.0173,99884.832331,3363.288994709326,127.648877,60.53626589090909,28.781058708409358,5.752276809198028,33,36,,True,True,,4120,100.0
11,2026-09-18T14:49:57.945+00:00,2026-09-18T14:51:48.499+00:00,2026-09-18T14:52:28.109+00:00,True,655,655.0,,655.0,110554.44858699999,150164.408523,150164.40862099998,229.2586391160305,0.01691,110554.44858699999,4317.456756823294,129.99928969999996,60.56568797553517,29.91726678530792,4.361885791996288,33,36,,True,True,,2203,100.0
12,2026-09-18T14:50:03.770+00:00,2026-09-18T14:52:13.080+00:00,2026-09-18T14:52:52.437+00:00,True,649,649.0,,649.0,129309.957145,168666.540057,168666.53995,259.8868104006163,41.5354,129309.957145,5073.540432753901,129.4463256,60.735467456790126,25.64068119805529,3.8478289753301027,33,36,,True,True,,3875,100.0
13,2026-09-18T14:50:07.920+00:00,2026-09-18T14:52:21.901+00:00,2026-09-18T14:53:08.355+00:00,True,775,775.0,,775.0,133980.41306999998,180434.92059,180434.920517,232.81925227999997,0.016370000000000003,133980.41306999998,4810.662531069454,130.771009,60.01874356589148,31.03147279251408,4.2951774383021055,33,36,,True,True,,3707,100.0
14,2026-09-18T14:50:11.557+00:00,2026-09-18T14:52:34.330+00:00,2026-09-18T14:53:13.330+00:00,True,640,640.0,,640.0,142773.314766,181773.129934,181773.129893,284.0205154578125,0.01644,142773.314766,5641.279223799036,129.4220664,61.032574597809074,30.24503521138709,3.5208724206508277,33,36,,True,True,,3706,100.0
15,2026-09-18T14:50:14.783+00:00,2026-09-18T14:52:43.112+00:00,2026-09-18T14:53:30.831+00:00,True,779,779.0,,779.0,148329.253896,196048.08295200003,196048.082841,251.66634511039797,0.01643,148329.253896,5312.342432831343,130.5311865,61.33525585604114,31.447055625860855,3.973515008513134,33,36,,True,True,,3639,100.0
16,2026-09-18T14:50:19.906+00:00,2026-09-18T14:53:03.755+00:00,2026-09-18T14:53:55.785+00:00,True,856,856.0,,856.0,163848.87169,215879.65620199998,215879.656253,252.19586010864487,0.015609999999999999,163848.87169,5598.241538929344,128.482122,60.854718727485384,30.38595212043475,3.9651721475739024,33,36,,True,True,,4705,100.0
17,2026-09-18T14:50:25.086+00:00,2026-09-18T14:53:18.253+00:00,2026-09-18T14:54:14.075+00:00,True,914,914.0,,914.0,173166.445637,228988.644165,228988.644169,250.53462162910284,38.18989,173166.445637,5725.872369124793,129.9775065,61.14150988828039,25.746977136152502,3.9914643074676155,33,36,,True,True,,4081,100.0
18,2026-09-18T14:50:28.934+00:00,2026-09-18T14:53:30.524+00:00,2026-09-18T14:54:14.840+00:00,True,724,724.0,,724.0,181590.473066,225906.395498,225906.395495,312.0254081422652,42.693180999999996,181590.473066,6746.528436440476,132.0592977,61.29449852282158,25.899925395106678,3.2048672123866884,33,36,,True,True,,3237,100.0
19,2026-09-18T14:50:34.817+00:00,2026-09-18T14:53:52.581+00:00,2026-09-18T14:54:44.530+00:00,True,851,851.0,,851.0,197764.37770100002,249712.95242100002,249712.95241000003,293.4347266862515,0.016210000000000002,197764.37770100002,6777.251061264634,129.933736,61.11597025882353,30.93806856988768,3.4079129326270134,33,36,,True,True,,4092,100.0
20,2026-09-18T14:50:40.464+00:00,2026-09-18T14:54:10.499+00:00,2026-09-18T14:54:49.425+00:00,True,646,646.0,,646.0,210035.64861,248961.63517,248961.635065,385.3895279643963,0.01581,210035.64861,8261.432730100427,129.6160255,60.35036675968992,32.826443408253674,2.5947773019681843,33,36,,True,True,,3869,100.0
21,2026-09-18T14:50:43.810+00:00,2026-09-18T14:54:21.154+00:00,2026-09-18T14:55:11.401+00:00,True,819,819.0,,819.0,217344.229045,267590.678453,267590.67829099996,326.7285449218559,0.01656,217344.229045,7592.547174266311,134.03458600000002,61.42597727139364,32.98970097778089,3.060644730731345,33,36,,True,True,,2956,100.0
22,2026-09-18T14:50:48.685+00:00,2026-09-18T14:54:35.268+00:00,2026-09-18T14:55:30.681+00:00,True,936,936.0,,936.0,226582.258337,281995.591329,281995.59131600003,301.27734114957264,39.515370000000004,226582.258337,7404.176997473318,132.57851675,59.2655967828877,24.759850289579,3.3192008271788294,33,36,,True,True,,4622,100.0
23,2026-09-18T14:50:54.511+00:00,2026-09-18T14:54:56.589+00:00,2026-09-18T14:55:44.639+00:00,True,884,884.0,,884.0,242077.628075,290127.83889099996,290127.838965,328.1989128563348,0.03086,242077.628075,8140.1473011788485,113.72617935,54.41699979161948,20.514571546818708,3.0469327017326173,33,36,,True,True,,4267,100.0
24,2026-09-18T14:50:58.946+00:00,2026-09-18T14:55:10.606+00:00,2026-09-18T14:55:47.601+00:00,True,732,732.0,,732.0,251660.14171700002,288655.14562100003,288655.145521,394.3376304931694,0.018510000000000002,251660.14171700002,9299.778067750767,96.00574655,50.60876047058824,20.302435188385886,2.535897977585701,33,36,,True,True,,2870,100.0
0,2026-09-18T14:49:03.167+00:00,2026-09-18T14:49:03.613+00:00,2026-09-18T14:49:55.863+00:00,True,961,961.0,,961.0,445.814415,52696.459663,52696.459679,54.8350256805411,0.03882,445.814415,26.346085934032825,119.046098,54.42775546666667,23.135984632752052,18.236519230052778,34,36,,False,True,,4239,100.0
1,2026-09-18T14:49:06.957+00:00,2026-09-18T14:49:07.129+00:00,2026-09-18T14:49:40.029+00:00,True,635,635.0,,635.0,171.248275,33071.831442999995,33071.83151,52.08162442519685,14.618397000000002,171.248275,17.717343996915925,84.6614327,51.89366430283911,17.085986335767462,19.200630031464573,34,36,,False,True,,3393,100.0
2,2026-09-18T14:49:10.511+00:00,2026-09-18T14:49:10.671+00:00,2026-09-18T14:49:57.507+00:00,True,806,806.0,,806.0,160.131078,46996.26983,46996.269714,58.30802694044665,32.275732,160.851258,24.3982273934876,126.82936975000001,58.181538822360245,24.1475183233618,17.150297309032197,34,36,,False,True,,3588,100.0
3,2026-09-18T14:49:15.307+00:00,2026-09-18T14:49:15.534+00:00,2026-09-18T14:49:55.280+00:00,True,689,689.0,,689.0,227.11959099999999,39972.991207,39972.991052,58.015952179970974,35.118171000000004,227.11959099999999,24.451180457867594,126.51363359999999,57.770162232558135,23.60181104420504,17.236638520045094,34,36,,False,True,,3671,100.0
4,2026-09-18T14:49:19.390+00:00,2026-09-18T14:49:45.274+00:00,2026-09-18T14:50:45.777+00:00,True,973,973.0,,973.0,25883.694852,86387.27194,86387.271981,88.7844521901336,0.01763,25883.694852,828.2708891928067,131.0085854,62.24647848559671,28.009929135609752,11.263233323026961,34,36,,False,True,,4739,100.0
5,2026-09-18T14:49:22.942+00:00,2026-09-18T14:49:54.602+00:00,2026-09-18T14:50:50.375+00:00,True,918,918.0,,918.0,31659.903151000002,87432.373167,87432.37311300001,95.24223650653595,0.01864,31659.903151000002,1043.2553099521938,126.98462899999998,60.82057798909488,26.25951773336818,10.499543438522208,34,36,,False,True,,3482,100.0
6,2026-09-18T14:49:29.090+00:00,2026-09-18T14:50:07.985+00:00,2026-09-18T14:51:00.527+00:00,True,877,877.0,,877.0,38895.573139,91437.502611,91437.502565,104.26169049600912,0.01661,38895.573139,1311.672858011886,127.9996618,59.979371543378996,27.502687301978554,9.59125058053036,34,36,,False,True,,4270,100.0
7,2026-09-18T14:49:35.416+00:00,2026-09-18T14:50:35.878+00:00,2026-09-18T14:51:14.025+00:00,True,642,642.0,,642.0,60461.549131,98609.10573899999,98609.105814,153.59673802803738,0.01716,60461.549131,2384.0356274382148,129.05058060000002,59.51256881123245,27.415752113656342,6.510554934949465,34,36,,False,True,,3146,100.0
8,2026-09-18T14:49:39.779+00:00,2026-09-18T14:50:47.059+00:00,2026-09-18T14:51:46.667+00:00,True,982,982.0,,982.0,67280.43092,126888.687176,126888.687102,129.21454898370672,0.01641,67280.43092,2145.2412379628863,128.85650585,60.76274847706422,27.4484261340857,7.739066593367179,34,36,,False,True,,5189,100.0
9,2026-09-18T14:49:45.442+00:00,2026-09-18T14:51:06.544+00:00,2026-09-18T14:51:51.231+00:00,True,730,730.0,,730.0,81101.855358,125788.85363,125788.853641,172.31349813835615,39.70359,81101.855358,2999.554997298559,130.38147250000003,61.299037410150895,25.640354843237866,5.8033758869227725,34,36,,False,True,,2953,100.0
10,2026-09-18T14:49:50.629+00:00,2026-09-18T14:51:27.347+00:00,2026-09-18T14:52:15.942+00:00,True,803,803.0,,803.0,96717.906441,145312.28826499998,145312.288242,180.96175372602738,0.01697,96717.906441,3411.0877020306375,128.727979,60.591498533665835,29.235390749721766,5.526029557359955,34,36,,True,True,,3162,100.0
11,2026-09-18T14:49:55.428+00:00,2026-09-18T14:51:38.449+00:00,2026-09-18T14:52:26.112+00:00,True,790,790.0,,790.0,103020.228222,150683.300222,150683.30038600002,190.73835491898734,0.01791,103020.228222,3663.258560967544,127.63954195000001,60.40947021546261,28.740311738888565,5.242784030055766,34,36,,True,True,,3422,100.0
12,2026-09-18T14:50:01.058+00:00,2026-09-18T14:51:59.124+00:00,2026-09-18T14:52:39.839+00:00,True,670,670.0,,670.0,118065.552729,158780.946009,158780.946142,236.98648677910447,42.388059,118065.552729,4558.989998113341,127.92557400000001,60.8600796412556,25.460830034090026,4.219649881428613,34,36,,True,True,,2682,100.0
13,2026-09-18T14:50:06.203+00:00,2026-09-18T14:52:17.750+00:00,2026-09-18T14:53:17.222+00:00,True,972,972.0,,972.0,131546.834225,191018.319921,191018.319994,196.5209053436214,0.0161,131546.834225,4217.515130032286,130.66185,61.2476680700309,30.885532066307455,5.08851716632202,34,36,,True,True,,4135,100.0
14,2026-09-18T14:50:11.266+00:00,2026-09-18T14:52:33.022+00:00,2026-09-18T14:53:22.631+00:00,True,817,817.0,,817.0,141755.527479,191364.761911,191364.76192400002,234.2285947662179,0.01626,141755.527479,4957.368154232895,129.3055356,60.795630431372544,31.02940048671917,4.269333558808338,34,36,,True,True,,3387,100.0
15,2026-09-18T14:50:15.566+00:00,2026-09-18T14:52:49.401+00:00,2026-09-18T14:53:38.764+00:00,True,805,805.0,,805.0,153835.411635,203198.15979499999,203198.15964199998,252.420074089441,0.01636,153835.411635,5419.913975431554,131.73081219999997,61.39645293532338,31.61479826110392,3.9616500504342085,34,36,,True,True,,4247,100.0
16,2026-09-18T14:50:21.557+00:00,2026-09-18T14:53:08.873+00:00,2026-09-18T14:53:58.853+00:00,True,821,821.0,,821.0,167315.73303799998,217295.15882999997,217295.15881599998,264.6713262070645,40.524089,167315.73303799998,5837.287287559863,129.328361,60.95051925853659,25.38503402578209,3.778271013586208,34,36,,True,True,,4052,100.0
17,2026-09-18T14:50:26.458+00:00,2026-09-18T14:53:22.781+00:00,2026-09-18T14:54:23.414+00:00,True,993,993.0,,993.0,176323.042323,236955.530771,236955.530871,238.6259122567976,39.273968999999994,176323.042323,5593.561374100682,129.1339018,61.121460129032265,25.570078253362645,4.1906597274560395,34,36,,True,True,,4051,100.0
18,2026-09-18T14:50:30.297+00:00,2026-09-18T14:53:34.266+00:00,2026-09-18T14:54:33.560+00:00,True,976,976.0,,976.0,183968.840586,243263.080586,243263.080425,249.24495945184427,0.01659,183968.840586,5886.834157688766,130.81566475000002,60.81460512820513,31.02996309664046,4.012117242159802,34,36,,True,True,,3415,100.0
19,2026-09-18T14:50:34.264+00:00,2026-09-18T14:53:50.792+00:00,2026-09-18T14:54:30.076+00:00,True,636,636.0,,636.0,196528.487412,235812.34405199997,235812.343989,370.7741257688679,0.01667,196528.487412,7790.481646297686,131.09808125,61.86434116535433,33.8208334274894,2.6970598276218865,34,36,,True,True,,2674,100.0
20,2026-09-18T14:50:39.880+00:00,2026-09-18T14:54:08.110+00:00,2026-09-18T14:54:44.984+00:00,True,613,613.0,,613.0,208229.448544,245103.35779200002,245103.357835,399.8423455709625,0.01722,208229.448544,8407.936450127741,131.103477,60.25148569934641,32.25579367661467,2.500985729131483,34,36,,True,True,,1226,100.0
21,2026-09-18T14:50:44.065+00:00,2026-09-18T14:54:21.572+00:00,2026-09-18T14:55:10.426+00:00,True,801,801.0,,801.0,217506.87709400002,266360.981158,266360.98118400003,332.5355570337079,0.01563,217506.87709400002,7683.137563508105,133.824166,61.06763008,32.26466223953507,3.0071972122856194,34,36,,True,True,,3883,100.0
22,2026-09-18T14:50:50.007+00:00,2026-09-18T14:54:41.573+00:00,2026-09-18T14:55:21.519+00:00,True,644,644.0,,644.0,231566.422417,271512.365201,271512.36521899997,421.6030515822981,41.94475,231566.422417,9122.589503769786,134.4573755,62.124327813374805,27.76392070429918,2.3718993406552524,34,36,,True,True,,1184,100.0
23,2026-09-18T14:50:55.223+00:00,2026-09-18T14:55:00.473+00:00,2026-09-18T14:55:41.506+00:00,True,748,748.0,,748.0,245250.203702,286283.102774,286283.102622,382.7314206176471,40.444819,245250.203702,8965.250338371752,118.46978315,54.93025310843374,20.42630488942815,2.612798285166318,34,36,,True,True,,3311,100.0
24,2026-09-18T14:50:59.461+00:00,2026-09-18T14:55:11.582+00:00,2026-09-18T14:55:47.066+00:00,True,707,707.0,,707.0,252121.452886,287605.52047,287605.52061,406.797058854314,0.02043,252121.452886,9480.128911951342,78.699788,50.26071895750708,17.44762736080293,2.45822819688799,34,36,,True,True,,3335,100.0
0,2026-09-18T14:49:03.168+00:00,2026-09-18T14:49:03.612+00:00,2026-09-18T14:49:47.746+00:00,True,849,849.0,,849.0,443.90328600000004,44577.958966,44577.959077,52.506430008245,2.457149,443.90328600000004,24.264598859255067,95.7391948,52.04487698113208,20.208639681048638,19.04528649792019,35,36,,False,True,,4530,100.0
1,2026-09-18T14:49:07.819+00:00,2026-09-18T14:49:07.983+00:00,2026-09-18T14:49:52.337+00:00,True,800,800.0,,800.0,164.016157,44517.819421,44517.819591,55.64727448875,4.441768,164.016157,22.275387867102747,118.05161860000003,55.511643634543184,21.95631464994318,17.97033211430439,35,36,,False,True,,3771,100.0
2,2026-09-18T14:49:11.422+00:00,2026-09-18T14:49:11.603+00:00,2026-09-18T14:50:09.118+00:00,True,982,982.0,,982.0,180.639693,57695.668173,57695.668288,58.75322636252546,0.01688,210.687385,25.43998003196834,125.16119465000001,58.62897908256881,25.153094707309783,17.020341926806026,35,36,,False,True,,3958,100.0
3,2026-09-18T14:49:16.818+00:00,2026-09-18T14:49:37.942+00:00,2026-09-18T14:50:19.735+00:00,True,676,676.0,,676.0,21123.936635000002,62917.099130999995,62917.099138000005,93.07263186094674,0.01714,21123.936635000002,810.5581525318453,127.74471675000001,61.915796290370366,27.924079136601264,10.74429700887031,35,36,,False,True,,2804,100.0
4,2026-09-18T14:49:22.148+00:00,2026-09-18T14:49:52.762+00:00,2026-09-18T14:50:53.271+00:00,True,987,987.0,,987.0,30614.428445,91123.611165,91123.611047,92.32382071631206,0.01661,30614.428445,972.8911671931081,128.49879199999998,61.36833947261663,27.079223430099827,10.83144080202015,35,36,,False,True,,3334,100.0
5,2026-09-18T14:49:27.532+00:00,2026-09-18T14:50:02.381+00:00,2026-09-18T14:50:40.419+00:00,True,645,645.0,,645.0,34849.080555,72886.98698700001,72886.986871,113.00308042015504,12.833147,34849.080555,1370.0785970782642,125.0570636,59.06507209937888,24.741904699872602,8.849316272533546,35,36,,False,True,,2444,100.0
6,2026-09-18T14:49:32.910+00:00,2026-09-18T14:50:30.564+00:00,2026-09-18T14:51:18.454+00:00,True,784,784.0,,784.0,57653.867944,105543.84964,105543.849506,134.6222570229592,0.01635,57653.867944,2057.07985991703,131.2764067,61.16217330268199,28.52352775628211,7.428192193805221,35,36,,False,True,,3718,100.0
7,2026-09-18T14:49:37.605+00:00,2026-09-18T14:50:41.730+00:00,2026-09-18T14:51:31.740+00:00,True,822,822.0,,822.0,64124.411596,114134.25326,114134.253321,138.8494565948905,0.01627,64124.411596,2234.645125792325,129.61457795,60.91332723995127,27.905257954400696,7.202044754500372,35,36,,False,True,,3704,100.0
8,2026-09-18T14:49:42.640+00:00,2026-09-18T14:50:54.953+00:00,2026-09-18T14:51:42.969+00:00,True,790,790.0,,790.0,72312.96984800001,120328.914296,120328.914363,152.31508147215192,42.418089,72312.96984800001,2570.7400265438046,128.03381955,60.8567103269962,25.387548032910836,6.565338053800269,35,36,,False,True,,3663,100.0
9,2026-09-18T14:49:46.397+00:00,2026-09-18T14:51:11.684+00:00,2026-09-18T14:51:58.627+00:00,True,760,760.0,,760.0,85287.658178,132230.39277,132230.392804,173.98735895263158,0.01679,85287.658178,3091.615778513079,131.89339595,61.84813516732543,30.54784338015698,5.74754399559211,35,36,,True,True,,3428,100.0
10,2026-09-18T14:49:51.225+00:00,2026-09-18T14:51:29.057+00:00,2026-09-18T14:52:09.727+00:00,True,685,685.0,,685.0,97832.065671,138502.202759,138502.202835,202.19299683941605,0.016730000000000002,97832.065671,3735.809302023824,126.1076124,59.45926474853801,28.694022356517678,4.945769715965676,35,36,,True,True,,3055,100.0
11,2026-09-18T14:49:55.470+00:00,2026-09-18T14:51:38.594+00:00,2026-09-18T14:52:34.329+00:00,True,923,923.0,,923.0,103124.126715,158858.64063500002,158858.640535,172.11120317984833,0.016489999999999998,103124.126715,3392.5032881130746,127.404157,60.449581258134494,28.67211970010836,5.810197017364147,35,36,,True,True,,3778,100.0
12,2026-09-18T14:49:58.819+00:00,2026-09-18T14:51:51.129+00:00,2026-09-18T14:52:44.185+00:00,True,875,875.0,,875.0,112309.50639200001,165365.494872,165365.494852,188.9891369737143,0.01833,112309.50639200001,3794.8123245968904,129.5761864,60.70479231121281,28.94101268303785,5.291309415409107,35,36,,True,True,,3461,100.0
13,2026-09-18T14:50:01.838+00:00,2026-09-18T14:52:03.301+00:00,2026-09-18T14:52:55.055+00:00,True,852,852.0,,852.0,121463.706728,173217.807976,173217.80789300002,203.30728625938968,41.392979,121463.706728,4159.272907925951,129.75323895000002,60.8156301386604,25.551274398733014,4.918662867030668,35,36,,True,True,,4391,100.0
14,2026-09-18T14:50:06.355+00:00,2026-09-18T14:52:18.573+00:00,2026-09-18T14:52:54.547+00:00,True,602,602.0,,602.0,132217.58265199998,168191.411004,168191.41100499997,279.38772592192686,43.274249000000005,132217.58265199998,5386.403532198575,128.7975665,59.85661955407654,24.74307717568488,3.579255304455963,35,36,,True,True,,2843,100.0
15,2026-09-18T14:50:09.881+00:00,2026-09-18T14:52:28.258+00:00,2026-09-18T14:53:26.481+00:00,True,956,956.0,,956.0,138377.39608399998,196600.12683599998,196600.12682299997,205.64866822489537,0.01582,138377.39608399998,4473.575510683295,130.1720535,60.96621021151832,30.294414545722965,4.862662173140288,35,36,,True,True,,4470,100.0
16,2026-09-18T14:50:13.092+00:00,2026-09-18T14:52:34.968+00:00,2026-09-18T14:53:34.108+00:00,True,975,975.0,,975.0,141875.477979,201015.523547,201015.52357599998,206.16976777025639,0.01591,141875.477979,4541.808625300015,130.33338,60.718732616016425,30.381047516183855,4.850371666803299,35,36,,True,True,,4269,100.0
17,2026-09-18T14:50:17.358+00:00,2026-09-18T14:52:55.243+00:00,2026-09-18T14:53:33.566+00:00,True,616,616.0,,616.0,157884.99022600002,196207.48213000002,196207.48208900003,318.51863975487015,0.016280000000000003,157884.99022600002,6358.94604774426,131.7607585,62.31299496585366,33.70300033825299,3.1395336880775044,35,36,,True,True,,2654,100.0
18,2026-09-18T14:50:20.710+00:00,2026-09-18T14:53:07.736+00:00,2026-09-18T14:54:07.183+00:00,True,966,966.0,,966.0,167026.274865,226472.79236900003,226472.79213400002,234.44388419668738,40.982191,167026.274865,5372.063069978019,129.26656499999999,61.602608812435236,25.988274026308513,4.26541303215824,35,36,,True,True,,3889,100.0
19,2026-09-18T14:50:25.449+00:00,2026-09-18T14:53:20.017+00:00,2026-09-18T14:54:10.496+00:00,True,827,827.0,,827.0,174568.511309,225047.141453,225047.141256,272.12471735912936,42.382589,174568.511309,6068.270478367199,129.28314179999998,61.112143031477,25.530545669743972,3.674785623405552,35,36,,True,True,,2980,100.0
20,2026-09-18T14:50:29.687+00:00,2026-09-18T14:53:31.432+00:00,2026-09-18T14:54:10.852+00:00,True,648,648.0,,648.0,181744.716606,221165.234238,221165.234277,341.30437388425923,42.787048000000006,181744.716606,7137.258025130084,128.68939,60.92815708191654,25.295407553776723,2.929936082552085,35,36,,True,True,,2189,100.0
21,2026-09-18T14:50:33.649+00:00,2026-09-18T14:53:47.751+00:00,2026-09-18T14:54:25.408+00:00,True,605,605.0,,605.0,194101.226514,231758.54389,231758.5441,383.07197371900827,37.95732,194101.226514,7888.847364112416,130.823872,62.34655194701987,26.690171097053966,2.610475496804779,35,36,,True,True,,2162,100.0
22,2026-09-18T14:50:38.474+00:00,2026-09-18T14:54:05.352+00:00,2026-09-18T14:55:05.003+00:00,True,984,984.0,,984.0,206877.66386899998,266528.673661,266528.673508,270.86247307723573,0.0158,206877.66386899998,6593.157161678458,131.5746757,60.68261423397762,30.957634653861867,3.6919104668323897,35,36,,True,True,,5283,100.0
23,2026-09-18T14:50:42.847+00:00,2026-09-18T14:54:16.512+00:00,2026-09-18T14:54:56.842+00:00,True,673,673.0,,673.0,213664.995676,253995.03061999998,253995.03063,377.407177756315,0.01651,213664.995676,8233.930259938159,131.3829424,60.01493295238095,32.32250063323175,2.6496581384179527,35,36,,True,True,,2885,100.0
24,2026-09-18T14:50:48.176+00:00,2026-09-18T14:54:33.745+00:00,2026-09-18T14:55:30.683+00:00,True,963,963.0,,963.0,225569.54474,282507.07306,282507.072883,293.3614463997923,39.654019999999996,225569.54474,7267.010832207681,132.61269500000003,59.18661987525988,24.45451740665089,3.4087642109954324,35,36,,True,True,,4893,100.0
25,2026-09-18T14:50:51.376+00:00,2026-09-18T14:54:46.621+00:00,2026-09-18T14:55:35.776+00:00,True,855,855.0,,855.0,235244.198138,284399.78649,284399.786519,332.6313292619883,40.36229,235244.198138,8043.246565395677,129.155002,57.55923694613583,23.1322084293311,3.0063313708924433,35,36,,True,True,,3683,100.0
26,2026-09-18T14:50:55.970+00:00,2026-09-18T14:55:03.024+00:00,2026-09-18T14:55:43.169+00:00,True,744,744.0,,744.0,247053.77055000002,287198.868022,287198.868136,386.01998405376344,0.05183,247053.77055000002,9055.470860027826,109.35128350000001,54.031086772543745,19.54267022985484,2.590539458334523,35,36,,True,True,,3332,100.0
27,2026-09-18T14:51:00.514+00:00,2026-09-18T14:55:13.614+00:00,2026-09-18T14:55:46.010+00:00,True,650,650.0,,650.0,253099.957427,285495.42622699996,285495.42602199997,439.22373234153844,0.019010000000000003,253099.957427,9925.44922694599,55.332839549999996,49.91597657935285,14.101430920569445,2.276744004589339,35,36,,True,True,,2512,100.0
