request_idx,request_sent_at_utc,first_token_at_utc,full_response_received_at_utc,successful_request,records_in_request,response_token_count,input_token_count,output_token_count,first_token_ms,request_duration_ms,token_generation_duration_sum_ms,token_generation_duration_avg_ms,token_generation_duration_min_ms,token_generation_duration_max_ms,token_generation_duration_stdev_ms,token_generation_duration_p95_ms,inter_token_interval_avg_ms,inter_token_interval_stdev_ms,tokens_per_second,worker_idx,exp_num_users,workload_profile,exclude,consistent,error,response_char_count,success_rate
0,2026-09-13T21:15:19.096+00:00,2026-09-13T21:15:19.171+00:00,2026-09-13T21:16:16.840+00:00,True,1323,1323.0,,1323.0,74.71625900000001,57744.279907000004,57744.279996,43.64647014058957,0.06084899999999999,101.599142,7.652346086154077,53.93450300000001,43.62296796369137,7.607326819505005,22.911360261670183,0,3,,False,True,,6181,100.0
1,2026-09-13T21:15:24.458+00:00,2026-09-13T21:15:24.560+00:00,2026-09-13T21:16:08.242+00:00,True,1009,1009.0,,1009.0,102.453451,43784.680139000004,43784.680288,43.394133090188305,0.02001,149.14724900000002,7.559463609658633,52.749469000000005,43.33554234920635,7.330420586331219,23.044589952394354,0,3,,False,True,,3885,100.0
2,2026-09-13T21:15:29.199+00:00,2026-09-13T21:15:29.311+00:00,2026-09-13T21:16:18.552+00:00,True,1070,1070.0,,1070.0,112.183449,49352.888217,49352.888103,46.124194488785044,0.018690000000000002,151.483605,7.846225540984151,54.15538705,46.06239922170252,7.584926442682559,21.68059537458701,0,3,,False,True,,3216,100.0
3,2026-09-13T21:15:32.439+00:00,2026-09-13T21:15:32.591+00:00,2026-09-13T21:16:37.220+00:00,True,1314,1314.0,,1314.0,152.716932,64780.904068,64780.904232,49.30053594520548,0.04557,152.716932,8.485070636408794,58.663824500000004,49.22177238080731,7.993336159076971,20.283755203859222,0,3,,False,True,,6302,100.0
4,2026-09-13T21:15:36.793+00:00,2026-09-13T21:15:36.912+00:00,2026-09-13T21:16:30.399+00:00,True,1087,1087.0,,1087.0,118.96953500000001,53605.421247,53605.421141,49.31501484912604,0.02234,118.96953500000001,7.207077424689609,57.65289639999999,49.25087634622468,6.893043139782295,20.277799795497987,0,3,,False,True,,4144,100.0
5,2026-09-13T21:15:41.154+00:00,2026-09-13T21:15:41.299+00:00,2026-09-13T21:16:51.254+00:00,True,1333,1333.0,,1333.0,145.192267,70099.638091,70099.638148,52.58787557989498,0.02375,147.889092,8.08276294913118,61.23355020000001,52.51835272072072,7.6767415217697765,19.01579004258999,0,3,,False,True,,6676,100.0
6,2026-09-13T21:15:45.137+00:00,2026-09-13T21:15:45.271+00:00,2026-09-13T21:17:06.006+00:00,True,1464,1464.0,,1464.0,134.01566200000002,80868.58155,80868.581558,55.238102157103825,0.054869999999999995,134.01566200000002,8.014125140351643,67.0915435,55.184255562542724,7.74741308234963,18.103446010053084,0,3,,False,True,,5125,100.0
7,2026-09-13T21:15:50.432+00:00,2026-09-13T21:15:50.561+00:00,2026-09-13T21:17:13.211+00:00,True,1448,1448.0,,1448.0,129.329332,82779.569332,82779.569422,57.16821092679558,0.01941,147.782363,8.218705552373534,68.40090835,57.118341395991706,7.999389424909178,17.492238866242186,0,3,,False,True,,4402,100.0
8,2026-09-13T21:15:56.113+00:00,2026-09-13T21:15:56.261+00:00,2026-09-13T21:17:07.688+00:00,True,1243,1243.0,,1243.0,147.727003,71574.34127500001,71574.341303,57.581931860820596,0.02887,147.727003,7.129230633338092,68.0109899,57.50935126570048,6.656841850549775,17.366558711650537,0,3,,False,True,,5798,100.0
9,2026-09-13T21:16:00.581+00:00,2026-09-13T21:16:00.705+00:00,2026-09-13T21:17:24.199+00:00,True,1398,1398.0,,1398.0,123.500804,83617.25338,83617.25338,59.812055350500714,48.50287599999999,123.500804,7.073032195254927,69.0259735,59.766465695060845,6.8670154830354395,16.719037560905832,0,3,,False,True,,5434,100.0
10,2026-09-13T21:16:05.579+00:00,2026-09-13T21:16:05.727+00:00,2026-09-13T21:17:16.344+00:00,True,1185,1185.0,,1185.0,147.876563,70764.28232299999,70764.282186,59.716693827848104,50.809501,147.876563,6.893939967450777,68.6884822,59.6422345945946,6.402434295500195,16.745736141166915,0,3,,False,True,,5088,100.0
11,2026-09-13T21:16:11.171+00:00,2026-09-13T21:16:11.362+00:00,2026-09-13T21:17:24.598+00:00,True,1202,1202.0,,1202.0,191.01317,73427.05233800001,73427.052389,61.08739799417637,49.053005,191.01317,7.542515655117798,69.252163,60.979216626144876,6.5465998078953795,16.369988467832588,0,3,,False,True,,3645,100.0
12,2026-09-13T21:16:15.359+00:00,2026-09-13T21:16:15.531+00:00,2026-09-13T21:17:47.530+00:00,True,1459,1459.0,,1459.0,172.35477,92171.048658,92171.048594,63.17412515010281,50.733191,172.35477,7.3410847163467166,70.649855,63.09924134979424,6.763238701202771,15.829265493263604,0,3,,False,True,,6346,100.0
13,2026-09-13T21:16:20.400+00:00,2026-09-13T21:16:20.576+00:00,2026-09-13T21:17:42.321+00:00,True,1290,1290.0,,1290.0,175.766212,81921.51008400001,81921.509961,63.50504648139535,51.223928,175.766212,7.111150308096116,70.66780790000001,63.417954904577186,6.3887034933446385,15.746780041984948,0,3,,False,True,,4710,100.0
14,2026-09-13T21:16:23.848+00:00,2026-09-13T21:16:23.988+00:00,2026-09-13T21:17:53.712+00:00,True,1389,1389.0,,1389.0,140.645698,89863.83904199999,89863.839032,64.69678835997121,53.573595000000005,140.645698,6.632683563638402,72.09176360000001,64.64207013256484,6.313668868995564,15.456717794471455,0,3,,False,True,,5221,100.0
15,2026-09-13T21:16:28.558+00:00,2026-09-13T21:16:28.735+00:00,2026-09-13T21:17:55.819+00:00,True,1335,1335.0,,1335.0,176.278728,87261.010632,87261.010628,65.36405290486891,50.834968999999994,176.278728,6.903946549186956,72.7904293,65.28090847376312,6.20197331324241,15.298928929782921,0,3,,False,True,,6762,100.0
16,2026-09-13T21:16:34.038+00:00,2026-09-13T21:16:34.204+00:00,2026-09-13T21:18:10.174+00:00,True,1442,1442.0,,1442.0,165.444209,96135.43998499999,96135.440123,66.66812768585298,54.251281000000006,165.444209,6.900615954697138,73.75471599999999,66.59958069118667,6.393072720162736,14.99967129941877,0,3,,False,True,,3722,100.0
17,2026-09-13T21:16:38.752+00:00,2026-09-13T21:16:38.940+00:00,2026-09-13T21:18:07.382+00:00,True,1321,1321.0,,1321.0,188.15092,88629.997448,88629.997319,67.09310924981075,54.840683,188.15092,6.8899718854658225,74.018158,67.00139888484848,6.03229740129159,14.904660250893524,0,3,,False,True,,6722,100.0
18,2026-09-13T21:16:42.104+00:00,2026-09-13T21:16:42.271+00:00,2026-09-13T21:18:09.380+00:00,True,1291,1291.0,,1291.0,166.371218,87275.499666,87275.499722,67.6030206986832,54.91952,166.371218,6.371721410526545,73.7219995,67.5264561612403,5.749469322786992,14.792238428202733,0,3,,False,True,,6970,100.0
19,2026-09-13T21:16:46.924+00:00,2026-09-13T21:16:47.077+00:00,2026-09-13T21:18:00.199+00:00,True,1082,1082.0,,1082.0,153.394045,73275.593597,73275.593608,67.72236008133086,57.575574,153.394045,5.8250277802138815,73.8220935,67.6431078186864,5.211536721542675,14.76617174813714,0,3,,False,True,,5501,100.0
20,2026-09-13T21:16:50.355+00:00,2026-09-13T21:16:50.509+00:00,2026-09-13T21:18:05.425+00:00,True,1099,1099.0,,1099.0,154.087944,75070.133,75070.132843,68.30767319654231,58.355913,154.087944,5.976358623934157,74.16047309999999,68.2295492313297,5.388477319545103,14.63964370490725,0,3,,False,True,,4772,100.0
21,2026-09-13T21:16:54.408+00:00,2026-09-13T21:16:54.601+00:00,2026-09-13T21:18:17.383+00:00,True,1203,1203.0,,1203.0,192.95112899999998,82975.883097,82975.882993,68.97413382626766,59.248551,192.95112899999998,6.354279620984007,73.93863999999999,68.87099165391014,5.25375527310529,14.498188571174058,0,3,,False,True,,5205,100.0
22,2026-09-13T21:17:00.115+00:00,2026-09-13T21:17:00.317+00:00,2026-09-13T21:18:18.319+00:00,True,1127,1127.0,,1127.0,201.737471,78204.189183,78204.189028,69.39147207453416,61.995956,201.737471,6.534480312996497,74.192448,69.27393580106572,5.21096540550368,14.410992707344468,0,3,,False,True,,5586,100.0
23,2026-09-13T21:17:04.886+00:00,2026-09-13T21:17:05.053+00:00,2026-09-13T21:18:51.088+00:00,True,1488,1488.0,,1488.0,166.684907,106201.865963,106201.865893,71.37222170228495,62.410364,166.684907,6.662935893647752,82.31604485,71.30812444922664,6.189272653215177,14.01105325699653,0,3,,False,True,,4071,100.0
24,2026-09-13T21:17:09.073+00:00,2026-09-13T21:17:09.249+00:00,2026-09-13T21:18:52.302+00:00,True,1442,1442.0,,1442.0,175.40686799999997,103229.124116,103229.123995,71.58746462898752,60.191879,175.40686799999997,6.803844766984056,81.663092,71.51541793754338,6.2317106789580246,13.968926040480635,0,3,,False,True,,7780,100.0
25,2026-09-13T21:17:12.584+00:00,2026-09-13T21:17:12.801+00:00,2026-09-13T21:18:48.474+00:00,True,1341,1341.0,,1341.0,216.957367,95890.41247099999,95890.412607,71.5066462393736,60.193368,216.957367,7.374197395201799,81.338463,71.3981008238806,6.213518512904491,13.984714065189332,0,3,,False,True,,4467,100.0
26,2026-09-13T21:17:16.514+00:00,2026-09-13T21:17:16.683+00:00,2026-09-13T21:18:39.450+00:00,True,1169,1169.0,,1169.0,169.25652100000002,82935.687241,82935.687215,70.94584021813516,59.125471,169.25652100000002,6.441915786343813,79.45904499999999,70.8616701369863,5.765836342577651,14.095259096401316,0,3,,False,True,,3255,100.0
27,2026-09-13T21:17:22.118+00:00,2026-09-13T21:17:22.293+00:00,2026-09-13T21:18:48.229+00:00,True,1197,1197.0,,1197.0,175.284548,86110.886724,86110.88669,71.93891954051796,62.354414,175.284548,6.925548201667742,82.5373518,71.85251018060201,6.249669317392864,13.900681383488573,0,3,,False,True,,4483,100.0
28,2026-09-13T21:17:25.244+00:00,2026-09-13T21:17:25.470+00:00,2026-09-13T21:19:08.576+00:00,True,1418,1418.0,,1418.0,226.400846,103332.753998,103332.754012,72.87218195486601,0.054369999999999995,226.400846,8.197380935298023,82.13274885000001,72.7638342639379,7.11242284798124,13.722657580842617,0,3,,False,True,,4271,100.0
29,2026-09-13T21:17:30.907+00:00,2026-09-13T21:17:31.121+00:00,2026-09-13T21:18:50.857+00:00,True,1098,1098.0,,1098.0,213.466254,79949.989262,79949.989193,72.81419780783243,62.853923,213.466254,7.546953810055954,82.17760915,72.68598268732909,6.240338233386895,13.733585334224381,0,3,,False,True,,5713,100.0
30,2026-09-13T21:17:35.347+00:00,2026-09-13T21:17:35.568+00:00,2026-09-13T21:19:25.396+00:00,True,1487,1487.0,,1487.0,221.151757,110048.919565,110048.919584,74.00734336516476,0.032359,221.151757,7.757756334744543,82.40406000000002,73.90832288559893,6.755246026558195,13.512172639929542,0,3,,False,True,,6959,100.0
31,2026-09-13T21:17:39.631+00:00,2026-09-13T21:17:39.822+00:00,2026-09-13T21:18:53.052+00:00,True,1000,1000.0,,1000.0,191.297373,73420.31906899999,73420.319221,73.420319221,65.319647,191.297373,7.110278968200408,82.38945845,73.30232402002002,6.055572542707745,13.620207766465926,0,3,,False,True,,5767,100.0
32,2026-09-13T21:17:43.891+00:00,2026-09-13T21:17:44.066+00:00,2026-09-13T21:19:31.134+00:00,True,1442,1442.0,,1442.0,175.81353700000003,107243.102625,107243.102723,74.37108371914009,0.02283,183.83352100000002,7.318603269074211,82.18788155,74.30068639000694,6.815268864376452,13.446086179008475,0,3,,False,True,,8503,100.0
33,2026-09-13T21:17:47.932+00:00,2026-09-13T21:17:48.159+00:00,2026-09-13T21:19:30.697+00:00,True,1377,1377.0,,1377.0,226.63816500000001,102764.499541,102764.499398,74.62926608424111,0.05861,226.63816500000001,7.95772181178892,82.66590500000001,74.51879460465116,6.823073651470815,13.39956897713123,0,3,,False,True,,6243,100.0
34,2026-09-13T21:17:51.864+00:00,2026-09-13T21:17:52.056+00:00,2026-09-13T21:19:40.333+00:00,True,1451,1451.0,,1451.0,191.817853,108468.886909,108468.886742,74.75457390902825,0.02401,191.817853,7.337378910861126,82.2485655,74.67384072827586,6.664105277784119,13.377107863357324,0,3,,False,True,,5462,100.0
35,2026-09-13T21:17:56.787+00:00,2026-09-13T21:17:57.005+00:00,2026-09-13T21:19:27.306+00:00,True,1209,1209.0,,1209.0,218.029004,90518.24429999999,90518.244491,74.87034283788255,0.01839,258.513137,9.453585855702721,82.052491,74.75183385430464,8.511796789842576,13.356423440926152,0,3,,False,True,,3795,100.0
36,2026-09-13T21:18:01.225+00:00,2026-09-13T21:18:01.492+00:00,2026-09-13T21:19:20.484+00:00,True,1058,1058.0,,1058.0,266.84950799999996,79259.0561,79259.056113,74.914041694707,0.0521,266.84950799999996,9.199052056188828,82.78555385000001,74.73245656764428,7.055785032294511,13.348632346379912,0,3,,False,True,,5449,100.0
37,2026-09-13T21:18:05.841+00:00,2026-09-13T21:18:06.051+00:00,2026-09-13T21:19:24.253+00:00,True,1043,1043.0,,1043.0,209.498883,78411.493123,78411.493291,75.17880468935762,0.01975,254.37212599999998,9.598936351095382,82.5988289,75.04989850287909,8.653331974838164,13.301621464648052,0,3,,False,True,,3375,100.0
38,2026-09-13T21:18:08.955+00:00,2026-09-13T21:18:09.155+00:00,2026-09-13T21:19:30.402+00:00,True,1080,1080.0,,1080.0,200.962692,81447.108996,81447.108932,75.41398975185186,0.0263,200.962692,7.905083462045526,82.38340054999999,75.29763327525487,6.921908606539634,13.260139166548448,0,3,,False,True,,5484,100.0
39,2026-09-13T21:18:13.941+00:00,2026-09-13T21:18:14.138+00:00,2026-09-13T21:19:51.802+00:00,True,1294,1294.0,,1294.0,196.431992,97861.24120799999,97861.24122,75.62692520865534,0.02479,196.431992,7.2676635576471,82.196207,75.53349513998454,6.446357344938192,13.222803880544054,0,3,,False,True,,6469,100.0
40,2026-09-13T21:18:17.516+00:00,2026-09-13T21:18:17.757+00:00,2026-09-13T21:20:01.811+00:00,True,1371,1371.0,,1371.0,241.242644,104295.004948,104295.00479,76.07221355944566,0.031539000000000005,241.242644,7.7877411413352515,82.46477499999999,75.95165131678831,6.383633412620834,13.145404237562106,0,3,,False,True,,6933,100.0
41,2026-09-13T21:18:20.659+00:00,2026-09-13T21:18:20.874+00:00,2026-09-13T21:19:42.555+00:00,True,1077,1077.0,,1077.0,215.241281,81896.53382499999,81896.533843,76.04134990064995,0.049710000000000004,254.59955499999998,9.242660894202324,82.01491699999998,75.91198191821562,8.213691530666024,13.150739716303251,0,3,,False,True,,3544,100.0
42,2026-09-13T21:18:23.761+00:00,2026-09-13T21:18:24.006+00:00,2026-09-13T21:19:47.044+00:00,True,1094,1094.0,,1094.0,245.088415,83282.69558300001,83282.695561,76.12677839213895,0.02624,245.088415,8.207243929438581,82.21287865000001,75.97219320036596,6.422906358273973,13.135982118995097,0,3,,False,True,,5175,100.0
43,2026-09-13T21:18:28.798+00:00,2026-09-13T21:18:29.049+00:00,2026-09-13T21:20:14.150+00:00,True,1368,1368.0,,1368.0,250.773552,105352.481072,105352.481026,77.01204753362573,0.057640000000000004,254.182806,9.025062858501123,83.03805349999999,76.88493600585224,7.706618957629194,12.984981332001867,0,3,,False,True,,7299,100.0
44,2026-09-13T21:18:32.546+00:00,2026-09-13T21:18:32.804+00:00,2026-09-13T21:19:56.281+00:00,True,1095,1095.0,,1095.0,257.908807,83734.304839,83734.304855,76.46968479908676,0.0458,257.908807,8.42627153412325,82.57037199999999,76.30383549542962,6.39690602481915,13.077077574184313,0,3,,False,True,,5466,100.0
45,2026-09-13T21:18:37.204+00:00,2026-09-13T21:18:37.408+00:00,2026-09-13T21:20:13.333+00:00,True,1248,1248.0,,1248.0,204.359364,96129.098948,96129.09899,77.02652162660256,0.03623,204.359364,7.407634446741361,82.97474900000002,76.92441025180433,6.47256621487467,12.982541328875788,0,3,,False,True,,6177,100.0
46,2026-09-13T21:18:40.884+00:00,2026-09-13T21:18:41.109+00:00,2026-09-13T21:20:32.559+00:00,True,1451,1451.0,,1451.0,224.79124,111674.57556000001,111674.575778,76.9638702811854,0.01685,257.20297899999997,8.567488744232103,82.91290949999998,76.86192022068965,7.63942325702373,12.993109601929163,0,3,,False,True,,5193,100.0
47,2026-09-13T21:18:45.826+00:00,2026-09-13T21:18:46.099+00:00,2026-09-13T21:20:38.332+00:00,True,1461,1461.0,,1461.0,272.787635,112505.718451,112505.718444,77.005967449692,0.02675,272.787635,8.16135597806618,82.72150000000002,76.8718704219178,6.353235633744645,12.98600657917948,0,3,,False,True,,7009,100.0
48,2026-09-13T21:18:50.007+00:00,2026-09-13T21:18:50.237+00:00,2026-09-13T21:20:18.541+00:00,True,1152,1152.0,,1152.0,230.13792800000002,88534.017864,88534.017951,76.85244613802084,0.02442,230.13792800000002,8.03701713917514,82.72101695,76.7192701442224,6.648337225237103,13.0119475857249,0,3,,False,True,,6261,100.0
49,2026-09-13T21:18:53.926+00:00,2026-09-13T21:18:54.119+00:00,2026-09-13T21:20:12.529+00:00,True,1025,1025.0,,1025.0,192.86976,78602.956672,78602.956718,76.68581143219512,0.02622,192.86976,7.643406719455833,82.801215,76.5723505,6.728348535573915,13.040221938179663,0,3,,False,True,,4170,100.0
50,2026-09-13T21:18:58.574+00:00,2026-09-13T21:18:58.817+00:00,2026-09-13T21:20:49.688+00:00,True,1445,1445.0,,1445.0,242.932302,111114.021966,111114.021905,76.89551688927335,67.641373,242.932302,6.9329317020664885,82.61162200000001,76.78053300831024,5.383389120836713,13.004659307914878,0,3,,False,True,,6004,100.0
51,2026-09-13T21:19:02.274+00:00,2026-09-13T21:19:02.508+00:00,2026-09-13T21:20:38.559+00:00,True,1251,1251.0,,1251.0,234.22293,96284.94165000001,96284.941585,76.9663801638689,69.26953900000001,234.22293,6.875387329740255,82.3178605,76.840574976,5.2434170623268725,12.992685860967129,0,3,,False,True,,5469,100.0
52,2026-09-13T21:19:05.415+00:00,2026-09-13T21:19:05.610+00:00,2026-09-13T21:20:44.485+00:00,True,1287,1287.0,,1287.0,195.724253,99070.71177299999,99070.711838,76.97802007614608,69.816108,195.724253,6.283831510128241,82.60001,76.88568236391913,5.3418606740047885,12.990721243114654,0,3,,False,True,,5323,100.0
53,2026-09-13T21:19:10.253+00:00,2026-09-13T21:19:10.449+00:00,2026-09-13T21:20:33.421+00:00,True,1079,1079.0,,1079.0,196.262272,83168.3104,83168.310592,77.07906449675626,66.525845,196.262272,6.446971843222467,82.974169,76.96850475695732,5.3292324974401595,12.973691479489284,0,3,,False,True,,5524,100.0
54,2026-09-13T21:19:15.326+00:00,2026-09-13T21:19:15.584+00:00,2026-09-13T21:21:05.748+00:00,True,1438,1438.0,,1438.0,257.982568,110422.008424,110422.008634,76.78860127538248,67.98369100000001,257.982568,7.402936066862084,82.74373285,76.66250929436326,5.6535571832657245,13.022766208692266,0,3,,False,True,,7450,100.0
55,2026-09-13T21:19:18.688+00:00,2026-09-13T21:19:18.889+00:00,2026-09-13T21:20:44.414+00:00,True,1111,1111.0,,1111.0,200.253173,85725.245429,85725.24556,77.16043704770478,66.764634,200.253173,6.569746110872537,82.492505,77.04954257297297,5.433745331077358,12.96000955657993,0,3,,False,True,,1132,100.0
56,2026-09-13T21:19:22.716+00:00,2026-09-13T21:19:22.903+00:00,2026-09-13T21:20:56.669+00:00,True,1223,1223.0,,1223.0,187.303921,93953.428977,93953.428946,76.82210052820932,68.63438099999999,187.303921,6.396586994831481,82.452601,76.73168989852701,5.562800755555903,13.017087437004486,0,3,,False,True,,5721,100.0
57,2026-09-13T21:19:25.894+00:00,2026-09-13T21:19:26.084+00:00,2026-09-13T21:21:11.477+00:00,True,1381,1381.0,,1381.0,189.639016,105582.22372,105582.223826,76.45345678928312,65.946648,189.639016,6.593320619951737,83.01496900000001,76.37143819130434,5.848638357268212,13.079853325142679,0,3,,False,True,,3019,100.0
58,2026-09-13T21:19:29.834+00:00,2026-09-13T21:19:30.028+00:00,2026-09-13T21:21:02.290+00:00,True,1204,1204.0,,1204.0,194.168047,92455.835887,92455.836017,76.79056147591362,68.939889,194.168047,6.638774549918769,82.6182805,76.69299072319203,5.712998372753316,13.02243377553295,0,3,,False,True,,4517,100.0
59,2026-09-13T21:19:34.078+00:00,2026-09-13T21:19:34.287+00:00,2026-09-13T21:20:53.771+00:00,True,1032,1032.0,,1032.0,209.05541399999998,79693.137334,79693.137346,77.2220323120155,66.933674,209.05541399999998,6.9841716575569235,83.2328425,77.09416287099903,5.65117591197474,12.949672136445194,0,3,,False,True,,5418,100.0
60,2026-09-13T21:19:37.431+00:00,2026-09-13T21:19:37.614+00:00,2026-09-13T21:21:04.941+00:00,True,1138,1138.0,,1138.0,182.170492,87509.30367600001,87509.303633,76.89745486203867,69.161261,182.170492,6.423998195971847,82.919834,76.80486647669305,5.616037740447418,13.004331564714573,0,3,,False,True,,5166,100.0
61,2026-09-13T21:19:41.764+00:00,2026-09-13T21:19:41.943+00:00,2026-09-13T21:21:08.243+00:00,True,1125,1125.0,,1125.0,179.656388,86479.12928400001,86479.12923,76.87033709333333,68.755931,179.656388,6.532711278196567,82.648962,76.77889047686833,5.770458564517706,13.008919138228912,0,3,,False,True,,4139,100.0
62,2026-09-13T21:19:47.249+00:00,2026-09-13T21:19:47.415+00:00,2026-09-13T21:21:22.951+00:00,True,1258,1258.0,,1258.0,165.93955799999998,95701.670502,95701.670506,76.07445986168521,0.032759,381.165915,11.876902166531744,83.31095649999999,76.00296813365155,11.607680588121779,13.1450161047472,0,3,,False,True,,4163,100.0
63,2026-09-13T21:19:51.685+00:00,2026-09-13T21:19:51.901+00:00,2026-09-13T21:21:19.478+00:00,True,1151,1151.0,,1151.0,215.61400899999998,87793.221433,87793.221338,76.27560498523023,65.401518,215.61400899999998,7.717643798211922,82.90991399999999,76.15444123826086,6.5346495008222645,13.11035158766094,0,3,,False,True,,6023,100.0
64,2026-09-13T21:19:56.838+00:00,2026-09-13T21:19:57.050+00:00,2026-09-13T21:21:23.991+00:00,True,1148,1148.0,,1148.0,211.902298,87153.062746,87153.062745,75.91730204268293,64.849929,211.902298,7.760254644886346,82.7892765,75.79874494158675,6.642590886254217,13.172227846378114,0,3,,False,True,,4181,100.0
65,2026-09-13T21:20:01.017+00:00,2026-09-13T21:20:01.250+00:00,2026-09-13T21:21:19.756+00:00,True,1035,1035.0,,1035.0,233.258271,78739.160863,78739.160966,76.07648402512078,65.867188,233.258271,8.197470185143596,82.736721,75.92447059187622,6.582064155195557,13.14466637256675,0,3,,False,True,,4581,100.0
66,2026-09-13T21:20:04.195+00:00,2026-09-13T21:20:04.407+00:00,2026-09-13T21:21:41.170+00:00,True,1297,1297.0,,1297.0,211.99644800000002,96975.23945600001,96975.239653,74.76888176792599,0.02052,389.552227,12.292920581075242,82.281942,74.66299614814815,11.69100935092876,13.374548052428166,0,3,,False,True,,4610,100.0
67,2026-09-13T21:20:08.273+00:00,2026-09-13T21:20:08.529+00:00,2026-09-13T21:21:25.617+00:00,True,1027,1027.0,,1027.0,255.86408300000002,77343.92270699999,77343.922738,75.31053820642649,65.465589,255.86408300000002,8.71993553662347,82.7572803,75.13456006237817,6.654017805047066,13.278354188092553,0,3,,False,True,,4761,100.0
68,2026-09-13T21:20:11.394+00:00,2026-09-13T21:20:11.608+00:00,2026-09-13T21:21:30.639+00:00,True,1061,1061.0,,1061.0,214.667182,79245.193134,79245.19299,74.68915456173421,64.92188900000001,214.667182,7.839671903759727,82.06530200000002,74.55709995471697,6.557350600190078,13.388824710236966,0,3,,False,True,,2322,100.0
69,2026-09-13T21:20:16.417+00:00,2026-09-13T21:20:16.610+00:00,2026-09-13T21:21:52.065+00:00,True,1290,1290.0,,1290.0,193.675317,95648.208437,95648.20839,74.14589797674418,0.01945,394.310637,12.153068124962964,80.416443,74.05316766485647,11.692323006935702,13.486922767086392,0,3,,False,True,,5359,100.0
70,2026-09-13T21:20:20.886+00:00,2026-09-13T21:20:21.076+00:00,2026-09-13T21:21:44.650+00:00,True,1133,1133.0,,1133.0,190.319965,83763.49935700001,83763.499499,73.93071447396294,0.01691,399.071656,12.888474679141947,80.47572260000001,73.82789698939929,12.420615106234445,13.526177973667913,0,3,,False,True,,5636,100.0
71,2026-09-13T21:20:24.505+00:00,2026-09-13T21:20:24.683+00:00,2026-09-13T21:21:57.572+00:00,True,1256,1256.0,,1256.0,177.077494,93066.479094,93066.479046,74.09751516401273,0.01866,396.29580200000004,12.197541030270527,80.85588650000001,74.01545944223108,11.85052720240562,13.495729205908837,0,3,,False,True,,7386,100.0
72,2026-09-13T21:20:29.697+00:00,2026-09-13T21:20:29.906+00:00,2026-09-13T21:22:12.274+00:00,True,1382,1382.0,,1382.0,209.285144,102576.851224,102576.851359,74.22348144645441,0.01843,391.267963,11.892973818387729,80.51808254999999,74.12568144822593,11.327718547204157,13.472825335436426,0,3,,False,True,,4916,100.0
73,2026-09-13T21:20:33.701+00:00,2026-09-13T21:20:33.902+00:00,2026-09-13T21:22:20.797+00:00,True,1446,1446.0,,1446.0,200.402613,107095.839669,107095.839657,74.06351290248962,0.016239999999999997,393.31244799999996,11.542627632640052,79.958066,73.97608100761245,11.057268163549933,13.501925046473675,0,3,,False,True,,6097,100.0
74,2026-09-13T21:20:38.657+00:00,2026-09-13T21:20:38.861+00:00,2026-09-13T21:22:07.872+00:00,True,1209,1209.0,,1209.0,204.227844,89215.94061199999,89215.940567,73.79316837634408,0.01772,393.134139,12.408568931189777,78.6311176,73.68519268874172,11.831861176888543,13.551389938911694,0,3,,False,True,,5939,100.0
75,2026-09-13T21:20:42.182+00:00,2026-09-13T21:20:42.431+00:00,2026-09-13T21:22:21.621+00:00,True,1347,1347.0,,1347.0,248.370778,99438.890074,99438.889861,73.82248690497401,0.01786,391.402473,12.218353498835908,78.5709403,73.69280779791977,11.257451409742549,13.546007995439163,0,3,,False,True,,6621,100.0
76,2026-09-13T21:20:46.801+00:00,2026-09-13T21:20:46.998+00:00,2026-09-13T21:22:01.976+00:00,True,1025,1025.0,,1025.0,197.321043,75175.506003,75175.50597500001,73.34195704878049,0.016239999999999997,393.666388,13.155436542481462,77.68842620000001,73.22088375,12.577551455991994,13.634760236387311,0,3,,False,True,,1970,100.0
77,2026-09-13T21:20:50.598+00:00,2026-09-13T21:20:50.812+00:00,2026-09-13T21:22:25.694+00:00,True,1291,1291.0,,1291.0,213.630968,95095.411704,95095.411675,73.66027240511231,0.016309999999999998,401.012682,12.303523688179892,78.798714,73.5517680124031,11.6740406928767,13.575839011228515,0,3,,False,True,,7760,100.0
78,2026-09-13T21:20:55.977+00:00,2026-09-13T21:20:56.223+00:00,2026-09-13T21:22:27.405+00:00,True,1241,1241.0,,1241.0,246.43290599999997,91427.859082,91427.858975,73.67273084206285,0.015710000000000002,328.81613799999997,11.260272096826702,79.19730899999999,73.53340820645161,10.138430743279619,13.573543255420315,0,3,,False,True,,1838,100.0
79,2026-09-13T21:21:01.621+00:00,2026-09-13T21:21:01.844+00:00,2026-09-13T21:22:31.405+00:00,True,1221,1221.0,,1221.0,223.123467,89784.037899,89784.037765,73.53320046273546,0.01794,398.55003700000003,12.601194127010833,78.55755,73.41058559999999,11.855301891067935,13.599299258221482,0,3,,False,True,,6732,100.0
80,2026-09-13T21:21:05.273+00:00,2026-09-13T21:21:05.504+00:00,2026-09-13T21:22:23.853+00:00,True,1069,1069.0,,1069.0,230.92998,78579.98854,78579.988632,73.50794072217025,0.016,393.338549,13.242769701743567,78.218769,73.36054172284645,12.340502279434991,13.603972459932862,0,3,,False,True,,4792,100.0
81,2026-09-13T21:21:08.942+00:00,2026-09-13T21:21:09.222+00:00,2026-09-13T21:22:50.662+00:00,True,1373,1373.0,,1373.0,280.63256199999995,101720.467186,101720.467122,74.08628341005098,0.01835,396.23861200000005,12.518012444367479,81.842338,73.93573952186588,11.210497987472717,13.497775206728198,0,3,,False,True,,7406,100.0
82,2026-09-13T21:21:13.229+00:00,2026-09-13T21:21:13.497+00:00,2026-09-13T21:22:52.872+00:00,True,1341,1341.0,,1341.0,268.011069,99642.826813,99642.82681,74.30486712155108,0.01809,390.854474,12.381147943981695,82.79096000000001,74.16031025671641,11.196602709272259,13.458068612572168,0,3,,False,True,,5669,100.0
83,2026-09-13T21:21:16.992+00:00,2026-09-13T21:21:17.200+00:00,2026-09-13T21:22:41.541+00:00,True,1145,1145.0,,1145.0,208.190299,84548.65929099999,84548.659382,73.84162391441048,0.03408,396.62267099999997,12.480671080790415,78.5090094,73.72418618181818,11.83630704534178,13.542497416300042,0,3,,False,True,,4574,100.0
84,2026-09-13T21:21:20.907+00:00,2026-09-13T21:21:21.100+00:00,2026-09-13T21:23:02.082+00:00,True,1348,1348.0,,1348.0,193.077432,101174.651064,101174.651254,75.05537926854599,0.01685,396.690201,11.782942124145025,82.86854520000001,74.96776067706013,11.339515380494918,13.323495419295257,0,3,,False,True,,7160,100.0
85,2026-09-13T21:21:24.998+00:00,2026-09-13T21:21:25.178+00:00,2026-09-13T21:23:02.617+00:00,True,1297,1297.0,,1297.0,180.12658,97619.889524,97619.889561,75.26591330840401,0.01587,395.182145,11.839615036203933,83.3197984,75.18500227160494,11.479869175131036,13.286226877783246,0,3,,False,True,,5606,100.0
86,2026-09-13T21:21:28.153+00:00,2026-09-13T21:21:28.323+00:00,2026-09-13T21:22:58.565+00:00,True,1201,1201.0,,1201.0,170.815682,90412.574914,90412.574908,75.28107819150708,0.016939,392.401321,12.04112133544192,83.06166000000002,75.20146602666667,11.725657262608282,13.283550447959096,0,3,,False,True,,2704,100.0
87,2026-09-13T21:21:33.041+00:00,2026-09-13T21:21:33.270+00:00,2026-09-13T21:23:25.146+00:00,True,1475,1475.0,,1475.0,228.997775,112104.466063,112104.466056,76.00302783457627,0.01644,396.345613,11.815983261910969,83.16626970000002,75.89923221709634,11.12701660695325,13.157370547316871,0,3,,False,True,,7371,100.0
88,2026-09-13T21:21:37.552+00:00,2026-09-13T21:21:37.746+00:00,2026-09-13T21:23:01.429+00:00,True,1105,1105.0,,1105.0,193.73060999999998,83877.044274,83877.044383,75.9068274959276,0.01667,400.267443,12.759716724704184,83.4787834,75.80010295652174,12.262159485647906,13.174045527764564,0,3,,False,True,,4916,100.0
89,2026-09-13T21:21:41.885+00:00,2026-09-13T21:21:42.131+00:00,2026-09-13T21:22:59.123+00:00,True,1016,1016.0,,1016.0,245.643748,77237.50320400001,77237.503048,76.02116441732284,67.827942,245.643748,7.736009513760229,83.0730925,75.85404872512315,5.612695047412305,13.154231530718137,0,3,,False,True,,4463,100.0
90,2026-09-13T21:21:45.672+00:00,2026-09-13T21:21:45.839+00:00,2026-09-13T21:23:03.723+00:00,True,1024,1024.0,,1024.0,166.363731,78050.322515,78050.322598,76.22101816210937,68.22630199999999,166.363731,6.448985286557871,83.223183,76.13290203714564,5.802718287707605,13.119740790349763,0,3,,False,True,,2749,100.0
91,2026-09-13T21:21:50.770+00:00,2026-09-13T21:21:50.986+00:00,2026-09-13T21:23:30.827+00:00,True,1307,1307.0,,1307.0,216.068543,100056.260799,100056.260817,76.55413987528692,67.557733,216.068543,7.226210938297733,83.33551030000001,76.44731413169984,6.109962269583809,13.062650848262187,0,3,,False,True,,6303,100.0
92,2026-09-13T21:21:54.875+00:00,2026-09-13T21:21:55.130+00:00,2026-09-13T21:23:41.072+00:00,True,1379,1379.0,,1379.0,254.510879,106196.711711,106196.71175,77.00994325598259,68.766992,254.510879,7.77381273304213,83.5108859,76.88113267924528,6.130158881555128,12.985336153842148,0,3,,False,True,,6090,100.0
93,2026-09-13T21:21:59.341+00:00,2026-09-13T21:21:59.549+00:00,2026-09-13T21:23:27.104+00:00,True,1147,1147.0,,1147.0,207.43772099999998,87762.79439299999,87762.794503,76.51507803225806,67.198764,207.43772099999998,7.339980891749822,83.5038753,76.40083479232112,6.240128517010143,13.069319498462612,0,3,,False,True,,2732,100.0
94,2026-09-13T21:22:03.257+00:00,2026-09-13T21:22:03.504+00:00,2026-09-13T21:23:20.723+00:00,True,1013,1013.0,,1013.0,246.48968599999998,77465.979222,77465.979046,76.47184506021718,67.314554,246.48968599999998,8.243784508714361,84.30179120000001,76.30384341501977,6.277529223559973,13.076708126246888,0,3,,False,True,,3591,100.0
95,2026-09-13T21:22:08.691+00:00,2026-09-13T21:22:08.928+00:00,2026-09-13T21:23:54.923+00:00,True,1372,1372.0,,1372.0,236.38738800000002,106231.800124,106231.800323,77.42842589139941,66.879396,236.38738800000002,7.695793252359288,83.91289950000001,77.31248193727205,6.388365964422845,12.915153451212547,0,3,,False,True,,6007,100.0
96,2026-09-13T21:22:12.989+00:00,2026-09-13T21:22:13.233+00:00,2026-09-13T21:23:52.826+00:00,True,1288,1288.0,,1288.0,243.697432,99836.935704,99836.935659,77.51314880357143,68.30658199999999,243.697432,7.796524310983125,83.87602849999999,77.38402352136752,6.2722458119275855,12.901036985136512,0,3,,False,True,,6181,100.0
97,2026-09-13T21:22:18.014+00:00,2026-09-13T21:22:18.225+00:00,2026-09-13T21:23:57.855+00:00,True,1284,1284.0,,1284.0,211.01222399999997,99840.48064000001,99840.480633,77.75738367056074,67.490084,211.01222399999997,7.316037431567884,83.82047334999999,77.6535217583788,6.301151192724647,12.86051501123863,0,3,,False,True,,6913,100.0
98,2026-09-13T21:22:21.669+00:00,2026-09-13T21:22:21.842+00:00,2026-09-13T21:23:40.914+00:00,True,1022,1022.0,,1022.0,173.195635,79245.372275,79245.372102,77.53950303522505,67.461955,173.195635,7.120452895047916,84.223546,77.44581453476984,6.463052633121378,12.896652140814236,0,3,,False,True,,5071,100.0
99,2026-09-13T21:22:24.826+00:00,2026-09-13T21:22:25.038+00:00,2026-09-13T21:23:53.256+00:00,True,1135,1135.0,,1135.0,211.830961,88429.349041,88429.348996,77.91132070132159,68.46131299999999,211.830961,7.549139310930245,84.5912347,77.79322582010582,6.418455494754344,12.83510522591047,0,3,,False,True,,5327,100.0
100,2026-09-13T21:22:29.041+00:00,2026-09-13T21:22:29.222+00:00,2026-09-13T21:24:07.377+00:00,True,1256,1256.0,,1256.0,180.985128,98336.156968,98336.156825,78.29311849124204,67.094324,180.985128,6.939380141063211,83.8361455,78.21129230278883,6.306910577467204,12.772514594084864,0,3,,False,True,,6521,100.0
101,2026-09-13T21:22:32.700+00:00,2026-09-13T21:22:32.946+00:00,2026-09-13T21:24:26.848+00:00,True,1437,1437.0,,1437.0,246.24401699999999,114148.469169,114148.469098,79.43526033263744,0.01715,438.056371,15.284845628080895,84.6073228,79.31909829526461,14.641903773102102,12.588867905643843,0,3,,False,True,,7937,100.0
102,2026-09-13T21:22:37.928+00:00,2026-09-13T21:22:38.112+00:00,2026-09-13T21:24:25.297+00:00,True,1348,1348.0,,1348.0,183.837152,107368.57135999999,107368.571567,79.65027564317508,0.01659,439.11028999999996,15.296536904930957,87.921174,79.57292814253898,15.03619920423459,12.554884384930872,0,3,,False,True,,2310,100.0
103,2026-09-13T21:22:42.805+00:00,2026-09-13T21:22:43.054+00:00,2026-09-13T21:24:27.334+00:00,True,1308,1308.0,,1308.0,249.349261,104528.85594899999,104528.855946,79.91502748165138,0.01669,439.892447,15.852483899706344,85.34711635,79.78539149808722,15.14910220884996,12.513291072832347,0,3,,False,True,,6770,100.0
104,2026-09-13T21:22:46.358+00:00,2026-09-13T21:22:46.614+00:00,2026-09-13T21:24:30.957+00:00,True,1307,1307.0,,1307.0,256.793304,104599.14312800001,104599.142972,80.02994871614383,0.0165,443.19552000000004,15.952431157476077,85.04430830000001,79.89460170290965,15.189274208101894,12.49532224561915,0,3,,False,True,,6518,100.0
105,2026-09-13T21:22:50.674+00:00,2026-09-13T21:22:50.912+00:00,2026-09-13T21:24:33.848+00:00,True,1290,1290.0,,1290.0,238.27604399999998,103174.147788,103174.147707,79.9799594627907,0.03311,442.871981,15.934515704313345,87.27894314999999,79.85715418463926,15.317838331230874,12.50313210873972,0,3,,False,True,,5250,100.0
106,2026-09-13T21:22:54.147+00:00,2026-09-13T21:22:54.369+00:00,2026-09-13T21:24:39.098+00:00,True,1314,1314.0,,1314.0,221.31066,104951.03994,104951.040069,79.87141557762557,0.01719,516.361232,17.193512779848856,86.23924179999999,79.76369328255902,16.750603958170863,12.520123676251396,0,3,,False,True,,6967,100.0
107,2026-09-13T21:22:58.179+00:00,2026-09-13T21:22:58.406+00:00,2026-09-13T21:24:39.851+00:00,True,1274,1274.0,,1274.0,226.88994699999998,101672.01199500001,101672.011859,79.80534682810047,0.01777,439.88779800000003,15.867228070847556,85.49803264999998,79.6898052223095,15.327939562967119,12.530488725477886,0,3,,False,True,,7235,100.0
108,2026-09-13T21:23:03.247+00:00,2026-09-13T21:23:03.492+00:00,2026-09-13T21:24:49.065+00:00,True,1326,1326.0,,1326.0,245.817897,105818.580521,105818.580501,79.80285105656108,0.017408999999999997,440.971196,15.769275776414917,86.6825575,79.67755669735848,15.100515538488064,12.53088062107251,0,3,,False,True,,7218,100.0
109,2026-09-13T21:23:06.912+00:00,2026-09-13T21:23:07.127+00:00,2026-09-13T21:24:31.845+00:00,True,1059,1059.0,,1059.0,214.712825,84932.733689,84932.733714,80.20088169405099,0.0171,439.840328,17.11572909511169,87.18952570000002,80.07374372778828,16.615994891970093,12.468690856905216,0,3,,False,True,,4349,100.0
110,2026-09-13T21:23:11.550+00:00,2026-09-13T21:23:11.740+00:00,2026-09-13T21:24:36.562+00:00,True,1058,1058.0,,1058.0,190.677427,85011.853747,85011.853693,80.35146851890359,0.01601,442.312292,16.856260442852555,89.16630235000001,80.2470920719016,16.51863402213716,12.445323250433601,0,3,,False,True,,5453,100.0
111,2026-09-13T21:23:15.399+00:00,2026-09-13T21:23:15.612+00:00,2026-09-13T21:24:59.861+00:00,True,1300,1300.0,,1300.0,213.20698800000002,104461.819852,104461.81965,80.35524588461539,0.01634,443.45194,15.600151591128489,91.45515150000001,80.2529737213241,15.16391354412381,12.444738200443197,0,3,,False,True,,7907,100.0
112,2026-09-13T21:23:18.656+00:00,2026-09-13T21:23:18.869+00:00,2026-09-13T21:24:52.490+00:00,True,1167,1167.0,,1167.0,213.455858,93834.301426,93834.301481,80.40642800428449,0.01617,443.873789,16.277221585450395,89.501194,80.29232038421955,15.810359603930419,12.43681662531824,0,3,,False,True,,5312,100.0
113,2026-09-13T21:23:23.520+00:00,2026-09-13T21:23:23.720+00:00,2026-09-13T21:25:10.936+00:00,True,1335,1335.0,,1335.0,200.805555,107416.477363,107416.477184,80.46178066217229,0.01661,444.153499,15.197391692896606,85.9309821,80.371568071964,14.841200962519062,12.428260847621555,0,3,,False,True,,6869,100.0
114,2026-09-13T21:23:27.966+00:00,2026-09-13T21:23:28.184+00:00,2026-09-13T21:25:25.194+00:00,True,1455,1455.0,,1455.0,217.838248,117227.929256,117227.929343,80.56902360343642,0.016640000000000002,445.751785,14.839387887177983,86.68149290000001,80.47461554883081,14.400755830295322,12.411718002990568,0,3,,False,True,,5120,100.0
115,2026-09-13T21:23:32.662+00:00,2026-09-13T21:23:32.938+00:00,2026-09-13T21:25:25.598+00:00,True,1400,1400.0,,1400.0,275.662433,112935.83344100001,112935.833552,80.66845253714285,0.01667,523.554207,17.07768866082927,85.91025065,80.52907148534668,16.26772543443799,12.396419784083752,0,3,,False,True,,8385,100.0
116,2026-09-13T21:23:36.366+00:00,2026-09-13T21:23:36.625+00:00,2026-09-13T21:24:57.450+00:00,True,1004,1004.0,,1004.0,259.234629,81084.256325,81084.256237,80.76121139143426,0.031100000000000003,517.516229,19.513149264120237,93.79128910000001,80.58327188035892,18.690155262398175,12.382181763816035,0,3,,False,True,,4443,100.0
117,2026-09-13T21:23:41.571+00:00,2026-09-13T21:23:41.790+00:00,2026-09-13T21:25:29.750+00:00,True,1343,1343.0,,1343.0,218.215048,108178.590344,108178.59041,80.54995562918839,0.01681,444.457678,15.39721529546241,85.46193009999999,80.44737354396423,14.936801415765325,12.414656132321177,0,3,,False,True,,5770,100.0
118,2026-09-13T21:23:46.977+00:00,2026-09-13T21:23:47.185+00:00,2026-09-13T21:25:29.985+00:00,True,1276,1276.0,,1276.0,208.278789,103007.94829300001,103007.948373,80.72723226724138,0.01781,444.81036700000004,15.600945851460791,88.10647799999998,80.62719176784314,15.192105840038042,12.387393605496282,0,3,,False,True,,4239,100.0
119,2026-09-13T21:23:52.315+00:00,2026-09-13T21:23:52.560+00:00,2026-09-13T21:25:47.020+00:00,True,1411,1411.0,,1411.0,245.413219,114705.851491,114705.851548,81.29401243656982,0.01717,445.49368599999997,16.730401351658077,91.7275005,81.17761579574469,16.154715944149075,12.301028950652176,0,3,,False,True,,3605,100.0
120,2026-09-13T21:23:57.984+00:00,2026-09-13T21:23:58.191+00:00,2026-09-13T21:25:44.101+00:00,True,1309,1309.0,,1309.0,206.364573,106116.341917,106116.341937,81.06672416883117,0.016890000000000002,439.233319,15.961943175230175,91.64818060000002,80.9709306911315,15.587092184647085,12.335517568291676,0,3,,False,True,,6565,100.0
121,2026-09-13T21:24:03.141+00:00,2026-09-13T21:24:03.361+00:00,2026-09-13T21:25:24.870+00:00,True,1007,1007.0,,1007.0,220.475723,81729.571659,81729.571438,81.16144134856007,0.016079999999999997,441.960223,19.665064601489494,89.01528479999999,81.02295818687872,19.177292708857554,12.321121713466242,0,3,,False,True,,4999,100.0
122,2026-09-13T21:24:07.548+00:00,2026-09-13T21:24:07.792+00:00,2026-09-13T21:25:46.126+00:00,True,1182,1182.0,,1182.0,244.389611,98578.81418700001,98578.814225,83.40001203468697,64.858659,2123.441442,62.0395367831695,92.5516275,83.26369566130398,61.888472035408924,11.990405948257747,0,3,,False,True,,5226,100.0
123,2026-09-13T21:24:11.613+00:00,2026-09-13T21:24:11.847+00:00,2026-09-13T21:26:13.569+00:00,True,1420,1420.0,,1420.0,233.200585,121955.760329,121955.760315,85.88433825,65.194149,3798.609366,103.07590293614298,94.26092249999999,85.78052131360113,103.03794387430277,11.643566455321722,0,3,,False,True,,6962,100.0
124,2026-09-13T21:24:16.880+00:00,2026-09-13T21:24:17.086+00:00,2026-09-13T21:25:54.746+00:00,True,1126,1126.0,,1126.0,205.405065,97865.51719299999,97865.5174,86.91431385435169,61.692796,6574.251446,193.7682918984631,87.0571835,86.80898855822223,193.82222177530525,11.505584727861013,0,3,,False,True,,4666,100.0
125,2026-09-13T21:24:20.564+00:00,2026-09-13T21:24:25.132+00:00,2026-09-13T21:26:10.931+00:00,True,1292,1292.0,,1292.0,4567.968199,110367.07015099999,110367.070325,85.42342904411765,68.673711,4567.968199,125.64292717813977,88.95996414999999,81.95127959101471,14.497836094302484,11.706390304937289,0,3,,False,True,,4689,100.0
126,2026-09-13T21:24:25.937+00:00,2026-09-13T21:24:26.191+00:00,2026-09-13T21:26:24.239+00:00,True,1431,1431.0,,1431.0,254.369669,118302.35789300001,118302.357896,82.67110964081063,68.695881,358.4332,17.06119097306281,92.7736635,82.55104071608392,16.451245191554033,12.096124079743914,0,3,,False,True,,4996,100.0
127,2026-09-13T21:24:31.571+00:00,2026-09-13T21:24:31.766+00:00,2026-09-13T21:26:34.573+00:00,True,1478,1478.0,,1478.0,194.56869899999998,123001.47506699999,123001.475144,83.22156640324764,63.298773000000004,357.71403200000003,19.117764886834745,93.19958934999998,83.14617898984427,18.903201831175323,12.01611606035554,0,3,,False,True,,6437,100.0
128,2026-09-13T21:24:36.711+00:00,2026-09-13T21:24:36.916+00:00,2026-09-13T21:26:34.858+00:00,True,1415,1415.0,,1415.0,205.57511499999998,118147.555275,118147.55538,83.4965055689046,65.99367699999999,357.573342,19.77343150878442,93.3727744,83.41016984441302,19.51180412173631,11.976549127118618,0,3,,False,True,,1415,100.0
129,2026-09-13T21:24:40.015+00:00,2026-09-13T21:24:40.251+00:00,2026-09-13T21:26:41.435+00:00,True,1444,1444.0,,1444.0,235.248611,121419.592931,121419.592848,84.08559061495845,64.33091,356.90696299999996,21.613349491081046,95.8453481,83.9808345945946,21.25096806476542,11.892644054741579,0,3,,False,True,,6537,100.0
130,2026-09-13T21:24:43.720+00:00,2026-09-13T21:24:43.924+00:00,2026-09-13T21:26:36.410+00:00,True,1339,1339.0,,1339.0,203.743188,112689.51445199999,112689.514702,84.15945832860344,63.197474,355.989126,21.614145076866453,93.7109569,84.07008315695067,21.37327738948403,11.882205780293305,0,3,,False,True,,6078,100.0
131,2026-09-13T21:24:46.951+00:00,2026-09-13T21:24:47.225+00:00,2026-09-13T21:26:39.317+00:00,True,1330,1330.0,,1330.0,273.643318,112365.41573400001,112365.415924,84.48527513082706,66.95238499999999,358.344431,22.703365415173895,95.41454184999999,84.34294387960874,22.110345055554937,11.8363821404664,0,3,,False,True,,5260,100.0
132,2026-09-13T21:24:50.071+00:00,2026-09-13T21:24:50.294+00:00,2026-09-13T21:26:41.111+00:00,True,1314,1314.0,,1314.0,223.322107,111040.147707,111040.147625,84.50543959284627,66.789935,355.458076,22.48150304703794,94.1909153,84.39971485148514,22.160880707392632,11.833557745863526,0,3,,False,True,,5349,100.0
133,2026-09-13T21:24:53.825+00:00,2026-09-13T21:24:54.015+00:00,2026-09-13T21:26:43.288+00:00,True,1295,1295.0,,1295.0,190.615168,109463.37344000001,109463.373617,84.52770163474904,65.380428,358.54268,22.504413728525783,96.1192754,84.44571736630603,22.318812127382095,11.830441172268698,0,3,,False,True,,5909,100.0
134,2026-09-13T21:24:59.061+00:00,2026-09-13T21:24:59.309+00:00,2026-09-13T21:26:53.387+00:00,True,1355,1355.0,,1355.0,248.372433,114326.788305,114326.788342,84.37401353653136,72.84164100000001,356.13990500000006,22.296869341472387,94.04227999999999,84.25289207680945,21.854629367956488,11.85199042227219,0,3,,False,True,,6241,100.0
135,2026-09-13T21:25:04.142+00:00,2026-09-13T21:25:04.362+00:00,2026-09-13T21:26:48.180+00:00,True,1226,1226.0,,1226.0,220.45815299999998,104038.190249,104038.190402,84.85986166557912,73.605129,358.854369,23.228733861890895,97.39942074999999,84.74916905795918,22.912458124537608,11.784134240183825,0,3,,False,True,,5544,100.0
136,2026-09-13T21:25:08.235+00:00,2026-09-13T21:25:08.474+00:00,2026-09-13T21:27:07.512+00:00,True,1417,1417.0,,1417.0,238.237151,119276.189919,119276.189893,84.1751516534933,0.01625,510.864468,25.082677518548703,94.3724292,84.06635082485876,24.75479018328611,11.879990473893232,0,3,,False,True,,7379,100.0
137,2026-09-13T21:25:12.003+00:00,2026-09-13T21:25:12.199+00:00,2026-09-13T21:26:55.801+00:00,True,1224,1224.0,,1224.0,195.48948499999997,103797.529549,103797.529554,84.80190323039216,72.136333,356.585014,23.11478731156089,98.32850905,84.71139825347505,22.906256890784956,11.792188169778962,0,3,,False,True,,3837,100.0
138,2026-09-13T21:25:16.355+00:00,2026-09-13T21:25:16.574+00:00,2026-09-13T21:27:17.232+00:00,True,1437,1437.0,,1437.0,218.908234,120877.448522,120877.448613,84.11791831106471,0.01548,594.386897,25.998937337203593,96.4261148,84.02405312534819,25.7632688902219,11.88807356186429,0,3,,False,True,,8269,100.0
139,2026-09-13T21:25:20.653+00:00,2026-09-13T21:25:20.855+00:00,2026-09-13T21:26:52.308+00:00,True,1072,1072.0,,1072.0,201.95241000000001,91655.29768999999,91655.297839,85.49934499906716,74.199318,357.47421299999996,24.458174597961623,101.81572505,85.39061183940242,24.208992740305376,11.695996052795103,0,3,,False,True,,5503,100.0
140,2026-09-13T21:25:24.493+00:00,2026-09-13T21:25:24.763+00:00,2026-09-13T21:27:05.989+00:00,True,1195,1195.0,,1195.0,269.536783,101495.041039,101495.041036,84.93308873305439,0.01773,508.35184499999997,27.241463703289135,100.485925,84.77847927638192,26.72321126739702,11.77397425299641,0,3,,False,True,,4390,100.0
141,2026-09-13T21:25:28.062+00:00,2026-09-13T21:25:28.313+00:00,2026-09-13T21:27:19.750+00:00,True,1323,1323.0,,1323.0,250.953844,111687.78200400001,111687.782026,84.42009223431594,0.015300000000000001,513.627233,25.936394126197488,96.72195950000001,84.29412114977308,25.53811517191308,11.845521293928263,0,3,,False,True,,6141,100.0
142,2026-09-13T21:25:31.303+00:00,2026-09-13T21:25:31.553+00:00,2026-09-13T21:27:03.697+00:00,True,1083,1083.0,,1083.0,250.663824,92393.980816,92393.980695,85.31300156509695,72.880321,354.30667,24.654333307095374,100.8342218,85.16018206284659,24.147112209995377,11.72154279353721,0,3,,False,True,,4370,100.0
143,2026-09-13T21:25:36.455+00:00,2026-09-13T21:25:36.729+00:00,2026-09-13T21:27:11.605+00:00,True,1107,1107.0,,1107.0,274.145663,95150.596735,95150.596571,85.95356510478771,0.016329999999999997,1070.59752,41.03121642212257,97.96301500000001,85.78340964918625,40.65715355446234,11.63418872803352,0,3,,False,True,,4243,100.0
144,2026-09-13T21:25:40.017+00:00,2026-09-13T21:25:40.285+00:00,2026-09-13T21:27:21.509+00:00,True,1149,1149.0,,1149.0,268.82003499999996,101492.496707,101492.496757,88.33115470583115,0.015619999999999998,1729.977737,77.11226748208917,96.44432079999999,88.17393438327525,76.96142273610914,11.321033941228807,0,3,,False,True,,6257,100.0
145,2026-09-13T21:25:43.829+00:00,2026-09-13T21:25:44.411+00:00,2026-09-13T21:27:26.978+00:00,True,1171,1171.0,,1171.0,581.925464,103149.21148,103149.211434,88.08643162596071,0.01729,2623.412233,89.99600702843888,93.06780699999999,87.66434702222222,88.86737863211947,11.352486201283757,0,3,,False,True,,6411,100.0
146,2026-09-13T21:25:47.440+00:00,2026-09-13T21:25:47.691+00:00,2026-09-13T21:27:32.674+00:00,True,1179,1179.0,,1179.0,250.19081599999998,105233.32400000001,105233.324041,89.25642412298558,0.01722,3706.145827,124.99029544565263,94.1505248,89.11980745670628,124.95528750081726,11.203675368080171,0,3,,False,True,,5164,100.0
147,2026-09-13T21:25:50.648+00:00,2026-09-13T21:25:50.924+00:00,2026-09-13T21:28:07.276+00:00,True,1499,1499.0,,1499.0,275.58368,136628.195008,136628.194988,91.14622747698466,0.016329,6889.681711,186.1729927675862,99.38165090000003,91.02310502536716,186.1741037198812,10.971381126071591,0,3,,False,True,,6317,100.0
148,2026-09-13T21:25:53.942+00:00,2026-09-13T21:25:55.084+00:00,2026-09-13T21:27:36.316+00:00,True,1096,1096.0,,1096.0,1142.652174,102374.63220600001,102374.632201,93.40751113229928,0.016460000000000002,9248.31005,281.80230846756325,92.92306375,92.44929683287671,280.13905558129136,10.70577716747846,0,3,,False,True,,5021,100.0
149,2026-09-13T21:25:57.844+00:00,2026-09-13T21:25:58.853+00:00,2026-09-13T21:27:41.817+00:00,True,1115,1115.0,,1115.0,1009.211565,103973.141677,103973.141626,93.24945437309417,0.01622,10439.484418,312.7459080880329,91.1237767,92.42722631238779,311.6783587936251,10.723923332660537,0,3,,False,True,,5263,100.0
150,2026-09-13T21:26:01.395+00:00,2026-09-13T21:26:11.952+00:00,2026-09-13T21:28:01.913+00:00,True,1315,1315.0,,1315.0,10556.892593,120518.005169,120518.005075,91.6486730608365,0.01582,10556.892593,289.85413103708987,92.9044644,83.68425614611871,24.55357075703389,10.91123270880564,0,3,,False,True,,6666,100.0
151,2026-09-13T21:26:06.560+00:00,2026-09-13T21:26:11.953+00:00,2026-09-13T21:27:56.336+00:00,True,1233,1233.0,,1233.0,5393.093607,109776.023783,109776.023803,89.03164947526358,0.01623,5393.093607,158.29305076520728,91.24565360000001,84.72640436363636,46.95378367149627,11.23196083725291,0,3,,False,True,,5827,100.0
152,2026-09-13T21:26:10.073+00:00,2026-09-13T21:26:12.633+00:00,2026-09-13T21:28:11.116+00:00,True,1347,1347.0,,1347.0,2560.16642,121043.63803599999,121043.638013,89.86164663177432,0.01613,3237.163457,137.68396508764516,95.58936600000001,88.0263533551263,120.12698919761627,11.128218069580694,0,3,,False,True,,5935,100.0
153,2026-09-13T21:26:14.882+00:00,2026-09-13T21:26:15.113+00:00,2026-09-13T21:28:21.711+00:00,True,1429,1429.0,,1429.0,230.706908,126828.63791599999,126828.637994,88.75342056962911,0.01572,3991.480685,148.25893142494266,94.8326944,88.65401331092437,148.26322224947774,11.267171385585979,0,3,,False,True,,7350,100.0
154,2026-09-13T21:26:19.016+00:00,2026-09-13T21:26:19.276+00:00,2026-09-13T21:28:06.876+00:00,True,1164,1164.0,,1164.0,259.926644,107859.840884,107859.841085,92.66309371563574,0.0156,5571.347428,225.01769781577258,92.62981144999999,92.51927277730009,225.0609726147928,10.791783025638308,0,3,,False,True,,5394,100.0
155,2026-09-13T21:26:22.597+00:00,2026-09-13T21:26:25.984+00:00,2026-09-13T21:28:36.353+00:00,True,1497,1497.0,,1497.0,3387.083381,133755.935605,133755.935459,89.34932228390113,0.01569,5902.285839,176.42269431441676,95.21945480000001,87.14495469518717,154.48832675264083,11.192026680751203,0,3,,False,True,,6765,100.0
156,2026-09-13T21:26:27.127+00:00,2026-09-13T21:26:27.362+00:00,2026-09-13T21:28:28.663+00:00,True,1365,1365.0,,1365.0,234.755199,121536.036991,121536.036982,89.03738973040294,0.01576,7655.248934,209.91927397791022,92.49650159999999,88.93055849853373,209.95914201899268,11.231236708015098,0,3,,False,True,,5949,100.0
157,2026-09-13T21:26:32.553+00:00,2026-09-13T21:26:36.750+00:00,2026-09-13T21:28:05.267+00:00,True,1073,1073.0,,1073.0,4197.880698,92714.20377,92714.203945,86.40652744175209,0.016190000000000003,4197.880698,127.8406350957171,92.8972652,82.57119689552239,23.668092138130522,11.573199751160415,0,3,,False,True,,4560,100.0
158,2026-09-13T21:26:37.560+00:00,2026-09-13T21:26:37.809+00:00,2026-09-13T21:28:30.668+00:00,True,1374,1374.0,,1374.0,248.68689,113107.90737,113107.90723,82.32016537845706,0.015839,593.609779,21.412868102632274,91.03952529999998,82.19899525127458,20.94414101162493,12.14769180995767,0,3,,False,True,,6308,100.0
159,2026-09-13T21:26:43.044+00:00,2026-09-13T21:26:43.289+00:00,2026-09-13T21:28:13.129+00:00,True,1090,1090.0,,1090.0,245.325807,90084.881903,90084.881916,82.64668065688073,0.01569,593.1259200000001,23.780033507736107,92.0116199,82.49729669054177,23.273662029097135,12.09969949423557,0,3,,False,True,,3963,100.0
160,2026-09-13T21:26:47.670+00:00,2026-09-13T21:26:47.940+00:00,2026-09-13T21:28:46.320+00:00,True,1444,1444.0,,1444.0,270.335132,118649.49033199999,118649.490435,82.1672371433518,0.01634,591.884932,21.005879133983022,92.99101050000002,82.0368365904366,20.42013128122234,12.170300908663496,0,3,,False,True,,8763,100.0
161,2026-09-13T21:26:52.697+00:00,2026-09-13T21:26:52.971+00:00,2026-09-13T21:28:25.991+00:00,True,1128,1128.0,,1128.0,274.562543,93293.91230299999,93293.912266,82.70736903014185,0.015880000000000002,512.915394,22.01483481951368,93.07115805,82.53713377107366,21.2688706757952,12.090821063827631,0,3,,False,True,,3363,100.0
162,2026-09-13T21:26:55.812+00:00,2026-09-13T21:26:56.030+00:00,2026-09-13T21:28:26.392+00:00,True,1094,1094.0,,1094.0,217.66413699999998,90580.043145,90580.043149,82.79711439579525,0.01564,515.920537,22.009592370819764,93.27849395000001,82.67372278865507,21.63779174580313,12.077715598442929,0,3,,False,True,,4142,100.0
163,2026-09-13T21:27:00.115+00:00,2026-09-13T21:27:00.347+00:00,2026-09-13T21:28:56.669+00:00,True,1414,1414.0,,1414.0,231.19056899999998,116553.963305,116553.963295,82.42854547029702,0.01651,514.5754810000001,19.5578021183526,93.32808185,82.32326449823071,19.15971343797434,12.131719590691443,0,3,,False,True,,6119,100.0
164,2026-09-13T21:27:05.476+00:00,2026-09-13T21:27:05.665+00:00,2026-09-13T21:28:53.456+00:00,True,1309,1309.0,,1309.0,188.585971,107979.23352299999,107979.233637,82.48986526890756,73.41882000000001,297.62253000000004,15.291540617299688,92.78966899999999,82.40875195107034,15.013035511175396,12.122701349988542,0,3,,False,True,,1330,100.0
165,2026-09-13T21:27:11.087+00:00,2026-09-13T21:27:11.294+00:00,2026-09-13T21:28:52.016+00:00,True,1220,1220.0,,1220.0,207.11231899999999,100928.65676700001,100928.656782,82.72840719836066,71.505384,297.120631,15.929220093976,94.59368054999999,82.62636952255949,15.531764843285437,12.087746325767961,0,3,,False,True,,4026,100.0
166,2026-09-13T21:27:16.350+00:00,2026-09-13T21:27:16.582+00:00,2026-09-13T21:29:07.624+00:00,True,1348,1348.0,,1348.0,231.698436,111273.444868,111273.444995,82.54706602002967,72.10926300000001,299.206096,15.457007180280868,93.63074535,82.43633736599853,14.918333581279814,12.114300960117552,0,3,,False,True,,6157,100.0
167,2026-09-13T21:27:19.665+00:00,2026-09-13T21:27:19.912+00:00,2026-09-13T21:29:02.778+00:00,True,1246,1246.0,,1246.0,246.658933,103112.66136499999,103112.66127899999,82.75494484670946,70.58296700000001,300.300744,16.088567661875192,93.56583350000001,82.62329512610441,15.409005748463283,12.08387004569097,0,3,,False,True,,6649,100.0
168,2026-09-13T21:27:24.433+00:00,2026-09-13T21:27:24.659+00:00,2026-09-13T21:29:02.112+00:00,True,1178,1178.0,,1178.0,226.173967,97679.60475099999,97679.604558,82.9198680458404,72.54970200000001,298.457329,16.360661483299808,96.71676265,82.79815699575192,15.825094556382963,12.059835858293031,0,3,,False,True,,5350,100.0
169,2026-09-13T21:27:30.003+00:00,2026-09-13T21:27:30.267+00:00,2026-09-13T21:29:02.696+00:00,True,1114,1114.0,,1114.0,263.493465,92692.940121,92692.940264,83.20730723877918,73.27357099999999,299.075197,17.03991688662041,97.74148914999999,83.0453249380054,16.166762094446426,12.01817526281722,0,3,,False,True,,3560,100.0
170,2026-09-13T21:27:35.020+00:00,2026-09-13T21:27:35.267+00:00,2026-09-13T21:29:40.465+00:00,True,1456,1456.0,,1456.0,246.774053,125445.414693,125445.414772,86.15756509065935,73.33720100000001,1834.32332,67.58920646948548,97.38963775,86.04717569759451,67.48102275582801,11.606641849470856,0,3,,False,True,,5340,100.0
171,2026-09-13T21:27:39.051+00:00,2026-09-13T21:27:39.284+00:00,2026-09-13T21:29:18.117+00:00,True,1112,1112.0,,1112.0,233.50031099999998,99065.861527,99065.861586,89.0880050233813,71.489405,3020.0186,131.11485621301156,98.93205110000001,88.95802089648966,131.1022107413219,11.22485569559125,0,3,,False,True,,3980,100.0
172,2026-09-13T21:27:42.184+00:00,2026-09-13T21:27:42.425+00:00,2026-09-13T21:29:42.473+00:00,True,1321,1321.0,,1321.0,241.424254,120289.11551799999,120289.115371,91.05913351324755,71.979962,3589.3947030000004,149.4755581319846,96.551328,90.94522065454545,149.47484050051446,10.98187474661684,0,3,,False,True,,5789,100.0
173,2026-09-13T21:27:46.694+00:00,2026-09-13T21:27:49.298+00:00,2026-09-13T21:29:59.825+00:00,True,1463,1463.0,,1463.0,2604.4088450000004,133131.114509,133131.114452,90.9987111770335,72.339633,6938.107636,197.63166311010522,95.99817089999999,89.2795524377565,186.4353572884153,10.989166622661282,0,3,,False,True,,6113,100.0
174,2026-09-13T21:27:52.287+00:00,2026-09-13T21:27:56.820+00:00,2026-09-13T21:29:34.984+00:00,True,1165,1165.0,,1165.0,4533.208070000001,102697.15200599999,102697.151936,88.15206174763948,72.813992,4533.208070000001,144.73013462487052,91.42970839999998,84.33328516838488,62.936120681877654,11.344034155221129,0,3,,False,True,,5142,100.0
175,2026-09-13T21:27:56.579+00:00,2026-09-13T21:27:59.827+00:00,2026-09-13T21:29:34.619+00:00,True,1148,1148.0,,1148.0,3247.648283,98039.88252300001,98039.882401,85.40059442595819,73.24813,3247.648283,95.43171098115141,90.01050514999999,82.64362183086311,19.537470614341867,11.709520354950252,0,3,,False,True,,4808,100.0
176,2026-09-13T21:28:00.297+00:00,2026-09-13T21:28:01.077+00:00,2026-09-13T21:30:03.641+00:00,True,1476,1476.0,,1476.0,780.221085,123344.047261,123344.047385,83.56642776761518,71.013098,780.221085,25.796975252220964,95.886412,83.09411944135593,18.34266072247257,11.966528039060824,0,3,,False,True,,1908,100.0
177,2026-09-13T21:28:04.522+00:00,2026-09-13T21:28:04.763+00:00,2026-09-13T21:29:44.907+00:00,True,1197,1197.0,,1197.0,240.690287,100384.483183,100384.48306,83.86339436925647,70.87081500000001,565.786179,26.493759199702687,92.99539200000001,83.73226830769231,26.1133653246388,11.924153634560033,0,3,,False,True,,4378,100.0
178,2026-09-13T21:28:08.279+00:00,2026-09-13T21:28:08.540+00:00,2026-09-13T21:29:46.707+00:00,True,1182,1182.0,,1182.0,261.441561,98427.760409,98427.760274,83.27221681387479,69.637788,310.71786599999996,19.429716275604168,93.76515719999999,83.12135380863675,18.732561655872345,12.008807221543982,0,3,,False,True,,4266,100.0
179,2026-09-13T21:28:12.039+00:00,2026-09-13T21:28:12.234+00:00,2026-09-13T21:29:48.803+00:00,True,1159,1159.0,,1159.0,195.010858,96764.12548199999,96764.125481,83.48932310698878,72.423433,308.69966,19.52370860097037,94.1544556,83.39301781001727,19.25476374148216,11.977579441004679,0,3,,False,True,,3340,100.0
180,2026-09-13T21:28:15.161+00:00,2026-09-13T21:28:15.371+00:00,2026-09-13T21:29:58.803+00:00,True,1243,1243.0,,1243.0,210.336833,103642.484545,103642.484434,83.38092070313758,71.994492,309.441909,18.991133825299173,93.34246010000001,83.2787018615137,18.65356621719119,11.993151316826143,0,3,,False,True,,4521,100.0
181,2026-09-13T21:28:19.888+00:00,2026-09-13T21:28:20.086+00:00,2026-09-13T21:29:44.985+00:00,True,1021,1021.0,,1021.0,197.18539,85096.815982,85096.815904,83.34653859353575,72.57198299999999,313.178381,19.619689234360994,91.055042,83.23493195294118,19.302324849657968,11.998098732812352,0,3,,False,True,,5180,100.0
182,2026-09-13T21:28:23.099+00:00,2026-09-13T21:28:23.327+00:00,2026-09-13T21:29:59.436+00:00,True,1153,1153.0,,1153.0,228.429463,96337.315735,96337.31587,83.55361307025152,73.36765,310.445987,19.805720453761854,92.8137004,83.42785266666667,19.348282545356852,11.968363361624236,0,3,,False,True,,3441,100.0
183,2026-09-13T21:28:27.880+00:00,2026-09-13T21:28:28.095+00:00,2026-09-13T21:30:21.871+00:00,True,1389,1389.0,,1389.0,214.876512,113990.653792,113990.653864,82.06670544564435,0.015470000000000001,669.319015,24.88577117724143,90.74198059999999,81.97102109510087,24.637818290274776,12.185209521953647,0,3,,False,True,,5886,100.0
184,2026-09-13T21:28:31.143+00:00,2026-09-13T21:28:31.397+00:00,2026-09-13T21:30:01.041+00:00,True,1074,1074.0,,1074.0,253.777678,89898.116622,89898.116527,83.70401911266295,73.212401,308.98131900000004,20.629075141735576,94.2830175,83.54551625722274,19.973689219493203,11.946857624569736,0,3,,False,True,,4687,100.0
185,2026-09-13T21:28:34.996+00:00,2026-09-13T21:28:35.244+00:00,2026-09-13T21:30:23.222+00:00,True,1318,1318.0,,1318.0,247.92797,108226.19229,108226.192362,82.11395475113808,0.01551,662.54331,25.56204685047624,89.10515525,81.98805187547455,25.159625478839253,12.178198013918133,0,3,,False,True,,5740,100.0
186,2026-09-13T21:28:39.840+00:00,2026-09-13T21:28:40.028+00:00,2026-09-13T21:30:07.297+00:00,True,1047,1047.0,,1047.0,187.06812299999999,87456.382939,87456.382789,83.53045156542503,71.37803699999999,309.983787,20.481170091383134,94.5159408,83.43146731931166,20.23886263139377,11.971681938072747,0,3,,False,True,,4076,100.0
187,2026-09-13T21:28:45.385+00:00,2026-09-13T21:28:45.639+00:00,2026-09-13T21:30:19.404+00:00,True,1138,1138.0,,1138.0,254.342907,94018.853115,94018.85302,82.61762128295256,0.0166,656.5173120000001,27.357782256779437,88.28852005,82.4665876939314,26.89098717009619,12.10395534827515,0,3,,False,True,,4759,100.0
188,2026-09-13T21:28:49.793+00:00,2026-09-13T21:28:50.005+00:00,2026-09-13T21:30:39.152+00:00,True,1345,1345.0,,1345.0,212.606528,109359.702848,109359.702908,81.30832929962826,0.01576,664.875794,25.345257732351467,86.80799580000001,81.21063714285715,25.100088045518028,12.29886297212628,0,3,,False,True,,6545,100.0
189,2026-09-13T21:28:55.060+00:00,2026-09-13T21:28:55.296+00:00,2026-09-13T21:30:31.999+00:00,True,1186,1186.0,,1186.0,235.53260699999998,96938.391359,96938.391334,81.73557448060708,0.01566,664.9313549999999,26.948767143401057,88.15588224999999,81.6057879763713,26.58674182787091,12.234574799243239,0,3,,False,True,,5064,100.0
190,2026-09-13T21:29:00.716+00:00,2026-09-13T21:29:00.974+00:00,2026-09-13T21:30:51.566+00:00,True,1350,1350.0,,1350.0,257.605579,110850.245067,110850.245004,82.11129259555555,0.01604,1124.3652069999998,43.89739439327038,86.93254730000001,81.98120051000741,43.65256608290277,12.178592832014347,0,3,,False,True,,7501,100.0
191,2026-09-13T21:29:03.928+00:00,2026-09-13T21:29:04.111+00:00,2026-09-13T21:31:03.511+00:00,True,1424,1424.0,,1424.0,183.44637100000003,119583.260515,119583.260548,83.97700881179776,0.01666,4591.80503,121.8651538571568,86.022271,83.90710762052002,121.87943183839786,11.908021188478797,0,3,,False,True,,5600,100.0
192,2026-09-13T21:29:07.940+00:00,2026-09-13T21:29:08.198+00:00,2026-09-13T21:31:19.806+00:00,True,1439,1439.0,,1439.0,257.740671,131865.983615,131865.983562,91.63723666574009,0.01625,10193.106448999999,275.47929282696464,95.75401010000002,91.52172666481223,275.5402653095274,10.912594442865181,0,3,,False,True,,6285,100.0
193,2026-09-13T21:29:13.640+00:00,2026-09-13T21:29:13.908+00:00,2026-09-13T21:31:13.783+00:00,True,1241,1241.0,,1241.0,268.422656,120143.34208,120143.342059,96.81171801692183,0.01578,15249.907996,441.83721935092655,88.98061,96.67332211612903,441.98858460339875,10.329328105203315,0,3,,False,True,,6162,100.0
194,2026-09-13T21:29:17.515+00:00,2026-09-13T21:29:17.785+00:00,2026-09-13T21:31:38.304+00:00,True,1496,1496.0,,1496.0,270.366891,140789.517739,140789.51765,94.11064014037433,0.01567,15585.042207,412.06114332309727,92.226045,93.99274304214048,412.1737843357,10.62579106758027,0,3,,False,True,,8246,100.0
195,2026-09-13T21:29:21.209+00:00,2026-09-13T21:29:24.014+00:00,2026-09-13T21:31:12.889+00:00,True,1157,1157.0,,1157.0,2804.866168,111679.805304,111679.805319,96.52532871132239,0.016370000000000003,16242.819786,482.4769297797064,85.94184,94.18247330103806,476.05597924782165,10.359975080996673,0,3,,False,True,,5259,100.0
196,2026-09-13T21:29:24.917+00:00,2026-09-13T21:29:40.997+00:00,2026-09-13T21:31:25.734+00:00,True,1290,1290.0,,1290.0,16080.637159,120816.827111,120816.827098,93.65645511472869,0.01557,16080.637159,446.4801274320129,90.53093449999999,81.25383239100077,30.18104105720999,10.677320625336547,0,3,,False,True,,6039,100.0
198,2026-09-13T21:29:33.383+00:00,2026-09-13T21:29:41.808+00:00,2026-09-13T21:31:42.796+00:00,True,1489,1489.0,,1489.0,8425.371731000001,129412.659283,129412.659207,86.91246420886502,0.01657,8425.371731000001,219.22188627971957,86.95605739999999,81.3086609892473,36.0641330700434,11.505829555235783,0,3,,False,True,,6751,100.0
197,2026-09-13T21:29:29.947+00:00,2026-09-13T21:29:41.810+00:00,2026-09-13T21:31:17.043+00:00,True,1174,1174.0,,1174.0,11862.501032,107095.322536,107095.322534,91.22259159625213,0.015880000000000002,11862.501032,345.5439239683954,88.55634365000002,81.18740111167945,34.2618981559039,10.962196781333384,0,3,,False,True,,5233,100.0
199,2026-09-13T21:29:37.332+00:00,2026-09-13T21:29:42.734+00:00,2026-09-13T21:31:34.812+00:00,True,1374,1374.0,,1374.0,5402.618437,117480.30342899999,117480.303295,85.50240414483261,0.01718,5402.618437,151.11357712344721,87.49565714999999,81.62977785287691,47.230681977679545,11.695577555520924,0,3,,False,True,,4514,100.0
200,2026-09-13T21:29:42.528+00:00,2026-09-13T21:29:42.840+00:00,2026-09-13T21:31:10.412+00:00,True,1076,1076.0,,1076.0,312.061853,87883.578781,87883.578799,81.67618847490706,0.01551,2268.3065389999997,72.02617776292793,85.4601745,81.46187621209303,71.71565192140648,12.243470451758913,0,3,,False,True,,3944,100.0
201,2026-09-13T21:29:47.840+00:00,2026-09-13T21:29:48.385+00:00,2026-09-13T21:31:11.195+00:00,True,1048,1048.0,,1048.0,544.2685359999999,83354.209784,83354.209666,79.53645960496183,0.01607,664.0721570000001,28.44869311416547,85.20057785,79.09258953963706,24.56474887700669,12.572850282136146,0,3,,False,True,,4115,100.0
202,2026-09-13T21:29:52.261+00:00,2026-09-13T21:29:52.521+00:00,2026-09-13T21:31:16.320+00:00,True,1049,1049.0,,1049.0,260.317974,84059.77807,84059.77811,80.13324891325071,0.03164,661.492642,27.74927997724404,85.9867974,79.96131688549619,27.197780443766582,12.479214483845709,0,3,,False,True,,3696,100.0
203,2026-09-13T21:29:57.029+00:00,2026-09-13T21:29:57.271+00:00,2026-09-13T21:31:56.529+00:00,True,1494,1494.0,,1494.0,241.790494,119499.397662,119499.397603,79.98620990829987,0.015439999999999999,664.828034,23.419333607029643,85.16560815000001,79.87783467381112,23.049374209928896,12.502155067138734,0,3,,False,True,,5388,100.0
204,2026-09-13T21:30:02.609+00:00,2026-09-13T21:30:02.812+00:00,2026-09-13T21:31:29.731+00:00,True,1084,1084.0,,1084.0,202.99015599999998,87122.372428,87122.372328,80.37119218450185,0.01744,729.33213,28.48889915045194,85.7738025,80.2579707036011,28.25700057253552,12.442269072686734,0,3,,False,True,,4563,100.0
205,2026-09-13T21:30:07.551+00:00,2026-09-13T21:30:07.765+00:00,2026-09-13T21:31:44.653+00:00,True,1208,1208.0,,1208.0,213.71714300000002,97101.833879,97101.834077,80.38231297764901,0.03144,731.896615,27.118990939647258,85.51221535,80.27184485169843,26.856949693932116,12.440547739863558,0,3,,False,True,,5292,100.0
206,2026-09-13T21:30:12.516+00:00,2026-09-13T21:30:12.729+00:00,2026-09-13T21:32:06.729+00:00,True,1410,1410.0,,1410.0,213.289574,114213.60214999999,114213.602137,81.0025547070922,0.032409999999999994,656.7448320000001,24.589466454410246,86.909718,80.90866754861604,24.344065099254706,12.345289645520564,0,3,,False,True,,6565,100.0
207,2026-09-13T21:30:17.602+00:00,2026-09-13T21:30:17.805+00:00,2026-09-13T21:32:15.522+00:00,True,1450,1450.0,,1450.0,202.735299,117920.205763,117920.205821,81.32427987655173,70.13956900000001,358.910122,18.087826585160506,87.02126645,81.24049031331954,17.81034420946558,12.296450727997023,0,3,,False,True,,7352,100.0
208,2026-09-13T21:30:21.500+00:00,2026-09-13T21:30:21.721+00:00,2026-09-13T21:32:13.353+00:00,True,1372,1372.0,,1372.0,220.642057,111852.753417,111852.753416,81.52533047813411,68.909222,355.915859,18.593782614881505,87.8037195,81.42385948942378,18.216589778443844,12.266126296283698,0,3,,False,True,,3827,100.0
209,2026-09-13T21:30:25.592+00:00,2026-09-13T21:30:25.842+00:00,2026-09-13T21:32:17.870+00:00,True,1373,1373.0,,1373.0,250.246174,112278.54979,112278.549876,81.776074199563,69.612402,355.44375,18.68227172240776,86.64410679999999,81.65328251895043,18.126358669884127,12.228515620908787,0,3,,False,True,,8137,100.0
210,2026-09-13T21:30:31.053+00:00,2026-09-13T21:30:31.312+00:00,2026-09-13T21:32:04.421+00:00,True,1105,1105.0,,1105.0,258.991466,93368.393578,93368.393634,84.4962838316742,70.458049,1345.1054709999999,63.50915701794856,89.09059079999999,84.33822655072464,63.32014292587616,11.834840010146285,0,3,,False,True,,4610,100.0
211,2026-09-13T21:30:35.592+00:00,2026-09-13T21:30:35.834+00:00,2026-09-13T21:32:25.466+00:00,True,1225,1225.0,,1225.0,242.58200200000002,109874.735602,109874.735656,89.69366176,69.88846099999999,6109.244594,200.9250296285806,89.71077020000001,89.56875294117647,200.9595729460608,11.149059820606311,0,3,,False,True,,7029,100.0
212,2026-09-13T21:30:40.249+00:00,2026-09-13T21:30:40.455+00:00,2026-09-13T21:32:39.617+00:00,True,1289,1289.0,,1289.0,206.224819,119367.982259,119367.982159,92.60510640729248,70.42058,11836.319369,328.8268189937618,93.0264442,92.51689242236024,328.9392817085232,10.798540576845623,0,3,,False,True,,8190,100.0
213,2026-09-13T21:30:44.874+00:00,2026-09-13T21:30:45.072+00:00,2026-09-13T21:32:51.676+00:00,True,1306,1306.0,,1306.0,197.625756,126801.642908,126801.642788,97.09161009800918,72.939514,17327.654046,477.60509887039575,94.79503025,97.0145725302682,477.78007990969513,10.2995510945198,0,3,,False,True,,6830,100.0
214,2026-09-13T21:30:48.687+00:00,2026-09-13T21:30:48.901+00:00,2026-09-13T21:32:53.935+00:00,True,1274,1274.0,,1274.0,214.240722,125247.968466,125247.96835,98.31080718210362,72.454805,18070.381267,504.3761406795655,94.89483915000001,98.21973899764336,504.56388554981595,10.171821671868809,0,3,,False,True,,6110,100.0
215,2026-09-13T21:30:53.116+00:00,2026-09-13T21:30:53.343+00:00,2026-09-13T21:32:56.264+00:00,True,1234,1234.0,,1234.0,226.51082399999999,123147.457,123147.45707,99.79534608589951,71.790486,19043.325826,540.1863853729468,92.59554774999998,99.69257597404703,540.3935075655886,10.020507366221944,0,3,,False,True,,5637,100.0
216,2026-09-13T21:30:57.194+00:00,2026-09-13T21:31:13.454+00:00,2026-09-13T21:32:55.412+00:00,True,1211,1211.0,,1211.0,16260.091458,118218.42822599999,118218.428222,97.62050224772915,71.17711800000001,16260.091458,465.3846428635565,92.359123,84.26308823801654,22.716858127409505,10.243749795800978,0,3,,False,True,,5516,100.0
217,2026-09-13T21:31:01.156+00:00,2026-09-13T21:31:14.138+00:00,2026-09-13T21:32:49.454+00:00,True,1138,1138.0,,1138.0,12981.45758,108297.953452,108297.953479,95.16516122934974,72.33733500000001,12981.45758,382.9484289034723,91.26247345,83.83157068777486,21.76013939957727,10.508047139638574,0,3,,False,True,,2223,100.0
219,2026-09-13T21:31:10.137+00:00,2026-09-13T21:31:14.139+00:00,2026-09-13T21:33:00.165+00:00,True,1242,1242.0,,1242.0,4001.953662,110028.125566,110028.125794,88.58947326409017,73.184364,4001.953662,119.18885166652288,93.61509215,85.43607727961322,43.09465129265954,11.288022890610733,0,3,,False,True,,4233,100.0
218,2026-09-13T21:31:04.693+00:00,2026-09-13T21:31:14.140+00:00,2026-09-13T21:33:17.270+00:00,True,1454,1454.0,,1454.0,9447.035389,132577.393149,132577.393308,91.18115083081156,70.05638,9447.035389,247.1708077549098,91.78359815,84.7421595044735,28.46474811735319,10.967178984775256,0,3,,False,True,,7151,100.0
220,2026-09-13T21:31:14.579+00:00,2026-09-13T21:31:16.156+00:00,2026-09-13T21:33:20.842+00:00,True,1484,1484.0,,1484.0,1576.958098,126263.429778,126263.42972,85.0831736657682,72.876393,1576.958098,44.106623338067386,93.5119092,84.07718926500337,21.068426184540904,11.753205204461906,0,3,,False,True,,6760,100.0
221,2026-09-13T21:31:20.171+00:00,2026-09-13T21:31:20.390+00:00,2026-09-13T21:32:56.263+00:00,True,1140,1140.0,,1140.0,219.10571299999998,96092.367281,96092.367188,84.29155016491228,71.947666,297.696974,22.48517919986638,89.6715155,84.17318838279192,22.13690739479739,11.863585342489612,0,3,,False,True,,2413,100.0
222,2026-09-13T21:31:24.165+00:00,2026-09-13T21:31:24.431+00:00,2026-09-13T21:33:01.646+00:00,True,1151,1151.0,,1151.0,265.65502100000003,97480.986093,97480.986216,84.69242937966985,72.70502400000001,298.472691,23.908707838390455,88.91396650000003,84.5350704973913,23.315195688518244,11.807430824529298,0,3,,False,True,,5291,100.0
223,2026-09-13T21:31:29.583+00:00,2026-09-13T21:31:29.837+00:00,2026-09-13T21:33:16.153+00:00,True,1257,1257.0,,1257.0,254.027797,106569.942805,106569.942926,84.78117973428799,72.892784,298.344262,23.33208669563241,93.5947052,84.64642914649681,22.846832485787882,11.795070607291578,0,3,,False,True,,3691,100.0
224,2026-09-13T21:31:33.422+00:00,2026-09-13T21:31:33.632+00:00,2026-09-13T21:33:07.026+00:00,True,1102,1102.0,,1102.0,210.661549,93604.002989,93604.003146,84.9401117477314,72.13640600000001,297.964993,24.1335441431336,90.28772814999998,84.82592319709354,23.844820364667253,11.773000777856723,0,3,,False,True,,2601,100.0
225,2026-09-13T21:31:37.305+00:00,2026-09-13T21:31:37.556+00:00,2026-09-13T21:33:30.521+00:00,True,1341,1341.0,,1341.0,250.717073,113216.58868900001,113216.588787,84.42698641834451,72.639736,296.17642700000005,22.572650378908904,89.157909,84.30288926567164,22.118723843131622,11.844554013932148,0,3,,False,True,,6970,100.0
226,2026-09-13T21:31:40.459+00:00,2026-09-13T21:31:40.687+00:00,2026-09-13T21:33:33.028+00:00,True,1332,1332.0,,1332.0,227.866193,112569.04404899999,112569.044082,84.51129435585585,72.874084,295.610968,22.50031572689105,88.71481049999998,84.40358967392937,22.16261266203819,11.832737954318915,0,3,,False,True,,6304,100.0
227,2026-09-13T21:31:44.883+00:00,2026-09-13T21:31:45.138+00:00,2026-09-13T21:33:20.352+00:00,True,1116,1116.0,,1116.0,254.669814,95468.60210199999,95468.601933,85.54534223387097,72.682085,297.196164,24.49194867683376,93.12131175,85.39366124484305,23.97279504281034,11.689707143796344,0,3,,False,True,,5033,100.0
228,2026-09-13T21:31:50.370+00:00,2026-09-13T21:31:50.575+00:00,2026-09-13T21:33:40.502+00:00,True,1299,1299.0,,1299.0,204.948122,110132.007834,110132.00785,84.7821461508853,73.729443,298.404942,22.614973616283393,89.3810918,84.68956834514637,22.37608742018877,11.79493614570216,0,3,,False,True,,5764,100.0
229,2026-09-13T21:31:56.025+00:00,2026-09-13T21:31:56.281+00:00,2026-09-13T21:33:26.350+00:00,True,1047,1047.0,,1047.0,255.90084299999998,90324.420523,90324.420461,86.26974256064948,72.705794,407.323369,27.89029352819358,95.9017625,86.1075713957935,27.40530921480473,11.59154959353871,0,3,,False,True,,4969,100.0
230,2026-09-13T21:31:59.378+00:00,2026-09-13T21:31:59.604+00:00,2026-09-13T21:33:49.706+00:00,True,1274,1274.0,,1274.0,225.66254800000002,110328.09710799999,110328.097199,86.59976232260597,72.237476,1231.679326,51.70353142359747,91.21369895000002,86.49052204241949,51.57656503749801,11.547375812644386,0,3,,False,True,,4734,100.0
231,2026-09-13T21:32:03.896+00:00,2026-09-13T21:32:04.744+00:00,2026-09-13T21:33:38.682+00:00,True,1092,1092.0,,1092.0,848.768505,94785.987321,94785.987388,86.80035475091574,72.935154,1402.74809,51.58127601244145,90.01197954999999,86.10194208615948,46.15110122734367,11.520690250362202,0,3,,False,True,,5586,100.0
232,2026-09-13T21:32:08.015+00:00,2026-09-13T21:32:08.550+00:00,2026-09-13T21:33:36.054+00:00,True,1006,1006.0,,1006.0,535.084206,88039.13259,88039.132626,87.5140483359841,71.680996,1675.334547,61.193686438179625,91.40959725,87.0687048597015,59.57078018763714,11.426736843091835,0,3,,False,True,,4946,100.0
233,2026-09-13T21:32:12.309+00:00,2026-09-13T21:32:12.551+00:00,2026-09-13T21:34:20.348+00:00,True,1410,1410.0,,1410.0,241.762223,128038.72683099999,128038.726796,90.80760765673759,0.01579,5971.827786999999,179.87345485611942,86.28453445,90.70047168772179,179.89230720582475,11.012293193613816,0,3,,False,True,,6523,100.0
234,2026-09-13T21:32:17.607+00:00,2026-09-13T21:32:17.872+00:00,2026-09-13T21:34:33.728+00:00,True,1447,1447.0,,1447.0,264.424634,136120.18169,136120.18163,94.07061619212163,0.01568,7809.025798000001,242.95107860795216,90.4106296,93.95280570954357,242.99377853011677,10.630311993671862,0,3,,False,True,,5476,100.0
235,2026-09-13T21:32:22.464+00:00,2026-09-13T21:32:22.705+00:00,2026-09-13T21:34:10.923+00:00,True,1113,1113.0,,1113.0,240.409956,108458.975588,108458.975609,97.44741743845462,73.051004,13531.671237999999,404.9194423871969,90.56415980000001,97.31885398561151,405.07890105860497,10.261944610540313,0,3,,False,True,,4197,100.0
237,2026-09-13T21:32:30.535+00:00,2026-09-13T21:32:40.340+00:00,2026-09-13T21:34:40.327+00:00,True,1396,1396.0,,1396.0,9804.41836,129791.512632,129791.512715,92.97386297636103,0.01585,9804.41836,263.2555783693531,95.92933700000002,86.01225395842295,40.60712417995123,10.75571099905509,0,3,,False,True,,6213,100.0
236,2026-09-13T21:32:27.368+00:00,2026-09-13T21:32:40.342+00:00,2026-09-13T21:34:22.068+00:00,True,1208,1208.0,,1208.0,12974.284661,114700.175733,114700.175881,94.95047672268213,0.01592,12974.284661,372.3780709912004,87.4208932,84.27994289312345,33.51310892648229,10.531806008841627,0,3,,False,True,,3179,100.0
238,2026-09-13T21:32:35.061+00:00,2026-09-13T21:32:41.164+00:00,2026-09-13T21:34:38.134+00:00,True,1346,1346.0,,1346.0,6102.8661569999995,123072.702701,123072.702796,91.43588617830609,0.015960000000000002,6102.8661569999995,173.0651397904482,95.10635125,86.96642122230483,55.37119799859172,10.936625022935027,0,3,,False,True,,5842,100.0
239,2026-09-13T21:32:39.165+00:00,2026-09-13T21:32:42.304+00:00,2026-09-13T21:34:46.871+00:00,True,1389,1389.0,,1389.0,3138.6665660000003,127705.846342,127705.846337,91.94085409431246,0.01573,3138.6665660000003,130.9253124544851,93.4416418,89.74580675504322,102.25676804173027,10.876557650150309,0,3,,False,True,,5591,100.0
240,2026-09-13T21:32:43.476+00:00,2026-09-13T21:32:44.404+00:00,2026-09-13T21:34:57.482+00:00,True,1484,1484.0,,1484.0,928.0254960000001,134006.306712,134006.306755,90.30074579177898,0.01548,3570.302764,140.06184528010152,93.7973913,89.73586056372218,138.40773231112053,11.07410566272334,0,3,,False,True,,4623,100.0
241,2026-09-13T21:32:47.993+00:00,2026-09-13T21:32:56.631+00:00,2026-09-13T21:34:33.001+00:00,True,1154,1154.0,,1154.0,8637.369697,105007.208801,105007.208766,90.99411504852687,0.01601,8637.369697,253.91085464089127,86.30881165,83.58182055854294,32.68721211966222,10.989721688412407,0,3,,False,True,,5434,100.0
242,2026-09-13T21:32:53.414+00:00,2026-09-13T21:32:56.632+00:00,2026-09-13T21:34:36.323+00:00,True,1180,1180.0,,1180.0,3218.1170070000003,102909.62164699999,102909.62162,87.21154374576271,0.02872,3218.1170070000003,98.68618292721642,86.63230014999999,84.5559835793045,37.66704053268648,11.46637195934535,0,3,,False,True,,5780,100.0
243,2026-09-13T21:32:57.946+00:00,2026-09-13T21:32:59.028+00:00,2026-09-13T21:34:41.357+00:00,True,1215,1215.0,,1215.0,1082.366635,103411.322283,103411.322188,85.11219933168724,0.01577,1082.366635,44.531175314124226,91.29837510000002,84.2907377660626,34.11896037814487,11.749197023851771,0,3,,False,True,,2467,100.0
244,2026-09-13T21:33:02.040+00:00,2026-09-13T21:33:02.310+00:00,2026-09-13T21:34:52.690+00:00,True,1323,1323.0,,1323.0,269.391463,110650.24957500001,110650.249558,83.63586512320484,0.01595,858.520604,32.933305263815285,89.7182043,83.49535409379727,32.54663836066832,11.956593004367834,0,3,,False,True,,4979,100.0
245,2026-09-13T21:33:06.933+00:00,2026-09-13T21:33:07.216+00:00,2026-09-13T21:34:38.603+00:00,True,1084,1084.0,,1084.0,283.153695,91670.757407,91670.757509,84.56711947324723,0.01558,870.7066679999999,36.46773665892124,87.19068345,84.38375227331487,35.98115381922412,11.824926843216259,0,3,,False,True,,4132,100.0
246,2026-09-13T21:33:10.136+00:00,2026-09-13T21:33:10.348+00:00,2026-09-13T21:35:09.490+00:00,True,1440,1440.0,,1440.0,212.441608,119353.675016,119353.675087,82.88449658819444,0.01559,863.9056019999999,36.733622096748086,87.14995675,82.79446379986102,36.5871113230493,12.064982496826849,0,3,,False,True,,4424,100.0
247,2026-09-13T21:33:14.064+00:00,2026-09-13T21:33:15.319+00:00,2026-09-13T21:35:17.768+00:00,True,1492,1492.0,,1492.0,1254.292268,123703.29758,123703.297497,82.9110573036193,0.02834,1254.292268,43.068288506433866,87.29501305,82.1254227444668,30.571382834221307,12.061117441393272,0,3,,False,True,,7579,100.0
248,2026-09-13T21:33:19.554+00:00,2026-09-13T21:33:19.804+00:00,2026-09-13T21:35:16.245+00:00,True,1417,1417.0,,1417.0,249.797406,116691.498526,116691.498582,82.35109285956246,0.0162,781.911848,30.252241337155713,86.9239848,82.2328397740113,29.933524057497955,12.143129687243487,0,3,,False,True,,6249,100.0
249,2026-09-13T21:33:23.826+00:00,2026-09-13T21:33:24.042+00:00,2026-09-13T21:35:13.354+00:00,True,1327,1327.0,,1327.0,216.127958,109528.330966,109528.331112,82.53830528409948,0.015229,862.8419250000001,32.57909617772937,86.77534299999999,82.43755882956259,32.38394599300569,12.11558679198654,0,3,,False,True,,6378,100.0
250,2026-09-13T21:33:27.340+00:00,2026-09-13T21:33:27.556+00:00,2026-09-13T21:34:52.170+00:00,True,1007,1007.0,,1007.0,215.94768900000003,84830.229161,84830.22902299999,84.24054520655412,0.015439999999999999,788.0168249999999,35.52894199927342,88.39609759999999,84.10962372962226,35.302750263620446,11.87076835651129,0,3,,False,True,,5421,100.0
251,2026-09-13T21:33:32.086+00:00,2026-09-13T21:33:32.310+00:00,2026-09-13T21:35:15.119+00:00,True,1246,1246.0,,1246.0,223.895241,103032.950729,103032.950573,82.69097156741573,0.01597,871.087297,33.7412147607352,86.49636274999999,82.57755460883534,33.51632398605908,12.093218637183965,0,3,,False,True,,3928,100.0
252,2026-09-13T21:33:35.831+00:00,2026-09-13T21:33:36.055+00:00,2026-09-13T21:35:41.399+00:00,True,1495,1495.0,,1495.0,224.43087,125568.458006,125568.45782,83.99227947826087,0.01548,1161.676985,43.109543058875275,86.91732099999999,83.89827786880856,42.97043877201703,11.905856165953434,0,3,,False,True,,6387,100.0
253,2026-09-13T21:33:39.079+00:00,2026-09-13T21:33:39.332+00:00,2026-09-13T21:35:36.638+00:00,True,1290,1290.0,,1290.0,252.57631899999998,117558.726207,117558.726139,91.13079545658914,0.01602,8958.52152,253.24665807962674,87.9677489,91.00554684871994,253.30497173101696,10.973239006762794,0,3,,False,True,,6569,100.0
254,2026-09-13T21:33:44.547+00:00,2026-09-13T21:33:44.752+00:00,2026-09-13T21:35:56.400+00:00,True,1365,1365.0,,1365.0,205.2457,131853.243652,131853.243509,96.59578279047619,0.0158,11412.131620999999,329.1720438539945,87.0063696,96.51612753079179,329.2796128846049,10.352418811953097,0,3,,False,True,,4883,100.0
255,2026-09-13T21:33:49.022+00:00,2026-09-13T21:33:49.221+00:00,2026-09-13T21:35:44.849+00:00,True,1068,1068.0,,1068.0,199.382264,115826.891256,115826.891214,108.45214533146067,0.01626,12899.692341,489.28715461313396,93.90385934999999,108.36692501593251,489.5086658309533,9.220656692231444,0,3,,False,True,,4272,100.0
256,2026-09-13T21:33:52.120+00:00,2026-09-13T21:33:52.320+00:00,2026-09-13T21:36:11.223+00:00,True,1275,1275.0,,1275.0,199.970913,139103.190369,139103.190299,109.1005414109804,68.667433,16000.4009,551.6728791947054,92.61278910000001,109.02921464364206,551.8836369195462,9.165857351062897,0,3,,False,True,,5783,100.0
257,2026-09-13T21:33:56.928+00:00,2026-09-13T21:33:57.150+00:00,2026-09-13T21:36:27.028+00:00,True,1380,1380.0,,1380.0,221.18948699999999,150099.71876699998,150099.718642,108.76791205942028,68.437573,18272.108559999997,587.9770362203008,93.7208129,108.6863881653372,588.1825397341917,9.193887978845424,0,3,,False,True,,6311,100.0
259,2026-09-13T21:34:05.033+00:00,2026-09-13T21:34:31.063+00:00,2026-09-13T21:36:32.941+00:00,True,1424,1424.0,,1424.0,26029.906318999998,147908.08155099998,147908.081471,103.86803474087078,68.189724,26029.906318999998,692.4526239749484,93.33252680000001,85.64875279831342,82.52077196264437,9.627601041590093,0,3,,False,True,,4556,100.0
258,2026-09-13T21:34:01.776+00:00,2026-09-13T21:34:31.064+00:00,2026-09-13T21:36:29.819+00:00,True,1389,1389.0,,1389.0,29288.05987,148042.489054,148042.489262,106.58206570338373,66.937417,29288.05987,785.790563473173,91.7026504,85.55794609798271,59.26593639584467,9.382441546854485,0,3,,False,True,,7917,100.0
260,2026-09-13T21:34:09.388+00:00,2026-09-13T21:34:34.096+00:00,2026-09-13T21:35:58.024+00:00,True,1019,1019.0,,1019.0,24707.881256,108635.682856,108635.682817,106.61009108635918,66.389868,24707.881256,771.8049850571457,87.000023,82.44381296660117,24.048531281989252,9.379975098520037,0,3,,False,True,,4744,100.0
262,2026-09-13T21:34:18.657+00:00,2026-09-13T21:34:34.372+00:00,2026-09-13T21:36:17.807+00:00,True,1229,1229.0,,1229.0,15715.404359,119149.59290300001,119149.592947,96.94840760537022,65.170371,15715.404359,446.8788371812394,92.5887882,84.22979523127036,29.909429053376044,10.314764574987109,0,3,,False,True,,6490,100.0
261,2026-09-13T21:34:13.109+00:00,2026-09-13T21:34:34.372+00:00,2026-09-13T21:36:07.353+00:00,True,1123,1123.0,,1123.0,21263.518993,114243.859473,114243.859424,101.7309522920748,65.80323,21263.518993,632.5302058477128,86.465047,82.87017868092691,24.730207634919704,9.829849982137604,0,3,,False,True,,5983,100.0
263,2026-09-13T21:34:22.890+00:00,2026-09-13T21:34:35.578+00:00,2026-09-13T21:36:14.580+00:00,True,1188,1188.0,,1188.0,12687.673315,111690.20182700001,111690.201669,94.01532127020202,67.694816,12687.673315,366.6127779344187,85.60008284999999,83.40566850210614,26.04987258121422,10.636564179910119,0,3,,False,True,,5426,100.0
264,2026-09-13T21:34:26.236+00:00,2026-09-13T21:34:35.578+00:00,2026-09-13T21:36:03.455+00:00,True,1059,1059.0,,1059.0,9342.23793,97219.327978,97219.328186,91.80295390557129,65.78721,9342.23793,286.47818031453636,86.2309319,83.05963142533082,33.38894264678271,10.892895703204653,0,3,,False,True,,3550,100.0
266,2026-09-13T21:34:35.034+00:00,2026-09-13T21:34:36.619+00:00,2026-09-13T21:36:18.525+00:00,True,1216,1216.0,,1216.0,1584.7346610000002,103490.80544499999,103490.805284,85.10757013486842,69.696271,1584.7346610000002,51.223800915161775,88.86458474999999,83.8733092872428,27.785943190762836,11.74983608226183,0,3,,False,True,,4251,100.0
265,2026-09-13T21:34:30.891+00:00,2026-09-13T21:34:36.621+00:00,2026-09-13T21:36:19.003+00:00,True,1225,1225.0,,1225.0,5730.167995,108112.038587,108112.038501,88.25472530693878,67.915955,5730.167995,163.44629297923322,89.08357319999999,83.6453191111111,26.23234438506188,11.33083804551717,0,3,,False,True,,6397,100.0
267,2026-09-13T21:34:39.309+00:00,2026-09-13T21:34:39.499+00:00,2026-09-13T21:36:15.969+00:00,True,1157,1157.0,,1157.0,189.365945,96660.16940099999,96660.169283,83.54379367588591,67.861245,302.737152,26.570012594934745,86.87906819999998,83.45225212456748,26.39834925927496,11.969770042509674,0,3,,False,True,,4328,100.0
268,2026-09-13T21:34:44.179+00:00,2026-09-13T21:34:44.371+00:00,2026-09-13T21:36:38.865+00:00,True,1384,1384.0,,1384.0,192.30338899999998,114686.867997,114686.868073,82.8662341567919,67.97639500000001,304.0074,24.984097891940763,86.37579715,82.78710383803326,24.81903458396435,12.067641432462896,0,3,,False,True,,8180,100.0
269,2026-09-13T21:34:49.625+00:00,2026-09-13T21:34:49.814+00:00,2026-09-13T21:36:48.592+00:00,True,1447,1447.0,,1447.0,189.507925,118967.076949,118967.07676,82.21636265376641,67.66792600000001,304.926978,24.681173998820846,85.8509994,82.14216391701245,24.5277361645599,12.163028941362615,0,3,,False,True,,7097,100.0
270,2026-09-13T21:34:54.564+00:00,2026-09-13T21:34:54.765+00:00,2026-09-13T21:36:30.210+00:00,True,1134,1134.0,,1134.0,201.613349,95646.26230900001,95646.262302,84.34414665079365,67.70264599999999,304.386119,27.34676884721233,87.2150148,84.24064338923213,27.13571907426749,11.856187294976964,0,3,,False,True,,6162,100.0
271,2026-09-13T21:34:58.044+00:00,2026-09-13T21:34:58.241+00:00,2026-09-13T21:36:31.326+00:00,True,1101,1101.0,,1101.0,196.506878,93281.222142,93281.222169,84.72408916348773,67.971385,304.978328,27.65021798131307,87.43533299999999,84.62246842181818,27.456331701152838,11.803018600292043,0,3,,False,True,,4201,100.0
272,2026-09-13T21:35:01.775+00:00,2026-09-13T21:35:02.017+00:00,2026-09-13T21:36:35.854+00:00,True,1110,1110.0,,1110.0,242.8796,94079.81656,94079.816323,84.75659128198198,70.523609,302.538993,27.74137013443498,86.10173700000001,84.61400988277727,27.343960500592164,11.79849239280872,0,3,,False,True,,3794,100.0
273,2026-09-13T21:35:06.912+00:00,2026-09-13T21:35:07.116+00:00,2026-09-13T21:37:05.544+00:00,True,1395,1395.0,,1395.0,204.02191399999998,118632.56233,118632.562328,85.04126331756272,67.968664,1907.67419,62.771489008136726,86.2207907,84.95591134576757,62.71298614216471,11.758997467487307,0,3,,False,True,,6672,100.0
274,2026-09-13T21:35:11.546+00:00,2026-09-13T21:35:11.744+00:00,2026-09-13T21:37:13.792+00:00,True,1282,1282.0,,1282.0,197.69632800000002,122245.144904,122245.14488200001,95.35502720904836,67.328536,6655.408025000001,238.9562333724834,85.84915805,95.27513550039032,239.03242389618015,10.487124057211139,0,3,,False,True,,4371,100.0
275,2026-09-13T21:35:16.882+00:00,2026-09-13T21:35:17.132+00:00,2026-09-13T21:37:17.564+00:00,True,1182,1182.0,,1182.0,249.978106,120681.689338,120681.689246,102.09956789001691,67.70546499999999,16065.586743,499.4338823665445,86.37209504999998,101.97435328704488,499.6268985655868,9.794360739262657,0,3,,False,True,,5589,100.0
276,2026-09-13T21:35:22.576+00:00,2026-09-13T21:35:22.822+00:00,2026-09-13T21:37:51.327+00:00,True,1405,1405.0,,1405.0,245.27006599999999,148750.500402,148750.500275,105.8722421886121,65.062561,18079.005597,531.4443833499869,86.21437600000002,105.77295607977209,531.6207061076644,9.445346376670805,0,3,,False,True,,4213,100.0
277,2026-09-13T21:35:26.226+00:00,2026-09-13T21:35:27.609+00:00,2026-09-13T21:37:49.100+00:00,True,1266,1266.0,,1266.0,1382.7482420000001,142873.74549,142873.745462,112.8544592906793,67.581925,22765.346385,705.5581505373458,85.84134599999997,111.85059070988143,704.9321437516741,8.860970191956014,0,3,,False,True,,5751,100.0
278,2026-09-13T21:35:29.816+00:00,2026-09-13T21:35:30.588+00:00,2026-09-13T21:38:10.872+00:00,True,1449,1449.0,,1449.0,771.846209,161055.479361,161055.479353,111.14939913940648,67.794475,26075.168045000002,754.1179967985162,93.8275996,110.69311681767955,754.1784176091575,8.996899737587437,0,3,,False,True,,7382,100.0
279,2026-09-13T21:35:33.164+00:00,2026-09-13T21:36:09.128+00:00,2026-09-13T21:37:33.528+00:00,True,1038,1038.0,,1038.0,35964.477858000006,120364.052898,120364.052817,115.95766167341041,67.218725,35964.477858000006,1113.972402333265,85.11765684999999,81.38821122468659,21.823846151976273,8.623837225551314,0,3,,False,True,,4516,100.0
281,2026-09-13T21:35:40.138+00:00,2026-09-13T21:36:09.608+00:00,2026-09-13T21:38:13.359+00:00,True,1433,1433.0,,1433.0,29470.299177,153221.583913,153221.583847,106.92364539218423,65.77455,29470.299177,778.8411448370431,89.62978460000001,86.4184949273743,63.839476290943885,9.352468258086045,0,3,,False,True,,7437,100.0
280,2026-09-13T21:35:36.893+00:00,2026-09-13T21:36:09.610+00:00,2026-09-13T21:38:05.497+00:00,True,1370,1370.0,,1370.0,32716.927753,148603.942921,148603.942971,108.47003136569343,67.67839599999999,32716.927753,882.5355449871255,86.87897530000001,84.65085110883857,39.95084179137897,9.219136269676989,0,3,,False,True,,5715,100.0
282,2026-09-13T21:35:43.534+00:00,2026-09-13T21:36:11.566+00:00,2026-09-13T21:38:06.767+00:00,True,1339,1339.0,,1339.0,28031.289294,143232.598222,143232.598185,106.96982687453323,67.397746,28031.289294,766.822118496128,89.00785610000001,86.099632980568,69.26918277462217,9.34843057112354,0,3,,False,True,,6228,100.0
286,2026-09-13T21:36:02.535+00:00,2026-09-13T21:36:15.144+00:00,2026-09-13T21:37:49.100+00:00,True,1145,1145.0,,1145.0,12609.041626,106564.608986,106564.608853,93.06952738253275,67.603995,12609.041626,371.81240582291474,85.076116,82.12899244755245,34.559838824088544,10.744655386953328,0,3,,False,True,,5688,100.0
284,2026-09-13T21:35:54.579+00:00,2026-09-13T21:36:15.145+00:00,2026-09-13T21:38:16.911+00:00,True,1454,1454.0,,1454.0,20566.195139,142332.645315,142332.64536,97.89040258596974,67.726944,20566.195139,537.9027106032811,87.74587029999999,83.80347568891948,28.38885825353225,10.21550605472213,0,3,,False,True,,3812,100.0
285,2026-09-13T21:35:58.387+00:00,2026-09-13T21:36:15.145+00:00,2026-09-13T21:38:13.519+00:00,True,1404,1404.0,,1404.0,16758.237763,135131.947843,135131.947813,96.24782607763532,68.16546400000001,16758.237763,446.4233047328043,87.24311870000001,84.37185322879544,35.725304491054516,10.389845054488562,0,3,,False,True,,4846,100.0
283,2026-09-13T21:35:49.219+00:00,2026-09-13T21:36:15.146+00:00,2026-09-13T21:38:12.240+00:00,True,1397,1397.0,,1397.0,25927.098074,143020.49045800001,143020.490407,102.37687215962778,65.38924,25927.098074,691.96578784603,86.384189,83.87778824068768,27.22647353253026,9.76783113752675,0,3,,False,True,,4103,100.0
287,2026-09-13T21:36:06.538+00:00,2026-09-13T21:36:16.279+00:00,2026-09-13T21:38:18.955+00:00,True,1469,1469.0,,1469.0,9741.523528000002,132417.12596,132417.125827,90.14099784002723,65.06009,9741.523528000002,253.50653882735696,86.88162400000002,83.56648667029972,27.744229890768718,11.093731187337122,0,3,,False,True,,7592,100.0
288,2026-09-13T21:36:11.320+00:00,2026-09-13T21:36:16.794+00:00,2026-09-13T21:37:46.708+00:00,True,1111,1111.0,,1111.0,5473.879033,95387.349497,95387.349624,85.85720038163817,66.621828,5473.879033,162.8492597881751,84.64876899999999,81.00312654414414,18.514127058774918,11.647246787530685,0,3,,False,True,,6011,100.0
289,2026-09-13T21:36:15.553+00:00,2026-09-13T21:36:16.795+00:00,2026-09-13T21:37:59.270+00:00,True,1238,1238.0,,1238.0,1241.563705,103716.512825,103716.512704,83.77747391276252,67.213859,1241.563705,41.49605821816872,85.80312634999999,82.8415110105093,25.257030369636503,11.936382802311018,0,3,,False,True,,5637,100.0
290,2026-09-13T21:36:20.299+00:00,2026-09-13T21:36:20.518+00:00,2026-09-13T21:38:23.342+00:00,True,1481,1481.0,,1481.0,218.309774,123042.704782,123042.705007,83.08082714854828,67.07842699999999,357.76935499999996,26.46653236940058,86.47966500000001,82.98945608648648,26.240774517646496,12.036471423673193,0,3,,False,True,,4434,100.0
291,2026-09-13T21:36:25.168+00:00,2026-09-13T21:36:25.420+00:00,2026-09-13T21:38:14.471+00:00,True,1301,1301.0,,1301.0,252.216792,109303.423704,109303.423704,84.01492982628747,68.196423,357.386267,27.99219362675509,86.622174,83.88554377846154,27.61103974011865,11.902646375681547,0,3,,False,True,,5334,100.0
292,2026-09-13T21:36:29.095+00:00,2026-09-13T21:36:29.320+00:00,2026-09-13T21:37:55.150+00:00,True,1038,1038.0,,1038.0,224.82211900000001,86054.685799,86054.685816,82.90432159537572,64.618782,357.93147700000003,26.370854293564616,85.72948735,82.76746738669237,26.012177670440995,12.062097378688728,0,3,,False,True,,4171,100.0
293,2026-09-13T21:36:33.258+00:00,2026-09-13T21:36:33.502+00:00,2026-09-13T21:38:13.932+00:00,True,1122,1122.0,,1122.0,243.85548699999998,100673.889151,100673.889068,89.7271738573975,67.918534,4902.778105,149.14531305328182,89.98012665,89.58968212667261,149.14072667070744,11.144895756605973,0,3,,False,True,,5893,100.0
294,2026-09-13T21:36:36.639+00:00,2026-09-13T21:36:36.808+00:00,2026-09-13T21:39:01.783+00:00,True,1455,1455.0,,1455.0,169.606897,145144.08958499998,145144.089558,99.75538801237114,67.34014599999999,24454.162037000002,639.7455857992537,86.1278023,99.70734710316368,639.9630726367724,10.024521178645141,0,3,,False,True,,4099,100.0
295,2026-09-13T21:36:41.491+00:00,2026-09-13T21:36:41.675+00:00,2026-09-13T21:38:54.124+00:00,True,1180,1180.0,,1180.0,183.27645800000002,132632.256938,132632.256716,112.4002175559322,65.49912,31628.511988000002,922.3782222468079,89.7884455,112.34010218829518,922.7673287038659,8.89677991796219,0,3,,False,True,,5286,100.0
296,2026-09-13T21:36:46.936+00:00,2026-09-13T21:36:47.186+00:00,2026-09-13T21:39:06.503+00:00,True,1179,1179.0,,1179.0,250.409825,139566.876257,139566.876278,118.37733356912638,66.08385799999999,41462.097126,1205.3922647386792,86.699685,118.2652516400679,1205.898071865264,8.447563144058455,0,3,,False,True,,6301,100.0
297,2026-09-13T21:36:52.386+00:00,2026-09-13T21:36:52.578+00:00,2026-09-13T21:39:39.029+00:00,True,1451,1451.0,,1451.0,191.41142000000002,166642.85052399998,166642.850575,114.84689908683667,0.016,43940.605446,1151.9578559980985,90.041747,114.7940959337931,1152.3535316932455,8.70724423782601,0,3,,False,True,,3709,100.0
298,2026-09-13T21:36:57.585+00:00,2026-09-13T21:36:57.851+00:00,2026-09-13T21:39:15.380+00:00,True,1088,1088.0,,1088.0,266.849199,137795.536559,137795.536559,126.65030933731617,0.01543,45517.227775,1378.5288024256113,86.67121105,126.52133151793929,1379.1567705898578,7.8957564749141955,0,3,,False,True,,5600,100.0
299,2026-09-13T21:37:01.615+00:00,2026-09-13T21:37:01.820+00:00,2026-09-13T21:39:41.900+00:00,True,1324,1324.0,,1324.0,204.72426199999998,160284.63287,160284.63283,121.06090092900303,0.015470000000000001,45847.404397,1259.1103574919703,93.6770326,120.99766334693878,1259.5843820613934,8.260305284997843,0,3,,False,True,,4107,100.0
301,2026-09-13T21:37:11.513+00:00,2026-09-13T21:37:52.431+00:00,2026-09-13T21:39:58.098+00:00,True,1473,1473.0,,1473.0,40918.186700000006,166585.34471600002,166585.344721,113.09256260760354,0.01557,40918.186700000006,1064.6314486309568,94.1240964,85.37171060869565,38.996582907862305,8.842314445554722,0,3,,False,True,,8064,100.0
300,2026-09-13T21:37:06.749+00:00,2026-09-13T21:37:52.431+00:00,2026-09-13T21:39:31.754+00:00,True,1185,1185.0,,1185.0,45682.259092,145004.780436,145004.780447,122.36690333080169,0.01543,45682.259092,1325.2116745601459,86.012194,83.88726464864865,39.729631590413724,8.172144369564542,0,3,,False,True,,5033,100.0
302,2026-09-13T21:37:15.330+00:00,2026-09-13T21:37:52.433+00:00,2026-09-13T21:39:51.278+00:00,True,1391,1391.0,,1391.0,37103.42045799999,155947.83953,155947.839407,112.11203408123652,0.01601,37103.42045799999,993.387705921431,91.33890449999998,85.49958206618706,41.02071128695355,8.919649058250727,0,3,,False,True,,6468,100.0
305,2026-09-13T21:37:25.401+00:00,2026-09-13T21:37:52.671+00:00,2026-09-13T21:39:56.513+00:00,True,1448,1448.0,,1448.0,27270.532896,151112.431648,151112.431447,104.35941398273481,0.01579,27270.532896,715.5348406426264,91.37310589999998,85.5852790269523,40.21625642702259,9.582269203191426,0,3,,False,True,,6170,100.0
303,2026-09-13T21:37:18.485+00:00,2026-09-13T21:37:52.673+00:00,2026-09-13T21:39:40.304+00:00,True,1272,1272.0,,1272.0,34187.213075,141818.620947,141818.621127,111.4926266721698,0.01581,34187.213075,957.0414746742257,87.05772605,84.68246095357986,40.437334845123104,8.969202996800878,0,3,,False,True,,6500,100.0
304,2026-09-13T21:37:22.165+00:00,2026-09-13T21:37:52.674+00:00,2026-09-13T21:39:32.537+00:00,True,1191,1191.0,,1191.0,30509.165149999997,130371.938654,130371.938496,109.4642640604534,0.015470000000000001,30509.165149999997,882.5102304104036,86.29554049999999,83.91829706218488,39.79046385229126,9.135401469796726,0,3,,False,True,,6744,100.0
306,2026-09-13T21:37:30.866+00:00,2026-09-13T21:37:53.157+00:00,2026-09-13T21:39:51.965+00:00,True,1392,1392.0,,1392.0,22290.324386999997,141098.507683,141098.50764999999,101.36387043821838,0.01504,22290.324386999997,596.5469711890338,92.60428564999998,85.4120656333573,40.75604213931558,9.865448067865799,0,3,,False,True,,4528,100.0
307,2026-09-13T21:37:35.844+00:00,2026-09-13T21:37:53.747+00:00,2026-09-13T21:39:52.936+00:00,True,1373,1373.0,,1373.0,17903.381448,137091.92903200001,137091.928934,99.84845515950474,0.015359999999999999,17903.381448,484.062884051193,94.24234,86.8721192303207,55.911923217054145,10.015177477585235,0,3,,False,True,,6497,100.0
308,2026-09-13T21:37:39.733+00:00,2026-09-13T21:37:53.749+00:00,2026-09-13T21:39:21.161+00:00,True,1015,1015.0,,1015.0,14015.779950999999,101428.36055900001,101428.360487,99.92941919901477,0.01566,14015.779950999999,443.09415541107006,86.04160030000001,86.20570079684418,71.91644975969332,10.00706305816294,0,3,,False,True,,2419,100.0
309,2026-09-13T21:37:43.940+00:00,2026-09-13T21:37:53.749+00:00,2026-09-13T21:39:43.515+00:00,True,1213,1213.0,,1213.0,9809.145266000001,119575.123378,119575.123309,98.57800767436109,0.0155,9809.145266000001,328.3841414946449,89.57496220000002,90.56598854125411,173.19194582495018,10.144250457224897,0,3,,False,True,,5109,100.0
310,2026-09-13T21:37:47.454+00:00,2026-09-13T21:37:59.611+00:00,2026-09-13T21:39:57.882+00:00,True,1367,1367.0,,1367.0,12156.737804,130427.636748,130427.63669300001,95.41158499853694,0.0157,12156.737804,335.7664796515478,87.841348,86.58191723572475,78.53774730005755,10.480907529139616,0,3,,False,True,,3232,100.0
311,2026-09-13T21:37:51.583+00:00,2026-09-13T21:37:59.611+00:00,2026-09-13T21:39:51.883+00:00,True,1281,1281.0,,1281.0,8027.990362,120299.685978,120299.685804,93.91076175175644,0.015460000000000002,8027.990362,243.0108637633091,87.293493,87.7122622,99.21773625151249,10.648406848163052,0,3,,False,True,,6515,100.0
312,2026-09-13T21:37:56.502+00:00,2026-09-13T21:38:00.781+00:00,2026-09-13T21:40:01.625+00:00,True,1385,1385.0,,1385.0,4279.069329,125122.885521,125122.88561,90.3414336534296,0.01548,4696.463423,171.9013340194171,88.9898696,87.31489609248554,129.90673302697917,11.069118125217377,0,3,,False,True,,5389,100.0
313,2026-09-13T21:38:00.558+00:00,2026-09-13T21:38:01.121+00:00,2026-09-13T21:39:29.324+00:00,True,1016,1016.0,,1016.0,563.493614,88766.68055800001,88766.680598,87.36878011614174,0.016239999999999997,5200.119945,165.6952673823598,85.3481995,86.89969157044335,165.1006164743197,11.44573609842431,0,3,,False,True,,5008,100.0
314,2026-09-13T21:38:04.644+00:00,2026-09-13T21:38:07.293+00:00,2026-09-13T21:40:11.234+00:00,True,1486,1486.0,,1486.0,2648.618291,126590.332211,126590.332414,85.188649,0.016030000000000003,2648.618291,78.94405337148096,86.9339835,83.46243361616162,42.48962208458672,11.738653134452196,0,3,,False,True,,5237,100.0
315,2026-09-13T21:38:08.425+00:00,2026-09-13T21:38:09.538+00:00,2026-09-13T21:39:42.741+00:00,True,1106,1106.0,,1106.0,1113.049375,94316.155935,94316.155816,85.27681357685353,0.015470000000000001,1113.049375,55.95249206366101,85.83666875,84.34670276923077,46.645928011251144,11.726516936952176,0,3,,False,True,,6515,100.0
316,2026-09-13T21:38:13.320+00:00,2026-09-13T21:38:13.522+00:00,2026-09-13T21:40:29.476+00:00,True,1407,1407.0,,1407.0,202.113537,136155.890433,136155.890634,96.77035581663112,65.918949,9245.400312000002,307.5758993796909,87.98360430000001,96.69543164722617,307.6724951520511,10.33374314930841,0,3,,False,True,,7620,100.0
317,2026-09-13T21:38:17.798+00:00,2026-09-13T21:38:18.035+00:00,2026-09-13T21:40:39.926+00:00,True,1229,1229.0,,1229.0,237.11007199999997,142128.30981600002,142128.309708,115.64549203254678,65.651369,25151.707012,741.5885484574728,91.85146939999998,115.5465795960912,741.8825771534513,8.647116127610813,0,3,,False,True,,4128,100.0
318,2026-09-13T21:38:21.505+00:00,2026-09-13T21:38:21.728+00:00,2026-09-13T21:40:52.463+00:00,True,1271,1271.0,,1271.0,222.79009299999998,150958.21895699998,150958.21901,118.77121873328089,66.84890700000001,46992.840577,1316.035096758381,86.55972449999999,118.68931406614173,1316.5502899203052,8.419548195398626,0,3,,False,True,,4963,100.0
319,2026-09-13T21:38:26.572+00:00,2026-09-13T21:38:26.796+00:00,2026-09-13T21:40:53.819+00:00,True,1173,1173.0,,1173.0,223.677571,147246.146691,147246.146883,125.52953698465474,64.72605200000001,50750.779476,1479.5960808956995,86.299627,125.44579276450511,1480.224928539124,7.966252607353943,0,3,,False,True,,5919,100.0
320,2026-09-13T21:38:31.196+00:00,2026-09-13T21:38:31.407+00:00,2026-09-13T21:41:14.978+00:00,True,1336,1336.0,,1336.0,211.252307,163782.650963,163782.651033,122.59180466541916,68.616243,52084.404508,1422.962049171138,86.34684499999999,122.52539225168539,1423.4932212320916,8.157152129023817,0,3,,False,True,,6432,100.0
321,2026-09-13T21:38:36.103+00:00,2026-09-13T21:38:36.346+00:00,2026-09-13T21:41:22.495+00:00,True,1320,1320.0,,1320.0,243.22234899999998,166392.161869,166392.161842,126.05466806212122,63.942693,54266.864722000006,1491.7904593941246,86.7250175,125.96583739196362,1492.3527869759307,7.933065988043545,0,3,,False,True,,5298,100.0
322,2026-09-13T21:38:40.062+00:00,2026-09-13T21:38:40.314+00:00,2026-09-13T21:41:42.274+00:00,True,1466,1466.0,,1466.0,251.486291,182211.638355,182211.638489,124.2917042899045,68.231804,55868.76384000001,1457.281375990542,95.84303700000001,124.20488195494882,1457.7752050908061,8.045589256729123,0,3,,False,True,,5640,100.0
323,2026-09-13T21:38:44.252+00:00,2026-09-13T21:39:39.028+00:00,2026-09-13T21:41:27.481+00:00,True,1271,1271.0,,1271.0,54776.240371,163229.484787,163229.484688,128.4260304390244,67.921445,54776.240371,1534.3822300481384,87.1342735,85.3962554456693,31.54188323776356,7.78658342062736,0,3,,False,True,,4933,100.0
324,2026-09-13T21:38:49.822+00:00,2026-09-13T21:39:39.028+00:00,2026-09-13T21:41:28.760+00:00,True,1283,1283.0,,1283.0,49206.452965000004,158938.15882100002,158938.158893,123.88009266796571,65.670559,49206.452965000004,1371.7372758863685,91.0230273,85.59415433385335,32.02788376409754,8.072322024599174,0,3,,False,True,,7097,100.0
326,2026-09-13T21:38:56.744+00:00,2026-09-13T21:39:39.407+00:00,2026-09-13T21:41:44.693+00:00,True,1462,1462.0,,1462.0,42663.137103,167949.248335,167949.248276,114.87636680984953,68.607163,42663.137103,1113.9688271730154,97.78854865000001,85.7536695633128,30.967000073013477,8.705010677295924,0,3,,False,True,,5682,100.0
327,2026-09-13T21:39:02.108+00:00,2026-09-13T21:39:39.408+00:00,2026-09-13T21:41:24.915+00:00,True,1235,1235.0,,1235.0,37299.322896,142806.899728,142806.899704,115.63311716923077,67.25012600000001,37299.322896,1059.6752032568015,87.0568077,85.50046744894652,39.518674314723384,8.648041532672913,0,3,,False,True,,5801,100.0
325,2026-09-13T21:38:52.999+00:00,2026-09-13T21:39:39.408+00:00,2026-09-13T21:41:44.538+00:00,True,1460,1460.0,,1460.0,46409.251907,171539.842883,171539.842983,117.49304313904109,68.619913,46409.251907,1212.7360918528734,94.46149795000001,85.76462712542838,30.96147875846828,8.511142224817144,0,3,,False,True,,7775,100.0
329,2026-09-13T21:39:12.107+00:00,2026-09-13T21:39:40.648+00:00,2026-09-13T21:41:41.698+00:00,True,1413,1413.0,,1413.0,28540.178772,149590.251092,149590.25101,105.86712739561217,65.815669,28540.178772,757.6212471806873,91.27594079999999,85.72951297450425,31.399408597559663,9.445802715652816,0,3,,False,True,,5713,100.0
328,2026-09-13T21:39:06.966+00:00,2026-09-13T21:39:40.648+00:00,2026-09-13T21:41:29.032+00:00,True,1271,1271.0,,1271.0,33682.060766,142065.453534,142065.453442,111.77455030841857,67.816485,33682.060766,942.889369341515,90.73090049999999,85.34125414803151,31.130155669445344,8.946580385187143,0,3,,False,True,,5350,100.0
331,2026-09-13T21:39:21.270+00:00,2026-09-13T21:39:41.071+00:00,2026-09-13T21:41:08.955+00:00,True,1057,1057.0,,1057.0,19801.253965999997,107685.422158,107685.42213199999,101.87835584862819,67.80996400000001,19801.253965999997,607.6440179672924,86.11508599999999,83.22364412121212,37.39524338101856,9.815627582804392,0,3,,False,True,,4593,100.0
330,2026-09-13T21:39:17.568+00:00,2026-09-13T21:39:41.073+00:00,2026-09-13T21:41:21.061+00:00,True,1193,1193.0,,1193.0,23504.78952,123492.599824,123492.599735,103.5143333906119,67.488885,23504.78952,678.648067340539,86.9743476,83.88239119463087,27.67570415445515,9.660497889754103,0,3,,False,True,,4738,100.0
332,2026-09-13T21:39:26.408+00:00,2026-09-13T21:39:42.245+00:00,2026-09-13T21:41:27.950+00:00,True,1240,1240.0,,1240.0,15837.383749,121541.902917,121541.902955,98.01766367338709,68.684523,15837.383749,448.63701299925987,88.06053545,85.31438189507668,34.251146812249516,10.202242767638632,0,3,,False,True,,7010,100.0
335,2026-09-13T21:39:40.336+00:00,2026-09-13T21:39:43.177+00:00,2026-09-13T21:41:24.574+00:00,True,1168,1168.0,,1168.0,2840.687594,104238.613738,104238.613857,89.24538857619864,68.904212,3379.304379,128.917289429152,87.09047034999999,86.88768307112254,100.6762334127645,11.205060755467509,0,3,,False,True,,4573,100.0
334,2026-09-13T21:39:35.010+00:00,2026-09-13T21:39:43.179+00:00,2026-09-13T21:41:20.104+00:00,True,1150,1150.0,,1150.0,8168.309939000001,105093.309107,105093.309156,91.38548622260869,68.19695399999999,8168.309939000001,243.77124110213686,86.59133200000001,84.35596098172323,50.99336159928443,10.942656671217154,0,3,,False,True,,5321,100.0
333,2026-09-13T21:39:31.407+00:00,2026-09-13T21:39:43.180+00:00,2026-09-13T21:41:07.264+00:00,True,1020,1020.0,,1020.0,11773.050866,95857.063922,95857.064055,93.97751377941177,69.36715099999999,11773.050866,367.67215836487065,86.24764800000001,82.51620515799804,34.57115308199234,10.640843337638485,0,3,,False,True,,4530,100.0
336,2026-09-13T21:39:44.556+00:00,2026-09-13T21:39:45.722+00:00,2026-09-13T21:41:35.246+00:00,True,1160,1160.0,,1160.0,1165.765012,110689.99848400001,110689.998385,95.42241240086207,66.676517,6171.602037,224.0968136954201,96.2746004,94.4989072234685,221.9742632151369,10.479718275248466,0,3,,False,True,,4714,100.0
337,2026-09-13T21:39:47.917+00:00,2026-09-13T21:39:52.170+00:00,2026-09-13T21:41:41.948+00:00,True,1099,1099.0,,1099.0,4252.797917999999,114030.433246,114030.433238,103.7583559945405,69.052972,13960.490929,441.70883385013553,94.9148625,99.97963144626594,423.7663146792976,9.637777992381267,0,3,,False,True,,5106,100.0
338,2026-09-13T21:39:51.812+00:00,2026-09-13T21:39:52.170+00:00,2026-09-13T21:42:13.952+00:00,True,1383,1383.0,,1383.0,357.62782400000003,142139.21118399999,142139.211205,102.77600231742589,65.099551,25011.091993000002,671.3935938549924,90.7723775,102.59159432706224,671.6015931294429,9.729897812713334,0,3,,False,True,,6843,100.0
339,2026-09-13T21:39:57.227+00:00,2026-09-13T21:39:57.423+00:00,2026-09-13T21:42:15.935+00:00,True,1259,1259.0,,1259.0,196.388849,138708.59364900002,138708.593605,110.17362478554408,68.860342,31522.931642,887.1169676729204,94.1511197,110.10509125596185,887.4664287048215,9.076582545317128,0,3,,False,True,,6190,100.0
340,2026-09-13T21:40:01.069+00:00,2026-09-13T21:40:01.326+00:00,2026-09-13T21:42:29.531+00:00,True,1285,1285.0,,1285.0,257.675007,148462.773503,148462.773496,115.535232292607,67.848574,39608.359159,1103.0155181347704,87.9587252,115.42453153894081,1103.4381515020389,8.65536841108545,0,3,,False,True,,6702,100.0
341,2026-09-13T21:40:06.203+00:00,2026-09-13T21:40:06.434+00:00,2026-09-13T21:42:32.120+00:00,True,1203,1203.0,,1203.0,230.578676,145916.166644,145916.166432,121.29357143142144,69.89811,43904.351024999996,1263.6682476723379,88.23828099999999,121.20265221963393,1264.1902905197405,8.244460005141361,0,3,,False,True,,3740,100.0
342,2026-09-13T21:40:09.300+00:00,2026-09-13T21:40:09.519+00:00,2026-09-13T21:42:35.945+00:00,True,1135,1135.0,,1135.0,218.384193,146645.188161,146645.188311,129.2028090845815,69.586701,47131.95205,1397.7718205490712,91.7621394,129.12416575661376,1398.3860124559303,7.739769809248,0,3,,False,True,,5246,100.0
343,2026-09-13T21:40:14.174+00:00,2026-09-13T21:40:14.381+00:00,2026-09-13T21:43:17.178+00:00,True,1471,1471.0,,1471.0,206.69933699999999,183004.155465,183004.15562,124.40799158395649,69.203572,48912.969903,1279.347807916214,102.68728000000002,124.35201097142857,1279.7813756241012,8.038068842001419,0,3,,False,True,,5542,100.0
344,2026-09-13T21:40:17.330+00:00,2026-09-13T21:40:17.519+00:00,2026-09-13T21:42:52.907+00:00,True,1168,1168.0,,1168.0,189.31269500000002,155577.469111,155577.46920300002,133.19988801626712,69.95716,56218.933090000006,1642.6874525557291,87.72424084999999,133.15180498371893,1643.3908877982649,7.507513823654413,0,3,,False,True,,4885,100.0
345,2026-09-13T21:40:22.875+00:00,2026-09-13T21:40:23.143+00:00,2026-09-13T21:43:22.708+00:00,True,1410,1410.0,,1410.0,267.689787,179832.622651,179832.622856,127.54086727375886,69.9447,57053.098463,1517.3819670232544,102.98689585,127.44140018736694,1517.916116897736,7.840624127116123,0,3,,False,True,,7949,100.0
346,2026-09-13T21:40:27.832+00:00,2026-09-13T21:41:23.702+00:00,2026-09-13T21:43:03.178+00:00,True,1145,1145.0,,1145.0,55869.929858,155345.474434,155345.474329,135.6729033441048,71.180848,55869.929858,1648.8167006286285,102.01805339999999,86.95414735664336,30.333640767452202,7.370668532004542,0,3,,False,True,,5607,100.0
347,2026-09-13T21:40:33.449+00:00,2026-09-13T21:41:24.002+00:00,2026-09-13T21:43:16.302+00:00,True,1285,1285.0,,1285.0,50553.01276,162852.58677599998,162852.586776,126.73353056498054,70.486059,50553.01276,1408.1498609762123,104.461678,87.46072742679128,31.03370539828445,7.890571623326366,0,3,,False,True,,6105,100.0
349,2026-09-13T21:40:42.952+00:00,2026-09-13T21:41:24.004+00:00,2026-09-13T21:43:02.615+00:00,True,1134,1134.0,,1134.0,41051.814816,139662.956192,139662.95616,123.15957333333333,70.152279,41051.814816,1217.0172790233194,100.057081,87.0354292815534,36.257756438548256,8.119547451373196,0,3,,False,True,,4362,100.0
348,2026-09-13T21:40:38.916+00:00,2026-09-13T21:41:24.006+00:00,2026-09-13T21:43:11.653+00:00,True,1226,1226.0,,1226.0,45089.553115,152737.295067,152737.295108,124.58180677650897,71.135318,45089.553115,1285.7219654498804,103.75422724999999,87.87570771591837,35.29819268092813,8.026854210441535,0,3,,False,True,,6751,100.0
350,2026-09-13T21:40:46.267+00:00,2026-09-13T21:41:24.913+00:00,2026-09-13T21:43:13.704+00:00,True,1245,1245.0,,1245.0,38646.2429,147436.60526799998,147436.605355,118.42297618875502,68.507093,38646.2429,1093.2377320783169,103.72306400000001,87.45205978135048,31.119642412248076,8.444307285405316,0,3,,False,True,,5581,100.0
351,2026-09-13T21:40:49.919+00:00,2026-09-13T21:41:24.916+00:00,2026-09-13T21:42:54.646+00:00,True,1051,1051.0,,1051.0,34996.052859999996,124726.801788,124726.801801,118.67440704186488,70.64519800000001,34996.052859999996,1077.1756123898883,88.4328805,85.45785612190475,26.42742807309272,8.42641665571126,0,3,,False,True,,4887,100.0
353,2026-09-13T21:40:58.562+00:00,2026-09-13T21:41:25.222+00:00,2026-09-13T21:43:09.229+00:00,True,1186,1186.0,,1186.0,26660.08396,130667.261432,130667.261643,110.17475686593592,70.579049,26660.08396,772.6740867695092,101.49720975,87.7697700185654,40.91836255643421,9.076489298103192,0,3,,False,True,,4221,100.0
352,2026-09-13T21:40:54.077+00:00,2026-09-13T21:41:25.222+00:00,2026-09-13T21:42:59.808+00:00,True,1095,1095.0,,1095.0,31145.312701000003,125730.99308500001,125730.99309,114.82282473972603,70.31965,31145.312701000003,939.1255881436217,98.1085951,86.45857439122486,31.570041941958408,8.709069841353507,0,3,,False,True,,5234,100.0
354,2026-09-13T21:41:01.822+00:00,2026-09-13T21:41:26.310+00:00,2026-09-13T21:43:02.534+00:00,True,1111,1111.0,,1111.0,24488.481233,120712.483537,120712.483691,108.6521005319532,68.636263,24488.481233,732.9671139182519,98.20728500000001,86.68829036396396,35.85531172702015,9.203687700282163,0,3,,False,True,,4524,100.0
355,2026-09-13T21:41:07.381+00:00,2026-09-13T21:41:27.401+00:00,2026-09-13T21:43:15.892+00:00,True,1247,1247.0,,1247.0,20019.996396000002,128511.650028,128511.650041,103.05665600721733,68.47596300000001,20019.996396000002,565.2714521451718,102.9196773,87.07195315569824,30.177334044976575,9.703400428897341,0,3,,False,True,,5086,100.0
357,2026-09-13T21:41:16.739+00:00,2026-09-13T21:41:27.867+00:00,2026-09-13T21:42:56.672+00:00,True,1040,1040.0,,1040.0,11128.029458,99932.147474,99932.147464,96.08860333076923,69.62625100000001,11128.029458,343.4097487077755,89.05465389999999,85.4707584369586,26.129240549720603,10.407061454078965,0,3,,False,True,,5584,100.0
356,2026-09-13T21:41:12.744+00:00,2026-09-13T21:41:27.868+00:00,2026-09-13T21:43:13.208+00:00,True,1212,1212.0,,1212.0,15124.809965,120464.38730900001,120464.387233,99.39305877310231,68.849722,15124.809965,432.97921537875044,101.84849249999999,86.98561300082577,29.84535665751238,10.061064743484154,0,3,,False,True,,5178,100.0
358,2026-09-13T21:41:21.586+00:00,2026-09-13T21:41:27.870+00:00,2026-09-13T21:43:01.812+00:00,True,1092,1092.0,,1092.0,6284.089677,100225.957197,100225.957135,91.78201202838828,70.872828,6284.089677,190.28569413172818,91.38459115000002,86.10620304307974,32.1094989393761,10.895381102258868,0,3,,False,True,,5169,100.0
359,2026-09-13T21:41:26.144+00:00,2026-09-13T21:41:28.175+00:00,2026-09-13T21:43:06.576+00:00,True,1061,1061.0,,1061.0,2030.784689,100431.80100899999,100431.80089299999,94.65768227426956,65.977739,5634.221468999999,187.9995747729907,100.118405,92.83114747169812,178.42122580128995,10.564382888094586,0,3,,False,True,,3784,100.0
360,2026-09-13T21:41:29.386+00:00,2026-09-13T21:41:29.606+00:00,2026-09-13T21:43:50.466+00:00,True,1494,1494.0,,1494.0,220.661317,141080.339269,141080.339403,94.43128474096386,65.881299,9424.796788000001,252.16080655790356,100.78982795,94.34673673945076,252.22411044395275,10.589710853695694,0,3,,False,True,,7555,100.0
361,2026-09-13T21:41:33.845+00:00,2026-09-13T21:41:34.076+00:00,2026-09-13T21:43:44.033+00:00,True,1105,1105.0,,1105.0,231.444884,130188.350868,130188.351069,117.81751227963801,67.407636,32618.655504000002,983.6091265038101,99.92803220000002,117.71458875362319,984.048951378142,8.487702568107471,0,3,,False,True,,5244,100.0
362,2026-09-13T21:41:37.393+00:00,2026-09-13T21:41:39.426+00:00,2026-09-13T21:43:54.489+00:00,True,1165,1165.0,,1165.0,2033.9023430000002,137096.70784699998,137096.707818,117.67957752618025,67.366096,34601.268676,1013.9234741849406,100.99834800000001,116.03333806185567,1012.8004663950659,8.49765117117284,0,3,,False,True,,5438,100.0
363,2026-09-13T21:41:42.647+00:00,2026-09-13T21:41:42.890+00:00,2026-09-13T21:44:10.776+00:00,True,1291,1291.0,,1291.0,243.740028,148129.066364,148129.066231,114.73978794035631,69.87982099999999,37548.781730999995,1043.570337323279,92.6135965,114.63978785736434,1043.968871887433,8.71537255779095,0,3,,False,True,,6799,100.0
364,2026-09-13T21:41:48.073+00:00,2026-09-13T21:41:48.299+00:00,2026-09-13T21:44:13.620+00:00,True,1185,1185.0,,1185.0,226.53652499999998,145546.718285,145546.718204,122.82423477130801,69.204812,39921.424477,1166.5092072688267,97.3210414,122.73664,1166.9982322478545,8.14171569076268,0,3,,False,True,,7262,100.0
365,2026-09-13T21:41:52.248+00:00,2026-09-13T21:41:52.488+00:00,2026-09-13T21:44:51.827+00:00,True,1497,1497.0,,1497.0,240.19267499999998,179579.708067,179579.708143,119.95972487842351,70.77697900000001,50125.980314,1293.7202892669939,100.92119999999998,119.87935520855615,1294.1491635238713,8.336131159326081,0,3,,False,True,,1518,100.0
366,2026-09-13T21:41:56.283+00:00,2026-09-13T21:41:56.520+00:00,2026-09-13T21:44:53.026+00:00,True,1420,1420.0,,1420.0,236.944323,176742.527683,176742.527702,124.46656880422536,68.89037300000001,53140.684306,1408.306275666192,102.73179844999999,124.38730328400283,1408.7996009623987,8.034285910784691,0,3,,False,True,,3495,100.0
367,2026-09-13T21:41:59.387+00:00,2026-09-13T21:41:59.635+00:00,2026-09-13T21:44:45.421+00:00,True,1286,1286.0,,1286.0,247.654329,166034.282425,166034.282286,129.1090842037325,69.320712,54617.95807,1521.170173503081,98.849746,129.01683120311284,1521.7588174500652,7.745388369302009,0,3,,False,True,,6988,100.0
368,2026-09-13T21:42:04.912+00:00,2026-09-13T21:42:05.558+00:00,2026-09-13T21:45:07.490+00:00,True,1428,1428.0,,1428.0,646.156806,182578.012422,182578.012237,127.8557508662465,66.80084699999999,57037.405907,1507.4816071133723,103.250786,127.4925407259986,1507.9475793889853,7.8213141936248345,0,3,,False,True,,7100,100.0
369,2026-09-13T21:42:08.470+00:00,2026-09-13T21:43:03.094+00:00,2026-09-13T21:45:08.610+00:00,True,1435,1435.0,,1435.0,54623.746708,180139.74952399998,180139.74941,125.53292641811846,70.21861,54623.746708,1440.0405098087954,102.8375677,87.52859331659693,33.239086638590756,7.966037500284273,0,3,,False,True,,2109,100.0
370,2026-09-13T21:42:11.931+00:00,2026-09-13T21:43:03.094+00:00,2026-09-13T21:44:58.185+00:00,True,1323,1323.0,,1323.0,51162.637794,166253.550818,166253.550804,125.66405956462586,70.653719,51162.637794,1404.5970034273364,101.7535312,87.05817929198184,32.80005852693467,7.957724773339163,0,3,,False,True,,7330,100.0
371,2026-09-13T21:42:17.503+00:00,2026-09-13T21:43:03.497+00:00,2026-09-13T21:44:31.608+00:00,True,1033,1033.0,,1033.0,45994.554546,134104.836018,134104.836127,129.82075133301066,66.552947,45994.554546,1429.0115515820733,87.61296,85.37817972093023,41.879120235770046,7.702928773287096,0,3,,False,True,,5287,100.0
372,2026-09-13T21:42:21.341+00:00,2026-09-13T21:43:03.499+00:00,2026-09-13T21:44:51.906+00:00,True,1228,1228.0,,1228.0,42157.473367,150565.058647,150565.05873699998,122.60998268485342,70.21417,42157.473367,1201.977652001793,101.612638,88.35174024449877,59.48945686245126,8.155942760126356,0,3,,False,True,,3682,100.0
373,2026-09-13T21:42:25.694+00:00,2026-09-13T21:43:05.420+00:00,2026-09-13T21:44:35.162+00:00,True,1029,1029.0,,1029.0,39726.070806,129467.41173400001,129467.41178200001,125.8186703420797,67.894284,39726.070806,1237.4236625170427,86.93101999999999,87.29702424902723,65.35029574423696,7.94794602146024,0,3,,False,True,,5018,100.0
375,2026-09-13T21:42:34.786+00:00,2026-09-13T21:43:09.227+00:00,2026-09-13T21:45:07.567+00:00,True,1356,1356.0,,1356.0,34440.229901,152780.339981,152780.340088,112.66986732153393,69.305611,34440.229901,933.4886754372691,101.79868175,87.33587459778597,33.25595821054063,8.875487514745904,0,3,,False,True,,1424,100.0
374,2026-09-13T21:42:29.316+00:00,2026-09-13T21:43:09.227+00:00,2026-09-13T21:45:00.233+00:00,True,1280,1280.0,,1280.0,39910.787979999994,150916.58151599998,150916.58138299998,117.90357920546874,68.87817299999999,39910.787979999994,1113.5689384363636,101.44658240000001,86.7910817326036,31.820836275365778,8.481506718095758,0,3,,False,True,,5738,100.0
377,2026-09-13T21:42:43.215+00:00,2026-09-13T21:43:09.570+00:00,2026-09-13T21:45:19.229+00:00,True,1500,1500.0,,1500.0,26354.751814,156014.669894,156014.669948,104.00977996533334,0.01541,26354.751814,679.6716085041704,99.36686445,86.49761046030687,44.05304508778675,9.614480490963672,0,3,,False,True,,6147,100.0
378,2026-09-13T21:42:47.010+00:00,2026-09-13T21:43:09.570+00:00,2026-09-13T21:45:17.159+00:00,True,1469,1469.0,,1469.0,22560.421204,150149.130324,150149.130426,102.21179743090538,69.83005,22560.421204,587.3588786700476,100.4858768,86.91328959128066,34.35288643940341,9.78360645066749,0,3,,False,True,,7173,100.0
376,2026-09-13T21:42:39.287+00:00,2026-09-13T21:43:09.573+00:00,2026-09-13T21:44:58.101+00:00,True,1257,1257.0,,1257.0,30286.230571,138814.390571,138814.390542,110.43308714558472,69.038843,30286.230571,852.3570975677881,99.53519479999999,86.40777070063695,30.87200276851654,9.055257130254638,0,3,,False,True,,1670,100.0
380,2026-09-13T21:42:55.895+00:00,2026-09-13T21:43:10.387+00:00,2026-09-13T21:45:14.316+00:00,True,1420,1420.0,,1420.0,14491.716381999999,138420.87043,138420.870274,97.4794861084507,68.977462,14491.716381999999,384.617175422737,100.538606,87.33555605919662,42.598325859291236,10.25856863628162,0,3,,False,True,,7001,100.0
379,2026-09-13T21:42:52.040+00:00,2026-09-13T21:43:10.388+00:00,2026-09-13T21:45:09.946+00:00,True,1371,1371.0,,1371.0,18348.519578000003,137906.096794,137906.096888,100.58796271918308,70.15471000000001,18348.519578000003,494.536597815634,102.08008099999999,87.26830453722627,36.521176685751705,9.941547414310179,0,3,,False,True,,5984,100.0
381,2026-09-13T21:42:59.626+00:00,2026-09-13T21:43:11.649+00:00,2026-09-13T21:45:02.904+00:00,True,1284,1284.0,,1284.0,12023.010121,123278.204233,123278.204118,96.01106239719626,67.29217600000001,12023.010121,334.62504091021856,100.57613565000001,86.71488239438816,31.82384850792322,10.415466448336613,0,3,,False,True,,6094,100.0
383,2026-09-13T21:43:10.488+00:00,2026-09-13T21:43:11.937+00:00,2026-09-13T21:45:23.833+00:00,True,1420,1420.0,,1420.0,1448.3353570000002,133344.41113300002,133344.41106,93.90451483098592,0.01526,9705.891362,261.4088419123681,97.35038845,92.95001816490486,259.0138028194948,10.649115234261055,0,3,,False,True,,7392,100.0
382,2026-09-13T21:43:04.757+00:00,2026-09-13T21:43:11.937+00:00,2026-09-13T21:44:55.365+00:00,True,1205,1205.0,,1205.0,7179.6136480000005,110608.391632,110608.391535,91.79119629460581,70.923828,7179.6136480000005,206.50731541371056,98.1595076,85.90430065116279,29.767099271244227,10.894290950447044,0,3,,False,True,,4417,100.0
384,2026-09-13T21:43:13.698+00:00,2026-09-13T21:43:13.974+00:00,2026-09-13T21:45:24.306+00:00,True,1274,1274.0,,1274.0,276.55999699999995,130608.574333,130608.574241,102.51850411381476,0.01645,14416.162221,411.86785311725544,99.62742965,102.38178659544383,412.00079984203785,9.754336623810056,0,3,,False,True,,5808,100.0
385,2026-09-13T21:43:17.243+00:00,2026-09-13T21:43:17.439+00:00,2026-09-13T21:46:01.801+00:00,True,1466,1466.0,,1466.0,195.453671,164557.517287,164557.517173,112.24932958594816,0.01515,39311.328771,1025.3012516270937,87.15533299999998,112.19253489146757,1025.6490560717532,8.908739170166209,0,3,,False,True,,7674,100.0
386,2026-09-13T21:43:22.631+00:00,2026-09-13T21:43:22.879+00:00,2026-09-13T21:45:34.119+00:00,True,1035,1035.0,,1035.0,248.309518,131488.499982,131488.500155,127.04202913526571,0.01577,42449.003098,1317.6268729301246,91.23314,126.92474899806577,1318.2590783242765,7.871410808866823,0,3,,False,True,,4537,100.0
387,2026-09-13T21:43:26.781+00:00,2026-09-13T21:43:26.987+00:00,2026-09-13T21:45:53.449+00:00,True,1140,1140.0,,1140.0,205.658939,146667.640123,146667.639942,128.65582451052632,0.01557,47248.445406000006,1398.0741922088414,87.57635445,128.58821877436347,1398.686462314748,7.772675683906559,0,3,,False,True,,4665,100.0
388,2026-09-13T21:43:31.718+00:00,2026-09-13T21:43:31.896+00:00,2026-09-13T21:45:57.774+00:00,True,1081,1081.0,,1081.0,178.078818,146056.467554,146056.467562,135.11236592229417,0.015300000000000001,52105.998708,1582.9790401386713,87.596952,135.07258216296296,1583.7118660586762,7.4012470526191025,0,3,,False,True,,4844,100.0
389,2026-09-13T21:43:37.127+00:00,2026-09-13T21:43:37.344+00:00,2026-09-13T21:46:40.795+00:00,True,1458,1458.0,,1458.0,217.168884,183668.12824400002,183668.128156,125.97265305624143,0.01548,54341.859907,1422.4149222346273,87.70701865,125.91006133150309,1422.9012946565035,7.93823084026354,0,3,,False,True,,3764,100.0
390,2026-09-13T21:43:40.535+00:00,2026-09-13T21:43:40.773+00:00,2026-09-13T21:46:40.797+00:00,True,1367,1367.0,,1367.0,238.01827,180261.824734,180261.824745,131.8667335369422,0.01541,55255.558469999996,1495.3946631113156,86.49683700000001,131.7890237657394,1495.9395634042976,7.583413748402847,0,3,,False,True,,6537,100.0
391,2026-09-13T21:43:44.089+00:00,2026-09-13T21:43:44.405+00:00,2026-09-13T21:46:47.749+00:00,True,1406,1406.0,,1406.0,316.32160200000004,183659.600962,183659.601015,130.62560527382647,0.01514,62972.249575999995,1677.69475011833,86.69827400000003,130.49343726690392,1678.2847916879641,7.655466921606281,0,3,,False,True,,5580,100.0
392,2026-09-13T21:43:49.562+00:00,2026-09-13T21:44:48.346+00:00,2026-09-13T21:46:38.501+00:00,True,1263,1263.0,,1263.0,58783.921381,168938.660837,168938.660855,133.7598264885194,0.01604,58783.921381,1652.4063428456452,86.9022849,87.28584742947702,50.818880076154116,7.4760862536882655,0,3,,False,True,,5730,100.0
393,2026-09-13T21:43:55.248+00:00,2026-09-13T21:44:50.929+00:00,2026-09-13T21:46:49.726+00:00,True,1399,1399.0,,1399.0,55680.932608,174477.865728,174477.86558800002,124.71612979842745,0.015470000000000001,55680.932608,1486.9998971880848,86.29625100000001,84.97634701001431,42.41166817716403,8.018209038508946,0,3,,False,True,,6889,100.0
394,2026-09-13T21:44:00.625+00:00,2026-09-13T21:44:50.929+00:00,2026-09-13T21:46:22.251+00:00,True,1060,1060.0,,1060.0,50304.698376,141626.902024,141626.902031,133.61028493490565,0.01597,50304.698376,1543.136930034103,86.59932799999999,86.23437549386213,46.13232922394324,7.484453764443517,0,3,,False,True,,3692,100.0
396,2026-09-13T21:44:09.007+00:00,2026-09-13T21:44:51.495+00:00,2026-09-13T21:46:48.019+00:00,True,1367,1367.0,,1367.0,42488.367163999996,159011.88793199998,159011.887873,116.32179068983174,0.01566,42488.367163999996,1147.7269204177958,86.39709199999999,85.30272384187408,44.441391193061264,8.59684151781523,0,3,,False,True,,4889,100.0
395,2026-09-13T21:44:04.547+00:00,2026-09-13T21:44:51.497+00:00,2026-09-13T21:46:42.874+00:00,True,1295,1295.0,,1295.0,46949.748305,158326.472273,158326.472361,122.25982421698842,0.015460000000000002,46949.748305,1302.999850511713,86.1494877,86.07165685316848,43.5833388201568,8.179301802209366,0,3,,False,True,,5681,100.0
397,2026-09-13T21:44:14.483+00:00,2026-09-13T21:44:51.499+00:00,2026-09-13T21:46:52.522+00:00,True,1436,1436.0,,1436.0,37015.32454,158038.714748,158038.714808,110.0548153259053,0.016649999999999998,37015.32454,975.5136653090258,86.26912075,84.33685728780488,42.878926267107396,9.086381158501371,0,3,,False,True,,5456,100.0
398,2026-09-13T21:44:19.510+00:00,2026-09-13T21:44:52.202+00:00,2026-09-13T21:46:43.826+00:00,True,1302,1302.0,,1302.0,32691.399223,144315.515191,144315.515261,110.84140957066052,0.01803,32691.399223,904.7091849330702,86.2353216,85.79870558647194,44.36013568136387,9.021898984851472,0,3,,False,True,,7161,100.0
399,2026-09-13T21:44:25.153+00:00,2026-09-13T21:44:52.204+00:00,2026-09-13T21:46:25.312+00:00,True,1083,1083.0,,1083.0,27050.869218,120158.719714,120158.719727,110.949879710988,0.015439999999999999,27050.869218,820.610420060424,86.44145189999999,86.05161783364142,45.01382395216785,9.013078722690626,0,3,,False,True,,5257,100.0
402,2026-09-13T21:44:36.971+00:00,2026-09-13T21:44:52.441+00:00,2026-09-13T21:46:55.914+00:00,True,1471,1471.0,,1471.0,15469.556544,138942.248,138942.247824,94.45428132154997,0.015470000000000001,15469.556544,405.13296003333784,86.0533155,83.99502820136054,56.687007194509384,10.587132576118965,0,3,,False,True,,6968,100.0
403,2026-09-13T21:44:40.461+00:00,2026-09-13T21:44:52.441+00:00,2026-09-13T21:46:41.326+00:00,True,1231,1231.0,,1231.0,11980.194151,120865.014887,120865.014926,98.18441504955321,0.01636,11980.194151,349.20633019573575,86.9068485,88.52424450081301,84.11453054431554,10.184915801738788,0,3,,False,True,,3056,100.0
401,2026-09-13T21:44:31.710+00:00,2026-09-13T21:44:52.442+00:00,2026-09-13T21:46:37.646+00:00,True,1215,1215.0,,1215.0,20731.536891,125935.98284299999,125935.982911,103.65101474156378,0.01567,20731.536891,594.3185541379567,86.51304169999999,86.65934592421746,49.250589144996695,9.647758905528201,0,3,,False,True,,5065,100.0
400,2026-09-13T21:44:28.356+00:00,2026-09-13T21:44:52.444+00:00,2026-09-13T21:46:51.429+00:00,True,1411,1411.0,,1411.0,24088.121948,143072.672092,143072.672243,101.39806679163713,0.015189999999999999,24088.121948,640.5561069402738,86.1179205,84.38620577588652,44.331775646600775,9.862120972289416,0,3,,False,True,,7332,100.0
405,2026-09-13T21:44:48.978+00:00,2026-09-13T21:44:53.444+00:00,2026-09-13T21:46:56.592+00:00,True,1252,1252.0,,1252.0,4466.279142,127613.993446,127613.993299,101.92810966373801,0.0154,10419.436067999999,364.41519858119506,85.465297,98.43941990727419,343.0079387153674,9.81083630557949,0,3,,False,True,,5137,100.0
404,2026-09-13T21:44:45.706+00:00,2026-09-13T21:44:53.446+00:00,2026-09-13T21:46:30.176+00:00,True,1065,1065.0,,1065.0,7739.890066999999,104470.022803,104470.022853,98.09391817183099,0.01534,7739.890066999999,277.4544937356342,86.54368799999999,90.91177888721805,148.54530136839796,10.194311932029338,0,3,,False,True,,4360,100.0
407,2026-09-13T21:44:58.107+00:00,2026-09-13T21:44:58.724+00:00,2026-09-13T21:47:18.680+00:00,True,1449,1449.0,,1449.0,616.871448,140572.81922399998,140572.819164,97.01367782194617,0.01543,34110.065547,903.0747232136179,84.18522999999999,96.65466006629833,903.2832688263802,10.307824855465462,0,3,,False,True,,6557,100.0
406,2026-09-13T21:44:53.114+00:00,2026-09-13T21:44:58.726+00:00,2026-09-13T21:47:15.820+00:00,True,1483,1483.0,,1483.0,5612.199905,142706.017249,142706.017213,96.22792799258261,0.01532,15401.349182,512.7638839049838,84.764447,92.5059496248313,492.4898739732254,10.39199347433538,0,3,,False,True,,6501,100.0
408,2026-09-13T21:45:03.301+00:00,2026-09-13T21:45:05.603+00:00,2026-09-13T21:47:07.654+00:00,True,1129,1129.0,,1129.0,2301.813767,124353.093127,124353.09327699999,110.14445817271923,0.016120000000000002,39873.290899,1186.9952485979823,84.40941500000001,108.20148879432625,1185.724247362268,9.078986067897555,0,3,,False,True,,5376,100.0
409,2026-09-13T21:45:07.235+00:00,2026-09-13T21:45:07.488+00:00,2026-09-13T21:47:09.190+00:00,True,1077,1077.0,,1077.0,252.507569,121954.461361,121954.46141599999,113.23534021912721,0.0152,41495.561763,1264.5415179946674,84.09251599999999,113.10590501115242,1265.122401527534,8.83116523971968,0,3,,False,True,,3730,100.0
410,2026-09-13T21:45:12.687+00:00,2026-09-13T21:45:12.949+00:00,2026-09-13T21:47:18.758+00:00,True,1096,1096.0,,1096.0,261.981959,126071.06151099999,126071.061416,115.0283407080292,0.01609,52930.018534,1600.5021460088092,83.13191450000001,114.89413657716895,1601.2272933651807,8.693509730655924,0,3,,False,True,,2991,100.0
411,2026-09-13T21:45:16.943+00:00,2026-09-13T21:45:17.158+00:00,2026-09-13T21:47:30.482+00:00,True,1301,1301.0,,1301.0,214.910429,133539.278557,133539.278555,102.64356537663336,0.015,54808.511349,1527.8998919759306,81.879594,102.5572062523077,1528.4847122349283,9.742451914210994,0,3,,False,True,,7944,100.0
0,2026-09-13T21:15:19.096+00:00,2026-09-13T21:15:19.171+00:00,2026-09-13T21:16:13.172+00:00,True,1255,1255.0,,1255.0,74.59107,54075.92611,54075.926127,43.08838735219123,0.044789999999999996,102.27116000000001,7.376060285580115,53.6697993,43.06326558213716,7.325095272004583,23.208109232324713,1,3,,False,True,,3786,100.0
1,2026-09-13T21:15:22.712+00:00,2026-09-13T21:15:22.821+00:00,2026-09-13T21:16:12.059+00:00,True,1129,1129.0,,1129.0,108.79550599999999,49346.517362,49346.517557,43.70816435518158,0.04813,108.79550599999999,7.3182605661890365,53.562059,43.650462638297874,7.059897905534858,22.87902085810422,1,3,,False,True,,5863,100.0
2,2026-09-13T21:15:26.491+00:00,2026-09-13T21:15:26.617+00:00,2026-09-13T21:16:32.387+00:00,True,1390,1390.0,,1390.0,126.43032799999999,65896.340856,65896.340811,47.4074394323741,0.033299999999999996,148.164321,8.568921004282585,58.181661000000005,47.35054753635709,8.305243857816798,21.093735736214825,1,3,,False,True,,7895,100.0
3,2026-09-13T21:15:32.362+00:00,2026-09-13T21:15:32.501+00:00,2026-09-13T21:16:33.661+00:00,True,1254,1254.0,,1254.0,139.482931,61299.804210999995,61299.804245,48.88341646331738,0.018690000000000002,147.922313,8.266633524120229,58.444073499999995,48.81111035913807,7.863234519605462,20.456835321750912,1,3,,False,True,,4518,100.0
4,2026-09-13T21:15:36.494+00:00,2026-09-13T21:15:36.615+00:00,2026-09-13T21:16:48.066+00:00,True,1395,1395.0,,1395.0,120.91956,71571.15290399999,71571.152897,51.30548594767025,0.027649999999999997,147.915902,8.181412913703078,60.455580299999994,51.25554759253945,7.968825751794384,19.491093036759448,1,3,,False,True,,4857,100.0
5,2026-09-13T21:15:40.991+00:00,2026-09-13T21:15:41.115+00:00,2026-09-13T21:16:34.276+00:00,True,1050,1050.0,,1050.0,124.41847299999999,53285.056937,53285.057043,50.74767337428571,0.01807,149.86289799999997,7.788183654345045,58.9524025,50.677443721639655,7.451843521288005,19.705336924786177,1,3,,False,True,,4683,100.0
6,2026-09-13T21:15:46.801+00:00,2026-09-13T21:15:46.937+00:00,2026-09-13T21:17:09.609+00:00,True,1478,1478.0,,1478.0,135.231809,82807.34521700001,82807.345057,56.02662047158322,0.037939,148.161402,8.477909504686597,67.797806,55.97299485985105,8.226204216312537,17.84865818517477,1,3,,False,True,,6952,100.0
7,2026-09-13T21:15:50.613+00:00,2026-09-13T21:15:50.750+00:00,2026-09-13T21:17:16.212+00:00,True,1489,1489.0,,1489.0,137.479854,85599.47179000001,85599.471758,57.48789238280725,0.061090000000000005,137.479854,7.913115822094873,68.6253764,57.4341343655914,7.638946588342311,17.394967151817745,1,3,,False,True,,6169,100.0
8,2026-09-13T21:15:56.575+00:00,2026-09-13T21:15:56.738+00:00,2026-09-13T21:17:13.361+00:00,True,1317,1317.0,,1317.0,163.446169,76786.183833,76786.183792,58.30386013059985,0.03397,163.446169,7.600003751082931,68.4802236,58.223964790273556,7.027858239260142,17.151523024823113,1,3,,False,True,,3937,100.0
9,2026-09-13T21:16:01.767+00:00,2026-09-13T21:16:01.922+00:00,2026-09-13T21:17:24.864+00:00,True,1384,1384.0,,1384.0,155.356416,83096.928768,83096.928797,60.04113352384393,49.764994,155.356416,7.282794379932984,68.9412915,59.97221428199566,6.819010199520949,16.655248521446776,1,3,,False,True,,5818,100.0
10,2026-09-13T21:16:07.524+00:00,2026-09-13T21:16:07.709+00:00,2026-09-13T21:17:20.935+00:00,True,1216,1216.0,,1216.0,185.212462,73411.25355,73411.253721,60.371096810032896,48.899035000000005,185.212462,7.451554060491356,68.86181499999999,60.2683465744856,6.53626907581313,16.564217898442358,1,3,,False,True,,6010,100.0
11,2026-09-13T21:16:10.890+00:00,2026-09-13T21:16:11.019+00:00,2026-09-13T21:17:43.839+00:00,True,1490,1490.0,,1490.0,128.255704,92948.331224,92948.331192,62.38143033020134,50.072192,128.255704,7.102683964581066,70.57401895,62.33718973807925,6.896651759416794,16.03041152410997,1,3,,False,True,,4525,100.0
12,2026-09-13T21:16:16.601+00:00,2026-09-13T21:16:16.785+00:00,2026-09-13T21:17:22.564+00:00,True,1071,1071.0,,1071.0,184.276935,65962.656199,65962.656141,61.589781644257705,49.991633,184.276935,7.372972072663827,69.19159900000001,61.475120807476635,6.349630908063189,16.23645956234607,1,3,,False,True,,5063,100.0
13,2026-09-13T21:16:21.035+00:00,2026-09-13T21:16:21.165+00:00,2026-09-13T21:17:44.683+00:00,True,1313,1313.0,,1313.0,129.671121,83648.249297,83648.249245,63.70772981340442,50.246101,129.671121,6.601667004516739,70.69233399999999,63.65745287804878,6.347736507977824,15.696682369741957,1,3,,False,True,,6240,100.0
14,2026-09-13T21:16:24.846+00:00,2026-09-13T21:16:25.028+00:00,2026-09-13T21:17:30.842+00:00,True,1043,1043.0,,1043.0,181.811637,65995.980469,65995.980453,63.27514904410355,51.372569000000006,181.811637,6.882900401774042,69.3407921,63.16139043378119,5.8231731382116605,15.803992797560205,1,3,,False,True,,2846,100.0
15,2026-09-13T21:16:30.020+00:00,2026-09-13T21:16:30.221+00:00,2026-09-13T21:17:41.577+00:00,True,1109,1109.0,,1109.0,200.389713,71556.506449,71556.506529,64.52345043192065,51.572818,200.389713,7.117089050216451,70.8261324,64.40082737906137,5.8316621906150745,15.498241250645885,1,3,,False,True,,4997,100.0
16,2026-09-13T21:16:33.374+00:00,2026-09-13T21:16:33.543+00:00,2026-09-13T21:17:38.966+00:00,True,1015,1015.0,,1015.0,169.14529000000002,65592.689866,65592.690082,64.623339982266,49.879032,169.14529000000002,6.618238031101682,70.21908699999999,64.52026092307692,5.748827060580554,15.474285352126193,1,3,,False,True,,4181,100.0
17,2026-09-13T21:16:38.477+00:00,2026-09-13T21:16:38.621+00:00,2026-09-13T21:18:10.313+00:00,True,1367,1367.0,,1367.0,144.52120499999998,91835.816437,91835.816409,67.18055333504023,53.957313,144.52120499999998,6.539787491984579,73.88296999999999,67.12393501610542,6.197973684457951,14.885259945805254,1,3,,False,True,,5704,100.0
18,2026-09-13T21:16:42.981+00:00,2026-09-13T21:16:43.162+00:00,2026-09-13T21:18:00.656+00:00,True,1153,1153.0,,1153.0,180.640465,77675.423441,77675.423465,67.36810361231569,56.521087,180.640465,6.407388228315514,73.97972440000001,67.2697768888889,5.471132218123753,14.843819948735591,1,3,,False,True,,5105,100.0
19,2026-09-13T21:16:47.490+00:00,2026-09-13T21:16:47.638+00:00,2026-09-13T21:18:14.766+00:00,True,1279,1279.0,,1279.0,147.605768,87276.26522399999,87276.265107,68.23789296872556,57.879163999999996,147.605768,5.942910248453538,74.0565351,68.1757898716745,5.514445517621799,14.654614249559907,1,3,,False,True,,5979,100.0
20,2026-09-13T21:16:51.082+00:00,2026-09-13T21:16:51.254+00:00,2026-09-13T21:18:29.271+00:00,True,1421,1421.0,,1421.0,172.23075500000002,98189.49001899999,98189.489858,69.09886689514427,55.601079,172.23075500000002,6.231939024940758,74.550838,69.02623891830986,5.600322389755171,14.472017317994338,1,3,,False,True,,7633,100.0
21,2026-09-13T21:16:54.573+00:00,2026-09-13T21:16:54.734+00:00,2026-09-13T21:18:12.777+00:00,True,1136,1136.0,,1136.0,160.836499,78203.187091,78203.1873,68.84083389084508,58.537423000000004,160.836499,5.761008025646499,73.75374149999999,68.75978025726873,5.074326043332937,14.526262192845287,1,3,,False,True,,1157,100.0
22,2026-09-13T21:17:00.374+00:00,2026-09-13T21:17:00.594+00:00,2026-09-13T21:18:19.712+00:00,True,1143,1143.0,,1143.0,220.08832,79337.747712,79337.747886,69.41185291863518,58.715401,220.08832,6.8325698099380086,74.394309,69.27991190192644,5.177809769670985,14.406761383612091,1,3,,False,True,,4337,100.0
23,2026-09-13T21:17:03.781+00:00,2026-09-13T21:17:03.962+00:00,2026-09-13T21:18:38.754+00:00,True,1348,1348.0,,1348.0,180.63662599999998,94972.67605000001,94972.676159,70.45450753635015,59.905589,180.63662599999998,6.385814748416291,78.659233,70.37270929769859,5.637624255656221,14.193556042269696,1,3,,False,True,,5584,100.0
24,2026-09-13T21:17:08.686+00:00,2026-09-13T21:17:08.888+00:00,2026-09-13T21:18:49.919+00:00,True,1416,1416.0,,1416.0,201.723611,101232.51554699999,101232.515749,71.49188965324859,61.750796,201.723611,7.161924788890207,81.6371345,71.39985295830388,6.271077894135434,13.987600647368907,1,3,,False,True,,9131,100.0
25,2026-09-13T21:17:12.229+00:00,2026-09-13T21:17:12.453+00:00,2026-09-13T21:18:50.317+00:00,True,1369,1369.0,,1369.0,223.478433,98087.766945,98087.766796,71.64920876260044,61.594066,223.478433,7.479762244582213,81.8845754,71.53822259649124,6.253971432852469,13.956888230187042,1,3,,False,True,,6564,100.0
26,2026-09-13T21:17:16.864+00:00,2026-09-13T21:17:17.035+00:00,2026-09-13T21:19:02.408+00:00,True,1461,1461.0,,1461.0,170.346318,105543.779406,105543.779464,72.24077992060232,0.019030000000000002,256.222691,8.734025941484596,81.848301,72.17358430684932,8.350700552156743,13.842596960450939,1,3,,False,True,,1461,100.0
27,2026-09-13T21:17:20.249+00:00,2026-09-13T21:17:20.462+00:00,2026-09-13T21:19:05.758+00:00,True,1454,1454.0,,1454.0,212.87064600000002,105508.778742,105508.778739,72.56449706946354,0.02225,212.87064600000002,8.062005238575493,82.26441565,72.46793399587061,7.174514041488437,13.780843805949624,1,3,,False,True,,7581,100.0
28,2026-09-13T21:17:25.720+00:00,2026-09-13T21:17:25.889+00:00,2026-09-13T21:18:52.827+00:00,True,1203,1203.0,,1203.0,168.81741200000002,87106.580996,87106.580819,72.40779785453034,61.999945,168.81741200000002,6.803106349496304,82.0260339,72.3275903361065,6.210889174463269,13.810667187766704,1,3,,False,True,,3312,100.0
29,2026-09-13T21:17:31.501+00:00,2026-09-13T21:17:31.691+00:00,2026-09-13T21:19:09.119+00:00,True,1332,1332.0,,1332.0,190.05517600000002,97617.41364,97617.413784,73.28634668468469,0.022269999999999998,190.05517600000002,7.755467062278136,82.26419510000001,73.1986164267468,7.066322797151043,13.645106444965222,1,3,,False,True,,4585,100.0
30,2026-09-13T21:17:37.251+00:00,2026-09-13T21:17:37.437+00:00,2026-09-13T21:18:53.196+00:00,True,1036,1036.0,,1036.0,186.362084,75945.088228,75945.088116,73.3060696100386,64.34299,186.362084,6.9942387268912825,82.403474,73.19683685410628,6.049245114223247,13.641435202362961,1,3,,False,True,,5519,100.0
31,2026-09-13T21:17:42.014+00:00,2026-09-13T21:17:42.251+00:00,2026-09-13T21:19:13.673+00:00,True,1240,1240.0,,1240.0,237.71496199999999,91659.59656199999,91659.596635,73.91902954435484,0.06420000000000001,252.54979999999998,9.572179648465726,81.98242850000001,73.78682937853107,8.367308328775733,13.52831614484845,1,3,,False,True,,4260,100.0
32,2026-09-13T21:17:46.865+00:00,2026-09-13T21:17:47.044+00:00,2026-09-13T21:19:21.313+00:00,True,1269,1269.0,,1269.0,178.431772,94447.166748,94447.166926,74.4264514783294,0.02086,255.247054,8.807485757471618,82.117417,74.34442821451104,8.311963032519204,13.43608330132224,1,3,,False,True,,5381,100.0
33,2026-09-13T21:17:50.476+00:00,2026-09-13T21:17:50.697+00:00,2026-09-13T21:19:20.173+00:00,True,1202,1202.0,,1202.0,220.60170000000002,89696.686436,89696.686384,74.62286720798669,0.022670000000000003,220.60170000000002,8.125722276364398,82.49714705000001,74.50131951373855,6.950496505753204,13.400717994835247,1,3,,False,True,,3966,100.0
34,2026-09-13T21:17:55.866+00:00,2026-09-13T21:17:56.063+00:00,2026-09-13T21:19:21.088+00:00,True,1140,1140.0,,1140.0,196.96012100000002,85222.09138499999,85222.09148,74.75622059649123,0.07881999999999999,196.96012100000002,7.898484727105642,82.58405505,74.64892999473221,7.021860742141561,13.376813235548596,1,3,,False,True,,4729,100.0
35,2026-09-13T21:18:01.226+00:00,2026-09-13T21:18:01.493+00:00,2026-09-13T21:19:52.987+00:00,True,1489,1489.0,,1489.0,266.601919,111760.622527,111760.622441,75.05750331833445,0.08301,266.601919,8.197031905331725,82.099051,74.92877729032259,6.522773303335293,13.32311834286961,1,3,,False,True,,6166,100.0
36,2026-09-13T21:18:04.517+00:00,2026-09-13T21:18:04.701+00:00,2026-09-13T21:19:56.736+00:00,True,1492,1492.0,,1492.0,183.46831,112219.183894,112219.184081,75.2139303491957,0.01986,255.493903,8.224912421510707,82.34689699999998,75.14132500603623,7.7346077791370105,13.29540946768347,1,3,,False,True,,6741,100.0
37,2026-09-13T21:18:09.973+00:00,2026-09-13T21:18:10.173+00:00,2026-09-13T21:19:39.041+00:00,True,1182,1182.0,,1182.0,199.910435,89067.808547,89067.808575,75.35347595177664,0.028480000000000002,199.910435,7.62776066162788,82.31733595,75.2480085622354,6.713647265968172,13.270787945526616,1,3,,False,True,,3677,100.0
38,2026-09-13T21:18:14.846+00:00,2026-09-13T21:18:15.065+00:00,2026-09-13T21:19:45.459+00:00,True,1198,1198.0,,1198.0,218.412994,90612.50093,90612.500948,75.63647825375627,0.02413,218.412994,7.809724197090867,82.30699250000002,75.51719961236425,6.632048608628546,13.221133813815374,1,3,,False,True,,6161,100.0
39,2026-09-13T21:18:20.235+00:00,2026-09-13T21:18:20.431+00:00,2026-09-13T21:19:40.409+00:00,True,1054,1054.0,,1054.0,196.332412,80173.64134,80173.641379,76.06607341461101,0.02204,256.63171,9.161792375743,82.91531565000001,75.95186033048434,8.381896072973714,13.146465376696584,1,3,,False,True,,1852,100.0
40,2026-09-13T21:18:23.501+00:00,2026-09-13T21:18:23.696+00:00,2026-09-13T21:19:52.608+00:00,True,1170,1170.0,,1170.0,194.317375,89106.359615,89106.359821,76.1592818982906,0.02641,194.317375,7.260796115380721,82.3923515,76.05820550898203,6.387555398401998,13.130375935625638,1,3,,False,True,,4851,100.0
41,2026-09-13T21:18:27.672+00:00,2026-09-13T21:18:27.921+00:00,2026-09-13T21:20:21.974+00:00,True,1485,1485.0,,1485.0,248.959307,114302.776139,114302.776029,76.97156634949495,0.02366,248.959307,7.7149042786609865,83.309056,76.85567171967655,6.292898291234548,12.9918104368186,1,3,,False,True,,8621,100.0
42,2026-09-13T21:18:32.910+00:00,2026-09-13T21:18:33.118+00:00,2026-09-13T21:20:03.428+00:00,True,1181,1181.0,,1181.0,207.796857,90518.319737,90518.319683,76.64548660711262,0.02584,207.796857,7.390233848062869,82.40605000000001,76.5343414237288,6.329329673907645,13.04708266162455,1,3,,False,True,,5270,100.0
43,2026-09-13T21:18:37.909+00:00,2026-09-13T21:18:38.113+00:00,2026-09-13T21:20:08.783+00:00,True,1183,1183.0,,1183.0,204.350894,90873.68875,90873.68894000001,76.81630510566357,0.04442,204.350894,7.381784379889449,82.278095,76.70840766159053,6.383801027961127,13.018069545460154,1,3,,False,True,,4698,100.0
44,2026-09-13T21:18:43.763+00:00,2026-09-13T21:18:43.933+00:00,2026-09-13T21:20:18.619+00:00,True,1231,1231.0,,1231.0,169.95704,94856.67985599999,94856.679875,77.05660428513404,0.02689,183.92565100000002,7.076319129899665,83.02456450000001,76.9810754601626,6.564061989854142,12.97747298206891,1,3,,False,True,,2774,100.0
45,2026-09-13T21:18:47.217+00:00,2026-09-13T21:18:47.413+00:00,2026-09-13T21:20:42.332+00:00,True,1497,1497.0,,1497.0,196.27655,115115.05543,115115.05522,76.8971644756179,0.02502,196.27655,7.036754578221997,82.8523498,76.81736556149733,6.3253420143241845,13.00438065558077,1,3,,False,True,,5219,100.0
46,2026-09-13T21:18:53.079+00:00,2026-09-13T21:18:53.291+00:00,2026-09-13T21:20:18.843+00:00,True,1116,1116.0,,1116.0,211.704589,85764.20327700001,85764.203271,76.84964450806451,0.04162,244.160358,9.848137260075275,82.51301074999999,76.7286983748879,8.985179991974421,13.012421935472997,1,3,,False,True,,6217,100.0
47,2026-09-13T21:18:56.522+00:00,2026-09-13T21:18:56.741+00:00,2026-09-13T21:20:23.864+00:00,True,1137,1137.0,,1137.0,219.357121,87342.28627299999,87342.28607,76.81819355321021,54.656901,219.357121,6.851730676389962,82.6543618,76.69271932394366,5.391758795324652,13.017749460394873,1,3,,False,True,,5206,100.0
48,2026-09-13T21:19:01.229+00:00,2026-09-13T21:19:01.421+00:00,2026-09-13T21:20:50.348+00:00,True,1420,1420.0,,1420.0,192.55309899999997,109119.403659,109119.403523,76.84465036830986,68.59189,192.55309899999997,6.198206452183337,82.61323700000001,76.76310821705427,5.384834300979241,13.013267598469694,1,3,,False,True,,5971,100.0
49,2026-09-13T21:19:04.560+00:00,2026-09-13T21:19:04.782+00:00,2026-09-13T21:20:44.338+00:00,True,1296,1296.0,,1296.0,222.178466,99777.42301,99777.423027,76.98875233564814,69.612968,222.178466,6.672004889823992,82.2440025,76.8766367135135,5.314777607662649,12.988910325636603,1,3,,False,True,,3786,100.0
50,2026-09-13T21:19:08.506+00:00,2026-09-13T21:19:08.749+00:00,2026-09-13T21:20:48.876+00:00,True,1303,1303.0,,1303.0,243.350349,100369.959501,100369.959611,77.0298999316961,67.58156299999999,243.350349,7.09493625541907,82.151964,76.90215756682028,5.394249192092411,12.981971961311968,1,3,,False,True,,5874,100.0
51,2026-09-13T21:19:12.411+00:00,2026-09-13T21:19:12.624+00:00,2026-09-13T21:20:33.031+00:00,True,1045,1045.0,,1045.0,213.238265,80620.017145,80620.017249,77.14834186507177,68.65456,213.238265,6.839066707849273,82.52805999999998,77.01798743295019,5.3892316855831846,12.9620414012131,1,3,,False,True,,4806,100.0
52,2026-09-13T21:19:16.447+00:00,2026-09-13T21:19:16.663+00:00,2026-09-13T21:20:37.139+00:00,True,1045,1045.0,,1045.0,216.77817800000003,80692.649154,80692.649169,77.21784609473684,68.089921,216.77817800000003,6.9139551331168585,82.6175272,77.08416760153257,5.399686565500765,12.950374178515846,1,3,,False,True,,3943,100.0
53,2026-09-13T21:19:21.340+00:00,2026-09-13T21:19:21.547+00:00,2026-09-13T21:21:12.949+00:00,True,1462,1462.0,,1462.0,206.69286799999998,111608.95488399999,111608.954876,76.33991441586868,67.464223,206.69286799999998,6.740450741126921,82.63877955,76.25069268720054,5.8153720469443515,13.09930732278176,1,3,,False,True,,7705,100.0
54,2026-09-13T21:19:26.165+00:00,2026-09-13T21:19:26.405+00:00,2026-09-13T21:20:48.199+00:00,True,1063,1063.0,,1063.0,239.94438699999998,82033.528771,82033.528995,77.17171119002822,67.369213,239.94438699999998,7.528269069888797,82.494751,77.01844103954802,5.633210586461,12.9581162230313,1,3,,False,True,,5534,100.0
55,2026-09-13T21:19:31.659+00:00,2026-09-13T21:19:31.896+00:00,2026-09-13T21:20:51.395+00:00,True,1033,1033.0,,1033.0,236.980063,79735.107679,79735.107557,77.18790663794772,67.154383,236.980063,7.445095988952727,82.655312,77.03306939534883,5.5401627640628845,12.955397315805763,1,3,,False,True,,4038,100.0
56,2026-09-13T21:19:36.629+00:00,2026-09-13T21:19:36.857+00:00,2026-09-13T21:20:57.500+00:00,True,1048,1048.0,,1048.0,227.856494,80871.097454,80871.097475,77.1670777433206,67.872743,227.856494,7.327430013305909,83.044823,77.02315277936962,5.658019322262127,12.958894252623553,1,3,,False,True,,5450,100.0
57,2026-09-13T21:19:41.987+00:00,2026-09-13T21:19:42.188+00:00,2026-09-13T21:21:10.761+00:00,True,1156,1156.0,,1156.0,200.68622299999998,88773.25377499999,88773.253677,76.79347203892733,65.742948,200.68622299999998,6.978722129689039,82.87021899999999,76.68620567272727,5.95249240301299,13.021940177273851,1,3,,False,True,,1156,100.0
58,2026-09-13T21:19:46.442+00:00,2026-09-13T21:19:46.668+00:00,2026-09-13T21:21:05.820+00:00,True,1028,1028.0,,1028.0,225.659758,79378.24446199999,79378.244427,77.21619107684825,66.069157,225.659758,7.42164927586864,83.08064685000001,77.07165014995131,5.79970431075835,12.950651743024185,1,3,,False,True,,4693,100.0
59,2026-09-13T21:19:50.128+00:00,2026-09-13T21:19:50.307+00:00,2026-09-13T21:21:15.080+00:00,True,1109,1109.0,,1109.0,179.28914600000002,84951.34802599999,84951.347957,76.60175649864743,65.648988,179.28914600000002,7.125651090880485,82.3350884,76.50907841155234,6.425473553367366,13.054530925872799,1,3,,False,True,,2218,100.0
60,2026-09-13T21:19:55.948+00:00,2026-09-13T21:19:56.199+00:00,2026-09-13T21:21:18.702+00:00,True,1084,1084.0,,1084.0,251.8557,82754.669652,82754.669684,76.34194620295203,65.291489,251.8557,8.522621591857122,82.9369305,76.17988361218836,6.648718600256875,13.098958699955395,1,3,,False,True,,3277,100.0
61,2026-09-13T21:20:00.925+00:00,2026-09-13T21:20:01.156+00:00,2026-09-13T21:21:29.098+00:00,True,1169,1169.0,,1169.0,230.878587,88173.454459,88173.454558,75.4263939760479,64.59863,230.878587,8.033650042448677,82.466828,75.29330126027398,6.623430225415576,13.257958499783813,1,3,,False,True,,6235,100.0
62,2026-09-13T21:20:06.010+00:00,2026-09-13T21:20:06.216+00:00,2026-09-13T21:21:23.375+00:00,True,1024,1024.0,,1024.0,205.777691,77364.305435,77364.305439,75.55107953027344,65.435318,205.777691,7.783955181570487,82.42346365000002,75.42378078592375,6.636204178242138,13.236078243607382,1,3,,False,True,,5798,100.0
63,2026-09-13T21:20:10.091+00:00,2026-09-13T21:20:10.295+00:00,2026-09-13T21:21:44.724+00:00,True,1271,1271.0,,1271.0,204.203405,94633.192589,94633.192377,74.45569817230528,0.01657,393.45669799999996,12.427071646220208,81.7762565,74.35353479055118,11.886017600802074,13.430805462942173,1,3,,False,True,,5414,100.0
64,2026-09-13T21:20:13.916+00:00,2026-09-13T21:20:14.148+00:00,2026-09-13T21:21:48.533+00:00,True,1275,1275.0,,1275.0,231.540885,94616.064149,94616.064144,74.20867776,0.01653,397.69939899999997,12.644034557962117,81.178186,74.0851830957614,11.854835734372829,13.475512974119793,1,3,,False,True,,5619,100.0
65,2026-09-13T21:20:17.626+00:00,2026-09-13T21:20:17.834+00:00,2026-09-13T21:21:38.036+00:00,True,1086,1086.0,,1086.0,208.356016,80409.861808,80409.861778,74.04222999815838,64.59513,208.356016,7.570583364713681,80.85837825,73.91843851797235,6.380356397377996,13.50580607380118,1,3,,False,True,,2862,100.0
66,2026-09-13T21:20:21.921+00:00,2026-09-13T21:20:22.134+00:00,2026-09-13T21:22:08.235+00:00,True,1431,1431.0,,1431.0,213.467875,106314.828259,106314.828362,74.29407991754019,0.01691,397.702749,11.8907766637697,80.817939,74.1967555132867,11.310423512969836,13.46002268388991,1,3,,False,True,,4512,100.0
67,2026-09-13T21:20:27.248+00:00,2026-09-13T21:20:27.484+00:00,2026-09-13T21:21:48.531+00:00,True,1100,1100.0,,1100.0,235.77357500000002,81283.499399,81283.499639,73.8940905809091,0.01688,398.856946,13.448945147252436,80.978362,73.74679328844404,12.53598983821202,13.532881927245532,1,3,,False,True,,5941,100.0
68,2026-09-13T21:20:32.237+00:00,2026-09-13T21:20:32.477+00:00,2026-09-13T21:22:07.058+00:00,True,1280,1280.0,,1280.0,239.187618,94820.759202,94820.75931,74.0787182109375,0.016739999999999998,392.53875,12.453198579410541,79.89801394999999,73.94962594526974,11.56960642121953,13.499153674494115,1,3,,False,True,,6212,100.0
69,2026-09-13T21:20:37.616+00:00,2026-09-13T21:20:37.858+00:00,2026-09-13T21:22:03.654+00:00,True,1166,1166.0,,1166.0,241.647143,86037.802023,86037.801992,73.78885248027444,0.01666,398.442777,13.092676175289515,79.34881349999999,73.64476813733906,12.138291788490246,13.552182559106983,1,3,,False,True,,5884,100.0
70,2026-09-13T21:20:40.985+00:00,2026-09-13T21:20:41.221+00:00,2026-09-13T21:21:59.146+00:00,True,1063,1063.0,,1063.0,236.141775,78161.202639,78161.202591,73.52888296425212,0.016829999999999998,325.685274,11.840956161035802,78.48404209999998,73.37576352542374,10.742166856767634,13.6000977992833,1,3,,False,True,,5156,100.0
71,2026-09-13T21:20:45.832+00:00,2026-09-13T21:20:46.055+00:00,2026-09-13T21:22:21.547+00:00,True,1298,1298.0,,1298.0,222.647154,95715.08235400001,95715.08234,73.7404332357473,0.01738,392.63882,12.212187194665454,77.91779419999999,73.62562467232074,11.49480802987727,13.561081159595904,1,3,,False,True,,7095,100.0
72,2026-09-13T21:20:51.851+00:00,2026-09-13T21:20:52.102+00:00,2026-09-13T21:22:29.054+00:00,True,1320,1320.0,,1320.0,251.18087599999998,97203.361356,97203.361551,73.63891026590909,0.01772,393.06489899999997,12.4003929680149,78.11480999999999,73.50430665655799,11.399666820155721,13.579777299733488,1,3,,False,True,,5825,100.0
73,2026-09-13T21:20:57.191+00:00,2026-09-13T21:20:57.427+00:00,2026-09-13T21:22:21.474+00:00,True,1145,1145.0,,1145.0,236.701288,84283.676264,84283.676322,73.61019766113537,0.018409,392.39649099999997,12.937959099431726,78.346026,73.46763546853147,12.01024403804115,13.585074248701973,1,3,,False,True,,5978,100.0
74,2026-09-13T21:21:01.189+00:00,2026-09-13T21:21:01.446+00:00,2026-09-13T21:22:26.328+00:00,True,1156,1156.0,,1156.0,256.807464,85138.81348,85138.813371,73.64949253546713,0.01634,398.082868,13.245997643278507,78.95594124999998,73.49091429956711,12.104265362137134,13.577826055463605,1,3,,False,True,,5277,100.0
75,2026-09-13T21:21:05.480+00:00,2026-09-13T21:21:05.674+00:00,2026-09-13T21:22:33.969+00:00,True,1205,1205.0,,1205.0,193.344542,88488.59369400001,88488.593641,73.43451754439835,0.01789,394.127277,12.251804282437593,78.258531,73.3349245448505,11.758803201954883,13.617574307565306,1,3,,False,True,,4205,100.0
76,2026-09-13T21:21:09.005+00:00,2026-09-13T21:21:09.222+00:00,2026-09-13T21:22:40.217+00:00,True,1240,1240.0,,1240.0,217.33289000000002,91212.36802600001,91212.368223,73.55836147016129,0.016280000000000003,394.791715,12.20575892971956,78.3652689,73.44232052945924,11.506093878869548,13.594647599177987,1,3,,False,True,,1771,100.0
77,2026-09-13T21:21:13.259+00:00,2026-09-13T21:21:13.494+00:00,2026-09-13T21:22:34.552+00:00,True,1105,1105.0,,1105.0,235.52388,81292.94288799999,81292.942801,73.5682740280543,0.01839,392.246191,12.870448950547077,78.7832864,73.4215751884058,11.916245113901754,13.59281581824877,1,3,,False,True,,4615,100.0
78,2026-09-13T21:21:17.057+00:00,2026-09-13T21:21:17.293+00:00,2026-09-13T21:22:51.645+00:00,True,1272,1272.0,,1272.0,236.03092900000001,94587.366609,94587.366517,74.36113719889937,0.016370000000000003,398.638327,12.337045394891517,82.234781,74.23393837922895,11.47719199859774,13.447884697521213,1,3,,False,True,,6263,100.0
79,2026-09-13T21:21:22.660+00:00,2026-09-13T21:21:22.880+00:00,2026-09-13T21:23:05.424+00:00,True,1367,1367.0,,1367.0,219.55257500000002,102764.13548699999,102764.135482,75.17493451499634,0.019129999999999998,397.84740899999997,11.969367793534994,83.1374477,75.06924078477307,11.317623496178701,13.302306232828963,1,3,,False,True,,2734,100.0
80,2026-09-13T21:21:27.951+00:00,2026-09-13T21:21:28.172+00:00,2026-09-13T21:23:14.233+00:00,True,1407,1407.0,,1407.0,220.417811,106281.635091,106281.635265,75.53776493603411,0.016649999999999998,398.250278,11.875991716015363,82.666172,75.43472068278804,11.23339686879588,13.238411309680215,1,3,,False,True,,6307,100.0
81,2026-09-13T21:21:33.269+00:00,2026-09-13T21:21:33.503+00:00,2026-09-13T21:23:02.236+00:00,True,1174,1174.0,,1174.0,234.44667199999998,88966.71009600001,88966.710144,75.78084339352641,0.01676,395.157264,12.735723021946654,83.30686734999999,75.6455783665814,11.867538143638617,13.195947099012528,1,3,,False,True,,4400,100.0
82,2026-09-13T21:21:38.502+00:00,2026-09-13T21:21:38.710+00:00,2026-09-13T21:23:20.797+00:00,True,1344,1344.0,,1344.0,208.449799,102295.105031,102295.105033,76.11242934002976,65.16794900000001,208.449799,7.008477188109341,83.415676,76.01389071630678,6.0079588846823775,13.138458576221293,1,3,,False,True,,2353,100.0
83,2026-09-13T21:21:43.738+00:00,2026-09-13T21:21:43.985+00:00,2026-09-13T21:23:35.889+00:00,True,1463,1463.0,,1463.0,246.793993,112151.511049,112151.51114,76.65858587833219,68.315742,246.793993,7.538700746948783,83.56253000000001,76.54221412859097,6.0864475908106055,13.044853219684239,1,3,,False,True,,5909,100.0
84,2026-09-13T21:21:48.105+00:00,2026-09-13T21:21:48.304+00:00,2026-09-13T21:23:20.100+00:00,True,1205,1205.0,,1205.0,199.121159,91994.823175,91994.823153,76.34425157925311,67.626524,199.121159,6.985983190742936,83.31341,76.24227742192691,6.025250860592523,13.09856314096883,1,3,,False,True,,5568,100.0
85,2026-09-13T21:21:51.932+00:00,2026-09-13T21:21:52.161+00:00,2026-09-13T21:23:42.997+00:00,True,1442,1442.0,,1442.0,229.62290299999998,111065.276279,111065.27624,77.02168948682386,65.255108,229.62290299999998,7.4545038695315675,83.912084,76.91578999028452,6.278961881995212,12.983355809403866,1,3,,False,True,,6942,100.0
86,2026-09-13T21:21:56.012+00:00,2026-09-13T21:21:56.198+00:00,2026-09-13T21:23:15.068+00:00,True,1037,1037.0,,1037.0,185.22738,79055.778932,79055.778746,76.23508075795564,66.74281500000001,185.22738,6.841354702894586,83.1361508,76.12987601544401,5.946478226244882,13.117320631196081,1,3,,False,True,,5715,100.0
87,2026-09-13T21:22:00.533+00:00,2026-09-13T21:22:00.762+00:00,2026-09-13T21:23:43.221+00:00,True,1332,1332.0,,1332.0,229.629052,102688.072572,102688.072596,77.0931475945946,66.46149700000001,229.629052,7.573891430658535,83.6975445,76.97854509391435,6.316619459296263,12.971321465460994,1,3,,False,True,,5803,100.0
88,2026-09-13T21:22:04.820+00:00,2026-09-13T21:22:05.031+00:00,2026-09-13T21:23:53.815+00:00,True,1410,1410.0,,1410.0,211.435601,108995.13352100001,108995.13345,77.30151308510638,68.223292,211.435601,7.231724439445623,83.84901394999999,77.20631506032647,6.288680987476796,12.936357380839727,1,3,,False,True,,7018,100.0
89,2026-09-13T21:22:08.175+00:00,2026-09-13T21:22:08.410+00:00,2026-09-13T21:23:34.644+00:00,True,1125,1125.0,,1125.0,234.653882,86468.457146,86468.457234,76.86085087466667,68.17014200000001,234.653882,7.785682738768138,83.2429298,76.72046553736655,6.203190336214334,13.010524729271662,1,3,,False,True,,5004,100.0
90,2026-09-13T21:22:11.810+00:00,2026-09-13T21:22:12.053+00:00,2026-09-13T21:23:37.588+00:00,True,1112,1112.0,,1112.0,242.491024,85777.20232,85777.20221,77.13777177158273,67.343234,242.491024,8.016266433473096,83.65169504999999,76.98893906030602,6.2979368223688565,12.963817540371373,1,3,,False,True,,5895,100.0
91,2026-09-13T21:22:17.716+00:00,2026-09-13T21:22:17.905+00:00,2026-09-13T21:23:48.460+00:00,True,1171,1171.0,,1171.0,188.608611,90743.63273900001,90743.632758,77.49242763279248,66.140387,188.608611,7.076600799157939,83.590654,77.39745651965812,6.2889007385814,12.904486680272884,1,3,,False,True,,5512,100.0
92,2026-09-13T21:22:22.293+00:00,2026-09-13T21:22:22.531+00:00,2026-09-13T21:24:04.284+00:00,True,1308,1308.0,,1308.0,238.543254,101991.718294,101991.718092,77.97531964220184,66.677976,238.543254,7.825878911817352,84.17427049999998,77.85246751338944,6.444761286562183,12.824570679646518,1,3,,False,True,,4387,100.0
93,2026-09-13T21:22:25.916+00:00,2026-09-13T21:22:26.154+00:00,2026-09-13T21:23:43.821+00:00,True,1001,1001.0,,1001.0,237.881766,77904.31146200001,77904.311346,77.82648486113887,67.883973,237.881766,8.12980898800791,84.412707,77.666429696,6.363249425115142,12.849096297940655,1,3,,False,True,,4075,100.0
94,2026-09-13T21:22:30.137+00:00,2026-09-13T21:22:30.298+00:00,2026-09-13T21:24:27.411+00:00,True,1480,1480.0,,1480.0,160.13618400000001,117273.21932,117273.219293,79.23866168445946,0.01675,444.113528,14.749721001478642,85.47909995,79.18396425693035,14.603782585756758,12.620102087941897,1,3,,False,True,,8338,100.0
95,2026-09-13T21:22:35.021+00:00,2026-09-13T21:22:35.242+00:00,2026-09-13T21:24:22.431+00:00,True,1359,1359.0,,1359.0,220.630143,107410.129535,107410.129637,79.03615131493746,0.01696,439.893217,12.989325349544064,84.1135081,78.93188467746687,12.41215839207788,12.6524379579783,1,3,,False,True,,7608,100.0
96,2026-09-13T21:22:40.638+00:00,2026-09-13T21:22:40.871+00:00,2026-09-13T21:24:24.824+00:00,True,1308,1308.0,,1308.0,233.184775,104186.160903,104186.160737,79.65302808639144,0.01589,443.032351,15.326519019453201,86.24313034999999,79.53555939403213,14.73157276508405,12.554450501518927,1,3,,False,True,,1547,100.0
97,2026-09-13T21:22:45.181+00:00,2026-09-13T21:22:45.420+00:00,2026-09-13T21:24:23.110+00:00,True,1230,1230.0,,1230.0,239.84293100000002,97928.91275500001,97928.912705,79.617002199187,0.01677,518.208058,16.503520532233683,86.19861675,79.48663126444264,15.863957979024342,12.560131276829674,1,3,,False,True,,6124,100.0
98,2026-09-13T21:22:50.050+00:00,2026-09-13T21:22:50.255+00:00,2026-09-13T21:24:35.322+00:00,True,1317,1317.0,,1317.0,204.336497,105271.52062499999,105271.520546,79.93281742293091,0.01759,440.87171500000005,15.521003108062414,85.41412680000002,79.83828581155015,15.142884248762327,12.510506091114992,1,3,,False,True,,2529,100.0
99,2026-09-13T21:22:55.962+00:00,2026-09-13T21:22:56.188+00:00,2026-09-13T21:24:38.165+00:00,True,1279,1279.0,,1279.0,226.01520000000002,102203.328224,102203.328359,79.90877901407349,0.0179,438.99644900000004,15.81545658802597,89.58143189999998,79.79445463536777,15.283808786503808,12.514269566611407,1,3,,False,True,,4697,100.0
100,2026-09-13T21:23:01.881+00:00,2026-09-13T21:23:02.081+00:00,2026-09-13T21:24:41.495+00:00,True,1249,1249.0,,1249.0,200.031508,99614.057492,99614.057357,79.75504992554043,0.01648,442.383182,15.954165843718576,85.8035764,79.65867466666667,15.592600074379874,12.538390980613425,1,3,,False,True,,4461,100.0
101,2026-09-13T21:23:07.394+00:00,2026-09-13T21:23:07.621+00:00,2026-09-13T21:24:58.891+00:00,True,1393,1393.0,,1393.0,226.985919,111497.882303,111497.882226,80.04155220818377,0.01643,444.655067,15.251824553364013,88.631452,79.9359887816092,14.739436822117884,12.493510829330965,1,3,,False,True,,6508,100.0
102,2026-09-13T21:23:13.145+00:00,2026-09-13T21:23:13.387+00:00,2026-09-13T21:24:53.224+00:00,True,1246,1246.0,,1246.0,241.260728,100078.54277599999,100078.542881,80.31985784991974,0.01686,443.932578,16.102573710794776,90.26239525000001,80.19058799036145,15.448724704446922,12.450221250611628,1,3,,False,True,,6259,100.0
103,2026-09-13T21:23:16.938+00:00,2026-09-13T21:23:17.201+00:00,2026-09-13T21:25:09.062+00:00,True,1395,1395.0,,1395.0,263.19541999999996,112124.303132,112124.303121,80.37584453118279,0.0165,438.199261,15.326813678538066,86.3106228,80.24469706743186,14.528217340846195,12.441548897367198,1,3,,False,True,,4311,100.0
104,2026-09-13T21:23:20.240+00:00,2026-09-13T21:23:20.494+00:00,2026-09-13T21:24:52.332+00:00,True,1144,1144.0,,1144.0,254.37313,92091.85281000001,92091.852964,80.49987147202798,0.019059999999999997,437.941832,16.653859988350572,89.58854455000001,80.34775125109361,15.84607606708532,12.422380103050507,1,3,,False,True,,4361,100.0
105,2026-09-13T21:23:24.614+00:00,2026-09-13T21:23:24.828+00:00,2026-09-13T21:25:02.214+00:00,True,1212,1212.0,,1212.0,214.49495499999998,97600.07780300001,97600.077587,80.5281168209571,0.01749,436.403786,15.811245409886608,88.60990975,80.4174920297275,15.341362207024137,12.418022887710709,1,3,,False,True,,6391,100.0
106,2026-09-13T21:23:30.294+00:00,2026-09-13T21:23:30.509+00:00,2026-09-13T21:25:18.030+00:00,True,1337,1337.0,,1337.0,214.813595,107735.612571,107735.61252,80.5801140762902,0.03592,442.430183,15.318576540640471,87.7480974,80.47963995209581,14.877078482958838,12.410009727460261,1,3,,False,True,,6953,100.0
107,2026-09-13T21:23:34.264+00:00,2026-09-13T21:23:34.480+00:00,2026-09-13T21:25:08.140+00:00,True,1164,1164.0,,1164.0,216.01988200000002,93876.071594,93876.071571,80.64954602319588,0.018018999999999997,439.205429,16.188206555224813,89.53993749999998,80.533148505589,15.700306948952345,12.399325837090055,1,3,,False,True,,4983,100.0
108,2026-09-13T21:23:37.963+00:00,2026-09-13T21:23:38.162+00:00,2026-09-13T21:25:00.884+00:00,True,1028,1028.0,,1028.0,199.428718,82920.872558,82920.87244,80.66232727626459,0.01681,444.552337,17.103768437879225,92.0977822,80.54668338851023,16.70517114518867,12.39736110206695,1,3,,False,True,,5061,100.0
109,2026-09-13T21:23:42.192+00:00,2026-09-13T21:23:42.443+00:00,2026-09-13T21:25:37.051+00:00,True,1425,1425.0,,1425.0,250.91309700000002,114858.89210499999,114858.89229,80.60273143157895,0.01602,444.210698,15.172041824566893,89.5971954,80.48313132584269,14.489819248944151,12.406527469351825,1,3,,False,True,,7671,100.0
110,2026-09-13T21:23:47.398+00:00,2026-09-13T21:23:47.589+00:00,2026-09-13T21:25:09.688+00:00,True,1018,1018.0,,1018.0,191.20527600000003,82290.288796,82290.28873,80.83525415520629,0.016280000000000003,442.732951,17.025757442062872,90.3450542,80.7267291248771,16.67813381433627,12.370840045581215,1,3,,False,True,,4870,100.0
111,2026-09-13T21:23:52.765+00:00,2026-09-13T21:23:53.012+00:00,2026-09-13T21:25:54.744+00:00,True,1499,1499.0,,1499.0,247.592613,121979.408293,121979.408349,81.37385480253502,0.01609,442.03193300000004,16.23821988452606,88.27717220000001,81.26289431241655,15.664854419773352,12.288959431573359,1,3,,False,True,,4362,100.0
112,2026-09-13T21:23:58.437+00:00,2026-09-13T21:23:58.691+00:00,2026-09-13T21:26:00.099+00:00,True,1487,1487.0,,1487.0,253.69360999999998,121661.654698,121661.654532,81.81684904640215,0.01706,446.165964,17.64904334115314,91.7440886,81.70118511978465,17.081918072137185,12.222421301856953,1,3,,False,True,,7797,100.0
113,2026-09-13T21:24:03.568+00:00,2026-09-13T21:24:03.805+00:00,2026-09-13T21:25:25.993+00:00,True,1002,1002.0,,1002.0,236.868477,82424.81830099999,82424.818441,82.26029784530938,64.76916,1560.2811920000001,47.921387701462585,85.03396805,82.10584398001998,47.695163987460404,12.156532712524568,1,3,,False,True,,4432,100.0
114,2026-09-13T21:24:07.894+00:00,2026-09-13T21:24:08.133+00:00,2026-09-13T21:25:46.209+00:00,True,1170,1170.0,,1170.0,239.485812,98315.281268,98315.281135,84.03015481623932,64.755779,3152.862274,90.88851784163991,89.88337395,83.8971731873396,90.81347982195234,11.900489780532373,1,3,,False,True,,3344,100.0
115,2026-09-13T21:24:12.038+00:00,2026-09-13T21:24:12.274+00:00,2026-09-13T21:26:11.596+00:00,True,1383,1383.0,,1383.0,235.97864900000002,119557.58940099999,119557.589169,86.44800373752712,66.542776,5694.314401,151.79676197091587,92.2879961,86.33980517510854,151.79834735895264,11.567647080616302,1,3,,False,True,,6164,100.0
116,2026-09-13T21:24:15.765+00:00,2026-09-13T21:24:16.017+00:00,2026-09-13T21:26:25.587+00:00,True,1489,1489.0,,1489.0,252.292844,129822.051052,129822.05092,87.1874082740094,69.699769,6488.66157,166.9664756404575,92.2063818,87.07645040860214,166.9676817044905,11.469546105103388,1,3,,False,True,,6437,100.0
118,2026-09-13T21:24:24.221+00:00,2026-09-13T21:24:25.130+00:00,2026-09-13T21:25:57.864+00:00,True,1142,1142.0,,1142.0,908.957412,93642.77680400001,93642.776891,81.99892897635726,68.489922,908.957412,26.814695434457217,88.45955165,81.2741624820333,10.920412439309983,12.195281248336698,1,3,,False,True,,3874,100.0
117,2026-09-13T21:24:20.935+00:00,2026-09-13T21:24:25.132+00:00,2026-09-13T21:26:08.602+00:00,True,1267,1267.0,,1267.0,4196.128794,107666.742554,107666.742405,84.97769724151539,64.314031,4196.128794,116.2544329268143,88.6921615,81.73034262243286,12.421899530695725,11.767793563221616,1,3,,False,True,,5574,100.0
119,2026-09-13T21:24:27.572+00:00,2026-09-13T21:24:27.818+00:00,2026-09-13T21:26:25.080+00:00,True,1419,1419.0,,1419.0,246.27731599999998,117508.20115600001,117508.201126,82.81057161804087,67.315724,356.731414,17.646897080167857,91.88491889999999,82.69529184767278,17.11028064564065,12.075752892482647,1,3,,False,True,,7713,100.0
120,2026-09-13T21:24:33.011+00:00,2026-09-13T21:24:33.222+00:00,2026-09-13T21:26:03.826+00:00,True,1110,1110.0,,1110.0,211.058413,90815.059181,90815.059183,81.81536863333334,66.55242600000001,260.901703,13.125764894033892,91.75221574999999,81.69882846528404,12.544004105088833,12.222642478134619,1,3,,False,True,,5323,100.0
121,2026-09-13T21:24:36.315+00:00,2026-09-13T21:24:36.558+00:00,2026-09-13T21:26:11.011+00:00,True,1150,1150.0,,1150.0,243.176664,94695.99765599999,94695.997595,82.3443457347826,67.974073,356.30639399999995,15.987610965791088,90.45841834999999,82.20436987989557,15.273325804276167,12.144124656435629,1,3,,False,True,,4767,100.0
122,2026-09-13T21:24:41.975+00:00,2026-09-13T21:24:42.192+00:00,2026-09-13T21:26:08.603+00:00,True,1052,1052.0,,1052.0,217.17267999999999,86627.953352,86627.953399,82.34596330703422,66.753265,264.257825,14.035814715251883,89.2065611,82.21767904091342,13.411284857248416,12.143886116359603,1,3,,False,True,,3995,100.0
123,2026-09-13T21:24:46.472+00:00,2026-09-13T21:24:46.724+00:00,2026-09-13T21:26:36.751+00:00,True,1306,1306.0,,1306.0,252.029224,110278.658088,110278.658159,84.44001390428791,68.199223,356.822264,22.61088575220721,94.34347275,84.31159299923372,22.137959059411997,11.842726622206811,1,3,,False,True,,3021,100.0
124,2026-09-13T21:24:51.031+00:00,2026-09-13T21:24:51.285+00:00,2026-09-13T21:26:38.635+00:00,True,1272,1272.0,,1272.0,254.395379,107604.296435,107604.296499,84.59457271933962,64.56845,360.622276,23.070797112101484,95.38850755,84.46097644059795,22.582304516621413,11.82108932581861,1,3,,False,True,,6760,100.0
125,2026-09-13T21:24:54.480+00:00,2026-09-13T21:24:54.730+00:00,2026-09-13T21:26:41.985+00:00,True,1270,1270.0,,1270.0,249.793389,107505.612909,107505.612778,84.6500888015748,75.13082700000001,359.848737,22.96921302483529,93.81633549999998,84.51995234042553,22.50501903173948,11.813336677360406,1,3,,False,True,,5571,100.0
126,2026-09-13T21:24:57.862+00:00,2026-09-13T21:24:58.095+00:00,2026-09-13T21:26:37.055+00:00,True,1168,1168.0,,1168.0,233.17764499999998,99193.029165,99193.029058,84.9255385770548,74.478708,356.72711400000003,23.754066879868734,97.01396595,84.79850173093402,23.36394004025376,11.775020985165416,1,3,,False,True,,2336,100.0
127,2026-09-13T21:25:03.536+00:00,2026-09-13T21:25:03.708+00:00,2026-09-13T21:27:05.406+00:00,True,1450,1450.0,,1450.0,172.059628,121870.220012,121870.220028,84.04842760551725,0.01575,592.296302,25.740240133549445,94.594776,83.98768832574189,25.644970529500966,11.897902538103445,1,3,,False,True,,6705,100.0
128,2026-09-13T21:25:08.638+00:00,2026-09-13T21:25:08.899+00:00,2026-09-13T21:26:46.127+00:00,True,1145,1145.0,,1145.0,260.698733,97489.080941,97489.080839,85.14330204279476,74.197388,358.085811,24.154016882549136,100.37225140000001,84.98984458741258,23.599568173333715,11.744905059603028,1,3,,False,True,,3905,100.0
129,2026-09-13T21:25:13.200+00:00,2026-09-13T21:25:13.440+00:00,2026-09-13T21:26:41.355+00:00,True,1028,1028.0,,1028.0,239.586508,88155.307212,88155.307214,85.75418989688715,73.88869899999999,358.50584100000003,25.119222928525016,102.66260305,85.60440185394353,24.66785624544031,11.661237791705695,1,3,,False,True,,4693,100.0
130,2026-09-13T21:25:17.087+00:00,2026-09-13T21:25:17.313+00:00,2026-09-13T21:26:49.921+00:00,True,1086,1086.0,,1086.0,226.292428,92834.320332,92834.320455,85.48279968232045,74.929807,357.83547100000004,24.505165808624316,102.09360825,85.35302110967741,24.140201542072795,11.698259825850803,1,3,,False,True,,2803,100.0
131,2026-09-13T21:25:22.885+00:00,2026-09-13T21:25:23.116+00:00,2026-09-13T21:26:55.034+00:00,True,1078,1078.0,,1078.0,230.787068,92149.08262,92149.082706,85.48152384601113,74.303869,359.624458,24.627780981071226,102.03182569999998,85.34660682636954,24.237378913599702,11.698434421158646,1,3,,False,True,,3813,100.0
132,2026-09-13T21:25:26.453+00:00,2026-09-13T21:25:26.709+00:00,2026-09-13T21:27:09.028+00:00,True,1209,1209.0,,1209.0,255.882684,102575.059644,102575.059609,84.84289463110008,0.016489999999999998,592.356361,28.31949435841309,98.94187099999999,84.70130543046358,27.899836468598288,11.786490831162963,1,3,,False,True,,4916,100.0
133,2026-09-13T21:25:31.108+00:00,2026-09-13T21:25:31.374+00:00,2026-09-13T21:27:18.935+00:00,True,1275,1275.0,,1275.0,265.70638199999996,107826.749326,107826.74935499999,84.56999949411765,0.01727,593.823718,27.635980948791424,96.2048314,84.42782020722134,27.176334734170073,11.824524136818825,1,3,,False,True,,4628,100.0
134,2026-09-13T21:25:35.776+00:00,2026-09-13T21:25:35.979+00:00,2026-09-13T21:27:23.633+00:00,True,1272,1272.0,,1272.0,203.183038,107856.669118,107856.669021,84.79297879009434,0.01579,656.456642,30.462884410244296,94.82708214999998,84.69983169158142,30.29312002017417,11.793429283527896,1,3,,False,True,,7632,100.0
135,2026-09-13T21:25:39.189+00:00,2026-09-13T21:25:39.438+00:00,2026-09-13T21:27:18.051+00:00,True,1130,1130.0,,1130.0,248.748998,98861.37286999999,98861.372929,87.48794064513274,0.01584,1484.389601,63.19224584658819,99.1995751,87.34510528963685,63.03749472563785,11.430146751916132,1,3,,False,True,,6204,100.0
136,2026-09-13T21:25:44.655+00:00,2026-09-13T21:25:46.043+00:00,2026-09-13T21:27:47.411+00:00,True,1399,1399.0,,1399.0,1388.2193200000002,122756.80428,122756.804332,87.74610745675483,0.016989999999999998,3026.385546,97.87121819208332,94.19390890000001,86.81586907010015,91.51037923981954,11.396516944258138,1,3,,False,True,,5714,100.0
137,2026-09-13T21:25:49.650+00:00,2026-09-13T21:25:49.914+00:00,2026-09-13T21:27:59.216+00:00,True,1443,1443.0,,1443.0,263.76941600000004,129565.94772,129565.947721,89.78929155994456,0.0175,6399.698068,172.44925815588184,94.50010920000001,89.66863960055478,172.4481514075057,11.137185544448855,1,3,,False,True,,4899,100.0
138,2026-09-13T21:25:55.667+00:00,2026-09-13T21:25:55.928+00:00,2026-09-13T21:28:08.541+00:00,True,1444,1444.0,,1444.0,261.439591,132874.059623,132874.059596,92.01804681163435,0.01578,9419.435658,249.94804821615492,99.06884005,91.90063758281357,249.99486734020178,10.867433448613086,1,3,,False,True,,5303,100.0
139,2026-09-13T21:26:00.375+00:00,2026-09-13T21:26:00.599+00:00,2026-09-13T21:27:53.475+00:00,True,1235,1235.0,,1235.0,223.344154,113100.047898,113100.047762,91.57898604210526,0.01611,10605.520107,300.4024243680398,89.63154920000001,91.47220724797407,300.50077018661045,10.919535605447246,1,3,,False,True,,5645,100.0
141,2026-09-13T21:26:07.937+00:00,2026-09-13T21:26:11.951+00:00,2026-09-13T21:27:40.390+00:00,True,1039,1039.0,,1039.0,4013.780178,92452.744146,92452.744118,88.98242937247353,0.01557,4013.780178,139.10060925674478,92.2022257,85.20131403468208,67.07386635481714,11.2381737242891,1,3,,False,True,,4712,100.0
140,2026-09-13T21:26:03.696+00:00,2026-09-13T21:26:11.951+00:00,2026-09-13T21:28:09.667+00:00,True,1403,1403.0,,1403.0,8255.65462,125971.344348,125971.344233,89.7871306008553,0.01594,8255.65462,219.71272919045586,94.52299310000001,83.9626888216833,26.050387141795706,11.137453579316945,1,3,,False,True,,4843,100.0
142,2026-09-13T21:26:12.940+00:00,2026-09-13T21:26:13.153+00:00,2026-09-13T21:27:56.257+00:00,True,1162,1162.0,,1162.0,212.756997,103317.64250100001,103317.642604,88.91363391049914,0.0156,3487.367933,142.74328489205442,91.28581985000001,88.80696425839794,142.75846342854092,11.246869091004985,1,3,,False,True,,4790,100.0
143,2026-09-13T21:26:17.944+00:00,2026-09-13T21:26:18.191+00:00,2026-09-13T21:28:22.438+00:00,True,1378,1378.0,,1378.0,246.788693,124493.872981,124493.873016,90.34388462699565,0.01641,5239.402851,197.05884062044132,93.89405119999999,90.2302718140886,197.08528320544667,11.068817822145412,1,3,,False,True,,5651,100.0
144,2026-09-13T21:26:23.222+00:00,2026-09-13T21:26:25.986+00:00,2026-09-13T21:28:18.286+00:00,True,1261,1261.0,,1261.0,2763.550947,115064.285923,115064.286091,91.2484425781126,0.01647,7243.609251,218.48665799329473,94.63253399999999,89.12756744126985,205.177275193854,10.959091171380928,1,3,,False,True,,6352,100.0
145,2026-09-13T21:26:28.713+00:00,2026-09-13T21:26:36.748+00:00,2026-09-13T21:28:31.136+00:00,True,1392,1392.0,,1392.0,8034.3767,122423.182332,122423.182312,87.94768844252873,0.016239999999999997,8034.3767,214.0180679372267,92.19878669999999,82.23494294176851,19.37630380653009,11.370395487882586,1,3,,False,True,,7325,100.0
146,2026-09-13T21:26:34.679+00:00,2026-09-13T21:26:36.972+00:00,2026-09-13T21:27:59.589+00:00,True,1007,1007.0,,1007.0,2293.262971,84910.080891,84910.080909,84.31984201489573,0.016079999999999997,2293.262971,73.11084737770673,86.25583840000002,82.12407347912524,22.14801620527067,11.859604765807452,1,3,,False,True,,5513,100.0
147,2026-09-13T21:26:38.813+00:00,2026-09-13T21:26:39.069+00:00,2026-09-13T21:28:04.014+00:00,True,1033,1033.0,,1033.0,255.598164,85200.44757199999,85200.447591,82.47865207260406,0.01554,512.608485,22.58234230339498,86.6024794,82.31090058914728,21.93989952790723,12.12434945399843,1,3,,False,True,,3104,100.0
148,2026-09-13T21:26:43.036+00:00,2026-09-13T21:26:43.288+00:00,2026-09-13T21:28:08.282+00:00,True,1030,1030.0,,1030.0,252.342621,85245.664093,85245.664094,82.76278067378641,0.01622,518.176573,22.914111578674184,90.7216093,82.5979800505345,22.306187207113073,12.082725977432782,1,3,,False,True,,3235,100.0
149,2026-09-13T21:26:47.540+00:00,2026-09-13T21:26:47.757+00:00,2026-09-13T21:28:36.431+00:00,True,1323,1323.0,,1323.0,217.024408,108891.40111199999,108891.401204,82.30642570219199,0.01597,513.846152,20.07112575184924,92.26419519999999,82.20452095612708,19.73336449647739,12.149719688510862,1,3,,False,True,,4652,100.0
150,2026-09-13T21:26:53.564+00:00,2026-09-13T21:26:53.800+00:00,2026-09-13T21:28:52.583+00:00,True,1447,1447.0,,1447.0,235.766207,119018.358207,119018.358062,82.25180239253628,0.01604,514.8718,19.36853800960174,91.02495689999999,82.14563762102351,18.94939171220506,12.157788275682126,1,3,,False,True,,5436,100.0
151,2026-09-13T21:26:57.826+00:00,2026-09-13T21:26:58.053+00:00,2026-09-13T21:28:34.147+00:00,True,1165,1165.0,,1165.0,227.022037,96320.325333,96320.325153,82.67839068927039,0.01577,514.67809,21.361072031728686,92.8544242,82.55438427491409,20.946536728836392,12.095058815180964,1,3,,False,True,,4963,100.0
152,2026-09-13T21:27:02.234+00:00,2026-09-13T21:27:02.477+00:00,2026-09-13T21:28:52.345+00:00,True,1334,1334.0,,1334.0,243.75414,110111.300252,110111.300159,82.54220401724137,0.016079999999999997,589.387728,21.50475704292218,92.54889345,82.42126490022505,21.054113698565594,12.115014507566583,1,3,,False,True,,7564,100.0
153,2026-09-13T21:27:08.267+00:00,2026-09-13T21:27:08.476+00:00,2026-09-13T21:29:03.173+00:00,True,1394,1394.0,,1394.0,208.562477,114905.742381,114905.742475,82.42879661047346,71.800224,299.43494599999997,15.056446281276205,94.34669434999999,82.33824831586504,14.677255432338189,12.131682639304733,1,3,,False,True,,7411,100.0
154,2026-09-13T21:27:13.785+00:00,2026-09-13T21:27:14.000+00:00,2026-09-13T21:28:46.811+00:00,True,1123,1123.0,,1123.0,215.16266099999999,93025.593125,93025.592972,82.83668118610863,73.017151,297.64543,16.572430872973705,94.41306400000002,82.71874372905526,16.101443875649885,12.071946679135994,1,3,,False,True,,1123,100.0
155,2026-09-13T21:27:19.521+00:00,2026-09-13T21:27:19.752+00:00,2026-09-13T21:28:45.746+00:00,True,1039,1039.0,,1039.0,230.746948,86224.673348,86224.673489,82.98813617805583,72.91592,297.069901,17.22464371080318,94.75555479999998,82.84578651252409,16.61025382026173,12.049915176908002,1,3,,False,True,,3749,100.0
156,2026-09-13T21:27:25.341+00:00,2026-09-13T21:27:25.551+00:00,2026-09-13T21:29:03.409+00:00,True,1183,1183.0,,1183.0,209.96589300000002,98067.474245,98067.474202,82.89727320540997,71.14611500000001,299.37786700000004,16.13694731949148,96.8078286,82.78977017935702,15.714264975403376,12.063122958021076,1,3,,False,True,,1759,100.0
157,2026-09-13T21:27:30.627+00:00,2026-09-13T21:27:30.837+00:00,2026-09-13T21:29:05.708+00:00,True,1145,1145.0,,1145.0,209.797194,95080.078922,95080.079001,83.03937030655021,72.422692,298.470039,16.45086695688162,96.11105719999999,82.92856794405594,16.024922293989533,12.042480538318795,1,3,,False,True,,4688,100.0
158,2026-09-13T21:27:34.412+00:00,2026-09-13T21:27:34.673+00:00,2026-09-13T21:29:38.696+00:00,True,1467,1467.0,,1467.0,260.74404300000003,124283.916395,124283.916333,84.71977936809816,72.492223,1102.669363,38.413621822370885,96.06615359999999,84.59970828922238,38.150356594860256,11.803619024504913,1,3,,False,True,,7956,100.0
159,2026-09-13T21:27:38.424+00:00,2026-09-13T21:27:38.688+00:00,2026-09-13T21:29:14.985+00:00,True,1102,1102.0,,1102.0,263.633906,96560.325362,96560.325367,87.62279978856624,72.47347,2613.332525,101.99035027007304,97.7541936,87.46293501907357,101.8984730963651,11.412554751329338,1,3,,False,True,,4988,100.0
160,2026-09-13T21:27:42.312+00:00,2026-09-13T21:27:42.531+00:00,2026-09-13T21:29:28.486+00:00,True,1150,1150.0,,1150.0,219.614142,106174.118078,106174.118071,92.32532006173913,73.045211,3842.836251,171.35710652105263,97.01105745000001,92.21453780330722,171.39051565290427,10.83126491481814,1,3,,False,True,,5769,100.0
161,2026-09-13T21:27:48.142+00:00,2026-09-13T21:27:49.299+00:00,2026-09-13T21:29:51.839+00:00,True,1361,1361.0,,1361.0,1156.554684,123696.537276,123696.537262,90.88650790742102,70.267087,7102.540059,200.19252916093677,99.755912,90.1029283764706,198.16728742174269,11.002733220924735,1,3,,False,True,,5350,100.0
162,2026-09-13T21:27:53.858+00:00,2026-09-13T21:27:56.819+00:00,2026-09-13T21:29:53.268+00:00,True,1365,1365.0,,1365.0,2961.146838,119410.473686,119410.473469,87.48020034358974,71.912663,2961.146838,106.10495651750406,99.1231114,85.37340678005866,72.134704680684,11.431158070684683,1,3,,False,True,,2891,100.0
163,2026-09-13T21:27:59.141+00:00,2026-09-13T21:27:59.825+00:00,2026-09-13T21:29:41.490+00:00,True,1221,1221.0,,1221.0,684.589218,102349.83465799999,102349.834609,83.82459836936937,72.115543,684.589218,28.21731005187599,92.637019,83.33216839344261,22.372974511467103,11.929672422822646,1,3,,False,True,,6613,100.0
164,2026-09-13T21:28:03.765+00:00,2026-09-13T21:28:04.236+00:00,2026-09-13T21:29:36.722+00:00,True,1122,1122.0,,1122.0,471.250335,92957.264287,92957.264275,82.84961165329769,72.140033,471.250335,19.41919260604676,92.3312425,82.50313465834077,15.576570039175957,12.070062610017137,1,3,,False,True,,4232,100.0
165,2026-09-13T21:28:07.270+00:00,2026-09-13T21:28:07.546+00:00,2026-09-13T21:30:01.667+00:00,True,1377,1377.0,,1377.0,275.603221,114396.684309,114396.684327,83.07674969281045,71.455794,308.76695,18.710855720224558,93.1940164,82.93683218604652,17.982596215095292,12.03706216065273,1,3,,False,True,,6793,100.0
166,2026-09-13T21:28:12.622+00:00,2026-09-13T21:28:12.891+00:00,2026-09-13T21:29:58.566+00:00,True,1271,1271.0,,1271.0,269.107214,105943.960078,105943.960077,83.35480729897718,71.50255499999999,310.437717,19.28205795618307,94.07230599999998,83.20854556220472,18.57092624047366,11.99690854546348,1,3,,False,True,,2521,100.0
167,2026-09-13T21:28:18.560+00:00,2026-09-13T21:28:18.787+00:00,2026-09-13T21:29:59.591+00:00,True,1211,1211.0,,1211.0,227.445675,101031.66737099999,101031.667243,83.42829664987613,72.56163400000001,310.00924699999996,19.357209565203597,93.20094799999998,83.30927412892562,18.91670727946789,11.986340832652674,1,3,,False,True,,5735,100.0
168,2026-09-13T21:28:21.908+00:00,2026-09-13T21:28:22.120+00:00,2026-09-13T21:29:52.264+00:00,True,1079,1079.0,,1079.0,211.92433,90356.12119399999,90356.121248,83.74061283410565,72.82547100000001,310.50444699999997,20.36491898775695,94.08033500000002,83.6217039554731,19.99611322474234,11.9416369997039,1,3,,False,True,,4187,100.0
169,2026-09-13T21:28:26.205+00:00,2026-09-13T21:28:26.393+00:00,2026-09-13T21:29:51.036+00:00,True,1011,1011.0,,1011.0,187.21505100000002,84830.629323,84830.62949200001,83.90764539268052,72.435702,311.29825400000004,20.743160061446336,96.644203,83.80536066534653,20.496762630643627,11.9178651398486,1,3,,False,True,,5013,100.0
170,2026-09-13T21:28:30.209+00:00,2026-09-13T21:28:30.429+00:00,2026-09-13T21:30:15.092+00:00,True,1271,1271.0,,1271.0,219.118604,104882.67854000001,104882.678468,82.51980996695515,68.113503,307.851132,19.005508701134726,89.2220695,82.41225191811024,18.621995184508947,12.118302256318403,1,3,,False,True,,4929,100.0
171,2026-09-13T21:28:34.665+00:00,2026-09-13T21:28:34.904+00:00,2026-09-13T21:30:26.904+00:00,True,1371,1371.0,,1371.0,239.902837,112239.808629,112239.808639,81.86711060466813,0.01601,666.458031,25.183057525468374,89.841921,81.75175605255474,24.827254389781533,12.214917476665827,1,3,,False,True,,6104,100.0
172,2026-09-13T21:28:38.051+00:00,2026-09-13T21:28:38.284+00:00,2026-09-13T21:30:09.871+00:00,True,1103,1103.0,,1103.0,233.113842,91820.844274,91820.844442,83.24645914959203,69.751811,311.73414399999996,20.342537096757578,91.3327615,83.11046318693285,19.843800376915084,12.012522959477138,1,3,,False,True,,5495,100.0
173,2026-09-13T21:28:43.449+00:00,2026-09-13T21:28:43.654+00:00,2026-09-13T21:30:34.692+00:00,True,1363,1363.0,,1363.0,205.155264,111243.63488,111243.635063,81.61675353118122,0.016989999999999998,731.235087,26.344086430147726,88.23474350000001,81.52604964464024,26.139985269274902,12.252386408177747,1,3,,False,True,,7202,100.0
174,2026-09-13T21:28:47.904+00:00,2026-09-13T21:28:48.125+00:00,2026-09-13T21:30:38.039+00:00,True,1353,1353.0,,1353.0,220.54921,110134.653274,110134.65328,81.40033501847746,0.01675,665.431153,25.237839294854062,87.7049728,81.29741424852072,24.961516263726935,12.284961724389511,1,3,,False,True,,4922,100.0
175,2026-09-13T21:28:51.194+00:00,2026-09-13T21:28:51.434+00:00,2026-09-13T21:30:15.317+00:00,True,1014,1014.0,,1014.0,240.33571700000002,84123.318629,84123.318736,82.96185279684418,70.01739,312.572322,21.241824427006183,89.09440325,82.80649843237907,20.667943411226503,12.053732740525072,1,3,,False,True,,5257,100.0
176,2026-09-13T21:28:54.503+00:00,2026-09-13T21:28:54.736+00:00,2026-09-13T21:30:19.027+00:00,True,1022,1022.0,,1022.0,232.658952,84524.201992,84524.202,82.70469863013699,0.01666,664.4827560000001,28.766773089160594,89.60621254999998,82.55782863858963,28.394925252094552,12.091211462685322,1,3,,False,True,,4850,100.0
177,2026-09-13T21:28:57.839+00:00,2026-09-13T21:28:58.036+00:00,2026-09-13T21:30:35.372+00:00,True,1196,1196.0,,1196.0,196.740713,97533.43088900001,97533.430885,81.54969137541806,0.01578,663.063248,26.674244278603446,88.0257395,81.45329721841004,26.476192548610047,12.262462102467543,1,3,,False,True,,4775,100.0
178,2026-09-13T21:29:02.200+00:00,2026-09-13T21:29:02.457+00:00,2026-09-13T21:30:38.567+00:00,True,1146,1146.0,,1146.0,257.276171,96367.13037900001,96367.130472,84.08999168586388,0.01739,2091.572437,75.96811487655411,89.63694674999999,83.93873729956331,75.82848166277196,11.892021641538186,1,3,,False,True,,5738,100.0
179,2026-09-13T21:29:06.721+00:00,2026-09-13T21:29:06.990+00:00,2026-09-13T21:31:15.930+00:00,True,1436,1436.0,,1436.0,268.39268599999997,129208.718062,129208.718248,89.97821605013928,0.01531,5962.578178000001,174.06962401557405,94.67668375000001,89.85388527944251,174.06651077667138,11.113801154740536,1,3,,False,True,,4020,100.0
180,2026-09-13T21:29:11.853+00:00,2026-09-13T21:29:12.083+00:00,2026-09-13T21:31:06.064+00:00,True,1192,1192.0,,1192.0,229.6925,114210.712916,114210.71302,95.81435656040269,0.016120000000000002,15011.562783,442.47151143350345,86.42502280000001,95.70194829219143,442.64035696274703,10.436849307443648,1,3,,False,True,,5874,100.0
181,2026-09-13T21:29:17.880+00:00,2026-09-13T21:29:18.307+00:00,2026-09-13T21:31:22.927+00:00,True,1289,1289.0,,1289.0,426.68404300000003,125047.078539,125047.078321,97.01092189371606,0.01541,15994.942445,461.13150424965886,89.9521458,96.75496467080745,461.21901085518726,10.308117671041659,1,3,,False,True,,7168,100.0
182,2026-09-13T21:29:22.964+00:00,2026-09-13T21:29:24.014+00:00,2026-09-13T21:31:10.729+00:00,True,1132,1132.0,,1132.0,1050.489684,107765.037396,107765.037425,95.19879631183746,0.016309999999999998,16327.649431,484.45897126362706,86.5600575,94.35415359151193,483.83870224200393,10.504334498027255,1,3,,False,True,,5335,100.0
183,2026-09-13T21:29:28.230+00:00,2026-09-13T21:29:40.997+00:00,2026-09-13T21:31:31.282+00:00,True,1359,1359.0,,1359.0,12767.291926000002,123052.388886,123052.38892,90.54627587932303,0.0159,12767.291926000002,345.3684745430264,88.385708,81.21141160530192,29.277552057276825,11.044076529542426,1,3,,False,True,,6839,100.0
184,2026-09-13T21:29:33.188+00:00,2026-09-13T21:29:41.808+00:00,2026-09-13T21:31:23.576+00:00,True,1254,1254.0,,1254.0,8619.407396999999,110387.395621,110387.395403,88.02822599920255,0.015710000000000002,8619.407396999999,243.53450006422432,88.66836045000002,81.21946386592178,34.285542952252314,11.359992623663638,1,3,,False,True,,6167,100.0
185,2026-09-13T21:29:37.230+00:00,2026-09-13T21:29:41.810+00:00,2026-09-13T21:31:34.656+00:00,True,1381,1381.0,,1381.0,4579.122717,117425.729053,117425.729011,85.02949240477915,0.01597,4579.122717,128.0639819832377,88.72605100000001,81.772903142029,41.900290614669295,11.76062530024137,1,3,,False,True,,3416,100.0
186,2026-09-13T21:29:42.975+00:00,2026-09-13T21:29:45.360+00:00,2026-09-13T21:31:26.452+00:00,True,1247,1247.0,,1247.0,2385.466839,103477.795799,103477.795679,82.98139188372093,0.01626,2385.466839,73.14168482173046,87.12078969999999,81.13349033707864,33.05149837143591,12.050894497426576,1,3,,False,True,,6072,100.0
187,2026-09-13T21:29:46.673+00:00,2026-09-13T21:29:46.959+00:00,2026-09-13T21:31:17.123+00:00,True,1116,1116.0,,1116.0,285.700036,90450.069188,90450.06928,81.04844917562724,0.015609999999999999,925.54393,37.15501053297429,85.50901225000001,80.8649050690583,36.662026898161145,12.338299019765255,1,3,,False,True,,4223,100.0
188,2026-09-13T21:29:51.670+00:00,2026-09-13T21:29:51.942+00:00,2026-09-13T21:31:25.327+00:00,True,1166,1166.0,,1166.0,272.697226,93656.996746,93656.996703,80.32332478816467,0.01734,666.85176,26.56592122953136,86.67550975,80.15819701287555,25.97178104425589,12.44968385183458,1,3,,False,True,,5247,100.0
189,2026-09-13T21:29:57.693+00:00,2026-09-13T21:29:57.919+00:00,2026-09-13T21:31:37.556+00:00,True,1245,1245.0,,1245.0,226.459926,99862.989334,99862.989422,80.21123648353414,0.037878999999999996,656.490812,25.289684431239113,85.253126,80.09367315755627,24.957191981466543,12.46708123102539,1,3,,False,True,,2950,100.0
190,2026-09-13T21:30:03.492+00:00,2026-09-13T21:30:03.741+00:00,2026-09-13T21:31:26.214+00:00,True,1028,1028.0,,1028.0,248.709748,82721.86481999999,82721.864939,80.46874021303502,0.01593,668.2186770000001,28.109716914496975,86.01207050000001,80.30492217332035,27.628094414009315,12.427185995345893,1,3,,False,True,,4397,100.0
191,2026-09-13T21:30:07.446+00:00,2026-09-13T21:30:07.670+00:00,2026-09-13T21:31:42.311+00:00,True,1179,1179.0,,1179.0,224.150641,94864.609649,94864.60961,80.46192502968617,0.0158,667.16372,26.131977586089597,86.0433061,80.33994822410867,25.80511326752543,12.428238564015723,1,3,,False,True,,3422,100.0
192,2026-09-13T21:30:13.188+00:00,2026-09-13T21:30:13.421+00:00,2026-09-13T21:32:08.442+00:00,True,1421,1421.0,,1421.0,233.463581,115253.80098900001,115253.801013,81.10753062139338,0.01572,741.4337850000001,26.168008436571665,86.686624,81.00023761126761,25.862667304417663,12.329311378942046,1,3,,False,True,,3872,100.0
193,2026-09-13T21:30:17.596+00:00,2026-09-13T21:30:17.805+00:00,2026-09-13T21:32:08.547+00:00,True,1364,1364.0,,1364.0,209.175076,110951.349284,110951.349344,81.34263148387097,66.652678,355.57082,18.58027510748172,89.52599285000001,81.24884387967718,18.261252623846786,12.293676542036419,1,3,,False,True,,12730,100.0
194,2026-09-13T21:30:21.316+00:00,2026-09-13T21:30:21.546+00:00,2026-09-13T21:32:11.559+00:00,True,1352,1352.0,,1352.0,229.543569,110242.394257,110242.39437,81.54023252218934,69.071032,359.390382,18.79396487157311,87.93420575,81.43068148630644,18.36401127921484,12.263884589155253,1,3,,False,True,,5102,100.0
195,2026-09-13T21:30:25.453+00:00,2026-09-13T21:30:25.671+00:00,2026-09-13T21:32:09.918+00:00,True,1277,1277.0,,1277.0,218.92657,104465.49553,104465.495553,81.80539980657792,68.954312,356.785687,19.17540077034911,86.99579779999998,81.69793805642634,18.794305415710465,12.224131934867202,1,3,,False,True,,8278,100.0
196,2026-09-13T21:30:29.734+00:00,2026-09-13T21:30:29.925+00:00,2026-09-13T21:32:15.762+00:00,True,1291,1291.0,,1291.0,190.866221,106027.256877,106027.256853,82.12800685747483,69.629542,456.17434499999996,20.690222855181585,87.149109,82.0437136868217,20.475284397144627,12.176114312734336,1,3,,False,True,,6488,100.0
197,2026-09-13T21:30:34.423+00:00,2026-09-13T21:30:34.613+00:00,2026-09-13T21:32:33.506+00:00,True,1381,1381.0,,1381.0,189.849434,119082.37449,119082.374633,86.2290909724837,69.698481,1959.251839,87.73350170092124,88.388071,86.15400366376811,87.72090230190578,11.597014301356328,1,3,,False,True,,4241,100.0
198,2026-09-13T21:30:37.768+00:00,2026-09-13T21:30:37.961+00:00,2026-09-13T21:32:40.840+00:00,True,1344,1344.0,,1344.0,193.33187700000002,123072.025253,123072.025358,91.5714474389881,69.784001,6673.272409,220.59325573296422,92.4412889,91.49567637825763,220.65793599589307,10.920434576721476,1,3,,False,True,,7612,100.0
199,2026-09-13T21:30:43.514+00:00,2026-09-13T21:30:43.727+00:00,2026-09-13T21:32:34.476+00:00,True,1153,1153.0,,1153.0,212.631347,110961.555251,110961.555398,96.23725533217693,71.21508800000001,13811.070156,408.36800320587724,93.7857038,96.13621866666668,408.53094543986504,10.390986296036159,1,3,,False,True,,6118,100.0
200,2026-09-13T21:30:47.627+00:00,2026-09-13T21:30:47.822+00:00,2026-09-13T21:32:39.150+00:00,True,1134,1134.0,,1134.0,195.5069,111523.92315599999,111523.923163,98.34561125485008,72.124145,17573.259151000002,519.6857416096143,88.140284,98.25985547749337,519.9072102800571,10.168221919648195,1,3,,False,True,,4479,100.0
201,2026-09-13T21:30:52.444+00:00,2026-09-13T21:30:52.667+00:00,2026-09-13T21:33:08.872+00:00,True,1391,1391.0,,1391.0,222.407692,136427.73454,136427.734755,98.07888911214954,71.916006,18876.071973000002,504.3545485924427,93.57877500000001,97.98944377553956,504.5250314324712,10.195874062485183,1,3,,False,True,,5509,100.0
202,2026-09-13T21:30:56.967+00:00,2026-09-13T21:31:13.453+00:00,2026-09-13T21:33:10.513+00:00,True,1387,1387.0,,1387.0,16486.013155,133545.598435,133545.598361,96.28377675630858,72.290414,16486.013155,440.96875916045076,93.16522830000002,84.45857523809524,22.40803412325031,10.385965664567282,1,3,,False,True,,5522,100.0
204,2026-09-13T21:31:04.865+00:00,2026-09-13T21:31:14.135+00:00,2026-09-13T21:32:43.053+00:00,True,1058,1058.0,,1058.0,9270.684567,98188.062103,98188.062291,92.80535188185254,70.10352999999999,9270.684567,284.88245011118124,90.52913255,84.12240069631031,37.32103115242906,10.775240669177787,1,3,,False,True,,3989,100.0
205,2026-09-13T21:31:10.465+00:00,2026-09-13T21:31:14.138+00:00,2026-09-13T21:33:15.012+00:00,True,1418,1418.0,,1418.0,3672.705867,124546.32737099999,124546.327332,87.83238880959097,72.45328500000001,3672.705867,105.04952267068245,92.36503264999999,85.30248518278052,44.28319822127917,11.385321670514184,1,3,,False,True,,5817,100.0
203,2026-09-13T21:31:01.035+00:00,2026-09-13T21:31:14.140+00:00,2026-09-13T21:32:58.707+00:00,True,1239,1239.0,,1239.0,13104.210357999998,117671.99378199999,117671.99365,94.97336049233253,71.668456,13104.210357999998,370.6453272572496,92.79708659999999,84.4650916187399,23.736647239877566,10.52926835161288,1,3,,False,True,,5155,100.0
206,2026-09-13T21:31:14.176+00:00,2026-09-13T21:31:15.678+00:00,2026-09-13T21:33:16.473+00:00,True,1433,1433.0,,1433.0,1502.3835060000001,122297.16392199999,122297.163831,85.3434499867411,70.881298,1502.3835060000001,43.321771632850144,92.886993,84.35389693854749,21.769041570082415,11.717360845047512,1,3,,False,True,,5655,100.0
207,2026-09-13T21:31:17.600+00:00,2026-09-13T21:31:17.858+00:00,2026-09-13T21:33:07.110+00:00,True,1297,1297.0,,1297.0,257.939741,109509.842461,109509.842381,84.4331861071704,72.341046,298.739711,22.60806338127439,91.9489846,84.29930765432098,22.09648435019801,11.843684283099062,1,3,,False,True,,7087,100.0
208,2026-09-13T21:31:22.462+00:00,2026-09-13T21:31:22.678+00:00,2026-09-13T21:33:18.617+00:00,True,1376,1376.0,,1376.0,216.461379,116154.809155,116154.809307,84.4148323452035,72.993193,298.858071,22.12095333168505,92.54547525000002,84.31879838254545,21.84017745208135,11.846259401656196,1,3,,False,True,,5383,100.0
209,2026-09-13T21:31:27.510+00:00,2026-09-13T21:31:27.713+00:00,2026-09-13T21:33:03.485+00:00,True,1132,1132.0,,1132.0,203.14010399999998,95974.68852000001,95974.688505,84.78329373233215,71.637206,297.105185,23.762262296300367,93.71251445000001,84.6786458143236,23.510360074109396,11.794776492180064,1,3,,False,True,,5527,100.0
210,2026-09-13T21:31:31.763+00:00,2026-09-13T21:31:32.017+00:00,2026-09-13T21:33:15.010+00:00,True,1218,1218.0,,1218.0,253.065417,103246.554057,103246.554072,84.76728577339901,73.077614,295.553428,23.194532549907628,91.04595980000002,84.62899641741988,22.69617911163432,11.797003891554297,1,3,,False,True,,6258,100.0
211,2026-09-13T21:31:37.413+00:00,2026-09-13T21:31:37.660+00:00,2026-09-13T21:33:15.321+00:00,True,1149,1149.0,,1149.0,246.55459299999998,97907.23632099999,97907.236361,85.21082363881636,71.692427,296.541966,24.228238552520114,92.4255022,85.07028025087108,23.765604721167783,11.735598339563719,1,3,,False,True,,4852,100.0
212,2026-09-13T21:31:43.333+00:00,2026-09-13T21:31:43.575+00:00,2026-09-13T21:33:32.870+00:00,True,1293,1293.0,,1293.0,241.348155,109537.159227,109537.159335,84.71551379350348,71.92204600000001,297.55413400000003,22.896288832345352,90.69574219999998,84.59428101547988,22.48616559410568,11.804213374937392,1,3,,False,True,,1314,100.0
213,2026-09-13T21:31:48.552+00:00,2026-09-13T21:31:48.735+00:00,2026-09-13T21:33:22.382+00:00,True,1095,1095.0,,1095.0,183.461677,93830.304045,93830.303844,85.6897752,74.10838199999999,297.19275400000004,24.33762529426,94.1656957,85.6004043583181,24.168327752165688,11.670003749266867,1,3,,False,True,,4718,100.0
214,2026-09-13T21:31:53.413+00:00,2026-09-13T21:31:53.659+00:00,2026-09-13T21:33:35.531+00:00,True,1198,1198.0,,1198.0,245.082647,102117.465623,102117.46555,85.23995454924875,73.549413,298.660342,23.625116285199926,88.09349339999999,85.10641852631579,23.17828069960551,11.731587664178903,1,3,,False,True,,6178,100.0
215,2026-09-13T21:31:56.831+00:00,2026-09-13T21:31:57.032+00:00,2026-09-13T21:33:27.139+00:00,True,1039,1039.0,,1039.0,201.67419,90308.227534,90308.227456,86.91840948604427,72.741134,737.7331019999999,36.62614132755677,93.4177786,86.8078548593449,36.46994026704893,11.505042545639913,1,3,,False,True,,5004,100.0
216,2026-09-13T21:32:01.943+00:00,2026-09-13T21:32:02.179+00:00,2026-09-13T21:33:44.423+00:00,True,1184,1184.0,,1184.0,235.124027,102479.081531,102479.081726,86.5532784847973,69.610151,1235.7337579999999,52.44488166339946,90.05805624999999,86.4276901978022,52.28864275212642,11.553577396591313,1,3,,False,True,,3939,100.0
217,2026-09-13T21:32:06.651+00:00,2026-09-13T21:32:06.950+00:00,2026-09-13T21:33:38.603+00:00,True,1066,1066.0,,1066.0,299.43684,91952.370728,91952.370867,86.25925972514071,74.088042,1273.753136,44.08947610841239,89.91618025,86.05909285258215,43.622896801426755,11.592958306135301,1,3,,False,True,,5084,100.0
218,2026-09-13T21:32:11.503+00:00,2026-09-13T21:32:11.730+00:00,2026-09-13T21:34:06.621+00:00,True,1286,1286.0,,1286.0,227.13141399999998,115117.617942,115117.617841,89.51603253576982,71.24238700000001,4111.464586,124.14096769292847,87.87123725000001,89.40893893229573,124.12985883976306,11.171183203668518,1,3,,False,True,,5639,100.0
219,2026-09-13T21:32:16.025+00:00,2026-09-13T21:32:16.260+00:00,2026-09-13T21:34:01.967+00:00,True,1121,1121.0,,1121.0,234.85792800000002,105941.802696,105941.802675,94.50651442908118,72.12310599999999,7474.489104,259.0967265732192,86.86436399999998,94.38120068571429,259.1784822056975,10.581281151281798,1,3,,False,True,,5374,100.0
220,2026-09-13T21:32:20.948+00:00,2026-09-13T21:32:21.197+00:00,2026-09-13T21:34:30.388+00:00,True,1363,1363.0,,1363.0,249.249117,129440.813661,129440.813815,94.96758166911225,0.01581,8139.4519119999995,260.54502990505205,89.2748561,94.85430583259912,260.6071519239924,10.52990908701825,1,3,,False,True,,2663,100.0
221,2026-09-13T21:32:24.396+00:00,2026-09-13T21:32:25.777+00:00,2026-09-13T21:34:07.091+00:00,True,1039,1039.0,,1039.0,1380.6236669999998,102694.52344300001,102694.523438,98.83977231761308,70.1947,14229.225376,441.15405355798066,88.21363799999999,97.60491307899808,439.5664820031071,10.117384697507173,1,3,,False,True,,4615,100.0
222,2026-09-13T21:32:29.342+00:00,2026-09-13T21:32:40.342+00:00,2026-09-13T21:34:43.657+00:00,True,1446,1446.0,,1446.0,10999.950393,134315.234873,134315.23489,92.88743768326418,0.015550000000000001,10999.950393,289.1715297073743,91.95794649999999,85.33929721799308,35.15695645162857,10.765718433707436,1,3,,False,True,,7018,100.0
224,2026-09-13T21:32:38.273+00:00,2026-09-13T21:32:41.162+00:00,2026-09-13T21:34:47.822+00:00,True,1437,1437.0,,1437.0,2889.100118,129549.192534,129549.192583,90.15253485247042,0.01557,2889.100118,111.37525059357942,93.53484380000002,88.20340697493036,83.36654399096466,11.092311514198448,1,3,,False,True,,4769,100.0
223,2026-09-13T21:32:33.147+00:00,2026-09-13T21:32:41.163+00:00,2026-09-13T21:34:36.242+00:00,True,1341,1341.0,,1341.0,8015.127727,123094.671535,123094.671718,91.79319292915734,0.015960000000000002,8015.127727,220.91315421308636,87.352843,85.88025657313433,43.805468023010725,10.894054009630368,1,3,,False,True,,5774,100.0
225,2026-09-13T21:32:41.568+00:00,2026-09-13T21:32:43.316+00:00,2026-09-13T21:34:17.217+00:00,True,1012,1012.0,,1012.0,1748.5491000000002,95649.191404,95649.191509,94.51501137252964,0.01581,3484.596387,173.95951454427015,86.83875755000001,92.87897359446093,166.07364299306153,10.580329902900557,1,3,,False,True,,3299,100.0
226,2026-09-13T21:32:46.135+00:00,2026-09-13T21:32:49.764+00:00,2026-09-13T21:34:40.090+00:00,True,1229,1229.0,,1229.0,3629.481208,113954.892536,113954.892437,92.72163745890968,0.01617,6785.0618779999995,218.81962835967732,92.233418,89.8415401693811,194.21183821017766,10.784969145679648,1,3,,False,True,,6139,100.0
227,2026-09-13T21:32:49.777+00:00,2026-09-13T21:32:56.631+00:00,2026-09-13T21:34:24.084+00:00,True,1055,1055.0,,1055.0,6853.511581000001,94307.038365,94307.038478,89.39055779905213,0.01583,6853.511581000001,211.00651083450077,86.419484,82.97298556356735,32.77722989335992,11.186863868174873,1,3,,False,True,,5046,100.0
228,2026-09-13T21:32:53.910+00:00,2026-09-13T21:32:56.631+00:00,2026-09-13T21:34:46.329+00:00,True,1296,1296.0,,1296.0,2721.31923,112419.382846,112419.382933,86.74335102854938,0.015649,2721.31923,84.87195748486273,89.37588899999999,84.70892943320463,42.90330791753732,11.528261116460248,1,3,,False,True,,5823,100.0
229,2026-09-13T21:32:57.783+00:00,2026-09-13T21:32:59.030+00:00,2026-09-13T21:34:38.216+00:00,True,1178,1178.0,,1178.0,1247.358552,100433.064792,100433.064718,85.25727055857385,0.01622,1247.358552,48.25315308784362,87.39782625,84.2699288360238,34.36574063010941,11.729204943010297,1,3,,False,True,,4515,100.0
230,2026-09-13T21:33:02.504+00:00,2026-09-13T21:33:02.751+00:00,2026-09-13T21:34:51.945+00:00,True,1308,1308.0,,1308.0,246.92567000000003,109440.840294,109440.840214,83.67036713608563,0.015710000000000002,871.934466,33.22522393928568,86.812297,83.54545877888293,32.929278797505994,11.951662619605361,1,3,,False,True,,6084,100.0
231,2026-09-13T21:33:07.058+00:00,2026-09-13T21:33:07.324+00:00,2026-09-13T21:34:54.002+00:00,True,1275,1275.0,,1275.0,266.077651,106943.866579,106943.866626,83.87754245176471,0.015560000000000001,863.720403,37.88072870342995,86.65968699999999,83.73452820094192,37.549685357136205,11.922142342386236,1,3,,False,True,,1297,100.0
232,2026-09-13T21:33:12.242+00:00,2026-09-13T21:33:12.524+00:00,2026-09-13T21:35:01.403+00:00,True,1303,1303.0,,1303.0,281.985537,109160.788737,109160.788596,83.77650698081351,0.01533,1388.036811,49.09462823189518,86.8036311,83.62427281105991,48.80486430938011,11.93652056819876,1,3,,False,True,,3364,100.0
233,2026-09-13T21:33:15.864+00:00,2026-09-13T21:33:16.071+00:00,2026-09-13T21:34:47.364+00:00,True,1089,1089.0,,1089.0,207.202307,91499.689731,91499.689727,84.0217536519743,0.01583,869.136811,35.83948336533415,88.0316114,83.90853623529412,35.66059519262678,11.901679701882616,1,3,,False,True,,3713,100.0
234,2026-09-13T21:33:20.572+00:00,2026-09-13T21:33:20.844+00:00,2026-09-13T21:35:20.807+00:00,True,1461,1461.0,,1461.0,271.999478,120235.547126,120235.547323,82.29674696988364,0.01614,864.94696,31.341773038083545,86.293246,82.16681345753426,30.95637995550111,12.151148598916054,1,3,,False,True,,4890,100.0
235,2026-09-13T21:33:25.708+00:00,2026-09-13T21:33:25.951+00:00,2026-09-13T21:35:27.227+00:00,True,1474,1474.0,,1474.0,242.85485999999997,121518.88916400001,121518.889189,82.44158018249661,0.01572,786.796167,29.717596667711437,86.1631905,82.33267773523421,29.431996022126544,12.12980146659103,1,3,,False,True,,5561,100.0
236,2026-09-13T21:33:30.221+00:00,2026-09-13T21:33:30.441+00:00,2026-09-13T21:35:15.279+00:00,True,1271,1271.0,,1271.0,220.26132800000002,105057.71028799999,105057.710363,82.65752192210857,0.016210000000000002,859.200892,33.21369077071378,88.01599150000001,82.54917240944881,33.00130287990303,12.098112518498107,1,3,,False,True,,4068,100.0
237,2026-09-13T21:33:35.735+00:00,2026-09-13T21:33:35.948+00:00,2026-09-13T21:35:27.859+00:00,True,1354,1354.0,,1354.0,213.250114,112124.443202,112124.443181,82.80978078360414,0.01594,864.634501,32.85312200969922,88.24879580000001,82.7133725705839,32.67310063393301,12.075868216894284,1,3,,False,True,,5800,100.0
238,2026-09-13T21:33:41.393+00:00,2026-09-13T21:33:41.610+00:00,2026-09-13T21:35:39.164+00:00,True,1257,1257.0,,1257.0,216.943796,117770.9557,117770.955726,93.6920888830549,0.01672,10203.777567,297.5734821673513,89.25510320000001,93.593958522293,297.6716654980286,10.673259739879992,1,3,,False,True,,5938,100.0
239,2026-09-13T21:33:46.464+00:00,2026-09-13T21:33:46.742+00:00,2026-09-13T21:35:39.242+00:00,True,1112,1112.0,,1112.0,278.65660499999996,112777.94415699999,112777.944275,101.41901463579137,0.016149999999999998,12142.853809,402.71853098542124,92.24890745,101.25948474527453,402.8647439523014,9.860083975745885,1,3,,False,True,,5611,100.0
240,2026-09-13T21:33:50.415+00:00,2026-09-13T21:33:50.664+00:00,2026-09-13T21:36:07.431+00:00,True,1299,1299.0,,1299.0,248.88582699999998,137016.10707499998,137016.107072,105.47814247267128,0.01738,14409.210853,481.167888249849,92.97137299999999,105.36765889676425,481.33686354503146,9.48063718734143,1,3,,False,True,,6017,100.0
241,2026-09-13T21:33:55.549+00:00,2026-09-13T21:33:55.761+00:00,2026-09-13T21:35:59.466+00:00,True,1097,1097.0,,1097.0,212.306066,123917.287058,123917.287204,112.96015241932544,66.279529,16003.251154,599.3976713928845,92.52685399999999,112.86950820437956,599.6637841739923,8.852679283452556,1,3,,False,True,,4128,100.0
242,2026-09-13T21:34:01.198+00:00,2026-09-13T21:34:27.247+00:00,2026-09-13T21:36:02.508+00:00,True,1082,1082.0,,1082.0,26049.392397,121309.86318100001,121309.863391,112.11632476062847,68.31818399999999,26049.392397,799.6545824363416,86.170337,88.12254466604996,128.66145600107325,8.91930772673946,1,3,,False,True,,5804,100.0
244,2026-09-13T21:34:10.995+00:00,2026-09-13T21:34:34.095+00:00,2026-09-13T21:36:16.532+00:00,True,1219,1219.0,,1219.0,23100.032196,125536.83322,125536.833204,102.98345627891715,66.92151700000001,23100.032196,659.8153260787309,90.6619288,84.10246389490969,28.165965848202834,9.710297517731187,1,3,,False,True,,5441,100.0
243,2026-09-13T21:34:06.542+00:00,2026-09-13T21:34:34.096+00:00,2026-09-13T21:36:19.420+00:00,True,1253,1253.0,,1253.0,27553.355041000003,132877.123361,132877.123506,106.0471855594573,69.01599300000001,27553.355041000003,776.52106833717,90.6248948,84.12441559105432,27.99955035004592,9.42976464500857,1,3,,False,True,,4075,100.0
247,2026-09-13T21:34:22.188+00:00,2026-09-13T21:34:34.371+00:00,2026-09-13T21:36:08.822+00:00,True,1129,1129.0,,1129.0,12182.807105,106634.309697,106634.30983,94.45023014171834,68.958412,12182.807105,361.87959199371056,86.1960594,83.73360158865248,36.009908434273335,10.587586708330917,1,3,,False,True,,2562,100.0
246,2026-09-13T21:34:18.474+00:00,2026-09-13T21:34:34.373+00:00,2026-09-13T21:36:17.565+00:00,True,1229,1229.0,,1229.0,15898.785537,119090.528257,119090.528201,96.90034841415785,65.97472900000001,15898.785537,451.96241400327915,91.03714099999998,84.03236377850163,27.688383147856907,10.31988032959087,1,3,,False,True,,4343,100.0
245,2026-09-13T21:34:14.354+00:00,2026-09-13T21:34:34.374+00:00,2026-09-13T21:36:24.762+00:00,True,1319,1319.0,,1319.0,20020.196223000003,130407.961727,130407.961738,98.86881102198636,67.52031600000001,20020.196223000003,549.5921024954586,88.72264279999999,83.75399507132018,26.765047448769884,10.114413127330636,1,3,,False,True,,4399,100.0
249,2026-09-13T21:34:30.313+00:00,2026-09-13T21:34:35.579+00:00,2026-09-13T21:36:33.730+00:00,True,1411,1411.0,,1411.0,5266.289137,123417.430001,123417.43,87.4680581148122,69.02927199999999,5266.289137,142.4593322190471,90.60834650000001,83.79513536453901,35.50570790404552,11.432744953355188,1,3,,False,True,,5119,100.0
248,2026-09-13T21:34:26.002+00:00,2026-09-13T21:34:35.580+00:00,2026-09-13T21:36:03.981+00:00,True,1068,1068.0,,1068.0,9578.760444,97979.53766,97979.537879,91.74114033614232,67.64553500000001,9578.760444,291.8188077428962,85.95552434999999,82.84983806560449,26.97942281345649,10.90023514609836,1,3,,False,True,,4678,100.0
250,2026-09-13T21:34:33.881+00:00,2026-09-13T21:34:36.621+00:00,2026-09-13T21:36:22.137+00:00,True,1264,1264.0,,1264.0,2740.2004300000003,108256.38193399999,108256.38192300001,85.64587177452532,69.038022,2740.2004300000003,79.07191028849242,89.1164409,83.54408670150436,25.868440062159646,11.675986001182038,1,3,,False,True,,1567,100.0
251,2026-09-13T21:34:39.372+00:00,2026-09-13T21:34:39.607+00:00,2026-09-13T21:36:17.725+00:00,True,1174,1174.0,,1174.0,234.556038,98352.80602199999,98352.805996,83.77581430664395,65.6702,302.92968199999996,27.120249939866444,88.74371515000001,83.64727193861893,26.771643437852376,11.93661927385574,1,3,,False,True,,5443,100.0
252,2026-09-13T21:34:43.278+00:00,2026-09-13T21:34:43.502+00:00,2026-09-13T21:36:42.466+00:00,True,1445,1445.0,,1445.0,224.51381,119188.84046600001,119188.840564,82.48362668788927,67.329916,301.996884,24.63212934500625,86.28345580000001,82.38526776731302,24.35514061321078,12.123618237667166,1,3,,False,True,,2890,100.0
253,2026-09-13T21:34:49.098+00:00,2026-09-13T21:34:49.343+00:00,2026-09-13T21:36:31.093+00:00,True,1217,1217.0,,1217.0,245.761714,101995.67301,101995.672994,83.80909859819228,68.194284,305.071928,26.75734282848852,86.5270054,83.67591389473684,26.36170321484695,11.931878716861657,1,3,,False,True,,6033,100.0
254,2026-09-13T21:34:53.902+00:00,2026-09-13T21:34:54.098+00:00,2026-09-13T21:36:46.845+00:00,True,1367,1367.0,,1367.0,195.84272099999998,112942.78416099999,112942.784133,82.62091011923921,67.702956,305.31755699999997,25.297683207362294,86.522129,82.53802448023427,25.120580226532105,12.103473543306148,1,3,,False,True,,4787,100.0
255,2026-09-13T21:34:59.496+00:00,2026-09-13T21:34:59.739+00:00,2026-09-13T21:36:58.011+00:00,True,1435,1435.0,,1435.0,242.658081,118514.673185,118514.673318,82.58862252125435,66.50290700000001,303.91373,24.836510935883464,85.42710699999999,82.47699798047421,24.4824417008213,12.108205350741523,1,3,,False,True,,7350,100.0
256,2026-09-13T21:35:05.329+00:00,2026-09-13T21:35:05.592+00:00,2026-09-13T21:36:34.502+00:00,True,1045,1045.0,,1045.0,262.986327,89172.871767,89172.871676,85.33289155598086,71.874667,306.19899599999997,28.558399692885573,87.07999939999999,85.16272551724137,28.03703956702507,11.718810657242068,1,3,,False,True,,4530,100.0
257,2026-09-13T21:35:09.637+00:00,2026-09-13T21:35:09.820+00:00,2026-09-13T21:37:13.368+00:00,True,1417,1417.0,,1417.0,183.369708,123731.02974,123731.029784,87.31900478757939,66.813587,3449.179884,107.29099149776897,86.5306728,87.25117233898304,107.29849620287753,11.452260625144621,1,3,,False,True,,6953,100.0
258,2026-09-13T21:35:14.032+00:00,2026-09-13T21:35:14.232+00:00,2026-09-13T21:37:32.379+00:00,True,1445,1445.0,,1445.0,199.783443,138346.414611,138346.414639,95.74146341799307,67.785655,8576.01373,275.53853838158926,85.95598119999998,95.66941216620499,275.6203777544391,10.444795436607633,1,3,,False,True,,7007,100.0
259,2026-09-13T21:35:18.419+00:00,2026-09-13T21:35:18.651+00:00,2026-09-13T21:37:44.057+00:00,True,1449,1449.0,,1449.0,231.924284,145637.65945200002,145637.65941,100.5090817184265,67.059037,16549.800307,471.89942030174825,85.80813839999999,100.4183253922652,472.04980735859493,9.949349676809168,1,3,,False,True,,7793,100.0
260,2026-09-13T21:35:23.714+00:00,2026-09-13T21:35:23.986+00:00,2026-09-13T21:37:42.103+00:00,True,1257,1257.0,,1257.0,271.56753000000003,138389.234602,138389.234692,110.09485655688147,66.762587,18478.066513,577.9958656943812,85.84788759999999,109.96629543949045,578.2081157830228,9.083076466280518,1,3,,False,True,,6580,100.0
261,2026-09-13T21:35:28.770+00:00,2026-09-13T21:35:28.999+00:00,2026-09-13T21:38:00.865+00:00,True,1368,1368.0,,1368.0,228.713971,152094.786035,152094.785894,111.18039904532164,66.724157,22766.138083,678.9269727796462,94.21494125000001,111.0944199444038,679.1679863044537,8.994391166605778,1,3,,False,True,,4321,100.0
262,2026-09-13T21:35:32.617+00:00,2026-09-13T21:36:09.128+00:00,2026-09-13T21:37:53.406+00:00,True,1256,1256.0,,1256.0,36510.775030000004,140789.09823,140789.098093,112.09323096576433,67.278126,36510.775030000004,1028.1950427171578,86.19941574999999,83.09029737051793,25.99729801874441,8.92114528603725,1,3,,False,True,,6000,100.0
263,2026-09-13T21:35:38.557+00:00,2026-09-13T21:36:09.608+00:00,2026-09-13T21:38:13.600+00:00,True,1441,1441.0,,1441.0,31051.285266,155043.370258,155043.37039,107.59428895905621,67.835335,31051.285266,817.8249876351854,88.53182999999999,86.10561457777777,58.64672824201862,9.29417360834006,1,3,,False,True,,6424,100.0
264,2026-09-13T21:35:44.407+00:00,2026-09-13T21:36:14.901+00:00,2026-09-13T21:38:06.010+00:00,True,1330,1330.0,,1330.0,30493.485258,141602.176714,141602.176704,106.4678020330827,63.324745,30493.485258,834.2794704886174,87.2180049,83.60322908653121,26.7171410661817,9.392510982979154,1,3,,False,True,,7598,100.0
265,2026-09-13T21:35:47.822+00:00,2026-09-13T21:36:14.904+00:00,2026-09-13T21:38:16.382+00:00,True,1451,1451.0,,1451.0,27081.329535999997,148559.87776,148559.877705,102.38447808752585,67.959455,27081.329535999997,709.2612710528117,87.49295249999999,83.77830912,27.038008040413466,9.76710550572817,1,3,,False,True,,4432,100.0
268,2026-09-13T21:36:01.498+00:00,2026-09-13T21:36:15.146+00:00,2026-09-13T21:37:39.683+00:00,True,1038,1038.0,,1038.0,13647.519494999999,98185.336327,98185.33638,94.59088283236994,67.575225,13647.519494999999,422.34390587161823,84.77990700000001,81.52152057087754,32.809626499625644,10.571843401778523,1,3,,False,True,,2076,100.0
267,2026-09-13T21:35:55.714+00:00,2026-09-13T21:36:15.146+00:00,2026-09-13T21:38:11.274+00:00,True,1380,1380.0,,1380.0,19432.489793,135560.25862500002,135560.258435,98.23207132971015,67.302166,19432.489793,521.7517558844754,87.70842984999999,84.21158000870197,30.874206943274245,10.179974676925708,1,3,,False,True,,4276,100.0
266,2026-09-13T21:35:51.617+00:00,2026-09-13T21:36:15.146+00:00,2026-09-13T21:37:52.091+00:00,True,1182,1182.0,,1182.0,23529.025272,120473.951224,120473.951257,101.92381663028765,63.723764,23529.025272,682.3744723252095,85.65582035,82.08715152582558,22.941387536639528,9.811249552214653,1,3,,False,True,,6984,100.0
269,2026-09-13T21:36:06.238+00:00,2026-09-13T21:36:16.279+00:00,2026-09-13T21:38:18.263+00:00,True,1463,1463.0,,1463.0,10041.287897,132024.951513,132024.951618,90.24261901435406,68.130864,10041.287897,261.66245572169043,86.8740262,83.4361584240766,26.267622079750495,11.081238684309941,1,3,,False,True,,6161,100.0
270,2026-09-13T21:36:10.073+00:00,2026-09-13T21:36:16.792+00:00,2026-09-13T21:38:19.474+00:00,True,1474,1474.0,,1474.0,6719.36046,129401.016012,129401.015884,87.78902027408412,66.892297,6719.36046,174.8113750746248,86.4023815,83.28693520162932,26.14024549875536,11.390946110216854,1,3,,False,True,,5956,100.0
271,2026-09-13T21:36:14.750+00:00,2026-09-13T21:36:16.792+00:00,2026-09-13T21:37:51.327+00:00,True,1160,1160.0,,1160.0,2042.877361,96577.196465,96577.196381,83.25620377672413,67.590576,2042.877361,61.254314270557096,84.95631445000001,81.56541769111303,20.88799878133752,12.01111693504573,1,3,,False,True,,5860,100.0
272,2026-09-13T21:36:19.005+00:00,2026-09-13T21:36:19.263+00:00,2026-09-13T21:38:09.786+00:00,True,1320,1320.0,,1320.0,257.89290900000003,110781.271341,110781.271352,83.92520556969697,63.638224,358.047507,27.89236006953918,87.01196099999999,83.79331192721759,27.488070549348418,11.915371470479505,1,3,,False,True,,6187,100.0
273,2026-09-13T21:36:23.944+00:00,2026-09-13T21:36:24.208+00:00,2026-09-13T21:38:26.120+00:00,True,1474,1474.0,,1474.0,263.929525,122176.598453,122176.598447,82.88778727747625,67.536225,358.77290500000004,26.686025046345044,86.67428395,82.764880467074,26.274438629783976,12.064503502829403,1,3,,False,True,,7748,100.0
274,2026-09-13T21:36:29.402+00:00,2026-09-13T21:36:29.658+00:00,2026-09-13T21:37:57.190+00:00,True,1052,1052.0,,1052.0,256.08930100000003,87787.926485,87787.926488,83.44859932319392,67.915764,623.602313,31.158769605416236,85.4450705,83.2843360456708,30.71450271433715,11.98342462479452,1,3,,False,True,,4095,100.0
275,2026-09-13T21:36:34.577+00:00,2026-09-13T21:36:34.800+00:00,2026-09-13T21:38:22.014+00:00,True,1028,1028.0,,1028.0,222.148675,107436.750403,107436.750246,104.51045743774318,63.356214,13876.586004,481.50459524171504,92.59019174999999,104.39591210126582,481.72517475280273,9.568420453373045,1,3,,False,True,,5884,100.0
276,2026-09-13T21:36:38.027+00:00,2026-09-13T21:36:38.219+00:00,2026-09-13T21:38:48.487+00:00,True,1207,1207.0,,1207.0,192.27742800000001,130459.803828,130459.803955,108.0860016197183,66.623328,29181.205888999997,839.4202330307154,86.18127469999999,108.01619104477612,839.7649592567369,9.251891882279123,1,3,,False,True,,4115,100.0
277,2026-09-13T21:36:42.365+00:00,2026-09-13T21:36:42.557+00:00,2026-09-13T21:38:53.498+00:00,True,1145,1145.0,,1145.0,192.084509,131133.365789,131133.365835,114.52695706113538,66.857597,34307.487799,1015.3135338598257,86.96822780000001,114.45916195804195,1015.7549864140633,8.731568759108654,1,3,,False,True,,5856,100.0
278,2026-09-13T21:36:46.878+00:00,2026-09-13T21:36:47.086+00:00,2026-09-13T21:38:50.667+00:00,True,1017,1017.0,,1017.0,208.637964,123788.89933999999,123788.899342,121.71966503638151,65.39959999999999,39879.287183,1248.1779583682116,88.01970999999998,121.63411552755906,1248.7896934360808,8.215599342285905,1,3,,False,True,,4948,100.0
279,2026-09-13T21:36:52.498+00:00,2026-09-13T21:36:52.753+00:00,2026-09-13T21:39:27.282+00:00,True,1320,1320.0,,1320.0,254.385616,154783.76315200003,154783.762993,117.26042650984849,0.01573,44272.899765,1216.8248376395447,86.16870155000001,117.15646515238817,1217.280498700418,8.52802628079109,1,3,,False,True,,5663,100.0
280,2026-09-13T21:36:56.486+00:00,2026-09-13T21:36:56.703+00:00,2026-09-13T21:39:09.719+00:00,True,1043,1043.0,,1043.0,217.223446,133232.807446,133232.807531,127.73998804506232,67.585425,45015.229318000005,1391.8494477697232,87.445527,127.6541113243762,1392.5150422481913,7.828402178065143,1,3,,False,True,,2855,100.0
281,2026-09-13T21:37:01.305+00:00,2026-09-13T21:37:01.555+00:00,2026-09-13T21:39:34.814+00:00,True,1261,1261.0,,1261.0,249.765476,153508.555876,153508.55567,121.73557150674068,0.016030000000000003,45596.098156,1282.9012042368406,87.655872,121.63396063492064,1283.4055159218815,8.214525847136501,1,3,,False,True,,5278,100.0
282,2026-09-13T21:37:06.682+00:00,2026-09-13T21:37:52.432+00:00,2026-09-13T21:39:31.106+00:00,True,1180,1180.0,,1180.0,45749.634896999996,144423.959633,144423.959811,122.39318628050847,0.01515,45749.634896999996,1329.9698962188993,85.679477,83.69323556912639,39.38979220379362,8.17038947691597,1,3,,False,True,,6265,100.0
283,2026-09-13T21:37:12.698+00:00,2026-09-13T21:37:52.433+00:00,2026-09-13T21:39:57.655+00:00,True,1467,1467.0,,1467.0,39735.36615,164957.629958,164957.629794,112.44555541513293,0.01558,39735.36615,1035.9457168297697,92.6143735,85.41764243383355,39.10510187437631,8.893192757276605,1,3,,False,True,,7396,100.0
285,2026-09-13T21:37:21.620+00:00,2026-09-13T21:37:52.673+00:00,2026-09-13T21:39:18.399+00:00,True,1029,1029.0,,1029.0,31052.618337,116779.22364899999,116779.223591,113.4880695733722,0.01572,31052.618337,966.2203444838761,86.326911,83.39163940856031,38.98798086519115,8.811498893782993,1,3,,False,True,,5406,100.0
284,2026-09-13T21:37:15.966+00:00,2026-09-13T21:37:52.674+00:00,2026-09-13T21:39:55.496+00:00,True,1438,1438.0,,1438.0,36707.871733,159530.151925,159530.152048,110.93890963004172,0.01595,36707.871733,966.5500331075976,92.81497234999999,85.47131537369519,39.18677914658647,9.0139699777635,1,3,,False,True,,7561,100.0
287,2026-09-13T21:37:31.759+00:00,2026-09-13T21:37:53.158+00:00,2026-09-13T21:39:50.244+00:00,True,1371,1371.0,,1371.0,21398.174815000002,138484.751967,138484.751817,101.01003050109409,0.016800000000000002,21398.174815000002,577.0607620674738,89.8080225,85.46465485547446,41.06416586358414,9.900006899869382,1,3,,False,True,,6591,100.0
286,2026-09-13T21:37:26.321+00:00,2026-09-13T21:37:53.159+00:00,2026-09-13T21:39:31.493+00:00,True,1178,1178.0,,1178.0,26837.443272,125171.824584,125171.82454,106.25791556876061,0.01537,26837.443272,780.4743069965789,86.1971215,83.54662813254036,39.06408854270187,9.41106358331839,1,3,,False,True,,5690,100.0
288,2026-09-13T21:37:35.512+00:00,2026-09-13T21:37:53.159+00:00,2026-09-13T21:39:40.730+00:00,True,1254,1254.0,,1254.0,17647.857464,125218.311224,125218.311305,99.85511268341308,0.015560000000000001,17647.857464,498.54815664351287,88.31141715,85.85032223463688,50.99128313356446,10.01450976093065,1,3,,False,True,,4525,100.0
289,2026-09-13T21:37:40.439+00:00,2026-09-13T21:37:53.747+00:00,2026-09-13T21:39:52.855+00:00,True,1344,1344.0,,1344.0,13308.641862,132416.729158,132416.7292,98.52435208333333,0.01533,13308.641862,369.1144106401642,94.55310215,88.68807691437081,78.83509771217653,10.149774945704447,1,3,,False,True,,3696,100.0
290,2026-09-13T21:37:43.870+00:00,2026-09-13T21:37:53.749+00:00,2026-09-13T21:39:33.005+00:00,True,1114,1114.0,,1114.0,9879.483184,109135.33035199999,109135.330296,97.96708285098744,0.032119999999999996,9879.483184,318.9023115472865,86.35898300000001,89.17865873135669,125.18552764684486,10.207510220631178,1,3,,False,True,,4087,100.0
292,2026-09-13T21:37:52.001+00:00,2026-09-13T21:37:59.611+00:00,2026-09-13T21:40:09.125+00:00,True,1500,1500.0,,1500.0,7609.654248,137123.760104,137123.760077,91.41584005133333,0.01512,7609.654248,217.37960929910722,88.1586309,86.4003374623082,97.608148074387,10.939023250692234,1,3,,False,True,,7150,100.0
291,2026-09-13T21:37:48.128+00:00,2026-09-13T21:37:59.615+00:00,2026-09-13T21:40:01.328+00:00,True,1406,1406.0,,1406.0,11486.561818,133200.07426599998,133200.074351,94.73689498648649,0.015470000000000001,11486.561818,316.24848864604553,90.71537599999999,86.62883448256227,87.10430770754645,10.555549670281895,1,3,,False,True,,4698,100.0
293,2026-09-13T21:37:57.726+00:00,2026-09-13T21:38:01.119+00:00,2026-09-13T21:39:42.741+00:00,True,1158,1158.0,,1158.0,3393.2813029999998,105015.563799,105015.563796,90.68701536787565,0.0152,4784.716133999999,173.52872317339114,86.42476549999999,87.83256914088159,143.8571438545632,11.026936942569908,1,3,,False,True,,6428,100.0
294,2026-09-13T21:38:01.784+00:00,2026-09-13T21:38:07.144+00:00,2026-09-13T21:39:36.344+00:00,True,1074,1074.0,,1074.0,5359.926983,94559.473351,94559.473212,88.04420224581006,0.01609,5359.926983,165.86317908063603,86.3213465,83.13098449953401,39.824913883870934,11.35793127795209,1,3,,False,True,,5572,100.0
295,2026-09-13T21:38:06.801+00:00,2026-09-13T21:38:07.292+00:00,2026-09-13T21:39:34.891+00:00,True,1053,1053.0,,1053.0,490.910578,88089.605234,88089.605316,83.6558455042735,0.01511,1061.307836,50.62222068150423,85.2508796,83.26872115589353,49.06209805496049,11.953737301953225,1,3,,False,True,,5237,100.0
296,2026-09-13T21:38:10.171+00:00,2026-09-13T21:38:10.381+00:00,2026-09-13T21:39:54.375+00:00,True,1164,1164.0,,1164.0,210.37397,104203.849298,104203.849392,89.5222073814433,65.101081,3952.894281,124.32792333079081,88.08922515,89.41829348925194,124.33083395065145,11.17041268476769,1,3,,False,True,,2650,100.0
297,2026-09-13T21:38:13.624+00:00,2026-09-13T21:38:13.856+00:00,2026-09-13T21:40:24.986+00:00,True,1264,1264.0,,1264.0,232.386652,131362.61333999998,131362.613353,103.92611815901898,66.814707,21268.631722,603.1296815419082,91.27514115000002,103.82440751227237,603.357749451654,9.622220263907549,1,3,,False,True,,4504,100.0
298,2026-09-13T21:38:18.554+00:00,2026-09-13T21:38:18.804+00:00,2026-09-13T21:40:34.018+00:00,True,1106,1106.0,,1106.0,250.555904,135464.03763200002,135464.037557,122.48104661573237,66.563747,29816.251927999998,1003.5083854346261,89.65393825,122.36514183529411,1003.9553620909662,8.16452852973825,1,3,,False,True,,4358,100.0
299,2026-09-13T21:38:22.544+00:00,2026-09-13T21:38:22.761+00:00,2026-09-13T21:40:33.696+00:00,True,1014,1014.0,,1014.0,217.274465,131152.495969,131152.496034,129.34171206508876,66.66689699999999,48011.016386,1505.4578461197077,87.00353750000001,129.25490770384997,1506.198928830834,7.731457891885452,1,3,,False,True,,5374,100.0
300,2026-09-13T21:38:28.329+00:00,2026-09-13T21:38:28.521+00:00,2026-09-13T21:41:22.946+00:00,True,1469,1469.0,,1469.0,192.153889,174616.928801,174616.928691,118.86788882981621,65.26274,51421.837678,1339.7307586665447,87.0635054,118.81796656130791,1340.1859404482811,8.412700933906171,1,3,,False,True,,7825,100.0
301,2026-09-13T21:38:33.560+00:00,2026-09-13T21:38:33.752+00:00,2026-09-13T21:41:25.964+00:00,True,1400,1400.0,,1400.0,192.819377,172404.494257,172404.494481,123.14606748642858,68.320374,52418.421233,1399.280504823715,88.16133690000001,123.09626510364546,1399.7796324694843,8.120437962093073,1,3,,False,True,,2501,100.0
302,2026-09-13T21:38:38.111+00:00,2026-09-13T21:38:38.349+00:00,2026-09-13T21:41:23.399+00:00,True,1291,1291.0,,1291.0,238.23122,165288.68933199998,165288.689366,128.03151771185128,68.88378200000001,55865.589116999996,1552.7549426028488,87.3955525,127.94609155968992,1553.354104561082,7.810576786696449,1,3,,False,True,,3166,100.0
303,2026-09-13T21:38:44.022+00:00,2026-09-13T21:39:37.917+00:00,2026-09-13T21:41:03.918+00:00,True,1034,1034.0,,1034.0,53895.008519,139895.89939900002,139895.899411,135.29584082301741,68.227474,53895.008519,1673.83348520927,86.32175450000001,83.25352456921588,35.09070175086165,7.3912102101785475,1,3,,False,True,,4346,100.0
304,2026-09-13T21:38:49.820+00:00,2026-09-13T21:39:39.030+00:00,2026-09-13T21:41:20.559+00:00,True,1210,1210.0,,1210.0,49210.387495999996,150739.80650399998,150739.806717,124.57835265867769,69.440421,49210.387495999996,1412.5402571778714,86.406304,83.97801406782465,26.864939310827125,8.027076775953615,1,3,,False,True,,6612,100.0
306,2026-09-13T21:39:00.159+00:00,2026-09-13T21:39:39.405+00:00,2026-09-13T21:41:39.049+00:00,True,1395,1395.0,,1395.0,39245.270746,158889.611482,158889.61137600002,113.8993629935484,67.617326,39245.270746,1049.0105174559942,91.7601554,85.82807800286945,34.1763862774334,8.77968035158821,1,3,,False,True,,7142,100.0
305,2026-09-13T21:38:55.834+00:00,2026-09-13T21:39:39.407+00:00,2026-09-13T21:41:20.026+00:00,True,1205,1205.0,,1205.0,43572.833784,144191.440888,144191.441017,119.66094690207468,64.782361,43572.833784,1253.078105677686,86.175023,83.57027168106312,25.463642341278142,8.35694540937404,1,3,,False,True,,6857,100.0
308,2026-09-13T21:39:09.090+00:00,2026-09-13T21:39:40.646+00:00,2026-09-13T21:41:05.370+00:00,True,1031,1031.0,,1031.0,31555.987841,116280.184449,116280.184248,112.78388384869059,67.983684,31555.987841,980.4416851130733,85.650381,82.25650156116505,21.347261403791453,8.866515003269473,1,3,,False,True,,4725,100.0
307,2026-09-13T21:39:05.288+00:00,2026-09-13T21:39:40.646+00:00,2026-09-13T21:41:04.740+00:00,True,1025,1025.0,,1025.0,35357.406196,119451.21022800001,119451.210223,116.53776607121952,65.709839,35357.406196,1102.0126612775018,85.500309,82.1228555,20.895229180249228,8.580909293790768,1,3,,False,True,,4146,100.0
310,2026-09-13T21:39:17.818+00:00,2026-09-13T21:39:41.072+00:00,2026-09-13T21:41:44.926+00:00,True,1444,1444.0,,1444.0,23254.405807,147108.215983,147108.216058,101.87549588504154,67.230076,23254.405807,610.6371768573998,93.96159680000001,85.83077628274428,33.84178713715913,9.815903145524315,1,3,,False,True,,5174,100.0
309,2026-09-13T21:39:13.051+00:00,2026-09-13T21:39:41.074+00:00,2026-09-13T21:41:33.621+00:00,True,1322,1322.0,,1322.0,28023.609619,140570.989587,140570.989545,106.33206470877458,68.159324,28023.609619,768.991225726752,90.31580375,85.19862223164269,30.222410746005323,9.404500913624204,1,3,,False,True,,1967,100.0
312,2026-09-13T21:39:28.028+00:00,2026-09-13T21:39:42.242+00:00,2026-09-13T21:41:08.007+00:00,True,1038,1038.0,,1038.0,14213.519257,99979.011225,99979.011063,96.31889312427745,67.51649499999999,14213.519257,439.6256376181426,86.2940175,82.70539244744455,30.028730657938137,10.382179092209762,1,3,,False,True,,6002,100.0
311,2026-09-13T21:39:23.040+00:00,2026-09-13T21:39:42.242+00:00,2026-09-13T21:41:42.785+00:00,True,1411,1411.0,,1411.0,19201.339731,139744.329555,139744.329385,99.03921288802267,66.96075599999999,19201.339731,509.8035439680348,91.9182285,85.49148214468086,30.396406499732056,10.097010765969323,1,3,,False,True,,6794,100.0
315,2026-09-13T21:39:41.576+00:00,2026-09-13T21:39:43.178+00:00,2026-09-13T21:41:50.215+00:00,True,1440,1440.0,,1440.0,1601.7302180000001,128638.63184999999,128638.631639,89.33238308263888,69.554191,3465.7497749999998,108.25006053882362,93.43555940000002,88.28137708964559,100.67012404719294,11.194148906054306,1,3,,False,True,,1455,100.0
314,2026-09-13T21:39:37.120+00:00,2026-09-13T21:39:43.178+00:00,2026-09-13T21:41:47.758+00:00,True,1439,1439.0,,1439.0,6057.637011,130637.273235,130637.273017,90.78337249270326,67.039616,6057.637011,168.166051691373,91.4931747,86.63396121279555,59.212421803390335,11.015232975748201,1,3,,False,True,,6030,100.0
313,2026-09-13T21:39:31.461+00:00,2026-09-13T21:39:43.179+00:00,2026-09-13T21:41:31.627+00:00,True,1265,1265.0,,1265.0,11717.983964,120166.518236,120166.518321,94.99329511541502,68.483323,11717.983964,330.0063612806517,88.3062254,85.79789103797468,44.08044247407375,10.527058772857295,1,3,,False,True,,5576,100.0
316,2026-09-13T21:39:47.076+00:00,2026-09-13T21:39:47.335+00:00,2026-09-13T21:41:46.236+00:00,True,1207,1207.0,,1207.0,259.155875,119160.165795,119160.165648,98.7242466014913,68.69188199999999,11934.603529999998,364.65804696752417,93.73641789999999,98.59121883913764,364.7800265385197,10.129223905885553,1,3,,False,True,,5279,100.0
317,2026-09-13T21:39:50.709+00:00,2026-09-13T21:39:52.168+00:00,2026-09-13T21:42:15.233+00:00,True,1436,1436.0,,1436.0,1459.459723,144523.977611,144523.977505,100.64343837395543,67.502235,20403.874164999997,540.1179868822429,91.908226,99.69652814494773,539.1126048203162,9.936067521370953,1,3,,False,True,,6787,100.0
318,2026-09-13T21:39:54.883+00:00,2026-09-13T21:39:55.110+00:00,2026-09-13T21:42:05.272+00:00,True,1208,1208.0,,1208.0,226.96053400000002,130389.087382,130389.087449,107.93798629884105,67.914305,29199.46,838.1617507290631,95.47900655,107.83937601325601,838.502160327515,9.26457899395316,1,3,,False,True,,6586,100.0
319,2026-09-13T21:39:59.969+00:00,2026-09-13T21:40:00.188+00:00,2026-09-13T21:42:07.562+00:00,True,1070,1070.0,,1070.0,218.832631,127592.853239,127592.8533,119.24565728971963,66.219818,33754.277601,1036.7609951492643,97.1026845,119.15249823012161,1037.241777527353,8.386049632386024,1,3,,False,True,,3161,100.0
320,2026-09-13T21:40:03.417+00:00,2026-09-13T21:40:03.606+00:00,2026-09-13T21:42:34.046+00:00,True,1286,1286.0,,1286.0,189.177264,150628.809648,150628.809655,117.12971201788491,68.924132,40343.147204,1123.5655446820044,90.11620925,117.07364387859923,1124.0011797474197,8.537543402256285,1,3,,False,True,,4928,100.0
321,2026-09-13T21:40:08.173+00:00,2026-09-13T21:40:08.382+00:00,2026-09-13T21:43:05.052+00:00,True,1498,1498.0,,1498.0,208.705923,176879.166339,176879.166223,118.07687998865153,70.394799,46552.819229999994,1201.2216372455614,100.80319399999999,118.0163396232465,1201.6207611065895,8.469058459541749,1,3,,False,True,,5799,100.0
322,2026-09-13T21:40:11.720+00:00,2026-09-13T21:40:11.928+00:00,2026-09-13T21:42:49.531+00:00,True,1242,1242.0,,1242.0,207.340206,157810.241198,157810.241229,127.061385852657,71.424337,48085.542486,1366.2184023577317,87.55397359999999,126.99669701208703,1366.767280318255,7.870211657820724,1,3,,False,True,,5323,100.0
323,2026-09-13T21:40:16.978+00:00,2026-09-13T21:40:17.190+00:00,2026-09-13T21:43:19.099+00:00,True,1454,1454.0,,1454.0,211.774956,182121.149932,182121.149882,125.25526126685007,66.74098699999999,55505.782137999995,1453.6831489716405,103.45378065000001,125.19571574397798,1454.1818652643115,7.983696569799231,1,3,,False,True,,8043,100.0
324,2026-09-13T21:40:22.455+00:00,2026-09-13T21:40:22.712+00:00,2026-09-13T21:42:52.828+00:00,True,1096,1096.0,,1096.0,256.858959,150372.708687,150372.708584,137.20137644525548,71.155837,56720.712585,1710.9335915997053,87.47898775000002,137.09210020821916,1711.7115446357782,7.288556610902835,1,3,,False,True,,5904,100.0
327,2026-09-13T21:40:35.247+00:00,2026-09-13T21:41:24.003+00:00,2026-09-13T21:43:30.396+00:00,True,1466,1466.0,,1466.0,48756.03932900001,175149.012385,175149.01254,119.47408768076399,69.281412,48756.03932900001,1271.4745582867668,101.64993475000001,86.2750669324232,29.319460012747065,8.370015794194396,1,3,,False,True,,1466,100.0
326,2026-09-13T21:40:31.588+00:00,2026-09-13T21:41:24.003+00:00,2026-09-13T21:43:30.013+00:00,True,1461,1461.0,,1461.0,52415.622019,178425.580675,178425.58071,122.12565414784395,69.48740099999999,52415.622019,1369.3666381988562,100.838774,86.30819086027397,29.365022347774133,8.188287769460555,1,3,,False,True,,4871,100.0
328,2026-09-13T21:40:39.647+00:00,2026-09-13T21:41:24.004+00:00,2026-09-13T21:42:55.344+00:00,True,1062,1062.0,,1062.0,44357.673223,135697.849095,135697.849285,127.77575262241055,70.823268,44357.673223,1358.8856075884776,88.87202405,86.08876142507069,31.967387586584014,7.826211005426548,1,3,,False,True,,4151,100.0
325,2026-09-13T21:40:27.924+00:00,2026-09-13T21:41:24.006+00:00,2026-09-13T21:43:13.377+00:00,True,1250,1250.0,,1250.0,56081.260525,165452.909037,165452.909014,132.3623272112,70.818688,56081.260525,1584.0529362445982,103.7654825,87.56737270776622,31.457256142504743,7.5550197773824825,1,3,,False,True,,4159,100.0
330,2026-09-13T21:40:48.789+00:00,2026-09-13T21:41:24.913+00:00,2026-09-13T21:43:16.222+00:00,True,1275,1275.0,,1275.0,36124.381523000004,147432.66849900002,147432.668443,115.6334654454902,68.284244,36124.381523000004,1009.7070283896705,102.86007239999999,87.3691420533752,30.777480568653658,8.648015483818282,1,3,,False,True,,4923,100.0
329,2026-09-13T21:40:44.372+00:00,2026-09-13T21:41:24.916+00:00,2026-09-13T21:43:08.918+00:00,True,1197,1197.0,,1197.0,40544.544472,144546.814424,144546.814325,120.75757253550543,65.956518,40544.544472,1169.7615422939548,101.89347120000001,86.9584196923077,30.177624812491775,8.281054167605747,1,3,,False,True,,5058,100.0
332,2026-09-13T21:40:56.797+00:00,2026-09-13T21:41:25.221+00:00,2026-09-13T21:42:51.211+00:00,True,1008,1008.0,,1008.0,28424.350120000003,114414.17924,114414.179266,113.50613022420636,70.29617,28424.350120000003,893.1689992067387,86.99834134999999,85.39208452830188,32.079942454468046,8.810096848971636,1,3,,False,True,,5169,100.0
331,2026-09-13T21:40:52.835+00:00,2026-09-13T21:41:25.223+00:00,2026-09-13T21:43:10.069+00:00,True,1205,1205.0,,1205.0,32388.673617,137233.892945,137233.892954,113.8870480946058,71.287547,32388.673617,931.0293815168692,101.016234,87.0807469501661,30.50010381122038,8.780629727402214,1,3,,False,True,,4970,100.0
333,2026-09-13T21:41:01.769+00:00,2026-09-13T21:41:26.309+00:00,2026-09-13T21:42:59.422+00:00,True,1082,1082.0,,1082.0,24540.155092999998,117653.469653,117653.469636,108.73703293530498,70.09428999999999,24540.155092999998,744.025612978987,96.68033585,86.13627618871415,29.926753534310553,9.196498863919485,1,3,,False,True,,6255,100.0
334,2026-09-13T21:41:05.777+00:00,2026-09-13T21:41:26.312+00:00,2026-09-13T21:43:34.575+00:00,True,1487,1487.0,,1487.0,20534.875603,148797.993683,148797.993727,100.06590028715534,69.78650999999999,20534.875603,531.6486675779712,98.82520029999999,86.314345948856,38.102259653958164,9.993414314227328,1,3,,False,True,,7298,100.0
335,2026-09-13T21:41:09.282+00:00,2026-09-13T21:41:27.402+00:00,2026-09-13T21:43:18.625+00:00,True,1279,1279.0,,1279.0,18119.970298,129343.66617,129343.666199,101.12874605082095,69.22328200000001,18119.970298,505.1826084329301,102.6943839,87.02949598748043,30.972198809071255,9.888385244307011,1,3,,False,True,,1351,100.0
337,2026-09-13T21:41:19.821+00:00,2026-09-13T21:41:27.871+00:00,2026-09-13T21:43:20.672+00:00,True,1303,1303.0,,1303.0,8049.202655,120850.200031,120850.200177,92.74765938372985,70.79735799999999,8049.202655,222.54114193271155,101.99984489999999,86.63671073425499,29.434576332238027,10.781943262532952,1,3,,False,True,,5849,100.0
336,2026-09-13T21:41:14.928+00:00,2026-09-13T21:41:27.871+00:00,2026-09-13T21:43:30.091+00:00,True,1426,1426.0,,1426.0,12942.39217,135162.914154,135162.913991,94.78465216760168,70.892488,12942.39217,341.59239677922005,99.64803325000001,85.76878735719298,27.790785755630644,10.550231244461513,1,3,,False,True,,5465,100.0
338,2026-09-13T21:41:24.325+00:00,2026-09-13T21:41:28.175+00:00,2026-09-13T21:42:56.349+00:00,True,1006,1006.0,,1006.0,3850.061851,92023.447067,92023.446958,91.47459936182902,70.901018,3850.061851,131.5393587955641,89.1427165,87.73471165771144,56.878292914793974,10.931996486368917,1,3,,False,True,,2772,100.0
339,2026-09-13T21:41:30.197+00:00,2026-09-13T21:41:30.458+00:00,2026-09-13T21:43:36.227+00:00,True,1234,1234.0,,1234.0,260.320292,126029.813796,126029.813669,102.13112939141004,70.343919,11959.978405,359.4690035958504,100.404199,102.00283333657747,359.5866014483585,9.791333993378997,1,3,,False,True,,3960,100.0
340,2026-09-13T21:41:33.586+00:00,2026-09-13T21:41:33.808+00:00,2026-09-13T21:44:15.223+00:00,True,1485,1485.0,,1485.0,221.58167600000002,161636.853612,161636.853721,108.84636614208755,69.9513,18645.398411,587.2321782227486,98.3393234,108.7703988787062,587.4228320773512,9.187261239102423,1,3,,False,True,,2634,100.0
341,2026-09-13T21:41:38.052+00:00,2026-09-13T21:41:39.424+00:00,2026-09-13T21:43:56.806+00:00,True,1174,1174.0,,1174.0,1371.475831,138753.583479,138753.583598,118.18874241737649,69.512811,35664.587058,1041.5864388900145,99.50748515,117.12029637510656,1041.386880877027,8.461042738962357,1,3,,False,True,,6865,100.0
342,2026-09-13T21:41:42.823+00:00,2026-09-13T21:41:43.079+00:00,2026-09-13T21:44:07.449+00:00,True,1219,1219.0,,1219.0,256.32644,144626.633512,144626.633425,118.64366974979491,69.63811100000001,38460.264739,1101.4079391138341,97.50632900000001,118.53062977996716,1101.8532803606722,8.428599701166775,1,3,,False,True,,5248,100.0
343,2026-09-13T21:41:48.613+00:00,2026-09-13T21:41:48.849+00:00,2026-09-13T21:44:27.467+00:00,True,1319,1319.0,,1319.0,235.967644,158853.510812,158853.511004,120.43480743290371,69.83266,40680.565690999996,1129.0168999628504,87.9594829,120.34714959635812,1129.440955252542,8.303247396030237,1,3,,False,True,,5527,100.0
344,2026-09-13T21:41:53.449+00:00,2026-09-13T21:41:53.659+00:00,2026-09-13T21:44:33.262+00:00,True,1277,1277.0,,1277.0,209.775791,159812.782255,159812.782188,125.14704948159749,69.39769199999999,50542.461462,1412.489240459812,87.57155659999998,125.08072606896552,1413.0410594122602,7.9905998880765186,1,3,,False,True,,6185,100.0
345,2026-09-13T21:41:57.896+00:00,2026-09-13T21:41:58.154+00:00,2026-09-13T21:44:18.701+00:00,True,1009,1009.0,,1009.0,257.555688,140805.194984,140805.194983,139.54925171754212,68.733473,54284.448273999995,1706.6114070664853,92.93345299999999,139.43218184126985,1707.4545249800478,7.165928786325354,1,3,,False,True,,4814,100.0
346,2026-09-13T21:42:01.246+00:00,2026-09-13T21:42:01.453+00:00,2026-09-13T21:45:08.771+00:00,True,1495,1495.0,,1495.0,207.097016,187524.670392,187524.670268,125.43456205217392,70.07216899999999,54948.99764,1419.7044231289256,103.7179304,125.37990185809906,1420.1782234791838,7.972284376636229,1,3,,False,True,,4414,100.0
347,2026-09-13T21:42:06.005+00:00,2026-09-13T21:43:03.096+00:00,2026-09-13T21:45:04.738+00:00,True,1392,1392.0,,1392.0,57090.417883,178732.323803,178732.323757,128.39965787140804,67.688305,57090.417883,1528.197660394013,102.21223815000002,87.44924940330698,33.076043461416056,7.788182743789936,1,3,,False,True,,4692,100.0
348,2026-09-13T21:42:11.046+00:00,2026-09-13T21:43:03.097+00:00,2026-09-13T21:45:12.764+00:00,True,1487,1487.0,,1487.0,52051.235529,181718.019273,181718.019169,122.20445135776731,68.876893,52051.235529,1347.951746727108,102.8318043,87.25893926244953,32.662721604632274,8.18300796998034,1,3,,False,True,,6659,100.0
350,2026-09-13T21:42:19.403+00:00,2026-09-13T21:43:03.498+00:00,2026-09-13T21:44:31.992+00:00,True,1027,1027.0,,1027.0,44094.042858,132588.68887399998,132588.688835,129.10291025803312,69.054243,44094.042858,1374.1680268809691,87.6645163,86.25209163352827,50.6992074795682,7.745758772650401,1,3,,False,True,,5031,100.0
349,2026-09-13T21:42:14.741+00:00,2026-09-13T21:43:03.498+00:00,2026-09-13T21:44:28.730+00:00,True,1007,1007.0,,1007.0,48756.10347,133988.410158,133988.410147,133.0570110695134,67.48752499999999,48756.10347,1534.0380652126141,86.95738529999998,84.72396291053678,28.939379903518784,7.5155754054588675,1,3,,False,True,,4677,100.0
351,2026-09-13T21:42:24.217+00:00,2026-09-13T21:43:03.499+00:00,2026-09-13T21:45:05.366+00:00,True,1356,1356.0,,1356.0,39281.787968000004,161149.354048,161149.35411800002,118.84170657669617,70.05489,39281.787968000004,1066.4582489673492,101.91668650000001,89.93916315867159,67.76780925927704,8.414554361763692,1,3,,False,True,,5009,100.0
353,2026-09-13T21:42:34.125+00:00,2026-09-13T21:43:09.231+00:00,2026-09-13T21:44:47.149+00:00,True,1147,1147.0,,1147.0,35105.518306,133024.46665800002,133024.466648,115.97599533391455,68.576413,35105.518306,1034.4220105996603,95.1079293,85.44410850959859,28.295799559002575,8.622473961492256,1,3,,False,True,,5313,100.0
352,2026-09-13T21:42:29.920+00:00,2026-09-13T21:43:09.231+00:00,2026-09-13T21:44:44.336+00:00,True,1121,1121.0,,1121.0,39310.989306,134416.574714,134416.574606,119.90773827475469,70.47758900000001,39310.989306,1171.8702502081917,88.62949,84.91570125714286,26.081933896783028,8.33974532073271,1,3,,False,True,,5909,100.0
354,2026-09-13T21:42:38.340+00:00,2026-09-13T21:43:09.569+00:00,2026-09-13T21:44:42.094+00:00,True,1097,1097.0,,1097.0,31229.074341,123754.817957,123754.81797,112.81204919781221,67.782265,31229.074341,940.6508290000377,87.51700879999999,84.42129891970802,24.585911173163403,8.864301350927322,1,3,,False,True,,4587,100.0
355,2026-09-13T21:42:43.956+00:00,2026-09-13T21:43:09.572+00:00,2026-09-13T21:45:07.130+00:00,True,1350,1350.0,,1350.0,25615.270039,143174.145175,143174.14505,106.05492225925926,69.467822,25615.270039,695.5492638221028,101.23054694999999,87.14520024907338,32.55484022976569,9.42907672575877,1,3,,False,True,,3039,100.0
357,2026-09-13T21:42:53.285+00:00,2026-09-13T21:43:10.388+00:00,2026-09-13T21:45:15.710+00:00,True,1440,1440.0,,1440.0,17102.537798,142425.39296599998,142425.393034,98.90652294027778,69.79629,17102.537798,450.01723906941686,102.02400740000002,87.09023986657401,38.173076776653105,10.110556622046738,1,3,,False,True,,7417,100.0
356,2026-09-13T21:42:48.607+00:00,2026-09-13T21:43:10.388+00:00,2026-09-13T21:44:43.170+00:00,True,1095,1095.0,,1095.0,21780.887374,114563.45479799999,114563.45493200001,104.62415975525114,70.199889,21780.887374,656.241046256422,87.40983729999999,84.81039069835467,27.784171286416612,9.558021813594225,1,3,,False,True,,5351,100.0
359,2026-09-13T21:43:02.554+00:00,2026-09-13T21:43:11.649+00:00,2026-09-13T21:45:06.189+00:00,True,1317,1317.0,,1317.0,9094.129496,123634.08623199999,123634.086265,93.87554006454062,68.451484,9094.129496,250.32075266861827,100.91206399999999,87.03644128875379,32.57125466935815,10.65240210154215,1,3,,False,True,,2634,100.0
358,2026-09-13T21:42:58.948+00:00,2026-09-13T21:43:11.651+00:00,2026-09-13T21:44:37.955+00:00,True,1031,1031.0,,1031.0,12703.270863,99007.53275099999,99007.532663,96.03058454219205,69.824991,12703.270863,393.673219050108,86.80564900000002,83.79054552233009,22.719418282055987,10.413349079134454,1,3,,False,True,,4638,100.0
360,2026-09-13T21:43:08.461+00:00,2026-09-13T21:43:11.939+00:00,2026-09-13T21:45:21.134+00:00,True,1478,1478.0,,1478.0,3477.8345780000004,132673.55861,132673.558547,89.76560118200271,0.015460000000000002,3477.8345780000004,108.06175141217791,97.28013854999999,87.47171566147597,62.47303065287935,11.140124795662175,1,3,,False,True,,7152,100.0
361,2026-09-13T21:43:12.143+00:00,2026-09-13T21:43:12.377+00:00,2026-09-13T21:45:33.358+00:00,True,1496,1496.0,,1496.0,234.10321900000002,141215.144883,141215.144756,94.39515023796791,0.015960000000000002,12432.024833000001,322.310210422145,87.445998,94.301700109699,322.39778624916534,10.593764579850628,1,3,,False,True,,5828,100.0
362,2026-09-13T21:43:16.981+00:00,2026-09-13T21:43:17.181+00:00,2026-09-13T21:45:43.634+00:00,True,1280,1280.0,,1280.0,200.62853,146653.60977799998,146653.609843,114.57313268984375,0.01574,23301.859363000003,695.323948278479,91.22329819999999,114.50584929476153,695.5917619498871,8.728049735275029,1,3,,False,True,,2760,100.0
363,2026-09-13T21:43:22.059+00:00,2026-09-13T21:43:22.319+00:00,2026-09-13T21:45:39.804+00:00,True,1121,1121.0,,1121.0,260.760322,137745.82861,137745.828639,122.87763482515611,0.015359999999999999,41473.799368,1236.9668047231046,87.550383,122.75452525714286,1237.5125231491843,8.13817747740216,1,3,,False,True,,5464,100.0
364,2026-09-13T21:43:26.167+00:00,2026-09-13T21:43:26.356+00:00,2026-09-13T21:45:57.436+00:00,True,1237,1237.0,,1237.0,189.35269399999999,151269.279222,151269.279133,122.28721029345189,0.015550000000000001,44615.332327,1266.9719704607685,87.4276368,122.23295026537217,1267.4833735854575,8.177470047864785,1,3,,False,True,,1465,100.0
365,2026-09-13T21:43:30.574+00:00,2026-09-13T21:43:30.823+00:00,2026-09-13T21:46:02.580+00:00,True,1163,1163.0,,1163.0,249.437866,152006.460074,152006.459933,130.7020291771281,0.01532,50028.07858,1465.8798153996856,87.530756,130.5998469948365,1466.506836684328,7.650990618647568,1,3,,False,True,,4037,100.0
366,2026-09-13T21:43:35.199+00:00,2026-09-13T21:43:35.451+00:00,2026-09-13T21:46:16.806+00:00,True,1239,1239.0,,1239.0,252.779728,161607.07809599998,161607.078145,130.43347711460856,0.01592,53552.964549000004,1519.9118749910003,86.96245710000001,130.33465134733441,1520.522124270229,7.666743403800623,1,3,,False,True,,5900,100.0
367,2026-09-13T21:43:38.770+00:00,2026-09-13T21:43:38.972+00:00,2026-09-13T21:46:20.797+00:00,True,1185,1185.0,,1185.0,201.694938,162026.85385,162026.853685,136.73152209704642,0.01565,54838.855433,1593.0455604613142,86.9375892,136.67665448648648,1593.7176055966854,7.31360247911152,1,3,,False,True,,3295,100.0
368,2026-09-13T21:43:44.128+00:00,2026-09-13T21:44:47.465+00:00,2026-09-13T21:46:38.907+00:00,True,1280,1280.0,,1280.0,63337.130405,174778.865573,174778.865542,136.54598870468752,0.01584,63337.130405,1768.5523685234875,86.97009154999999,87.13192741829555,48.37362360395543,7.323539924599074,1,3,,False,True,,5288,100.0
370,2026-09-13T21:43:50.949+00:00,2026-09-13T21:44:48.347+00:00,2026-09-13T21:46:49.533+00:00,True,1409,1409.0,,1409.0,57397.578071,178583.897687,178583.897691,126.74513675727466,0.01668,57397.578071,1527.7129940764717,86.11761940000001,86.06982927272726,52.399640456848864,7.8898490751362305,1,3,,False,True,,5467,100.0
369,2026-09-13T21:43:47.521+00:00,2026-09-13T21:44:48.347+00:00,2026-09-13T21:46:30.175+00:00,True,1174,1174.0,,1174.0,60826.272225,162654.171873,162654.171819,138.5469947350937,0.01542,60826.272225,1773.339015217065,86.76518765,86.80980362148337,47.37085731275696,7.217767527762253,1,3,,False,True,,2678,100.0
371,2026-09-13T21:43:54.435+00:00,2026-09-13T21:44:49.853+00:00,2026-09-13T21:46:53.357+00:00,True,1461,1461.0,,1461.0,55418.433651,178922.696819,178922.696934,122.46591165913757,0.01616,55418.433651,1448.4565122058534,86.10636699999999,84.5919610739726,48.13182925074185,8.165537553225917,1,3,,False,True,,8026,100.0
373,2026-09-13T21:44:03.185+00:00,2026-09-13T21:44:50.929+00:00,2026-09-13T21:46:48.417+00:00,True,1375,1375.0,,1375.0,47744.136982,165231.572502,165231.572476,120.16841634618181,0.01543,47744.136982,1286.028012723294,86.96489869999999,85.50759499272198,44.522492890872726,8.32165414381296,1,3,,False,True,,5735,100.0
372,2026-09-13T21:43:57.703+00:00,2026-09-13T21:44:50.930+00:00,2026-09-13T21:46:21.650+00:00,True,1054,1054.0,,1054.0,53226.662316,143946.439084,143946.438861,136.5715738719165,0.015300000000000001,53226.662316,1637.4748211484716,86.657153,86.15363415764482,45.72528350069636,7.3221679307046825,1,3,,False,True,,5097,100.0
374,2026-09-13T21:44:06.520+00:00,2026-09-13T21:44:51.497+00:00,2026-09-13T21:46:55.374+00:00,True,1489,1489.0,,1489.0,44977.151692,168854.070988,168854.070965,113.4009878878442,0.01656,44977.151692,1164.2056445756948,85.65263399999999,83.25061780645161,42.523704276648374,8.81826532986474,1,3,,False,True,,5198,100.0
375,2026-09-13T21:44:10.990+00:00,2026-09-13T21:44:51.498+00:00,2026-09-13T21:46:51.614+00:00,True,1422,1422.0,,1422.0,40507.762338,160624.265122,160624.265118,112.95658587763712,0.01542,40507.762338,1072.8142793452027,86.04312599999999,84.52955860942998,42.654631898610205,8.852958791250742,1,3,,False,True,,6909,100.0
377,2026-09-13T21:44:22.405+00:00,2026-09-13T21:44:52.202+00:00,2026-09-13T21:46:25.050+00:00,True,1081,1081.0,,1081.0,29797.639872,122645.566144,122645.566098,113.45565781498613,0.01532,29797.639872,904.8290874817945,86.434084,85.9703021037037,45.62671298413603,8.814016144136687,1,3,,False,True,,4818,100.0
378,2026-09-13T21:44:28.146+00:00,2026-09-13T21:44:52.202+00:00,2026-09-13T21:46:53.824+00:00,True,1454,1454.0,,1454.0,24056.372384,145677.661088,145677.661052,100.19096358459421,0.01531,24056.372384,630.0636986667406,85.8228765,83.70357102821748,41.649203396115155,9.98094003665859,1,3,,False,True,,7180,100.0
376,2026-09-13T21:44:16.984+00:00,2026-09-13T21:44:52.204+00:00,2026-09-13T21:46:50.362+00:00,True,1398,1398.0,,1398.0,35220.207864,153378.15116,153378.151183,109.71255449427754,0.01593,35220.207864,940.6990118585935,85.99001049999998,84.57977329706515,43.126671556024874,9.114727159161305,1,3,,False,True,,4594,100.0
380,2026-09-13T21:44:38.061+00:00,2026-09-13T21:44:52.443+00:00,2026-09-13T21:46:41.398+00:00,True,1238,1238.0,,1238.0,14381.693736,123336.548392,123336.54844,99.62564494345719,0.0157,14381.693736,411.64439182337514,86.2067175,88.07991483912691,66.51672805775621,10.037576177867976,1,3,,False,True,,6172,100.0
379,2026-09-13T21:44:32.090+00:00,2026-09-13T21:44:52.444+00:00,2026-09-13T21:46:53.709+00:00,True,1441,1441.0,,1441.0,20354.967137,141619.458913,141619.458797,98.27859736086052,0.01548,20354.967137,536.1524662203171,86.183297,84.21145262222221,48.056372795401806,10.175155385145471,1,3,,False,True,,7464,100.0
381,2026-09-13T21:44:43.684+00:00,2026-09-13T21:44:53.446+00:00,2026-09-13T21:46:57.003+00:00,True,1457,1457.0,,1457.0,9761.898845000002,133319.216733,133319.216864,91.50255103912149,0.0155,9761.898845000002,280.3082930760556,85.51196099999999,84.86079525274725,119.62459496232387,10.928657066129867,1,3,,False,True,,6227,100.0
382,2026-09-13T21:44:47.029+00:00,2026-09-13T21:44:53.446+00:00,2026-09-13T21:46:29.409+00:00,True,1027,1027.0,,1027.0,6417.072282,102380.12917799999,102380.129102,99.68853856085687,0.015349999999999999,6417.072282,261.1798118839578,86.064855,93.5312445380117,171.19450604997903,10.031243447783103,1,3,,False,True,,4232,100.0
383,2026-09-13T21:44:52.730+00:00,2026-09-13T21:44:58.723+00:00,2026-09-13T21:47:11.163+00:00,True,1452,1452.0,,1452.0,5992.759658,138432.64983399998,138432.650038,95.3392906597796,0.01502,12007.403504,377.66853149238585,84.9127045,91.2749070820124,344.57139841468484,10.488855062307556,1,3,,False,True,,2930,100.0
384,2026-09-13T21:44:57.967+00:00,2026-09-13T21:44:58.727+00:00,2026-09-13T21:47:00.005+00:00,True,1066,1066.0,,1066.0,760.055461,122038.060453,122038.060376,114.48223299812382,0.01577,32703.679949999998,1009.9655648673618,84.9997505,113.8760610253521,1010.2460301485162,8.734979858275805,1,3,,False,True,,3988,100.0
385,2026-09-13T21:45:02.607+00:00,2026-09-13T21:45:03.230+00:00,2026-09-13T21:47:13.383+00:00,True,1280,1280.0,,1280.0,623.030054,130776.552486,130776.552363,102.16918153359374,0.015380000000000001,36312.565698,1015.2356109661569,84.28980005,101.76194091634089,1015.5281377898805,9.787687285433124,1,3,,False,True,,3042,100.0
386,2026-09-13T21:45:06.286+00:00,2026-09-13T21:45:06.545+00:00,2026-09-13T21:47:15.731+00:00,True,1257,1257.0,,1257.0,259.257515,129445.224875,129445.224806,102.97949467462212,0.01512,40921.695552000005,1153.4553816106484,83.85248080000001,102.85506955414012,1153.9063932592953,9.710671067347858,1,3,,False,True,,3773,100.0
387,2026-09-13T21:45:09.941+00:00,2026-09-13T21:45:10.195+00:00,2026-09-13T21:47:21.144+00:00,True,1239,1239.0,,1239.0,253.63815599999998,131202.654732,131202.65486,105.89399100887813,0.01598,48988.880198,1392.1573950719667,83.210944,105.77464989983845,1392.7136546076104,9.443406480843189,1,3,,False,True,,2792,100.0
388,2026-09-13T21:45:14.532+00:00,2026-09-13T21:45:14.719+00:00,2026-09-13T21:47:32.523+00:00,True,1427,1427.0,,1427.0,187.866028,137991.74442799998,137991.744326,96.70059167904695,0.01534,53980.765732,1432.1704886059028,82.6891837,96.63666086956522,1432.6708853230577,10.341198351504039,1,3,,False,True,,7098,100.0
0,2026-09-13T21:15:19.098+00:00,2026-09-13T21:15:19.237+00:00,2026-09-13T21:16:03.492+00:00,True,1072,1072.0,,1072.0,138.68444200000002,44393.813018,44393.812857,41.41213885914179,0.055619999999999996,149.899728,7.573791404781621,50.857238450000004,41.32131519701214,6.968843418555777,24.147509013594863,2,3,,False,True,,3746,100.0
1,2026-09-13T21:15:23.854+00:00,2026-09-13T21:15:23.983+00:00,2026-09-13T21:16:10.913+00:00,True,1075,1075.0,,1075.0,129.722821,47059.678661000005,47059.67843,43.77644505116279,0.02032,148.94895000000002,7.941371781404899,53.492025999999996,43.696420707635006,7.49890503740539,22.843334901283335,2,3,,False,True,,5188,100.0
2,2026-09-13T21:15:28.251+00:00,2026-09-13T21:15:28.365+00:00,2026-09-13T21:16:18.498+00:00,True,1095,1095.0,,1095.0,113.804895,50246.984543,50246.984673,45.88765723561644,0.05905,113.804895,7.309056864847918,54.48411599999999,45.82557554661792,7.017625607998247,21.792352515461477,2,3,,False,True,,3856,100.0
3,2026-09-13T21:15:33.420+00:00,2026-09-13T21:15:33.540+00:00,2026-09-13T21:16:38.941+00:00,True,1319,1319.0,,1319.0,119.39322299999999,65520.919495,65520.919416,49.67469250644427,0.02045,151.620614,8.276408141303193,58.63934999999999,49.62179535053111,8.053411334059861,20.13097511704876,2,3,,False,True,,6131,100.0
4,2026-09-13T21:15:37.998+00:00,2026-09-13T21:15:38.110+00:00,2026-09-13T21:16:34.332+00:00,True,1124,1124.0,,1124.0,112.431438,56334.542158,56334.542211,50.11969947597865,0.04275,150.000408,7.843691935529049,58.81637915,50.06421257346394,7.623301565617699,19.95223457834355,2,3,,False,True,,5777,100.0
5,2026-09-13T21:15:43.498+00:00,2026-09-13T21:15:43.640+00:00,2026-09-13T21:16:40.763+00:00,True,1102,1102.0,,1102.0,142.73996400000001,57265.795068,57265.794903,51.965331127949185,0.02914,148.11520199999998,7.7050680936477605,58.870863449999995,51.88288383651226,7.205850292795795,19.24359905754273,2,3,,False,True,,6226,100.0
6,2026-09-13T21:15:48.153+00:00,2026-09-13T21:15:48.275+00:00,2026-09-13T21:17:03.602+00:00,True,1359,1359.0,,1359.0,121.817008,75448.063408,75448.063281,55.51733869094923,0.055600000000000004,148.81645,7.795062363642712,66.343676,55.468517231222386,7.587236467350337,18.01239075747968,2,3,,False,True,,2718,100.0
7,2026-09-13T21:15:52.102+00:00,2026-09-13T21:15:52.257+00:00,2026-09-13T21:16:50.023+00:00,True,1058,1058.0,,1058.0,154.030599,57920.537351,57920.537321,54.74530937712665,0.026809999999999997,154.030599,6.649537352926303,61.454438499999995,54.6513781948912,5.908856312505156,18.266405119629532,2,3,,False,True,,5043,100.0
8,2026-09-13T21:15:56.464+00:00,2026-09-13T21:15:56.615+00:00,2026-09-13T21:17:13.759+00:00,True,1325,1325.0,,1325.0,150.88102600000002,77295.53587400001,77295.535986,58.33625357433962,0.03965,150.88102600000002,7.49009248421375,68.40450500000001,58.26635562537764,7.047370015000941,17.141999017380407,2,3,,False,True,,5358,100.0
9,2026-09-13T21:16:02.384+00:00,2026-09-13T21:16:02.561+00:00,2026-09-13T21:17:30.319+00:00,True,1454,1454.0,,1454.0,177.747528,87935.74714400001,87935.747236,60.47850566437414,48.660585,177.747528,7.493965834869208,69.07194234999999,60.39779739573297,6.835245398279075,16.534800092378685,2,3,,False,True,,7411,100.0
10,2026-09-13T21:16:06.414+00:00,2026-09-13T21:16:06.573+00:00,2026-09-13T21:17:07.020+00:00,True,1031,1031.0,,1031.0,158.615699,60605.645459,60605.645437,58.7833612386033,50.500051,158.615699,6.706135457263073,68.084833,58.686436660194175,5.943139241507896,17.011616528322865,2,3,,False,True,,4169,100.0
11,2026-09-13T21:16:10.151+00:00,2026-09-13T21:16:10.321+00:00,2026-09-13T21:17:25.732+00:00,True,1238,1238.0,,1238.0,170.265614,75581.01531,75581.015225,61.050900827948304,49.505153,170.265614,7.303843931882038,69.10449015,60.96261091026677,6.612954176585765,16.379774668576097,2,3,,False,True,,5573,100.0
12,2026-09-13T21:16:14.951+00:00,2026-09-13T21:16:15.079+00:00,2026-09-13T21:17:30.322+00:00,True,1218,1218.0,,1218.0,127.956355,75370.85913900001,75370.859319,61.880836879310344,48.917994,127.956355,6.686270780784188,69.211653,61.82654296138045,6.414794703659738,16.16009176376439,2,3,,False,True,,2612,100.0
13,2026-09-13T21:16:20.310+00:00,2026-09-13T21:16:20.456+00:00,2026-09-13T21:17:42.531+00:00,True,1295,1295.0,,1295.0,145.871117,82221.102861,82221.102911,63.49119915907336,49.807222,145.871117,6.786185661585816,70.595548,63.427536123647606,6.390248469166177,15.750214421099164,2,3,,False,True,,5426,100.0
14,2026-09-13T21:16:24.008+00:00,2026-09-13T21:16:24.181+00:00,2026-09-13T21:18:01.563+00:00,True,1493,1493.0,,1493.0,172.801678,97555.31815800001,97555.318115,65.34180717682518,51.479618,172.801678,7.344961346937088,73.7022394,65.26978316353888,6.799601415848758,15.30413746979889,2,3,,False,True,,6913,100.0
15,2026-09-13T21:16:29.015+00:00,2026-09-13T21:16:29.142+00:00,2026-09-13T21:18:00.513+00:00,True,1392,1392.0,,1392.0,127.184783,91498.09934300001,91498.099347,65.73139320905173,53.896673,127.184783,6.612108815188718,73.6173755,65.68721391804458,6.405666344226734,15.2134307706414,2,3,,False,True,,5516,100.0
16,2026-09-13T21:16:34.085+00:00,2026-09-13T21:16:34.276+00:00,2026-09-13T21:18:05.353+00:00,True,1373,1373.0,,1373.0,190.499934,91268.08892600001,91268.088937,66.47348065331391,50.826589,190.499934,7.245551495724346,73.9769716,66.38308235568513,6.427141606322859,15.043593178698261,2,3,,False,True,,6109,100.0
17,2026-09-13T21:16:37.649+00:00,2026-09-13T21:16:37.809+00:00,2026-09-13T21:18:01.152+00:00,True,1252,1252.0,,1252.0,160.214441,83503.061673,83503.061669,66.69573615734824,54.708151,160.214441,6.500593591048461,73.74368650000001,66.62098100079936,5.940482336075951,14.99346221462947,2,3,,False,True,,7433,100.0
18,2026-09-13T21:16:43.555+00:00,2026-09-13T21:16:43.702+00:00,2026-09-13T21:17:57.148+00:00,True,1096,1096.0,,1096.0,147.422559,73593.239647,73593.239706,67.147116520073,55.705099000000004,147.422559,5.878698750528658,73.3509075,67.07380555981734,5.356760454080024,14.892672278827694,2,3,,False,True,,3574,100.0
19,2026-09-13T21:16:49.252+00:00,2026-09-13T21:16:49.413+00:00,2026-09-13T21:18:32.804+00:00,True,1498,1498.0,,1498.0,161.315188,103551.98065999999,103551.980665,69.12682287383177,57.926133,161.315188,6.22186257251461,75.158267,69.06524079625918,5.749146742341257,14.466164630095259,2,3,,False,True,,1777,100.0
20,2026-09-13T21:16:54.056+00:00,2026-09-13T21:16:54.265+00:00,2026-09-13T21:18:23.696+00:00,True,1296,1296.0,,1296.0,208.27392600000002,89639.299334,89639.29936,69.16612604938271,59.209151,208.27392600000002,6.581804186063117,74.19087775,69.05870687876448,5.328006473571908,14.457944335006976,2,3,,False,True,,4449,100.0
21,2026-09-13T21:16:58.269+00:00,2026-09-13T21:16:58.430+00:00,2026-09-13T21:18:40.557+00:00,True,1454,1454.0,,1454.0,160.639019,102288.109355,102288.109288,70.34945618156809,59.37612,160.639019,6.223265496574637,78.822885,70.28731612938746,5.756509245842355,14.214750953639816,2,3,,False,True,,5190,100.0
22,2026-09-13T21:17:03.758+00:00,2026-09-13T21:17:03.961+00:00,2026-09-13T21:18:41.645+00:00,True,1385,1385.0,,1385.0,203.258187,97886.744907,97886.745055,70.6763502202166,62.418184000000004,203.258187,6.825549705018169,79.03775999999999,70.5805539884393,5.822598229807427,14.149004559461625,2,3,,False,True,,5829,100.0
23,2026-09-13T21:17:09.271+00:00,2026-09-13T21:17:09.472+00:00,2026-09-13T21:18:23.249+00:00,True,1061,1061.0,,1061.0,200.618753,73977.672449,73977.672572,69.724479332705,57.053306,200.618753,6.712627478679337,74.737289,69.60099405283019,5.376604637903232,14.342165208447863,2,3,,False,True,,1108,100.0
24,2026-09-13T21:17:13.116+00:00,2026-09-13T21:17:13.292+00:00,2026-09-13T21:18:59.971+00:00,True,1485,1485.0,,1485.0,176.470685,106855.029661,106855.029756,71.9562489939394,0.026789999999999998,184.764769,7.7057687654186395,82.2587262,71.88582141239893,7.214453350843535,13.89733365580634,2,3,,False,True,,8847,100.0
25,2026-09-13T21:17:17.545+00:00,2026-09-13T21:17:17.706+00:00,2026-09-13T21:18:54.266+00:00,True,1343,1343.0,,1343.0,161.719087,96721.421871,96721.421803,72.01892911615785,61.429376,161.719087,6.746680533817098,82.125077,71.95208851266766,6.288647215823751,13.88523838898063,2,3,,False,True,,6579,100.0
26,2026-09-13T21:17:23.467+00:00,2026-09-13T21:17:23.656+00:00,2026-09-13T21:19:11.417+00:00,True,1483,1483.0,,1483.0,189.286868,107950.508756,107950.508944,72.7919817559002,0.0246,189.286868,7.70562753804304,82.09687509999999,72.71337509311742,7.088526551992527,13.737776848759626,2,3,,False,True,,7064,100.0
27,2026-09-13T21:17:27.168+00:00,2026-09-13T21:17:27.334+00:00,2026-09-13T21:19:02.658+00:00,True,1311,1311.0,,1311.0,165.55787899999999,95489.297271,95489.297108,72.8369924546148,0.0248,183.414981,7.685495380468654,82.3698855,72.76621327633588,7.248394763838672,13.729287338657056,2,3,,False,True,,7267,100.0
28,2026-09-13T21:17:31.296+00:00,2026-09-13T21:17:31.472+00:00,2026-09-13T21:19:20.013+00:00,True,1477,1477.0,,1477.0,175.97253700000002,108717.64549699999,108717.64555,73.6070721394719,0.03493,256.113391,8.56311325879754,82.3065548,73.53771880758806,8.140485072050526,13.585651098751555,2,3,,False,True,,5747,100.0
29,2026-09-13T21:17:37.113+00:00,2026-09-13T21:17:37.297+00:00,2026-09-13T21:19:05.611+00:00,True,1202,1202.0,,1202.0,184.055999,88498.627519,88498.627458,73.62614597171381,0.0315,185.221328,7.841496137694604,82.44196455,73.53419776852623,7.1672521766098845,13.582131539180532,2,3,,False,True,,4972,100.0
30,2026-09-13T21:17:41.779+00:00,2026-09-13T21:17:42.014+00:00,2026-09-13T21:18:57.316+00:00,True,1026,1026.0,,1026.0,234.247698,75537.033746,75537.033824,73.62283998440546,0.02223,234.247698,8.935430724268837,82.97636775000001,73.4661327297561,7.395923163682128,13.582741459639735,2,3,,False,True,,3180,100.0
31,2026-09-13T21:17:46.084+00:00,2026-09-13T21:17:46.271+00:00,2026-09-13T21:19:37.768+00:00,True,1499,1499.0,,1499.0,186.76960200000002,111684.003778,111684.00368,74.50567290193462,0.03218,186.76960200000002,7.297120195558658,82.608082,74.4307304245661,6.697679609836896,13.421796759539879,2,3,,False,True,,3534,100.0
32,2026-09-13T21:17:50.368+00:00,2026-09-13T21:17:50.611+00:00,2026-09-13T21:19:04.704+00:00,True,1000,1000.0,,1000.0,242.84283100000002,74336.036559,74336.0366,74.3360366,0.02016,256.179872,10.448772897076266,82.41087999999999,74.1673610890891,8.989230897811531,13.452425583738336,2,3,,False,True,,5213,100.0
33,2026-09-13T21:17:55.215+00:00,2026-09-13T21:17:55.458+00:00,2026-09-13T21:19:28.456+00:00,True,1245,1245.0,,1245.0,242.706601,93240.652713,93240.652905,74.89209068674698,0.02422,254.920734,9.630701899242414,82.3553156,74.75719140836013,8.375592473661994,13.352544880098387,2,3,,False,True,,4405,100.0
34,2026-09-13T21:18:00.283+00:00,2026-09-13T21:18:00.513+00:00,2026-09-13T21:19:20.787+00:00,True,1075,1075.0,,1075.0,230.031448,80504.49416799999,80504.494366,74.88790173581395,0.02538,230.031448,8.648902926636648,82.7425207,74.74344759776535,7.24019347425069,13.353291777185099,2,3,,False,True,,1075,100.0
35,2026-09-13T21:18:04.893+00:00,2026-09-13T21:18:05.070+00:00,2026-09-13T21:19:30.176+00:00,True,1135,1135.0,,1135.0,177.12847299999999,85283.60399300001,85283.603976,75.13973918590308,0.02379,181.983875,7.575983228133466,82.614848,75.04980204585537,6.9467600938196075,13.308537008979588,2,3,,False,True,,6449,100.0
36,2026-09-13T21:18:09.098+00:00,2026-09-13T21:18:09.308+00:00,2026-09-13T21:19:40.920+00:00,True,1219,1219.0,,1219.0,210.060531,91822.023667,91822.023639,75.32569617637408,0.02164,210.060531,7.831597380664602,83.0167839,75.21507646633826,6.815825038963071,13.27568214376109,2,3,,False,True,,6614,100.0
37,2026-09-13T21:18:12.643+00:00,2026-09-13T21:18:12.871+00:00,2026-09-13T21:19:32.042+00:00,True,1049,1049.0,,1049.0,227.899463,79399.212359,79399.212467,75.6903836673022,0.037899999999999996,258.940086,9.761668165878595,82.7588166,75.54514589312977,8.55759927833523,13.211717960840634,2,3,,False,True,,7099,100.0
38,2026-09-13T21:18:15.992+00:00,2026-09-13T21:18:16.188+00:00,2026-09-13T21:20:05.835+00:00,True,1443,1443.0,,1443.0,195.84303400000002,109842.731482,109842.731544,76.12108908108108,0.02484,255.206963,8.333560223397637,82.64616099999999,76.03806411095701,7.716389454610396,13.136963916783746,2,3,,False,True,,7668,100.0
39,2026-09-13T21:18:21.046+00:00,2026-09-13T21:18:21.252+00:00,2026-09-13T21:20:14.388+00:00,True,1478,1478.0,,1478.0,205.298192,113341.626128,113341.626073,76.68580925101489,0.026170000000000002,205.298192,7.187815807294135,82.74453749999999,76.59873252268112,6.36281178232153,13.040222295124401,2,3,,False,True,,5492,100.0
40,2026-09-13T21:18:25.434+00:00,2026-09-13T21:18:25.650+00:00,2026-09-13T21:20:15.167+00:00,True,1427,1427.0,,1427.0,216.185809,109733.16296100001,109733.163003,76.89780168395235,0.025279,216.185809,7.302114851281995,82.705205,76.80012423001402,6.303481915716154,13.004272924377169,2,3,,False,True,,3215,100.0
41,2026-09-13T21:18:30.141+00:00,2026-09-13T21:18:30.392+00:00,2026-09-13T21:20:04.809+00:00,True,1234,1234.0,,1234.0,250.892883,94667.36187499999,94667.361876,76.71585241166937,0.023510000000000003,250.892883,8.160362965672034,82.62260765,76.57458961232766,6.480808867716413,13.035115540975882,2,3,,False,True,,5555,100.0
42,2026-09-13T21:18:34.967+00:00,2026-09-13T21:18:35.161+00:00,2026-09-13T21:20:18.916+00:00,True,1348,1348.0,,1348.0,193.757467,103949.02300300001,103949.022987,77.11351853635014,0.03402,193.757467,7.103820976200197,83.20906435,77.02692318930958,6.354994211922858,12.967894849392632,2,3,,False,True,,7910,100.0
43,2026-09-13T21:18:40.275+00:00,2026-09-13T21:18:40.473+00:00,2026-09-13T21:20:05.123+00:00,True,1107,1107.0,,1107.0,198.232877,84848.494893,84848.494858,76.64724016079494,0.035590000000000004,198.232877,7.514644952271442,82.942557,76.53730742857144,6.5673889686758145,13.046784169784107,2,3,,False,True,,4579,100.0
44,2026-09-13T21:18:45.013+00:00,2026-09-13T21:18:45.272+00:00,2026-09-13T21:20:12.688+00:00,True,1139,1139.0,,1139.0,259.214364,87675.045148,87675.045205,76.97545672080773,0.02187,259.214364,8.527767981815074,82.94320300000001,76.81531703339192,6.599379944684496,12.991153846311787,2,3,,False,True,,5828,100.0
45,2026-09-13T21:18:50.791+00:00,2026-09-13T21:18:51.012+00:00,2026-09-13T21:20:17.991+00:00,True,1135,1135.0,,1135.0,221.358917,87199.86925300001,87199.8692,76.82807859030837,0.027129999999999998,221.358917,7.875198143402701,83.084615,76.70062639858907,6.604560967889522,13.016074562072253,2,3,,False,True,,1135,100.0
46,2026-09-13T21:18:54.755+00:00,2026-09-13T21:18:54.942+00:00,2026-09-13T21:20:27.312+00:00,True,1207,1207.0,,1207.0,187.66577900000001,92557.187955,92557.187956,76.68366856338028,0.02334,187.66577900000001,7.246574010496301,82.13700700000001,76.59164359535656,6.505871091573304,13.040586330116536,2,3,,False,True,,6747,100.0
47,2026-09-13T21:18:59.150+00:00,2026-09-13T21:18:59.367+00:00,2026-09-13T21:20:40.143+00:00,True,1313,1313.0,,1313.0,216.729287,100993.074119,100993.074097,76.91780205407464,67.95454099999999,216.729287,6.613085295807763,82.23685900000001,76.8112384390244,5.370725655101387,13.000891511163369,2,3,,False,True,,5479,100.0
48,2026-09-13T21:19:04.069+00:00,2026-09-13T21:19:04.326+00:00,2026-09-13T21:20:24.680+00:00,True,1048,1048.0,,1048.0,256.45261999999997,80610.744588,80610.744751,76.91864957156488,67.642823,256.45261999999997,7.62027106191599,82.2719945,76.74717475453677,5.222993560244943,13.000748291760711,2,3,,False,True,,2753,100.0
49,2026-09-13T21:19:09.786+00:00,2026-09-13T21:19:10.005+00:00,2026-09-13T21:20:34.214+00:00,True,1095,1095.0,,1095.0,218.93012299999998,84428.209867,84428.210055,77.1033881780822,67.133913,218.93012299999998,6.812245507665848,82.878397,76.97374748080438,5.294242363898111,12.969598688932962,2,3,,False,True,,5647,100.0
50,2026-09-13T21:19:14.505+00:00,2026-09-13T21:19:14.732+00:00,2026-09-13T21:20:43.282+00:00,True,1149,1149.0,,1149.0,226.562716,88777.293212,88777.293165,77.26483304177546,68.531251,226.562716,7.021791626334394,82.66466340000001,77.13478266202091,5.467947639913623,12.942498677631342,2,3,,False,True,,3700,100.0
51,2026-09-13T21:19:18.507+00:00,2026-09-13T21:19:18.717+00:00,2026-09-13T21:21:01.270+00:00,True,1339,1339.0,,1339.0,210.84997099999998,102763.356339,102763.356506,76.74634541150112,66.557385,210.84997099999998,6.634908384735403,82.64893899999998,76.64611836173393,5.531194397066532,13.029936425809716,2,3,,False,True,,5468,100.0
52,2026-09-13T21:19:24.102+00:00,2026-09-13T21:19:24.341+00:00,2026-09-13T21:21:03.543+00:00,True,1296,1296.0,,1296.0,238.56898999999999,99441.06243,99441.062495,76.72921488811728,68.431781,238.56898999999999,7.236049025676273,82.20698325,76.60424203861004,5.669571254967046,13.03284546977059,2,3,,False,True,,6913,100.0
53,2026-09-13T21:19:27.334+00:00,2026-09-13T21:19:27.556+00:00,2026-09-13T21:21:13.634+00:00,True,1392,1392.0,,1392.0,221.913657,106300.121913,106300.121794,76.36503002442528,66.609736,221.913657,7.231439368040767,82.15159599999998,76.26039414521927,6.08931693452893,13.094999092656403,2,3,,False,True,,5613,100.0
54,2026-09-13T21:19:31.052+00:00,2026-09-13T21:19:31.304+00:00,2026-09-13T21:20:52.181+00:00,True,1051,1051.0,,1051.0,251.87045999999998,81129.243388,81129.243219,77.19242932350143,68.68933,251.87045999999998,7.807047653700607,83.19914349999999,77.02606945523809,5.6474105850589185,12.954638255081466,2,3,,False,True,,4491,100.0
55,2026-09-13T21:19:35.071+00:00,2026-09-13T21:19:35.266+00:00,2026-09-13T21:20:58.234+00:00,True,1079,1079.0,,1079.0,195.275544,83162.53570400001,83162.535789,77.07371250139018,68.76144000000001,195.275544,6.631064110075793,82.7687319,76.96406322820037,5.570196097559121,12.974592355390405,2,3,,False,True,,5795,100.0
56,2026-09-13T21:19:39.095+00:00,2026-09-13T21:19:39.287+00:00,2026-09-13T21:21:06.249+00:00,True,1133,1133.0,,1133.0,191.730942,87153.832446,87153.832528,76.92306489673433,68.678522,191.730942,6.7274777739169505,82.6844636,76.82164443816255,5.799526291874292,13.000002044683464,2,3,,False,True,,5038,100.0
57,2026-09-13T21:19:43.851+00:00,2026-09-13T21:19:44.047+00:00,2026-09-13T21:21:11.406+00:00,True,1140,1140.0,,1140.0,196.111012,87554.944676,87554.944712,76.80258308070175,66.609505,196.111012,6.967468524453427,83.285646,76.69783464793679,6.005743181562495,13.020395412487645,2,3,,False,True,,5145,100.0
58,2026-09-13T21:19:49.822+00:00,2026-09-13T21:19:50.063+00:00,2026-09-13T21:21:07.393+00:00,True,1005,1005.0,,1005.0,241.115253,77570.521717,77570.521764,77.18459877014925,67.412004,241.115253,7.874751675017214,83.49229019999999,77.02132117928288,5.937507010001896,12.955952567478334,2,3,,False,True,,4214,100.0
59,2026-09-13T21:19:53.984+00:00,2026-09-13T21:19:54.200+00:00,2026-09-13T21:21:34.856+00:00,True,1339,1339.0,,1339.0,215.88334899999998,100871.965269,100871.965249,75.3338052643764,64.076762,215.88334899999998,7.6583657863593135,83.02063700000001,75.22876077727953,6.626342446775531,13.274253123047876,2,3,,False,True,,5950,100.0
60,2026-09-13T21:19:57.819+00:00,2026-09-13T21:19:58.058+00:00,2026-09-13T21:21:23.306+00:00,True,1125,1125.0,,1125.0,239.62009799999998,85487.02157,85487.021607,75.98846365066666,65.89796700000001,239.62009799999998,8.189708132306503,82.530846,75.84288387188612,6.577781866030518,13.159892336157807,2,3,,False,True,,4846,100.0
61,2026-09-13T21:20:02.861+00:00,2026-09-13T21:20:03.105+00:00,2026-09-13T21:21:38.612+00:00,True,1278,1278.0,,1278.0,243.685728,95751.070304,95751.070254,74.92259018309859,0.01749,394.360066,12.794187336770715,82.228236,74.79043428034456,11.894598550952303,13.34710929018839,2,3,,False,True,,6445,100.0
62,2026-09-13T21:20:08.347+00:00,2026-09-13T21:20:08.621+00:00,2026-09-13T21:21:56.890+00:00,True,1453,1453.0,,1453.0,273.94938299999995,108542.352071,108542.351917,74.70223807088782,0.01642,393.748668,12.39801785812099,81.801485,74.56501562534434,11.244464395075397,13.386479768280312,2,3,,False,True,,5089,100.0
63,2026-09-13T21:20:11.629+00:00,2026-09-13T21:20:11.874+00:00,2026-09-13T21:21:31.570+00:00,True,1071,1071.0,,1071.0,244.874236,79940.620284,79940.620169,74.6411019318394,65.346808,244.874236,8.275135636450958,81.626507,74.48200565233645,6.434892466320844,13.39744420540053,2,3,,False,True,,4972,100.0
64,2026-09-13T21:20:17.453+00:00,2026-09-13T21:20:17.656+00:00,2026-09-13T21:22:07.281+00:00,True,1477,1477.0,,1477.0,202.317489,109827.750321,109827.750317,74.35866642992552,0.01659,329.957165,10.251715922255846,80.4315742,74.27197346341464,9.698491077536772,13.448331552663927,2,3,,False,True,,6011,100.0
65,2026-09-13T21:20:23.209+00:00,2026-09-13T21:20:23.417+00:00,2026-09-13T21:22:03.104+00:00,True,1346,1346.0,,1346.0,207.623288,99894.824568,99894.824512,74.21606575928678,0.016190000000000003,395.494084,12.036839232628262,80.13704949999999,74.11687827509293,11.477860723008202,13.474171518102587,2,3,,False,True,,7623,100.0
66,2026-09-13T21:20:26.563+00:00,2026-09-13T21:20:26.783+00:00,2026-09-13T21:22:11.152+00:00,True,1408,1408.0,,1408.0,220.49132,104589.189688,104589.189612,74.28209489488637,0.01839,397.939419,12.009330451425958,80.73758685000001,74.17817936602701,11.362729087765386,13.462194364448225,2,3,,False,True,,7583,100.0
67,2026-09-13T21:20:31.648+00:00,2026-09-13T21:20:31.899+00:00,2026-09-13T21:21:53.211+00:00,True,1105,1105.0,,1105.0,251.16787200000002,81563.594112,81563.594143,73.81320736923077,0.01762,394.761056,13.48709544852531,80.16994300000002,73.65256,12.390454235312992,13.547710985892264,2,3,,False,True,,4235,100.0
68,2026-09-13T21:20:36.597+00:00,2026-09-13T21:20:36.824+00:00,2026-09-13T21:21:57.948+00:00,True,1104,1104.0,,1104.0,227.050864,81350.98609600001,81350.986103,73.68748741213768,0.01761,389.490777,13.08211056947247,79.62842715000001,73.54844535992747,12.244762956593942,13.570825050567926,2,3,,False,True,,1104,100.0
69,2026-09-13T21:20:41.535+00:00,2026-09-13T21:20:41.781+00:00,2026-09-13T21:22:14.113+00:00,True,1255,1255.0,,1255.0,246.160953,92577.580089,92577.580165,73.76699614741035,0.01807,394.45354599999996,12.64027088730642,78.97417730000001,73.62952084210526,11.669032532938079,13.55619793467812,2,3,,False,True,,5414,100.0
70,2026-09-13T21:20:46.112+00:00,2026-09-13T21:20:46.302+00:00,2026-09-13T21:22:02.354+00:00,True,1039,1039.0,,1039.0,190.06596599999997,76242.63326199999,76242.633235,73.3807827093359,0.01659,393.78382799999997,12.992664641356788,77.9183729,73.26836926396916,12.48317930663783,13.62754610572779,2,3,,False,True,,5312,100.0
71,2026-09-13T21:20:51.434+00:00,2026-09-13T21:20:51.638+00:00,2026-09-13T21:22:16.410+00:00,True,1156,1156.0,,1156.0,203.11735000000002,84975.351334,84975.351293,73.50808935380623,0.016730000000000002,400.420533,12.753935350450094,78.352215,73.39587357922078,12.175158234070054,13.60394493052794,2,3,,False,True,,5493,100.0
72,2026-09-13T21:20:55.181+00:00,2026-09-13T21:20:55.387+00:00,2026-09-13T21:22:24.291+00:00,True,1210,1210.0,,1210.0,205.531905,89109.149697,89109.149714,73.64392538347107,0.0174,395.253075,12.369324030514887,78.52704750000001,73.5348368833747,11.777759381439038,13.578852498473974,2,3,,False,True,,4328,100.0
73,2026-09-13T21:21:00.569+00:00,2026-09-13T21:21:00.824+00:00,2026-09-13T21:22:40.948+00:00,True,1362,1362.0,,1362.0,255.27344699999998,100379.03408699999,100379.034155,73.69973139133627,0.01678,399.267516,12.402899273726367,78.54015155,73.5663193534166,11.387946833677509,13.568570492713992,2,3,,False,True,,6327,100.0
74,2026-09-13T21:21:05.195+00:00,2026-09-13T21:21:05.408+00:00,2026-09-13T21:22:52.395+00:00,True,1446,1446.0,,1446.0,213.657397,107200.158773,107200.158658,74.13565605670816,0.01688,397.077001,11.779657403247914,82.58023175,74.0391012982699,11.196705871852126,13.488785992024082,2,3,,False,True,,6004,100.0
75,2026-09-13T21:21:09.347+00:00,2026-09-13T21:21:09.535+00:00,2026-09-13T21:22:54.928+00:00,True,1422,1422.0,,1422.0,187.758503,105581.21437500001,105581.214163,74.24839251969058,0.01666,398.79066700000004,11.579308202554662,82.18697,74.16851222519352,11.184576757292755,13.468305023935276,2,3,,False,True,,7789,100.0
76,2026-09-13T21:21:14.957+00:00,2026-09-13T21:21:15.174+00:00,2026-09-13T21:23:04.247+00:00,True,1460,1460.0,,1460.0,216.500631,109290.125975,109290.126032,74.85625070684931,0.018949999999999998,397.16146000000003,11.651925183055512,82.83955610000001,74.75916747361207,11.04945147879317,13.358937845253955,2,3,,False,True,,8164,100.0
77,2026-09-13T21:21:20.541+00:00,2026-09-13T21:21:20.751+00:00,2026-09-13T21:23:04.024+00:00,True,1378,1378.0,,1378.0,209.938865,103482.642353,103482.642406,75.09625718867925,0.01927,321.168435,10.218109459918681,83.1726145,74.99833223529411,9.553112029350599,13.316242885443206,2,3,,False,True,,7359,100.0
78,2026-09-13T21:21:25.092+00:00,2026-09-13T21:21:25.338+00:00,2026-09-13T21:23:11.053+00:00,True,1407,1407.0,,1407.0,246.631396,105960.917988,105960.91793,75.30982084577114,0.01656,394.35819699999996,12.030264736203305,82.83491300000001,75.18797054907539,11.132155022332029,13.278480657928442,2,3,,False,True,,3812,100.0
79,2026-09-13T21:21:30.930+00:00,2026-09-13T21:21:31.148+00:00,2026-09-13T21:23:06.227+00:00,True,1260,1260.0,,1260.0,217.956167,95296.416071,95296.416089,75.63207626111111,0.01779,393.421868,12.176161805952221,83.786038,75.51903090071485,11.500530381923046,13.221903319651023,2,3,,False,True,,6481,100.0
80,2026-09-13T21:21:34.948+00:00,2026-09-13T21:21:35.161+00:00,2026-09-13T21:22:57.979+00:00,True,1098,1098.0,,1098.0,212.69911,83030.615014,83030.614917,75.61986786612022,0.01777,392.42149,12.716651816851726,83.36746715,75.4949096663628,12.029149043260096,13.224037902343174,2,3,,False,True,,6349,100.0
81,2026-09-13T21:21:39.922+00:00,2026-09-13T21:21:40.155+00:00,2026-09-13T21:23:26.954+00:00,True,1403,1403.0,,1403.0,233.63770499999998,107031.941705,107031.941787,76.28791289166072,67.663204,233.63770499999998,7.370214383736942,83.26068289999999,76.17568045649072,6.055894578106093,13.108236454001084,2,3,,False,True,,3774,100.0
82,2026-09-13T21:21:45.287+00:00,2026-09-13T21:21:45.472+00:00,2026-09-13T21:23:18.072+00:00,True,1217,1217.0,,1217.0,185.279382,92784.881302,92784.881536,76.24065861626951,67.026957,185.279382,6.774905741619799,83.089052,76.15098842105263,6.0119515567817325,13.116361016175244,2,3,,False,True,,1224,100.0
83,2026-09-13T21:21:50.899+00:00,2026-09-13T21:21:51.163+00:00,2026-09-13T21:23:35.968+00:00,True,1368,1368.0,,1368.0,263.978278,105069.42109399999,105069.420982,76.80513229678363,65.97606900000001,263.978278,7.988283133172888,83.4628975,76.66820981419166,6.18009739211493,13.019963237221262,2,3,,False,True,,5656,100.0
84,2026-09-13T21:21:54.738+00:00,2026-09-13T21:21:54.951+00:00,2026-09-13T21:23:18.686+00:00,True,1099,1099.0,,1099.0,212.78437899999997,83948.589051,83948.589212,76.3863414121929,66.25950599999999,212.78437899999997,7.414883161611299,83.224735,76.26211718761384,6.168940434306886,13.091345696499335,2,3,,False,True,,3317,100.0
85,2026-09-13T21:21:59.128+00:00,2026-09-13T21:21:59.308+00:00,2026-09-13T21:23:39.952+00:00,True,1310,1310.0,,1310.0,179.11231099999998,100823.518583,100823.518823,76.96451818549619,65.989337,179.11231099999998,6.949239853329965,84.02086849999999,76.88648301909855,6.351813700237781,12.993000228628016,2,3,,False,True,,6764,100.0
86,2026-09-13T21:22:04.530+00:00,2026-09-13T21:22:04.784+00:00,2026-09-13T21:23:59.251+00:00,True,1481,1481.0,,1481.0,254.43173000000002,114721.29304199999,114721.293252,77.46204811073599,66.942455,254.43173000000002,7.855358124107587,83.978198,77.34247385945946,6.368572399622309,12.90954765875764,2,3,,False,True,,5222,100.0
87,2026-09-13T21:22:09.682+00:00,2026-09-13T21:22:09.901+00:00,2026-09-13T21:23:59.252+00:00,True,1413,1413.0,,1413.0,219.13815599999998,109570.350188,109570.350224,77.54447998867657,68.03192200000001,219.13815599999998,7.3917082986733345,84.04180600000001,77.44420115580736,6.360586743974711,12.895824441334586,2,3,,False,True,,6388,100.0
88,2026-09-13T21:22:14.510+00:00,2026-09-13T21:22:14.719+00:00,2026-09-13T21:24:01.584+00:00,True,1378,1378.0,,1378.0,209.26434700000001,107074.204635,107074.20462,77.70261583454281,67.921633,209.26434700000001,7.2081891504160245,84.07772235,77.60707355700798,6.277564278274266,12.869579603205054,2,3,,False,True,,6686,100.0
89,2026-09-13T21:22:18.370+00:00,2026-09-13T21:22:18.613+00:00,2026-09-13T21:24:09.758+00:00,True,1428,1428.0,,1428.0,243.25588399999998,111387.888204,111387.88822,78.00272284313725,68.926121,243.25588399999998,7.710853448278683,84.44536515,77.88691823405746,6.35098362925981,12.820065296369625,2,3,,False,True,,4580,100.0
90,2026-09-13T21:22:21.949+00:00,2026-09-13T21:22:22.141+00:00,2026-09-13T21:23:42.266+00:00,True,1035,1035.0,,1035.0,191.06736600000002,80317.03651800001,80317.036502,77.60100145120774,68.117303,191.06736600000002,7.335956385213141,84.1188207,77.49126610444874,6.433735024549627,12.886431632323038,2,3,,False,True,,2683,100.0
91,2026-09-13T21:22:26.085+00:00,2026-09-13T21:22:26.328+00:00,2026-09-13T21:24:15.354+00:00,True,1394,1394.0,,1394.0,243.203043,109268.478179,109268.478145,78.38484802367289,68.98152,243.203043,7.730122122583836,83.65619099999999,78.26652917157215,6.345755576045174,12.757567628208342,2,3,,False,True,,2881,100.0
92,2026-09-13T21:22:30.452+00:00,2026-09-13T21:22:30.677+00:00,2026-09-13T21:24:12.515+00:00,True,1299,1299.0,,1299.0,225.14576300000002,102063.08957099999,102063.089586,78.57050776443418,67.98164299999999,225.14576300000002,7.550375876783948,84.1758451,78.4575838274268,6.361976120747329,12.72742188640442,2,3,,False,True,,4271,100.0
93,2026-09-13T21:22:34.433+00:00,2026-09-13T21:22:34.640+00:00,2026-09-13T21:24:00.363+00:00,True,1093,1093.0,,1093.0,206.604842,85929.27441,85929.274187,78.61781718847209,69.063111,206.604842,7.439983846321729,85.05407380000001,78.50061315750916,6.3542043229265595,12.719762938819862,2,3,,False,True,,5200,100.0
94,2026-09-13T21:22:40.366+00:00,2026-09-13T21:22:40.618+00:00,2026-09-13T21:24:10.316+00:00,True,1138,1138.0,,1138.0,251.924005,89949.956901,89949.957092,79.04214155711774,66.07506699999999,251.924005,8.185322816509965,85.06141845,78.89009049780122,6.381644031034849,12.651479102458008,2,3,,False,True,,6018,100.0
95,2026-09-13T21:22:46.223+00:00,2026-09-13T21:22:46.444+00:00,2026-09-13T21:24:33.224+00:00,True,1337,1337.0,,1337.0,220.846203,107000.57740299999,107000.577493,80.03034965818998,0.01623,440.458696,15.5323497321373,87.31151519999999,79.92494850299401,15.052249783074826,12.495259674762412,2,3,,False,True,,5710,100.0
96,2026-09-13T21:22:52.191+00:00,2026-09-13T21:22:52.393+00:00,2026-09-13T21:24:45.288+00:00,True,1418,1418.0,,1418.0,201.928463,113096.706063,113096.706133,79.75790277362482,0.01834,441.570784,15.032909113403388,89.8366935,79.67168496824276,14.68331759662253,12.53794252159837,2,3,,False,True,,5251,100.0
97,2026-09-13T21:22:56.058+00:00,2026-09-13T21:22:56.290+00:00,2026-09-13T21:24:24.541+00:00,True,1111,1111.0,,1111.0,232.784826,88483.579578,88483.579535,79.64318590009,0.016579999999999998,522.254019,17.881504515344005,85.470985,79.5052204972973,17.287861817175937,12.55600197571835,2,3,,False,True,,3328,100.0
98,2026-09-13T21:22:59.702+00:00,2026-09-13T21:22:59.913+00:00,2026-09-13T21:24:33.130+00:00,True,1169,1169.0,,1169.0,210.445635,93427.644995,93427.644971,79.9209965534645,0.01686,438.21322100000003,16.277525611850617,86.04544560000001,79.80924602739726,15.82951671779677,12.512356487874246,2,3,,False,True,,4958,100.0
99,2026-09-13T21:23:02.939+00:00,2026-09-13T21:23:03.173+00:00,2026-09-13T21:24:51.022+00:00,True,1354,1354.0,,1354.0,233.701746,108082.96101,108082.96103,79.82493429098966,0.01758,438.915809,15.49718818849328,86.8926612,79.71120418625277,14.926955340074654,12.527414010009643,2,3,,False,True,,5042,100.0
100,2026-09-13T21:23:07.352+00:00,2026-09-13T21:23:07.619+00:00,2026-09-13T21:24:29.758+00:00,True,1027,1027.0,,1027.0,267.77353999999997,82406.676068,82406.675883,80.2401907332035,0.01738,439.602899,17.735522340691055,85.14822530000001,80.05740987134503,16.74847166174897,12.462582511549725,2,3,,False,True,,6018,100.0
101,2026-09-13T21:23:11.894+00:00,2026-09-13T21:23:12.145+00:00,2026-09-13T21:25:06.124+00:00,True,1424,1424.0,,1424.0,250.964707,114229.501667,114229.501552,80.21734659550562,0.01752,438.99694900000003,15.148633706890694,85.79830315000001,80.09735555867886,14.461171328154558,12.466131596644987,2,3,,False,True,,6385,100.0
102,2026-09-13T21:23:16.930+00:00,2026-09-13T21:23:17.201+00:00,2026-09-13T21:24:53.148+00:00,True,1196,1196.0,,1196.0,271.243773,96217.980157,96217.98027,80.44981627926421,0.01858,438.60603000000003,16.466131001832462,90.88399275,80.29015596987448,15.519261561377782,12.430109196311053,2,3,,False,True,,4473,100.0
103,2026-09-13T21:23:22.352+00:00,2026-09-13T21:23:22.550+00:00,2026-09-13T21:25:14.148+00:00,True,1390,1390.0,,1390.0,197.753512,111795.220648,111795.220601,80.42821625971223,0.01623,445.460145,15.035611025780195,85.9635649,80.34374883801296,14.707415817446227,12.433447440267358,2,3,,False,True,,6510,100.0
104,2026-09-13T21:23:26.072+00:00,2026-09-13T21:23:26.319+00:00,2026-09-13T21:25:13.675+00:00,True,1336,1336.0,,1336.0,247.217445,107603.698469,107603.698591,80.54169056212575,0.01717,441.118605,15.513897643592859,87.344223,80.41683971835207,14.833094979689266,12.415930112150317,2,3,,False,True,,6522,100.0
105,2026-09-13T21:23:31.315+00:00,2026-09-13T21:23:31.552+00:00,2026-09-13T21:24:56.737+00:00,True,1057,1057.0,,1057.0,237.104106,85422.203114,85422.203334,80.81570797918637,0.01785,446.299683,17.225681318177557,91.9927268,80.6677073939394,16.547832457347365,12.373832112353544,2,3,,False,True,,4113,100.0
106,2026-09-13T21:23:35.370+00:00,2026-09-13T21:23:35.642+00:00,2026-09-13T21:25:09.138+00:00,True,1162,1162.0,,1162.0,272.87847899999997,93768.523407,93768.523514,80.69580336833046,0.01727,437.34819300000004,16.653459616986147,91.97022725,80.53027125581396,15.675120575023662,12.392218174923872,2,3,,False,True,,5324,100.0
107,2026-09-13T21:23:39.153+00:00,2026-09-13T21:23:39.387+00:00,2026-09-13T21:25:32.432+00:00,True,1406,1406.0,,1406.0,233.538155,113278.90749900001,113278.907629,80.56821310739687,0.01677,442.01332299999996,15.096678079174273,88.33974775,80.4593376113879,14.539384155955696,12.41184286679682,2,3,,False,True,,7445,100.0
108,2026-09-13T21:23:44.165+00:00,2026-09-13T21:23:44.368+00:00,2026-09-13T21:25:19.142+00:00,True,1179,1179.0,,1179.0,202.989971,94977.768595,94977.768672,80.5579038778626,0.01634,446.56501299999996,16.18324259552887,85.28895299999998,80.45397166723261,15.79156241721252,12.413431242288283,2,3,,False,True,,4961,100.0
109,2026-09-13T21:23:48.369+00:00,2026-09-13T21:23:48.637+00:00,2026-09-13T21:25:42.602+00:00,True,1412,1412.0,,1412.0,267.47515999999996,114233.137112,114233.136977,80.9016550828612,0.016669,441.327215,15.268166842719218,88.04397744999999,80.76942732246633,14.442200318022891,12.360686537178815,2,3,,False,True,,7377,100.0
110,2026-09-13T21:23:52.534+00:00,2026-09-13T21:23:52.744+00:00,2026-09-13T21:25:28.635+00:00,True,1190,1190.0,,1190.0,209.864586,96101.199498,96101.199591,80.75731058067227,0.016489999999999998,441.655254,16.032624797169245,87.4744608,80.64872574600504,15.5954755151967,12.382779884290263,2,3,,False,True,,5650,100.0
111,2026-09-13T21:23:56.124+00:00,2026-09-13T21:23:56.338+00:00,2026-09-13T21:25:21.255+00:00,True,1054,1054.0,,1054.0,214.275076,85131.28781200001,85131.287889,80.7697228548387,0.02001,445.97233500000004,17.093057821713522,86.84854715000002,80.64293707122508,16.597937784485364,12.380876961800515,2,3,,False,True,,3919,100.0
112,2026-09-13T21:23:59.600+00:00,2026-09-13T21:23:59.814+00:00,2026-09-13T21:25:45.737+00:00,True,1307,1307.0,,1307.0,214.337546,106137.056266,106137.056225,81.206622972456,0.01632,438.069662,16.49847228164067,90.3173653,81.10468508422666,16.087767606643553,12.314266534059557,2,3,,False,True,,4510,100.0
113,2026-09-13T21:24:03.334+00:00,2026-09-13T21:24:03.542+00:00,2026-09-13T21:25:35.165+00:00,True,1124,1124.0,,1124.0,207.184251,91830.296955,91830.297041,81.69955252758007,0.01692,1034.969509,32.22344811472956,85.679502,81.58781184683883,32.01919596663422,12.239969130784786,2,3,,False,True,,2439,100.0
114,2026-09-13T21:24:08.254+00:00,2026-09-13T21:24:08.474+00:00,2026-09-13T21:26:13.793+00:00,True,1472,1472.0,,1472.0,219.353295,125538.586831,125538.586766,85.28436600951088,64.164491,3476.695452,91.44702710991916,92.6374985,85.19322470156357,91.41122520181315,11.725478493569518,2,3,,False,True,,6488,100.0
115,2026-09-13T21:24:12.384+00:00,2026-09-13T21:24:12.615+00:00,2026-09-13T21:26:17.275+00:00,True,1437,1437.0,,1437.0,230.26373199999998,124890.50488400001,124890.504824,86.91058094919973,65.638268,6325.326105,165.53875126083506,92.00148099999998,86.8107528913649,165.55314414177667,11.506078875529449,2,3,,False,True,,4239,100.0
116,2026-09-13T21:24:18.374+00:00,2026-09-13T21:24:25.132+00:00,2026-09-13T21:26:12.370+00:00,True,1303,1303.0,,1303.0,6758.308937,113996.05229699999,113996.052293,87.4873770475825,67.58407399999999,6758.308937,185.70244442365566,91.95642120000001,82.36385818740399,16.771502333582834,11.430220378204192,2,3,,False,True,,5560,100.0
117,2026-09-13T21:24:23.082+00:00,2026-09-13T21:24:25.133+00:00,2026-09-13T21:25:50.738+00:00,True,1059,1059.0,,1059.0,2050.62841,87655.586618,87655.586648,82.77203649480641,64.57761,2050.62841,61.302083925156026,88.6507075,80.91205879773156,9.716286368955657,12.081374854235877,2,3,,False,True,,4722,100.0
118,2026-09-13T21:24:28.951+00:00,2026-09-13T21:24:29.197+00:00,2026-09-13T21:25:50.161+00:00,True,1002,1002.0,,1002.0,245.635289,81209.387225,81209.387282,81.04729269660679,68.875591,245.635289,11.240439451198265,87.09325650000001,80.88286906693307,9.967820270795283,12.33847507337844,2,3,,False,True,,4642,100.0
119,2026-09-13T21:24:32.235+00:00,2026-09-13T21:24:32.493+00:00,2026-09-13T21:26:17.030+00:00,True,1266,1266.0,,1266.0,257.621912,104794.453656,104794.453588,82.77602969036334,67.26319500000001,360.361826,18.029568529600226,92.30930775,82.63781165533597,17.352738251245476,12.080792025079806,2,3,,False,True,,4077,100.0
120,2026-09-13T21:24:36.447+00:00,2026-09-13T21:24:36.737+00:00,2026-09-13T21:25:58.601+00:00,True,1004,1004.0,,1004.0,289.824773,82154.476037,82154.476018,81.82716734860558,64.560981,289.824773,14.129419593279225,91.91512365,81.61979188833499,12.514792600843437,12.220880083853586,2,3,,False,True,,4002,100.0
121,2026-09-13T21:24:40.476+00:00,2026-09-13T21:24:40.723+00:00,2026-09-13T21:26:35.320+00:00,True,1369,1369.0,,1369.0,246.84304600000002,114843.769766,114843.769719,83.88880184002922,62.938584000000006,357.511773,21.079134626255534,93.6151684,83.76968327485379,20.620758015858506,11.920542166017425,2,3,,False,True,,5315,100.0
122,2026-09-13T21:24:45.065+00:00,2026-09-13T21:24:45.292+00:00,2026-09-13T21:26:14.200+00:00,True,1069,1069.0,,1069.0,226.980488,89135.506824,89135.506751,83.3821391496726,67.690944,358.37587,19.23750533250883,94.5623708,83.24768383520599,18.737249482143607,11.992976066325218,2,3,,False,True,,5167,100.0
123,2026-09-13T21:24:49.413+00:00,2026-09-13T21:24:49.649+00:00,2026-09-13T21:26:53.386+00:00,True,1475,1475.0,,1475.0,235.98071,123972.864422,123972.864386,84.04939958372881,66.674826,356.20028499999995,21.42328450769875,94.229923,83.94632544911805,21.06151110927888,11.897764941359613,2,3,,False,True,,3370,100.0
124,2026-09-13T21:24:52.688+00:00,2026-09-13T21:24:52.907+00:00,2026-09-13T21:26:26.316+00:00,True,1114,1114.0,,1114.0,218.723527,93628.35655099999,93628.356659,84.0469987962298,64.129201,357.459443,21.349905295624776,93.8985773,83.92599552920036,20.97385821804827,11.89810481606816,2,3,,False,True,,3745,100.0
125,2026-09-13T21:24:56.514+00:00,2026-09-13T21:24:56.737+00:00,2026-09-13T21:26:28.605+00:00,True,1093,1093.0,,1093.0,222.43029800000002,92091.023706,92091.023553,84.25528229917659,73.50052099999999,356.91024400000003,21.522894250161915,94.5666408,84.12874854212454,21.12210951126077,11.868692039838708,2,3,,False,True,,5202,100.0
126,2026-09-13T21:25:02.358+00:00,2026-09-13T21:25:02.530+00:00,2026-09-13T21:26:47.584+00:00,True,1242,1242.0,,1242.0,171.972017,105225.79576099999,105225.795887,84.72286303301128,73.2445,357.536722,22.86715984485805,99.04205,84.6525574085415,22.74169142794634,11.803189427248071,2,3,,False,True,,6118,100.0
127,2026-09-13T21:25:07.611+00:00,2026-09-13T21:25:07.819+00:00,2026-09-13T21:27:09.493+00:00,True,1450,1450.0,,1450.0,208.08095699999998,121881.55295699999,121881.552886,84.05624336965518,0.01601,513.337613,24.665158374565422,94.9705429,83.97065010351966,24.457308388775864,11.896796232253147,2,3,,False,True,,8482,100.0
128,2026-09-13T21:25:13.162+00:00,2026-09-13T21:25:13.438+00:00,2026-09-13T21:26:54.187+00:00,True,1188,1188.0,,1188.0,276.02714899999995,101024.911117,101024.911325,85.0378041456229,72.448713,357.836591,23.81885649548394,100.4409375,84.87690309014322,23.173999485856868,11.759475824968966,2,3,,False,True,,3423,100.0
129,2026-09-13T21:25:16.478+00:00,2026-09-13T21:25:16.733+00:00,2026-09-13T21:27:21.586+00:00,True,1489,1489.0,,1489.0,254.97070499999998,125107.857489,125107.8576,84.0213952988583,0.016730000000000002,509.761211,24.551706613638128,94.262683,83.90650993548387,24.156275644832707,11.901730473890652,2,3,,False,True,,4550,100.0
130,2026-09-13T21:25:20.349+00:00,2026-09-13T21:25:20.585+00:00,2026-09-13T21:26:53.620+00:00,True,1091,1091.0,,1091.0,236.050197,93270.54338100001,93270.543236,85.4908737268561,72.940322,357.80474200000003,24.485155596381425,101.79723300000002,85.35274604036698,24.067381210788092,11.697154969317417,2,3,,False,True,,3241,100.0
131,2026-09-13T21:25:24.630+00:00,2026-09-13T21:25:24.872+00:00,2026-09-13T21:27:06.472+00:00,True,1200,1200.0,,1200.0,242.235443,101842.670643,101842.670688,84.86889224,0.01583,592.1494220000001,28.320202372467644,96.52503915,84.73764403669725,27.96452810327438,11.78288032338123,2,3,,False,True,,5902,100.0
132,2026-09-13T21:25:30.500+00:00,2026-09-13T21:25:30.714+00:00,2026-09-13T21:27:26.739+00:00,True,1381,1381.0,,1381.0,213.262226,116238.95925,116238.959156,84.17013697031138,0.01584,514.7921699999999,25.294700143928573,93.059138,84.0765920463768,25.063764849788623,11.880698252208415,2,3,,False,True,,6215,100.0
133,2026-09-13T21:25:34.419+00:00,2026-09-13T21:25:34.680+00:00,2026-09-13T21:27:27.991+00:00,True,1346,1346.0,,1346.0,260.832383,113571.849087,113571.849229,84.3773025475483,0.016640000000000002,514.156222,26.918113158311975,92.01570475,84.24610907360595,26.49414382199739,11.851528444948688,2,3,,False,True,,4082,100.0
134,2026-09-13T21:25:38.558+00:00,2026-09-13T21:25:38.765+00:00,2026-09-13T21:27:07.929+00:00,True,1027,1027.0,,1027.0,207.53647800000002,89371.23951799999,89371.239613,87.02165492989289,0.01586,1233.964635,50.11798816459122,102.55886170000002,86.90419399610137,50.00079836157204,11.49139259496513,2,3,,False,True,,4143,100.0
135,2026-09-13T21:25:42.802+00:00,2026-09-13T21:25:43.107+00:00,2026-09-13T21:27:23.945+00:00,True,1154,1154.0,,1154.0,304.931566,101142.312686,101142.312747,87.64498504939341,0.01591,1893.95296,76.24869051432496,94.15877864999999,87.45653176062446,76.01242649956122,11.40966593855368,2,3,,False,True,,4441,100.0
136,2026-09-13T21:25:46.991+00:00,2026-09-13T21:25:47.209+00:00,2026-09-13T21:27:30.995+00:00,True,1167,1167.0,,1167.0,217.784066,104003.65849799999,104003.658545,89.12053002999143,0.0159,3622.7443879999996,123.09835403246483,93.2199548,89.01018390394512,123.093419180498,11.220759123799876,2,3,,False,True,,4512,100.0
137,2026-09-13T21:25:52.470+00:00,2026-09-13T21:25:52.667+00:00,2026-09-13T21:27:49.015+00:00,True,1263,1263.0,,1263.0,196.89607199999998,116545.021256,116545.021118,92.27634292794933,0.016210000000000002,7219.350084,213.65023313487438,95.9622622,92.19344309350237,213.71461494578566,10.83701376848801,2,3,,False,True,,5579,100.0
138,2026-09-13T21:25:55.896+00:00,2026-09-13T21:25:56.119+00:00,2026-09-13T21:28:00.827+00:00,True,1339,1339.0,,1339.0,222.977254,124930.53053399999,124930.53069500001,93.30136721060494,0.01645,10186.569139000001,281.28084966048556,94.4441108,93.204449387145,281.3636575488411,10.717956565753875,2,3,,False,True,,4818,100.0
139,2026-09-13T21:25:59.700+00:00,2026-09-13T21:26:00.330+00:00,2026-09-13T21:27:53.879+00:00,True,1242,1242.0,,1242.0,630.109639,114179.272391,114179.272214,91.93178117069243,0.01617,10521.44397,297.46503074692055,92.01935005,91.4981166414182,297.1919184706035,10.877631062027143,2,3,,False,True,,3409,100.0
140,2026-09-13T21:26:03.882+00:00,2026-09-13T21:26:11.952+00:00,2026-09-13T21:27:41.899+00:00,True,1076,1076.0,,1076.0,8069.6471440000005,98017.04836,98017.048423,91.09391117379182,0.01528,8069.6471440000005,246.67339144295354,87.44003725,83.67200113116279,39.72457015820809,10.977682127786938,2,3,,False,True,,4120,100.0
141,2026-09-13T21:26:09.599+00:00,2026-09-13T21:26:12.632+00:00,2026-09-13T21:27:47.862+00:00,True,1103,1103.0,,1103.0,3032.787302,98262.805862,98262.805881,89.0868593662738,0.01559,3032.787302,129.3996935912588,92.0010524,86.4156248275862,94.24377476037182,11.225000042732853,2,3,,False,True,,4893,100.0
142,2026-09-13T21:26:15.127+00:00,2026-09-13T21:26:15.381+00:00,2026-09-13T21:28:09.827+00:00,True,1265,1265.0,,1265.0,253.376608,114699.39260800001,114699.392515,90.67145653359684,0.01582,4958.594893,192.5637142912205,93.22487339999999,90.5427341772152,192.58547982889445,11.028829109176723,2,3,,False,True,,6734,100.0
143,2026-09-13T21:26:20.506+00:00,2026-09-13T21:26:25.984+00:00,2026-09-13T21:28:29.562+00:00,True,1425,1425.0,,1425.0,5478.132632,129056.19803999999,129056.198061,90.56575302526316,0.015719,5573.174225,205.39931362147243,93.77350620000001,86.7823493033708,147.67036712375952,11.041701380032379,2,3,,False,True,,5793,100.0
144,2026-09-13T21:26:26.111+00:00,2026-09-13T21:26:26.509+00:00,2026-09-13T21:28:16.845+00:00,True,1234,1234.0,,1234.0,397.871664,110733.87473600001,110733.874821,89.73571703484603,0.01594,7406.491796,212.96612411838748,93.39146335,89.48580946634226,212.8714433740623,11.14383473839394,2,3,,False,True,,4690,100.0
145,2026-09-13T21:26:30.794+00:00,2026-09-13T21:26:36.751+00:00,2026-09-13T21:28:17.569+00:00,True,1224,1224.0,,1224.0,5956.91806,106775.653164,106775.653123,87.23501072140523,0.015880000000000002,5956.91806,169.35364428008262,91.68602705,82.43559697792314,22.067689542744652,11.463287404292632,2,3,,False,True,,6208,100.0
146,2026-09-13T21:26:36.603+00:00,2026-09-13T21:26:36.970+00:00,2026-09-13T21:28:35.882+00:00,True,1449,1449.0,,1449.0,366.970152,119278.86596,119278.865896,82.31805789924086,0.01549,590.602425,21.635847317907434,92.65120200000001,82.12147500552486,20.307596022838123,12.148002819593541,2,3,,False,True,,6493,100.0
147,2026-09-13T21:26:42.166+00:00,2026-09-13T21:26:42.396+00:00,2026-09-13T21:28:07.793+00:00,True,1035,1035.0,,1035.0,229.81247,85626.622198,85626.622215,82.73103595652174,0.01629,514.032652,22.60908577386252,92.16429399999998,82.58879083945843,22.151830294513715,12.087362241227995,2,3,,False,True,,3785,100.0
148,2026-09-13T21:26:47.099+00:00,2026-09-13T21:26:47.347+00:00,2026-09-13T21:28:28.901+00:00,True,1234,1234.0,,1234.0,247.88244,101801.875144,101801.875206,82.49746775202593,0.015609999999999999,512.262145,20.871853227002823,92.50082129999998,82.36333552635847,20.341297026678884,12.121584187466997,2,3,,False,True,,6075,100.0
149,2026-09-13T21:26:52.832+00:00,2026-09-13T21:26:53.064+00:00,2026-09-13T21:28:48.122+00:00,True,1402,1402.0,,1402.0,231.834785,115289.609377,115289.609463,82.23224640727533,0.01697,510.15409999999997,19.59494351746865,92.34679904999999,82.12546366309779,19.189532888328607,12.160679592689258,2,3,,False,True,,4081,100.0
150,2026-09-13T21:26:57.814+00:00,2026-09-13T21:26:58.052+00:00,2026-09-13T21:28:21.309+00:00,True,1005,1005.0,,1005.0,238.142383,83494.802607,83494.802554,83.07940552636816,0.01584,517.357015,23.054383880455585,94.088626,82.92496038247012,22.539696177155534,12.036677357396892,2,3,,False,True,,3428,100.0
151,2026-09-13T21:27:01.969+00:00,2026-09-13T21:27:02.208+00:00,2026-09-13T21:28:36.198+00:00,True,1138,1138.0,,1138.0,238.96611,94228.871262,94228.871251,82.80217157381371,0.01564,512.123436,21.645807979402868,94.47547620000002,82.66482423218997,21.153413771685436,12.0769779448576,2,3,,False,True,,5480,100.0
152,2026-09-13T21:27:07.352+00:00,2026-09-13T21:27:07.611+00:00,2026-09-13T21:28:54.396+00:00,True,1297,1297.0,,1297.0,259.806516,107044.81105999999,107044.810928,82.53262214957594,73.203861,297.5649,15.876640358241561,93.1680158,82.39583683950617,15.098888780064334,12.116421031123265,2,3,,False,True,,6681,100.0
153,2026-09-13T21:27:12.762+00:00,2026-09-13T21:27:12.952+00:00,2026-09-13T21:29:00.148+00:00,True,1300,1300.0,,1300.0,190.127877,107386.79475700001,107386.794931,82.60522687,73.010671,297.901209,15.372015009486043,93.17118789999999,82.52245333333333,15.085330053516675,12.105771505162274,2,3,,False,True,,6752,100.0
154,2026-09-13T21:27:17.737+00:00,2026-09-13T21:27:17.972+00:00,2026-09-13T21:28:51.852+00:00,True,1135,1135.0,,1135.0,234.668139,94115.036779,94115.036684,82.92073716651983,72.683272,301.03070299999996,16.640790782351313,96.5523327,82.78692119929454,16.025557164543287,12.059709466673171,2,3,,False,True,,5405,100.0
155,2026-09-13T21:27:21.243+00:00,2026-09-13T21:27:21.428+00:00,2026-09-13T21:29:16.942+00:00,True,1401,1401.0,,1401.0,184.831488,115699.47289599999,115699.472725,82.58349230906495,70.29873699999999,298.048729,14.984742156757486,94.80908300000002,82.51045814857143,14.738545687280158,12.108957499394416,2,3,,False,True,,7624,100.0
156,2026-09-13T21:27:26.754+00:00,2026-09-13T21:27:26.977+00:00,2026-09-13T21:29:22.958+00:00,True,1401,1401.0,,1401.0,222.92895499999997,116204.10066699999,116204.100786,82.94368364453962,72.484503,295.017336,15.742047690770914,96.314001,82.84369407999999,15.296154658554897,12.056373156871395,2,3,,False,True,,3628,100.0
157,2026-09-13T21:27:30.842+00:00,2026-09-13T21:27:31.099+00:00,2026-09-13T21:29:23.759+00:00,True,1350,1350.0,,1350.0,256.920601,112916.547353,112916.547488,83.64188702814815,73.95402899999999,614.494094,23.174346572954676,95.65344250000003,83.51343717716829,22.697098633473626,11.955732190248668,2,3,,False,True,,7053,100.0
158,2026-09-13T21:27:34.980+00:00,2026-09-13T21:27:35.163+00:00,2026-09-13T21:29:10.429+00:00,True,1123,1123.0,,1123.0,183.14246400000002,95449.484608,95449.484588,84.99508868032056,71.770944,1426.4580689999998,55.904450739770546,98.7087474,84.90761331907308,55.85243901768476,11.76538568659675,2,3,,False,True,,2774,100.0
159,2026-09-13T21:27:39.486+00:00,2026-09-13T21:27:39.727+00:00,2026-09-13T21:29:49.980+00:00,True,1446,1446.0,,1446.0,240.64200599999998,130493.55695,130493.556918,90.24450685892116,72.13278299999999,3428.107573,132.04266751140543,101.81202075000002,90.14042556678201,132.02903016112356,11.081006861925378,2,3,,False,True,,7775,100.0
160,2026-09-13T21:27:43.369+00:00,2026-09-13T21:27:43.624+00:00,2026-09-13T21:29:22.333+00:00,True,1051,1051.0,,1051.0,254.915535,98963.45159899999,98963.451549,94.16122887630827,69.753508,6689.076128,240.48074570104825,96.948308,94.0081295847619,240.54409397410876,10.620082293194997,2,3,,False,True,,4788,100.0
161,2026-09-13T21:27:48.084+00:00,2026-09-13T21:27:49.298+00:00,2026-09-13T21:29:48.122+00:00,True,1320,1320.0,,1320.0,1214.079259,120038.50396300001,120038.504064,90.93826065454546,74.086219,6938.139866,198.6049499003985,97.31769075,90.08675110235026,196.2550241417956,10.996471602202485,2,3,,False,True,,6920,100.0
162,2026-09-13T21:27:52.971+00:00,2026-09-13T21:27:56.819+00:00,2026-09-13T21:29:40.385+00:00,True,1225,1225.0,,1225.0,3848.2567280000003,107414.148568,107414.148652,87.6850193077551,71.072147,3848.2567280000003,125.17935441871347,92.6979604,84.61265673202614,64.10889140139528,11.404456641244956,2,3,,False,True,,4850,100.0
163,2026-09-13T21:27:56.566+00:00,2026-09-13T21:27:56.915+00:00,2026-09-13T21:29:54.536+00:00,True,1377,1377.0,,1377.0,348.759492,117969.9929,117969.992918,85.67174503848948,72.390953,2744.549478,74.5822566672802,99.8331092,85.48054753488373,74.27101926338392,11.672459802275704,2,3,,False,True,,4668,100.0
164,2026-09-13T21:28:02.129+00:00,2026-09-13T21:28:02.345+00:00,2026-09-13T21:29:50.306+00:00,True,1289,1289.0,,1289.0,215.824701,108176.34694100001,108176.347008,83.92268968813033,72.282202,558.697894,23.368964775294167,97.4518886,83.82028124223602,23.086878367694666,11.915728682380335,2,3,,False,True,,3881,100.0
165,2026-09-13T21:28:06.716+00:00,2026-09-13T21:28:07.110+00:00,2026-09-13T21:29:33.093+00:00,True,1052,1052.0,,1052.0,393.68442300000004,86376.831687,86376.831865,82.10725462452471,71.675804,393.68442300000004,15.282904791105427,85.7870499,81.81079663558516,11.88461515718238,12.17919179777382,2,3,,False,True,,3205,100.0
166,2026-09-13T21:28:10.698+00:00,2026-09-13T21:28:10.955+00:00,2026-09-13T21:30:00.587+00:00,True,1321,1321.0,,1321.0,256.646661,109888.728837,109888.728812,83.18601726873581,70.290367,311.632844,18.86421685301164,93.82790700000001,83.0546077090909,18.256491544257145,12.021251078074293,2,3,,False,True,,6753,100.0
167,2026-09-13T21:28:15.466+00:00,2026-09-13T21:28:15.712+00:00,2026-09-13T21:30:10.323+00:00,True,1390,1390.0,,1390.0,246.032345,114857.466585,114857.466642,82.63127096546762,70.45967900000001,312.568312,18.426289042908667,88.97038015,82.51363156227502,17.90314727294781,12.101955940072331,2,3,,False,True,,6095,100.0
168,2026-09-13T21:28:20.877+00:00,2026-09-13T21:28:21.066+00:00,2026-09-13T21:29:55.327+00:00,True,1130,1130.0,,1130.0,188.69865,94449.472026,94449.471835,83.5836033938053,73.81410000000001,311.051605,19.750671975190084,94.17436245,83.4904990044287,19.509765275272677,11.964068996478181,2,3,,False,True,,5498,100.0
169,2026-09-13T21:28:25.587+00:00,2026-09-13T21:28:25.829+00:00,2026-09-13T21:30:07.070+00:00,True,1222,1222.0,,1222.0,242.164644,101483.51658000001,101483.516486,83.04706750081833,71.407927,310.437566,19.44921784628629,90.97508715,82.91675015233416,18.91592503989069,12.041364363213514,2,3,,False,True,,5528,100.0
170,2026-09-13T21:28:28.914+00:00,2026-09-13T21:28:29.166+00:00,2026-09-13T21:30:21.543+00:00,True,1372,1372.0,,1372.0,251.165863,112628.983207,112628.983393,82.09109576749272,0.015179999999999999,670.713462,25.243065526543514,88.96382109999999,81.96777340919037,24.835383086026173,12.181589151687634,2,3,,False,True,,6028,100.0
171,2026-09-13T21:28:34.220+00:00,2026-09-13T21:28:34.486+00:00,2026-09-13T21:30:23.733+00:00,True,1334,1334.0,,1334.0,265.445123,109513.039363,109513.039412,82.09373269265367,0.017079999999999998,663.465408,25.571784187726955,90.46649670000001,81.95618472618155,25.08285796325659,12.181197853327996,2,3,,False,True,,3995,100.0
172,2026-09-13T21:28:38.334+00:00,2026-09-13T21:28:38.533+00:00,2026-09-13T21:30:30.382+00:00,True,1371,1371.0,,1371.0,199.450884,112047.816196,112047.816343,81.727072460248,0.016280000000000003,657.58811,24.863089145244384,87.88640299999999,81.64114256350365,24.667671328038626,12.23584757423361,2,3,,False,True,,7150,100.0
173,2026-09-13T21:28:41.707+00:00,2026-09-13T21:28:41.941+00:00,2026-09-13T21:30:05.916+00:00,True,1005,1005.0,,1005.0,233.446631,84208.335591,84208.335725,83.78938878109453,71.389079,308.78668,21.186435721917796,97.1567828,83.6403276494024,20.663008656180164,11.934685479134588,2,3,,False,True,,5383,100.0
174,2026-09-13T21:28:45.499+00:00,2026-09-13T21:28:45.748+00:00,2026-09-13T21:30:12.726+00:00,True,1049,1049.0,,1049.0,249.332078,87227.38775800001,87227.387898,83.15289599428027,69.228303,310.992935,20.967093270680333,90.2310646,82.9943279389313,20.338090915888507,12.026039377796128,2,3,,False,True,,5716,100.0
175,2026-09-13T21:28:50.330+00:00,2026-09-13T21:28:50.582+00:00,2026-09-13T21:30:17.600+00:00,True,1050,1050.0,,1050.0,252.101022,87270.68483,87270.685033,83.11493812666667,0.01677,664.557475,27.983451704788408,88.9627866,82.95384538417541,27.505392405506182,12.031531573808094,2,3,,False,True,,1557,100.0
176,2026-09-13T21:28:55.610+00:00,2026-09-13T21:28:55.874+00:00,2026-09-13T21:30:34.689+00:00,True,1214,1214.0,,1214.0,263.865646,99079.566126,99079.566115,81.6141401276771,0.016059999999999998,738.9003,28.29957946749405,86.6855033,81.46389157460841,27.822631528514393,12.252778725899443,2,3,,False,True,,3798,100.0
177,2026-09-13T21:28:59.830+00:00,2026-09-13T21:29:00.068+00:00,2026-09-13T21:30:28.562+00:00,True,1078,1078.0,,1078.0,237.487883,88731.862795,88731.862841,82.31156107699444,0.01572,666.115512,31.45496387034874,89.8075216,82.16747902692666,31.111649335642724,12.148961669953184,2,3,,False,True,,4777,100.0
178,2026-09-13T21:29:04.344+00:00,2026-09-13T21:29:04.602+00:00,2026-09-13T21:30:43.032+00:00,True,1127,1127.0,,1127.0,257.85411,98688.00451,98688.004428,87.56699594321206,0.01572,5396.624928,166.3861765020945,88.808487,87.41576412078153,166.38259858457462,11.41982762338458,2,3,,False,True,,4791,100.0
179,2026-09-13T21:29:10.271+00:00,2026-09-13T21:29:10.537+00:00,2026-09-13T21:30:58.332+00:00,True,1140,1140.0,,1140.0,265.939471,108061.249807,108061.249831,94.79057002719298,0.01638,14218.587457,426.64292168071216,89.681008,94.64030758208956,426.80015299638063,10.549572599207094,2,3,,False,True,,5275,100.0
180,2026-09-13T21:29:13.959+00:00,2026-09-13T21:29:14.156+00:00,2026-09-13T21:31:12.970+00:00,True,1228,1228.0,,1228.0,197.7012,119011.135312,119011.135413,96.91460538517916,0.015880000000000002,15337.687065,447.5455760928689,89.7031264,96.8324646389568,447.71880011697806,10.318362200147668,2,3,,False,True,,5378,100.0
181,2026-09-13T21:29:19.925+00:00,2026-09-13T21:29:24.012+00:00,2026-09-13T21:31:31.598+00:00,True,1381,1381.0,,1381.0,4087.322387,131673.853459,131673.853454,95.34674399275887,0.01702,15994.428745,442.2234568766064,89.392038,92.45400802318841,429.11410903572454,10.488035124072747,2,3,,False,True,,1849,100.0
182,2026-09-13T21:29:24.865+00:00,2026-09-13T21:29:41.000+00:00,2026-09-13T21:31:40.227+00:00,True,1474,1474.0,,1474.0,16134.995999,135362.040863,135362.040769,91.83313485006785,0.016190000000000003,16134.995999,418.9859528736337,88.43895844999999,80.94164620773931,26.40360518907531,10.889315723983774,2,3,,False,True,,2688,100.0
183,2026-09-13T21:29:28.522+00:00,2026-09-13T21:29:41.810+00:00,2026-09-13T21:31:15.374+00:00,True,1159,1159.0,,1159.0,13288.623661,106851.978029,106851.978173,92.19325122778257,0.01672,13288.623661,389.11361686361556,86.96997389999999,80.79736992055267,29.922583334111167,10.84678095229499,2,3,,False,True,,4719,100.0
184,2026-09-13T21:29:33.203+00:00,2026-09-13T21:29:41.811+00:00,2026-09-13T21:31:06.062+00:00,True,1055,1055.0,,1055.0,8608.51393,92859.361162,92859.361187,88.01835183601895,0.01587,8608.51393,265.10737868993107,85.47885470000001,79.93439016318786,36.58527819619531,11.36126704726597,2,3,,False,True,,6310,100.0
186,2026-09-13T21:29:42.119+00:00,2026-09-13T21:29:42.737+00:00,2026-09-13T21:31:15.932+00:00,True,1135,1135.0,,1135.0,617.5999889999999,93812.343029,93812.343,82.65404669603524,0.01781,2074.140906,66.86280651322892,88.2660183,82.18231308641974,64.97525179504558,12.09862117663067,2,3,,False,True,,5156,100.0
185,2026-09-13T21:29:37.951+00:00,2026-09-13T21:29:42.737+00:00,2026-09-13T21:31:33.217+00:00,True,1353,1353.0,,1353.0,4786.546314,115266.63591400001,115266.635939,85.19337467775314,0.01729,4786.546314,137.13019482743834,87.0262616,81.7160426035503,49.45950530582118,11.738001974912047,2,3,,False,True,,5672,100.0
187,2026-09-13T21:29:45.522+00:00,2026-09-13T21:29:45.793+00:00,2026-09-13T21:31:12.202+00:00,True,1073,1073.0,,1073.0,271.69471999999996,86680.220544,86680.220364,80.7830571891892,0.01593,916.75867,40.275312631362866,85.20410799999999,80.60496811940298,39.86919930953913,12.378833293984657,2,3,,False,True,,4233,100.0
188,2026-09-13T21:29:49.426+00:00,2026-09-13T21:29:49.648+00:00,2026-09-13T21:31:38.538+00:00,True,1359,1359.0,,1359.0,221.460776,109111.10839200001,109111.108265,80.28779121780721,0.01592,667.969257,24.48672773888005,85.8072798,80.18383476877761,24.19388898400102,12.455193793078923,2,3,,False,True,,5719,100.0
189,2026-09-13T21:29:52.830+00:00,2026-09-13T21:29:53.107+00:00,2026-09-13T21:31:30.883+00:00,True,1221,1221.0,,1221.0,277.339667,98053.419283,98053.419352,80.30583075511875,0.01597,738.3363710000001,27.46766314358463,85.977906,80.14432755409837,26.892704805629485,12.452395938136252,2,3,,False,True,,5813,100.0
190,2026-09-13T21:29:56.496+00:00,2026-09-13T21:29:56.766+00:00,2026-09-13T21:31:45.921+00:00,True,1366,1366.0,,1366.0,269.264823,109424.32837500001,109424.328265,80.10565758784773,0.02043,666.632451,24.626194223786985,86.397631,79.96707952527473,24.0965169170463,12.483512764352389,2,3,,False,True,,6435,100.0
191,2026-09-13T21:30:01.192+00:00,2026-09-13T21:30:01.443+00:00,2026-09-13T21:31:45.290+00:00,True,1299,1299.0,,1299.0,251.124202,104098.772714,104098.772764,80.13762337490377,0.015880000000000002,658.877928,24.973477800596946,85.032873,80.00589253620956,24.527464541867797,12.478533282701232,2,3,,False,True,,4721,100.0
192,2026-09-13T21:30:06.240+00:00,2026-09-13T21:30:06.467+00:00,2026-09-13T21:31:51.125+00:00,True,1308,1308.0,,1308.0,226.816455,104884.62637499999,104884.626305,80.18702316896024,0.01656,739.151899,26.33346222429074,85.45107615,80.0748354399388,26.028963934649447,12.470845777944929,2,3,,False,True,,3454,100.0
193,2026-09-13T21:30:11.386+00:00,2026-09-13T21:30:11.574+00:00,2026-09-13T21:32:01.829+00:00,True,1370,1370.0,,1370.0,188.199597,110442.834605,110442.83447,80.61520764233576,0.01581,744.5532780000001,25.80854130490109,86.32826195,80.53662162746531,25.65347353985832,12.404607369050423,2,3,,False,True,,3135,100.0
194,2026-09-13T21:30:16.899+00:00,2026-09-13T21:30:17.601+00:00,2026-09-13T21:32:06.074+00:00,True,1346,1346.0,,1346.0,702.326944,109175.357344,109175.357188,81.11096373551263,0.016300000000000002,702.326944,25.201164665559375,87.1790355,80.64909323420075,18.66072769245448,12.328789506581566,2,3,,False,True,,7903,100.0
195,2026-09-13T21:30:20.561+00:00,2026-09-13T21:30:20.755+00:00,2026-09-13T21:32:00.517+00:00,True,1234,1234.0,,1234.0,193.657676,99955.654476,99955.654568,81.00134081685576,69.533461,357.083056,18.13483955292481,86.45796409999998,80.90997307380374,17.855799929120376,12.345474665430674,2,3,,False,True,,5889,100.0
196,2026-09-13T21:30:24.673+00:00,2026-09-13T21:30:24.914+00:00,2026-09-13T21:32:11.237+00:00,True,1303,1303.0,,1303.0,241.527123,106564.307539,106564.307546,81.78381239140445,69.387011,357.04147600000005,19.146561808487014,87.4185241,81.66112167127496,18.634471291965767,12.227358578979487,2,3,,False,True,,6148,100.0
197,2026-09-13T21:30:29.358+00:00,2026-09-13T21:30:29.543+00:00,2026-09-13T21:32:30.942+00:00,True,1481,1481.0,,1481.0,184.831545,121583.644473,121583.644475,82.0956411039838,68.997572,355.80884999999995,18.02594004442898,86.227696,82.02622495135134,17.83292535365456,12.180914681570389,2,3,,False,True,,3928,100.0
198,2026-09-13T21:30:35.120+00:00,2026-09-13T21:30:35.373+00:00,2026-09-13T21:32:08.360+00:00,True,1042,1042.0,,1042.0,253.432427,93240.17316300001,93240.173078,89.48193193666027,69.811902,2950.226423,143.23200772808022,95.9648337,89.3244387473583,143.21056006700195,11.17544042071225,2,3,,False,True,,5506,100.0
199,2026-09-13T21:30:40.941+00:00,2026-09-13T21:30:41.138+00:00,2026-09-13T21:32:22.788+00:00,True,1072,1072.0,,1072.0,197.535168,101846.608832,101846.608754,95.00616488246268,71.233178,12236.032866,374.18568269335634,95.14797815,94.91043292623716,374.3473576994907,10.525632736268188,2,3,,False,True,,5042,100.0
200,2026-09-13T21:30:44.687+00:00,2026-09-13T21:30:44.895+00:00,2026-09-13T21:32:44.148+00:00,True,1233,1233.0,,1233.0,207.757856,119461.722656,119461.722666,96.8870419026764,72.506075,16174.386903,458.81759194911956,94.52314760000002,96.79704935064936,458.99302866152766,10.321297672481473,2,3,,False,True,,5305,100.0
201,2026-09-13T21:30:47.955+00:00,2026-09-13T21:30:48.164+00:00,2026-09-13T21:32:32.373+00:00,True,1051,1051.0,,1051.0,208.21780600000002,104417.79323,104417.793013,99.3508972530923,73.035054,17823.136337,547.4487009669898,87.74587700000001,99.24721468952382,547.6992504742733,10.065334340910395,2,3,,False,True,,13615,100.0
202,2026-09-13T21:30:52.001+00:00,2026-09-13T21:30:52.238+00:00,2026-09-13T21:32:37.915+00:00,True,1057,1057.0,,1057.0,237.288614,105914.23786200001,105914.237869,100.202684833491,72.48134399999999,18319.975505,561.2357559408466,89.0943032,100.07286860606061,561.4858019078539,9.979772515355382,2,3,,False,True,,4958,100.0
203,2026-09-13T21:30:56.449+00:00,2026-09-13T21:31:13.454+00:00,2026-09-13T21:32:41.997+00:00,True,1064,1064.0,,1064.0,17005.155564,105548.435948,105548.436042,99.19965793421052,71.81267600000001,17005.155564,519.1444371408617,88.76248949999999,83.29565417121356,19.64656913737986,10.080679930910538,2,3,,False,True,,5498,100.0
204,2026-09-13T21:30:59.760+00:00,2026-09-13T21:31:13.455+00:00,2026-09-13T21:32:48.280+00:00,True,1129,1129.0,,1129.0,13694.184375,108519.484855,108519.484735,96.12000419397697,71.99644599999999,13694.184375,405.91890846513036,91.80609199999999,84.06498269503545,26.466920942575946,10.403661623611013,2,3,,False,True,,2369,100.0
205,2026-09-13T21:31:03.688+00:00,2026-09-13T21:31:14.137+00:00,2026-09-13T21:32:47.559+00:00,True,1117,1117.0,,1117.0,10448.647907,103871.500515,103871.500575,92.9914955908684,72.863584,10448.647907,311.0124528313643,88.5649296,83.71223351971327,23.458156045280727,10.753671550539456,2,3,,False,True,,5093,100.0
206,2026-09-13T21:31:09.057+00:00,2026-09-13T21:31:14.137+00:00,2026-09-13T21:32:40.054+00:00,True,1026,1026.0,,1026.0,5080.429817,90997.33682499999,90997.33695900001,88.69136155847953,70.587259,5080.429817,160.8723104875814,87.24966549999999,83.8213726907317,39.34442088423874,11.27505524665117,2,3,,False,True,,4993,100.0
207,2026-09-13T21:31:14.821+00:00,2026-09-13T21:31:16.157+00:00,2026-09-13T21:33:01.321+00:00,True,1248,1248.0,,1248.0,1335.869483,106499.903531,106499.903359,85.33646102483975,72.18081600000001,1335.869483,41.95476027177636,90.564209,84.33362794546913,22.483898806178335,11.718320473752655,2,3,,False,True,,4450,100.0
208,2026-09-13T21:31:19.276+00:00,2026-09-13T21:31:19.483+00:00,2026-09-13T21:33:01.563+00:00,True,1210,1210.0,,1210.0,207.487245,102287.025933,102287.025708,84.53473199008265,72.589785,296.523306,22.988689265153095,89.63227839999999,84.43303448138958,22.72427151412505,11.829457245072055,2,3,,False,True,,5537,100.0
209,2026-09-13T21:31:23.905+00:00,2026-09-13T21:31:24.162+00:00,2026-09-13T21:32:59.364+00:00,True,1127,1127.0,,1127.0,256.672911,95458.734735,95458.734732,84.70162797870452,72.40179499999999,298.576871,24.009557575725736,90.81321799999999,84.54890037655417,23.466138927017536,11.806148521962179,2,3,,False,True,,5486,100.0
210,2026-09-13T21:31:28.672+00:00,2026-09-13T21:31:28.924+00:00,2026-09-13T21:33:17.270+00:00,True,1282,1282.0,,1282.0,251.328271,108597.76411100001,108597.764187,84.70964445163807,71.759627,297.534994,23.026200900229842,91.20109799999999,84.57957520686963,22.559127093013707,11.805031259111756,2,3,,False,True,,5892,100.0
211,2026-09-13T21:31:32.848+00:00,2026-09-13T21:31:33.061+00:00,2026-09-13T21:33:07.650+00:00,True,1116,1116.0,,1116.0,212.946756,94801.782852,94801.782876,84.94783411827957,72.749195,296.707295,23.934081293660004,94.27590049999999,84.83303685739911,23.63544184584649,11.771930510444573,2,3,,False,True,,5110,100.0
212,2026-09-13T21:31:37.921+00:00,2026-09-13T21:31:38.150+00:00,2026-09-13T21:33:41.763+00:00,True,1475,1475.0,,1475.0,229.480999,123842.65040700001,123842.650171,83.96111876,72.478285,297.415905,21.561161709289284,88.11148840000001,83.8623944423338,21.232370670442283,11.910274813664905,2,3,,False,True,,4949,100.0
213,2026-09-13T21:31:42.250+00:00,2026-09-13T21:31:42.488+00:00,2026-09-13T21:33:39.491+00:00,True,1390,1390.0,,1390.0,238.31847,117241.36103,117241.360999,84.34630287697841,70.27092900000001,296.021177,22.141568088306467,90.00768045000001,84.23545180705543,21.760276181967615,11.855884201517616,2,3,,False,True,,6256,100.0
214,2026-09-13T21:31:45.563+00:00,2026-09-13T21:31:45.767+00:00,2026-09-13T21:33:32.208+00:00,True,1257,1257.0,,1257.0,204.447332,106645.56169999999,106645.561739,84.84133789896579,72.293875,298.60081199999996,22.99555615923254,87.450531,84.7461101656051,22.75542105287011,11.786707106818119,2,3,,False,True,,5004,100.0
215,2026-09-13T21:31:49.537+00:00,2026-09-13T21:31:49.764+00:00,2026-09-13T21:33:44.036+00:00,True,1354,1354.0,,1354.0,226.773255,114498.940167,114498.940061,84.56347124150665,72.295015,297.715324,22.263857370584002,88.7283016,84.45836431042129,21.933457020177382,11.825436969330477,2,3,,False,True,,4494,100.0
216,2026-09-13T21:31:54.269+00:00,2026-09-13T21:31:54.476+00:00,2026-09-13T21:33:53.471+00:00,True,1412,1412.0,,1412.0,206.76257800000002,119201.41397,119201.413902,84.42026480311615,70.884508,298.53224200000005,21.750758546481723,88.58885305,84.33355874698795,21.512978575352722,11.845497070658617,2,3,,False,True,,7148,100.0
217,2026-09-13T21:31:59.013+00:00,2026-09-13T21:31:59.259+00:00,2026-09-13T21:34:02.519+00:00,True,1438,1438.0,,1438.0,246.113093,123506.684229,123506.684322,85.88781941724618,69.894071,1072.378646,43.008995562545216,89.3624329,85.77631951009047,42.81555235772916,11.643094533521209,2,3,,False,True,,3042,100.0
218,2026-09-13T21:32:04.236+00:00,2026-09-13T21:32:04.744+00:00,2026-09-13T21:33:32.952+00:00,True,1012,1012.0,,1012.0,507.95602399999996,88716.347448,88716.347518,87.66437501778657,72.687444,1652.844585,58.19274992192715,90.60490984999998,87.24865620573689,56.698146279225035,11.407142303656848,2,3,,False,True,,3842,100.0
219,2026-09-13T21:32:10.100+00:00,2026-09-13T21:32:10.346+00:00,2026-09-13T21:34:08.453+00:00,True,1345,1345.0,,1345.0,245.706475,118352.652267,118352.652363,87.99453707286246,70.066499,2324.7350380000003,77.64289772101974,89.8779262,87.87719180952381,77.55239310167758,11.364341856621182,2,3,,False,True,,6118,100.0
220,2026-09-13T21:32:14.364+00:00,2026-09-13T21:32:14.553+00:00,2026-09-13T21:33:56.095+00:00,True,1085,1085.0,,1085.0,188.871536,101731.24056,101731.24043,93.7615119170507,71.545216,7061.670207,244.9006469342352,86.7841722,93.67377216236162,244.9966317071966,10.665357013513253,2,3,,False,True,,4064,100.0
221,2026-09-13T21:32:18.371+00:00,2026-09-13T21:32:18.608+00:00,2026-09-13T21:34:05.084+00:00,True,1107,1107.0,,1107.0,237.07224100000002,106713.261169,106713.261291,96.39861001897019,73.072723,8142.930133000001,286.2896315362441,87.84856230000001,96.27141856057865,286.38785499756096,10.373593570970177,2,3,,False,True,,3850,100.0
222,2026-09-13T21:32:23.240+00:00,2026-09-13T21:32:23.469+00:00,2026-09-13T21:34:24.565+00:00,True,1258,1258.0,,1258.0,228.08236300000002,121324.63071499999,121324.630653,96.44247269713831,0.01597,14065.279547,396.97870532689126,86.53479784999999,96.33774729673827,397.1193203329826,10.368875574450579,2,3,,False,True,,5065,100.0
223,2026-09-13T21:32:26.862+00:00,2026-09-13T21:32:40.341+00:00,2026-09-13T21:34:33.805+00:00,True,1338,1338.0,,1338.0,13479.210861,126943.420013,126943.420197,94.87550089461884,0.01785,13479.210861,367.7309746296615,87.1402955,84.8647787225131,33.761614119705904,10.540128821666995,2,3,,False,True,,7336,100.0
224,2026-09-13T21:32:30.133+00:00,2026-09-13T21:32:40.341+00:00,2026-09-13T21:34:48.048+00:00,True,1499,1499.0,,1499.0,10208.121386,137915.539754,137915.53985,92.00502991994664,0.01587,10208.121386,263.94262325078785,92.78006090000001,85.25194817623498,36.13884520482554,10.868970985240436,2,3,,False,True,,7983,100.0
225,2026-09-13T21:32:33.561+00:00,2026-09-13T21:32:41.163+00:00,2026-09-13T21:34:24.565+00:00,True,1214,1214.0,,1214.0,7601.93219,111003.90313400001,111003.903196,91.43649357166392,0.01529,7601.93219,221.10875631753734,87.39587765,85.24482353173948,48.47857656184545,10.93655237090629,2,3,,False,True,,3810,100.0
226,2026-09-13T21:32:37.652+00:00,2026-09-13T21:32:41.165+00:00,2026-09-13T21:34:35.197+00:00,True,1291,1291.0,,1291.0,3513.399716,117545.144228,117545.144348,91.04968578466305,0.01548,3513.399716,127.89462845150956,90.538151,88.39670117209302,85.30062517094169,10.983014300411021,2,3,,False,True,,1291,100.0
227,2026-09-13T21:32:41.499+00:00,2026-09-13T21:32:42.304+00:00,2026-09-13T21:34:41.359+00:00,True,1298,1298.0,,1298.0,805.6562859999999,119860.366814,119860.366796,92.34234730046225,0.01503,3305.6187099999997,123.40379191006365,98.60721635,91.79237511796454,121.84965514404432,10.829267709602824,2,3,,False,True,,6171,100.0
228,2026-09-13T21:32:44.925+00:00,2026-09-13T21:32:49.765+00:00,2026-09-13T21:34:26.925+00:00,True,1092,1092.0,,1092.0,4839.7388200000005,101999.704772,101999.704886,93.40632315567765,0.01557,4839.7388200000005,193.8715029123704,87.71069315000001,89.05588079926673,130.13112211763766,10.70591334005278,2,3,,False,True,,4582,100.0
229,2026-09-13T21:32:48.493+00:00,2026-09-13T21:32:56.632+00:00,2026-09-13T21:34:38.765+00:00,True,1211,1211.0,,1211.0,8139.59804,110271.9654,110271.965393,91.05860065483071,0.015960000000000002,8139.59804,233.98968905378462,89.3864185,84.40691517355371,34.22784068126852,10.981939023279619,2,3,,False,True,,3244,100.0
230,2026-09-13T21:32:53.867+00:00,2026-09-13T21:32:56.632+00:00,2026-09-13T21:34:52.985+00:00,True,1386,1386.0,,1386.0,2765.2957859999997,119117.62781800001,119117.627958,85.94345451515152,0.01573,2765.2957859999997,81.23765056477212,86.92846424999999,84.00890399422383,37.596433358704196,11.635557435022728,2,3,,False,True,,6990,100.0
231,2026-09-13T21:32:58.594+00:00,2026-09-13T21:32:59.029+00:00,2026-09-13T21:34:49.493+00:00,True,1317,1317.0,,1317.0,434.729779,110898.854451,110898.854514,84.20566022323463,0.01593,862.500195,35.06071267561276,89.00661540000002,83.93930446200608,33.714720553504804,11.875686241483303,2,3,,False,True,,4889,100.0
232,2026-09-13T21:33:02.207+00:00,2026-09-13T21:33:02.482+00:00,2026-09-13T21:34:26.381+00:00,True,1012,1012.0,,1012.0,275.71415,84174.706022,84174.706231,83.1765871847826,0.01569,868.204564,33.40689228641983,85.5706359,82.98614428486647,32.86921695832908,12.02261401109619,2,3,,False,True,,5136,100.0
233,2026-09-13T21:33:06.365+00:00,2026-09-13T21:33:06.609+00:00,2026-09-13T21:34:30.759+00:00,True,1010,1010.0,,1010.0,244.02112899999997,84394.331273,84394.331192,83.55874375445545,0.015960000000000002,870.064689,34.607298639188265,86.37058400000002,83.39971272943508,34.25323553765143,11.967628450456434,2,3,,False,True,,5248,100.0
234,2026-09-13T21:33:12.212+00:00,2026-09-13T21:33:12.526+00:00,2026-09-13T21:34:43.253+00:00,True,1069,1069.0,,1069.0,313.17382000000003,91040.42732399999,91040.427218,85.16410403928906,0.01532,972.7792900000001,45.53949864543519,88.5033794,84.95061189513108,45.02243989669445,11.742036273573062,2,3,,False,True,,5171,100.0
235,2026-09-13T21:33:17.762+00:00,2026-09-13T21:33:17.992+00:00,2026-09-13T21:35:00.190+00:00,True,1236,1236.0,,1236.0,230.15135800000002,102427.395006,102427.395217,82.870060855178,0.015710000000000002,869.5292,33.895302812238256,86.32635075,82.75080457327935,33.64862492932814,12.067084200741387,2,3,,False,True,,5823,100.0
236,2026-09-13T21:33:22.306+00:00,2026-09-13T21:33:22.548+00:00,2026-09-13T21:35:10.467+00:00,True,1310,1310.0,,1310.0,241.805203,108160.508307,108160.508217,82.5652734480916,0.01618,868.305963,33.02947691388373,88.340829,82.44362345607334,32.74719853290928,12.111629470913078,2,3,,False,True,,6443,100.0
237,2026-09-13T21:33:28.140+00:00,2026-09-13T21:33:28.356+00:00,2026-09-13T21:34:53.784+00:00,True,1019,1019.0,,1019.0,216.244207,85644.589551,85644.58957,84.04768358194308,0.01579,865.4341189999999,36.95849507539232,86.3047667,83.91782450294696,36.74333726635109,11.89800786415354,2,3,,False,True,,5299,100.0
238,2026-09-13T21:33:33.798+00:00,2026-09-13T21:33:34.039+00:00,2026-09-13T21:35:38.298+00:00,True,1500,1500.0,,1500.0,240.560506,124499.759482,124499.759425,82.99983961666666,0.016079999999999997,864.692331,32.150300330273765,86.29330695,82.89472913675783,31.9021714775699,12.048216046689376,2,3,,False,True,,5455,100.0
239,2026-09-13T21:33:37.800+00:00,2026-09-13T21:33:38.045+00:00,2026-09-13T21:35:30.240+00:00,True,1288,1288.0,,1288.0,244.88952700000002,112439.45362300001,112439.453808,87.29771258385094,0.015519999999999999,2289.345442,88.52940586470137,92.74591235,87.17526347785548,88.45463709252026,11.455053884542655,2,3,,False,True,,6400,100.0
240,2026-09-13T21:33:42.265+00:00,2026-09-13T21:33:42.479+00:00,2026-09-13T21:35:50.485+00:00,True,1344,1344.0,,1344.0,213.403073,128219.856065,128219.85615,95.40167868303571,0.01648,11009.222584000001,315.07184558389537,89.91954194999998,95.31381458823529,315.17274298290795,10.481995856544016,2,3,,False,True,,6098,100.0
241,2026-09-13T21:33:46.492+00:00,2026-09-13T21:33:46.744+00:00,2026-09-13T21:35:42.603+00:00,True,1109,1109.0,,1109.0,251.329723,116110.672315,116110.672178,104.69853217132552,0.01567,12716.570933,466.3675428578824,93.95937540000001,104.56619367509025,466.5573089362401,9.551232267360934,2,3,,False,True,,5547,100.0
242,2026-09-13T21:33:51.457+00:00,2026-09-13T21:33:51.733+00:00,2026-09-13T21:35:55.772+00:00,True,1134,1134.0,,1134.0,275.974829,124315.437229,124315.437291,109.62560607671958,69.59802099999999,14971.798348999999,555.7518174538558,88.47050525,109.47878411297441,555.9752313562284,9.1219564140781,2,3,,False,True,,5348,100.0
243,2026-09-13T21:33:56.568+00:00,2026-09-13T21:33:56.796+00:00,2026-09-13T21:36:16.529+00:00,True,1261,1261.0,,1261.0,228.137733,139961.13843700002,139961.138344,110.99217949563838,68.80951300000001,18108.932229,609.2209974443383,92.346963,110.89920690793652,609.4539514096994,9.009643777423312,2,3,,False,True,,4442,100.0
244,2026-09-13T21:34:00.694+00:00,2026-09-13T21:34:27.245+00:00,2026-09-13T21:36:13.339+00:00,True,1209,1209.0,,1209.0,26550.678303,132645.254431,132645.254338,109.71485056906535,68.396294,26550.678303,768.9974103334815,90.06043960000001,87.82663586754967,110.19296040426502,9.114536401518253,2,3,,False,True,,6708,100.0
245,2026-09-13T21:34:05.449+00:00,2026-09-13T21:34:34.094+00:00,2026-09-13T21:36:09.290+00:00,True,1142,1142.0,,1142.0,28645.601945,123840.87311300001,123840.87315,108.44209557793344,68.061264,28645.601945,845.6147895461581,86.6854256,83.43143835933392,26.57698927788199,9.221511212683144,2,3,,False,True,,3581,100.0
246,2026-09-13T21:34:09.523+00:00,2026-09-13T21:34:34.096+00:00,2026-09-13T21:36:35.852+00:00,True,1461,1461.0,,1461.0,24572.366776,146328.432312,146328.43248,100.15635351129363,64.965171,24572.366776,641.212275283798,91.32359500000001,83.39456543561643,25.974686868914347,9.984389068591064,2,3,,False,True,,6518,100.0
249,2026-09-13T21:34:21.892+00:00,2026-09-13T21:34:34.372+00:00,2026-09-13T21:36:37.766+00:00,True,1478,1478.0,,1478.0,12480.361108,135873.699988,135873.70004999998,91.9307848782138,67.52981600000001,12480.361108,324.205591983493,89.75630674999998,83.54322199052133,33.629488942440986,10.87774896930409,2,3,,False,True,,6540,100.0
247,2026-09-13T21:34:12.986+00:00,2026-09-13T21:34:34.374+00:00,2026-09-13T21:36:33.734+00:00,True,1432,1432.0,,1432.0,21387.584147,140748.007571,140748.007474,98.28771471648045,66.749977,21387.584147,563.569809583709,90.3721257,83.41049854926625,25.779770242084368,10.174211519673777,2,3,,False,True,,6742,100.0
248,2026-09-13T21:34:16.801+00:00,2026-09-13T21:34:34.375+00:00,2026-09-13T21:36:02.951+00:00,True,1074,1074.0,,1074.0,17574.039834,106150.37621799999,106150.376124,98.83647683798883,65.057991,17574.039834,534.266520982551,85.958471,82.55017370363467,23.865075282058744,10.117722030436676,2,3,,False,True,,3420,100.0
250,2026-09-13T21:34:26.541+00:00,2026-09-13T21:34:35.577+00:00,2026-09-13T21:36:27.339+00:00,True,1331,1331.0,,1331.0,9036.819142999999,120797.978823,120797.978601,90.75730924192337,67.358017,9036.819142999999,247.867309090729,89.58097400000001,84.03094712781956,34.92024111267638,11.018396275903392,2,3,,False,True,,5508,100.0
251,2026-09-13T21:34:32.522+00:00,2026-09-13T21:34:36.618+00:00,2026-09-13T21:36:22.374+00:00,True,1267,1267.0,,1267.0,4095.627931,109851.87266699999,109851.872781,86.70234631491712,68.046374,4095.627931,115.64992681209523,87.176688,83.53573833807268,25.89811901444322,11.53371325622028,2,3,,False,True,,4614,100.0
252,2026-09-13T21:34:37.363+00:00,2026-09-13T21:34:37.635+00:00,2026-09-13T21:36:25.898+00:00,True,1292,1292.0,,1292.0,272.35179800000003,108534.538038,108534.538029,84.00506039396285,65.63069999999999,723.202003,31.577868928953272,87.18505350000001,83.85916827265686,31.15146858235662,11.904044770961722,2,3,,False,True,,5330,100.0
253,2026-09-13T21:34:42.028+00:00,2026-09-13T21:34:42.230+00:00,2026-09-13T21:36:42.108+00:00,True,1456,1456.0,,1456.0,202.503187,120079.91195499999,120079.911989,82.47246702541209,66.129349,304.592789,24.479934192316414,85.71930449999999,82.38997166185567,24.285050253085615,12.125258723920757,2,3,,False,True,,5967,100.0
254,2026-09-13T21:34:46.796+00:00,2026-09-13T21:34:47.053+00:00,2026-09-13T21:36:14.660+00:00,True,1050,1050.0,,1050.0,256.597621,87863.58411699999,87863.584277,83.67960407333334,67.59252599999999,302.67037300000004,27.285858005492727,85.9989989,83.51476310390848,26.770702149157003,11.950343370944326,2,3,,False,True,,4749,100.0
255,2026-09-13T21:34:50.590+00:00,2026-09-13T21:34:50.810+00:00,2026-09-13T21:36:36.957+00:00,True,1275,1275.0,,1275.0,219.332021,106367.058357,106367.058496,83.42514391843137,68.73666300000001,304.247829,26.025160689086235,86.01009400000001,83.31846651177395,25.755002858993418,11.986793841009634,2,3,,False,True,,5007,100.0
256,2026-09-13T21:34:55.000+00:00,2026-09-13T21:34:55.219+00:00,2026-09-13T21:36:39.934+00:00,True,1257,1257.0,,1257.0,218.288353,104933.727457,104933.72724,83.47949661097852,67.89722400000001,303.70129,26.208579578756723,86.370733,83.37216489171975,25.941176771150943,11.978989315090294,2,3,,False,True,,5475,100.0
257,2026-09-13T21:35:00.249+00:00,2026-09-13T21:35:00.434+00:00,2026-09-13T21:36:37.173+00:00,True,1149,1149.0,,1149.0,185.09226500000003,96924.581289,96924.58128,84.3555972845953,71.044208,301.348556,27.043529836713926,85.868316,84.26784758188154,26.891172819311404,11.854577907063918,2,3,,False,True,,5210,100.0
258,2026-09-13T21:35:05.723+00:00,2026-09-13T21:35:05.922+00:00,2026-09-13T21:36:58.969+00:00,True,1359,1359.0,,1359.0,199.00272700000002,113246.193767,113246.193836,83.33053262398823,66.959086,708.356813,30.618569159973944,86.55832790000001,83.24535422680412,30.468346869077426,12.000403323012286,2,3,,False,True,,4414,100.0
259,2026-09-13T21:35:10.239+00:00,2026-09-13T21:35:10.467+00:00,2026-09-13T21:37:23.537+00:00,True,1473,1473.0,,1473.0,227.726313,133297.79351299998,133297.793336,90.4940891622539,63.214565,4251.908036999999,141.3516385329891,85.82065639999999,90.40086086956522,141.35437061328258,11.05044548135258,2,3,,False,True,,5781,100.0
260,2026-09-13T21:35:15.540+00:00,2026-09-13T21:35:15.768+00:00,2026-09-13T21:37:34.732+00:00,True,1426,1426.0,,1426.0,227.372424,139191.199112,139191.199203,97.60953660799439,68.30801600000001,14976.129293,425.10598231137016,86.0842035,97.51847486877193,425.2413077247158,10.244900605048823,2,3,,False,True,,7049,100.0
261,2026-09-13T21:35:18.999+00:00,2026-09-13T21:35:19.204+00:00,2026-09-13T21:37:30.789+00:00,True,1251,1251.0,,1251.0,204.91725200000002,131790.015748,131790.015781,105.3477344372502,67.24551799999999,17675.292711,545.0101679022031,85.984331,105.2680787968,545.2210242239865,9.4923730974589,2,3,,False,True,,6254,100.0
262,2026-09-13T21:35:24.609+00:00,2026-09-13T21:35:24.827+00:00,2026-09-13T21:37:26.551+00:00,True,1040,1040.0,,1040.0,217.880294,121942.245862,121942.246041,117.2521596548077,68.00660400000001,18722.362181,648.0800446855842,86.06289395,117.15530853512993,648.3846153212229,8.52862756994775,2,3,,False,True,,3510,100.0
263,2026-09-13T21:35:29.238+00:00,2026-09-13T21:35:30.585+00:00,2026-09-13T21:38:06.846+00:00,True,1414,1414.0,,1414.0,1347.404988,157608.786108,157608.78633,111.46307378359265,64.661942,24632.922272,727.7890376704124,89.02264094999998,110.58838012738853,727.3028320975312,8.971581057867352,2,3,,False,True,,2839,100.0
265,2026-09-13T21:35:36.902+00:00,2026-09-13T21:36:09.608+00:00,2026-09-13T21:38:09.226+00:00,True,1398,1398.0,,1398.0,32706.058457,152324.258009,152324.257913,108.95869664735336,67.839215,32706.058457,873.8986074960029,89.95064705,85.62505336578383,50.46820730735713,9.177789659197945,2,3,,False,True,,1447,100.0
264,2026-09-13T21:35:33.564+00:00,2026-09-13T21:36:09.610+00:00,2026-09-13T21:37:44.700+00:00,True,1156,1156.0,,1156.0,36045.739534,131136.061198,131136.060963,113.43949910294117,67.501985,36045.739534,1058.176785459699,84.98690325,82.32928282597403,30.15656400072391,8.815271630391399,2,3,,False,True,,5730,100.0
266,2026-09-13T21:35:40.817+00:00,2026-09-13T21:36:09.610+00:00,2026-09-13T21:37:36.614+00:00,True,1022,1022.0,,1022.0,28793.055555,115797.586755,115797.586754,113.30487940704501,67.812944,28793.055555,901.9881115307319,85.40376005,85.21501586679726,84.7954704765145,8.825745239080911,2,3,,False,True,,3972,100.0
267,2026-09-13T21:35:45.343+00:00,2026-09-13T21:36:14.902+00:00,2026-09-13T21:37:58.663+00:00,True,1251,1251.0,,1251.0,29559.045746,133320.21029,133320.210296,106.57091150759392,68.009664,29559.045746,833.7633674977519,86.223936,83.0089316352,25.457525252029544,9.383423543053281,2,3,,False,True,,7172,100.0
269,2026-09-13T21:35:53.693+00:00,2026-09-13T21:36:15.146+00:00,2026-09-13T21:38:19.619+00:00,True,1492,1492.0,,1492.0,21452.729822999998,145926.228447,145926.228374,97.8057830924933,67.306606,21452.729822999998,553.8788454711763,86.73842700000002,83.48323180684105,26.835184414702567,10.224344286002637,2,3,,False,True,,7552,100.0
270,2026-09-13T21:35:57.687+00:00,2026-09-13T21:36:15.146+00:00,2026-09-13T21:37:52.172+00:00,True,1174,1174.0,,1174.0,17459.374264,114485.095096,114485.094986,97.51711668313457,67.084416,17459.374264,508.3046154034408,85.25474535,82.7158745370844,34.328652274957555,10.254609991069644,2,3,,False,True,,4994,100.0
268,2026-09-13T21:35:49.122+00:00,2026-09-13T21:36:15.147+00:00,2026-09-13T21:37:52.836+00:00,True,1187,1187.0,,1187.0,26025.245015,123714.07906300001,123714.079049,104.22416095113732,67.743975,26025.245015,753.3769422811351,85.65294869999998,82.36832550421585,23.95948751806666,9.594704248620996,2,3,,False,True,,6456,100.0
271,2026-09-13T21:36:03.559+00:00,2026-09-13T21:36:16.280+00:00,2026-09-13T21:38:09.949+00:00,True,1357,1357.0,,1357.0,12720.244477,126389.853181,126389.853152,93.13916960353721,66.301447,12720.244477,344.1128148929683,88.5603706,83.8271450619469,27.26809868675451,10.736621380963799,2,3,,False,True,,4063,100.0
273,2026-09-13T21:36:12.107+00:00,2026-09-13T21:36:16.794+00:00,2026-09-13T21:37:47.554+00:00,True,1120,1120.0,,1120.0,4686.978907,95447.518043,95447.518006,85.22099821964285,66.97969599999999,4686.978907,138.91330983402904,84.921464,81.10861406255584,18.87107888243874,11.734197210821444,2,3,,False,True,,3502,100.0
272,2026-09-13T21:36:07.628+00:00,2026-09-13T21:36:16.795+00:00,2026-09-13T21:38:00.440+00:00,True,1250,1250.0,,1250.0,9167.058766,112811.990862,112811.990993,90.2495927944,66.98213700000001,9167.058766,258.22490976032435,85.88235300000001,82.98233154203363,25.77362954166705,11.080382417229856,2,3,,False,True,,7537,100.0
274,2026-09-13T21:36:16.973+00:00,2026-09-13T21:36:17.232+00:00,2026-09-13T21:38:19.619+00:00,True,1471,1471.0,,1471.0,259.051416,122646.521752,122646.521748,83.37628942760027,67.590586,358.82354300000003,26.56667711706873,86.31358049999999,83.2567825414966,26.177201100253065,11.993817508942216,2,3,,False,True,,3833,100.0
275,2026-09-13T21:36:20.837+00:00,2026-09-13T21:36:21.101+00:00,2026-09-13T21:38:23.628+00:00,True,1478,1478.0,,1478.0,263.75217599999996,122791.127536,122791.127383,83.07924721447903,65.004581,357.487288,26.548395964232647,86.4101745,82.95692306025727,26.137407142031655,12.036700286563283,2,3,,False,True,,7938,100.0
276,2026-09-13T21:36:26.157+00:00,2026-09-13T21:36:26.393+00:00,2026-09-13T21:37:50.239+00:00,True,1029,1029.0,,1029.0,235.977345,84081.38892900001,84081.389074,81.71174837123421,63.321085,359.026204,22.297012502393326,84.914767,81.56168442023346,21.78178822561084,12.238142270329382,2,3,,False,True,,5087,100.0
277,2026-09-13T21:36:30.800+00:00,2026-09-13T21:36:31.011+00:00,2026-09-13T21:38:26.331+00:00,True,1361,1361.0,,1361.0,211.439268,115531.42698,115531.427068,84.8871616958119,66.930167,1990.6031329999998,63.146160364193705,86.471915,84.7941086117647,63.0759763124899,11.780344409972594,2,3,,False,True,,1482,100.0
278,2026-09-13T21:36:34.165+00:00,2026-09-13T21:36:34.349+00:00,2026-09-13T21:38:14.467+00:00,True,1018,1018.0,,1018.0,183.782067,100301.643187,100301.643015,98.52813655697446,67.616768,8984.828135,292.6641209168886,93.2915686,98.44430788593903,292.7958864921703,10.149385071409698,2,3,,False,True,,4923,100.0
279,2026-09-13T21:36:37.404+00:00,2026-09-13T21:36:37.623+00:00,2026-09-13T21:38:56.046+00:00,True,1343,1343.0,,1343.0,219.23808300000002,138642.671299,138642.671326,103.233560183172,66.131378,25504.620230999997,696.1460710980894,87.19166100000001,103.14711864083456,696.3983695663685,9.686772387006704,2,3,,False,True,,4515,100.0
280,2026-09-13T21:36:43.319+00:00,2026-09-13T21:36:43.506+00:00,2026-09-13T21:38:59.746+00:00,True,1185,1185.0,,1185.0,187.195939,136426.812707,136426.812639,115.12811193164556,65.660269,35034.097055,1021.2691179430443,87.09011419999999,115.06724389189189,1021.6985156204568,8.685975846588097,2,3,,False,True,,5313,100.0
281,2026-09-13T21:36:47.299+00:00,2026-09-13T21:36:47.489+00:00,2026-09-13T21:39:00.252+00:00,True,1096,1096.0,,1096.0,190.181363,132953.515251,132953.515245,121.3079518658759,67.58763499999999,41794.299606,1260.2918041178739,87.41241550000001,121.24505377899544,1260.8659546652157,8.24348267836985,2,3,,False,True,,4813,100.0
282,2026-09-13T21:36:52.002+00:00,2026-09-13T21:36:52.253+00:00,2026-09-13T21:39:06.018+00:00,True,1086,1086.0,,1086.0,250.977483,134016.218315,134016.218329,123.40351595672192,66.76182700000001,43446.042464,1316.08854494181,86.81248175,123.28593625069125,1316.6897473137387,8.103496827879432,2,3,,False,True,,4292,100.0
283,2026-09-13T21:36:56.241+00:00,2026-09-13T21:36:56.519+00:00,2026-09-13T21:39:14.974+00:00,True,1114,1114.0,,1114.0,277.909935,138733.578159,138733.578235,124.53642570466786,0.01549,44520.013558,1332.1214738061528,87.33680100000001,124.39862374123989,1332.7123713448818,8.029779198250514,2,3,,False,True,,6122,100.0
284,2026-09-13T21:37:02.216+00:00,2026-09-13T21:37:02.407+00:00,2026-09-13T21:39:45.436+00:00,True,1348,1348.0,,1348.0,190.745052,163219.72758,163219.727369,121.08288380489614,0.01551,45930.277130999995,1250.4470367106737,92.56719935,121.0311674298441,1250.9100127731613,8.25880559896962,2,3,,False,True,,7571,100.0
285,2026-09-13T21:37:05.536+00:00,2026-09-13T21:37:51.931+00:00,2026-09-13T21:39:21.240+00:00,True,1065,1065.0,,1065.0,46395.037478,135703.41814999998,135703.41801,127.42104977464788,0.01511,46395.037478,1419.678925672881,86.55453419999999,83.936448,40.86599878609526,7.847996863445257,2,3,,False,True,,6360,100.0
287,2026-09-13T21:37:15.755+00:00,2026-09-13T21:37:52.432+00:00,2026-09-13T21:39:28.298+00:00,True,1148,1148.0,,1148.0,36676.256032,132542.379552,132542.379572,115.45503447038327,0.015470000000000001,36676.256032,1080.730050703403,86.02402499999998,83.57988101133391,39.770023294244865,8.661380638255466,2,3,,False,True,,5914,100.0
286,2026-09-13T21:37:10.095+00:00,2026-09-13T21:37:52.433+00:00,2026-09-13T21:39:52.859+00:00,True,1406,1406.0,,1406.0,42337.405045,162763.933301,162763.933345,115.76382172475107,0.01593,42337.405045,1127.5128169168902,95.21099625,85.71283149893239,39.762917160406836,8.638277359640101,2,3,,False,True,,5889,100.0
289,2026-09-13T21:37:25.174+00:00,2026-09-13T21:37:52.674+00:00,2026-09-13T21:39:54.297+00:00,True,1423,1423.0,,1423.0,27500.560943999997,149123.591472,149123.591549,104.79521542445538,0.01565,27500.560943999997,727.8224896525377,93.46687829999999,85.52955733333333,39.47216903776448,9.542420390721261,2,3,,False,True,,6837,100.0
288,2026-09-13T21:37:21.308+00:00,2026-09-13T21:37:52.674+00:00,2026-09-13T21:39:55.190+00:00,True,1434,1434.0,,1434.0,31366.030526000002,153881.619134,153881.619279,107.30935793514645,0.01517,31366.030526000002,826.9702631189248,91.24048930000001,85.49587481367759,39.2871676009124,9.318851777555537,2,3,,False,True,,4485,100.0
290,2026-09-13T21:37:30.785+00:00,2026-09-13T21:37:53.158+00:00,2026-09-13T21:39:46.472+00:00,True,1331,1331.0,,1331.0,22372.977339,135686.647483,135686.647655,101.94338666791886,0.0159,22372.977339,612.2841098932759,88.6431445,85.19824822857143,41.00185423366251,9.809366099687585,2,3,,False,True,,7089,100.0
292,2026-09-13T21:37:41.151+00:00,2026-09-13T21:37:53.747+00:00,2026-09-13T21:39:54.926+00:00,True,1357,1357.0,,1357.0,12595.723006999999,133774.916607,133774.916687,98.58136822918202,0.01533,12595.723006999999,356.2623366632682,92.567724,89.36518702064897,108.03055029832335,10.143904660292591,2,3,,False,True,,8610,100.0
293,2026-09-13T21:37:45.177+00:00,2026-09-13T21:37:53.748+00:00,2026-09-13T21:40:02.282+00:00,True,1433,1433.0,,1433.0,8570.256345,137104.272089,137104.272228,95.67639373900907,0.01509,8570.256345,279.340712718336,88.6983192,89.75839088268157,166.92237876510356,10.451898968325224,2,3,,False,True,,7272,100.0
291,2026-09-13T21:37:36.089+00:00,2026-09-13T21:37:53.749+00:00,2026-09-13T21:39:37.611+00:00,True,1210,1210.0,,1210.0,17660.086767,121522.365423,121522.36547,100.431707,0.015349999999999999,17660.086767,508.4824892283923,86.394888,85.90759194044665,57.513282403887374,9.95701487366694,2,3,,False,True,,3712,100.0
294,2026-09-13T21:37:50.414+00:00,2026-09-13T21:37:59.611+00:00,2026-09-13T21:40:06.340+00:00,True,1471,1471.0,,1471.0,9197.181343,135925.942687,135925.9426,92.40376791298436,0.01542,9197.181343,253.88148893994997,86.96388300000001,86.21004173061225,89.61256053671087,10.822069510213424,2,3,,False,True,,6040,100.0
295,2026-09-13T21:37:54.151+00:00,2026-09-13T21:38:00.784+00:00,2026-09-13T21:40:06.731+00:00,True,1461,1461.0,,1461.0,6633.477434,132580.32876200002,132580.328772,90.74628937166324,0.01607,6633.477434,198.1666967031605,87.574172,86.2649666630137,99.68286584407268,11.019734327425727,2,3,,False,True,,4762,100.0
296,2026-09-13T21:37:59.810+00:00,2026-09-13T21:38:01.118+00:00,2026-09-13T21:40:04.640+00:00,True,1421,1421.0,,1421.0,1307.654554,124830.05097,124830.050855,87.84662269880366,0.01563,4947.516755,137.9985518648426,86.84894400000002,86.98760310985915,134.19278750098528,11.383476886839567,2,3,,False,True,,7601,100.0
297,2026-09-13T21:38:03.617+00:00,2026-09-13T21:38:07.289+00:00,2026-09-13T21:39:38.723+00:00,True,1096,1096.0,,1096.0,3672.358912,95106.22592,95106.225814,86.775753479927,0.015560000000000001,3672.358912,116.64751217364001,85.67307175,83.50124840913242,43.08833230741408,11.523956390845711,2,3,,False,True,,5893,100.0
298,2026-09-13T21:38:07.299+00:00,2026-09-13T21:38:07.565+00:00,2026-09-13T21:39:57.879+00:00,True,1300,1300.0,,1300.0,265.937051,110580.174235,110580.174341,85.06167257,0.01568,1223.639909,49.661235394606784,87.3092635,84.92243047267128,49.425845979041206,11.756176086658161,2,3,,False,True,,5399,100.0
299,2026-09-13T21:38:11.897+00:00,2026-09-13T21:38:12.080+00:00,2026-09-13T21:40:14.537+00:00,True,1322,1322.0,,1322.0,183.679197,122640.296669,122640.296592,92.7687568774584,65.53579,6215.019454,207.0568600450651,89.69112715,92.69993752611659,207.12015162647842,10.77949121052774,2,3,,False,True,,7925,100.0
300,2026-09-13T21:38:15.161+00:00,2026-09-13T21:38:15.394+00:00,2026-09-13T21:40:15.975+00:00,True,1031,1031.0,,1031.0,232.33732199999997,120813.78935400001,120813.789494,117.1811731270611,67.066967,24586.761382,783.485900118111,92.3363265,117.06937090485437,783.858277205354,8.533794076924753,2,3,,False,True,,4375,100.0
301,2026-09-13T21:38:20.894+00:00,2026-09-13T21:38:21.129+00:00,2026-09-13T21:40:32.003+00:00,True,1039,1039.0,,1039.0,234.847826,131109.113938,131109.114066,126.18779024639076,66.738057,46579.918022,1442.7463100485993,87.71052889999999,126.08310800770714,1443.4378311409757,7.924696985530168,2,3,,False,True,,5154,100.0
302,2026-09-13T21:38:26.425+00:00,2026-09-13T21:38:26.637+00:00,2026-09-13T21:41:15.554+00:00,True,1433,1433.0,,1433.0,211.898426,169128.388154,169128.38836,118.0239974598744,66.053439,48589.517326,1282.0880546986102,86.795652,117.95844254748604,1282.533542868281,8.47285317172881,2,3,,False,True,,6001,100.0
303,2026-09-13T21:38:30.264+00:00,2026-09-13T21:38:30.498+00:00,2026-09-13T21:41:23.322+00:00,True,1439,1439.0,,1439.0,233.31429,173057.270514,173057.270612,120.26217554690757,68.45034299999999,51837.634287,1364.585760205849,86.40867290000001,120.18355787482615,1365.0572217277136,8.315166393911127,2,3,,False,True,,2644,100.0
304,2026-09-13T21:38:34.220+00:00,2026-09-13T21:38:34.461+00:00,2026-09-13T21:41:14.591+00:00,True,1274,1274.0,,1274.0,240.559905,160371.093025,160371.092963,125.87997877786499,69.109472,53851.910831,1506.6672561086527,86.55769500000001,125.78989247446975,1507.2559530157937,7.944075057226167,2,3,,False,True,,3314,100.0
305,2026-09-13T21:38:40.105+00:00,2026-09-13T21:38:40.315+00:00,2026-09-13T21:41:06.635+00:00,True,1086,1086.0,,1086.0,209.644481,146529.701057,146529.701268,134.9260600994475,68.344013,55948.326759999996,1695.5056923968575,86.011371,134.85719500092168,1696.2860572012678,7.4114667003759624,2,3,,False,True,,3152,100.0
307,2026-09-13T21:38:50.538+00:00,2026-09-13T21:39:39.029+00:00,2026-09-13T21:41:46.313+00:00,True,1485,1485.0,,1485.0,48490.683698,175774.521394,175774.52152,118.36668115824916,68.849712,48490.683698,1256.4941444215099,94.45024599999999,85.77078011859838,31.248135201244537,8.44832338738878,2,3,,False,True,,7834,100.0
306,2026-09-13T21:38:45.589+00:00,2026-09-13T21:39:39.031+00:00,2026-09-13T21:41:13.161+00:00,True,1133,1133.0,,1133.0,53442.485279,147571.758111,147571.757995,130.24868313768755,69.199012,53442.485279,1585.4229772311896,86.331431,83.15306787279151,23.998737640305524,7.677620802943772,2,3,,False,True,,5643,100.0
308,2026-09-13T21:38:55.301+00:00,2026-09-13T21:39:39.406+00:00,2026-09-13T21:41:09.777+00:00,True,1092,1092.0,,1092.0,44105.076924,134476.454332,134476.454202,123.14693608241758,66.66243700000001,44105.076924,1332.3693201096057,86.032254,82.83352649679193,22.84183225201605,8.120380667563063,2,3,,False,True,,4955,100.0
310,2026-09-13T21:39:03.651+00:00,2026-09-13T21:39:39.406+00:00,2026-09-13T21:41:40.764+00:00,True,1407,1407.0,,1407.0,35755.259663000004,157113.08673500002,157113.08671200002,111.6653068315565,68.88289200000001,35755.259663000004,951.8483987438917,94.26778199999998,86.3142440056899,42.08273692563187,8.95533293399781,2,3,,False,True,,2409,100.0
309,2026-09-13T21:38:59.927+00:00,2026-09-13T21:39:39.407+00:00,2026-09-13T21:41:44.380+00:00,True,1457,1457.0,,1457.0,39479.944814,164452.964462,164452.964567,112.87094342278655,68.138744,39479.944814,1032.5275637090272,96.28040219999998,85.8331178901099,31.348499260124303,8.85967610718667,2,3,,False,True,,5527,100.0
311,2026-09-13T21:39:07.219+00:00,2026-09-13T21:39:40.645+00:00,2026-09-13T21:41:12.312+00:00,True,1109,1109.0,,1109.0,33425.920254000004,125092.71423800002,125092.71435600001,112.79775866185753,66.315608,33425.920254000004,1001.4957662133302,86.51882440000001,82.7317635234657,22.31770492282724,8.86542439146399,2,3,,False,True,,5769,100.0
312,2026-09-13T21:39:12.558+00:00,2026-09-13T21:39:41.072+00:00,2026-09-13T21:41:15.059+00:00,True,1134,1134.0,,1134.0,28514.238147999997,122501.09101199999,122501.09095,108.02565339506172,68.92326200000001,28514.238147999997,844.6037910515042,85.72359165,82.95397428420124,23.151714608995615,9.257060411722499,2,3,,False,True,,5326,100.0
313,2026-09-13T21:39:16.291+00:00,2026-09-13T21:39:41.073+00:00,2026-09-13T21:41:32.603+00:00,True,1310,1310.0,,1310.0,24782.394693,136312.625477,136312.625408,104.0554392427481,67.468265,24782.394693,683.0328142523265,89.74439145000001,85.2026209197861,30.378505808874156,9.610261671770354,2,3,,False,True,,7332,100.0
314,2026-09-13T21:39:20.714+00:00,2026-09-13T21:39:41.075+00:00,2026-09-13T21:41:38.506+00:00,True,1372,1372.0,,1372.0,20360.398998,137791.769494,137791.769419,100.43131881851312,66.894257,20360.398998,548.6218563684445,89.58597749999998,85.65380780160467,37.1035499241944,9.9570533496904,2,3,,False,True,,5520,100.0
315,2026-09-13T21:39:25.944+00:00,2026-09-13T21:39:42.245+00:00,2026-09-13T21:41:43.892+00:00,True,1423,1423.0,,1423.0,16300.315546,137947.387802,137947.387865,96.94124235066761,68.787033,16300.315546,430.94544110599287,94.2435327,85.54646431504923,30.83744895894884,10.315526974983204,2,3,,False,True,,5249,100.0
316,2026-09-13T21:39:31.245+00:00,2026-09-13T21:39:43.178+00:00,2026-09-13T21:41:27.056+00:00,True,1225,1225.0,,1225.0,11932.981783,115810.92123899999,115810.921223,94.53952752897959,68.534073,11932.981783,340.1341218793733,87.9776112,84.86759759477124,33.13589897268495,10.577586180080175,2,3,,False,True,,6943,100.0
317,2026-09-13T21:39:37.219+00:00,2026-09-13T21:39:43.181+00:00,2026-09-13T21:41:46.315+00:00,True,1413,1413.0,,1413.0,5961.479138000001,129096.03197,129096.03206,91.36308001415428,68.738913,5961.479138000001,178.459711029255,91.59812760000001,87.20577396033995,86.20893653692592,10.945340289997143,2,3,,False,True,,7724,100.0
318,2026-09-13T21:39:41.754+00:00,2026-09-13T21:39:43.263+00:00,2026-09-13T21:41:50.141+00:00,True,1391,1391.0,,1391.0,1508.884528,128386.87518399999,128386.87512,92.29825673616104,67.928704,4250.020664,164.00806259119327,95.2076705,91.27912996834533,159.60028651399844,10.834440810296714,2,3,,False,True,,7307,100.0
319,2026-09-13T21:39:46.185+00:00,2026-09-13T21:39:46.672+00:00,2026-09-13T21:41:59.450+00:00,True,1420,1420.0,,1420.0,486.882447,133264.858767,133264.858808,93.84849211830986,68.777773,9385.865120999999,273.81090576343496,89.98101665,93.57151255813953,273.7083615143757,10.655472216293157,2,3,,False,True,,6483,100.0
320,2026-09-13T21:39:52.059+00:00,2026-09-13T21:39:52.359+00:00,2026-09-13T21:41:58.644+00:00,True,1178,1178.0,,1178.0,300.629226,126585.43793,126585.437949,107.4579269516129,66.630138,27812.489872000002,808.39601201587,93.777481,107.29380518606627,808.720006450834,9.305967726330557,2,3,,False,True,,4370,100.0
321,2026-09-13T21:39:55.641+00:00,2026-09-13T21:39:55.901+00:00,2026-09-13T21:42:25.742+00:00,True,1420,1420.0,,1420.0,259.224624,150100.31390399998,150100.313967,105.7044464556338,65.973989,30638.699166000002,811.2908402959458,88.0463709,105.59625742071881,811.5666140228179,9.460339975759096,2,3,,False,True,,3442,100.0
322,2026-09-13T21:39:59.851+00:00,2026-09-13T21:40:00.087+00:00,2026-09-13T21:42:02.026+00:00,True,1036,1036.0,,1036.0,235.56654500000002,122174.434257,122174.434279,117.92899061679536,65.50805,32706.755316,1016.8561395359087,99.10970050000002,117.81533112270532,1017.3411465899812,8.479679126818974,2,3,,False,True,,5177,100.0
323,2026-09-13T21:40:04.153+00:00,2026-09-13T21:40:04.342+00:00,2026-09-13T21:42:32.041+00:00,True,1240,1240.0,,1240.0,188.910866,147887.31214599998,147887.312239,119.26396148306452,65.967468,42861.260779,1215.0750528192782,88.70979835,119.20774921711057,1215.5640824316795,8.384762573653546,2,3,,False,True,,6202,100.0
324,2026-09-13T21:40:07.629+00:00,2026-09-13T21:40:07.848+00:00,2026-09-13T21:42:41.213+00:00,True,1267,1267.0,,1267.0,219.41849,153584.374906,153584.374863,121.21892254380425,70.02261,44562.413843999995,1250.208413819549,91.1803652,121.14135577883096,1250.6994192530246,8.24953710802584,2,3,,False,True,,6306,100.0
325,2026-09-13T21:40:13.583+00:00,2026-09-13T21:40:13.824+00:00,2026-09-13T21:42:37.914+00:00,True,1060,1060.0,,1060.0,241.33604300000002,144330.616299,144330.61612,136.1609586037736,70.23562,48493.449312,1492.6022178876265,97.68296140000001,136.06164330122758,1493.3039333762235,7.344249107923641,2,3,,False,True,,5480,100.0
326,2026-09-13T21:40:19.424+00:00,2026-09-13T21:40:19.641+00:00,2026-09-13T21:42:55.788+00:00,True,1164,1164.0,,1164.0,216.695516,156363.517404,156363.517239,134.3329185902062,71.16457799999999,56384.533215,1650.3723453102816,93.80509915,134.26209964574375,1651.080567111418,7.44419170996612,2,3,,False,True,,5997,100.0
327,2026-09-13T21:40:23.928+00:00,2026-09-13T21:40:24.157+00:00,2026-09-13T21:43:22.706+00:00,True,1396,1396.0,,1396.0,229.00707999999997,178778.16650400002,178778.166515,128.06458919412609,69.788411,57220.938544,1529.4598027283178,103.57399799999999,127.99222897777778,1530.0058993400582,7.808559777173717,2,3,,False,True,,1431,100.0
328,2026-09-13T21:40:29.239+00:00,2026-09-13T21:41:24.003+00:00,2026-09-13T21:43:19.176+00:00,True,1321,1321.0,,1321.0,54764.439336,169937.025832,169937.025857,128.6427145018925,70.22305,54764.439336,1504.6820195766081,101.24753299999999,87.25195946666666,30.636963301446702,7.773467809810573,2,3,,False,True,,4878,100.0
330,2026-09-13T21:40:38.770+00:00,2026-09-13T21:41:24.005+00:00,2026-09-13T21:43:11.304+00:00,True,1228,1228.0,,1228.0,45234.582564000004,152534.162212,152534.162423,124.21348731514658,69.61094100000001,45234.582564000004,1288.7289440117013,104.05437435,87.44872016951916,31.610921911176845,8.050655552775522,2,3,,False,True,,5907,100.0
329,2026-09-13T21:40:34.880+00:00,2026-09-13T21:41:24.005+00:00,2026-09-13T21:43:11.731+00:00,True,1232,1232.0,,1232.0,49124.791880000004,156851.060296,156851.060234,127.31417226785715,70.07536999999999,49124.791880000004,1397.4334951016692,103.77759765,87.51118474086108,31.478621504587718,7.854585092858427,2,3,,False,True,,6471,100.0
332,2026-09-13T21:40:49.305+00:00,2026-09-13T21:41:24.914+00:00,2026-09-13T21:43:16.384+00:00,True,1277,1277.0,,1277.0,35608.572188,147079.000348,147079.000331,115.17541137901331,69.07883199999999,35608.572188,994.4893618940748,103.9325718,87.35926971786834,30.76916586941014,8.682408752973041,2,3,,False,True,,4164,100.0
331,2026-09-13T21:40:43.899+00:00,2026-09-13T21:41:24.915+00:00,2026-09-13T21:42:55.267+00:00,True,1057,1057.0,,1057.0,41015.117634,131367.48781,131367.487923,124.2833376754967,70.683469,41015.117634,1259.2057549902117,88.5452166,85.56095660606061,26.644313076819532,8.046130877746288,2,3,,False,True,,5839,100.0
333,2026-09-13T21:40:52.870+00:00,2026-09-13T21:41:25.221+00:00,2026-09-13T21:42:56.980+00:00,True,1066,1066.0,,1066.0,32351.011517000003,124109.601469,124109.60136300001,116.4255172260788,68.483023,32351.011517000003,988.6307100760921,98.880649,86.15830042441314,28.70791151041478,8.589182362867104,2,3,,False,True,,4301,100.0
334,2026-09-13T21:40:57.531+00:00,2026-09-13T21:41:25.222+00:00,2026-09-13T21:43:08.202+00:00,True,1182,1182.0,,1182.0,27691.597111000003,130671.13144699999,130671.131215,110.5508724323181,71.006858,27691.597111000003,803.6904159362273,100.90209765,87.19689613547841,35.310435549700976,9.045609285777228,2,3,,False,True,,4939,100.0
335,2026-09-13T21:41:01.823+00:00,2026-09-13T21:41:26.308+00:00,2026-09-13T21:42:54.200+00:00,True,1028,1028.0,,1028.0,24484.568712,112376.37159200001,112376.371762,109.31553673346303,70.401519,24484.568712,761.7355630461246,87.68712950000001,85.58111283349562,33.85667135853461,9.147830504194554,2,3,,False,True,,4024,100.0
336,2026-09-13T21:41:05.862+00:00,2026-09-13T21:41:27.401+00:00,2026-09-13T21:43:23.808+00:00,True,1347,1347.0,,1347.0,21538.479664000002,137945.562416,137945.56242,102.40947469933185,70.17333,21538.479664000002,585.2211999119035,101.651485,86.48371675482912,29.07208490604364,9.764721506139326,2,3,,False,True,,5973,100.0
338,2026-09-13T21:41:14.412+00:00,2026-09-13T21:41:27.868+00:00,2026-09-13T21:42:52.279+00:00,True,1002,1002.0,,1002.0,13456.02653,97867.06217800001,97867.062358,97.67171892015968,69.215711,13456.02653,423.0224489818862,86.8822905,84.32670893906094,22.428320320790412,10.238378241880486,2,3,,False,True,,3265,100.0
337,2026-09-13T21:41:09.867+00:00,2026-09-13T21:41:27.868+00:00,2026-09-13T21:43:21.444+00:00,True,1314,1314.0,,1314.0,18001.834,131577.692944,131577.692912,100.13523052663622,68.344083,18001.834,495.0553100815534,99.5161103,86.50103499162223,28.62220837433057,9.986495207506364,2,3,,False,True,,5872,100.0
340,2026-09-13T21:41:23.436+00:00,2026-09-13T21:41:27.869+00:00,2026-09-13T21:43:23.334+00:00,True,1327,1327.0,,1327.0,4432.233754,119897.11849000001,119897.118399,90.35201085079126,69.510741,4432.233754,125.4844078858741,100.20081,87.07759029864253,38.982223769432146,11.067822285576263,2,3,,False,True,,6441,100.0
339,2026-09-13T21:41:18.419+00:00,2026-09-13T21:41:27.872+00:00,2026-09-13T21:43:23.884+00:00,True,1345,1345.0,,1345.0,9453.041916,125465.548284,125465.548328,93.2829355598513,69.77314100000001,9453.041916,256.97544868961904,101.74479020000001,86.31882914285715,28.392343965790197,10.720074302433197,2,3,,False,True,,7221,100.0
341,2026-09-13T21:41:28.797+00:00,2026-09-13T21:41:29.031+00:00,2026-09-13T21:43:34.966+00:00,True,1360,1360.0,,1360.0,233.26914000000002,126168.992404,126168.992261,92.77131783897059,70.302449,7950.325206,219.8599408213828,100.29375349999998,92.66793470493009,219.90779888169953,10.779193636144813,2,3,,False,True,,8007,100.0
342,2026-09-13T21:41:33.193+00:00,2026-09-13T21:41:33.454+00:00,2026-09-13T21:43:48.773+00:00,True,1254,1254.0,,1254.0,260.205902,135579.983182,135579.983197,108.11800892902711,67.222916,15990.53334,486.64074648450037,101.28171350000001,107.9966299122107,486.81606403789664,9.249152939609486,2,3,,False,True,,3889,100.0
343,2026-09-13T21:41:37.042+00:00,2026-09-13T21:41:39.423+00:00,2026-09-13T21:43:46.920+00:00,True,1096,1096.0,,1096.0,2380.865289,129878.335497,129878.335573,118.50213099726277,67.08573600000001,33772.986881,1020.7697564463818,99.58263925,116.43604585205479,1018.9408997770081,8.438666816955905,2,3,,False,True,,3900,100.0
344,2026-09-13T21:41:42.207+00:00,2026-09-13T21:41:42.458+00:00,2026-09-13T21:43:46.835+00:00,True,1041,1041.0,,1041.0,251.571461,124628.826885,124628.826751,119.72029466954851,69.45449099999999,36409.046002999996,1126.2963157233046,99.370977,119.59351483076922,1126.8307640061805,8.352802686336544,2,3,,False,True,,3185,100.0
345,2026-09-13T21:41:46.647+00:00,2026-09-13T21:41:46.861+00:00,2026-09-13T21:44:05.920+00:00,True,1138,1138.0,,1138.0,213.877432,139273.59762400002,139273.597534,122.38453210369069,69.96294,39178.579529,1164.5527161075424,98.22116865,122.30406349340369,1165.0620037100236,8.170967214276201,2,3,,False,True,,5891,100.0
346,2026-09-13T21:41:50.350+00:00,2026-09-13T21:41:50.513+00:00,2026-09-13T21:44:10.696+00:00,True,1088,1088.0,,1088.0,162.182482,140345.472082,140345.472088,128.99400008088236,70.16403,40928.59203,1251.8316432042013,96.76552685,128.96346789328427,1252.4074573996802,7.7522985519925545,2,3,,False,True,,5357,100.0
347,2026-09-13T21:41:56.055+00:00,2026-09-13T21:41:56.261+00:00,2026-09-13T21:44:44.336+00:00,True,1355,1355.0,,1355.0,206.227428,168281.228004,168281.227911,124.19278812619926,69.37399099999999,50873.716112,1380.5241552032467,97.9913278,124.13220131166912,1381.0324265469387,8.051997338454125,2,3,,False,True,,7567,100.0
348,2026-09-13T21:42:00.519+00:00,2026-09-13T21:42:00.781+00:00,2026-09-13T21:44:33.738+00:00,True,1141,1141.0,,1141.0,261.91053899999997,153219.09274700002,153219.092754,134.28491915337423,70.32558999999999,54784.070325,1619.9135000375738,88.22867100000002,134.17296684912282,1620.6200426111131,7.446852605269329,2,3,,False,True,,3661,100.0
349,2026-09-13T21:42:03.803+00:00,2026-09-13T21:42:04.020+00:00,2026-09-13T21:44:29.152+00:00,True,1043,1043.0,,1043.0,216.803245,145348.929965,145348.92982699999,139.35659619079578,70.231169,55192.41248,1707.1391736895403,87.5687211,139.28227132437618,1707.9572381319847,7.175835420674609,2,3,,False,True,,6163,100.0
350,2026-09-13T21:42:08.858+00:00,2026-09-13T21:43:03.096+00:00,2026-09-13T21:44:50.577+00:00,True,1249,1249.0,,1249.0,54238.557542999995,161719.91408699998,161719.913937,129.47951476140912,68.844112,54238.557542999995,1532.5663759983768,99.53877040000002,86.12288184615385,29.88602519963283,7.723229430656754,2,3,,False,True,,3289,100.0
351,2026-09-13T21:42:14.830+00:00,2026-09-13T21:43:03.497+00:00,2026-09-13T21:44:38.606+00:00,True,1116,1116.0,,1116.0,48667.10193,143775.900138,143775.900006,128.83145161827957,69.9992,48667.10193,1454.655111330525,86.97851625,85.29937059013453,33.9935030368065,7.762079729139814,2,3,,False,True,,6311,100.0
352,2026-09-13T21:42:19.085+00:00,2026-09-13T21:43:03.497+00:00,2026-09-13T21:44:57.422+00:00,True,1297,1297.0,,1297.0,44412.643135,158337.543231,158337.543274,122.07983290208172,69.82838000000001,44412.643135,1231.6746301582762,99.64229279999999,87.90501550617283,47.268257717803664,8.191361148680928,2,3,,False,True,,6849,100.0
353,2026-09-13T21:42:24.368+00:00,2026-09-13T21:43:05.422+00:00,2026-09-13T21:44:42.449+00:00,True,1119,1119.0,,1119.0,41053.937851999995,138080.518332,138080.51815699998,123.3963522403932,68.89089200000001,41053.937851999995,1225.8054115710129,89.8080099,86.78585016100179,52.66286541794506,8.103967261402387,2,3,,False,True,,5473,100.0
354,2026-09-13T21:42:29.172+00:00,2026-09-13T21:43:06.881+00:00,2026-09-13T21:45:07.568+00:00,True,1361,1361.0,,1361.0,37709.566596000004,158396.58816400002,158396.588135,116.38250414033799,70.824318,37709.566596000004,1021.1576257957186,102.28041099999999,88.74045703529411,53.369864863385885,8.592356791112529,2,3,,False,True,,6644,100.0
355,2026-09-13T21:42:34.401+00:00,2026-09-13T21:43:09.229+00:00,2026-09-13T21:45:16.915+00:00,True,1473,1473.0,,1473.0,34827.974631,162514.319079,162514.318893,110.3287976191446,69.43423200000001,34827.974631,905.7463488199874,101.72348539999999,86.74344052173913,31.508331524128682,9.063816704569634,2,3,,False,True,,4669,100.0
356,2026-09-13T21:42:39.912+00:00,2026-09-13T21:43:09.571+00:00,2026-09-13T21:44:51.176+00:00,True,1187,1187.0,,1187.0,29659.152485,131263.567717,131263.567714,110.58430304465038,69.77566,29659.152485,858.8614743205368,99.03704760000001,85.66982734569983,28.912310122047618,9.042874733978994,2,3,,False,True,,5852,100.0
357,2026-09-13T21:42:43.542+00:00,2026-09-13T21:43:09.572+00:00,2026-09-13T21:44:48.026+00:00,True,1154,1154.0,,1154.0,26030.789238,124484.824438,124484.82460400001,107.8724649948007,69.59119100000001,26030.789238,764.2813265124043,91.12712400000001,85.38944943625324,28.2101533984816,9.270206269799198,2,3,,False,True,,4604,100.0
358,2026-09-13T21:42:46.804+00:00,2026-09-13T21:43:09.573+00:00,2026-09-13T21:44:41.809+00:00,True,1092,1092.0,,1092.0,22769.080717,115005.76986900001,115005.769795,105.31663900641026,69.504811,22769.080717,686.9885556736464,87.50744404999999,84.54325311824014,26.819454979131596,9.49517577460564,2,3,,False,True,,5436,100.0
359,2026-09-13T21:42:51.660+00:00,2026-09-13T21:43:10.388+00:00,2026-09-13T21:44:49.550+00:00,True,1160,1160.0,,1160.0,18728.809723000002,117890.924027,117890.92396300001,101.63010686465518,68.748132,18728.809723000002,548.2146033427578,96.27696845,85.55833848490077,30.166487381251923,9.839603935365972,2,3,,False,True,,3339,100.0
360,2026-09-13T21:42:55.984+00:00,2026-09-13T21:43:11.649+00:00,2026-09-13T21:45:02.282+00:00,True,1279,1279.0,,1279.0,15664.669888,126297.972416,126297.972349,98.74743733307271,69.92416,15664.669888,436.71630091350124,99.9442191,86.56752936463224,31.337544218292667,10.126845075447706,2,3,,False,True,,5138,100.0
361,2026-09-13T21:43:01.358+00:00,2026-09-13T21:43:11.654+00:00,2026-09-13T21:44:40.643+00:00,True,1061,1061.0,,1061.0,10296.088751,99285.040303,99285.040438,93.5768524392083,68.82393300000001,10296.088751,314.38111570261407,86.400245,83.95184108679246,23.325241535505473,10.686403477925976,2,3,,False,True,,2943,100.0
362,2026-09-13T21:43:06.377+00:00,2026-09-13T21:43:11.935+00:00,2026-09-13T21:44:45.807+00:00,True,1108,1108.0,,1108.0,5557.389292999999,99429.470445,99429.470407,89.73778917599277,68.983732,5557.389292999999,166.50733977835168,87.5918485,84.79862796025294,26.368821947144163,11.14357740256594,2,3,,False,True,,5377,100.0
363,2026-09-13T21:43:09.655+00:00,2026-09-13T21:43:11.938+00:00,2026-09-13T21:45:20.266+00:00,True,1420,1420.0,,1420.0,2283.8982570000003,130611.03630499999,130611.036236,91.97960298309859,0.01611,5104.427713,153.54988660204134,99.908998,90.434910534179,142.13929063252152,10.871975601541415,2,3,,False,True,,6312,100.0
364,2026-09-13T21:43:14.278+00:00,2026-09-13T21:43:14.486+00:00,2026-09-13T21:45:25.726+00:00,True,1159,1159.0,,1159.0,208.352463,131448.62254299998,131448.622671,113.41555019068163,0.01541,18855.805859,576.3806404821496,99.30409900000001,113.33356656303972,576.622913454584,8.81713309411716,2,3,,False,True,,3048,100.0
365,2026-09-13T21:43:19.832+00:00,2026-09-13T21:43:20.050+00:00,2026-09-13T21:45:41.238+00:00,True,1176,1176.0,,1176.0,217.968013,141406.388621,141406.388626,120.24352774319728,0.01551,40652.803487000005,1183.7754960852865,88.71598975,120.16035796425531,1184.2761175379642,8.316455935749387,2,3,,False,True,,5615,100.0
366,2026-09-13T21:43:23.503+00:00,2026-09-13T21:43:23.733+00:00,2026-09-13T21:45:59.529+00:00,True,1312,1312.0,,1312.0,229.632358,156025.944934,156025.944762,118.92221399542683,0.01534,43191.348118,1190.9209922534296,87.41074815,118.83776702974829,1191.3715288681026,8.408857902158418,2,3,,False,True,,4275,100.0
367,2026-09-13T21:43:26.741+00:00,2026-09-13T21:43:26.987+00:00,2026-09-13T21:46:12.228+00:00,True,1381,1381.0,,1381.0,245.84767300000001,165487.187577,165487.18756,119.83141749456915,0.01568,46589.995437,1252.167520407133,86.778474,119.74010137971014,1252.6168462861663,8.34505692084126,2,3,,False,True,,2899,100.0
368,2026-09-13T21:43:30.354+00:00,2026-09-13T21:43:30.573+00:00,2026-09-13T21:46:28.830+00:00,True,1478,1478.0,,1478.0,219.015891,178476.362451,178476.36252,120.75531970230041,0.01551,49360.238511,1282.7141987177872,88.410607,120.6887925253893,1283.1461001994237,8.281208669331656,2,3,,False,True,,7023,100.0
369,2026-09-13T21:43:33.998+00:00,2026-09-13T21:43:34.256+00:00,2026-09-13T21:46:07.383+00:00,True,1152,1152.0,,1152.0,257.396389,153385.065637,153385.06565899999,133.1467583845486,0.01502,53216.45987,1566.1930222984827,87.27575255000002,133.03880907732406,1566.8695373348703,7.51050954808283,2,3,,False,True,,1183,100.0
370,2026-09-13T21:43:37.419+00:00,2026-09-13T21:43:37.677+00:00,2026-09-13T21:46:19.210+00:00,True,1202,1202.0,,1202.0,257.875178,161790.44554599997,161790.44553,134.60103621464225,0.01581,54671.060811999996,1576.3943270702564,87.0679595,134.49839331223978,1577.0470006755718,7.429363309703288,2,3,,False,True,,5316,100.0
371,2026-09-13T21:43:42.733+00:00,2026-09-13T21:43:42.945+00:00,2026-09-13T21:46:46.583+00:00,True,1402,1402.0,,1402.0,211.669776,183849.719056,183849.718887,131.13389364265336,0.01566,61526.669134,1641.8600996591852,86.55504889999999,131.07640919343325,1642.444960272079,7.6257935405000845,2,3,,False,True,,5922,100.0
373,2026-09-13T21:43:52.217+00:00,2026-09-13T21:44:48.346+00:00,2026-09-13T21:46:20.054+00:00,True,1044,1044.0,,1044.0,56128.644340000006,147836.56498,147836.564946,141.60590512068967,0.015560000000000001,56128.644340000006,1735.6764940319915,86.91762949999999,87.92705718120806,66.15092378248225,7.0618523918033205,2,3,,False,True,,5545,100.0
372,2026-09-13T21:43:48.700+00:00,2026-09-13T21:44:48.349+00:00,2026-09-13T21:46:46.166+00:00,True,1369,1369.0,,1369.0,59648.445178999995,177466.174459,177466.174375,129.6319754382761,0.015439999999999999,59648.445178999995,1610.4297843905608,86.46491440000001,86.1240711111111,45.319092678040214,7.714146113609273,2,3,,False,True,,3077,100.0
374,2026-09-13T21:43:56.701+00:00,2026-09-13T21:44:50.928+00:00,2026-09-13T21:46:17.444+00:00,True,1013,1013.0,,1013.0,54227.018623,140742.941311,140742.941295,138.93676337117472,0.01542,54227.018623,1701.6874900340433,86.319719,85.49004218181818,45.333884638266504,7.197519041197039,2,3,,False,True,,5158,100.0
375,2026-09-13T21:44:01.800+00:00,2026-09-13T21:44:50.930+00:00,2026-09-13T21:46:26.503+00:00,True,1105,1105.0,,1105.0,49130.217953,144703.09116900002,144703.09123,130.95302373755655,0.015880000000000002,49130.217953,1476.1012240738958,86.61080679999999,86.5696315362319,46.40364946270793,7.636326156360133,2,3,,False,True,,4083,100.0
378,2026-09-13T21:44:12.181+00:00,2026-09-13T21:44:51.495+00:00,2026-09-13T21:46:37.330+00:00,True,1227,1227.0,,1227.0,39314.688193999995,145149.06540999998,145149.065355,118.29589678484108,0.016890000000000002,39314.688193999995,1120.7824403767947,86.13507729999999,86.32494063295269,44.57146944363519,8.453378576941676,2,3,,False,True,,6555,100.0
376,2026-09-13T21:44:05.657+00:00,2026-09-13T21:44:51.495+00:00,2026-09-13T21:46:23.616+00:00,True,1070,1070.0,,1070.0,45838.257347000006,137958.92192300002,137958.921959,128.93357192429906,0.015210000000000001,45838.257347000006,1399.4313753212593,86.83356644999999,86.17461606735267,45.81324637124063,7.755931875121543,2,3,,False,True,,5933,100.0
377,2026-09-13T21:44:08.912+00:00,2026-09-13T21:44:51.496+00:00,2026-09-13T21:46:40.407+00:00,True,1262,1262.0,,1262.0,42583.874999,151494.929847,151494.929708,120.04352591759113,0.01564,42583.874999,1197.146012710895,86.4618895,86.3687984520222,45.47825653377647,8.330311788483865,2,3,,False,True,,6507,100.0
379,2026-09-13T21:44:16.762+00:00,2026-09-13T21:44:51.497+00:00,2026-09-13T21:46:19.028+00:00,True,1021,1021.0,,1021.0,34735.624824,122266.53247199999,122266.53242,119.75174575905974,0.01542,34735.624824,1085.5670853314768,86.223345,85.81461534117646,50.43075101459954,8.350608947168901,2,3,,False,True,,5366,100.0
380,2026-09-13T21:44:22.496+00:00,2026-09-13T21:44:52.203+00:00,2026-09-13T21:46:18.955+00:00,True,1019,1019.0,,1019.0,29707.223906,116458.74236999999,116458.742553,114.28728415407262,0.01558,29707.223906,929.0165997043844,86.43634700000001,85.2176016345776,44.401186539859076,8.749879822354123,2,3,,False,True,,4167,100.0
381,2026-09-13T21:44:26.753+00:00,2026-09-13T21:44:52.204+00:00,2026-09-13T21:46:43.825+00:00,True,1302,1302.0,,1302.0,25450.781207,137072.488983,137072.48898,105.27840935483871,0.01583,25450.781207,704.3820700557994,86.3870075,85.79685455495772,44.791853678701386,9.498623754920484,2,3,,False,True,,3158,100.0
382,2026-09-13T21:44:31.134+00:00,2026-09-13T21:44:52.442+00:00,2026-09-13T21:46:45.815+00:00,True,1322,1322.0,,1322.0,21308.174195,134681.663859,134681.663822,101.87720410136157,0.015529999999999999,21308.174195,585.5320956499796,86.32327850000001,85.82398914761545,46.50291970507894,9.815738550601953,2,3,,False,True,,5085,100.0
384,2026-09-13T21:44:41.507+00:00,2026-09-13T21:44:52.443+00:00,2026-09-13T21:46:39.542+00:00,True,1202,1202.0,,1202.0,10936.563597999999,118035.209358,118035.20931,98.1990094093178,0.01542,10936.563597999999,325.98163304108976,85.68948295,89.17455933388842,91.53841372475576,10.18340210974119,2,3,,False,True,,4152,100.0
383,2026-09-13T21:44:35.830+00:00,2026-09-13T21:44:52.445+00:00,2026-09-13T21:46:55.647+00:00,True,1472,1472.0,,1472.0,16614.634002,139816.842258,139816.84216,94.98426777173913,0.01591,16614.634002,434.02575024736745,86.10366695,83.75405047994562,52.2956554763943,10.528059254004328,2,3,,False,True,,7967,100.0
385,2026-09-13T21:44:47.393+00:00,2026-09-13T21:44:53.443+00:00,2026-09-13T21:47:02.755+00:00,True,1453,1453.0,,1453.0,6050.353167,135362.514703,135362.514926,93.16071226841018,0.01524,6050.353167,248.22073772325595,85.17254700000001,89.05796249035814,192.8248964079041,10.734138643833852,2,3,,False,True,,6759,100.0
386,2026-09-13T21:44:53.121+00:00,2026-09-13T21:44:58.723+00:00,2026-09-13T21:47:06.140+00:00,True,1245,1245.0,,1245.0,5602.603406,133019.060622,133019.060529,106.84261889879518,0.015380000000000001,17028.695296,623.1844359010247,84.86543400000001,102.42480483601285,603.6165687658884,9.359560909379102,2,3,,False,True,,7458,100.0
387,2026-09-13T21:44:57.193+00:00,2026-09-13T21:44:58.724+00:00,2026-09-13T21:47:09.677+00:00,True,1284,1284.0,,1284.0,1530.81107,132483.920574,132483.920525,103.18062346183801,0.01489,31902.817956,894.263277418627,84.68263214999999,102.06789517069367,893.7223093572508,9.691742170951313,2,3,,False,True,,1350,100.0
388,2026-09-13T21:45:01.469+00:00,2026-09-13T21:45:03.229+00:00,2026-09-13T21:47:18.018+00:00,True,1411,1411.0,,1411.0,1759.72815,136548.82895,136548.828917,96.77450667399008,0.015439999999999999,35574.128709,947.81158887756,84.32399450000001,95.5951069503546,947.1115691335224,10.333299896088198,2,3,,False,True,,4638,100.0
389,2026-09-13T21:45:07.252+00:00,2026-09-13T21:45:07.488+00:00,2026-09-13T21:47:24.704+00:00,True,1397,1397.0,,1397.0,235.554495,137452.414143,137452.41418,98.39113398711525,0.01542,45156.694468,1210.7385316082039,83.02818800000001,98.29287940401146,1211.1668335961938,10.163517379524649,2,3,,False,True,,5603,100.0
390,2026-09-13T21:45:10.739+00:00,2026-09-13T21:45:11.004+00:00,2026-09-13T21:47:15.595+00:00,True,1064,1064.0,,1064.0,265.084452,124856.263972,124856.264109,117.3461128843985,0.01656,52519.823903,1609.8399319401683,83.43456530000002,117.20713031044215,1610.5913024399488,8.521799116451302,2,3,,False,True,,4908,100.0
391,2026-09-13T21:45:14.706+00:00,2026-09-13T21:45:14.982+00:00,2026-09-13T21:47:17.851+00:00,True,1000,1000.0,,1000.0,275.988579,123145.255011,123145.254976,123.145254976,0.01678,54477.933228,1728.4090368275279,82.94095650000001,122.99225869069069,1729.267984414036,8.120491527754558,2,3,,False,True,,4678,100.0
