request_idx,request_sent_at_utc,first_token_at_utc,full_response_received_at_utc,successful_request,records_in_request,response_token_count,input_token_count,output_token_count,first_token_ms,request_duration_ms,token_generation_duration_sum_ms,token_generation_duration_avg_ms,token_generation_duration_min_ms,token_generation_duration_max_ms,token_generation_duration_stdev_ms,token_generation_duration_p95_ms,inter_token_interval_avg_ms,inter_token_interval_stdev_ms,tokens_per_second,worker_idx,exp_num_users,workload_profile,exclude,consistent,error,response_char_count,success_rate
0,2026-09-25T23:06:31.941+00:00,2026-09-25T23:06:32.167+00:00,2026-09-25T23:06:34.291+00:00,True,68,68.0,,68.0,226.435408,2350.568272,2350.568269,34.567180426470586,29.191023,226.435408,23.626123658040584,33.0421,31.70347558208955,0.7396459358555967,28.92917462131047,0,18,600-1000:1-100,False,True,,331,99.61977186311786
1,2026-09-25T23:06:36.941+00:00,2026-09-25T23:06:37.037+00:00,2026-09-25T23:06:39.800+00:00,True,88,88.0,,88.0,96.23746000000001,2859.3220039999997,2859.32213,32.49229693181818,30.420875,96.23746000000001,7.0598060545422605,33.489310499999995,31.759592459770115,1.6210808333682292,30.77652669999878,0,18,600-1000:1-100,False,True,,432,99.61977186311786
2,2026-09-25T23:06:42.051+00:00,2026-09-25T23:06:42.166+00:00,2026-09-25T23:06:58.389+00:00,True,493,493.0,,493.0,115.031201,16338.207905,16338.207863,33.14038106085193,0.016190000000000003,391.450916,17.698988669981713,35.248704,32.9739363902439,17.32646311405974,30.174668046005625,0,18,100-300:300-600,False,True,,2516,99.61977186311786
3,2026-09-25T23:06:46.913+00:00,2026-09-25T23:06:47.010+00:00,2026-09-25T23:06:49.732+00:00,True,82,82.0,,82.0,96.65342999999999,2818.462326,2818.462383,34.371492475609756,30.703845,96.65342999999999,8.374738466948747,36.49711595,33.602578962962966,4.682551374451914,29.09387833342996,0,18,1-100:1-100,False,True,,123,99.61977186311786
4,2026-09-25T23:06:52.108+00:00,2026-09-25T23:06:52.244+00:00,2026-09-25T23:06:52.916+00:00,True,21,21.0,,21.0,136.091976,808.472904,808.472922,38.49871057142857,32.677877,136.091976,22.373973861094232,36.283561,33.6190464,0.7686969128217741,25.97489649449031,0,18,1-100:1-100,False,True,,89,99.61977186311786
5,2026-09-25T23:06:55.055+00:00,2026-09-25T23:06:55.531+00:00,2026-09-25T23:06:57.116+00:00,True,48,48.0,,48.0,476.761764,2061.675684,2061.6759,42.95158125,31.655206,476.761764,63.95446562183714,35.45483115,33.72157276595745,0.9648299055883692,23.282032364504524,0,18,600-1000:1-100,False,True,,223,99.61977186311786
6,2026-09-25T23:07:00.111+00:00,2026-09-25T23:07:00.207+00:00,2026-09-25T23:07:01.155+00:00,True,30,30.0,,30.0,95.26096799999999,1043.590952,1043.590949,34.78636496666667,30.864095000000002,95.26096799999999,11.518795204866146,36.266152549999994,32.70103393103448,1.5178481939402129,28.746895459860216,0,18,1-100:1-100,False,True,,129,99.61977186311786
7,2026-09-25T23:07:04.946+00:00,2026-09-25T23:07:05.030+00:00,2026-09-25T23:07:07.113+00:00,True,66,66.0,,66.0,83.773466,2166.699034,2166.69911,32.82877439393939,30.970626,83.773466,6.419706344153383,33.995889,32.04500873846154,0.824723528426009,30.46108341044287,0,18,1-100:1-100,False,True,,322,99.61977186311786
8,2026-09-25T23:07:08.198+00:00,2026-09-25T23:07:08.306+00:00,2026-09-25T23:07:24.634+00:00,True,502,502.0,,502.0,107.964283,16435.475579,16435.475614,32.73999126294821,30.305795,107.964283,4.846399240946295,35.33550045,32.58984290618763,3.492067127754881,30.543685674749646,0,18,100-300:300-600,False,True,,2186,99.61977186311786
9,2026-09-25T23:07:12.125+00:00,2026-09-25T23:07:12.228+00:00,2026-09-25T23:07:14.019+00:00,True,56,56.0,,56.0,103.300398,1894.613294,1894.61345,33.83238303571429,30.910005,103.300398,9.521655297044363,35.483948500000004,32.56932538181818,1.1615628947966725,29.55748287914209,0,18,1-100:1-100,False,True,,66,99.61977186311786
10,2026-09-25T23:07:15.559+00:00,2026-09-25T23:07:15.636+00:00,2026-09-25T23:07:17.353+00:00,True,54,54.0,,54.0,77.116287,1794.5337590000001,1794.533705,33.23210564814815,30.834025,77.116287,6.19232612738153,35.7246425,32.40410324528302,1.1612715304630674,30.09138152412991,0,18,1-100:1-100,False,True,,147,99.61977186311786
11,2026-09-25T23:07:18.827+00:00,2026-09-25T23:07:18.907+00:00,2026-09-25T23:07:21.469+00:00,True,80,80.0,,80.0,79.85160099999999,2642.4804649999996,2642.480402,33.031005025,30.261815,79.85160099999999,6.092061925255901,34.42106005,32.43834005063291,3.0213521437391786,30.274585208712228,0,18,1-100:1-100,False,True,,80,99.61977186311786
12,2026-09-25T23:07:23.965+00:00,2026-09-25T23:07:24.050+00:00,2026-09-25T23:07:24.081+00:00,True,2,2.0,,2.0,85.04221700000001,116.45085700000001,116.45081300000001,58.225406500000005,31.408596000000003,85.04221700000001,37.92469710868922,82.36053595000001,31.40864,nan,17.17462671829027,0,18,1-100:1-100,False,True,,2,99.61977186311786
13,2026-09-25T23:07:28.593+00:00,2026-09-25T23:07:28.680+00:00,2026-09-25T23:07:29.068+00:00,True,12,12.0,,12.0,86.785369,475.306073,475.30618200000004,39.6088485,30.611955000000002,86.785369,16.01388209794741,65.37174875000001,35.320064,6.268491799002628,25.24688970258539,0,18,1-100:1-100,False,True,,36,99.61977186311786
14,2026-09-25T23:07:32.012+00:00,2026-09-25T23:07:32.097+00:00,2026-09-25T23:07:35.488+00:00,True,100,100.0,,100.0,85.387987,3476.331731,3476.331643,34.763316429999996,30.743185,114.51558100000001,9.666878456269247,35.82331155,34.251957010101016,8.245396546590356,28.765954384691028,0,18,1-100:1-100,False,True,,402,99.61977186311786
15,2026-09-25T23:07:35.812+00:00,2026-09-25T23:07:35.894+00:00,2026-09-25T23:08:17.617+00:00,True,1203,1203.0,,1203.0,82.650995,41805.565043,41805.565043,34.75109313632585,21.592054,114.16844999999999,3.5795887727903595,37.735084,34.711242968386024,3.3033569421061015,28.77607320371412,0,18,1-100:1000-1500,False,True,,1203,99.61977186311786
16,2026-09-25T23:07:41.162+00:00,2026-09-25T23:07:41.263+00:00,2026-09-25T23:07:41.365+00:00,True,4,4.0,,4.0,101.109775,202.695183,202.695001,50.67375025,32.333287,101.109775,33.641716255778704,91.16476075,33.86180266666666,1.3364124249008362,19.734065411904734,0,18,1-100:1-100,False,True,,18,99.61977186311786
17,2026-09-25T23:07:46.530+00:00,2026-09-25T23:07:46.612+00:00,2026-09-25T23:08:26.708+00:00,True,1148,1148.0,,1148.0,81.84217299999999,40178.467581,40178.467714,34.99866525609756,31.413735,114.57553,3.9206476789040092,38.22752515,34.95782511595467,3.669934660319158,28.572518294422903,0,18,1-100:1000-1500,False,True,,2868,99.61977186311786
18,2026-09-25T23:07:50.033+00:00,2026-09-25T23:07:50.119+00:00,2026-09-25T23:07:53.158+00:00,True,86,86.0,,86.0,85.53393799999999,3124.196594,3124.196681,36.32786838372093,30.733455000000003,114.26512,10.214154556511398,38.65391475,35.74897242352941,8.741139061087088,27.5270769340068,0,18,1-100:1-100,False,True,,359,99.61977186311786
19,2026-09-25T23:07:53.717+00:00,2026-09-25T23:07:53.811+00:00,2026-09-25T23:07:56.055+00:00,True,65,65.0,,65.0,93.532596,2337.276084,2337.276234,35.95809590769231,31.712795999999997,93.532596,7.888742262604769,37.9571636,35.058492,3.1275715857383206,27.810150647141093,0,18,600-1000:1-100,False,True,,238,99.61977186311786
20,2026-09-25T23:07:58.259+00:00,2026-09-25T23:07:58.354+00:00,2026-09-25T23:08:00.086+00:00,True,51,51.0,,51.0,95.629099,1827.587371,1827.587183,35.83504280392157,32.346437,95.629099,8.690189350144497,39.045049500000005,34.63916544,1.6234057831279876,27.905642602517194,0,18,1-100:1-100,False,True,,51,99.61977186311786
21,2026-09-25T23:08:02.828+00:00,2026-09-25T23:08:02.927+00:00,2026-09-25T23:08:16.805+00:00,True,398,398.0,,398.0,99.57826399999999,13976.962968,13976.962852,35.11799711557789,31.520696,99.57826399999999,3.5767448996504925,38.06997265,34.95562897732998,1.5186206545616134,28.475427810119673,0,18,100-300:300-600,False,True,,1701,99.61977186311786
22,2026-09-25T23:08:06.990+00:00,2026-09-25T23:08:07.084+00:00,2026-09-25T23:08:09.647+00:00,True,74,74.0,,74.0,94.42241800000001,2657.7161140000003,2657.71602,35.915081351351354,32.593757000000004,94.42241800000001,7.156388625090918,39.32082305,35.1136122739726,1.9315334286156431,27.84345536763374,0,18,1-100:1-100,False,True,,74,99.61977186311786
23,2026-09-25T23:08:09.937+00:00,2026-09-25T23:08:10.050+00:00,2026-09-25T23:08:12.082+00:00,True,59,59.0,,59.0,113.421769,2145.6979929999998,2145.6980360000002,36.3677633220339,31.677225999999997,113.421769,10.293564760311206,38.483123000000006,35.03924524137931,1.3626757985556357,27.49687989291977,0,18,1-100:1-100,False,True,,159,99.61977186311786
24,2026-09-25T23:08:13.725+00:00,2026-09-25T23:08:13.802+00:00,2026-09-25T23:08:17.226+00:00,True,99,99.0,,99.0,77.13784799999999,3500.6222639999996,3500.6220710000002,35.3598188989899,32.044607,77.13784799999999,4.468774531858042,37.747165100000004,34.933514448979594,1.4136226696188239,28.28068627058244,0,18,1-100:1-100,False,True,,134,99.61977186311786
25,2026-09-25T23:08:18.807+00:00,2026-09-25T23:08:18.913+00:00,2026-09-25T23:08:21.693+00:00,True,83,83.0,,83.0,105.86038,2885.567516,2885.567484,34.76587330120482,31.632786,105.86038,9.316669876808316,38.1299109,33.898867512195125,4.97098465157362,28.763839189268168,0,18,600-1000:1-100,False,True,,386,99.61977186311786
26,2026-09-25T23:08:23.108+00:00,2026-09-25T23:08:23.228+00:00,2026-09-25T23:08:24.179+00:00,True,28,28.0,,28.0,119.998312,1071.706216,1071.706281,38.275224321428574,33.186012999999996,119.998312,16.089174141342607,40.245742150000005,35.24844088888889,1.559584352544202,26.126563028164803,0,18,600-1000:1-100,False,True,,95,99.61977186311786
27,2026-09-25T23:08:28.280+00:00,2026-09-25T23:08:28.389+00:00,2026-09-25T23:08:28.740+00:00,True,11,11.0,,11.0,109.188941,460.549709,460.549719,41.86815627272727,33.711604,109.188941,22.339554356996896,72.565494,35.1360768,0.7644887561118942,23.88450103222191,0,18,600-1000:1-100,False,True,,44,99.61977186311786
28,2026-09-25T23:08:31.866+00:00,2026-09-25T23:08:31.976+00:00,2026-09-25T23:08:33.667+00:00,True,52,52.0,,52.0,110.696753,1800.874545,1800.874744,34.63220661538462,0.02879,110.696753,14.609749968702536,45.41044485,33.140741019607844,9.986387834150655,28.87485979763238,0,18,1-100:1-100,False,True,,52,99.61977186311786
0,2026-09-25T23:06:31.941+00:00,2026-09-25T23:06:32.167+00:00,2026-09-25T23:06:34.534+00:00,True,76,76.0,,76.0,226.25354800000002,2592.28542,2592.285444,34.109019,29.291893,226.25354800000002,22.35017839496823,33.054353,31.547091626666663,0.8463294843177734,29.31775930753798,1,18,600-1000:1-100,False,True,,312,99.61977186311786
1,2026-09-25T23:06:37.611+00:00,2026-09-25T23:06:37.702+00:00,2026-09-25T23:06:40.114+00:00,True,77,77.0,,77.0,91.472125,2503.466749,2503.466914,32.51255732467533,30.425985,91.472125,7.026085815996543,33.6631902,31.736771368421053,1.7505554910785002,30.757348796726518,1,18,1-100:1-100,False,True,,238,99.61977186311786
2,2026-09-25T23:06:41.681+00:00,2026-09-25T23:06:41.768+00:00,2026-09-25T23:06:43.400+00:00,True,51,51.0,,51.0,86.78136900000001,1719.086521,1719.086359,33.70757566666666,30.509054,86.78136900000001,8.639187808648758,41.320652,32.64610304,4.186008649983442,29.666918666974997,1,18,600-1000:1-100,False,True,,178,99.61977186311786
3,2026-09-25T23:06:46.951+00:00,2026-09-25T23:06:47.043+00:00,2026-09-25T23:06:47.406+00:00,True,12,12.0,,12.0,91.872074,455.136074,455.135938,37.92799483333333,31.529306000000002,91.872074,17.005289000743865,60.086701700000006,33.024,0.8044843155333733,26.36574133651291,1,18,1-100:1-100,False,True,,12,99.61977186311786
4,2026-09-25T23:06:51.167+00:00,2026-09-25T23:06:51.256+00:00,2026-09-25T23:06:52.951+00:00,True,51,51.0,,51.0,89.518122,1783.844394,1783.844503,34.97734319607843,30.798955000000003,89.518122,10.688201602317426,36.535572,33.88652544,7.39234762278395,28.589937649012228,1,18,1-100:1-100,False,True,,212,99.61977186311786
5,2026-09-25T23:06:56.614+00:00,2026-09-25T23:06:56.710+00:00,2026-09-25T23:06:59.876+00:00,True,95,95.0,,95.0,96.29474,3261.695316,3261.695417,34.333635968421056,30.581735000000002,96.29474,6.514290377775991,35.4056573,33.67447421276596,1.0824055002731792,29.125957760059524,1,18,1-100:1-100,False,True,,95,99.61977186311786
6,2026-09-25T23:07:00.188+00:00,2026-09-25T23:07:00.274+00:00,2026-09-25T23:07:00.502+00:00,True,8,8.0,,8.0,86.849949,314.581661,314.581828,39.3227285,31.510565,86.849949,19.217597971989903,68.26069615,32.53310171428571,0.7836390663831817,25.43059876589564,1,18,600-1000:1-100,False,True,,41,99.61977186311786
7,2026-09-25T23:07:04.063+00:00,2026-09-25T23:07:04.169+00:00,2026-09-25T23:07:04.169+00:00,True,1,1.0,,1.0,106.327852,106.327852,106.327852,106.327852,106.327852,106.327852,nan,106.327852,nan,nan,9.404873522696576,1,18,600-1000:1-100,False,True,,4,99.61977186311786
8,2026-09-25T23:07:09.459+00:00,2026-09-25T23:07:09.462+00:00,2026-09-25T23:07:09.462+00:00,False,1,0.0,,0.0,3.162053,3.162053,3.162053,3.162053,3.162053,3.162053,nan,3.162053,nan,nan,0.0,1,18,1-100:1-100,False,False,'choices',0,99.61977186311786
9,2026-09-25T23:07:12.669+00:00,2026-09-25T23:07:12.747+00:00,2026-09-25T23:07:12.847+00:00,True,4,4.0,,4.0,78.54901,178.60277,178.602894,44.6507235,32.266697,78.54901,22.635824702313283,72.04197099999999,33.35125333333333,1.5837946919336903,22.396069221098866,1,18,600-1000:1-100,False,True,,16,99.61977186311786
10,2026-09-25T23:07:17.482+00:00,2026-09-25T23:07:17.580+00:00,2026-09-25T23:07:19.773+00:00,True,69,69.0,,69.0,98.139771,2291.6081870000003,2291.608162,33.21171249275362,30.485045,98.139771,7.9849193497325635,34.5666976,32.25688847058824,0.9301106939872196,30.10985926452356,1,18,1-100:1-100,False,True,,268,99.61977186311786
11,2026-09-25T23:07:21.295+00:00,2026-09-25T23:07:21.373+00:00,2026-09-25T23:07:23.073+00:00,True,53,53.0,,53.0,78.63480899999999,1777.890361,1777.890396,33.545101811320755,30.862535,78.63480899999999,6.759712758751331,34.671611399999996,32.67799138461538,2.441017727576454,29.810612151690492,1,18,1-100:1-100,False,True,,103,99.61977186311786
12,2026-09-25T23:07:25.429+00:00,2026-09-25T23:07:25.506+00:00,2026-09-25T23:07:26.008+00:00,True,16,16.0,,16.0,77.012297,578.549321,578.549339,36.1593336875,31.138575,77.012297,11.047774795640944,48.13478975,33.435801600000005,1.900554632482574,27.655377716708095,1,18,1-100:1-100,False,True,,19,99.61977186311786
13,2026-09-25T23:07:30.213+00:00,2026-09-25T23:07:30.294+00:00,2026-09-25T23:07:30.525+00:00,True,8,8.0,,8.0,80.935402,311.83537,311.835255,38.979406875,32.281857,80.935402,16.961517212966992,64.46091109999999,32.98570971428571,0.5879409358764179,25.65456253407046,1,18,1-100:1-100,False,True,,26,99.61977186311786
14,2026-09-25T23:07:33.538+00:00,2026-09-25T23:07:33.620+00:00,2026-09-25T23:07:35.963+00:00,True,68,68.0,,68.0,81.673163,2424.683467,2424.683544,35.65711094117647,31.421686,115.422101,11.484657633229562,37.2231988,34.97030304477612,10.066490204075436,28.044897787889276,1,18,1-100:1-100,False,True,,292,99.61977186311786
15,2026-09-25T23:07:37.362+00:00,2026-09-25T23:07:37.453+00:00,2026-09-25T23:07:38.329+00:00,True,28,28.0,,28.0,91.71401399999999,967.215326,967.215382,34.543406499999996,31.046216,91.71401399999999,11.236657409872336,34.8431413,32.425974518518515,0.8672056918037369,28.949086358873515,1,18,1-100:1-100,False,True,,112,99.61977186311786
16,2026-09-25T23:07:40.467+00:00,2026-09-25T23:07:40.552+00:00,2026-09-25T23:07:41.633+00:00,True,33,33.0,,33.0,85.00251700000001,1166.412821,1166.41272,35.34584,31.760635999999998,85.00251700000001,8.948667660329328,35.273494,33.794072,0.7966649688304038,28.29187008739164,1,18,600-1000:1-100,False,True,,193,99.61977186311786
17,2026-09-25T23:07:44.216+00:00,2026-09-25T23:07:44.296+00:00,2026-09-25T23:07:47.260+00:00,True,88,88.0,,88.0,79.17067999999999,3043.6494000000002,3043.649289,34.586923738636365,31.075725,79.17067999999999,5.575820925195915,36.2191475,34.074468045977014,2.8412537246497527,28.912659914114943,1,18,1-100:1-100,False,True,,224,99.61977186311786
18,2026-09-25T23:07:48.774+00:00,2026-09-25T23:07:48.878+00:00,2026-09-25T23:07:51.101+00:00,True,63,63.0,,63.0,104.278538,2326.690058,2326.689962,36.9315866984127,32.879207,114.778091,13.347536898325968,37.6829439,35.84534709677419,10.272483306234161,27.077091675095815,1,18,1-100:1-100,False,True,,204,99.61977186311786
19,2026-09-25T23:07:53.661+00:00,2026-09-25T23:07:53.772+00:00,2026-09-25T23:07:56.055+00:00,True,66,66.0,,66.0,111.61159699999999,2394.714061,2394.713959,36.28354483333333,32.309687000000004,111.61159699999999,9.930206808153878,38.940589499999994,35.12465329230769,3.1819135644672305,27.560701745092395,1,18,1-100:1-100,False,True,,132,99.61977186311786
20,2026-09-25T23:07:58.533+00:00,2026-09-25T23:07:58.627+00:00,2026-09-25T23:08:01.300+00:00,True,78,78.0,,78.0,93.847537,2766.824689,2766.824753,35.47211221794872,32.621768,93.847537,6.828060127200925,37.00579095,34.71398898701299,1.3474183168730927,28.191160903725766,1,18,1-100:1-100,False,True,,81,99.61977186311786
21,2026-09-25T23:08:01.706+00:00,2026-09-25T23:08:01.805+00:00,2026-09-25T23:08:04.473+00:00,True,77,77.0,,77.0,98.876162,2766.81933,2766.819283,35.93271796103896,32.435947,98.876162,8.320388680979315,36.8860062,35.104515368421055,4.078221878955127,27.829789666822954,1,18,1-100:1-100,False,True,,187,99.61977186311786
22,2026-09-25T23:08:04.839+00:00,2026-09-25T23:08:04.925+00:00,2026-09-25T23:08:07.442+00:00,True,73,73.0,,73.0,86.44538800000001,2602.867276,2602.867377,35.65571749315068,33.240608,86.44538800000001,6.235364879916826,38.667438000000004,34.950304,1.6094910333770858,28.045993997889887,1,18,600-1000:1-100,False,True,,147,99.61977186311786
23,2026-09-25T23:08:09.066+00:00,2026-09-25T23:08:09.163+00:00,2026-09-25T23:08:10.438+00:00,True,37,37.0,,37.0,96.966511,1371.1468630000002,1371.146943,37.058025486486486,33.423158,96.966511,10.312155310377596,40.486642,35.393898666666665,1.9966933252091712,26.9847096605289,1,18,600-1000:1-100,False,True,,125,99.61977186311786
24,2026-09-25T23:08:13.531+00:00,2026-09-25T23:08:13.627+00:00,2026-09-25T23:08:16.502+00:00,True,83,83.0,,83.0,96.10816899999999,2971.120777,2971.120946,35.79663790361446,33.307588,96.10816899999999,6.8081947436625905,38.3101658,35.06112936585366,1.2120022244848134,27.935586005967338,1,18,600-1000:1-100,False,True,,278,99.61977186311786
25,2026-09-25T23:08:18.255+00:00,2026-09-25T23:08:18.331+00:00,2026-09-25T23:08:18.570+00:00,True,8,8.0,,8.0,75.804586,314.720682,314.720599,39.340074875,32.129926,75.804586,14.8394616414739,62.36380795,34.13087085714286,1.90855681971164,25.419365353307157,1,18,1-100:1-100,False,True,,26,99.61977186311786
26,2026-09-25T23:08:23.276+00:00,2026-09-25T23:08:23.373+00:00,2026-09-25T23:08:24.496+00:00,True,33,33.0,,33.0,96.763329,1219.9121289999998,1219.911942,36.967028545454546,33.461835,96.763329,10.794694786764492,38.339320799999996,35.0984,1.1567580807681663,27.05112869649975,1,18,1-100:1-100,False,True,,155,99.61977186311786
27,2026-09-25T23:08:28.675+00:00,2026-09-25T23:08:28.779+00:00,2026-09-25T23:08:29.621+00:00,True,25,25.0,,25.0,103.669876,945.742196,945.742273,37.82969092,33.49862400000001,103.669876,13.819766246109983,40.684165400000005,35.086346666666664,1.72084213108195,26.434265178964267,1,18,1-100:1-100,False,True,,28,99.61977186311786
0,2026-09-25T23:06:31.943+00:00,2026-09-25T23:06:31.987+00:00,2026-09-25T23:06:33.473+00:00,True,44,44.0,,44.0,43.440879,1530.344943,1530.345154,34.78057168181818,27.049301,153.493525,18.431681743724933,33.67583665,34.579164279069765,18.600761084169932,28.75168778206627,2,18,1-100:1-100,False,True,,46,99.61977186311786
1,2026-09-25T23:06:36.103+00:00,2026-09-25T23:06:36.202+00:00,2026-09-25T23:06:37.766+00:00,True,50,50.0,,50.0,98.071402,1662.074474,1662.074525,33.2414905,29.668703,98.071402,9.98485434523511,33.7022125,31.918430040816325,3.525147237345803,30.08288785018667,2,18,1-100:1-100,False,True,,215,99.61977186311786
2,2026-09-25T23:06:39.666+00:00,2026-09-25T23:06:39.767+00:00,2026-09-25T23:06:40.752+00:00,True,32,32.0,,32.0,101.438795,1086.395979,1086.395968,33.949874,30.264024000000003,101.438795,12.348570609622692,34.32269945,31.772812387096774,0.9205201681874466,29.455190021464542,2,18,600-1000:1-100,False,True,,137,99.61977186311786
3,2026-09-25T23:06:43.390+00:00,2026-09-25T23:06:43.467+00:00,2026-09-25T23:06:44.732+00:00,True,40,40.0,,40.0,77.118608,1342.51048,1342.5106,33.562765,30.739335,77.118608,7.598828617827379,35.291909249999996,32.445945435897436,2.8386284927830885,29.794925697712248,2,18,600-1000:1-100,False,True,,229,99.61977186311786
4,2026-09-25T23:06:46.770+00:00,2026-09-25T23:06:46.849+00:00,2026-09-25T23:06:48.552+00:00,True,52,52.0,,52.0,79.24414,1781.439852,1781.439861,34.25845886538462,30.412165,79.24414,8.440303438155242,36.143739450000005,33.37638650980392,5.603186347068572,29.1898712951887,2,18,1-100:1-100,False,True,,52,99.61977186311786
5,2026-09-25T23:06:51.841+00:00,2026-09-25T23:06:51.930+00:00,2026-09-25T23:06:54.194+00:00,True,68,68.0,,68.0,89.170952,2352.953864,2352.954012,34.60226488235294,30.979785,89.170952,9.235159157174483,35.5962925,33.787804656716425,6.386672903517595,28.899844166260284,2,18,600-1000:1-100,False,True,,314,99.61977186311786
6,2026-09-25T23:06:55.415+00:00,2026-09-25T23:06:55.531+00:00,2026-09-25T23:06:58.726+00:00,True,96,96.0,,96.0,116.405362,3311.054194,3311.0541240000002,34.490147125,31.477036000000002,116.405362,8.501833367883963,35.284000750000004,33.62788244210526,0.9563383139714744,28.99378698601875,2,18,1-100:1-100,False,True,,328,99.61977186311786
7,2026-09-25T23:06:59.221+00:00,2026-09-25T23:06:59.297+00:00,2026-09-25T23:07:01.022+00:00,True,53,53.0,,53.0,75.544887,1801.069623,1801.069673,33.982446660377356,31.010035,75.544887,5.993675164841772,35.925241,33.183168,1.4511516396447366,29.426957916107167,2,18,1-100:1-100,False,True,,53,99.61977186311786
8,2026-09-25T23:07:03.802+00:00,2026-09-25T23:07:03.880+00:00,2026-09-25T23:07:05.892+00:00,True,64,64.0,,64.0,77.795859,2089.577747,2089.577722,32.64965190625,30.756095000000002,77.795859,5.787696351876023,33.924851350000004,31.93304584126984,0.8012589836432857,30.628197535068793,2,18,1-100:1-100,False,True,,260,99.61977186311786
9,2026-09-25T23:07:07.405+00:00,2026-09-25T23:07:07.511+00:00,2026-09-25T23:07:07.768+00:00,True,9,9.0,,9.0,105.66138000000001,363.20608400000003,363.206134,40.35623711111111,31.255456,105.66138000000001,24.49823948619318,76.6308752,32.193088,0.7023599256514731,24.779320601909298,2,18,1-100:1-100,False,True,,22,99.61977186311786
10,2026-09-25T23:07:10.960+00:00,2026-09-25T23:07:11.059+00:00,2026-09-25T23:07:11.338+00:00,True,9,9.0,,9.0,99.244883,377.982803,377.98293,41.99810333333333,30.710955000000002,99.244883,22.259515294820186,79.5776726,34.84224,6.291033814703772,23.810607066163275,2,18,600-1000:1-100,False,True,,23,99.61977186311786
11,2026-09-25T23:07:15.714+00:00,2026-09-25T23:07:15.797+00:00,2026-09-25T23:07:17.644+00:00,True,58,58.0,,58.0,83.959696,1930.5373599999998,1930.537401,33.285127603448274,30.777675,83.959696,6.882088547046414,35.66051465,32.396099368421055,1.244517621995834,30.043448628209923,2,18,600-1000:1-100,False,True,,211,99.61977186311786
12,2026-09-25T23:07:19.130+00:00,2026-09-25T23:07:19.228+00:00,2026-09-25T23:07:21.921+00:00,True,84,84.0,,84.0,97.71620200000001,2790.755306,2790.755241,33.22327667857143,30.720544999999998,97.71620200000001,7.707460617967815,34.295025,32.44625426506024,2.965557271626244,30.099378408205023,2,18,600-1000:1-100,False,True,,413,99.61977186311786
13,2026-09-25T23:07:22.725+00:00,2026-09-25T23:07:22.846+00:00,2026-09-25T23:07:35.218+00:00,True,376,376.0,,376.0,121.01949800000001,12492.57073,12492.57079,33.224922313829786,30.201025,121.01949800000001,6.572592810485638,35.61088525,32.99080328533333,4.759210219291401,30.097888427164424,2,18,100-300:300-600,False,True,,1963,99.61977186311786
14,2026-09-25T23:07:26.867+00:00,2026-09-25T23:07:26.965+00:00,2026-09-25T23:07:27.253+00:00,True,10,10.0,,10.0,98.747293,386.568349,386.568371,38.6568371,30.674485,98.747293,21.133957886077233,69.5415037,31.980117333333332,0.9828418133555369,25.868646581823487,2,18,1-100:1-100,False,True,,13,99.61977186311786
15,2026-09-25T23:07:31.289+00:00,2026-09-25T23:07:31.397+00:00,2026-09-25T23:07:42.152+00:00,True,319,319.0,,319.0,108.144604,10863.107804,10863.107793,34.05362944514106,22.737455999999998,115.20644100000001,6.519316774214253,35.976702,33.82063899371069,5.026342608722662,29.36544548352344,2,18,100-300:300-600,False,True,,1242,99.61977186311786
16,2026-09-25T23:07:34.533+00:00,2026-09-25T23:07:34.627+00:00,2026-09-25T23:07:37.419+00:00,True,82,82.0,,82.0,94.57471799999999,2885.920894,2885.9208,35.19415609756098,30.696945,115.823182,11.311068412069757,35.704660950000005,34.46106390123457,9.215181398674211,28.41380724277053,2,18,1-100:1-100,False,True,,347,99.61977186311786
17,2026-09-25T23:07:38.619+00:00,2026-09-25T23:07:38.699+00:00,2026-09-25T23:07:42.017+00:00,True,98,98.0,,98.0,79.91138099999999,3398.649813,3398.6496740000002,34.68009871428571,21.669134999999997,79.91138099999999,5.631404289249099,36.40026015,34.21379826804124,3.2422481343319434,28.834980180995775,2,18,1-100:1-100,False,True,,420,99.61977186311786
18,2026-09-25T23:07:41.824+00:00,2026-09-25T23:07:41.915+00:00,2026-09-25T23:08:00.261+00:00,True,529,529.0,,529.0,90.69207399999999,18437.264874,18437.264996,34.85305292249527,31.183596,113.57853999999999,4.765451917626423,37.96947359999999,34.74729696969697,4.101817503786565,28.6918913198448,2,18,100-300:300-600,False,True,,1526,99.61977186311786
19,2026-09-25T23:07:46.418+00:00,2026-09-25T23:07:46.508+00:00,2026-09-25T23:07:49.807+00:00,True,97,97.0,,97.0,89.658742,3389.093238,3389.093293,34.93910611340206,32.729037,89.658742,5.713093158876563,36.41941800000001,34.369109333333334,1.0660225039273565,28.621224967313807,2,18,600-1000:1-100,False,True,,389,99.61977186311786
20,2026-09-25T23:07:50.210+00:00,2026-09-25T23:07:50.308+00:00,2026-09-25T23:07:51.793+00:00,True,44,44.0,,44.0,98.43731299999999,1583.0888329999998,1583.088725,35.97928920454545,33.018826999999995,98.43731299999999,9.664353813265055,36.190423,34.52677953488372,0.763182529390339,27.793765632607432,2,18,1-100:1-100,False,True,,173,99.61977186311786
21,2026-09-25T23:07:53.359+00:00,2026-09-25T23:07:53.488+00:00,2026-09-25T23:08:13.555+00:00,True,573,573.0,,573.0,128.583877,20195.321029000002,20195.32096,35.2448882373473,31.684116000000003,128.583877,4.610822340004216,38.607721999999995,35.0817083076923,2.452044259991799,28.372908713715695,2,18,100-300:300-600,False,True,,1869,99.61977186311786
22,2026-09-25T23:07:57.231+00:00,2026-09-25T23:07:57.323+00:00,2026-09-25T23:07:59.526+00:00,True,64,64.0,,64.0,92.69983599999999,2295.7728599999996,2295.772907,35.871451671875,31.783076,92.69983599999999,7.499691604347152,40.1345805,34.96941307936508,2.058559838134663,27.877322323603046,2,18,1-100:1-100,False,True,,109,99.61977186311786
23,2026-09-25T23:08:02.668+00:00,2026-09-25T23:08:02.770+00:00,2026-09-25T23:08:04.474+00:00,True,50,50.0,,50.0,101.992406,1805.64527,1805.645248,36.11290496,32.832178,101.992406,9.948691871673544,36.9165481,34.76842579591837,2.9621416128430975,27.690931785289145,2,18,1-100:1-100,False,True,,296,99.61977186311786
24,2026-09-25T23:08:06.623+00:00,2026-09-25T23:08:06.732+00:00,2026-09-25T23:08:08.919+00:00,True,63,63.0,,63.0,108.784064,2295.681984,2295.682107,36.43939852380952,32.003556,108.784064,9.531308804784784,41.862776000000004,35.27254709677419,2.269814144312338,27.442825460619204,2,18,1-100:1-100,False,True,,261,99.61977186311786
25,2026-09-25T23:08:11.935+00:00,2026-09-25T23:08:12.012+00:00,2026-09-25T23:08:14.218+00:00,True,64,64.0,,64.0,76.583297,2283.051137,2283.051152,35.67267425,33.269738,76.583297,5.32941875019197,37.38584349999999,35.02329904761905,1.1989763772986148,28.032661626711523,2,18,1-100:1-100,False,True,,107,99.61977186311786
26,2026-09-25T23:08:16.960+00:00,2026-09-25T23:08:17.048+00:00,2026-09-25T23:08:18.779+00:00,True,50,50.0,,50.0,88.697711,1819.654767,1819.654834,36.39309668,32.247327,88.697711,8.577384956417037,41.12146305,35.32565420408163,4.116536939024764,27.477739682694438,2,18,600-1000:1-100,False,True,,257,99.61977186311786
27,2026-09-25T23:08:21.060+00:00,2026-09-25T23:08:21.152+00:00,2026-09-25T23:08:24.497+00:00,True,97,97.0,,97.0,91.97549400000001,3436.37895,3436.379111,35.426588773195874,31.326236,91.97549400000001,6.635001086910411,39.127224000000005,34.837536,3.2365334657324176,28.22738743641763,2,18,600-1000:1-100,False,True,,389,99.61977186311786
28,2026-09-25T23:08:24.905+00:00,2026-09-25T23:08:25.003+00:00,2026-09-25T23:08:27.073+00:00,True,60,60.0,,60.0,98.16404,2168.784712,2168.784809,36.14641348333333,31.733511999999997,98.16404,9.416749711015958,38.790948050000004,35.09526562711865,4.7714271876100485,27.665263254585312,2,18,1-100:1-100,False,True,,90,99.61977186311786
29,2026-09-25T23:08:29.647+00:00,2026-09-25T23:08:29.727+00:00,2026-09-25T23:08:33.014+00:00,True,96,96.0,,96.0,79.282291,3366.677619,3366.677579,35.06955811458333,17.840457999999998,79.282291,6.098811057570257,38.461181499999995,34.60416134736842,4.0714658786105415,28.51475872183888,2,18,1-100:1-100,False,True,,352,99.61977186311786
0,2026-09-25T23:06:31.945+00:00,2026-09-25T23:06:32.167+00:00,2026-09-25T23:06:34.443+00:00,True,73,73.0,,73.0,222.621544,2498.100072,2498.099967,34.22054749315068,28.906322,222.621544,22.372125431389644,33.163588,31.603868444444444,0.8302593723610575,29.222208036508153,3,18,600-1000:1-100,False,True,,313,99.61977186311786
1,2026-09-25T23:06:36.105+00:00,2026-09-25T23:06:36.201+00:00,2026-09-25T23:06:37.510+00:00,True,42,42.0,,42.0,96.06142999999999,1404.521974,1404.521811,33.4409955,29.405914,96.06142999999999,10.637834310210492,34.379855899999995,31.91367180487805,3.9457171646693534,29.90341253286793,3,18,600-1000:1-100,False,True,,136,99.61977186311786
2,2026-09-25T23:06:39.514+00:00,2026-09-25T23:06:39.606+00:00,2026-09-25T23:06:40.241+00:00,True,21,21.0,,21.0,92.602716,726.84374,726.843599,34.61159995238095,30.027595,92.602716,13.327091063614551,34.425159,31.712051199999998,1.0540341123121406,28.892042187774774,3,18,1-100:1-100,False,True,,37,99.61977186311786
3,2026-09-25T23:06:42.482+00:00,2026-09-25T23:06:42.583+00:00,2026-09-25T23:06:43.432+00:00,True,27,27.0,,27.0,100.349744,949.41624,949.416342,35.163568222222224,30.639335,100.349744,13.841898693549505,49.1403035,32.65640369230769,4.770296332316061,28.438527657795277,3,18,1-100:1-100,False,True,,92,99.61977186311786
4,2026-09-25T23:06:46.067+00:00,2026-09-25T23:06:46.174+00:00,2026-09-25T23:06:48.261+00:00,True,64,64.0,,64.0,106.318971,2193.219963,2193.21989,34.26906078125,30.746845,106.318971,10.38643560745195,34.85978585,33.12541257142857,4.955816497156648,29.180839623791073,3,18,600-1000:1-100,False,True,,161,99.61977186311786
5,2026-09-25T23:06:49.021+00:00,2026-09-25T23:06:49.110+00:00,2026-09-25T23:06:52.278+00:00,True,98,98.0,,98.0,88.45961100000001,3256.654171,3256.654162,33.23116491836735,30.131884999999997,88.45961100000001,7.767534888456859,34.96565615,32.66179958762887,5.372399593016684,30.092234193201964,3,18,1-100:1-100,False,True,,247,99.61977186311786
6,2026-09-25T23:06:52.619+00:00,2026-09-25T23:06:52.715+00:00,2026-09-25T23:06:52.951+00:00,True,8,8.0,,8.0,95.9561,331.71674,331.716798,41.46459975,32.307815999999995,95.9561,22.026893140786107,74.32756615,33.68009142857142,0.6801608692985449,24.116961959773267,3,18,600-1000:1-100,False,True,,35,99.61977186311786
7,2026-09-25T23:06:55.902+00:00,2026-09-25T23:06:56.000+00:00,2026-09-25T23:06:57.623+00:00,True,49,49.0,,49.0,97.670951,1720.991015,1720.991031,35.12226593877551,32.594718,97.670951,9.151774868766896,35.288984,33.819168,0.7493893345957009,28.47196735655241,3,18,1-100:1-100,False,True,,53,99.61977186311786
8,2026-09-25T23:06:59.557+00:00,2026-09-25T23:06:59.639+00:00,2026-09-25T23:07:02.193+00:00,True,79,79.0,,79.0,81.92668300000001,2635.771419,2635.771404,33.364194987341776,30.343394,81.92668300000001,5.674930403651356,35.661153999999996,32.74159917948718,1.2660685090463715,29.972250032960844,3,18,1-100:1-100,False,True,,343,99.61977186311786
9,2026-09-25T23:07:02.502+00:00,2026-09-25T23:07:02.588+00:00,2026-09-25T23:07:04.680+00:00,True,65,65.0,,65.0,86.12007799999999,2177.805966,2177.805902,33.50470618461539,30.844505,86.12007799999999,6.7629035733638485,35.415714,32.682592,1.3541458216479976,29.846552454526616,3,18,1-100:1-100,False,True,,269,99.61977186311786
10,2026-09-25T23:07:07.404+00:00,2026-09-25T23:07:07.510+00:00,2026-09-25T23:07:09.335+00:00,True,57,57.0,,57.0,106.684491,1931.4499309999999,1931.449921,33.885086333333334,30.403044,106.684491,10.148703860872335,35.181512600000005,32.585097142857144,2.6055850207108673,29.51150795324448,3,18,1-100:1-100,False,True,,228,99.61977186311786
11,2026-09-25T23:07:11.324+00:00,2026-09-25T23:07:11.405+00:00,2026-09-25T23:07:12.488+00:00,True,34,34.0,,34.0,80.91197199999999,1164.145508,1164.145407,34.23957079411765,30.530624,80.91197199999999,8.369507718224355,37.354196200000004,32.82525866666667,1.450037617181936,29.20597104601807,3,18,600-1000:1-100,False,True,,110,99.61977186311786
12,2026-09-25T23:07:14.276+00:00,2026-09-25T23:07:14.374+00:00,2026-09-25T23:07:16.770+00:00,True,75,75.0,,75.0,98.517862,2494.345574,2494.345793,33.25794390666667,31.093115,98.517862,7.724065095061999,35.201019,32.376050162162166,1.161687624854049,30.068006928056874,3,18,1-100:1-100,False,True,,298,99.61977186311786
13,2026-09-25T23:07:19.026+00:00,2026-09-25T23:07:19.131+00:00,2026-09-25T23:07:19.647+00:00,True,17,17.0,,17.0,105.11331,620.5549739999999,620.554977,36.50323394117647,31.520135,105.11331,17.688235050710727,47.6718692,32.215104,0.5433078255594459,27.394833193295785,3,18,600-1000:1-100,False,True,,63,99.61977186311786
14,2026-09-25T23:07:23.542+00:00,2026-09-25T23:07:23.626+00:00,2026-09-25T23:07:26.072+00:00,True,76,76.0,,76.0,83.54620600000001,2529.451358,2529.451474,33.28225623684211,30.283865000000002,83.54620600000001,6.038233887774861,35.92436124999999,32.612068693333335,1.5350403036194018,30.046041312331102,3,18,600-1000:1-100,False,True,,333,99.61977186311786
15,2026-09-25T23:07:27.126+00:00,2026-09-25T23:07:27.221+00:00,2026-09-25T23:07:28.173+00:00,True,31,31.0,,31.0,94.754018,1046.7934420000001,1046.793613,33.767535903225806,30.733735,94.754018,11.343343782336866,33.7846835,31.734647466666665,0.7614134858226069,29.61424743048781,3,18,1-100:1-100,False,True,,111,99.61977186311786
16,2026-09-25T23:07:30.520+00:00,2026-09-25T23:07:30.595+00:00,2026-09-25T23:07:30.663+00:00,True,3,3.0,,3.0,75.50172599999999,143.28668599999997,143.286724,47.76224133333333,32.580728,75.50172599999999,24.05888609922781,71.47198039999999,33.89248,1.8549051358255495,20.937046446869466,3,18,1-100:1-100,False,True,,3,99.61977186311786
17,2026-09-25T23:07:34.313+00:00,2026-09-25T23:07:34.425+00:00,2026-09-25T23:07:36.131+00:00,True,49,49.0,,49.0,111.696437,1817.808949,1817.808992,37.09814269387755,32.422307,115.748252,15.992941426520908,35.672399,35.544010666666665,11.846839389096532,26.95552798711632,3,18,600-1000:1-100,False,True,,159,99.61977186311786
18,2026-09-25T23:07:38.922+00:00,2026-09-25T23:07:39.003+00:00,2026-09-25T23:07:42.119+00:00,True,92,92.0,,92.0,81.142853,3197.292869,3197.293075,34.75318559782609,31.567236,81.142853,5.693090887350635,35.7623834,34.243406769230766,2.932153387614968,28.77434247328564,3,18,600-1000:1-100,False,True,,431,99.61977186311786
19,2026-09-25T23:07:43.474+00:00,2026-09-25T23:07:43.584+00:00,2026-09-25T23:07:44.904+00:00,True,40,40.0,,40.0,110.629616,1430.621424,1430.621201,35.765530025,32.260076,110.629616,12.158744786730022,35.060195549999996,33.84594379487179,0.6733097156027154,27.959877665022304,3,18,1-100:1-100,False,True,,99,99.61977186311786
20,2026-09-25T23:07:47.176+00:00,2026-09-25T23:07:47.260+00:00,2026-09-25T23:07:49.326+00:00,True,61,61.0,,61.0,83.975266,2149.64029,2149.64045,35.24000737704918,32.633956999999995,83.975266,6.451567766184244,36.889642,34.4277504,1.1835576278832034,28.37684066667731,3,18,1-100:1-100,False,True,,156,99.61977186311786
21,2026-09-25T23:07:52.481+00:00,2026-09-25T23:07:52.566+00:00,2026-09-25T23:07:55.383+00:00,True,81,81.0,,81.0,84.87701700000001,2902.183897,2902.183708,35.82942849382716,32.215147,84.87701700000001,6.689066753015477,39.952394999999996,35.216336,3.8049621551265282,27.910016344494935,3,18,1-100:1-100,False,True,,81,99.61977186311786
22,2026-09-25T23:07:55.440+00:00,2026-09-25T23:07:55.526+00:00,2026-09-25T23:07:56.204+00:00,True,20,20.0,,20.0,86.492908,764.017132,764.01722,38.200861,32.367557,86.492908,11.671657221438467,46.176848850000006,35.659169684210525,2.7229360374165776,26.177423466467502,3,18,1-100:1-100,False,True,,20,99.61977186311786
23,2026-09-25T23:07:58.847+00:00,2026-09-25T23:07:58.943+00:00,2026-09-25T23:08:47.824+00:00,True,1449,1449.0,,1449.0,95.271299,48976.966531,48976.966509,33.80052899171843,0.03358,110.014693,4.772019690079365,37.352558,33.75807681767956,4.4916270141700965,29.58533577376326,3,18,600-1000:1000-1500,False,True,,5218,99.61977186311786
24,2026-09-25T23:08:02.178+00:00,2026-09-25T23:08:02.318+00:00,2026-09-25T23:08:22.277+00:00,True,574,574.0,,574.0,139.276799,20098.952959,20098.953104,35.01559774216028,30.955085,139.276799,5.121616700571849,37.8982235,34.833640767888305,2.690632720312989,28.55870159858112,3,18,100-300:300-600,False,True,,2691,99.61977186311786
25,2026-09-25T23:08:06.939+00:00,2026-09-25T23:08:07.047+00:00,2026-09-25T23:08:09.232+00:00,True,63,63.0,,63.0,107.69223299999999,2292.199625,2292.199462,36.38411844444445,32.777117,107.69223299999999,9.305024997931863,40.6802057,35.23399019354839,1.8166641659241118,27.4845171916473,3,18,1-100:1-100,False,True,,240,99.61977186311786
26,2026-09-25T23:08:11.484+00:00,2026-09-25T23:08:11.596+00:00,2026-09-25T23:08:13.590+00:00,True,58,58.0,,58.0,111.314357,2105.430197,2105.43015,36.30051982758621,33.595759,111.314357,10.084876366880708,37.2198323,34.98448842105263,1.1289538495868474,27.54781425793334,3,18,1-100:1-100,False,True,,119,99.61977186311786
27,2026-09-25T23:08:15.684+00:00,2026-09-25T23:08:15.762+00:00,2026-09-25T23:08:17.886+00:00,True,61,61.0,,61.0,77.980089,2201.869753,2201.86971,36.09622475409836,31.804357,77.980089,6.5819896529953485,41.438158,35.39816106666667,3.718633463824471,27.70372766912703,3,18,1-100:1-100,False,True,,62,99.61977186311786
28,2026-09-25T23:08:19.996+00:00,2026-09-25T23:08:20.101+00:00,2026-09-25T23:08:20.813+00:00,True,21,21.0,,21.0,104.905,817.116712,817.116751,38.910321476190475,32.222716,104.905,17.67228375738571,75.124246,35.6105856,9.383994662051014,25.700122995403866,3,18,600-1000:1-100,False,True,,126,99.61977186311786
29,2026-09-25T23:08:23.758+00:00,2026-09-25T23:08:23.863+00:00,2026-09-25T23:08:24.179+00:00,True,10,10.0,,10.0,105.313837,421.51633300000003,421.516349,42.1516349,33.842864999999996,105.313837,22.20088807531625,74.014888,35.13361066666666,0.6302723639316578,23.723873115018772,3,18,600-1000:1-100,False,True,,40,99.61977186311786
30,2026-09-25T23:08:28.224+00:00,2026-09-25T23:08:28.316+00:00,2026-09-25T23:08:31.656+00:00,True,96,96.0,,96.0,91.71373299999999,3431.6272050000002,3431.627234,35.74611702083333,33.355354,91.71373299999999,5.949687651760686,38.892285,35.15698391578947,1.4496348022610595,27.9750667147424,3,18,1-100:1-100,False,True,,96,99.61977186311786
0,2026-09-25T23:06:31.945+00:00,2026-09-25T23:06:32.167+00:00,2026-09-25T23:06:34.892+00:00,True,88,88.0,,88.0,222.239233,2946.6050569999998,2946.605089,33.484148738636364,29.001082,222.239233,20.37549650211115,32.970625,31.314549701149428,0.9704343664858502,29.86487781623325,4,18,1-100:1-100,False,True,,388,99.61977186311786
1,2026-09-25T23:06:35.732+00:00,2026-09-25T23:06:35.832+00:00,2026-09-25T23:06:38.820+00:00,True,95,95.0,,95.0,100.235454,3087.912382,3087.912269,32.50433967368421,29.429734,100.235454,7.640843136867257,33.276861999999994,31.783797106382977,3.0261372320857958,30.765121625138132,4,18,600-1000:1-100,False,True,,440,99.61977186311786
2,2026-09-25T23:06:39.710+00:00,2026-09-25T23:06:39.800+00:00,2026-09-25T23:06:41.386+00:00,True,51,51.0,,51.0,90.336243,1676.174323,1676.1743510000001,32.86616374509804,30.089544,90.336243,8.25774150507495,34.230349,31.7167616,0.9107755957961301,30.426429578470522,4,18,600-1000:1-100,False,True,,233,99.61977186311786
3,2026-09-25T23:06:42.209+00:00,2026-09-25T23:06:42.294+00:00,2026-09-25T23:07:27.667+00:00,True,1387,1387.0,,1387.0,84.836446,45457.794910000004,45457.794854,32.77418518673396,0.01599,388.693293,10.579630048338457,35.227788000000004,32.73662226839827,10.490522736679733,30.511818770489498,4,18,1-100:1000-1500,False,True,,2080,99.61977186311786
4,2026-09-25T23:06:45.986+00:00,2026-09-25T23:06:46.075+00:00,2026-09-25T23:06:47.925+00:00,True,57,57.0,,57.0,89.215142,1939.247526,1939.247591,34.02188756140351,31.133515,89.215142,9.138239105090788,34.4573412,33.03629257142857,5.352514032893297,29.392843995305423,4,18,1-100:1-100,False,True,,234,99.61977186311786
5,2026-09-25T23:06:48.568+00:00,2026-09-25T23:06:48.669+00:00,2026-09-25T23:07:04.134+00:00,True,468,468.0,,468.0,100.44566400000001,15565.776608,15565.776622,33.26020645726496,0.01672,389.586724,17.801215782395783,35.69770365,33.116340351177726,17.54582608419126,30.065958916529247,4,18,100-300:300-600,False,True,,2255,99.61977186311786
6,2026-09-25T23:06:52.009+00:00,2026-09-25T23:06:52.092+00:00,2026-09-25T23:06:53.088+00:00,True,29,29.0,,29.0,83.110505,1078.938985,1078.93901,37.204793448275865,31.942156,84.050436,12.875364793593974,64.4325758,35.56530285714286,9.54347638567907,26.878257624549548,4,18,1-100:1-100,False,True,,34,99.61977186311786
7,2026-09-25T23:06:56.344+00:00,2026-09-25T23:06:56.439+00:00,2026-09-25T23:06:59.639+00:00,True,96,96.0,,96.0,95.64694899999999,3295.400165,3295.400055,34.32708390625,30.715755,95.64694899999999,6.4038317353954195,35.612998250000004,33.681612799999996,1.011397510669331,29.131515200977116,4,18,600-1000:1-100,False,True,,413,99.61977186311786
8,2026-09-25T23:07:00.688+00:00,2026-09-25T23:07:00.791+00:00,2026-09-25T23:07:03.462+00:00,True,82,82.0,,82.0,102.92854799999999,2773.340068,2773.340152,33.82122136585366,31.007755,102.92854799999999,7.864025552709943,36.386034,32.96804345679012,1.4768566158881846,29.567235892255532,4,18,600-1000:1-100,False,True,,343,99.61977186311786
9,2026-09-25T23:07:03.253+00:00,2026-09-25T23:07:03.329+00:00,2026-09-25T23:07:04.071+00:00,True,24,24.0,,24.0,75.809507,818.192867,818.192783,34.091365958333334,30.832626,75.809507,8.944427585287562,35.0787577,32.27753739130435,1.0442695611303774,29.332937218089928,4,18,1-100:1-100,False,True,,27,99.61977186311786
10,2026-09-25T23:07:06.127+00:00,2026-09-25T23:07:06.212+00:00,2026-09-25T23:07:08.225+00:00,True,63,63.0,,63.0,84.757447,2098.487751,2098.487732,33.30932907936508,30.860435000000003,84.757447,6.71489897653952,35.467139,32.47952103225806,1.3180505269108862,30.02161912547661,4,18,1-100:1-100,False,True,,159,99.61977186311786
11,2026-09-25T23:07:09.415+00:00,2026-09-25T23:07:09.494+00:00,2026-09-25T23:07:11.863+00:00,True,72,72.0,,72.0,78.381699,2447.939203,2447.93939,33.99915819444445,30.474314999999997,98.268152,9.691784806969967,36.655627849999995,33.37404935211268,8.16921762536223,29.412495176253774,4,18,600-1000:1-100,False,True,,293,99.61977186311786
12,2026-09-25T23:07:12.705+00:00,2026-09-25T23:07:12.783+00:00,2026-09-25T23:07:15.539+00:00,True,86,86.0,,86.0,78.141199,2833.748751,2833.74871,32.95056639534884,30.630305,78.141199,5.082947548116516,35.723463249999995,32.41891237647059,1.2434210320296062,30.348491541337783,4,18,1-100:1-100,False,True,,369,99.61977186311786
13,2026-09-25T23:07:15.371+00:00,2026-09-25T23:07:15.474+00:00,2026-09-25T23:07:17.128+00:00,True,52,52.0,,52.0,103.402188,1757.152716,1757.152723,33.79139851923077,30.577525,103.402188,9.930374359183801,35.7028305,32.42648094117647,1.3308307056123616,29.593329894724985,4,18,1-100:1-100,False,True,,176,99.61977186311786
14,2026-09-25T23:07:18.633+00:00,2026-09-25T23:07:18.711+00:00,2026-09-25T23:07:20.445+00:00,True,55,55.0,,55.0,77.806309,1812.682213,1812.682287,32.957859763636364,30.563875,77.806309,6.211117034856938,34.3452383,32.12733155555556,0.8077575715801627,30.341777287577987,4,18,600-1000:1-100,False,True,,218,99.61977186311786
15,2026-09-25T23:07:21.510+00:00,2026-09-25T23:07:21.598+00:00,2026-09-25T23:07:24.049+00:00,True,76,76.0,,76.0,88.174881,2539.541025,2539.541135,33.415014934210525,31.206436,88.174881,6.718376186622053,35.37312775,32.68488192,2.1642702832424665,29.926667556000595,4,18,600-1000:1-100,False,True,,259,99.61977186311786
16,2026-09-25T23:07:25.769+00:00,2026-09-25T23:07:25.873+00:00,2026-09-25T23:07:28.363+00:00,True,79,79.0,,79.0,104.31138899999999,2594.638685,2594.638707,32.84352793670886,30.382205000000003,104.31138899999999,8.189199400472157,33.747095,31.927273025641025,0.8662069042006999,30.44739926861917,4,18,1-100:1-100,False,True,,437,99.61977186311786
17,2026-09-25T23:07:29.121+00:00,2026-09-25T23:07:29.197+00:00,2026-09-25T23:07:31.117+00:00,True,60,60.0,,60.0,75.914117,1996.451205,1996.451196,33.2741866,31.063465,75.914117,5.681938918666258,34.52464305,32.551476067796614,0.9808725920038092,30.053326547492553,4,18,1-100:1-100,False,True,,168,99.61977186311786
18,2026-09-25T23:07:33.173+00:00,2026-09-25T23:07:33.262+00:00,2026-09-25T23:07:34.592+00:00,True,41,41.0,,41.0,88.94602099999999,1418.999653,1418.999837,34.60975212195122,31.363106,88.94602099999999,8.841790136247758,37.426703,33.2513408,1.6080769850674916,28.8935940987154,4,18,600-1000:1-100,False,True,,162,99.61977186311786
19,2026-09-25T23:07:35.832+00:00,2026-09-25T23:07:35.929+00:00,2026-09-25T23:07:36.664+00:00,True,23,23.0,,23.0,96.96808,832.1885599999999,832.188548,36.182110782608696,31.285055,96.96808,13.28079054655416,34.7470961,33.419112727272726,0.9118688365594076,27.63796704919856,4,18,1-100:1-100,False,True,,29,99.61977186311786
20,2026-09-25T23:07:38.784+00:00,2026-09-25T23:07:38.902+00:00,2026-09-25T23:07:42.218+00:00,True,98,98.0,,98.0,117.433903,3434.073391,3434.073344,35.04156473469388,31.879016,117.433903,8.885095643813752,36.389369650000006,34.192159670103095,2.8852718306710528,28.537538031900496,4,18,600-1000:1-100,False,True,,441,99.61977186311786
21,2026-09-25T23:07:41.410+00:00,2026-09-25T23:07:41.497+00:00,2026-09-25T23:07:56.764+00:00,True,441,441.0,,441.0,87.06505899999999,15353.649379,15353.649441,34.8155316122449,30.984066,113.545979,5.1429923629396415,37.096882,34.696782545454546,4.503082569201596,28.72281300126464,4,18,100-300:300-600,False,True,,1714,99.61977186311786
22,2026-09-25T23:07:45.160+00:00,2026-09-25T23:07:45.281+00:00,2026-09-25T23:08:00.156+00:00,True,426,426.0,,426.0,120.510098,14996.05621,14996.056184000001,35.20200982159624,31.139765999999998,120.510098,6.069235786814272,38.397900500000006,35.00128496941177,4.440539012107426,28.407468872777716,4,18,100-300:300-600,False,True,,1640,99.61977186311786
23,2026-09-25T23:07:47.694+00:00,2026-09-25T23:07:47.774+00:00,2026-09-25T23:07:49.808+00:00,True,60,60.0,,60.0,79.509861,2113.7457649999997,2113.745659,35.22909431666667,32.678408,79.509861,5.930455803918,37.452587,34.47857464406779,1.1819689914655087,28.385627540216507,4,18,1-100:1-100,False,True,,62,99.61977186311786
24,2026-09-25T23:07:51.960+00:00,2026-09-25T23:07:52.071+00:00,2026-09-25T23:08:33.072+00:00,True,1174,1174.0,,1174.0,111.021136,41112.692816,41112.692846,35.01932951107325,23.970895,111.021136,3.7430711490350435,38.060283,34.9545368115942,3.0149248926785064,28.555658109145053,4,18,600-1000:1000-1500,False,True,,5392,99.61977186311786
25,2026-09-25T23:07:55.489+00:00,2026-09-25T23:07:55.599+00:00,2026-09-25T23:07:56.833+00:00,True,36,36.0,,36.0,109.889226,1344.45281,1344.452783,37.34591063888889,32.973748,109.889226,12.608420455582413,41.685052750000004,35.273245257142854,2.1083759882123427,26.776692891139856,4,18,600-1000:1-100,False,True,,168,99.61977186311786
26,2026-09-25T23:07:59.975+00:00,2026-09-25T23:08:00.087+00:00,2026-09-25T23:08:02.699+00:00,True,75,75.0,,75.0,111.640857,2723.732505,2723.732584,36.316434453333336,32.693887,111.640857,9.773371745087127,36.7815276,35.298535783783784,4.248988894997144,27.535743639407055,4,18,1-100:1-100,False,True,,169,99.61977186311786
27,2026-09-25T23:08:04.442+00:00,2026-09-25T23:08:04.546+00:00,2026-09-25T23:08:05.961+00:00,True,42,42.0,,42.0,103.85038800000001,1519.4978760000001,1519.497862,36.178520523809524,33.148418,103.85038800000001,10.768223880518383,37.0793065,34.527987512195125,1.2546423262441595,27.6407099104099,4,18,1-100:1-100,False,True,,42,99.61977186311786
28,2026-09-25T23:08:07.938+00:00,2026-09-25T23:08:08.038+00:00,2026-09-25T23:08:10.647+00:00,True,75,75.0,,75.0,99.604504,2708.849432,2708.849488,36.11799317333333,33.217237999999995,99.604504,7.645096302971612,39.213898300000004,35.2600665945946,1.8136162382658767,27.68703166518411,4,18,1-100:1-100,False,True,,115,99.61977186311786
29,2026-09-25T23:08:11.358+00:00,2026-09-25T23:08:11.452+00:00,2026-09-25T23:08:13.271+00:00,True,53,53.0,,53.0,93.629837,1913.298061,1913.298031,36.0999628490566,32.924737,93.629837,8.141490969928132,38.0035314,34.993619692307696,1.1999161948905797,27.700859097875814,4,18,1-100:1-100,False,True,,281,99.61977186311786
30,2026-09-25T23:08:14.740+00:00,2026-09-25T23:08:14.850+00:00,2026-09-25T23:08:15.977+00:00,True,33,33.0,,33.0,109.920385,1236.414593,1236.414639,37.467110272727275,33.478188,109.920385,13.061202560703784,38.6754698,35.202944,1.2117412926468867,26.690076441050227,4,18,600-1000:1-100,False,True,,182,99.61977186311786
31,2026-09-25T23:08:18.558+00:00,2026-09-25T23:08:18.643+00:00,2026-09-25T23:08:21.151+00:00,True,75,75.0,,75.0,84.778086,2593.008998,2593.0092250000002,34.57345633333333,31.247146,84.778086,7.839865346581392,37.3238313,33.89501232432433,5.226027103940483,28.92392585519289,4,18,1-100:1-100,False,True,,294,99.61977186311786
32,2026-09-25T23:08:22.494+00:00,2026-09-25T23:08:22.590+00:00,2026-09-25T23:08:24.734+00:00,True,62,62.0,,62.0,95.515178,2240.03281,2240.032892,36.129562774193545,31.987973,95.515178,8.54790574988057,40.1836079,35.15602675409836,3.813581509218828,27.67816601757721,4,18,600-1000:1-100,False,True,,286,99.61977186311786
33,2026-09-25T23:08:25.108+00:00,2026-09-25T23:08:25.213+00:00,2026-09-25T23:08:26.181+00:00,True,29,29.0,,29.0,105.36268700000001,1073.223935,1073.223873,37.00771975862069,32.585604,105.36268700000001,13.188625092620008,37.0647322,34.56647314285714,1.0722448727149663,27.02138766593945,4,18,600-1000:1-100,False,True,,128,99.61977186311786
34,2026-09-25T23:08:29.216+00:00,2026-09-25T23:08:29.303+00:00,2026-09-25T23:08:31.976+00:00,True,77,77.0,,77.0,86.685248,2759.9035519999998,2759.903631,35.8429042987013,24.162435000000002,86.685248,6.358931206356326,39.6343272,35.17392505263158,2.460821375924095,27.89952567154057,4,18,600-1000:1-100,False,True,,335,99.61977186311786
0,2026-09-25T23:06:31.949+00:00,2026-09-25T23:06:32.167+00:00,2026-09-25T23:06:32.686+00:00,True,17,17.0,,17.0,217.429138,737.202066,737.20212,43.36483058823529,30.142723999999998,217.429138,44.86403886610028,70.6391308,32.485808,0.9121474385429875,23.060163263297206,5,18,600-1000:1-100,False,True,,67,99.61977186311786
1,2026-09-25T23:06:38.059+00:00,2026-09-25T23:06:38.159+00:00,2026-09-25T23:06:39.008+00:00,True,28,28.0,,28.0,99.71980400000001,948.4762840000001,948.4762910000001,33.87415325,30.704635,99.71980400000001,12.908854417880661,31.985109500000004,31.435425185185185,0.34034746680019606,29.521033337719174,5,18,1-100:1-100,False,True,,104,99.61977186311786
2,2026-09-25T23:06:42.390+00:00,2026-09-25T23:06:42.487+00:00,2026-09-25T23:06:42.965+00:00,True,16,16.0,,16.0,96.30404,574.504104,574.504025,35.9065015625,30.715785,96.30404,16.1196928731475,48.725282750000005,31.880004266666667,0.6873466343863258,27.850105662604633,5,18,1-100:1-100,False,True,,16,99.61977186311786
3,2026-09-25T23:06:48.015+00:00,2026-09-25T23:06:48.094+00:00,2026-09-25T23:06:49.570+00:00,True,45,45.0,,45.0,79.29684,1555.298376,1555.298523,34.5621894,31.212906,79.29684,7.315779201327201,36.498919799999996,33.545489454545454,2.67735182504658,28.93335497188226,5,18,600-1000:1-100,False,True,,222,99.61977186311786
4,2026-09-25T23:06:52.028+00:00,2026-09-25T23:06:52.175+00:00,2026-09-25T23:06:54.963+00:00,True,85,85.0,,85.0,147.264908,2935.002508,2935.002306,34.529438894117646,31.495666,147.264908,12.597417144713646,35.34601,33.18735238095238,2.3790759238584296,28.960792969789175,5,18,600-1000:1-100,False,True,,289,99.61977186311786
5,2026-09-25T23:06:55.932+00:00,2026-09-25T23:06:56.034+00:00,2026-09-25T23:06:56.337+00:00,True,10,10.0,,10.0,101.245125,404.342981,404.342961,40.4342961,32.664558,101.245125,21.372772308071,71.25170025,33.677539555555555,0.5381994744421233,24.731479139982895,5,18,1-100:1-100,False,True,,10,99.61977186311786
6,2026-09-25T23:07:00.746+00:00,2026-09-25T23:07:00.827+00:00,2026-09-25T23:07:03.526+00:00,True,83,83.0,,83.0,80.485622,2779.6111260000002,2779.611039,33.48928962650602,31.259586,80.485622,5.4239865976988595,36.508852000000005,32.916164682926826,1.4774830349449182,29.86029204719768,5,18,1-100:1-100,False,True,,366,99.61977186311786
7,2026-09-25T23:07:04.111+00:00,2026-09-25T23:07:04.202+00:00,2026-09-25T23:07:06.758+00:00,True,81,81.0,,81.0,90.794713,2647.4595449999997,2647.459577,32.68468613580247,30.786586,90.794713,6.577657258050933,33.887149,31.9583104,0.7313948373940877,30.595368360954502,5,18,1-100:1-100,False,True,,315,99.61977186311786
8,2026-09-25T23:07:07.844+00:00,2026-09-25T23:07:07.931+00:00,2026-09-25T23:07:08.822+00:00,True,28,28.0,,28.0,87.46273,978.741578,978.741596,34.955057000000004,31.222145,87.46273,10.864538670380835,45.39050675000001,33.0103277037037,3.551066664421473,28.608164432143905,5,18,1-100:1-100,False,True,,124,99.61977186311786
9,2026-09-25T23:07:13.901+00:00,2026-09-25T23:07:13.988+00:00,2026-09-25T23:07:16.671+00:00,True,84,84.0,,84.0,87.063219,2770.365107,2770.365277,32.98053901190476,30.654795,87.063219,6.104638655470983,35.63580935,32.32893840963855,1.2733316233582943,30.320913221060145,5,18,1-100:1-100,False,True,,402,99.61977186311786
10,2026-09-25T23:07:17.806+00:00,2026-09-25T23:07:17.905+00:00,2026-09-25T23:07:18.873+00:00,True,31,31.0,,31.0,99.507603,1067.239571,1067.239507,34.42708087096774,31.233455999999997,99.507603,12.101524728227954,34.4246745,32.257732266666665,0.7599571165011576,29.0468989741011,5,18,600-1000:1-100,False,True,,162,99.61977186311786
11,2026-09-25T23:07:22.178+00:00,2026-09-25T23:07:22.281+00:00,2026-09-25T23:07:24.081+00:00,True,56,56.0,,56.0,102.980527,1903.5933909999999,1903.5935,33.99274107142857,31.124556000000002,102.980527,9.678330828729548,36.0847505,32.73841570909091,2.380484247137137,29.418047081252976,5,18,600-1000:1-100,False,True,,252,99.61977186311786
12,2026-09-25T23:07:28.307+00:00,2026-09-25T23:07:28.394+00:00,2026-09-25T23:07:31.308+00:00,True,90,90.0,,90.0,87.48752,3001.436704,3001.436781,33.349297566666664,30.748075,87.48752,6.277361366183242,35.53788605,32.74100206741573,2.4844794655593803,29.985639837101157,5,18,1-100:1-100,False,True,,430,99.61977186311786
13,2026-09-25T23:07:32.198+00:00,2026-09-25T23:07:32.301+00:00,2026-09-25T23:07:35.387+00:00,True,91,91.0,,91.0,102.654587,3188.526715,3188.526735,35.03875532967033,31.361794999999997,115.827472,11.300360941485524,36.157786,34.28746808888889,8.78592453905042,28.539826739384868,5,18,600-1000:1-100,False,True,,383,99.61977186311786
14,2026-09-25T23:07:37.172+00:00,2026-09-25T23:07:37.257+00:00,2026-09-25T23:07:37.418+00:00,True,6,6.0,,6.0,84.931167,246.299487,246.299281,41.04988016666667,31.732407,84.931167,21.49979277997442,71.8674945,32.273664,0.3620945573741754,24.360586670649457,5,18,1-100:1-100,False,True,,6,99.61977186311786
15,2026-09-25T23:07:41.467+00:00,2026-09-25T23:07:41.566+00:00,2026-09-25T23:07:42.607+00:00,True,32,32.0,,32.0,98.697862,1139.518854,1139.518919,35.60996621875,31.181145,98.697862,11.877938817268747,41.074234249999996,33.57487070967742,2.973085866587758,28.08202768007909,5,18,600-1000:1-100,False,True,,115,99.61977186311786
16,2026-09-25T23:07:45.036+00:00,2026-09-25T23:07:45.136+00:00,2026-09-25T23:07:46.748+00:00,True,48,48.0,,48.0,99.466223,1712.156655,1712.156712,35.6699315,31.067806,99.466223,10.07655385014938,43.72810095,34.312562382978726,3.6584582173133047,28.034817877105993,5,18,1-100:1-100,False,True,,196,99.61977186311786
17,2026-09-25T23:07:51.107+00:00,2026-09-25T23:07:51.207+00:00,2026-09-25T23:07:54.216+00:00,True,87,87.0,,87.0,100.38549400000001,3108.974294,3108.974264,35.73533636781609,32.112767,100.38549400000001,7.499999370914905,39.0807327,34.983590697674416,2.677247678251885,27.983505739465595,5,18,600-1000:1-100,False,True,,436,99.61977186311786
18,2026-09-25T23:07:56.042+00:00,2026-09-25T23:07:56.128+00:00,2026-09-25T23:07:57.678+00:00,True,45,45.0,,45.0,86.505529,1636.269881,1636.269785,36.36155077777778,33.324348,86.505529,7.7647910309252355,39.201799,35.221917090909095,1.3749075068142673,27.501575701251937,5,18,600-1000:1-100,False,True,,195,99.61977186311786
19,2026-09-25T23:08:02.003+00:00,2026-09-25T23:08:02.118+00:00,2026-09-25T23:08:02.928+00:00,True,23,23.0,,23.0,114.21458,924.1737479999999,924.173774,40.18146843478261,32.980388,114.21458,17.588882289424298,62.32595889999999,36.816325818181824,7.158296683004412,24.887095148259935,5,18,600-1000:1-100,False,True,,110,99.61977186311786
20,2026-09-25T23:08:07.275+00:00,2026-09-25T23:08:07.364+00:00,2026-09-25T23:08:08.392+00:00,True,30,30.0,,30.0,89.68677199999999,1116.870132,1116.870103,37.22900343333333,33.029858,89.68677199999999,10.254933830221251,43.057802650000006,35.42011586206897,2.692805164058049,26.860777399677115,5,18,1-100:1-100,False,True,,33,99.61977186311786
21,2026-09-25T23:08:11.210+00:00,2026-09-25T23:08:11.315+00:00,2026-09-25T23:08:13.766+00:00,True,71,71.0,,71.0,105.06982,2556.19302,2556.192954,36.00271766197183,31.541455999999997,105.06982,8.408261557624881,37.653103,35.01604571428572,1.26554482817514,27.77568025751044,5,18,1-100:1-100,False,True,,71,99.61977186311786
22,2026-09-25T23:08:16.939+00:00,2026-09-25T23:08:17.048+00:00,2026-09-25T23:08:18.195+00:00,True,33,33.0,,33.0,109.275295,1256.314271,1256.314392,38.07013309090909,32.575817,109.275295,13.594877637385524,48.6217252,35.844968,4.702942223383145,26.267312854555644,5,18,600-1000:1-100,False,True,,159,99.61977186311786
23,2026-09-25T23:08:21.264+00:00,2026-09-25T23:08:21.353+00:00,2026-09-25T23:08:21.968+00:00,True,19,19.0,,19.0,88.267227,703.4874510000001,703.487524,37.02565915789474,31.914093,88.267227,12.49776395388154,43.4695218,34.178901333333336,1.532460335594175,27.008299825379538,5,18,600-1000:1-100,False,True,,79,99.61977186311786
24,2026-09-25T23:08:26.249+00:00,2026-09-25T23:08:26.375+00:00,2026-09-25T23:08:44.665+00:00,True,560,560.0,,560.0,126.267668,18416.456212,18416.456285,32.88652908035714,0.04585,126.267668,6.416001627971051,36.86611404999999,32.7194786118068,5.05802598830361,30.407587298750176,5,18,100-300:300-600,False,True,,2365,99.61977186311786
25,2026-09-25T23:08:30.576+00:00,2026-09-25T23:08:30.671+00:00,2026-09-25T23:08:31.799+00:00,True,33,33.0,,33.0,95.383458,1223.532962,1223.532806,37.076751696969694,24.622375,95.383458,10.985086719190539,44.0557164,35.254672,3.3869056622829996,26.971075585947315,5,18,1-100:1-100,False,True,,156,99.61977186311786
0,2026-09-25T23:06:31.948+00:00,2026-09-25T23:06:32.167+00:00,2026-09-25T23:06:34.654+00:00,True,80,80.0,,80.0,219.02102,2706.2443160000003,2706.244255,33.8280531875,29.518773,219.02102,20.98569372471344,33.30750700000001,31.483839189873414,0.8841872319642293,29.561263011997767,6,18,1-100:1-100,False,True,,301,99.61977186311786
1,2026-09-25T23:06:35.310+00:00,2026-09-25T23:06:35.405+00:00,2026-09-25T23:06:47.375+00:00,True,375,375.0,,375.0,95.38024899999999,12065.262105,12065.262053,32.174032141333335,29.117373,95.38024899999999,4.08934836836213,34.111497,32.00503170053476,2.455287530472582,31.080965895021475,6,18,100-300:300-600,False,True,,2184,99.61977186311786
2,2026-09-25T23:06:39.193+00:00,2026-09-25T23:06:39.292+00:00,2026-09-25T23:06:41.450+00:00,True,69,69.0,,69.0,98.808293,2257.031397,2257.031313,32.71059873913043,29.971974,98.808293,8.12968243828489,34.284143,31.73857505882353,0.9548456740734454,30.571129888451438,6,18,1-100:1-100,False,True,,330,99.61977186311786
3,2026-09-25T23:06:43.396+00:00,2026-09-25T23:06:43.499+00:00,2026-09-25T23:06:44.493+00:00,True,32,32.0,,32.0,102.44845699999999,1096.436553,1096.436499,34.26364059375,30.751935,102.44845699999999,12.482003468950271,34.8728865,32.06413212903226,1.0110781601446956,29.185455293736453,6,18,1-100:1-100,False,True,,117,99.61977186311786
4,2026-09-25T23:06:47.360+00:00,2026-09-25T23:06:47.479+00:00,2026-09-25T23:07:01.186+00:00,True,414,414.0,,414.0,118.40532499999999,13826.016461,13826.016499,33.39617511835749,0.01601,390.354145,19.14586802648172,35.61517585,33.190341733656176,18.704849563152447,29.94354890056716,6,18,100-300:300-600,False,True,,1796,99.61977186311786
5,2026-09-25T23:06:51.829+00:00,2026-09-25T23:06:51.930+00:00,2026-09-25T23:06:54.033+00:00,True,63,63.0,,63.0,100.514424,2203.970424,2203.970452,34.983657968253965,30.805386,100.514424,10.601687924002652,35.041639,33.92670967741936,6.534890594604431,28.584775600418855,6,18,600-1000:1-100,False,True,,219,99.61977186311786
6,2026-09-25T23:06:54.705+00:00,2026-09-25T23:06:54.778+00:00,2026-09-25T23:06:55.419+00:00,True,20,20.0,,20.0,73.266084,713.83466,713.8348540000001,35.6917427,0.0158,391.500516,86.5589706820571,89.17780560000001,33.714135578947364,88.46541865877488,28.017692500389376,6,18,1-100:1-100,False,True,,35,99.61977186311786
7,2026-09-25T23:06:58.225+00:00,2026-09-25T23:06:58.322+00:00,2026-09-25T23:07:44.025+00:00,True,1389,1389.0,,1389.0,97.005971,45800.709523,45800.709657,32.97387304319654,21.827135,115.252181,3.8799452499929785,35.37720600000001,32.92774031123919,3.4794521582744795,30.32704109752881,6,18,1-100:1000-1500,False,True,,4761,99.61977186311786
8,2026-09-25T23:07:01.265+00:00,2026-09-25T23:07:01.350+00:00,2026-09-25T23:07:03.654+00:00,True,71,71.0,,71.0,85.216477,2388.823261,2388.823283,33.64539835211268,30.872896,85.216477,6.348768821635438,35.983751,32.90866834285714,1.340068208680935,29.721746752532145,6,18,1-100:1-100,False,True,,386,99.61977186311786
9,2026-09-25T23:07:05.992+00:00,2026-09-25T23:07:06.084+00:00,2026-09-25T23:07:06.441+00:00,True,12,12.0,,12.0,91.620184,448.311896,448.311991,37.359332583333334,31.049106,91.620184,17.125076178377864,60.436281799999996,32.426519272727276,1.1854155310064982,26.767079140813163,6,18,1-100:1-100,False,True,,49,99.61977186311786
10,2026-09-25T23:07:10.119+00:00,2026-09-25T23:07:10.220+00:00,2026-09-25T23:07:11.059+00:00,True,25,25.0,,25.0,100.831845,939.9617010000001,939.961791,37.59847164,31.267865,100.831845,18.590463774699213,85.325777,34.963744,13.399337231053911,26.596828331838594,6,18,600-1000:1-100,False,True,,76,99.61977186311786
11,2026-09-25T23:07:13.341+00:00,2026-09-25T23:07:13.428+00:00,2026-09-25T23:07:15.861+00:00,True,76,76.0,,76.0,87.50639,2520.409558,2520.409373,33.16328122368421,30.494305,87.50639,6.432836879955328,35.70876775,32.43870890666667,1.2250625741175831,30.153829467424995,6,18,600-1000:1-100,False,True,,366,99.61977186311786
12,2026-09-25T23:07:16.921+00:00,2026-09-25T23:07:16.999+00:00,2026-09-25T23:07:18.067+00:00,True,34,34.0,,34.0,78.53707899999999,1146.235767,1146.235696,33.7128145882353,31.708376,78.53707899999999,7.95298676436984,34.52896870000001,32.354505696969696,0.7320718961188377,29.6623094295748,6,18,600-1000:1-100,False,True,,155,99.61977186311786
13,2026-09-25T23:07:21.501+00:00,2026-09-25T23:07:21.598+00:00,2026-09-25T23:07:23.883+00:00,True,71,71.0,,71.0,97.04373,2381.83733,2381.837365,33.54700514084507,30.672345,97.04373,7.971325999617313,35.17859,32.63990857142857,2.2794530126302237,29.808920662100803,6,18,600-1000:1-100,False,True,,104,99.61977186311786
14,2026-09-25T23:07:24.924+00:00,2026-09-25T23:07:25.020+00:00,2026-09-25T23:07:26.390+00:00,True,43,43.0,,43.0,95.65178900000001,1465.227469,1465.2276,34.07506046511628,30.668505,95.65178900000001,9.72543628715001,35.729695,32.60894476190476,1.486202731433101,29.34697916177273,6,18,600-1000:1-100,False,True,,211,99.61977186311786
15,2026-09-25T23:07:28.097+00:00,2026-09-25T23:07:28.172+00:00,2026-09-25T23:07:30.862+00:00,True,83,83.0,,83.0,75.075385,2765.0207290000003,2765.020822,33.31350387951807,30.875775,75.075385,5.308425386800922,35.456495,32.804211512195124,2.5948367820197142,30.017858140983215,6,18,1-100:1-100,False,True,,351,99.61977186311786
16,2026-09-25T23:07:31.382+00:00,2026-09-25T23:07:31.465+00:00,2026-09-25T23:07:33.726+00:00,True,69,69.0,,69.0,83.93161599999999,2344.391648,2344.391563,33.97668931884058,30.963716,83.93161599999999,6.21809918432791,35.655469,33.242059294117645,1.2033111809383288,29.431942422616924,6,18,600-1000:1-100,False,True,,324,99.61977186311786
17,2026-09-25T23:07:34.658+00:00,2026-09-25T23:07:34.765+00:00,2026-09-25T23:07:34.866+00:00,True,4,4.0,,4.0,106.384681,207.195177,207.19520599999998,51.798801499999996,33.041038,106.384681,36.3934080634728,95.54959869999999,33.60349866666667,0.5551638649528023,19.30546867893551,6,18,600-1000:1-100,False,True,,12,99.61977186311786
18,2026-09-25T23:07:39.147+00:00,2026-09-25T23:07:39.263+00:00,2026-09-25T23:07:56.728+00:00,True,506,506.0,,506.0,116.158292,17581.66946,17581.669311,34.74638203754941,30.807865000000003,116.158292,5.557934726446185,36.911217,34.58517062970297,4.2160753286496115,28.779974572448822,6,18,100-300:300-600,False,True,,1771,99.61977186311786
19,2026-09-25T23:07:42.094+00:00,2026-09-25T23:07:42.186+00:00,2026-09-25T23:07:44.937+00:00,True,83,83.0,,83.0,91.80249400000001,2842.769534,2842.76946,34.250234457831326,31.358656,91.80249400000001,6.4826081855093145,34.959823,33.54837853658537,1.0734064916390917,29.196879665166694,6,18,600-1000:1-100,False,True,,378,99.61977186311786
20,2026-09-25T23:07:45.531+00:00,2026-09-25T23:07:45.638+00:00,2026-09-25T23:07:48.012+00:00,True,70,70.0,,70.0,106.89432099999999,2481.7784170000004,2481.778219,35.45397455714286,32.505217,106.89432099999999,8.998526843969206,35.9558795,34.41861008695653,2.4539391625498412,28.20558012774433,6,18,600-1000:1-100,False,True,,244,99.61977186311786
21,2026-09-25T23:07:49.577+00:00,2026-09-25T23:07:49.670+00:00,2026-09-25T23:07:51.655+00:00,True,56,56.0,,56.0,92.945636,2077.541348,2077.541279,37.098951410714285,32.675408,112.92290799999999,12.97537074992798,37.91469849999999,36.0835584,10.614676271836702,26.954938853038897,6,18,1-100:1-100,False,True,,229,99.61977186311786
22,2026-09-25T23:07:52.258+00:00,2026-09-25T23:07:52.352+00:00,2026-09-25T23:07:54.560+00:00,True,64,64.0,,64.0,94.345608,2302.021768,2302.021644,35.9690881875,32.088955999999996,94.345608,8.061825210299052,39.736564,35.042478730158734,3.1943892621705268,27.80164848554117,6,18,1-100:1-100,False,True,,64,99.61977186311786
23,2026-09-25T23:07:55.696+00:00,2026-09-25T23:07:55.783+00:00,2026-09-25T23:07:58.976+00:00,True,92,92.0,,92.0,87.062939,3279.502235,3279.502438,35.646765630434786,32.223807,87.062939,5.7192665853579525,39.66639905,35.081750505494504,1.8376766803407827,28.053037750102344,6,18,1-100:1-100,False,True,,230,99.61977186311786
24,2026-09-25T23:07:58.606+00:00,2026-09-25T23:07:58.700+00:00,2026-09-25T23:08:02.012+00:00,True,96,96.0,,96.0,94.221607,3405.948711,3405.948622,35.478631479166665,32.162257000000004,94.221607,6.53906452578857,37.2474445,34.860285305263154,2.473411969797286,28.185979339604916,6,18,600-1000:1-100,False,True,,445,99.61977186311786
25,2026-09-25T23:08:01.248+00:00,2026-09-25T23:08:01.354+00:00,2026-09-25T23:08:14.497+00:00,True,376,376.0,,376.0,105.991311,13248.048526999999,13248.048471,35.23417146542553,31.848757000000003,105.991311,4.320244200466539,38.26490375,35.04548590933334,2.300465176706776,28.381538551409932,6,18,100-300:300-600,False,True,,1927,99.61977186311786
26,2026-09-25T23:08:04.624+00:00,2026-09-25T23:08:04.719+00:00,2026-09-25T23:08:07.580+00:00,True,83,83.0,,83.0,94.977659,2956.211067,2956.21104,35.61700048192771,32.293127,94.977659,6.843894284775628,39.0082048,34.89309034146342,1.839648536508994,28.07647969609607,6,18,1-100:1-100,False,True,,138,99.61977186311786
27,2026-09-25T23:08:08.596+00:00,2026-09-25T23:08:08.708+00:00,2026-09-25T23:08:09.510+00:00,True,24,24.0,,24.0,112.387598,913.676814,913.676971,38.069873791666666,33.329908,112.387598,15.85853780120347,37.14240785,34.83866156521739,0.9789447846921624,26.26749374861558,6,18,1-100:1-100,False,True,,86,99.61977186311786
28,2026-09-25T23:08:11.433+00:00,2026-09-25T23:08:11.524+00:00,2026-09-25T23:08:12.679+00:00,True,34,34.0,,34.0,90.603544,1245.206296,1245.20629,36.62371441176471,33.477148,90.603544,9.586386216258425,37.140458499999994,34.98796218181818,0.9769439972962067,27.304712567884412,6,18,600-1000:1-100,False,True,,193,99.61977186311786
29,2026-09-25T23:08:15.693+00:00,2026-09-25T23:08:15.802+00:00,2026-09-25T23:08:16.572+00:00,True,23,23.0,,23.0,109.259005,879.480317,879.480263,38.238272304347824,33.383838000000004,109.259005,15.512868416884462,38.4999606,35.010059636363636,1.001581092828474,26.15180755659822,6,18,1-100:1-100,False,True,,62,99.61977186311786
30,2026-09-25T23:08:19.693+00:00,2026-09-25T23:08:19.768+00:00,2026-09-25T23:08:19.936+00:00,True,6,6.0,,6.0,75.55491599999999,242.93001999999998,242.929977,40.4883295,32.206347,75.55491599999999,17.253098765621722,65.81029499999998,33.4750208,1.7851251293428145,24.69847077771615,6,18,1-100:1-100,False,True,,22,99.61977186311786
31,2026-09-25T23:08:23.781+00:00,2026-09-25T23:08:23.864+00:00,2026-09-25T23:08:25.317+00:00,True,43,43.0,,43.0,83.618865,1536.248881,1536.248895,35.72671848837209,31.178532,83.618865,7.602460997358112,37.254577999999995,34.586428952380956,1.390060011100222,27.990256352219276,6,18,600-1000:1-100,False,True,,197,99.61977186311786
32,2026-09-25T23:08:28.194+00:00,2026-09-25T23:08:28.279+00:00,2026-09-25T23:08:29.094+00:00,True,24,24.0,,24.0,85.367907,900.1091550000001,900.109157,37.50454820833333,33.766954,85.367907,10.320709921563667,40.11127355000001,35.42353252173913,1.642943213027292,26.663432836654124,6,18,600-1000:1-100,False,True,,98,99.61977186311786
33,2026-09-25T23:08:30.937+00:00,2026-09-25T23:08:31.022+00:00,2026-09-25T23:08:34.350+00:00,True,100,100.0,,100.0,84.817487,3412.7673109999996,3412.7672860000002,34.12767286,0.030920000000000003,84.817487,9.794752706996283,48.0228865,33.61565478787879,8.392394761555293,29.301734014411394,6,18,600-1000:1-100,False,True,,331,99.61977186311786
0,2026-09-25T23:06:31.949+00:00,2026-09-25T23:06:32.167+00:00,2026-09-25T23:06:34.773+00:00,True,84,84.0,,84.0,218.16120800000002,2823.765304,2823.765268,33.61625319047619,28.856953,218.16120800000002,20.40271517913065,33.35772935000001,31.39282043373494,1.007954123525328,29.747514738923215,7,18,600-1000:1-100,False,True,,395,99.61977186311786
1,2026-09-25T23:06:37.710+00:00,2026-09-25T23:06:37.811+00:00,2026-09-25T23:06:48.195+00:00,True,323,323.0,,323.0,101.582445,10485.539181,10485.539291,32.46296994117647,30.252164,101.582445,4.876159046862216,34.12319790000001,32.248312844720495,2.986903825292029,30.804329126468026,7,18,100-300:300-600,False,True,,1554,99.61977186311786
2,2026-09-25T23:06:42.793+00:00,2026-09-25T23:06:42.869+00:00,2026-09-25T23:06:43.123+00:00,True,9,9.0,,9.0,76.544807,329.954343,329.954526,36.661614,30.752945,76.544807,14.965159481161363,58.847331000000004,31.676192,0.5536172422087821,27.276501100638644,7,18,1-100:1-100,False,True,,39,99.61977186311786
3,2026-09-25T23:06:47.872+00:00,2026-09-25T23:06:47.959+00:00,2026-09-25T23:06:49.443+00:00,True,45,45.0,,45.0,87.103209,1570.873577,1570.87361,34.908302444444445,31.334476,87.103209,8.3983112780947,36.6077138,33.72205381818182,2.7158886301829104,28.646480951025634,7,18,600-1000:1-100,False,True,,237,99.61977186311786
4,2026-09-25T23:06:52.625+00:00,2026-09-25T23:06:52.715+00:00,2026-09-25T23:06:53.354+00:00,True,20,20.0,,20.0,89.984042,728.6879140000001,728.68812,36.434406,31.853385999999997,89.984042,12.636079563128332,37.94435205,33.6159932631579,0.920522543966369,27.446592177182723,7,18,600-1000:1-100,False,True,,88,99.61977186311786
5,2026-09-25T23:06:58.296+00:00,2026-09-25T23:06:58.390+00:00,2026-09-25T23:07:00.240+00:00,True,56,56.0,,56.0,93.75195699999999,1943.6788689999998,1943.678815,34.70855026785714,30.576794999999997,93.75195699999999,8.094661862793831,35.57302000000001,33.63503476363636,1.0026491464523881,28.811343732316928,7,18,1-100:1-100,False,True,,196,99.61977186311786
6,2026-09-25T23:07:01.928+00:00,2026-09-25T23:07:02.029+00:00,2026-09-25T23:07:03.160+00:00,True,35,35.0,,35.0,101.317576,1231.9070159999999,1231.906924,35.19734068571429,31.469226,101.317576,11.583335853891958,36.6341553,33.25263058823529,1.3644224084162835,28.411235219395817,7,18,600-1000:1-100,False,True,,111,99.61977186311786
7,2026-09-25T23:07:06.185+00:00,2026-09-25T23:07:06.282+00:00,2026-09-25T23:07:06.568+00:00,True,10,10.0,,10.0,96.52711000000001,382.684678,382.68480600000004,38.268480600000004,30.450625,96.52711000000001,20.481162665167204,67.71236215,31.795285333333332,0.7173027037227727,26.131174240532307,7,18,1-100:1-100,False,True,,10,99.61977186311786
8,2026-09-25T23:07:11.109+00:00,2026-09-25T23:07:11.190+00:00,2026-09-25T23:07:11.223+00:00,True,2,2.0,,2.0,81.104962,114.061634,114.06166999999999,57.030834999999996,32.956708,81.104962,34.045956905692314,78.6975493,32.956672,nan,17.534379702117892,7,18,1-100:1-100,False,True,,3,99.61977186311786
9,2026-09-25T23:07:16.090+00:00,2026-09-25T23:07:16.186+00:00,2026-09-25T23:07:17.612+00:00,True,45,45.0,,45.0,95.66539900000001,1521.729783,1521.729704,33.81621564444445,30.485114000000003,95.66539900000001,9.504655602262883,35.67947279999999,32.410554181818185,1.206863619740745,29.571610218001496,7,18,1-100:1-100,False,True,,206,99.61977186311786
10,2026-09-25T23:07:20.781+00:00,2026-09-25T23:07:20.866+00:00,2026-09-25T23:07:22.020+00:00,True,36,36.0,,36.0,84.566996,1238.310612,1238.310471,34.39751308333333,30.941825,84.566996,9.688566592998885,40.46281675,32.964103314285715,4.526062875021408,29.071865855898842,7,18,1-100:1-100,False,True,,93,99.61977186311786
11,2026-09-25T23:07:25.698+00:00,2026-09-25T23:07:25.805+00:00,2026-09-25T23:07:44.026+00:00,True,547,547.0,,547.0,107.636312,18327.919704,18327.919841,33.50625199451554,21.382585,115.707792,5.2856289368677025,35.351032000000004,33.3704824029304,4.229377418641351,29.845176584913744,7,18,100-300:300-600,False,True,,2514,99.61977186311786
12,2026-09-25T23:07:29.688+00:00,2026-09-25T23:07:29.779+00:00,2026-09-25T23:07:31.997+00:00,True,68,68.0,,68.0,90.282832,2308.957008,2308.956771,33.95524663235294,30.479775,90.282832,7.607197580584165,36.2867903,33.114539940298506,3.155308760089179,29.450526694258834,7,18,1-100:1-100,False,True,,92,99.61977186311786
13,2026-09-25T23:07:34.190+00:00,2026-09-25T23:07:34.288+00:00,2026-09-25T23:07:34.424+00:00,True,5,5.0,,5.0,98.039122,234.64149000000003,234.641258,46.9282516,32.508687,98.039122,28.602978040018943,85.66579180000001,34.150592,1.5406179310635935,21.309104370245855,7,18,1-100:1-100,False,True,,5,99.61977186311786
14,2026-09-25T23:07:39.066+00:00,2026-09-25T23:07:39.174+00:00,2026-09-25T23:07:41.667+00:00,True,74,74.0,,74.0,108.138093,2600.877165,2600.877005,35.14698655405405,32.061717,108.138093,8.943398252911855,35.2361615,34.14711057534247,2.4669176454945076,28.451939597847176,7,18,1-100:1-100,False,True,,74,99.61977186311786
15,2026-09-25T23:07:43.172+00:00,2026-09-25T23:07:43.274+00:00,2026-09-25T23:07:46.080+00:00,True,84,84.0,,84.0,101.658776,2908.317336,2908.317295,34.62282494047619,31.464395,101.658776,7.647443218158329,36.20287,33.815163373493974,1.9322397929484467,28.882680359609836,7,18,600-1000:1-100,False,True,,206,99.61977186311786
16,2026-09-25T23:07:48.027+00:00,2026-09-25T23:07:48.117+00:00,2026-09-25T23:07:50.790+00:00,True,76,76.0,,76.0,89.261352,2762.308648,2762.308689,36.34616696052632,33.188728000000005,114.428131,11.094160077800607,37.91087325,35.640630613333336,9.295221654442912,27.513217994312992,7,18,600-1000:1-100,False,True,,363,99.61977186311786
17,2026-09-25T23:07:52.849+00:00,2026-09-25T23:07:52.955+00:00,2026-09-25T23:07:53.259+00:00,True,10,10.0,,10.0,105.32288,409.882752,409.882747,40.9882747,33.053897,105.32288,22.61110101682663,73.53805249999999,33.83998577777778,0.5626193386477614,24.397220793520976,7,18,1-100:1-100,False,True,,15,99.61977186311786
18,2026-09-25T23:07:58.001+00:00,2026-09-25T23:07:58.099+00:00,2026-09-25T23:07:59.944+00:00,True,54,54.0,,54.0,97.88709200000001,1942.545012,1942.545185,35.97305898148148,32.157516,97.88709200000001,8.790552939172315,39.83211935,34.80486641509434,1.9107091865130705,27.798583644866397,7,18,600-1000:1-100,False,True,,222,99.61977186311786
19,2026-09-25T23:08:04.465+00:00,2026-09-25T23:08:04.546+00:00,2026-09-25T23:08:04.683+00:00,True,5,5.0,,5.0,81.184932,218.22762,218.227679,43.6455358,33.986828,81.184932,20.985971772690924,71.8493656,34.260672,0.2129381855093163,22.91185689510796,7,18,1-100:1-100,False,True,,5,99.61977186311786
20,2026-09-25T23:08:09.719+00:00,2026-09-25T23:08:09.830+00:00,2026-09-25T23:08:11.349+00:00,True,44,44.0,,44.0,111.106887,1629.814087,1629.814038,37.041228136363635,33.371438000000005,111.106887,11.562216533312322,39.33044735,35.318772093023256,1.7938415692964613,26.996944222632678,7,18,600-1000:1-100,False,True,,157,99.61977186311786
21,2026-09-25T23:08:14.640+00:00,2026-09-25T23:08:14.742+00:00,2026-09-25T23:08:14.850+00:00,True,4,4.0,,4.0,101.42767500000001,209.616859,209.61688900000001,52.404222250000004,34.904050000000005,101.42767500000001,32.711008976211055,91.91162535,36.06306133333334,1.6780515748418858,19.082434586046343,7,18,600-1000:1-100,False,True,,21,99.61977186311786
22,2026-09-25T23:08:20.752+00:00,2026-09-25T23:08:20.852+00:00,2026-09-25T23:08:22.691+00:00,True,55,55.0,,55.0,99.796374,1938.944662,1938.944554,35.253537345454546,31.855192,99.796374,8.985151302590735,37.240589,34.058301629629625,1.4835731589915993,28.365946216983883,7,18,1-100:1-100,False,True,,241,99.61977186311786
23,2026-09-25T23:08:26.569+00:00,2026-09-25T23:08:26.677+00:00,2026-09-25T23:08:29.866+00:00,True,92,92.0,,92.0,107.864969,3296.903561,3296.903717,35.8359099673913,31.387082,107.864969,8.139129015236023,37.7402575,35.04438013186813,2.949827831215793,27.90497152791907,7,18,1-100:1-100,False,True,,129,99.61977186311786
24,2026-09-25T23:08:31.171+00:00,2026-09-25T23:08:31.270+00:00,2026-09-25T23:08:33.078+00:00,True,53,53.0,,53.0,99.167141,1907.2121969999998,1907.212282,35.98513739622641,7.422808,99.167141,11.840821486454436,58.0592108,34.77009723076923,7.948271423788136,27.78925181129177,7,18,1-100:1-100,False,True,,53,99.61977186311786
0,2026-09-25T23:06:31.950+00:00,2026-09-25T23:06:32.167+00:00,2026-09-25T23:06:45.977+00:00,True,436,436.0,,436.0,216.775467,14027.011115,14027.011328,32.17204433027523,27.617151000000003,216.775467,9.20543767653782,33.80267825,31.74766815632184,2.4966239488587783,31.08288689767678,8,18,100-300:300-600,False,True,,1890,99.61977186311786
1,2026-09-25T23:06:36.318+00:00,2026-09-25T23:06:36.388+00:00,2026-09-25T23:06:39.103+00:00,True,86,86.0,,86.0,70.700761,2785.826521,2785.826346,32.393329604651164,29.934794,70.700761,5.201867881849983,33.69476125,31.942656,3.1154989095032906,30.870551109955493,8,18,1-100:1-100,False,True,,296,99.61977186311786
2,2026-09-25T23:06:40.574+00:00,2026-09-25T23:06:40.657+00:00,2026-09-25T23:06:41.069+00:00,True,14,14.0,,14.0,82.682814,495.32819,495.328244,35.380588857142854,30.386474,82.682814,13.649960604283569,51.3382644,31.741952,1.0231752305159334,28.2640889063875,8,18,1-100:1-100,False,True,,14,99.61977186311786
3,2026-09-25T23:06:44.366+00:00,2026-09-25T23:06:44.461+00:00,2026-09-25T23:06:46.366+00:00,True,60,60.0,,60.0,95.02335799999999,1999.6879339999998,1999.687969,33.32813281666667,30.727825,95.02335799999999,8.42560311961761,34.58081955000001,32.28245044067797,2.340222710452003,30.004681720502898,8,18,1-100:1-100,False,True,,165,99.61977186311786
4,2026-09-25T23:06:48.505+00:00,2026-09-25T23:06:48.586+00:00,2026-09-25T23:06:48.906+00:00,True,10,10.0,,10.0,81.417883,401.612955,401.61282800000004,40.1612828,33.068887000000004,81.417883,15.24827396330684,66.71316685,35.57723022222223,5.016904201733619,24.899595183626484,8,18,600-1000:1-100,False,True,,32,99.61977186311786
5,2026-09-25T23:06:51.711+00:00,2026-09-25T23:06:51.800+00:00,2026-09-25T23:07:02.094+00:00,True,309,309.0,,309.0,89.228871,10382.964038999999,10382.964224,33.60182596763754,0.01592,390.100275,21.82021733075951,35.348175,33.42121807792208,21.623147767511806,29.760287990919434,8,18,100-300:300-600,False,True,,1050,99.61977186311786
6,2026-09-25T23:06:54.562+00:00,2026-09-25T23:06:54.647+00:00,2026-09-25T23:06:57.719+00:00,True,92,92.0,,92.0,85.594578,3157.7300020000002,3157.729869,34.323150749999996,0.015560000000000001,390.883986,39.737802975394445,35.83513445,33.75972993406593,39.58673938021655,29.134853183055643,8,18,1-100:1-100,False,True,,335,99.61977186311786
7,2026-09-25T23:06:57.998+00:00,2026-09-25T23:06:58.083+00:00,2026-09-25T23:06:59.602+00:00,True,46,46.0,,46.0,85.120407,1604.012695,1604.012908,34.86984582608696,31.535586,85.120407,7.617307201727711,35.37763325,33.753161955555555,0.8232240486374277,28.678077264220157,8,18,600-1000:1-100,False,True,,212,99.61977186311786
8,2026-09-25T23:07:02.736+00:00,2026-09-25T23:07:02.821+00:00,2026-09-25T23:07:04.361+00:00,True,48,48.0,,48.0,85.76929799999999,1624.96725,1624.967292,33.85348525,30.686294999999998,85.76929799999999,7.775797975274301,34.73779735,32.74889259574468,1.3922734069165228,29.53905686406911,8,18,1-100:1-100,False,True,,237,99.61977186311786
9,2026-09-25T23:07:06.144+00:00,2026-09-25T23:07:06.248+00:00,2026-09-25T23:07:07.475+00:00,True,39,39.0,,39.0,103.662188,1330.970988,1330.971007,34.12746171794872,31.023945,103.662188,11.49355952347483,35.729224200000004,32.2976,1.247184813202269,29.301915933272017,8,18,600-1000:1-100,False,True,,99,99.61977186311786
10,2026-09-25T23:07:09.417+00:00,2026-09-25T23:07:09.493+00:00,2026-09-25T23:07:12.456+00:00,True,90,90.0,,90.0,75.982167,3038.418007,3038.417983,33.760199811111114,30.507345,98.44649199999999,8.580010244635142,36.314388599999994,33.28579595505618,7.346257256843069,29.620677534379816,8,18,1-100:1-100,False,True,,203,99.61977186311786
11,2026-09-25T23:07:13.751+00:00,2026-09-25T23:07:13.857+00:00,2026-09-25T23:07:15.993+00:00,True,67,67.0,,67.0,105.91388099999999,2242.1189369999997,2242.118916,33.46446143283582,30.926936,105.91388099999999,9.060583196107258,35.2677037,32.36674327272728,1.1751944787686,29.8824468650389,8,18,600-1000:1-100,False,True,,363,99.61977186311786
12,2026-09-25T23:07:16.624+00:00,2026-09-25T23:07:16.706+00:00,2026-09-25T23:07:18.195+00:00,True,47,47.0,,47.0,82.220304,1571.243536,1571.243541,33.430713638297874,30.899505,82.220304,7.332503312884214,34.670847699999996,32.37007026086957,0.9550371614215376,29.912613113846408,8,18,600-1000:1-100,False,True,,201,99.61977186311786
13,2026-09-25T23:07:20.934+00:00,2026-09-25T23:07:21.051+00:00,2026-09-25T23:07:38.500+00:00,True,530,530.0,,530.0,117.175414,17565.97823,17565.978223,33.143355137735846,30.334304,117.175414,5.485939628520893,35.38154105,32.98450437807183,4.093089307116093,30.17196042602633,8,18,100-300:300-600,False,True,,2502,99.61977186311786
14,2026-09-25T23:07:24.549+00:00,2026-09-25T23:07:24.634+00:00,2026-09-25T23:07:25.149+00:00,True,17,17.0,,17.0,85.802358,600.60735,600.607454,35.32985023529412,30.810154999999998,85.802358,13.047457662350698,45.6532156,32.175312,1.0673298973179755,28.304681919060766,8,18,1-100:1-100,False,True,,65,99.61977186311786
15,2026-09-25T23:07:28.980+00:00,2026-09-25T23:07:29.068+00:00,2026-09-25T23:07:30.862+00:00,True,56,56.0,,56.0,88.068781,1881.195949,1881.195725,33.59278080357143,30.425174,88.068781,7.491619334326068,35.1772925,32.60231214545455,1.0992301460090554,29.768297146168265,8,18,600-1000:1-100,False,True,,195,99.61977186311786
16,2026-09-25T23:07:33.619+00:00,2026-09-25T23:07:33.727+00:00,2026-09-25T23:07:51.690+00:00,True,526,526.0,,526.0,107.48373299999999,18070.581333000002,18070.581258,34.35471722053232,22.117325,115.106352,6.268061346179816,36.2353635,34.215424,5.397991688149067,29.10808403487458,8,18,100-300:300-600,False,True,,3132,99.61977186311786
17,2026-09-25T23:07:37.501+00:00,2026-09-25T23:07:37.585+00:00,2026-09-25T23:07:39.807+00:00,True,67,67.0,,67.0,84.768167,2306.0975750000002,2306.0976689999998,34.41936819402985,21.545945,84.768167,7.140546726504263,36.34990870000001,33.65650618181818,3.4901087586241246,29.0534107170205,8,18,600-1000:1-100,False,True,,304,99.61977186311786
18,2026-09-25T23:07:41.107+00:00,2026-09-25T23:07:41.110+00:00,2026-09-25T23:07:41.110+00:00,False,1,0.0,,0.0,3.0426640000000003,3.0426640000000003,3.0426640000000003,3.0426640000000003,3.0426640000000003,3.0426640000000003,nan,3.0426640000000003,nan,nan,0.0,8,18,1-100:1-100,False,False,'choices',0,99.61977186311786
19,2026-09-25T23:07:44.634+00:00,2026-09-25T23:07:44.733+00:00,2026-09-25T23:07:45.232+00:00,True,16,16.0,,16.0,99.314683,597.920251,597.920232,37.3700145,31.726576,99.314683,16.55909424736054,51.38052325,33.2403712,1.1982970184888695,26.75942146672667,8,18,1-100:1-100,False,True,,25,99.61977186311786
20,2026-09-25T23:07:48.370+00:00,2026-09-25T23:07:48.459+00:00,2026-09-25T23:07:48.981+00:00,True,16,16.0,,16.0,88.80110099999999,610.790477,610.790666,38.174416625,32.782288,88.80110099999999,13.598378575426347,51.90126899999999,34.799291733333334,1.686240865047605,26.195562312278813,8,18,600-1000:1-100,False,True,,53,99.61977186311786
21,2026-09-25T23:07:52.030+00:00,2026-09-25T23:07:52.141+00:00,2026-09-25T23:07:54.757+00:00,True,75,75.0,,75.0,110.616516,2726.663108,2726.663148,36.355508640000004,32.209536,110.616516,9.505083940336542,40.212371000000005,35.351980972972974,3.875511060973016,27.506148368660142,8,18,1-100:1-100,False,True,,75,99.61977186311786
22,2026-09-25T23:07:55.724+00:00,2026-09-25T23:07:55.818+00:00,2026-09-25T23:07:56.057+00:00,True,8,8.0,,8.0,93.463897,332.41762500000004,332.417759,41.552219875,32.986177000000005,93.463897,20.986541024232192,73.01520055,34.13624685714286,0.7357171541644313,24.066112619630196,8,18,600-1000:1-100,False,True,,35,99.61977186311786
23,2026-09-25T23:08:00.201+00:00,2026-09-25T23:08:00.296+00:00,2026-09-25T23:08:01.059+00:00,True,23,23.0,,23.0,94.69072800000001,858.03332,858.033488,37.30580382608696,33.312728,94.69072800000001,12.551711104069241,37.629532899999994,34.697390545454546,1.0530454342592082,26.805485828918627,8,18,1-100:1-100,False,True,,23,99.61977186311786
24,2026-09-25T23:08:03.820+00:00,2026-09-25T23:08:03.922+00:00,2026-09-25T23:08:04.926+00:00,True,30,30.0,,30.0,102.34817699999999,1106.386833,1106.386861,36.879562033333336,32.924538,102.34817699999999,12.447842242864152,38.560041649999995,34.622022620689656,1.4586836562483416,27.115290154578332,8,18,1-100:1-100,False,True,,128,99.61977186311786
25,2026-09-25T23:08:08.191+00:00,2026-09-25T23:08:08.290+00:00,2026-09-25T23:08:10.264+00:00,True,57,57.0,,57.0,99.014403,2072.173315,2072.173202,36.353915824561405,33.122928,99.014403,8.625174387484533,38.880404399999996,35.23498057142857,1.756004593340429,27.507351623240066,8,18,1-100:1-100,False,True,,57,99.61977186311786
26,2026-09-25T23:08:12.354+00:00,2026-09-25T23:08:12.431+00:00,2026-09-25T23:08:13.272+00:00,True,25,25.0,,25.0,77.451538,918.0431540000001,918.043196,36.72172784,33.084477,77.451538,8.554499518454,37.588007000000005,35.024650666666666,1.1086374227273479,27.23183533483438,8,18,1-100:1-100,False,True,,67,99.61977186311786
27,2026-09-25T23:08:16.161+00:00,2026-09-25T23:08:16.258+00:00,2026-09-25T23:08:18.365+00:00,True,61,61.0,,61.0,96.75186,2203.4885,2203.488421,36.122761,31.806826,96.75186,8.674681770277836,40.326806,35.11227733333334,3.630960716716966,27.68337570175656,8,18,600-1000:1-100,False,True,,208,99.61977186311786
28,2026-09-25T23:08:19.389+00:00,2026-09-25T23:08:19.471+00:00,2026-09-25T23:08:19.867+00:00,True,13,13.0,,13.0,82.529554,478.233106,478.233316,36.787178153846156,32.156906,82.529554,13.769972242780568,54.38284360000001,32.975296,0.8850583663547538,27.183396207622646,8,18,1-100:1-100,False,True,,60,99.61977186311786
29,2026-09-25T23:08:21.976+00:00,2026-09-25T23:08:22.071+00:00,2026-09-25T23:08:23.969+00:00,True,55,55.0,,55.0,94.705777,1992.998001,1992.99803,36.23632781818182,31.393262,94.705777,8.935456495305344,39.9931336,35.1535597037037,3.9561361543887106,27.59661573790008,8,18,600-1000:1-100,False,True,,204,99.61977186311786
30,2026-09-25T23:08:26.742+00:00,2026-09-25T23:08:26.865+00:00,2026-09-25T23:08:45.439+00:00,True,571,571.0,,571.0,123.71622599999999,18697.20461,18697.204571,32.74466649912434,0.03775,123.71622599999999,5.790806461610973,36.217857,32.585067340350875,4.361461767699483,30.539324562699964,8,18,100-300:300-600,False,True,,1204,99.61977186311786
31,2026-09-25T23:08:30.162+00:00,2026-09-25T23:08:30.249+00:00,2026-09-25T23:08:30.914+00:00,True,20,20.0,,20.0,87.139148,752.21102,752.2108860000001,37.6105443,33.011083,87.139148,11.705236624582126,40.0836435,35.003782736842105,1.0812970170548188,26.58828369730611,8,18,600-1000:1-100,False,True,,53,99.61977186311786
0,2026-09-25T23:06:31.953+00:00,2026-09-25T23:06:32.166+00:00,2026-09-25T23:06:32.876+00:00,True,23,23.0,,23.0,213.486283,922.9580269999999,922.957782,40.128599217391304,29.652084,213.486283,37.80554267808091,33.9254929,32.248715636363634,1.086072132846685,24.919876448509402,9,18,1-100:1-100,False,True,,23,99.61977186311786
1,2026-09-25T23:06:36.073+00:00,2026-09-25T23:06:36.168+00:00,2026-09-25T23:06:37.447+00:00,True,41,41.0,,41.0,94.949568,1373.876416,1373.876476,33.509182341463415,29.644323,94.949568,10.590136789605996,33.443228000000005,31.9731712,3.9766663562528852,29.84256773208923,9,18,1-100:1-100,False,True,,156,99.61977186311786
2,2026-09-25T23:06:40.526+00:00,2026-09-25T23:06:40.624+00:00,2026-09-25T23:06:41.670+00:00,True,34,34.0,,34.0,97.859442,1144.393586,1144.393474,33.658631588235295,30.369355,97.859442,11.38074549832284,34.1083917,31.71315587878788,0.9280262509306969,29.71005816175555,9,18,1-100:1-100,False,True,,34,99.61977186311786
3,2026-09-25T23:06:44.723+00:00,2026-09-25T23:06:44.799+00:00,2026-09-25T23:06:46.685+00:00,True,60,60.0,,60.0,75.984606,1961.769438,1961.769316,32.696155266666665,30.407633999999998,75.984606,5.737070905167634,34.00886059999999,31.96245477966102,0.7908336798462587,30.584633870720946,9,18,600-1000:1-100,False,True,,248,99.61977186311786
4,2026-09-25T23:06:48.518+00:00,2026-09-25T23:06:48.620+00:00,2026-09-25T23:06:49.040+00:00,True,13,13.0,,13.0,102.535397,522.059749,522.059705,40.15843884615385,32.371387,102.535397,19.21890713425568,70.22622380000001,34.96036266666666,4.444344502859118,24.901364307249057,9,18,600-1000:1-100,False,True,,56,99.61977186311786
5,2026-09-25T23:06:55.416+00:00,2026-09-25T23:06:55.532+00:00,2026-09-25T23:06:55.899+00:00,True,12,12.0,,12.0,115.22460099999999,482.543385,482.54337,40.2119475,31.814096000000003,115.22460099999999,23.642047903195497,71.0283269,33.392616727272724,0.9988358430313853,24.868230242136672,9,18,1-100:1-100,False,True,,42,99.61977186311786
6,2026-09-25T23:07:01.041+00:00,2026-09-25T23:07:01.123+00:00,2026-09-25T23:07:03.750+00:00,True,81,81.0,,81.0,81.741454,2708.7215499999998,2708.721668,33.44100824691358,31.020155,81.741454,5.590258842245473,35.2925,32.8372512,1.3215954944291974,29.90340590748429,9,18,600-1000:1-100,False,True,,320,99.61977186311786
7,2026-09-25T23:07:07.674+00:00,2026-09-25T23:07:07.768+00:00,2026-09-25T23:07:09.685+00:00,True,60,60.0,,60.0,94.135347,2011.311667,2011.311883,33.52186471666667,30.210205000000002,94.135347,8.325188176256908,34.61974765,32.49451389830509,2.466859646629165,29.83127925146173,9,18,600-1000:1-100,False,True,,230,99.61977186311786
8,2026-09-25T23:07:11.880+00:00,2026-09-25T23:07:11.961+00:00,2026-09-25T23:07:13.725+00:00,True,55,55.0,,55.0,81.161702,1845.0121980000001,1845.012183,33.54567605454545,30.594775000000002,81.161702,6.661148264271797,35.4167433,32.663898074074076,1.279437166190265,29.810101017012354,9,18,1-100:1-100,False,True,,235,99.61977186311786
9,2026-09-25T23:07:16.212+00:00,2026-09-25T23:07:16.321+00:00,2026-09-25T23:07:58.209+00:00,True,1245,1245.0,,1245.0,108.966175,41996.607007,41996.606991,33.73221445060241,21.187673999999998,115.141211,4.5989270805138425,36.208809,33.67173700321543,4.075517094254284,29.645252050778367,9,18,600-1000:1000-1500,False,True,,4240,99.61977186311786
10,2026-09-25T23:07:21.992+00:00,2026-09-25T23:07:22.085+00:00,2026-09-25T23:08:11.275+00:00,True,1440,1440.0,,1440.0,92.697315,49282.508771,49282.508956,34.22396455277778,22.108494999999998,115.531522,4.242448011497238,37.066095,34.183329712300214,3.9536729797113144,29.21929171039603,9,18,1-100:1000-1500,False,True,,6776,99.61977186311786
11,2026-09-25T23:07:25.812+00:00,2026-09-25T23:07:25.906+00:00,2026-09-25T23:08:00.783+00:00,True,1024,1024.0,,1024.0,94.71807799999999,34971.345022,34971.345063,34.15170416308594,21.949005,115.849722,4.715313020356451,36.402352,34.092499456500484,4.320077699348254,29.28111570646812,9,18,1-100:1000-1500,False,True,,2761,99.61977186311786
12,2026-09-25T23:07:29.988+00:00,2026-09-25T23:07:30.070+00:00,2026-09-25T23:07:32.468+00:00,True,73,73.0,,73.0,82.138053,2480.6314930000003,2480.631547,33.98125406849315,30.602535,82.138053,6.475180153990907,36.51894,33.31240888888889,3.0662314291864172,29.427990495966824,9,18,1-100:1-100,False,True,,76,99.61977186311786
13,2026-09-25T23:07:34.102+00:00,2026-09-25T23:07:34.186+00:00,2026-09-25T23:07:36.870+00:00,True,78,78.0,,78.0,84.476926,2768.2170859999997,2768.216926,35.48996058974359,31.122425,114.849371,10.79312284222064,35.34629865,34.85376831168831,9.27573478206684,28.176980914711404,9,18,600-1000:1-100,False,True,,314,99.61977186311786
14,2026-09-25T23:07:39.010+00:00,2026-09-25T23:07:39.103+00:00,2026-09-25T23:07:40.686+00:00,True,47,47.0,,47.0,93.24887600000001,1676.2474040000002,1676.247451,35.66483938297873,32.249237,93.24887600000001,9.081523713223607,36.6073007,34.41301147826087,3.0029440404460694,28.03882045564677,9,18,1-100:1-100,False,True,,174,99.61977186311786
15,2026-09-25T23:07:44.719+00:00,2026-09-25T23:07:44.803+00:00,2026-09-25T23:07:46.885+00:00,True,62,62.0,,62.0,83.223115,2165.381195,2165.381378,34.92550609677419,31.123185000000003,83.223115,7.066544113608988,35.9615175,34.13373901639345,3.354562004895634,28.632372047546113,9,18,600-1000:1-100,False,True,,256,99.61977186311786
16,2026-09-25T23:07:48.559+00:00,2026-09-25T23:07:48.669+00:00,2026-09-25T23:07:49.325+00:00,True,20,20.0,,20.0,110.394025,765.571753,765.571722,38.2785861,32.941617,110.394025,17.006624595487576,41.17673715000001,34.48303831578948,1.0782182439630594,26.124265846574414,9,18,1-100:1-100,False,True,,55,99.61977186311786
17,2026-09-25T23:07:52.790+00:00,2026-09-25T23:07:52.881+00:00,2026-09-25T23:07:54.351+00:00,True,43,43.0,,43.0,91.620955,1560.9344910000002,1560.934499,36.30080230232558,32.377687,91.620955,9.435762050737006,40.8152778,34.98365561904762,3.8452529133457527,27.54760065071814,9,18,1-100:1-100,False,True,,48,99.61977186311786
18,2026-09-25T23:07:57.987+00:00,2026-09-25T23:07:58.099+00:00,2026-09-25T23:08:00.575+00:00,True,72,72.0,,72.0,111.99770699999999,2587.728395,2587.728229,35.940669847222225,32.252757,111.99770699999999,9.257785578629775,39.527076,34.86944630985916,1.7688504793106623,27.823631003593018,9,18,600-1000:1-100,False,True,,322,99.61977186311786
19,2026-09-25T23:08:02.499+00:00,2026-09-25T23:08:02.595+00:00,2026-09-25T23:08:04.821+00:00,True,65,65.0,,65.0,96.03841,2321.8191460000003,2321.818997,35.72029226153846,32.648237,96.03841,8.050215443808051,37.295490799999996,34.777824,2.679889557990078,27.99528986225355,9,18,600-1000:1-100,False,True,,251,99.61977186311786
20,2026-09-25T23:08:07.352+00:00,2026-09-25T23:08:07.442+00:00,2026-09-25T23:08:08.602+00:00,True,34,34.0,,34.0,89.314982,1249.364902,1249.364875,36.74602573529412,32.876948,89.314982,9.514638352901702,41.75018254999999,35.153027878787874,2.0931060288749075,27.21382675755686,9,18,1-100:1-100,False,True,,34,99.61977186311786
21,2026-09-25T23:08:12.423+00:00,2026-09-25T23:08:12.504+00:00,2026-09-25T23:08:15.872+00:00,True,97,97.0,,97.0,80.911712,3448.878432,3448.878651,35.55545001030928,33.251377999999995,80.911712,4.825187437482725,37.8794712,35.08298666666666,1.2834759859884668,28.125085274098755,9,18,1-100:1-100,False,True,,290,99.61977186311786
22,2026-09-25T23:08:16.770+00:00,2026-09-25T23:08:16.874+00:00,2026-09-25T23:08:20.100+00:00,True,95,95.0,,95.0,104.85589900000001,3330.300507,3330.300426,35.055793957894736,31.052675999999998,104.85589900000001,7.930871229239523,39.0035549,34.313240510638295,3.260370138126499,28.525954279596785,9,18,1-100:1-100,False,True,,143,99.61977186311786
23,2026-09-25T23:08:21.751+00:00,2026-09-25T23:08:21.830+00:00,2026-09-25T23:09:02.905+00:00,True,1297,1297.0,,1297.0,78.828591,41153.671470999994,41153.671362,31.729893108712414,0.05367,78.828591,4.280066458963386,35.6503062,31.69355160493827,4.076617854983537,31.516021624315215,9,18,1-100:1000-1500,False,True,,7060,99.61977186311786
24,2026-09-25T23:08:26.777+00:00,2026-09-25T23:08:26.902+00:00,2026-09-25T23:08:28.566+00:00,True,49,49.0,,49.0,125.336217,1789.138841,1789.1389219999999,36.513039224489795,31.850693,125.336217,13.052264733843188,37.90309439999999,34.662554666666665,1.6206139306602603,27.38747763846685,9,18,600-1000:1-100,False,True,,167,99.61977186311786
25,2026-09-25T23:08:30.912+00:00,2026-09-25T23:08:31.020+00:00,2026-09-25T23:08:31.799+00:00,True,23,23.0,,23.0,108.504311,887.386103,887.385944,38.58199756521739,24.488575,108.504311,15.724087342714943,47.58992920000001,35.40371781818182,3.952477378490798,25.918819240287334,9,18,1-100:1-100,False,True,,23,99.61977186311786
0,2026-09-25T23:06:31.954+00:00,2026-09-25T23:06:32.167+00:00,2026-09-25T23:06:33.065+00:00,True,29,29.0,,29.0,212.922782,1111.124638,1111.124516,38.31463848275862,29.852534,212.922782,33.592354894784236,33.3934116,32.07863771428571,0.8527837406798486,26.099682257248265,10,18,1-100:1-100,False,True,,97,99.61977186311786
1,2026-09-25T23:06:35.756+00:00,2026-09-25T23:06:35.832+00:00,2026-09-25T23:06:36.075+00:00,True,9,9.0,,9.0,75.856286,318.889886,318.889954,35.43221711111111,30.117445,75.856286,15.160337475238977,57.8051336,30.3792,0.21319523271003438,28.222908267463833,10,18,1-100:1-100,False,True,,29,99.61977186311786
2,2026-09-25T23:06:39.027+00:00,2026-09-25T23:06:39.104+00:00,2026-09-25T23:06:40.242+00:00,True,37,37.0,,37.0,77.136038,1215.224486,1215.224415,32.84390310810811,30.522745,77.136038,7.521286357424258,33.5988128,31.613568,0.7601651565654852,30.447049435111527,10,18,1-100:1-100,False,True,,37,99.61977186311786
3,2026-09-25T23:06:43.252+00:00,2026-09-25T23:06:43.369+00:00,2026-09-25T23:06:45.117+00:00,True,55,55.0,,55.0,116.677483,1865.575275,1865.575216,33.91954938181818,30.947015,116.677483,11.608736994861783,34.804458600000004,32.38699614814815,2.3850328717927667,29.481522797304443,10,18,600-1000:1-100,False,True,,267,99.61977186311786
4,2026-09-25T23:06:47.950+00:00,2026-09-25T23:06:48.027+00:00,2026-09-25T23:06:50.399+00:00,True,73,73.0,,73.0,76.542527,2449.102911,2449.103082,33.549357287671235,30.329404,76.542527,5.587539262445067,35.8281304,32.95222755555556,2.294515812420741,29.806832400600584,10,18,1-100:1-100,False,True,,168,99.61977186311786
5,2026-09-25T23:06:52.618+00:00,2026-09-25T23:06:52.714+00:00,2026-09-25T23:06:55.416+00:00,True,78,78.0,,78.0,95.92542900000001,2797.768373,2797.768399,35.86882562820513,0.01723,388.665613,42.14472397172695,35.43900515,35.0888694025974,41.85061855036018,27.879362978273257,10,18,600-1000:1-100,False,True,,266,99.61977186311786
6,2026-09-25T23:06:55.582+00:00,2026-09-25T23:06:55.662+00:00,2026-09-25T23:06:56.102+00:00,True,14,14.0,,14.0,79.769081,519.502329,519.502282,37.107305857142855,31.621596,79.769081,12.306804379052476,50.535297850000006,33.82563446153846,0.8620298820830415,26.948868596891312,10,18,1-100:1-100,False,True,,14,99.61977186311786
7,2026-09-25T23:06:59.580+00:00,2026-09-25T23:06:59.674+00:00,2026-09-25T23:07:00.077+00:00,True,13,13.0,,13.0,94.88561800000001,497.319922,497.319936,38.25537969230769,32.443937,94.88561800000001,17.045305124993522,59.03163520000001,33.536192,1.0564164101523947,26.1401150947659,10,18,1-100:1-100,False,True,,57,99.61977186311786
8,2026-09-25T23:07:02.484+00:00,2026-09-25T23:07:02.589+00:00,2026-09-25T23:07:03.192+00:00,True,19,19.0,,19.0,104.97816999999999,708.13081,708.130597,37.27003142105263,31.651986,104.97816999999999,16.4458517681199,43.1764948,33.50848,1.3130057547388785,26.831200862450824,10,18,1-100:1-100,False,True,,35,99.61977186311786
9,2026-09-25T23:07:05.277+00:00,2026-09-25T23:07:05.382+00:00,2026-09-25T23:07:05.733+00:00,True,12,12.0,,12.0,104.60605899999999,455.421291,455.421469,37.95178908333333,31.385715,104.60605899999999,20.992735483172787,64.8605554,31.892293818181816,0.31022514953814373,26.34922924585008,10,18,600-1000:1-100,False,True,,50,99.61977186311786
10,2026-09-25T23:07:10.016+00:00,2026-09-25T23:07:10.090+00:00,2026-09-25T23:07:10.669+00:00,True,19,19.0,,19.0,73.87322400000001,652.7363280000001,652.736144,34.35453389473684,31.461166000000002,73.87322400000001,9.59681226926225,38.720327399999995,32.159061333333334,0.7392075508858038,29.108231279568063,10,18,1-100:1-100,False,True,,79,99.61977186311786
11,2026-09-25T23:07:13.367+00:00,2026-09-25T23:07:13.463+00:00,2026-09-25T23:07:14.019+00:00,True,18,18.0,,18.0,96.67574,652.5728280000001,652.572864,36.254048000000004,30.786535,96.67574,15.146371795281734,45.08058785,32.699828705882354,1.4679885284757748,27.58312823898331,10,18,1-100:1-100,False,True,,62,99.61977186311786
12,2026-09-25T23:07:16.138+00:00,2026-09-25T23:07:16.222+00:00,2026-09-25T23:07:18.940+00:00,True,85,85.0,,85.0,83.871705,2801.652953,2801.652863,32.96062191764706,31.037696,83.871705,5.682531045854116,34.8315258,32.35453866666667,1.0393391487650674,30.339232383861933,10,18,600-1000:1-100,False,True,,450,99.61977186311786
13,2026-09-25T23:07:20.673+00:00,2026-09-25T23:07:20.767+00:00,2026-09-25T23:07:20.899+00:00,True,5,5.0,,5.0,94.111167,226.390975,226.390988,45.2781976,31.909477,94.111167,27.36005051265117,82.53793180000001,33.069952,2.118640631489289,22.085686057052406,10,18,1-100:1-100,False,True,,5,99.61977186311786
14,2026-09-25T23:07:24.140+00:00,2026-09-25T23:07:24.244+00:00,2026-09-25T23:07:26.007+00:00,True,55,55.0,,55.0,104.037848,1867.8517359999998,1867.851839,33.96094252727273,30.616265,104.037848,9.765221643203917,36.4774716,32.66322014814815,1.66937215356961,29.445591927859528,10,18,600-1000:1-100,False,True,,224,99.61977186311786
15,2026-09-25T23:07:28.823+00:00,2026-09-25T23:07:28.919+00:00,2026-09-25T23:07:29.428+00:00,True,16,16.0,,16.0,95.99723900000001,604.995895,604.995849,37.8122405625,30.705055,95.99723900000001,15.96164535840714,59.41142525000001,33.933243733333335,3.8768203061054978,26.446460434248067,10,18,1-100:1-100,False,True,,30,99.61977186311786
16,2026-09-25T23:07:32.382+00:00,2026-09-25T23:07:32.468+00:00,2026-09-25T23:07:33.197+00:00,True,23,23.0,,23.0,85.84240799999999,814.975208,814.975209,35.433704739130434,31.891536,85.84240799999999,11.033301535178731,35.5966119,33.1424,1.0142835373493473,28.221717389960162,10,18,1-100:1-100,False,True,,43,99.61977186311786
17,2026-09-25T23:07:35.391+00:00,2026-09-25T23:07:35.488+00:00,2026-09-25T23:07:37.550+00:00,True,63,63.0,,63.0,96.37048,2158.320176,2158.32034,34.259053015873015,30.785345,96.37048,8.033067139281576,35.14890499999999,33.25725316129032,1.151039120697784,29.18936712937441,10,18,1-100:1-100,False,True,,193,99.61977186311786
18,2026-09-25T23:07:40.311+00:00,2026-09-25T23:07:40.416+00:00,2026-09-25T23:07:41.833+00:00,True,43,43.0,,43.0,104.52097900000001,1521.772563,1521.772625,35.390061046511626,31.152425,104.52097900000001,10.837428310133122,35.5378199,33.74408533333334,0.9880051551285146,28.256522062160478,10,18,1-100:1-100,False,True,,208,99.61977186311786
19,2026-09-25T23:07:43.366+00:00,2026-09-25T23:07:43.445+00:00,2026-09-25T23:07:44.971+00:00,True,46,46.0,,46.0,79.37865,1605.7998980000002,1605.79989,34.90869326086957,32.390937,79.37865,6.762715913434277,36.13342825,33.920472177777775,0.9110761575647103,28.64615949801237,10,18,1-100:1-100,False,True,,46,99.61977186311786
20,2026-09-25T23:07:46.880+00:00,2026-09-25T23:07:46.987+00:00,2026-09-25T23:07:47.603+00:00,True,19,19.0,,19.0,107.11189200000001,722.515156,722.514984,38.027104421052634,32.962438,107.11189200000001,16.75188653123636,43.6013751,34.18907022222223,0.8879593893736858,26.297026217675633,10,18,1-100:1-100,False,True,,43,99.61977186311786
21,2026-09-25T23:07:49.834+00:00,2026-09-25T23:07:49.915+00:00,2026-09-25T23:07:52.848+00:00,True,83,83.0,,83.0,80.609602,3013.888578,3013.888536,36.31191007228916,32.815388,113.88866,10.070903693276389,38.5056028,35.77169482926829,8.84046309606332,27.53917334763528,10,18,1-100:1-100,False,True,,257,99.61977186311786
22,2026-09-25T23:07:54.006+00:00,2026-09-25T23:07:54.080+00:00,2026-09-25T23:07:54.687+00:00,True,18,18.0,,18.0,74.74394500000001,681.3827930000001,681.3828560000001,37.85460311111111,32.748967,74.74394500000001,10.684920452603242,59.746052,35.68463811764706,5.590074634521103,26.41686902709913,10,18,1-100:1-100,False,True,,27,99.61977186311786
23,2026-09-25T23:07:57.544+00:00,2026-09-25T23:07:57.644+00:00,2026-09-25T23:07:58.245+00:00,True,18,18.0,,18.0,100.60335400000001,701.502426,701.502479,38.97235994444444,33.334068,100.60335400000001,15.445192611142145,48.20247750000001,35.34700423529412,1.4492176520871325,25.65921275944383,10,18,1-100:1-100,False,True,,62,99.61977186311786
24,2026-09-25T23:08:00.306+00:00,2026-09-25T23:08:00.401+00:00,2026-09-25T23:08:03.581+00:00,True,91,91.0,,91.0,95.42806900000001,3274.734309,3274.734133,35.98608937362637,31.868397,95.42806900000001,7.55998777053825,37.437332999999995,35.32562488888889,4.201656184352767,27.788513941391635,10,18,600-1000:1-100,False,True,,325,99.61977186311786
25,2026-09-25T23:08:04.975+00:00,2026-09-25T23:08:05.064+00:00,2026-09-25T23:08:05.613+00:00,True,17,17.0,,17.0,89.09924099999999,637.970409,637.970337,37.52766688235294,33.676517999999994,89.09924099999999,13.301048195988248,46.1052482,34.304448,0.5675658717895806,26.647003936510163,10,18,1-100:1-100,False,True,,49,99.61977186311786
26,2026-09-25T23:08:07.946+00:00,2026-09-25T23:08:08.037+00:00,2026-09-25T23:08:09.371+00:00,True,39,39.0,,39.0,91.15061299999999,1424.767253,1424.767274,36.5324942051282,33.096697,91.15061299999999,9.111704932800867,39.2345203,35.095174736842104,1.587414719410926,27.37289190068155,10,18,600-1000:1-100,False,True,,164,99.61977186311786
27,2026-09-25T23:08:10.698+00:00,2026-09-25T23:08:10.789+00:00,2026-09-25T23:08:12.957+00:00,True,63,63.0,,63.0,91.330204,2259.0296599999997,2259.029565,35.85761214285714,32.108726,91.330204,7.194410182468397,37.2971019,34.962894451612904,1.1612036807060035,27.88808005291972,10,18,1-100:1-100,False,True,,202,99.61977186311786
28,2026-09-25T23:08:14.880+00:00,2026-09-25T23:08:14.990+00:00,2026-09-25T23:08:17.688+00:00,True,78,78.0,,78.0,110.34369500000001,2808.419087,2808.4191610000003,36.00537385897436,31.468386,110.34369500000001,8.694924336247405,38.33038845,35.03994015584416,1.714398227384014,27.77363263234366,10,18,1-100:1-100,False,True,,78,99.61977186311786
29,2026-09-25T23:08:17.690+00:00,2026-09-25T23:08:17.816+00:00,2026-09-25T23:08:32.184+00:00,True,415,415.0,,415.0,126.099694,14494.184942,14494.185113,34.92574726024096,17.467907999999998,126.099694,5.789670530795681,38.5522523,34.705519922705314,3.664050736064892,28.632172258092883,10,18,100-300:300-600,False,True,,1952,99.61977186311786
30,2026-09-25T23:08:20.596+00:00,2026-09-25T23:08:20.680+00:00,2026-09-25T23:08:23.970+00:00,True,96,96.0,,96.0,84.08706600000001,3373.582618,3373.582484,35.14148420833333,31.547582,84.08706600000001,5.920629418355149,38.40896425,34.62626896842105,3.1100809375241156,28.456395135481458,10,18,1-100:1-100,False,True,,96,99.61977186311786
31,2026-09-25T23:08:24.323+00:00,2026-09-25T23:08:24.427+00:00,2026-09-25T23:08:25.806+00:00,True,41,41.0,,41.0,104.255626,1482.59137,1482.5913,36.16076341463415,31.547642,104.255626,10.981835252244665,37.370267999999996,34.4583936,1.3511371227454911,27.654282110113723,10,18,1-100:1-100,False,True,,41,99.61977186311786
32,2026-09-25T23:08:27.757+00:00,2026-09-25T23:08:27.857+00:00,2026-09-25T23:08:28.139+00:00,True,9,9.0,,9.0,99.95487200000001,382.140344,382.140409,42.46004544444445,33.890394,99.95487200000001,21.582101648390747,74.8069184,35.273184,1.0305780710017627,23.551556754761283,10,18,600-1000:1-100,False,True,,33,99.61977186311786
33,2026-09-25T23:08:31.664+00:00,2026-09-25T23:08:31.779+00:00,2026-09-25T23:08:32.782+00:00,True,31,31.0,,31.0,115.815788,1118.399596,1118.399439,36.07740125806452,6.996537999999999,115.815788,16.81756757613742,50.513216,33.41946026666667,8.12562892947568,27.718178825236272,10,18,600-1000:1-100,False,True,,183,99.61977186311786
0,2026-09-25T23:06:31.955+00:00,2026-09-25T23:06:32.167+00:00,2026-09-25T23:06:33.914+00:00,True,56,56.0,,56.0,211.89719200000002,1959.3764879999999,1959.376474,34.988865607142856,29.753534,211.89719200000002,24.082818264372623,33.052028,31.772350836363636,0.786838907413492,28.580520559967034,11,18,1-100:1-100,False,True,,177,99.61977186311786
1,2026-09-25T23:06:37.445+00:00,2026-09-25T23:06:37.541+00:00,2026-09-25T23:06:38.317+00:00,True,25,25.0,,25.0,96.03672900000001,871.5057850000001,871.505673,34.86022692,30.462294999999997,96.03672900000001,13.083492471177244,43.571498,32.31121066666667,3.019918714227841,28.68598284749194,11,18,1-100:1-100,False,True,,56,99.61977186311786
2,2026-09-25T23:06:40.868+00:00,2026-09-25T23:06:40.943+00:00,2026-09-25T23:06:42.390+00:00,True,46,46.0,,46.0,74.569505,1521.4303049999999,1521.430314,33.07457204347826,29.750454,74.569505,6.76755085801896,34.0188665,32.152462222222226,2.6150669062074674,30.23470733350484,11,18,1-100:1-100,False,True,,203,99.61977186311786
3,2026-09-25T23:06:46.724+00:00,2026-09-25T23:06:46.816+00:00,2026-09-25T23:06:46.849+00:00,True,2,2.0,,2.0,91.513284,124.990404,124.99041199999999,62.495205999999996,33.477128,91.513284,41.03775946160034,88.6114762,33.47712,nan,16.001228382300454,11,18,600-1000:1-100,False,True,,4,99.61977186311786
4,2026-09-25T23:06:52.705+00:00,2026-09-25T23:06:52.815+00:00,2026-09-25T23:06:55.475+00:00,True,82,82.0,,82.0,110.259285,2770.4054610000003,2770.405568,33.78543375609756,0.016030000000000003,387.802592,42.198769598369054,35.29532900000001,32.84131081481481,41.5810976055831,29.5985555740283,11,18,600-1000:1-100,False,True,,319,99.61977186311786
5,2026-09-25T23:06:57.926+00:00,2026-09-25T23:06:58.014+00:00,2026-09-25T23:07:00.374+00:00,True,71,71.0,,71.0,87.7007,2447.371484,2447.37149,34.4700209859155,31.327045,87.7007,6.494069365274069,35.749171000000004,33.709582628571425,1.0640306740135297,29.01071638048064,11,18,1-100:1-100,False,True,,215,99.61977186311786
6,2026-09-25T23:07:02.231+00:00,2026-09-25T23:07:02.326+00:00,2026-09-25T23:07:04.903+00:00,True,80,80.0,,80.0,94.910078,2672.073086,2672.073056,33.4009132,30.996115000000003,94.910078,7.093565695898921,35.63799445,32.622316556962026,1.3582899915992388,29.93930084440812,11,18,1-100:1-100,False,True,,265,99.61977186311786
7,2026-09-25T23:07:07.992+00:00,2026-09-25T23:07:08.096+00:00,2026-09-25T23:07:08.435+00:00,True,11,11.0,,11.0,104.378299,443.353787,443.353756,40.30488690909091,30.737435,104.378299,21.91178060340905,77.08677300000001,33.897548799999996,5.6304891388241805,24.810885397940673,11,18,1-100:1-100,False,True,,47,99.61977186311786
8,2026-09-25T23:07:13.886+00:00,2026-09-25T23:07:13.988+00:00,2026-09-25T23:07:14.210+00:00,True,8,8.0,,8.0,102.147546,323.915226,323.91537900000003,40.489422375000004,30.505153999999997,102.147546,24.919766452783232,77.68478285,31.68109714285714,0.5965067661274343,24.69782016360046,11,18,1-100:1-100,False,True,,8,99.61977186311786
9,2026-09-25T23:07:18.674+00:00,2026-09-25T23:07:18.776+00:00,2026-09-25T23:07:19.646+00:00,True,28,28.0,,28.0,101.904826,972.202426,972.202338,34.72151207142857,31.143665000000002,101.904826,13.179349430389024,33.6737805,32.233244444444445,0.5884902884001854,28.800586432603698,11,18,600-1000:1-100,False,True,,98,99.61977186311786
10,2026-09-25T23:07:23.864+00:00,2026-09-25T23:07:23.951+00:00,2026-09-25T23:07:27.156+00:00,True,100,100.0,,100.0,87.2397,3291.6933320000003,3291.693272,32.91693272,30.700195,87.2397,5.663425207066557,35.63451204999999,32.36821850505051,1.4091331672532772,30.379500735337636,11,18,1-100:1-100,False,True,,394,99.61977186311786
11,2026-09-25T23:07:28.853+00:00,2026-09-25T23:07:28.966+00:00,2026-09-25T23:07:41.298+00:00,True,368,368.0,,368.0,113.17138899999999,12445.247677,12445.247716,33.81860792391304,20.911694,115.17413099999999,6.369838402839528,35.41787,33.60238770572207,4.840900100971364,29.56951999276792,11,18,100-300:300-600,False,True,,1575,99.61977186311786
12,2026-09-25T23:07:32.935+00:00,2026-09-25T23:07:33.036+00:00,2026-09-25T23:07:33.859+00:00,True,26,26.0,,26.0,100.680574,924.077438,924.0773829999999,35.541437807692304,31.417226,100.680574,13.377194167854867,38.2522235,32.93587456,1.5929754779995329,28.13617012040932,11,18,600-1000:1-100,False,True,,123,99.61977186311786
13,2026-09-25T23:07:37.380+00:00,2026-09-25T23:07:37.453+00:00,2026-09-25T23:07:38.866+00:00,True,44,44.0,,44.0,72.886373,1486.3931890000001,1486.393304,33.781666,21.952925,72.886373,6.625175031191751,35.52852285,32.87225153488372,2.771720024420966,29.601857924013938,11,18,1-100:1-100,False,True,,44,99.61977186311786
14,2026-09-25T23:07:40.971+00:00,2026-09-25T23:07:41.059+00:00,2026-09-25T23:07:42.153+00:00,True,33,33.0,,33.0,88.26361,1182.290362,1182.290257,35.826977484848484,31.841136,88.26361,9.86771388228926,41.5043296,34.188336,3.0073751590635935,27.911925074121513,11,18,1-100:1-100,False,True,,133,99.61977186311786
15,2026-09-25T23:07:47.225+00:00,2026-09-25T23:07:47.332+00:00,2026-09-25T23:07:47.366+00:00,True,2,2.0,,2.0,106.53895200000001,140.30228,140.30217000000002,70.15108500000001,33.763218,106.53895200000001,51.46021501722839,102.90016530000001,33.763328,nan,14.254935842810252,11,18,1-100:1-100,False,True,,2,99.61977186311786
16,2026-09-25T23:07:50.758+00:00,2026-09-25T23:07:50.860+00:00,2026-09-25T23:07:53.363+00:00,True,73,73.0,,73.0,101.439766,2604.949526,2604.9494,35.684238356164386,32.365897000000004,101.439766,7.957215864940764,38.7602458,34.77096888888889,1.5699904255969614,28.02357560919589,11,18,600-1000:1-100,False,True,,361,99.61977186311786
17,2026-09-25T23:07:56.981+00:00,2026-09-25T23:07:57.076+00:00,2026-09-25T23:07:59.145+00:00,True,60,60.0,,60.0,94.99624899999999,2164.744985,2164.744958,36.079082633333336,32.546857,94.99624899999999,7.9899423687314695,39.596467049999994,35.08048705084746,2.0190690193099616,27.71689063411781,11,18,600-1000:1-100,False,True,,241,99.61977186311786
18,2026-09-25T23:08:01.296+00:00,2026-09-25T23:08:01.425+00:00,2026-09-25T23:08:02.526+00:00,True,32,32.0,,32.0,128.995407,1230.217807,1230.217952,38.444311,32.546417,128.995407,17.294394279512563,48.762957,35.52330322580645,5.18962320414086,26.011654048509474,11,18,600-1000:1-100,False,True,,150,99.61977186311786
19,2026-09-25T23:08:05.654+00:00,2026-09-25T23:08:05.753+00:00,2026-09-25T23:08:06.212+00:00,True,14,14.0,,14.0,99.557954,558.45997,558.4600369999999,39.89000264285714,33.593509,99.557954,17.30769077361887,62.36705675,35.30015507692308,2.237896516426771,25.068940930537956,11,18,1-100:1-100,False,True,,14,99.61977186311786
20,2026-09-25T23:08:10.120+00:00,2026-09-25T23:08:10.227+00:00,2026-09-25T23:08:10.928+00:00,True,21,21.0,,21.0,106.823942,807.35847,807.35859,38.44564714285714,33.383898,106.823942,15.694154218405583,37.814833,35.0267264,0.93918181308169,26.01075083785273,11,18,1-100:1-100,False,True,,35,99.61977186311786
21,2026-09-25T23:08:15.859+00:00,2026-09-25T23:08:15.942+00:00,2026-09-25T23:08:16.081+00:00,True,5,5.0,,5.0,82.46204399999999,221.291868,221.292073,44.258414599999995,33.623288,82.46204399999999,21.36596754327495,73.0095454,34.707456,0.7351763470116087,22.594594393319504,11,18,600-1000:1-100,False,True,,22,99.61977186311786
22,2026-09-25T23:08:20.215+00:00,2026-09-25T23:08:20.302+00:00,2026-09-25T23:08:22.624+00:00,True,68,68.0,,68.0,87.017809,2409.382481,2409.382378,35.43209379411765,31.676246,87.017809,8.273042117800172,38.20322,34.66215928358209,5.344049693755109,28.22299926899817,11,18,600-1000:1-100,False,True,,101,99.61977186311786
23,2026-09-25T23:08:24.572+00:00,2026-09-25T23:08:24.666+00:00,2026-09-25T23:08:26.675+00:00,True,59,59.0,,59.0,94.596716,2103.81374,2103.813562,35.65785698305085,31.560973,94.596716,8.65529518827678,37.110428,34.641672827586206,3.7727833825995036,28.044307762720475,11,18,600-1000:1-100,False,True,,218,99.61977186311786
24,2026-09-25T23:08:28.801+00:00,2026-09-25T23:08:28.886+00:00,2026-09-25T23:08:30.178+00:00,True,38,38.0,,38.0,85.284087,1377.204471,1377.204362,36.24222005263158,33.361594,85.284087,8.265365971169409,37.7471911,34.91676713513514,1.2648413081001761,27.592126514378705,11,18,1-100:1-100,False,True,,183,99.61977186311786
0,2026-09-25T23:06:31.956+00:00,2026-09-25T23:06:32.166+00:00,2026-09-25T23:06:32.263+00:00,True,4,4.0,,4.0,210.403269,306.971077,306.970889,76.74272225,29.654494,210.403269,89.12641989782533,183.9518865,32.189269333333336,2.2767728313956432,13.03054359091948,12,18,600-1000:1-100,False,True,,20,99.61977186311786
1,2026-09-25T23:06:37.509+00:00,2026-09-25T23:06:37.606+00:00,2026-09-25T23:06:39.260+00:00,True,53,53.0,,53.0,96.93983999999999,1751.135808,1751.135866,33.040299358490564,30.301525,96.93983999999999,9.179805659854106,33.950010400000004,31.811460923076925,2.0783900684308314,30.26607060278902,12,18,1-100:1-100,False,True,,220,99.61977186311786
2,2026-09-25T23:06:41.804+00:00,2026-09-25T23:06:41.897+00:00,2026-09-25T23:06:44.297+00:00,True,75,75.0,,75.0,93.178076,2493.190364,2493.190322,33.24253762666667,30.315085,93.178076,7.747013061528298,34.818699300000006,32.432598486486484,3.3112256789897914,30.08193882141925,12,18,1-100:1-100,False,True,,91,99.61977186311786
3,2026-09-25T23:06:46.065+00:00,2026-09-25T23:06:46.139+00:00,2026-09-25T23:06:48.873+00:00,True,83,83.0,,83.0,73.95582399999999,2808.586992,2808.587051,33.83839820481928,30.686195,73.95582399999999,6.467718362877387,35.3990849,33.34916058536585,4.715542302441994,29.552226880070947,12,18,600-1000:1-100,False,True,,311,99.61977186311786
4,2026-09-25T23:06:51.997+00:00,2026-09-25T23:06:52.092+00:00,2026-09-25T23:06:53.256+00:00,True,34,34.0,,34.0,95.060568,1259.1099760000002,1259.109875,37.032643382352944,32.604857,95.060568,13.462182145584274,53.1321324,35.27422448484848,8.858837802977531,27.003201188201842,12,18,1-100:1-100,False,True,,47,99.61977186311786
5,2026-09-25T23:06:57.046+00:00,2026-09-25T23:06:57.151+00:00,2026-09-25T23:07:00.044+00:00,True,87,87.0,,87.0,104.928709,2997.854149,2997.854157,34.45809375862069,30.968725,104.928709,7.713030368285478,35.643606,33.63866790697674,1.0423850961139371,29.020758074244796,12,18,1-100:1-100,False,True,,87,99.61977186311786
6,2026-09-25T23:07:00.945+00:00,2026-09-25T23:07:01.023+00:00,2026-09-25T23:07:03.430+00:00,True,74,74.0,,74.0,78.28372900000001,2484.432337,2484.432452,33.57341151351351,30.824145,78.28372900000001,5.429157769858243,35.9376655,32.960939835616436,1.319372895353014,29.785476101698315,12,18,600-1000:1-100,False,True,,423,99.61977186311786
7,2026-09-25T23:07:07.143+00:00,2026-09-25T23:07:07.245+00:00,2026-09-25T23:07:08.128+00:00,True,28,28.0,,28.0,101.807216,985.2476,985.247563,35.18741296428571,31.075544999999998,101.807216,13.130116015801466,36.40996465,32.720014222222225,1.4172384032614906,28.419252175798245,12,18,1-100:1-100,False,True,,44,99.61977186311786
8,2026-09-25T23:07:12.039+00:00,2026-09-25T23:07:12.126+00:00,2026-09-25T23:07:12.944+00:00,True,26,26.0,,26.0,86.53224800000001,904.922008,904.921991,34.80469196153846,31.507806000000002,86.53224800000001,10.634230103016563,37.00193475,32.7355904,1.3601635069083913,28.73175784227363,12,18,1-100:1-100,False,True,,85,99.61977186311786
9,2026-09-25T23:07:15.890+00:00,2026-09-25T23:07:15.994+00:00,2026-09-25T23:07:18.195+00:00,True,69,69.0,,69.0,103.401538,2305.128002,2305.128038,33.40765272463768,30.496525000000002,103.401538,8.62496096725345,35.184020000000004,32.37833035294118,1.1416792334051844,29.933261814586206,12,18,1-100:1-100,False,True,,83,99.61977186311786
10,2026-09-25T23:07:21.862+00:00,2026-09-25T23:07:21.955+00:00,2026-09-25T23:07:24.177+00:00,True,69,69.0,,69.0,93.245587,2315.112339,2315.112329,33.5523525942029,30.989955000000002,93.245587,7.622093657922505,36.314641,32.674511058823526,2.2356208767526384,29.804169256773164,12,18,1-100:1-100,False,True,,289,99.61977186311786
11,2026-09-25T23:07:25.797+00:00,2026-09-25T23:07:25.873+00:00,2026-09-25T23:07:27.793+00:00,True,61,61.0,,61.0,76.535617,1996.510017,1996.510046,32.729672885245904,30.130564,76.535617,5.7683694226088775,33.901377999999994,31.99957333333333,0.8781802888751081,30.553315275452483,12,18,1-100:1-100,False,True,,242,99.61977186311786
12,2026-09-25T23:07:30.463+00:00,2026-09-25T23:07:30.561+00:00,2026-09-25T23:07:32.806+00:00,True,68,68.0,,68.0,98.310222,2343.0792460000002,2343.079381,34.45704972058824,30.867596000000002,98.310222,8.451007831377384,36.07445065,33.50401528358209,3.1310368909393635,29.021638988987057,12,18,600-1000:1-100,False,True,,397,99.61977186311786
13,2026-09-25T23:07:36.613+00:00,2026-09-25T23:07:36.702+00:00,2026-09-25T23:07:39.500+00:00,True,85,85.0,,85.0,88.887481,2886.8274490000003,2886.82737,33.96267494117647,22.402776000000003,88.887481,6.789642318280355,36.3008418,33.30880914285714,3.1425956554624856,29.44408749800549,12,18,1-100:1-100,False,True,,341,99.61977186311786
14,2026-09-25T23:07:42.207+00:00,2026-09-25T23:07:42.283+00:00,2026-09-25T23:08:34.124+00:00,True,1491,1491.0,,1491.0,76.841877,51917.243285,51917.243104,34.82041791012743,0.05057,114.0197,4.075442916422839,37.9225835,34.79221571006712,3.928575449000876,28.718782155191622,12,18,600-1000:1000-1500,False,True,,6451,99.61977186311786
15,2026-09-25T23:07:48.384+00:00,2026-09-25T23:07:48.493+00:00,2026-09-25T23:08:30.354+00:00,True,1197,1197.0,,1197.0,109.030884,41970.530532,41970.530374,35.063099727652464,31.351636,113.73611,4.233031492342317,38.3360604,35.00125388628762,3.6539339097417285,28.520011179924442,12,18,1-100:1000-1500,False,True,,1197,99.61977186311786
16,2026-09-25T23:07:52.586+00:00,2026-09-25T23:07:52.673+00:00,2026-09-25T23:07:53.294+00:00,True,19,19.0,,19.0,86.20119899999999,707.811183,707.811287,37.25322563157895,32.577667,86.20119899999999,11.975289919000465,43.25808150000001,34.533888,1.7544410171842064,26.84331705451452,12,18,600-1000:1-100,False,True,,59,99.61977186311786
17,2026-09-25T23:07:56.057+00:00,2026-09-25T23:07:56.169+00:00,2026-09-25T23:07:58.628+00:00,True,71,71.0,,71.0,111.82248799999999,2571.2065519999996,2571.206541,36.214176633802815,32.644118,111.82248799999999,9.219692092723692,39.1707595,35.13405805714285,1.4837720296357484,27.61349528483934,12,18,1-100:1-100,False,True,,71,99.61977186311786
18,2026-09-25T23:08:00.954+00:00,2026-09-25T23:08:01.058+00:00,2026-09-25T23:08:02.962+00:00,True,54,54.0,,54.0,103.77082899999999,2008.0283650000001,2008.028399,37.18571109259259,32.801257,103.77082899999999,10.706397874253314,54.497501,35.929387471698114,5.473686011619651,26.892050401887627,12,18,600-1000:1-100,False,True,,268,99.61977186311786
19,2026-09-25T23:08:06.063+00:00,2026-09-25T23:08:06.178+00:00,2026-09-25T23:08:08.988+00:00,True,81,81.0,,81.0,115.13033100000001,2924.952539,2924.952624,36.11052622222222,32.021316,115.13033100000001,9.108908234234802,40.250336000000004,35.1227776,1.9987151132835035,27.692757034509953,12,18,600-1000:1-100,False,True,,365,99.61977186311786
20,2026-09-25T23:08:12.163+00:00,2026-09-25T23:08:12.257+00:00,2026-09-25T23:08:51.304+00:00,True,1184,1184.0,,1184.0,93.663437,39140.807629,39140.807665,33.05811458192568,0.04054,102.906375,4.990969616841037,37.1327775,33.006884355029584,4.671272704420697,30.249759055118652,12,18,1-100:1000-1500,False,True,,5324,99.61977186311786
21,2026-09-25T23:08:17.296+00:00,2026-09-25T23:08:17.406+00:00,2026-09-25T23:08:18.946+00:00,True,45,45.0,,45.0,109.93108500000001,1649.532237,1649.53222,36.656271555555556,32.020657,109.93108500000001,11.907127249071689,39.1661264,34.99093527272727,4.168183181260121,27.28046108504153,12,18,1-100:1-100,False,True,,227,99.61977186311786
22,2026-09-25T23:08:22.621+00:00,2026-09-25T23:08:22.727+00:00,2026-09-25T23:08:23.686+00:00,True,28,28.0,,28.0,106.437158,1065.373222,1065.373375,38.04904910714286,32.103623,106.437158,14.415192480072317,53.58397915,35.516150518518515,5.407919931873838,26.28186950995095,12,18,1-100:1-100,False,True,,28,99.61977186311786
23,2026-09-25T23:08:27.787+00:00,2026-09-25T23:08:27.896+00:00,2026-09-25T23:08:29.441+00:00,True,45,45.0,,45.0,108.856621,1653.9154369999999,1653.915514,36.75367808888889,33.428674,108.856621,11.08947252941612,39.0477616,35.114973090909096,1.47830060803226,27.208162517440726,12,18,1-100:1-100,False,True,,150,99.61977186311786
0,2026-09-25T23:06:31.959+00:00,2026-09-25T23:06:32.166+00:00,2026-09-25T23:06:35.216+00:00,True,99,99.0,,99.0,207.932967,3257.896487,3257.896314,32.908043575757574,29.378923999999998,207.932967,17.802429592180403,33.022508,31.122076734693877,1.076859585894358,30.387705808039076,13,18,1-100:1-100,False,True,,429,99.61977186311786
1,2026-09-25T23:06:36.816+00:00,2026-09-25T23:06:36.909+00:00,2026-09-25T23:06:50.654+00:00,True,426,426.0,,426.0,93.618347,13837.924778999999,13837.924913,32.48339181455399,30.264344,93.618347,4.117241843359862,34.429494,32.339544545882354,2.8558911493844668,30.784962832467787,13,18,100-300:300-600,False,True,,1989,99.61977186311786
2,2026-09-25T23:06:41.241+00:00,2026-09-25T23:06:41.323+00:00,2026-09-25T23:06:43.723+00:00,True,75,75.0,,75.0,82.59134399999999,2482.263664,2482.263819,33.09685092,30.360195,82.59134399999999,6.682824158675184,34.1653143,32.42800432432433,3.3556969790395286,30.2143567936464,13,18,600-1000:1-100,False,True,,151,99.61977186311786
3,2026-09-25T23:06:43.978+00:00,2026-09-25T23:06:44.074+00:00,2026-09-25T23:06:44.700+00:00,True,20,20.0,,20.0,96.048019,722.321299,722.321213,36.11606065,31.223726,96.048019,14.584468443010703,50.664985699999995,32.96175157894737,3.80457445017428,27.688509293147675,13,18,1-100:1-100,False,True,,64,99.61977186311786
4,2026-09-25T23:06:48.589+00:00,2026-09-25T23:06:48.703+00:00,2026-09-25T23:06:51.129+00:00,True,76,76.0,,76.0,114.33727,2540.272886,2540.272846,33.424642710526314,30.837015,114.33727,9.47114677872338,34.0009215,32.345808213333335,1.1243779973902484,29.918045584335694,13,18,1-100:1-100,False,True,,340,99.61977186311786
5,2026-09-25T23:06:51.830+00:00,2026-09-25T23:06:51.929+00:00,2026-09-25T23:06:53.322+00:00,True,41,41.0,,41.0,99.173223,1491.414887,1491.41509,36.37597780487805,31.079055,99.173223,12.934016374761555,36.944702,34.8060416,8.242251871306134,27.490673693402663,13,18,1-100:1-100,False,True,,181,99.61977186311786
6,2026-09-25T23:06:55.414+00:00,2026-09-25T23:06:55.531+00:00,2026-09-25T23:07:09.304+00:00,True,420,420.0,,420.0,117.352383,13890.554047,13890.554152,33.07274798095238,29.877324,117.352383,4.393329691890889,35.167794,32.871603016706445,1.5211884641875162,30.236374919163797,13,18,100-300:300-600,False,True,,1643,99.61977186311786
7,2026-09-25T23:06:58.035+00:00,2026-09-25T23:06:58.118+00:00,2026-09-25T23:06:58.928+00:00,True,25,25.0,,25.0,82.418984,892.5978,892.597808,35.70391232,32.476206999999995,82.418984,9.756401132535704,35.138636,33.757450666666664,0.6999945092501839,28.00813535502776,13,18,1-100:1-100,False,True,,91,99.61977186311786
8,2026-09-25T23:07:02.684+00:00,2026-09-25T23:07:02.786+00:00,2026-09-25T23:07:02.991+00:00,True,7,7.0,,7.0,102.07224599999999,306.952886,306.95279,43.85039857142857,33.813158,102.07224599999999,25.678240382328994,82.0181682,34.146773333333336,0.5449157433742089,22.80480268884001,13,18,1-100:1-100,False,True,,27,99.61977186311786
9,2026-09-25T23:07:06.837+00:00,2026-09-25T23:07:06.920+00:00,2026-09-25T23:07:08.161+00:00,True,39,39.0,,39.0,82.802015,1323.227231,1323.227009,33.928897666666664,31.174445,82.802015,8.168513176260982,37.065894,32.64276884210526,1.50758518470463,29.473395866049852,13,18,1-100:1-100,False,True,,41,99.61977186311786
10,2026-09-25T23:07:11.672+00:00,2026-09-25T23:07:11.766+00:00,2026-09-25T23:07:12.488+00:00,True,23,23.0,,23.0,94.214898,815.7905780000001,815.7907299999999,35.46916217391304,31.048595000000002,94.214898,12.860321141348846,36.882311800000004,32.798894545454544,1.2072110937762504,28.19351022217861,13,18,1-100:1-100,False,True,,72,99.61977186311786
11,2026-09-25T23:07:15.070+00:00,2026-09-25T23:07:15.151+00:00,2026-09-25T23:07:15.311+00:00,True,6,6.0,,6.0,81.345923,241.510787,241.510805,40.251800833333334,31.301805,81.345923,20.13713045240872,69.1744065,32.0329728,0.511830160630653,24.843610815611314,13,18,1-100:1-100,False,True,,18,99.61977186311786
12,2026-09-25T23:07:19.820+00:00,2026-09-25T23:07:19.901+00:00,2026-09-25T23:07:21.243+00:00,True,42,42.0,,42.0,80.527072,1423.2752320000002,1423.275312,33.88750742857143,30.956935,80.527072,8.381381915300816,35.455307499999996,32.74995512195122,4.036873539768073,29.509401313041323,13,18,1-100:1-100,False,True,,72,99.61977186311786
13,2026-09-25T23:07:23.055+00:00,2026-09-25T23:07:23.141+00:00,2026-09-25T23:07:25.053+00:00,True,60,60.0,,60.0,86.916769,1998.1531209999998,1998.152937,33.30254895,30.744595,86.916769,7.1423115192729,35.52674210000001,32.393836474576275,1.2215043431439345,30.02772879086077,13,18,1-100:1-100,False,True,,60,99.61977186311786
14,2026-09-25T23:07:27.472+00:00,2026-09-25T23:07:27.572+00:00,2026-09-25T23:07:29.492+00:00,True,60,60.0,,60.0,100.717275,2020.2756749999999,2020.275833,33.67126388333333,30.405105,100.717275,9.314038364611088,36.542012650000004,32.53488813559322,3.070901367546935,29.698917203465317,13,18,1-100:1-100,False,True,,60,99.61977186311786
15,2026-09-25T23:07:31.379+00:00,2026-09-25T23:07:31.465+00:00,2026-09-25T23:07:33.827+00:00,True,72,72.0,,72.0,86.566089,2447.891913,2447.891931,33.99849904166667,31.268445,86.566089,6.42193532470412,36.28308195,33.2581101971831,1.3408822457462914,29.413063386348956,13,18,1-100:1-100,False,True,,282,99.61977186311786
16,2026-09-25T23:07:34.596+00:00,2026-09-25T23:07:34.696+00:00,2026-09-25T23:07:35.996+00:00,True,37,37.0,,37.0,100.07089500000001,1400.475375,1400.475547,37.85069045945946,32.929358,115.118481,17.003244761557106,48.099155,36.122346666666665,13.553175323349441,26.419600558845953,13,18,1-100:1-100,False,True,,51,99.61977186311786
17,2026-09-25T23:07:39.523+00:00,2026-09-25T23:07:39.602+00:00,2026-09-25T23:07:41.298+00:00,True,51,51.0,,51.0,79.25576099999999,1775.253201,1775.253304,34.80888831372549,32.527727,79.25576099999999,6.376744770148569,34.865680000000005,33.9199488,0.6078897796721685,28.728296319235874,13,18,1-100:1-100,False,True,,276,99.61977186311786
18,2026-09-25T23:07:42.808+00:00,2026-09-25T23:07:42.901+00:00,2026-09-25T23:07:44.125+00:00,True,37,37.0,,37.0,93.060616,1317.329672,1317.329682,35.60350491891892,32.907257,93.060616,9.75782014052782,36.955838400000005,34.007473777777776,0.9960137974949977,28.08712259841969,13,18,1-100:1-100,False,True,,113,99.61977186311786
19,2026-09-25T23:07:46.432+00:00,2026-09-25T23:07:46.508+00:00,2026-09-25T23:07:46.715+00:00,True,7,7.0,,7.0,76.311027,282.368499,282.368512,40.33835885714286,32.752747,76.311027,15.903370678067258,64.3737615,34.342912,1.2487966750295263,24.79030070560385,13,18,1-100:1-100,False,True,,25,99.61977186311786
20,2026-09-25T23:07:50.144+00:00,2026-09-25T23:07:50.308+00:00,2026-09-25T23:07:50.411+00:00,True,4,4.0,,4.0,164.380717,267.277613,267.277515,66.81937875,33.754238,164.380717,65.04207786617452,144.92340445,34.298965333333335,0.4811443780543771,14.965712822345509,13,18,600-1000:1-100,False,True,,14,99.61977186311786
21,2026-09-25T23:07:54.506+00:00,2026-09-25T23:07:54.617+00:00,2026-09-25T23:08:09.902+00:00,True,437,437.0,,437.0,111.174347,15396.099275,15396.099299,35.23134851029748,31.613616,111.174347,4.424904222438807,38.486412,35.057167266055046,2.517160516572317,28.383812821316067,13,18,100-300:300-600,False,True,,2129,99.61977186311786
22,2026-09-25T23:07:57.471+00:00,2026-09-25T23:07:57.570+00:00,2026-09-25T23:08:00.122+00:00,True,74,74.0,,74.0,98.99101300000001,2650.945189,2650.945252,35.82358448648649,32.171426,98.99101300000001,7.666176500390791,39.975893500000005,34.95827638356164,1.8463395476744626,27.914571869331848,13,18,1-100:1-100,False,True,,218,99.61977186311786
23,2026-09-25T23:08:01.037+00:00,2026-09-25T23:08:01.127+00:00,2026-09-25T23:08:03.375+00:00,True,64,64.0,,64.0,89.890603,2338.433579,2338.433476,36.5380230625,33.287768,89.890603,8.461275000800228,51.13080415,35.691158349206354,5.109579665602586,27.368748282929097,13,18,1-100:1-100,False,True,,76,99.61977186311786
24,2026-09-25T23:08:05.891+00:00,2026-09-25T23:08:06.004+00:00,2026-09-25T23:08:07.960+00:00,True,57,57.0,,57.0,112.575548,2069.403708,2069.403569,36.30532577192982,32.973637000000004,112.575548,10.386410312344873,38.802030200000004,34.94336,1.47783743809702,27.544166360409363,13,18,1-100:1-100,False,True,,221,99.61977186311786
25,2026-09-25T23:08:09.792+00:00,2026-09-25T23:08:09.902+00:00,2026-09-25T23:08:11.596+00:00,True,49,49.0,,49.0,110.543346,1804.2329459999999,1804.233006,36.82108175510204,32.054637,110.543346,10.920588147317872,39.104578599999996,35.2852,1.9364588278351276,27.158355637299177,13,18,600-1000:1-100,False,True,,213,99.61977186311786
26,2026-09-25T23:08:12.851+00:00,2026-09-25T23:08:12.957+00:00,2026-09-25T23:08:15.655+00:00,True,78,78.0,,78.0,105.854181,2804.0176370000004,2804.017467,35.94894188461539,33.252668,105.854181,8.129956447439165,37.99340765,35.04108384415584,1.353349262663317,27.81722874020567,13,18,1-100:1-100,False,True,,281,99.61977186311786
27,2026-09-25T23:08:16.947+00:00,2026-09-25T23:08:17.047+00:00,2026-09-25T23:08:20.302+00:00,True,96,96.0,,96.0,99.948254,3354.45091,3354.450694,34.942194729166665,31.248766,99.948254,7.438700824378245,37.966288,34.25792269473685,3.2395209054899667,28.618692768409,13,18,1-100:1-100,False,True,,314,99.61977186311786
28,2026-09-25T23:08:19.854+00:00,2026-09-25T23:08:19.936+00:00,2026-09-25T23:08:20.400+00:00,True,15,15.0,,15.0,81.963404,545.982604,545.982742,36.39884946666667,31.423085,81.963404,12.687504404050275,51.0494643,33.14422857142857,1.4986213310983643,27.473402797280333,13,18,1-100:1-100,False,True,,61,99.61977186311786
29,2026-09-25T23:08:22.955+00:00,2026-09-25T23:08:23.062+00:00,2026-09-25T23:08:26.374+00:00,True,95,95.0,,95.0,107.00860899999999,3418.792033,3418.792062,35.987284863157896,32.056042,107.00860899999999,8.383034559326898,38.5850273,35.23173855319149,4.027038395098312,27.78759254233935,13,18,1-100:1-100,False,True,,357,99.61977186311786
30,2026-09-25T23:08:27.094+00:00,2026-09-25T23:08:27.176+00:00,2026-09-25T23:08:27.895+00:00,True,22,22.0,,22.0,81.961394,801.664178,801.664027,36.439273954545456,32.139922999999996,81.961394,10.25212415763483,37.546532000000006,34.271561142857145,1.3469610137913528,27.442912635669746,13,18,1-100:1-100,False,True,,49,99.61977186311786
31,2026-09-25T23:08:31.431+00:00,2026-09-25T23:08:31.516+00:00,2026-09-25T23:08:31.726+00:00,True,7,7.0,,7.0,85.192207,294.88462300000003,294.8845,42.126357142857145,33.817334,85.192207,19.0045140459405,70.474894,34.948736,0.8062989549391715,23.738097730514756,13,18,600-1000:1-100,False,True,,33,99.61977186311786
0,2026-09-25T23:06:31.958+00:00,2026-09-25T23:06:32.167+00:00,2026-09-25T23:06:33.065+00:00,True,29,29.0,,29.0,208.324697,1107.0352249999999,1107.0350819999999,38.17362351724138,29.846294999999998,208.324697,32.736201335647756,33.735162,32.09680457142857,0.8836450495094873,26.196095070055247,14,18,600-1000:1-100,False,True,,129,99.61977186311786
1,2026-09-25T23:06:35.402+00:00,2026-09-25T23:06:35.498+00:00,2026-09-25T23:06:36.264+00:00,True,26,26.0,,26.0,96.62387,862.640638,862.640703,33.17848857692308,29.506083999999998,96.62387,12.998889441356233,33.83107875,30.64067072,1.2574365756573807,30.140012949401534,14,18,1-100:1-100,False,True,,26,99.61977186311786
2,2026-09-25T23:06:39.696+00:00,2026-09-25T23:06:39.801+00:00,2026-09-25T23:06:42.261+00:00,True,78,78.0,,78.0,105.03833900000001,2565.126403,2565.126363,32.886235423076926,29.835414,105.03833900000001,8.535672539686285,34.191455500000004,31.949195636363637,2.1042121477477833,30.40785822826369,14,18,1-100:1-100,False,True,,78,99.61977186311786
3,2026-09-25T23:06:43.255+00:00,2026-09-25T23:06:43.368+00:00,2026-09-25T23:06:57.623+00:00,True,433,433.0,,433.0,112.701139,14368.080083,14368.080147,33.18263313394919,0.01592,386.01678999999996,18.576925029526123,35.11452,32.99856237037037,18.19884411235292,30.136246283337197,14,18,100-300:300-600,False,True,,2225,99.61977186311786
4,2026-09-25T23:06:46.743+00:00,2026-09-25T23:06:46.815+00:00,2026-09-25T23:06:49.073+00:00,True,68,68.0,,68.0,71.873811,2329.879315,2329.879175,34.26292904411765,30.796415,71.873811,6.9378472449455755,36.24635015,33.70157468656716,5.20673281321629,29.18606108145133,14,18,1-100:1-100,False,True,,287,99.61977186311786
5,2026-09-25T23:06:51.574+00:00,2026-09-25T23:06:51.670+00:00,2026-09-25T23:06:51.670+00:00,True,1,1.0,,1.0,95.687769,95.687769,95.687769,95.687769,95.687769,95.687769,nan,95.687769,nan,nan,10.450656447011529,14,18,600-1000:1-100,False,True,,3,99.61977186311786
6,2026-09-25T23:06:55.706+00:00,2026-09-25T23:06:55.799+00:00,2026-09-25T23:06:57.253+00:00,True,44,44.0,,44.0,92.243705,1547.017209,1547.017253,35.15948302272727,31.818566,92.243705,8.840308811897025,35.73200485,33.831941953488375,0.7883806106578446,28.44182969912909,14,18,600-1000:1-100,False,True,,185,99.61977186311786
7,2026-09-25T23:06:58.939+00:00,2026-09-25T23:06:59.026+00:00,2026-09-25T23:07:01.122+00:00,True,64,64.0,,64.0,87.302339,2183.005635,2183.005618,34.10946278125,30.742314999999998,87.302339,6.888348498388873,35.858847499999996,33.26513168253968,1.3614051259029165,29.317377369023607,14,18,1-100:1-100,False,True,,68,99.61977186311786
8,2026-09-25T23:07:04.110+00:00,2026-09-25T23:07:04.202+00:00,2026-09-25T23:07:06.282+00:00,True,66,66.0,,66.0,91.938484,2171.7326599999997,2171.732495,32.905037803030304,30.790555,91.938484,7.418723217609181,33.756773749999994,31.99683347692308,0.7793657496899543,30.390480935162625,14,18,1-100:1-100,False,True,,186,99.61977186311786
9,2026-09-25T23:07:07.204+00:00,2026-09-25T23:07:07.313+00:00,2026-09-25T23:07:07.736+00:00,True,14,14.0,,14.0,109.457775,532.098671,532.098746,38.007053285714285,31.176865000000003,109.457775,20.601215276003202,61.389888250000006,32.51083815384615,1.2720473832271244,26.31090954181316,14,18,600-1000:1-100,False,True,,45,99.61977186311786
10,2026-09-25T23:07:11.167+00:00,2026-09-25T23:07:11.273+00:00,2026-09-25T23:07:21.406+00:00,True,313,313.0,,313.0,105.1755,10238.767564,10238.767461,32.71171712779553,30.276145,105.1755,4.502254425882514,35.203858600000004,32.479461743589745,1.8431295055168504,30.57008551503045,14,18,100-300:300-600,False,True,,1235,99.61977186311786
11,2026-09-25T23:07:14.582+00:00,2026-09-25T23:07:14.664+00:00,2026-09-25T23:07:17.191+00:00,True,79,79.0,,79.0,81.76522299999999,2609.331815,2609.331774,33.02951612658228,30.990585,81.76522299999999,5.68596339514701,35.608132100000006,32.4046998974359,1.22810281085676,30.27595016695874,14,18,1-100:1-100,False,True,,255,99.61977186311786
12,2026-09-25T23:07:18.419+00:00,2026-09-25T23:07:18.515+00:00,2026-09-25T23:07:18.644+00:00,True,5,5.0,,5.0,96.44269,224.97901,224.97909700000002,44.9958194,31.864026000000003,96.44269,28.760376088541857,83.6391454,32.13408,0.23196071097206672,22.22429550205595,14,18,1-100:1-100,False,True,,6,99.61977186311786
13,2026-09-25T23:07:23.869+00:00,2026-09-25T23:07:23.951+00:00,2026-09-25T23:07:24.307+00:00,True,12,12.0,,12.0,81.51863300000001,437.399081,437.39907900000003,36.449923250000005,30.467125,81.51863300000001,14.273057257009754,56.24617040000001,32.352768,1.5837571247819533,27.43489989179927,14,18,1-100:1-100,False,True,,12,99.61977186311786
14,2026-09-25T23:07:28.657+00:00,2026-09-25T23:07:28.759+00:00,2026-09-25T23:07:40.416+00:00,True,348,348.0,,348.0,101.829306,11758.797498,11758.797653,33.789648428160916,22.620686000000003,115.36537200000001,6.190954141317434,35.55660735000001,33.59356827665706,5.002035993083807,29.59486291512289,14,18,100-300:300-600,False,True,,1445,99.61977186311786
15,2026-09-25T23:07:34.100+00:00,2026-09-25T23:07:34.186+00:00,2026-09-25T23:07:36.030+00:00,True,53,53.0,,53.0,86.090099,1929.867891,1929.86791,36.412602075471696,32.435616,114.489041,13.09532698372135,35.660863400000004,35.45726523076923,11.203999564921247,27.463019747189524,14,18,1-100:1-100,False,True,,53,99.61977186311786
16,2026-09-25T23:07:38.301+00:00,2026-09-25T23:07:38.399+00:00,2026-09-25T23:07:40.042+00:00,True,49,49.0,,49.0,97.241041,1740.997329,1740.997235,35.53055581632653,22.005845,97.241041,9.84061327021737,42.041804400000004,34.24492266666667,4.022997000566751,28.14478757882115,14,18,1-100:1-100,False,True,,129,99.61977186311786
17,2026-09-25T23:07:42.801+00:00,2026-09-25T23:07:42.901+00:00,2026-09-25T23:07:45.810+00:00,True,87,87.0,,87.0,99.583063,3008.495191,3008.495049,34.580402862068965,31.600396,99.583063,7.301424872575242,36.341458700000004,33.82455962790698,1.9105080180540712,28.91811170589968,14,18,1-100:1-100,False,True,,217,99.61977186311786
18,2026-09-25T23:07:46.041+00:00,2026-09-25T23:07:46.114+00:00,2026-09-25T23:07:48.738+00:00,True,77,77.0,,77.0,73.454554,2696.952794,2696.9525949999997,35.02535837662337,33.004478000000006,73.454554,5.051270094031355,36.719454,34.51971368421052,2.430158595279379,28.550740736472825,14,18,1-100:1-100,False,True,,271,99.61977186311786
19,2026-09-25T23:07:50.058+00:00,2026-09-25T23:07:50.233+00:00,2026-09-25T23:07:52.423+00:00,True,64,64.0,,64.0,174.877129,2364.749001,2364.748916,36.9492018125,32.990407,174.877129,17.564144982619144,36.936673500000005,34.759870984126984,1.328163647020413,27.064183121733347,14,18,600-1000:1-100,False,True,,194,99.61977186311786
20,2026-09-25T23:07:53.697+00:00,2026-09-25T23:07:53.810+00:00,2026-09-25T23:07:54.722+00:00,True,27,27.0,,27.0,113.59102,1024.702956,1024.703008,37.95196325925926,31.536686000000003,113.59102,15.744610398429723,50.4920658,35.04276676923077,4.489511766034577,26.34909935792163,14,18,1-100:1-100,False,True,,76,99.61977186311786
21,2026-09-25T23:07:58.091+00:00,2026-09-25T23:07:58.208+00:00,2026-09-25T23:07:59.180+00:00,True,29,29.0,,29.0,117.168164,1088.6830439999999,1088.683111,37.540796931034485,32.218236,117.168164,15.45773798771571,39.877591599999995,34.69696,2.1378637290226927,26.63768868251061,14,18,600-1000:1-100,False,True,,111,99.61977186311786
22,2026-09-25T23:08:02.203+00:00,2026-09-25T23:08:02.318+00:00,2026-09-25T23:08:03.994+00:00,True,49,49.0,,49.0,115.36255100000001,1790.831351,1790.831301,36.54757757142857,32.817237,115.36255100000001,11.849294502299381,36.43959699999999,34.9056,2.9109953607508294,27.36159380537894,14,18,1-100:1-100,False,True,,185,99.61977186311786
23,2026-09-25T23:08:05.715+00:00,2026-09-25T23:08:05.823+00:00,2026-09-25T23:08:06.488+00:00,True,20,20.0,,20.0,108.01568300000001,772.807235,772.807441,38.64037205,33.001197999999995,108.01568300000001,16.435965000660122,45.29882525000001,34.98902905263158,1.9211374899330829,25.879674897194768,14,18,1-100:1-100,False,True,,23,99.61977186311786
24,2026-09-25T23:08:09.657+00:00,2026-09-25T23:08:09.758+00:00,2026-09-25T23:08:10.790+00:00,True,30,30.0,,30.0,100.756655,1132.0777429999998,1132.07758,37.735919333333335,33.886788,100.756655,12.071659329009137,41.613770800000005,35.56279613793103,2.0481700684460424,26.49994683271501,14,18,1-100:1-100,False,True,,113,99.61977186311786
25,2026-09-25T23:08:13.215+00:00,2026-09-25T23:08:13.312+00:00,2026-09-25T23:08:15.802+00:00,True,72,72.0,,72.0,97.282591,2586.451743,2586.4518789999997,35.92294276388889,33.066987999999995,97.282591,7.458491210984099,38.834042,35.05872045070422,1.3712864459817575,27.837364526464317,14,18,1-100:1-100,False,True,,285,99.61977186311786
26,2026-09-25T23:08:18.439+00:00,2026-09-25T23:08:18.536+00:00,2026-09-25T23:08:19.537+00:00,True,31,31.0,,31.0,97.314781,1097.996253,1097.996281,35.41923487096774,31.793466,97.314781,11.592278779549604,37.645143,33.356049066666664,1.582965992908052,28.23324753185656,14,18,1-100:1-100,False,True,,111,99.61977186311786
27,2026-09-25T23:08:23.034+00:00,2026-09-25T23:08:23.156+00:00,2026-09-25T23:08:40.265+00:00,True,510,510.0,,510.0,122.167744,17230.95008,17230.950038,33.78617654509804,0.03892,122.167744,5.864903394666968,37.199932499999996,33.61253897053045,4.365549670221451,29.597903634574283,14,18,100-300:300-600,False,True,,1704,99.61977186311786
28,2026-09-25T23:08:27.986+00:00,2026-09-25T23:08:28.068+00:00,2026-09-25T23:09:01.915+00:00,True,1083,1083.0,,1083.0,81.95815300000001,33928.645384999996,33928.645543,31.328389236380424,0.02671,81.95815300000001,3.938039226657173,35.141542,31.281596332717193,3.626159158103479,31.91993042194367,14,18,1-100:1000-1500,False,True,,1443,99.61977186311786
0,2026-09-25T23:06:31.959+00:00,2026-09-25T23:06:32.168+00:00,2026-09-25T23:06:33.066+00:00,True,29,29.0,,29.0,208.47386799999998,1106.571788,1106.571621,38.157642103448275,28.987043,208.47386799999998,32.769717937036965,33.581412,32.07492571428571,0.9490769933236247,26.207066106767584,15,18,1-100:1-100,False,True,,110,99.61977186311786
1,2026-09-25T23:06:36.369+00:00,2026-09-25T23:06:36.452+00:00,2026-09-25T23:07:16.353+00:00,True,1221,1221.0,,1221.0,83.185165,39983.506189,39983.506125,32.746524262899264,0.016050000000000002,386.42677000000003,11.209013897991877,35.01223,32.70518116721311,11.120083060264381,30.537592031784186,15,18,600-1000:1000-1500,False,True,,4485,99.61977186311786
2,2026-09-25T23:06:39.637+00:00,2026-09-25T23:06:39.733+00:00,2026-09-25T23:06:41.702+00:00,True,63,63.0,,63.0,96.019939,2065.308387,2065.308394,32.78267292063492,30.470845,96.019939,8.139492197800507,33.9328169,31.762716903225805,0.8505901520458992,30.503919122466627,15,18,1-100:1-100,False,True,,277,99.61977186311786
3,2026-09-25T23:06:44.267+00:00,2026-09-25T23:06:44.363+00:00,2026-09-25T23:06:45.562+00:00,True,38,38.0,,38.0,95.905129,1295.356265,1295.356266,34.088322789473686,30.661375,95.905129,10.67894505234329,37.2034724,32.41759827027027,2.8619815325731603,29.335558893521856,15,18,1-100:1-100,False,True,,109,99.61977186311786
4,2026-09-25T23:06:48.782+00:00,2026-09-25T23:06:48.872+00:00,2026-09-25T23:06:51.415+00:00,True,80,80.0,,80.0,90.859573,2633.331509,2633.331581,32.9166447625,30.611184,90.859573,6.640627820896754,34.06338755000001,32.18318906329114,1.036851761606126,30.37976788208476,15,18,600-1000:1-100,False,True,,339,99.61977186311786
5,2026-09-25T23:06:51.745+00:00,2026-09-25T23:06:51.832+00:00,2026-09-25T23:06:51.864+00:00,True,2,2.0,,2.0,86.962749,119.12914900000001,119.128986,59.564493,32.166237,86.962749,38.746985220570025,84.2229234,32.1664,nan,16.788502367292153,15,18,1-100:1-100,False,True,,7,99.61977186311786
6,2026-09-25T23:06:54.781+00:00,2026-09-25T23:06:54.895+00:00,2026-09-25T23:07:12.391+00:00,True,532,532.0,,532.0,113.93651,17610.174078,17610.174163,33.101831133458646,0.01566,387.773952,16.83940302952474,35.56799455,32.949599939736345,16.484797027792553,30.209809263874103,15,18,100-300:300-600,False,True,,2522,99.61977186311786
7,2026-09-25T23:06:59.511+00:00,2026-09-25T23:06:59.603+00:00,2026-09-25T23:07:00.341+00:00,True,23,23.0,,23.0,91.595984,829.8093600000001,829.809346,36.078667217391306,31.261915000000002,91.595984,12.17067826770239,36.817037899999995,33.555153454545454,1.318109066770769,27.717209649213885,15,18,1-100:1-100,False,True,,117,99.61977186311786
8,2026-09-25T23:07:03.164+00:00,2026-09-25T23:07:03.259+00:00,2026-09-25T23:07:06.441+00:00,True,100,100.0,,100.0,95.25659900000001,3277.494551,3277.494556,32.77494556,30.880155,95.25659900000001,6.392695399310486,34.1271605,32.1438176969697,1.0221844857786486,30.5111109855206,15,18,1-100:1-100,False,True,,369,99.61977186311786
9,2026-09-25T23:07:07.373+00:00,2026-09-25T23:07:07.476+00:00,2026-09-25T23:07:07.704+00:00,True,8,8.0,,8.0,102.219867,330.560091,330.56012699999997,41.320015874999996,31.484986,102.219867,24.630896500830016,78.71672405,32.620032,1.1653956806509966,24.201348613496116,15,18,1-100:1-100,False,True,,8,99.61977186311786
10,2026-09-25T23:07:10.774+00:00,2026-09-25T23:07:10.927+00:00,2026-09-25T23:07:13.661+00:00,True,84,84.0,,84.0,152.514744,2886.754488,2886.75445,34.366124404761905,31.379896000000002,152.514744,13.229578679437825,35.751349,32.94264751807229,2.2073191558460317,29.098421895308746,15,18,600-1000:1-100,False,True,,311,99.61977186311786
11,2026-09-25T23:07:14.299+00:00,2026-09-25T23:07:14.375+00:00,2026-09-25T23:07:15.311+00:00,True,30,30.0,,30.0,76.031167,1012.4822389999999,1012.482354,33.7494118,30.950725,76.031167,8.052777113520298,35.41397105,32.29141627586207,1.055209245254598,29.630149393662602,15,18,1-100:1-100,False,True,,40,99.61977186311786
12,2026-09-25T23:07:17.793+00:00,2026-09-25T23:07:17.870+00:00,2026-09-25T23:07:18.939+00:00,True,34,34.0,,34.0,77.602598,1146.629158,1146.629157,33.724386970588235,31.164265,77.602598,7.8232650049188255,35.286354499999995,32.394744242424245,1.0617722665665832,29.652132742991004,15,18,1-100:1-100,False,True,,100,99.61977186311786
13,2026-09-25T23:07:20.558+00:00,2026-09-25T23:07:20.637+00:00,2026-09-25T23:07:23.303+00:00,True,82,82.0,,82.0,79.12352,2744.474944,2744.475179,33.4692095,30.859724999999997,79.12352,6.198731142862996,36.28339995,32.90557313580247,3.539627730867371,29.87821046764127,15,18,600-1000:1-100,False,True,,290,99.61977186311786
14,2026-09-25T23:07:24.259+00:00,2026-09-25T23:07:24.341+00:00,2026-09-25T23:07:27.507+00:00,True,99,99.0,,99.0,82.126204,3248.049276,3248.049262,32.808578404040404,30.742625,82.126204,5.174518600599849,35.553539,32.30533746938775,1.3119862598824636,30.479833151398285,15,18,1-100:1-100,False,True,,329,99.61977186311786
15,2026-09-25T23:07:28.271+00:00,2026-09-25T23:07:28.363+00:00,2026-09-25T23:07:30.893+00:00,True,78,78.0,,78.0,92.064755,2621.661427,2621.661318,33.61104253846154,30.795166000000002,92.064755,7.200106227249933,35.2872023,32.85190483116883,2.642252591111036,29.752125578342273,15,18,1-100:1-100,False,True,,78,99.61977186311786
16,2026-09-25T23:07:31.595+00:00,2026-09-25T23:07:31.695+00:00,2026-09-25T23:07:32.636+00:00,True,29,29.0,,29.0,100.081164,1040.787212,1040.787106,35.88921055172414,31.443826,100.081164,12.375139790077608,35.35438799999999,33.59664457142858,0.8663126026065422,27.86352451840079,15,18,1-100:1-100,False,True,,29,99.61977186311786
17,2026-09-25T23:07:34.967+00:00,2026-09-25T23:07:35.150+00:00,2026-09-25T23:07:36.967+00:00,True,55,55.0,,55.0,182.393778,1999.449522,1999.449449,36.35362634545454,31.583776,182.393778,20.07757305146137,35.2809103,33.64918044444445,0.9234760553394485,27.507571156377512,15,18,600-1000:1-100,False,True,,254,99.61977186311786
18,2026-09-25T23:07:38.544+00:00,2026-09-25T23:07:38.630+00:00,2026-09-25T23:07:40.211+00:00,True,47,47.0,,47.0,85.41134699999999,1666.587155,1666.58729,35.45930404255319,21.755844,85.41134699999999,8.448634915030576,42.3898447,34.37338713043478,4.038733131724675,28.201345401585073,15,18,1-100:1-100,False,True,,94,99.61977186311786
19,2026-09-25T23:07:41.961+00:00,2026-09-25T23:07:42.051+00:00,2026-09-25T23:07:45.135+00:00,True,93,93.0,,93.0,90.862764,3174.454956,3174.455129,34.13392611827957,30.907005,90.862764,6.053472598433657,35.690098400000004,33.51730643478261,1.1394985708417937,29.296367814015376,15,18,1-100:1-100,False,True,,302,99.61977186311786
20,2026-09-25T23:07:45.573+00:00,2026-09-25T23:07:45.673+00:00,2026-09-25T23:07:49.084+00:00,True,100,100.0,,100.0,100.76210499999999,3510.9516729999996,3510.951672,35.10951672,32.372597,100.76210499999999,6.965811472200275,36.384438949999996,34.44635927272727,2.1426694929107866,28.48230602802718,15,18,1-100:1-100,False,True,,100,99.61977186311786
21,2026-09-25T23:07:49.109+00:00,2026-09-25T23:07:49.222+00:00,2026-09-25T23:07:49.877+00:00,True,20,20.0,,20.0,112.686139,767.6119630000001,767.611765,38.38058825,33.182228,112.686139,17.501916576345337,39.9920174,34.46978021052632,0.6714040945765638,26.05483103967727,15,18,600-1000:1-100,False,True,,101,99.61977186311786
22,2026-09-25T23:07:52.704+00:00,2026-09-25T23:07:52.814+00:00,2026-09-25T23:07:54.722+00:00,True,55,55.0,,55.0,109.928375,2017.3533989999999,2017.353549,36.67915543636364,32.014717,109.928375,10.986517419792891,46.1035948,35.322685629629625,4.457733367332827,27.26344329519233,15,18,600-1000:1-100,False,True,,252,99.61977186311786
23,2026-09-25T23:07:55.533+00:00,2026-09-25T23:07:55.635+00:00,2026-09-25T23:07:58.700+00:00,True,88,88.0,,88.0,101.482356,3166.895732,3166.89565,35.98745056818182,32.489027,101.482356,7.292618811011084,39.3704265,35.234636505747126,1.829889874046465,27.787463638540785,15,18,1-100:1-100,False,True,,445,99.61977186311786
24,2026-09-25T23:08:00.335+00:00,2026-09-25T23:08:00.438+00:00,2026-09-25T23:08:03.100+00:00,True,76,76.0,,76.0,102.483207,2764.3973189999997,2764.397451,36.37365067105263,32.191797,102.483207,8.952450174970865,41.24512225,35.49218816,4.624015475252391,27.492430077848738,15,18,1-100:1-100,False,True,,299,99.61977186311786
25,2026-09-25T23:08:04.872+00:00,2026-09-25T23:08:04.960+00:00,2026-09-25T23:08:07.717+00:00,True,80,80.0,,80.0,88.085871,2845.035119,2845.035113,35.5629389125,33.213457999999996,88.085871,6.1330371327832784,38.733510499999994,34.89809174683544,1.510392227482628,28.119160802527862,15,18,1-100:1-100,False,True,,98,99.61977186311786
26,2026-09-25T23:08:08.119+00:00,2026-09-25T23:08:08.214+00:00,2026-09-25T23:08:09.163+00:00,True,28,28.0,,28.0,94.581558,1043.5236380000001,1043.5235989999999,37.268699964285716,33.121227,94.581558,11.322441059164563,39.3247776,35.14600296296296,1.4533007193301917,26.832166498560905,15,18,1-100:1-100,False,True,,97,99.61977186311786
27,2026-09-25T23:08:11.538+00:00,2026-09-25T23:08:11.630+00:00,2026-09-25T23:08:13.802+00:00,True,63,63.0,,63.0,91.764105,2263.925385,2263.925541,35.93532604761905,33.328688,91.764105,7.251810139722921,37.287369,35.03485935483871,1.2372686967038522,27.827772247891467,15,18,600-1000:1-100,False,True,,235,99.61977186311786
28,2026-09-25T23:08:14.237+00:00,2026-09-25T23:08:14.323+00:00,2026-09-25T23:08:14.497+00:00,True,6,6.0,,6.0,85.308958,259.59657400000003,259.596556,43.266092666666665,34.298379000000004,85.308958,20.60298894626945,72.90026600000002,34.8575232,0.5684786056160777,23.11278576426821,15,18,600-1000:1-100,False,True,,30,99.61977186311786
29,2026-09-25T23:08:17.073+00:00,2026-09-25T23:08:17.191+00:00,2026-09-25T23:08:18.878+00:00,True,49,49.0,,49.0,118.131575,1805.018743,1805.018688,36.83711608163265,31.253006000000003,118.131575,12.523396645673925,40.6459004,35.143482666666664,4.078072975983765,27.146532516643237,15,18,600-1000:1-100,False,True,,162,99.61977186311786
30,2026-09-25T23:08:21.534+00:00,2026-09-25T23:08:21.624+00:00,2026-09-25T23:08:22.891+00:00,True,38,38.0,,38.0,90.253822,1357.7167339999999,1357.716642,35.72938531578947,31.955703,90.253822,9.222445157083548,37.839298150000005,34.25575437837838,1.61345970687518,27.988165018816073,15,18,1-100:1-100,False,True,,144,99.61977186311786
31,2026-09-25T23:08:25.269+00:00,2026-09-25T23:08:25.354+00:00,2026-09-25T23:08:26.015+00:00,True,20,20.0,,20.0,84.859176,746.1965200000001,746.19668,37.309834,33.866305,84.859176,11.203154070292724,38.2099295,34.807228631578944,0.514572147772001,26.802590824197356,15,18,600-1000:1-100,False,True,,98,99.61977186311786
32,2026-09-25T23:08:28.337+00:00,2026-09-25T23:08:28.426+00:00,2026-09-25T23:08:31.904+00:00,True,100,100.0,,100.0,88.52865,3566.81473,3566.814822,35.66814822,23.643024,88.52865,5.783778660121486,38.558257,35.134202828282824,2.234463128816826,28.03621930763979,15,18,1-100:1-100,False,True,,200,99.61977186311786
0,2026-09-25T23:06:31.961+00:00,2026-09-25T23:06:32.167+00:00,2026-09-25T23:06:34.322+00:00,True,69,69.0,,69.0,205.551554,2360.153282,2360.15332,34.20512057971015,29.508194,205.551554,20.944102303073816,32.9364734,31.685319529411764,0.7452507302851713,29.235389297058376,16,18,1-100:1-100,False,True,,70,99.61977186311786
1,2026-09-25T23:06:35.678+00:00,2026-09-25T23:06:35.770+00:00,2026-09-25T23:06:36.265+00:00,True,17,17.0,,17.0,92.509725,586.890013,586.890109,34.5229475882353,29.263163,92.509725,14.991341233606036,45.9177362,30.898768,1.2442924623038323,28.966245162532694,16,18,600-1000:1-100,False,True,,72,99.61977186311786
2,2026-09-25T23:06:40.859+00:00,2026-09-25T23:06:40.943+00:00,2026-09-25T23:06:41.960+00:00,True,33,33.0,,33.0,83.929906,1100.515378,1100.515544,33.348955878787876,30.794875,83.929906,9.121556400364632,34.1952188,31.768296,0.8818131825006926,29.98595081876266,16,18,600-1000:1-100,False,True,,160,99.61977186311786
3,2026-09-25T23:06:45.785+00:00,2026-09-25T23:06:45.882+00:00,2026-09-25T23:06:48.455+00:00,True,79,79.0,,79.0,96.650341,2669.528933,2669.528863,33.79150459493671,30.811545,96.650341,8.462885600051255,35.0089422,32.985622974358975,4.536311738059075,29.593236103727218,16,18,1-100:1-100,False,True,,277,99.61977186311786
4,2026-09-25T23:06:49.556+00:00,2026-09-25T23:06:49.636+00:00,2026-09-25T23:06:50.526+00:00,True,29,29.0,,29.0,79.901731,970.3014750000001,970.301416,33.45866951724138,30.874865000000003,79.901731,8.947633938822248,32.600915,31.79999085714286,0.5337606701022274,29.887618175577852,16,18,1-100:1-100,False,True,,30,99.61977186311786
5,2026-09-25T23:06:54.860+00:00,2026-09-25T23:06:54.963+00:00,2026-09-25T23:06:58.253+00:00,True,99,99.0,,99.0,103.09323699999999,3393.372917,3393.372977,34.276494717171715,0.016239999999999997,386.09534,38.072470070196516,35.577177999999996,33.574282448979595,37.61829696098413,29.1745123278474,16,18,1-100:1-100,False,True,,435,99.61977186311786
6,2026-09-25T23:06:59.452+00:00,2026-09-25T23:06:59.534+00:00,2026-09-25T23:07:01.251+00:00,True,53,53.0,,53.0,81.849614,1798.841358,1798.841451,33.94040473584906,30.916865,81.849614,6.863162430496206,36.038247,33.019072,1.468120043355968,29.463409746664276,16,18,1-100:1-100,False,True,,53,99.61977186311786
7,2026-09-25T23:07:04.385+00:00,2026-09-25T23:07:04.458+00:00,2026-09-25T23:07:06.179+00:00,True,55,55.0,,55.0,73.30234399999999,1793.905992,1793.905795,32.616469,30.679685000000003,73.30234399999999,5.619491793960044,32.849190300000004,31.863030518518517,0.6027264675433716,30.659354640251404,16,18,1-100:1-100,False,True,,167,99.61977186311786
8,2026-09-25T23:07:07.829+00:00,2026-09-25T23:07:07.931+00:00,2026-09-25T23:07:09.240+00:00,True,41,41.0,,41.0,102.439187,1411.340307,1411.340199,34.42293168292683,30.696695,102.439187,11.309716138549577,38.189534,32.722528,3.098906449987206,29.050399677984966,16,18,600-1000:1-100,False,True,,187,99.61977186311786
9,2026-09-25T23:07:13.399+00:00,2026-09-25T23:07:13.499+00:00,2026-09-25T23:07:14.083+00:00,True,19,19.0,,19.0,99.523994,683.648666,683.648599,35.981505210526315,31.166345,99.523994,15.426301517776507,41.6758703,32.45137066666667,1.1249565570638453,27.792053060189833,16,18,1-100:1-100,False,True,,19,99.61977186311786
10,2026-09-25T23:07:16.872+00:00,2026-09-25T23:07:16.965+00:00,2026-09-25T23:07:19.805+00:00,True,89,89.0,,89.0,93.962197,2933.527509,2933.527494,32.96098307865169,30.376313999999997,93.962197,6.5935835454120495,34.4596456,32.267787636363636,0.8468553313027086,30.33890076944903,16,18,600-1000:1-100,False,True,,425,99.61977186311786
11,2026-09-25T23:07:21.524+00:00,2026-09-25T23:07:21.599+00:00,2026-09-25T23:07:23.008+00:00,True,44,44.0,,44.0,74.079524,1483.797796,1483.797981,33.72268138636364,30.511954000000003,74.079524,6.76225347551854,35.31747885,32.78414586046512,2.6715237792521327,29.6536361751005,16,18,600-1000:1-100,False,True,,140,99.61977186311786
12,2026-09-25T23:07:25.181+00:00,2026-09-25T23:07:25.278+00:00,2026-09-25T23:07:26.071+00:00,True,25,25.0,,25.0,97.613481,890.737577,890.737586,35.62950344,30.409155,97.613481,13.028630567434293,38.2953742,33.04683733333333,1.7667054733385543,28.066627753821596,16,18,1-100:1-100,False,True,,71,99.61977186311786
13,2026-09-25T23:07:30.662+00:00,2026-09-25T23:07:30.762+00:00,2026-09-25T23:07:32.939+00:00,True,66,66.0,,66.0,100.673005,2277.186285,2277.186316,34.50282296969697,30.989265,100.673005,8.858395720388218,36.85625925,33.484819692307696,3.1985348813364776,28.983136089808298,16,18,600-1000:1-100,False,True,,268,99.61977186311786
14,2026-09-25T23:07:36.207+00:00,2026-09-25T23:07:36.295+00:00,2026-09-25T23:07:38.935+00:00,True,81,81.0,,81.0,87.51948,2727.581432,2727.581299,33.673843197530864,21.419845000000002,87.51948,6.450654102610563,35.921741000000004,33.0007744,2.2312033495522554,29.696638586004276,16,18,1-100:1-100,False,True,,243,99.61977186311786
15,2026-09-25T23:07:41.702+00:00,2026-09-25T23:07:41.799+00:00,2026-09-25T23:08:18.130+00:00,True,1041,1041.0,,1041.0,97.013581,36428.683340999996,36428.683484,34.99393226128722,31.144595000000002,113.45052899999999,3.9740138281951576,38.233453000000004,34.93429784615385,3.4788461660273,28.576382798561607,16,18,1-100:1000-1500,False,True,,2373,99.61977186311786
16,2026-09-25T23:07:47.187+00:00,2026-09-25T23:07:47.296+00:00,2026-09-25T23:07:48.046+00:00,True,23,23.0,,23.0,108.93437399999999,859.30007,859.300199,37.3608782173913,33.030567000000005,108.93437399999999,15.616426943607072,35.897189899999994,34.10753163636363,0.6755206112953281,26.76597012263714,16,18,1-100:1-100,False,True,,23,99.61977186311786
17,2026-09-25T23:07:52.171+00:00,2026-09-25T23:07:52.282+00:00,2026-09-25T23:07:53.627+00:00,True,39,39.0,,39.0,110.874447,1456.130639,1456.13069,37.33668435897436,32.042657,110.874447,12.656505890886088,41.5485718,35.4014787368421,3.809674056450142,26.783311164157162,16,18,1-100:1-100,False,True,,39,99.61977186311786
18,2026-09-25T23:07:58.258+00:00,2026-09-25T23:07:58.355+00:00,2026-09-25T23:08:01.355+00:00,True,87,87.0,,87.0,97.28799099999999,3096.995639,3096.9958,35.59765287356322,31.980467,97.28799099999999,7.187169356833677,38.2449397,34.8803214883721,2.6400043890862657,28.091741203772486,16,18,600-1000:1-100,False,True,,382,99.61977186311786
19,2026-09-25T23:08:04.304+00:00,2026-09-25T23:08:04.405+00:00,2026-09-25T23:08:07.821+00:00,True,99,99.0,,99.0,100.344035,3516.921827,3516.921819,35.52446281818182,33.271358,100.344035,6.773073834349009,38.9676881,34.86303869387755,1.609423022681753,28.14961630365519,16,18,1-100:1-100,False,True,,215,99.61977186311786
20,2026-09-25T23:08:09.641+00:00,2026-09-25T23:08:09.718+00:00,2026-09-25T23:08:10.789+00:00,True,31,31.0,,31.0,76.515437,1147.149165,1147.1493169999999,37.004816677419356,33.377558,76.515437,7.626883334338973,41.8410225,35.68779093333333,2.133110471650438,27.023512674570092,16,18,1-100:1-100,False,True,,248,99.61977186311786
21,2026-09-25T23:08:15.303+00:00,2026-09-25T23:08:15.411+00:00,2026-09-25T23:08:17.583+00:00,True,63,63.0,,63.0,107.37409299999999,2279.876621,2279.876809,36.188520777777775,32.286476,107.37409299999999,9.29381138081931,40.695271600000005,35.0403633548387,1.8382495529003842,27.63307427239941,16,18,600-1000:1-100,False,True,,217,99.61977186311786
22,2026-09-25T23:08:20.345+00:00,2026-09-25T23:08:20.477+00:00,2026-09-25T23:08:40.421+00:00,True,593,593.0,,593.0,131.516139,20075.579627,20075.579504,33.85426560539629,0.038751,131.516139,6.19934185011489,37.6166144,33.689296432432435,4.725586744542527,29.538375031646105,16,18,100-300:300-600,False,True,,2829,99.61977186311786
23,2026-09-25T23:08:24.113+00:00,2026-09-25T23:08:24.216+00:00,2026-09-25T23:08:27.623+00:00,True,99,99.0,,99.0,102.895814,3510.310854,3510.310775,35.4576845959596,31.247122,102.895814,7.850886258671336,38.197841999999994,34.76954122448979,3.861076765947189,28.20263051267653,16,18,1-100:1-100,False,True,,293,99.61977186311786
24,2026-09-25T23:08:29.532+00:00,2026-09-25T23:08:29.620+00:00,2026-09-25T23:08:31.340+00:00,True,50,50.0,,50.0,88.800841,1808.435785,1808.435672,36.16871344,33.460724,88.800841,7.736002253444661,38.108709999999995,35.09459069387755,1.4843970667350403,27.648203168021254,16,18,1-100:1-100,False,True,,106,99.61977186311786
0,2026-09-25T23:06:31.963+00:00,2026-09-25T23:06:32.167+00:00,2026-09-25T23:06:33.977+00:00,True,58,58.0,,58.0,203.921212,2013.4311,2013.430995,34.7143275,28.627733,203.921212,22.624962772261828,33.65108315,31.74578750877193,0.8904554278820538,28.80654818533398,17,18,1-100:1-100,False,True,,185,99.61977186311786
1,2026-09-25T23:06:35.368+00:00,2026-09-25T23:06:35.466+00:00,2026-09-25T23:06:36.671+00:00,True,40,40.0,,40.0,98.403433,1303.368553,1303.368556,32.5842139,29.542784,98.403433,10.734853126329606,33.56381445,30.89654153846154,1.1584289176125304,30.689707763725675,17,18,600-1000:1-100,False,True,,183,99.61977186311786
2,2026-09-25T23:06:40.343+00:00,2026-09-25T23:06:40.433+00:00,2026-09-25T23:07:13.790+00:00,True,1017,1017.0,,1017.0,89.310782,33446.314814,33446.314983,32.88723203834808,0.01567,387.230791,12.28524807837162,35.282012,32.83169688188976,12.162907039218274,30.406937375782366,17,18,1-100:1000-1500,False,True,,3179,99.61977186311786
3,2026-09-25T23:06:44.548+00:00,2026-09-25T23:06:44.636+00:00,2026-09-25T23:07:00.043+00:00,True,466,466.0,,466.0,88.760151,15495.661655,15495.661692,33.25249290128755,0.01627,385.76907900000003,17.68936067959646,35.15702325,33.133121513978494,17.519505765130717,30.072933339354073,17,18,100-300:300-600,False,True,,2195,99.61977186311786
4,2026-09-25T23:06:48.359+00:00,2026-09-25T23:06:48.456+00:00,2026-09-25T23:06:50.081+00:00,True,50,50.0,,50.0,96.58514,1722.0632839999998,1722.063383,34.44126766,30.917366,96.58514,9.311730331294946,36.48167705,33.17302334693878,2.533247977704426,29.034937603373237,17,18,1-100:1-100,False,True,,225,99.61977186311786
5,2026-09-25T23:06:52.910+00:00,2026-09-25T23:06:52.986+00:00,2026-09-25T23:06:53.054+00:00,True,3,3.0,,3.0,75.86943600000001,143.61292400000002,143.612953,47.87098433333333,33.815088,75.86943600000001,24.247436634489276,71.6753353,33.871744,0.08019156584080397,20.889484848870563,17,18,1-100:1-100,False,True,,3,99.61977186311786
6,2026-09-25T23:06:57.676+00:00,2026-09-25T23:06:57.754+00:00,2026-09-25T23:06:58.659+00:00,True,28,28.0,,28.0,77.751938,983.20909,983.20906,35.11460928571429,31.111555,77.751938,8.441845758120088,36.30223515,33.53545007407408,1.2228193406237622,28.478174464395973,17,18,1-100:1-100,False,True,,102,99.61977186311786
7,2026-09-25T23:07:02.047+00:00,2026-09-25T23:07:02.128+00:00,2026-09-25T23:07:02.390+00:00,True,9,9.0,,9.0,80.624692,342.546996,342.547101,38.060789,31.854517,80.624692,16.0047870768833,62.69813559999999,32.740288,1.2580445322956009,26.27376711836644,17,18,1-100:1-100,False,True,,12,99.61977186311786
8,2026-09-25T23:07:06.692+00:00,2026-09-25T23:07:06.791+00:00,2026-09-25T23:07:08.855+00:00,True,64,64.0,,64.0,98.981183,2162.302271,2162.302295,33.785973359375,31.215625,98.981183,8.655066016751746,37.0903512,32.75112838095238,2.54464309789981,29.598082034294823,17,18,600-1000:1-100,False,True,,351,99.61977186311786
9,2026-09-25T23:07:11.323+00:00,2026-09-25T23:07:11.405+00:00,2026-09-25T23:07:13.987+00:00,True,80,80.0,,80.0,81.717703,2663.690439,2663.690307,33.2961288375,30.795705,81.717703,5.629549443088394,35.57297355,32.68319918987341,1.2876420897715057,30.03351997240097,17,18,600-1000:1-100,False,True,,265,99.61977186311786
10,2026-09-25T23:07:14.715+00:00,2026-09-25T23:07:14.795+00:00,2026-09-25T23:07:16.384+00:00,True,50,50.0,,50.0,79.66971099999999,1668.881871,1668.881832,33.37763664,31.036145,79.66971099999999,6.78140294158159,35.65778755,32.4329012244898,1.1787717851046497,29.960179248660555,17,18,1-100:1-100,False,True,,187,99.61977186311786
11,2026-09-25T23:07:20.152+00:00,2026-09-25T23:07:20.254+00:00,2026-09-25T23:07:23.205+00:00,True,91,91.0,,91.0,101.468445,3052.751645,3052.75161,33.546720989010986,30.562334999999997,101.468445,7.935094633562246,35.917591,32.79203555555556,3.3558646055879016,29.809172373732356,17,18,1-100:1-100,False,True,,370,99.61977186311786
12,2026-09-25T23:07:25.569+00:00,2026-09-25T23:07:25.670+00:00,2026-09-25T23:07:28.330+00:00,True,84,84.0,,84.0,101.627126,2761.7932699999997,2761.793149,32.87848986904762,29.993074,101.627126,7.681510528607791,34.056796,32.0501945060241,1.1798494961943795,30.415020889669997,17,18,1-100:1-100,False,True,,84,99.61977186311786
13,2026-09-25T23:07:28.924+00:00,2026-09-25T23:07:29.033+00:00,2026-09-25T23:07:29.587+00:00,True,18,18.0,,18.0,108.875654,663.34503,663.344816,36.85248977777778,31.313506,108.875654,18.005307655774455,46.255334600000005,32.61584564705882,1.0832844405631041,27.135199912479933,17,18,600-1000:1-100,False,True,,67,99.61977186311786
14,2026-09-25T23:07:32.729+00:00,2026-09-25T23:07:32.807+00:00,2026-09-25T23:07:32.907+00:00,True,4,4.0,,4.0,77.92407899999999,177.82014299999997,177.82008299999998,44.455020749999996,32.597747,77.92407899999999,22.318211854680715,71.28475035,33.298688,0.6071563932694772,22.49463942901002,17,18,1-100:1-100,False,True,,4,99.61977186311786
15,2026-09-25T23:07:38.291+00:00,2026-09-25T23:07:38.363+00:00,2026-09-25T23:07:38.810+00:00,True,14,14.0,,14.0,72.508483,519.298627,519.298502,37.09275014285714,32.083276000000005,72.508483,10.65810337283561,54.33432570000001,34.36847261538462,3.240157446871513,26.959439659754775,17,18,1-100:1-100,False,True,,14,99.61977186311786
16,2026-09-25T23:07:42.714+00:00,2026-09-25T23:07:42.803+00:00,2026-09-25T23:07:44.363+00:00,True,47,47.0,,47.0,89.24414200000001,1648.899054,1648.8991800000001,35.082961276595746,31.346355,89.24414200000001,8.129360404332672,36.0015394,33.90554156521739,0.9749489646899621,28.503867405336024,17,18,1-100:1-100,False,True,,47,99.61977186311786
17,2026-09-25T23:07:46.291+00:00,2026-09-25T23:07:46.405+00:00,2026-09-25T23:08:03.752+00:00,True,495,495.0,,495.0,114.288971,17460.850763000002,17460.850843,35.27444614747475,32.121377,114.288971,5.624925057122216,38.532769,35.11449755465587,4.360555829168032,28.349134112578174,17,18,100-300:300-600,False,True,,2274,99.61977186311786
18,2026-09-25T23:07:51.106+00:00,2026-09-25T23:07:51.206+00:00,2026-09-25T23:08:38.985+00:00,True,1383,1383.0,,1383.0,100.60746400000001,47878.990568,47878.990621,34.619660608098336,0.08022,100.60746400000001,4.127372312389809,38.1437295,34.571912520984085,3.727221319201388,28.88532075536969,17,18,1-100:1000-1500,False,True,,4776,99.61977186311786
19,2026-09-25T23:07:54.868+00:00,2026-09-25T23:07:54.965+00:00,2026-09-25T23:07:56.798+00:00,True,53,53.0,,53.0,97.416461,1930.479117,1930.47913,36.424134528301884,32.824337,97.416461,8.715822196296907,39.288887,35.25120492307692,1.7635134712344798,27.454324438568893,17,18,1-100:1-100,False,True,,210,99.61977186311786
20,2026-09-25T23:07:58.129+00:00,2026-09-25T23:07:58.246+00:00,2026-09-25T23:08:00.261+00:00,True,59,59.0,,59.0,117.553634,2132.398818,2132.39885,36.14235338983051,32.506967,117.553634,10.919050928526017,40.1828729,34.73871006896552,1.7422276767932128,27.668370241987258,17,18,600-1000:1-100,False,True,,280,99.61977186311786
21,2026-09-25T23:08:03.872+00:00,2026-09-25T23:08:03.959+00:00,2026-09-25T23:08:05.168+00:00,True,36,36.0,,36.0,87.008849,1295.247697,1295.247796,35.97910544444444,33.158137,87.008849,8.809650396549038,37.22440925,34.521109942857144,1.0560170179240913,27.793911607317842,17,18,1-100:1-100,False,True,,161,99.61977186311786
22,2026-09-25T23:08:07.946+00:00,2026-09-25T23:08:08.037+00:00,2026-09-25T23:08:08.779+00:00,True,22,22.0,,22.0,91.57970399999999,832.897848,832.897979,37.858999045454546,33.507059,91.57970399999999,12.101786498134027,40.16245185,35.300864,1.6151895867004593,26.41380338876803,17,18,600-1000:1-100,False,True,,88,99.61977186311786
23,2026-09-25T23:08:13.026+00:00,2026-09-25T23:08:13.132+00:00,2026-09-25T23:08:15.446+00:00,True,67,67.0,,67.0,105.64766,2420.0919480000002,2420.091938,36.120775194029854,32.975547,105.64766,8.717476693371147,38.4138827,35.067337696969695,1.2913933127340822,27.684898524359703,17,18,600-1000:1-100,False,True,,304,99.61977186311786
24,2026-09-25T23:08:18.409+00:00,2026-09-25T23:08:18.500+00:00,2026-09-25T23:08:21.184+00:00,True,80,80.0,,80.0,91.49021499999999,2775.077031,2775.076923,34.6884615375,31.357995,91.49021499999999,8.171305998856063,37.69716904999999,33.96945336708861,5.073259232983493,28.8280285939205,17,18,1-100:1-100,False,True,,354,99.61977186311786
25,2026-09-25T23:08:22.303+00:00,2026-09-25T23:08:22.414+00:00,2026-09-25T23:08:22.590+00:00,True,6,6.0,,6.0,111.428763,287.700379,287.700503,47.95008383333333,32.787203999999996,111.428763,31.181289463342164,93.42374225000002,35.2543232,2.5452363367238022,20.855029878149725,17,18,600-1000:1-100,False,True,,25,99.61977186311786
26,2026-09-25T23:08:26.772+00:00,2026-09-25T23:08:26.902+00:00,2026-09-25T23:08:29.762+00:00,True,83,83.0,,83.0,130.44723299999998,2989.9462409999996,2989.946225,36.023448493975906,30.722821,130.44723299999998,10.597267545028597,37.6887129,34.87193912195122,1.507965830291072,27.759696432615563,17,18,1-100:1-100,False,True,,368,99.61977186311786
27,2026-09-25T23:08:30.399+00:00,2026-09-25T23:08:30.495+00:00,2026-09-25T23:08:30.530+00:00,True,2,2.0,,2.0,96.82213899999999,131.81349899999998,131.81354399999998,65.90677199999999,34.991405,96.82213899999999,43.72093129714162,93.73060229999999,34.99136,nan,15.172952809635987,17,18,600-1000:1-100,False,True,,10,99.61977186311786
