request_idx,request_sent_at_utc,first_token_at_utc,full_response_received_at_utc,successful_request,records_in_request,response_token_count,input_token_count,output_token_count,first_token_ms,request_duration_ms,token_generation_duration_sum_ms,token_generation_duration_avg_ms,token_generation_duration_min_ms,token_generation_duration_max_ms,token_generation_duration_stdev_ms,token_generation_duration_p95_ms,inter_token_interval_avg_ms,inter_token_interval_stdev_ms,tokens_per_second,worker_idx,exp_num_users,workload_profile,exclude,consistent,error,response_char_count,success_rate
0,2026-09-19T10:25:43.322+00:00,2026-09-19T10:25:43.462+00:00,2026-09-19T10:27:00.879+00:00,True,923,923.0,,923.0,139.866517,77557.121429,77557.121249,84.02721695449621,40.657394999999994,361.391263,39.7208401764995,149.1562154,83.9666539175705,39.69973535384138,11.900905848407024,0,13,,False,True,,4048,76.03092783505154
1,2026-09-19T10:25:48.163+00:00,2026-09-19T10:25:48.354+00:00,2026-09-19T10:26:37.344+00:00,True,609,609.0,,609.0,190.880598,49180.863062000004,49180.862877,80.75675349261084,20.797062,305.082333,28.446751520872894,96.79055900000002,80.57562905263157,28.116522732529255,12.382865246432587,0,13,,False,True,,2413,76.03092783505154
2,2026-09-19T10:25:52.443+00:00,2026-09-19T10:25:52.668+00:00,2026-09-19T10:26:52.135+00:00,True,687,687.0,,687.0,225.365915,59691.481755,59691.48169,86.88716403202329,52.496091,357.678384,32.065795785291456,131.17124189999998,86.68530005830904,31.649341669182473,11.509179866228637,0,13,,False,True,,3114,76.03092783505154
3,2026-09-19T10:25:57.364+00:00,2026-09-19T10:25:57.666+00:00,2026-09-19T10:27:31.399+00:00,True,996,996.0,,996.0,301.952555,94034.065195,94034.065174,94.41171202208835,18.639653,366.261742,40.10650247170715,177.26542075,94.20312828140703,39.582483322889075,10.591906219672396,0,13,,False,True,,3982,76.03092783505154
4,2026-09-19T10:26:01.070+00:00,2026-09-19T10:26:01.322+00:00,2026-09-19T10:27:29.783+00:00,True,639,639.0,,639.0,251.620153,88712.84920899999,88712.84927800001,138.83075004381848,17.700674,26740.99417,1054.8679872021448,190.53498480000002,138.65396403761756,1055.6861911153455,7.203015185484234,0,13,,False,True,,2486,76.03092783505154
5,2026-09-19T10:26:05.124+00:00,2026-09-19T10:26:05.361+00:00,2026-09-19T10:28:16.549+00:00,True,937,937.0,,937.0,236.388341,131424.60645300001,131424.60638399998,140.26105270437566,74.602163,40515.333789,1321.0321791981328,180.66151619999997,140.15835268376068,1321.7346854836103,7.129562912825532,0,13,,False,True,,3457,76.03092783505154
6,2026-09-19T10:26:10.127+00:00,2026-09-19T10:26:55.988+00:00,2026-09-19T10:28:02.858+00:00,True,672,672.0,,672.0,45861.019115,112731.73194700001,112731.731989,167.75555355505952,77.898921,45861.019115,1766.4658610257518,180.4415445,99.65829036065574,64.68728684058097,5.96105451760411,0,13,,False,True,,2941,76.03092783505154
7,2026-09-19T10:26:13.124+00:00,2026-09-19T10:27:01.345+00:00,2026-09-19T10:28:30.935+00:00,True,843,843.0,,843.0,48220.880952,137811.043896,137811.043979,163.4769204970344,78.35744100000001,48220.880952,1661.4415694192055,212.4181939,106.40161869833729,119.40099285262076,6.117071434682517,0,13,,False,True,,3438,76.03092783505154
8,2026-09-19T10:26:18.202+00:00,2026-09-19T10:27:14.831+00:00,2026-09-19T10:28:53.468+00:00,True,938,938.0,,938.0,56629.442422,155265.830262,155265.83036,165.52860379530918,80.58930000000001,56629.442422,1850.8361940203106,191.04390784999998,105.26829011739594,139.4665509583301,6.041251951039015,0,13,,False,True,,1407,76.03092783505154
9,2026-09-19T10:26:22.123+00:00,2026-09-19T10:27:24.910+00:00,2026-09-19T10:29:06.454+00:00,True,843,843.0,,843.0,62786.389282,164330.798882,164330.798961,194.93570458007116,29.676659,62786.389282,2190.469114937081,198.19301030000003,120.59906128266033,374.1078438824697,5.12989656068871,0,13,,False,True,,2742,76.03092783505154
10,2026-09-19T10:26:26.157+00:00,2026-09-19T10:28:14.402+00:00,2026-09-19T10:29:55.781+00:00,True,998,998.0,,998.0,108245.262657,209623.50777700002,209623.507789,210.0435949789579,32.845317,108245.262657,3423.510519592016,210.13221335000003,101.68329500501504,44.22148757379987,4.760916419076835,0,13,,True,True,,3458,76.03092783505154
11,2026-09-19T10:26:30.669+00:00,2026-09-19T10:28:18.650+00:00,2026-09-19T10:29:47.032+00:00,True,865,865.0,,865.0,107980.755637,196363.23755700001,196363.237728,227.0095233849711,1.047579,107980.755637,3668.391847983969,210.91625200000001,102.29453925925925,55.15187442621746,4.405101539176391,0,13,,True,True,,4517,76.03092783505154
12,2026-09-19T10:26:34.743+00:00,2026-09-19T10:28:21.356+00:00,2026-09-19T10:29:24.087+00:00,True,631,631.0,,631.0,106612.343545,169343.52588099998,169343.525834,268.3732580570523,31.744798,106612.343545,4240.459599212206,172.1542065,99.57330529523809,46.37276666969885,3.726153667329523,0,13,,True,True,,2519,76.03092783505154
13,2026-09-19T10:26:37.786+00:00,2026-09-19T10:28:23.246+00:00,2026-09-19T10:29:39.637+00:00,True,763,763.0,,763.0,105460.285579,181851.484043,181851.48382,238.33746241153344,1.058779,105460.285579,3814.524847854874,192.041437,100.25091661942257,42.413364991912935,4.1957315004346265,0,13,,True,True,,3472,76.03092783505154
14,2026-09-19T10:26:41.021+00:00,2026-09-19T10:28:25.655+00:00,2026-09-19T10:29:36.867+00:00,True,628,628.0,,628.0,104633.861944,175846.633528,175846.633413,280.01056275955415,0.05965,104633.861944,4174.228798713606,211.3899615,113.5769881722488,168.9583736328965,3.5712938450994214,0,13,,True,True,,2267,76.03092783505154
15,2026-09-19T10:26:45.169+00:00,2026-09-19T10:28:31.591+00:00,2026-09-19T10:30:27.603+00:00,True,653,653.0,,653.0,106421.738716,222433.76303600002,222433.763161,340.6336342434916,80.626909,106421.738716,4531.922813421116,180.2722296,177.9325526380368,1804.8097252540642,2.935705403204974,0,13,,True,True,,2315,76.03092783505154
16,2026-09-19T10:26:48.316+00:00,2026-09-19T10:29:29.300+00:00,2026-09-19T10:30:52.105+00:00,True,844,844.0,,844.0,160983.939308,243789.19242799998,243789.192339,288.8497539561611,80.1315,160983.939308,5538.054847895294,177.64083280000003,98.22687202846976,39.4355260878949,3.4620074482968093,0,13,,True,True,,3217,76.03092783505154
17,2026-09-19T10:26:52.029+00:00,2026-09-19T10:29:31.914+00:00,2026-09-19T10:30:40.388+00:00,True,705,705.0,,705.0,159884.51345300002,228358.45546900004,228358.455446,323.9127027602837,78.80547100000001,159884.51345300002,6018.045030657231,158.244578,97.26412218181818,36.257384476468296,3.087251569257985,0,13,,True,True,,1739,76.03092783505154
18,2026-09-19T10:26:55.894+00:00,2026-09-19T10:29:38.113+00:00,2026-09-19T10:31:15.848+00:00,True,976,976.0,,976.0,162219.113627,259953.615515,259953.61550800002,266.3459175286885,79.43308999999999,162219.113627,5189.489412004946,191.75828024999998,100.24051475692308,44.515986660646796,3.754515966498193,0,13,,True,True,,3980,76.03092783505154
19,2026-09-19T10:27:00.841+00:00,2026-09-19T10:29:42.560+00:00,2026-09-19T10:31:02.201+00:00,True,657,657.0,,657.0,161719.296678,241360.338598,241360.33869700003,367.36733439421613,79.176768,161719.296678,6322.001670993437,198.94613099999998,121.40402731707317,469.9891223888591,2.722071090123355,0,13,,True,True,,2643,76.03092783505154
20,2026-09-19T10:27:05.224+00:00,2026-09-19T10:29:48.016+00:00,2026-09-19T10:31:39.753+00:00,True,682,682.0,,682.0,162792.05102,274528.192844,274528.192651,402.5340068196481,80.994655,162792.05102,6395.107685421912,190.26199305000003,164.07656655506608,1456.2505969566407,2.484262155135174,0,13,,True,True,,3139,76.03092783505154
21,2026-09-19T10:27:08.322+00:00,2026-09-19T10:30:49.485+00:00,2026-09-19T10:31:56.221+00:00,True,699,699.0,,699.0,221163.007629,287899.265933,287899.266129,411.8730559785408,79.15220699999999,221163.007629,8361.625800374171,161.0659714,95.61068524928368,38.589800996525945,2.427932553890816,0,13,,True,True,,2796,76.03092783505154
22,2026-09-19T10:27:11.981+00:00,2026-09-19T10:30:52.807+00:00,2026-09-19T10:31:58.203+00:00,True,684,684.0,,684.0,220826.753227,286222.439627,286222.439596,418.45385905847957,79.57659699999999,220826.753227,8439.952767270472,157.8562825,95.74771068814056,39.400007791107555,2.389749737621469,0,13,,True,True,,2313,76.03092783505154
23,2026-09-19T10:27:16.287+00:00,2026-09-19T10:30:55.903+00:00,2026-09-19T10:31:57.051+00:00,True,647,647.0,,647.0,219616.06622600002,280764.63966600003,280764.63974300004,433.9484385517775,78.35334,219616.06622600002,8630.35371749059,152.7172809,94.65723442724459,36.389234713324846,2.3044212432508475,0,13,,True,True,,2585,76.03092783505154
24,2026-09-19T10:27:19.575+00:00,2026-09-19T10:31:01.082+00:00,2026-09-19T10:32:19.671+00:00,False,815,814.0,,814.0,221506.452808,300095.957832,300095.957833,368.2158991815951,0.032879,221506.452808,7755.76247582677,178.5224598,96.54730346928747,41.66063547890767,2.712465725565335,0,13,,True,False,Request timeout: 300.0s exceeded,2662,76.03092783505154
25,2026-09-19T10:27:23.756+00:00,2026-09-19T10:31:14.118+00:00,2026-09-19T10:32:23.801+00:00,False,284,283.0,,283.0,230362.63121700002,300045.226545,300045.22664,1056.4972769014084,0.037829999999999996,230362.63121700002,13861.418461941617,207.48951639999999,246.22825204240283,2388.070329598887,0.9431911424111805,0,13,,True,False,Request timeout: 300.0s exceeded,1375,76.03092783505154
26,2026-09-19T10:27:27.680+00:00,2026-09-19T10:32:03.693+00:00,2026-09-19T10:32:27.740+00:00,False,258,257.0,,257.0,276013.57939800003,300059.82631000003,300059.826339,1163.0225827093025,0.02309,276013.57939800003,17178.077956858822,174.94653964999998,93.56516308171207,40.77186420328068,0.8564958633765464,0,13,,True,False,Request timeout: 300.0s exceeded,937,76.03092783505154
27,2026-09-19T10:27:31.277+00:00,2026-09-19T10:32:05.322+00:00,2026-09-19T10:32:31.295+00:00,False,297,296.0,,296.0,274045.287103,300018.155967,300018.156004,1010.1621414276094,0.03288,274045.287103,15896.665235941347,95.50148300000001,87.7461785945946,34.06893353788977,0.9866069573221363,0,13,,True,False,Request timeout: 300.0s exceeded,1070,76.03092783505154
28,2026-09-19T10:27:34.397+00:00,2026-09-19T10:32:07.100+00:00,2026-09-19T10:32:34.442+00:00,False,334,333.0,,333.0,272703.214403,300045.46361900005,300045.46361700003,898.3397114281438,0.02705,272703.214403,14917.184245412844,93.8600001,82.1088565045045,25.092830486357244,1.1098318100981053,0,13,,True,False,Request timeout: 300.0s exceeded,1124,76.03092783505154
30,2026-09-19T10:27:41.089+00:00,2026-09-19T10:32:08.794+00:00,2026-09-19T10:32:41.111+00:00,False,448,447.0,,447.0,267705.330497,300021.663553,300021.663438,669.6912130312501,0.039490000000000004,267705.330497,12644.489088474878,91.89433985,72.2960471051454,20.595292656726546,1.4898924121225523,0,13,,True,False,Request timeout: 300.0s exceeded,1489,76.03092783505154
29,2026-09-19T10:27:38.068+00:00,2026-09-19T10:32:08.798+00:00,2026-09-19T10:32:38.127+00:00,False,386,385.0,,385.0,270730.723243,300059.485611,300059.485504,777.3561800621761,0.05595,270730.723243,13775.967213811522,92.4045305,76.17860355324675,19.38802568348143,1.283078917555427,0,13,,True,False,Request timeout: 300.0s exceeded,1733,76.03092783505154
0,2026-09-19T10:25:43.324+00:00,2026-09-19T10:25:43.778+00:00,2026-09-19T10:26:36.212+00:00,True,672,672.0,,672.0,453.675629,52887.892844999995,52887.892894,78.70222156845239,21.363612,453.675629,34.624430199068,133.5361117,78.14339376453056,31.471722191814855,12.706121644313736,1,13,,False,True,,2898,76.03092783505154
1,2026-09-19T10:25:46.265+00:00,2026-09-19T10:25:46.479+00:00,2026-09-19T10:26:45.984+00:00,True,733,733.0,,733.0,214.28818900000002,59719.238973,59719.238908,81.47235867394271,42.542906,358.185005,30.88104071601808,119.992802,81.2909163715847,30.50867111955306,12.274101488992528,1,13,,False,True,,2815,76.03092783505154
2,2026-09-19T10:25:49.576+00:00,2026-09-19T10:25:49.720+00:00,2026-09-19T10:26:51.116+00:00,True,729,729.0,,729.0,143.690036,61539.471156,61539.471241,84.41628428120713,48.534912,360.88604300000003,31.477972365529617,123.9267648,84.33486417582418,31.422706889958675,11.846055650234877,1,13,,False,True,,2073,76.03092783505154
3,2026-09-19T10:25:52.987+00:00,2026-09-19T10:25:53.159+00:00,2026-09-19T10:27:24.356+00:00,True,990,990.0,,990.0,171.665845,91368.458421,91368.458204,92.29137192323232,18.268584,365.636092,39.35962456962735,163.0185254,92.21111483923156,39.29840252171009,10.835249024760385,1,13,,False,True,,4613,76.03092783505154
4,2026-09-19T10:25:58.287+00:00,2026-09-19T10:25:58.548+00:00,2026-09-19T10:27:30.669+00:00,True,854,854.0,,854.0,261.223261,92382.24828500001,92382.248342,108.1759348266979,66.61872500000001,11506.274545,392.5875275352692,175.9569702,107.99651233763188,392.78281551806816,9.24420022086281,1,13,,False,True,,3391,76.03092783505154
5,2026-09-19T10:26:02.018+00:00,2026-09-19T10:26:02.264+00:00,2026-09-19T10:28:16.633+00:00,True,995,995.0,,995.0,245.353797,134614.413637,134614.413696,135.2908680361809,75.314771,38550.53502,1219.7638689111495,178.001632,135.18014068410463,1220.3728888773028,7.391481886056481,1,13,,False,True,,3091,76.03092783505154
6,2026-09-19T10:26:06.078+00:00,2026-09-19T10:26:06.278+00:00,2026-09-19T10:28:28.851+00:00,True,998,998.0,,998.0,200.171065,142773.029433,142773.02963,143.0591479258517,76.854711,43784.569382,1383.551795067947,192.0556077,143.00186395987964,1384.2449896980756,6.990115737989141,1,13,,False,True,,2997,76.03092783505154
7,2026-09-19T10:26:10.709+00:00,2026-09-19T10:27:00.169+00:00,2026-09-19T10:28:22.902+00:00,True,841,841.0,,841.0,49459.288382,132193.062974,132193.062931,157.18556828894174,77.087671,49459.288382,1702.6304796036895,187.47685,98.4925888,42.66778453691212,6.3619072066240685,1,13,,False,True,,3887,76.03092783505154
8,2026-09-19T10:26:14.005+00:00,2026-09-19T10:27:09.991+00:00,2026-09-19T10:28:16.289+00:00,True,686,686.0,,686.0,55986.296995,122284.208291,122284.20825499999,178.25686334548104,77.221361,55986.296995,2134.225065217322,178.8691315,96.78527196496351,38.87635801132974,5.60988217192791,1,13,,False,True,,1939,76.03092783505154
9,2026-09-19T10:26:18.965+00:00,2026-09-19T10:27:16.295+00:00,2026-09-19T10:28:21.089+00:00,True,607,607.0,,607.0,57330.036966,122124.057318,122124.057344,201.19284570675453,81.04152099999999,57330.036966,2335.852978795718,188.62387069999997,106.92082566336633,248.54038613432903,4.970355663990321,1,13,,False,True,,2165,76.03092783505154
10,2026-09-19T10:26:22.697+00:00,2026-09-19T10:27:30.670+00:00,2026-09-19T10:29:31.482+00:00,True,913,913.0,,913.0,67973.30208,188785.600064,188785.60007699998,206.77502746659366,0.04623,67973.30208,2407.7728914052705,208.6551844,132.46962498245614,870.207027812229,4.836173943830912,1,13,,False,True,,3620,76.03092783505154
11,2026-09-19T10:26:27.847+00:00,2026-09-19T10:28:17.245+00:00,2026-09-19T10:29:38.659+00:00,True,809,809.0,,809.0,109397.729171,190811.817875,190811.817819,235.8613322855377,0.03472,109397.729171,3842.9249431447984,204.80927020000001,100.76001077227723,43.69786026602098,4.239779322945146,1,13,,True,True,,3730,76.03092783505154
12,2026-09-19T10:26:31.003+00:00,2026-09-19T10:28:18.647+00:00,2026-09-19T10:29:31.482+00:00,True,715,715.0,,715.0,107643.426833,180478.864401,180478.864329,252.41799206853148,2.228679,107643.426833,4022.2274409848173,213.0689871,102.01041676190476,57.223022318237255,3.961682728739722,1,13,,True,True,,2588,76.03092783505154
13,2026-09-19T10:26:34.373+00:00,2026-09-19T10:28:21.358+00:00,2026-09-19T10:29:24.000+00:00,True,630,630.0,,630.0,106985.422673,169627.238993,169627.239206,269.2495860412698,0.039009999999999996,106985.422673,4258.690971287869,179.3766765,99.58953310015899,46.8637099311197,3.7140261419098977,1,13,,True,True,,1932,76.03092783505154
14,2026-09-19T10:26:38.809+00:00,2026-09-19T10:28:23.887+00:00,2026-09-19T10:29:28.906+00:00,True,649,649.0,,649.0,105077.862456,170096.77240800002,170096.772349,262.0905583189522,28.418490000000002,105077.862456,4121.17203248403,180.759813,100.337824,60.52199667266138,3.815475101686739,1,13,,True,True,,2646,76.03092783505154
15,2026-09-19T10:26:43.095+00:00,2026-09-19T10:28:27.548+00:00,2026-09-19T10:30:34.010+00:00,True,880,880.0,,880.0,104452.926302,230915.22467000003,230915.224681,262.4036644102273,80.43369,104452.926302,3718.4216316141365,186.4789485,143.87064660750855,1210.065331745978,3.810922390490295,1,13,,True,True,,4173,76.03092783505154
16,2026-09-19T10:26:46.832+00:00,2026-09-19T10:29:26.748+00:00,2026-09-19T10:30:28.846+00:00,True,626,626.0,,626.0,159916.31893200002,222013.92482000001,222013.92482900003,354.6548319952077,80.67626,159916.31893200002,6387.693098244796,177.77349275,99.3561694208,39.60781535500935,2.8196429593663357,1,13,,True,True,,2574,76.03092783505154
17,2026-09-19T10:26:51.878+00:00,2026-09-19T10:29:31.915+00:00,2026-09-19T10:31:08.775+00:00,True,971,971.0,,971.0,160037.622644,256897.297268,256897.297286,264.5698221277034,80.849211,160037.622644,5132.823622496888,188.86708850000002,99.85533466391753,42.5774954335248,3.779720574432649,1,13,,True,True,,4442,76.03092783505154
18,2026-09-19T10:26:56.710+00:00,2026-09-19T10:29:38.117+00:00,2026-09-19T10:30:42.928+00:00,True,664,664.0,,664.0,161406.946237,226218.156221,226218.156308,340.689994439759,79.06555,161406.946237,6260.1487190243615,156.47056865,97.75446453092006,41.600886936942544,2.935219750227813,1,13,,True,True,,1204,76.03092783505154
19,2026-09-19T10:27:01.538+00:00,2026-09-19T10:29:47.486+00:00,2026-09-19T10:31:37.864+00:00,True,826,826.0,,826.0,165948.34638600002,276325.762322,276325.762333,334.5348212263923,81.148299,165948.34638600002,5831.505378892732,189.34856825,133.7908071951515,849.14634313841,2.989225445571989,1,13,,True,True,,2808,76.03092783505154
20,2026-09-19T10:27:06.469+00:00,2026-09-19T10:30:46.945+00:00,2026-09-19T10:32:01.824+00:00,True,753,753.0,,753.0,220475.470379,295355.225899,295355.22597,392.23801589641437,78.83147,220475.470379,8031.394062882883,188.71381119999998,99.5741429787234,85.07024820262242,2.5494724114260188,1,13,,True,True,,1599,76.03092783505154
21,2026-09-19T10:27:10.540+00:00,2026-09-19T10:30:52.455+00:00,2026-09-19T10:32:10.615+00:00,False,792,791.0,,791.0,221914.918465,300075.557185,300075.557284,378.8832793989899,0.02563,221914.918465,7882.021473209783,198.5133522,98.81243833122629,45.18557292889368,2.6360027701701125,1,13,,True,False,Request timeout: 300.0s exceeded,2751,76.03092783505154
22,2026-09-19T10:27:14.221+00:00,2026-09-19T10:30:55.189+00:00,2026-09-19T10:32:14.299+00:00,False,811,810.0,,810.0,220967.245103,300078.181679,300078.18172399997,370.01008843896426,0.026199999999999998,220967.245103,7755.897614244473,188.94362249999998,97.66782293333334,42.76698723273252,2.699296548212473,1,13,,True,False,Request timeout: 300.0s exceeded,4259,76.03092783505154
23,2026-09-19T10:27:17.491+00:00,2026-09-19T10:30:57.092+00:00,2026-09-19T10:32:17.581+00:00,False,807,806.0,,806.0,219601.71144100002,300090.451793,300090.451742,371.8592958389096,0.020989999999999998,219601.71144100002,7727.419669286453,184.51488799999998,99.86196073449132,95.43543913193452,2.6858568647694674,1,13,,True,False,Request timeout: 300.0s exceeded,3573,76.03092783505154
24,2026-09-19T10:27:22.143+00:00,2026-09-19T10:31:04.343+00:00,2026-09-19T10:32:22.207+00:00,False,465,464.0,,464.0,222199.85168700002,300064.04189500003,300064.041837,645.2990147032258,0.03408,222199.85168700002,10401.247407243387,192.2554854,167.81075475862067,1474.088798195489,1.5463365655867731,1,13,,True,False,Request timeout: 300.0s exceeded,2262,76.03092783505154
25,2026-09-19T10:27:25.754+00:00,2026-09-19T10:32:02.156+00:00,2026-09-19T10:32:25.812+00:00,False,243,242.0,,242.0,276402.070982,300057.44198999996,300057.441872,1234.8042875390945,0.01829,276402.070982,17724.98927742758,209.42841469999996,97.74946697520662,45.745779284543595,0.8065122411063718,1,13,,True,False,Request timeout: 300.0s exceeded,1172,76.03092783505154
26,2026-09-19T10:27:28.830+00:00,2026-09-19T10:32:04.209+00:00,2026-09-19T10:32:28.894+00:00,False,270,269.0,,269.0,275379.28163,300064.288734,300064.28872099996,1111.3492174851851,0.028149999999999998,275379.28163,16753.51131999912,97.90604495,91.7658256654275,39.60147055516715,0.8964745559524486,1,13,,True,False,Request timeout: 300.0s exceeded,1282,76.03092783505154
27,2026-09-19T10:27:34.183+00:00,2026-09-19T10:32:07.099+00:00,2026-09-19T10:32:34.200+00:00,False,330,329.0,,329.0,272915.723581,300016.82975699997,300016.829746,909.1419083212121,0.061799999999999994,272915.723581,15019.00252718658,93.74203355,82.37418290577507,25.122130008168572,1.0966051480061139,1,13,,True,False,Request timeout: 300.0s exceeded,1437,76.03092783505154
28,2026-09-19T10:27:37.707+00:00,2026-09-19T10:32:08.485+00:00,2026-09-19T10:32:37.747+00:00,False,380,379.0,,379.0,270777.93268300005,300039.72186700004,300039.72199100006,789.5782157657897,0.027829999999999997,270777.93268300005,13886.672951418928,92.6218402,77.20788702902375,22.86515862704868,1.2631660822829354,1,13,,True,False,Request timeout: 300.0s exceeded,1891,76.03092783505154
29,2026-09-19T10:27:43.043+00:00,2026-09-19T10:32:09.420+00:00,2026-09-19T10:32:43.049+00:00,False,490,489.0,,489.0,266376.941861,300006.06672500004,300006.06694000005,612.2572794693879,0.0183,266376.941861,12030.594641793055,91.82207795000002,68.77121649079756,20.717811721304702,1.6299670381274018,1,13,,True,False,Request timeout: 300.0s exceeded,2128,76.03092783505154
0,2026-09-19T10:25:43.325+00:00,2026-09-19T10:25:43.778+00:00,2026-09-19T10:26:36.214+00:00,True,672,672.0,,672.0,453.578639,52889.312911,52889.313073,78.70433493005952,17.228414,453.578639,34.67697044809395,133.0649053,78.14565465275707,31.53135854204365,12.705780487842874,2,13,,False,True,,3369,76.03092783505154
1,2026-09-19T10:25:47.618+00:00,2026-09-19T10:25:47.908+00:00,2026-09-19T10:26:43.064+00:00,True,675,675.0,,675.0,290.742869,55446.753109000005,55446.752965,82.14333772592593,45.823383,356.844965,31.660489473571165,119.369946,81.83384308605342,30.645130362891138,12.173841787869005,2,13,,False,True,,2589,76.03092783505154
2,2026-09-19T10:25:51.588+00:00,2026-09-19T10:25:51.728+00:00,2026-09-19T10:26:51.642+00:00,True,695,695.0,,695.0,140.420464,60053.82744,60053.827223,86.40838449352518,20.866312,359.93296399999997,32.15874130227791,140.59457890000002,86.33055760230548,32.11637041418101,11.57295096127515,2,13,,False,True,,2876,76.03092783505154
3,2026-09-19T10:25:56.254+00:00,2026-09-19T10:25:56.581+00:00,2026-09-19T10:27:21.740+00:00,True,919,919.0,,919.0,326.648146,85485.93493,85485.935009,93.02060392709467,60.203148999999996,363.381302,38.42399442179204,162.18861690000003,92.76610760784313,37.66201182995748,10.750306477346495,2,13,,False,True,,3058,76.03092783505154
4,2026-09-19T10:26:00.387+00:00,2026-09-19T10:26:00.585+00:00,2026-09-19T10:27:29.602+00:00,True,724,724.0,,724.0,197.981925,89214.987237,89214.987259,123.22512052348067,67.917603,16562.657682,620.0832463983791,187.95208,123.12172242323652,620.5062767089469,8.115228420945586,2,13,,False,True,,2873,76.03092783505154
5,2026-09-19T10:26:05.352+00:00,2026-09-19T10:26:05.784+00:00,2026-09-19T10:28:03.128+00:00,True,795,795.0,,795.0,431.65905599999996,117775.93323200001,117775.933339,148.14582809937107,78.894629,40602.262286,1437.1421406367008,179.0567993,147.78875840806046,1438.0127096693745,6.750105715010344,2,13,,False,True,,4133,76.03092783505154
6,2026-09-19T10:26:09.518+00:00,2026-09-19T10:26:55.989+00:00,2026-09-19T10:28:33.759+00:00,True,963,963.0,,963.0,46471.391904,144241.548192,144241.548103,149.7835390477674,75.90933199999999,46471.391904,1495.5396672413924,205.80237640000004,101.6321790935551,62.2569632201309,6.676301052441217,2,13,,False,True,,3250,76.03092783505154
7,2026-09-19T10:26:14.237+00:00,2026-09-19T10:27:09.991+00:00,2026-09-19T10:28:11.123+00:00,True,633,633.0,,633.0,55753.87457199999,116885.817484,116885.81742699999,184.65374001105843,77.503412,55753.87457199999,2212.5044343640584,177.84064299999997,96.7277577721519,38.326080161726196,5.4155415398164,2,13,,False,True,,2124,76.03092783505154
8,2026-09-19T10:26:18.391+00:00,2026-09-19T10:27:16.293+00:00,2026-09-19T10:28:53.850+00:00,True,925,925.0,,925.0,57901.122278999996,155458.25891899999,155458.259028,168.06298273297296,81.06135,57901.122278999996,1911.0796747134038,188.0483266,105.58131670995671,202.75189132332284,5.950150261762306,2,13,,False,True,,4225,76.03092783505154
9,2026-09-19T10:26:23.735+00:00,2026-09-19T10:28:09.672+00:00,2026-09-19T10:29:47.032+00:00,True,951,951.0,,951.0,105936.27277,203297.033346,203297.033424,213.77185428391167,0.059209000000000005,105936.27277,3432.463583927548,211.195895,102.48501113263158,62.467857297961345,4.67788429741349,2,13,,True,True,,3046,76.03092783505154
10,2026-09-19T10:26:27.725+00:00,2026-09-19T10:28:17.245+00:00,2026-09-19T10:29:24.943+00:00,True,680,680.0,,680.0,109519.984405,177217.99758899998,177217.997675,260.6147024632353,33.054697,109519.984405,4196.27843109416,189.26015285000003,99.70252309867452,41.22091410650634,3.837082064187639,2,13,,True,True,,2730,76.03092783505154
11,2026-09-19T10:26:31.880+00:00,2026-09-19T10:28:20.467+00:00,2026-09-19T10:29:24.943+00:00,True,650,650.0,,650.0,108587.34534900001,173063.49178100002,173063.491687,266.2515256723077,0.04317,108587.34534900001,4255.444141462252,185.74128745000002,99.34691283821265,40.743185092955585,3.7558470207138224,2,13,,True,True,,2701,76.03092783505154
12,2026-09-19T10:26:35.353+00:00,2026-09-19T10:28:22.356+00:00,2026-09-19T10:29:43.864+00:00,True,807,807.0,,807.0,107003.050085,188510.588005,188510.587948,233.5942849417596,4.331918,107003.050085,3763.397324727724,197.4378026,101.12597756823821,45.22180603227546,4.280926650011804,2,13,,True,True,,3771,76.03092783505154
13,2026-09-19T10:26:39.716+00:00,2026-09-19T10:28:23.886+00:00,2026-09-19T10:29:38.751+00:00,True,736,736.0,,736.0,104170.110269,179034.975805,179034.975886,243.25404332336956,0.038200000000000005,104170.110269,3836.7198880406995,190.74427925,101.85695991292516,74.02345497628133,4.110928586387674,2,13,,True,True,,2309,76.03092783505154
14,2026-09-19T10:26:43.139+00:00,2026-09-19T10:28:27.549+00:00,2026-09-19T10:30:30.577+00:00,True,833,833.0,,833.0,104409.78182799999,227437.90266,227437.90252499998,273.03469690876346,80.542908,104409.78182799999,3824.8037556463914,188.70990859999998,147.87033753846154,1257.437400715543,3.6625381708925753,2,13,,True,True,,2998,76.03092783505154
15,2026-09-19T10:26:48.041+00:00,2026-09-19T10:29:28.558+00:00,2026-09-19T10:30:51.723+00:00,True,848,848.0,,848.0,160516.49962400002,243681.25610400003,243681.25599900002,287.359971696934,77.545121,160516.49962400002,5508.92807268505,178.47101220000002,98.18743386068476,39.38386301634701,3.479955797823385,2,13,,True,True,,3260,76.03092783505154
16,2026-09-19T10:26:53.439+00:00,2026-09-19T10:29:34.364+00:00,2026-09-19T10:30:52.983+00:00,True,785,785.0,,785.0,160925.38471900002,239544.68635100004,239544.68627400004,305.1524665910828,78.686497,160925.38471900002,5740.54358223518,180.41750119999998,100.27972146938775,71.87800934812157,3.277050357317278,2,13,,True,True,,2639,76.03092783505154
17,2026-09-19T10:26:56.729+00:00,2026-09-19T10:29:39.181+00:00,2026-09-19T10:30:45.391+00:00,True,683,683.0,,683.0,162452.84807,228662.747334,228662.747343,334.79172378184484,80.74696899999999,162452.84807,6212.480224219041,156.3781091,97.08196373020529,36.90978338177487,2.9869316622981215,2,13,,True,True,,1222,76.03092783505154
18,2026-09-19T10:27:00.191+00:00,2026-09-19T10:29:42.560+00:00,2026-09-19T10:30:56.439+00:00,True,626,626.0,,626.0,162369.58563100002,236248.544735,236248.54489100003,377.39384167891376,80.39325,162369.58563100002,6490.605188478658,204.97290675,118.2063345664,273.0283825983636,2.649751771813808,2,13,,True,True,,2539,76.03092783505154
19,2026-09-19T10:27:03.898+00:00,2026-09-19T10:29:47.861+00:00,2026-09-19T10:31:49.961+00:00,True,854,854.0,,854.0,163963.71034700001,286063.54113100003,286063.541075,334.96901765222486,79.72477099999999,163963.71034700001,5734.1408932405675,177.62497445,143.14165390855803,1206.9845984458157,2.985350725309378,2,13,,True,True,,3536,76.03092783505154
20,2026-09-19T10:27:08.840+00:00,2026-09-19T10:30:50.867+00:00,2026-09-19T10:32:09.073+00:00,False,789,788.0,,788.0,222026.36270300002,300232.434767,300232.434749,380.52273098732576,0.02229,222026.36270300002,7900.960797332915,205.7383316,99.24628434517767,48.101267809294356,2.624633146686964,2,13,,True,False,Request timeout: 300.0s exceeded,3371,76.03092783505154
21,2026-09-19T10:27:12.929+00:00,2026-09-19T10:30:53.667+00:00,2026-09-19T10:32:12.977+00:00,False,811,810.0,,810.0,220737.8483,300047.855852,300047.85590900003,369.97269532552406,0.03259,220737.8483,7747.835531284888,191.172826,97.91358957037038,43.06267516713073,2.699569366026519,2,13,,True,False,Request timeout: 300.0s exceeded,3337,76.03092783505154
22,2026-09-19T10:27:17.845+00:00,2026-09-19T10:30:59.901+00:00,2026-09-19T10:32:02.677+00:00,True,656,656.0,,656.0,222055.898971,284832.268123,284832.26811199996,434.19553065853654,79.453519,222055.898971,8666.244363412383,161.77503975,95.8417849648855,52.71490742852173,2.3031098418832148,2,13,,True,True,,2252,76.03092783505154
23,2026-09-19T10:27:23.135+00:00,2026-09-19T10:31:06.697+00:00,2026-09-19T10:32:23.142+00:00,False,363,362.0,,362.0,223562.37499200003,300007.57819200004,300007.578372,826.4671580495868,0.02935,223562.37499200003,11877.659644962472,240.91709359999996,211.17459447513812,1913.7877938065951,1.2066361862643542,2,13,,True,False,Request timeout: 300.0s exceeded,1241,76.03092783505154
24,2026-09-19T10:27:27.342+00:00,2026-09-19T10:32:03.693+00:00,2026-09-19T10:32:27.376+00:00,False,253,252.0,,252.0,276351.452368,300034.17672,300034.176786,1185.9058370988141,0.02776,276351.452368,17368.20654119563,174.2827766,93.9790648888889,40.91516423200754,0.8399043160845413,2,13,,True,False,Request timeout: 300.0s exceeded,1163,76.03092783505154
25,2026-09-19T10:27:30.879+00:00,2026-09-19T10:32:04.676+00:00,2026-09-19T10:32:30.888+00:00,False,296,295.0,,295.0,273797.500991,300009.35097499995,300009.350879,1013.5451043209458,0.056299999999999996,273797.500991,15909.033275289134,95.56164000000001,88.85372875932204,36.3124578232845,0.9833026838706191,2,13,,True,False,Request timeout: 300.0s exceeded,1392,76.03092783505154
26,2026-09-19T10:27:36.225+00:00,2026-09-19T10:32:07.187+00:00,2026-09-19T10:32:36.254+00:00,False,364,363.0,,363.0,270961.536692,300028.842676,300028.842569,824.2550620027472,0.0215,270961.536692,14198.068489651294,93.29591005,80.07522309641874,25.062495422640303,1.2098836790568244,2,13,,True,False,Request timeout: 300.0s exceeded,1176,76.03092783505154
27,2026-09-19T10:27:40.649+00:00,2026-09-19T10:32:08.798+00:00,2026-09-19T10:32:40.690+00:00,False,439,438.0,,438.0,268148.713219,300041.381379,300041.381446,683.4655613804101,0.06686,268148.713219,12794.58079085975,91.9927636,72.8143108675799,20.38880520529529,1.4597986383976025,2,13,,True,False,Request timeout: 300.0s exceeded,1522,76.03092783505154
0,2026-09-19T10:25:43.325+00:00,2026-09-19T10:25:43.778+00:00,2026-09-19T10:26:54.144+00:00,True,856,856.0,,856.0,453.475989,70818.964373,70818.964378,82.73243502102804,41.015243999999996,453.475989,39.39421325263003,138.454541,82.2988168233918,37.317337586279486,12.087157833761733,3,13,,False,True,,2667,76.03092783505154
1,2026-09-19T10:25:47.472+00:00,2026-09-19T10:25:47.729+00:00,2026-09-19T10:26:55.635+00:00,True,802,802.0,,802.0,256.795264,68163.02016,68163.020243,84.99129706109726,43.886472000000005,361.87181300000003,37.05302270684656,144.19527355,84.77681010736579,36.574592886744206,11.765910579042043,3,13,,False,True,,3236,76.03092783505154
2,2026-09-19T10:25:50.304+00:00,2026-09-19T10:25:50.415+00:00,2026-09-19T10:26:53.701+00:00,True,738,738.0,,738.0,111.039517,63396.799005,63396.798868,85.90352150135502,49.628192000000006,357.469295,33.28609033636739,141.92165970000002,85.86941585888738,33.29579611612525,11.64096628824738,3,13,,False,True,,2451,76.03092783505154
3,2026-09-19T10:25:53.683+00:00,2026-09-19T10:25:53.906+00:00,2026-09-19T10:27:00.792+00:00,True,748,748.0,,748.0,223.165975,67109.170455,67109.170444,89.71814230481283,55.185559999999995,363.09594300000003,36.996848283928095,156.99903450000002,89.53949729585007,36.69738111037049,11.146017674314285,3,13,,False,True,,2423,76.03092783505154
4,2026-09-19T10:25:56.542+00:00,2026-09-19T10:25:56.776+00:00,2026-09-19T10:27:30.333+00:00,True,998,998.0,,998.0,234.51604,93791.78119200001,93791.781337,93.97974081863727,19.889172,368.86753999999996,39.61800391568246,167.06764065,93.83878149648946,39.386700021360795,10.64059118311237,3,13,,False,True,,4539,76.03092783505154
5,2026-09-19T10:26:00.880+00:00,2026-09-19T10:26:01.090+00:00,2026-09-19T10:27:37.681+00:00,True,750,750.0,,750.0,210.08133999999998,96801.60722800001,96801.607236,129.06880964799998,68.871855,20767.307539999998,761.3080643337909,191.67397689999999,128.96064871562083,761.8110230071263,7.747805242876808,3,13,,False,True,,3593,76.03092783505154
6,2026-09-19T10:26:04.844+00:00,2026-09-19T10:26:05.114+00:00,2026-09-19T10:28:13.902+00:00,True,916,916.0,,916.0,270.38505699999996,129057.91606500001,129057.916002,140.8929213995633,75.060822,40167.773741,1324.6024814764462,179.1849025,140.75140000874316,1325.3199717166283,7.09758864801952,3,13,,False,True,,4791,76.03092783505154
7,2026-09-19T10:26:09.460+00:00,2026-09-19T10:26:55.990+00:00,2026-09-19T10:28:02.421+00:00,True,669,669.0,,669.0,46529.347852,112960.89370799999,112960.893511,168.85036399252616,77.73611100000001,46529.347852,1796.2393900999537,179.89888639999998,99.44842194011976,64.47454213126761,5.922403568524714,3,13,,False,True,,1297,76.03092783505154
8,2026-09-19T10:26:13.209+00:00,2026-09-19T10:27:09.044+00:00,2026-09-19T10:28:18.099+00:00,True,706,706.0,,706.0,55835.076982,124889.94981399999,124889.949928,176.8979460736544,77.759471,55835.076982,2098.1932413335808,184.27125424999997,97.95017422978724,45.780890420040635,5.652976889264939,3,13,,False,True,,2783,76.03092783505154
9,2026-09-19T10:26:17.652+00:00,2026-09-19T10:27:14.833+00:00,2026-09-19T10:28:15.670+00:00,True,607,607.0,,607.0,57181.656773,118018.832325,118018.832359,194.42970734596375,81.32342999999999,57181.656773,2318.726597569285,178.00795860000002,100.39137879867987,93.16958990938171,5.143246955099884,3,13,,False,True,,2536,76.03092783505154
10,2026-09-19T10:26:20.813+00:00,2026-09-19T10:27:23.251+00:00,2026-09-19T10:29:02.122+00:00,True,979,979.0,,979.0,62437.602353,161308.327729,161308.327595,164.76846536772217,31.783768,62437.602353,1993.3060587366442,185.83080309999997,101.09481122290389,63.87476011262549,6.069122492204693,3,13,,False,True,,4257,76.03092783505154
11,2026-09-19T10:26:25.465+00:00,2026-09-19T10:28:14.400+00:00,2026-09-19T10:29:16.320+00:00,True,620,620.0,,620.0,108935.046054,170855.552166,170855.55223200002,275.5734713419355,0.03198,108935.046054,4371.124728215734,191.96683499999995,100.03312780613894,42.41167076723513,3.6287963261364773,3,13,,True,True,,2785,76.03092783505154
12,2026-09-19T10:26:28.782+00:00,2026-09-19T10:28:18.399+00:00,2026-09-19T10:29:58.228+00:00,True,983,983.0,,983.0,109616.68842800001,209445.50532400003,209445.50529600002,213.06765543845373,32.856247,109616.68842800001,3493.2588516150063,196.62701090000002,101.6586730101833,43.60403472194829,4.693344927499667,3,13,,True,True,,1613,76.03092783505154
13,2026-09-19T10:26:33.806+00:00,2026-09-19T10:28:21.355+00:00,2026-09-19T10:30:00.944+00:00,True,975,975.0,,975.0,107549.031141,207138.269413,207138.26953,212.4495072102564,2.28296,107549.031141,3441.385888574451,209.398092,102.2476778973306,48.03253361539361,4.7070008007839865,3,13,,True,True,,1713,76.03092783505154
14,2026-09-19T10:26:38.200+00:00,2026-09-19T10:28:23.647+00:00,2026-09-19T10:29:51.902+00:00,True,874,874.0,,874.0,105447.024626,193702.73048199998,193702.730474,221.62783807093822,0.987589,105447.024626,3563.6411294808454,195.0711473,101.0947375211913,43.22821948473239,4.512068558998538,3,13,,True,True,,3839,76.03092783505154
15,2026-09-19T10:26:41.940+00:00,2026-09-19T10:28:27.350+00:00,2026-09-19T10:30:12.557+00:00,True,784,784.0,,784.0,105409.8962,210616.756744,210616.756682,268.6438222984694,82.368679,105409.8962,3799.1838301246944,191.77565865,134.3638065696041,545.6903194183702,3.722400876929914,3,13,,True,True,,3469,76.03092783505154
16,2026-09-19T10:26:45.715+00:00,2026-09-19T10:29:26.752+00:00,2026-09-19T10:30:50.341+00:00,True,853,853.0,,853.0,161036.603118,244625.676782,244625.676652,286.78273933411486,80.6027,161036.603118,5510.567989731501,178.6065274,98.10924138967135,39.15035132011852,3.4869602047546193,3,13,,True,True,,3781,76.03092783505154
17,2026-09-19T10:26:50.207+00:00,2026-09-19T10:29:29.648+00:00,2026-09-19T10:31:03.418+00:00,True,941,941.0,,941.0,159440.493012,253211.363028,253211.362913,269.0875270063762,79.917341,159440.493012,5194.539220272833,189.424369,99.75624469787235,43.22497309380799,3.7162629225922403,3,13,,True,True,,3028,76.03092783505154
18,2026-09-19T10:26:53.966+00:00,2026-09-19T10:29:37.112+00:00,2026-09-19T10:30:59.456+00:00,True,835,835.0,,835.0,163146.589447,245490.910215,245490.910263,294.0010901353293,80.68766099999999,163146.589447,5642.652325654231,180.2590584,98.73419756354916,40.978719621459774,3.4013479328774747,3,13,,True,True,,2737,76.03092783505154
19,2026-09-19T10:26:57.396+00:00,2026-09-19T10:29:39.908+00:00,2026-09-19T10:31:00.718+00:00,True,819,819.0,,819.0,162512.70419699998,243322.21638899998,243322.216214,297.0967230940171,78.74371099999999,162512.70419699998,5675.356859001719,177.0330851,98.78913470904645,42.02124040472168,3.3659071997382357,3,13,,True,True,,3245,76.03092783505154
20,2026-09-19T10:27:01.276+00:00,2026-09-19T10:29:42.558+00:00,2026-09-19T10:31:15.848+00:00,True,760,760.0,,760.0,161282.207473,254572.124145,254572.12409599999,334.96332117894735,79.73615099999999,161282.207473,5867.330063144906,211.207278,122.91161616864295,501.78714639036144,2.9854014949693264,3,13,,True,True,,3517,76.03092783505154
21,2026-09-19T10:27:05.464+00:00,2026-09-19T10:29:59.452+00:00,2026-09-19T10:32:05.630+00:00,False,868,867.0,,867.0,173988.203743,300166.375903,300166.375969,345.81379719930874,0.03451,173988.203743,6062.56273700745,189.44661365,145.53422394463666,1392.7557641397011,2.8883981338408624,3,13,,True,False,Request timeout: 300.0s exceeded,4065,76.03092783505154
22,2026-09-19T10:27:08.915+00:00,2026-09-19T10:30:52.105+00:00,2026-09-19T10:32:03.776+00:00,True,741,741.0,,741.0,223189.856713,294860.71085699997,294860.710709,397.9226865168691,79.42908,223189.856713,8195.629447678717,185.215315,96.8525056,41.147893078341546,2.5130509854850294,3,13,,True,True,,2858,76.03092783505154
23,2026-09-19T10:27:12.196+00:00,2026-09-19T10:30:52.809+00:00,2026-09-19T10:32:12.254+00:00,False,808,807.0,,807.0,220612.414047,300057.61545499996,300057.615525,371.35843505569306,0.02624,220612.414047,7757.780746823854,191.6018373,98.44510707311028,44.31069960051392,2.6894834806184975,3,13,,True,False,Request timeout: 300.0s exceeded,2649,76.03092783505154
24,2026-09-19T10:27:16.989+00:00,2026-09-19T10:30:57.094+00:00,2026-09-19T10:32:13.159+00:00,True,756,756.0,,756.0,220104.350951,296170.144487,296170.144421,391.75945029232804,77.76247000000001,220104.350951,8002.056364314652,192.20521875000003,100.74939541192053,98.27853442993526,2.552586795368848,3,13,,True,True,,2668,76.03092783505154
25,2026-09-19T10:27:20.642+00:00,2026-09-19T10:31:02.955+00:00,2026-09-19T10:32:20.722+00:00,False,619,618.0,,618.0,222312.209683,300080.075283,300080.07531499997,484.78202797253635,0.037880000000000004,222312.209683,8941.230328923604,189.4896182,125.83797022653721,439.81242703737394,2.0594502964489583,3,13,,True,False,Request timeout: 300.0s exceeded,2298,76.03092783505154
26,2026-09-19T10:27:24.522+00:00,2026-09-19T10:31:16.304+00:00,2026-09-19T10:32:24.594+00:00,False,261,260.0,,260.0,231781.771722,300072.186314,300072.186226,1149.7018629348659,0.02597,231781.771722,14563.709152557825,244.67010399999998,262.65544073846155,2599.8881053236323,0.8664581785928409,3,13,,True,False,Request timeout: 300.0s exceeded,982,76.03092783505154
27,2026-09-19T10:27:28.064+00:00,2026-09-19T10:32:04.211+00:00,2026-09-19T10:32:28.101+00:00,False,259,258.0,,258.0,276146.11997,300036.60957,300036.609511,1158.4425077644787,0.03904,276146.11997,17153.177774240306,103.42255859999999,92.59879689922481,40.056278802474736,0.8598950653713722,3,13,,True,False,Request timeout: 300.0s exceeded,1079,76.03092783505154
28,2026-09-19T10:27:31.663+00:00,2026-09-19T10:32:05.631+00:00,2026-09-19T10:32:31.700+00:00,False,294,293.0,,293.0,273967.944734,300036.295454,300036.295502,1020.5316173537416,0.03374,273967.944734,15973.049413459628,95.69042550000002,88.97048027303754,57.534592704710406,0.9765485190938215,3,13,,True,False,Request timeout: 300.0s exceeded,1151,76.03092783505154
29,2026-09-19T10:27:35.229+00:00,2026-09-19T10:32:07.097+00:00,2026-09-19T10:32:35.279+00:00,False,348,347.0,,347.0,271868.067309,300050.021869,300050.021728,862.2127061149425,0.041049999999999996,271868.067309,14569.326036738768,93.37207865,81.21600737752162,25.08467195659667,1.156473836724125,3,13,,True,False,Request timeout: 300.0s exceeded,1213,76.03092783505154
30,2026-09-19T10:27:38.163+00:00,2026-09-19T10:32:08.795+00:00,2026-09-19T10:32:38.180+00:00,False,387,386.0,,386.0,270632.36099,300016.62927800004,300016.62941,775.236768501292,0.030989999999999997,270632.36099,13753.160316923877,92.5349368,76.12504737823834,19.596433052700746,1.286595349494199,3,13,,True,False,Request timeout: 300.0s exceeded,1819,76.03092783505154
31,2026-09-19T10:27:41.713+00:00,2026-09-19T10:32:09.071+00:00,2026-09-19T10:32:41.747+00:00,False,461,460.0,,460.0,267358.134339,300033.31309099996,300033.313135,650.8314818546637,0.03193,267358.134339,12448.815400262503,91.59370200000001,71.03299728695652,18.69097026870185,1.5331630853287355,3,13,,True,False,Request timeout: 300.0s exceeded,1738,76.03092783505154
0,2026-09-19T10:25:43.326+00:00,2026-09-19T10:25:44.095+00:00,2026-09-19T10:26:48.246+00:00,True,797,797.0,,797.0,768.453769,64920.122505,64920.122281,81.45561139397742,39.236114,768.453769,41.795811033784794,134.0045408,80.59254866331658,33.98047618001703,12.276625016205367,4,13,,False,True,,2745,76.03092783505154
1,2026-09-19T10:25:47.720+00:00,2026-09-19T10:25:48.047+00:00,2026-09-19T10:27:06.000+00:00,True,906,906.0,,906.0,326.950273,78280.676993,78280.676912,86.40251314790287,45.833422,362.693273,37.71181521419871,149.208428,86.1367146077348,36.873781540700264,11.573737412631424,4,13,,False,True,,4147,76.03092783505154
2,2026-09-19T10:25:51.343+00:00,2026-09-19T10:25:51.466+00:00,2026-09-19T10:26:52.528+00:00,True,709,709.0,,709.0,123.282643,61184.373202999996,61184.373305,86.29671834273624,51.628502,360.29688400000003,32.2724982645461,137.6752364,86.2444781920904,32.26530893854601,11.587926179249251,4,13,,False,True,,2899,76.03092783505154
3,2026-09-19T10:25:53.752+00:00,2026-09-19T10:25:54.021+00:00,2026-09-19T10:27:17.737+00:00,True,913,913.0,,913.0,269.387156,83984.765076,83984.764967,91.98769437787514,57.122569000000006,361.97281300000003,38.94980276195733,161.3977572,91.79317754385964,38.52491769906537,10.871019275624603,4,13,,False,True,,3111,76.03092783505154
4,2026-09-19T10:25:57.041+00:00,2026-09-19T10:25:57.308+00:00,2026-09-19T10:26:55.193+00:00,True,644,644.0,,644.0,267.160779,58152.159435,58152.159403,90.29838416614906,62.781225,363.68906300000003,36.36061825184434,152.86126125,90.02332605909798,35.712109915787046,11.074395280537013,4,13,,False,True,,2099,76.03092783505154
5,2026-09-19T10:25:59.843+00:00,2026-09-19T10:26:00.066+00:00,2026-09-19T10:27:15.920+00:00,True,652,652.0,,652.0,222.40291699999997,76076.444517,76076.444672,116.68166360736195,68.855775,13904.110096999999,543.0960677004825,178.10771665000001,116.51926513056836,543.4978292637584,8.57032691445385,4,13,,False,True,,2520,76.03092783505154
6,2026-09-19T10:26:04.259+00:00,2026-09-19T10:26:04.471+00:00,2026-09-19T10:27:44.069+00:00,True,621,621.0,,621.0,211.886389,99809.242677,99809.24266999999,160.72341814814814,76.89252099999999,38719.531597999994,1550.4116813023818,187.316169,160.6408972387097,1551.6621598044483,6.221868670115688,4,13,,False,True,,2197,76.03092783505154
7,2026-09-19T10:26:07.882+00:00,2026-09-19T10:26:08.111+00:00,2026-09-19T10:27:56.165+00:00,True,656,656.0,,656.0,229.334012,108282.79526000001,108282.795232,165.06523663414634,80.72779,44311.590332,1726.6916645477756,181.31204624999998,164.96711640916033,1728.0094334030205,6.0582108027860295,4,13,,False,True,,2176,76.03092783505154
8,2026-09-19T10:26:10.369+00:00,2026-09-19T10:26:55.989+00:00,2026-09-19T10:28:11.572+00:00,True,736,736.0,,736.0,45619.797615999996,121202.701936,121202.70212999999,164.67758441576086,73.872953,45619.797615999996,1682.7647518085698,182.17484825,102.83388342857144,129.54751556857101,6.0724718858878095,4,13,,False,True,,1104,76.03092783505154
9,2026-09-19T10:26:12.804+00:00,2026-09-19T10:27:01.347+00:00,2026-09-19T10:28:37.600+00:00,True,943,943.0,,943.0,48542.775122,144795.895634,144795.895635,153.54813959172853,76.252292,48542.775122,1578.9308589457714,194.99626700000002,102.17953345222931,68.56947818011437,6.512615539763761,4,13,,False,True,,3101,76.03092783505154
10,2026-09-19T10:26:17.141+00:00,2026-09-19T10:27:13.743+00:00,2026-09-19T10:28:29.697+00:00,True,761,761.0,,761.0,56602.281931000005,132555.70682700002,132555.70682700002,174.18621133639948,78.59992100000001,56602.281931000005,2048.743138015098,205.847172,99.93871696842106,46.83932928008388,5.740982551533521,4,13,,False,True,,2540,76.03092783505154
11,2026-09-19T10:26:19.672+00:00,2026-09-19T10:27:16.292+00:00,2026-09-19T10:28:20.556+00:00,True,603,603.0,,603.0,56620.16652399999,120884.151164,120884.151193,200.47122917578773,81.082529,56620.16652399999,2314.86504134646,188.24416119999998,106.7508050498339,249.48400024015504,4.98824696367291,4,13,,False,True,,2957,76.03092783505154
12,2026-09-19T10:26:23.575+00:00,2026-09-19T10:27:31.667+00:00,2026-09-19T10:29:15.814+00:00,True,698,698.0,,698.0,68092.20536200001,172238.923826,172238.923879,246.76063592979943,31.764088,68092.20536200001,2859.504657388588,201.67783805,149.42140382209467,1251.2052317549446,4.052510225302712,4,13,,False,True,,1047,76.03092783505154
13,2026-09-19T10:26:27.055+00:00,2026-09-19T10:28:16.929+00:00,2026-09-19T10:29:32.273+00:00,True,745,745.0,,745.0,109874.71103,185218.578934,185218.57897600002,248.61554224966443,0.04684000000000001,109874.71103,4022.0409101874543,218.1409644,101.26863965591397,45.15646969494295,4.022274678316532,4,13,,True,True,,2386,76.03092783505154
14,2026-09-19T10:26:29.987+00:00,2026-09-19T10:28:18.650+00:00,2026-09-19T10:29:25.583+00:00,True,673,673.0,,673.0,108663.056078,175595.987662,175595.987818,260.9152865052006,0.03321,108663.056078,4185.017689095955,188.7950722,99.60257676190476,41.36140486590344,3.8326616055455642,4,13,,True,True,,3410,76.03092783505154
15,2026-09-19T10:26:32.853+00:00,2026-09-19T10:28:20.912+00:00,2026-09-19T10:29:36.147+00:00,True,751,751.0,,751.0,108059.271787,183293.88426700002,183293.884375,244.06642393475366,30.866069,108059.271787,3939.7082711724574,193.49504199999998,100.31281664,42.589955205628215,4.097245268183828,4,13,,True,True,,3144,76.03092783505154
16,2026-09-19T10:26:35.620+00:00,2026-09-19T10:28:22.355+00:00,2026-09-19T10:29:42.164+00:00,True,790,790.0,,790.0,106734.855628,186544.01326,186544.013153,236.13166221898734,0.06387,106734.855628,3794.1373915750196,194.3976584,101.1522910418251,46.16286621759206,4.234925507359592,4,13,,True,True,,3188,76.03092783505154
17,2026-09-19T10:26:39.351+00:00,2026-09-19T10:28:23.889+00:00,2026-09-19T10:29:29.908+00:00,True,656,656.0,,656.0,104537.81925,170556.758642,170556.758785,259.9950591234756,32.695147,104537.81925,4078.0346654574737,185.06862224999998,100.79227388091603,60.883806842507006,3.846226940657035,4,13,,True,True,,3177,76.03092783505154
18,2026-09-19T10:26:43.029+00:00,2026-09-19T10:28:27.548+00:00,2026-09-19T10:30:25.510+00:00,True,837,837.0,,837.0,104519.349157,222481.197221,222481.197332,265.80788211708483,81.299418,104519.349157,3698.978485068668,186.33210920000002,141.10268907177033,816.5353695083015,3.762115677436653,4,13,,True,True,,3455,76.03092783505154
19,2026-09-19T10:26:45.792+00:00,2026-09-19T10:29:26.751+00:00,2026-09-19T10:30:43.602+00:00,True,781,781.0,,781.0,160959.113817,237809.998169,237809.998081,304.49423569910374,78.757541,160959.113817,5756.180168225272,179.829671,98.52677481025641,39.56573947257087,3.2841344182887604,4,13,,True,True,,2635,76.03092783505154
20,2026-09-19T10:26:49.599+00:00,2026-09-19T10:29:29.491+00:00,2026-09-19T10:31:02.510+00:00,True,935,935.0,,935.0,159892.07493099998,252911.139251,252911.13921599998,270.49319702245987,80.31336,159892.07493099998,5225.945711527048,187.3502747,99.5921459528908,42.5117384406127,3.696950647444854,4,13,,True,True,,3383,76.03092783505154
21,2026-09-19T10:26:52.514+00:00,2026-09-19T10:29:32.550+00:00,2026-09-19T10:30:43.011+00:00,True,707,707.0,,707.0,160035.60819499998,230496.84313899998,230496.843099,326.0209944823196,80.317651,160035.60819499998,6015.463907421142,170.6903599,99.80344892917847,74.35488036897029,3.067287127978786,4,13,,True,True,,1342,76.03092783505154
22,2026-09-19T10:26:56.819+00:00,2026-09-19T10:29:39.183+00:00,2026-09-19T10:31:11.724+00:00,True,928,928.0,,928.0,162363.78994400002,254904.67135200003,254904.67144,274.6817580172414,80.294038,162363.78994400002,5326.748889940995,191.52002485,99.8283510334412,43.00268729320972,3.6405766715766337,4,13,,True,True,,4137,76.03092783505154
23,2026-09-19T10:26:59.608+00:00,2026-09-19T10:29:42.560+00:00,2026-09-19T10:31:27.180+00:00,True,952,952.0,,952.0,162951.608081,267572.093713,267572.093505,281.06312342962184,79.663659,162951.608081,5281.402201292289,191.27000005000002,110.01102590115669,197.11237322908187,3.5579196125778454,4,13,,True,True,,3325,76.03092783505154
24,2026-09-19T10:27:03.891+00:00,2026-09-19T10:29:47.863+00:00,2026-09-19T10:31:33.923+00:00,True,675,675.0,,675.0,163972.63288299998,270032.669747,270032.669662,400.04839949925923,81.42060000000001,163972.63288299998,6448.018448605765,192.88721099999998,157.35910513946587,1350.3459089430114,2.4996975389400973,4,13,,True,True,,2490,76.03092783505154
25,2026-09-19T10:27:07.992+00:00,2026-09-19T10:30:49.485+00:00,2026-09-19T10:32:08.004+00:00,False,800,799.0,,799.0,221492.812575,300011.816735,300011.816711,375.01477088875,0.03645,221492.812575,7827.606223735607,191.55721450000001,98.27159469336671,44.64547691550232,2.66322843111795,4,13,,True,False,Request timeout: 300.0s exceeded,3310,76.03092783505154
26,2026-09-19T10:27:12.246+00:00,2026-09-19T10:30:52.812+00:00,2026-09-19T10:32:02.321+00:00,True,725,725.0,,725.0,220565.443507,290075.17483499995,290075.17487,400.10368947586204,78.805527,220565.443507,8188.124447790769,176.9683432,96.00791619889502,39.50492538508138,2.4993521090261974,4,13,,True,True,,2693,76.03092783505154
27,2026-09-19T10:27:15.323+00:00,2026-09-19T10:30:55.900+00:00,2026-09-19T10:32:04.296+00:00,True,714,714.0,,714.0,220577.8444,288973.171376,288973.171327,404.72432958963583,79.19167,220577.8444,8251.419390292014,177.26034020000003,95.92612479102384,38.77491318765453,2.470817607738999,4,13,,True,True,,3086,76.03092783505154
28,2026-09-19T10:27:19.455+00:00,2026-09-19T10:31:01.085+00:00,2026-09-19T10:32:03.020+00:00,True,654,654.0,,654.0,221630.616223,283564.710047,283564.71009199996,433.5851836269113,78.739569,221630.616223,8662.81811335621,162.96942685,94.84547293108729,38.170919043665194,2.3063518725288543,4,13,,True,True,,1612,76.03092783505154
29,2026-09-19T10:27:23.226+00:00,2026-09-19T10:31:10.441+00:00,2026-09-19T10:32:23.310+00:00,False,322,321.0,,321.0,227214.710629,300083.979877,300083.979904,931.9378257888199,0.02838,227214.710629,12826.720666392128,209.02781235000003,227.00706930841122,2127.9699868306075,1.0697005555963806,4,13,,True,False,Request timeout: 300.0s exceeded,1229,76.03092783505154
30,2026-09-19T10:27:26.126+00:00,2026-09-19T10:32:03.344+00:00,2026-09-19T10:32:26.188+00:00,False,239,238.0,,238.0,277217.477771,300061.600651,300061.60077200003,1255.487869338912,0.02954,277217.477771,17925.55123221733,182.8932997,95.98370957983192,43.24180890356423,0.7931704672762061,4,13,,True,False,Request timeout: 300.0s exceeded,1029,76.03092783505154
31,2026-09-19T10:27:30.360+00:00,2026-09-19T10:32:04.676+00:00,2026-09-19T10:32:30.415+00:00,False,289,288.0,,288.0,274316.414605,300055.523469,300055.523669,1038.2544071591694,0.03319,274316.414605,16131.04422750947,95.9824266,89.37190577777777,36.74952374920855,0.9598223577769083,4,13,,True,False,Request timeout: 300.0s exceeded,1102,76.03092783505154
32,2026-09-19T10:27:33.996+00:00,2026-09-19T10:32:06.553+00:00,2026-09-19T10:32:34.020+00:00,False,330,329.0,,329.0,272557.696556,300024.519468,300024.51951199997,909.1652106424242,0.026,272557.696556,14999.24098813029,93.84152,83.48578392705168,29.711861614767376,1.0965770417143872,4,13,,True,False,Request timeout: 300.0s exceeded,1099,76.03092783505154
33,2026-09-19T10:27:37.501+00:00,2026-09-19T10:32:08.482+00:00,2026-09-19T10:32:37.527+00:00,False,376,375.0,,375.0,270980.677236,300026.21733200003,300026.217175,797.9420669547873,0.045880000000000004,270980.677236,13970.78572560243,93.02788000000001,77.45477358933334,22.925151803717863,1.2498907706623392,4,13,,True,False,Request timeout: 300.0s exceeded,1365,76.03092783505154
34,2026-09-19T10:27:41.159+00:00,2026-09-19T10:32:09.070+00:00,2026-09-19T10:32:41.196+00:00,False,448,447.0,,447.0,267910.589491,300036.591411,300036.591263,669.7245340691965,0.04213,267910.589491,12654.20304887882,91.67195564999999,71.87025038031321,18.160821784994013,1.489818284822749,4,13,,True,False,Request timeout: 300.0s exceeded,2044,76.03092783505154
0,2026-09-19T10:25:43.328+00:00,2026-09-19T10:25:43.779+00:00,2026-09-19T10:26:47.079+00:00,True,789,789.0,,789.0,450.51202,63751.225236,63751.225221,80.80003196577947,19.987392,450.51202,36.35766434940277,133.8284586,80.33085433502538,33.90660559546549,12.37623272461367,5,13,,False,True,,3071,76.03092783505154
1,2026-09-19T10:25:47.094+00:00,2026-09-19T10:25:47.318+00:00,2026-09-19T10:26:42.115+00:00,True,673,673.0,,673.0,223.29149600000002,55020.455784,55020.455806,81.7540205141159,42.823485999999995,304.670074,29.875751936849184,122.92075120000001,81.54339923809523,29.393730168962403,12.231814339053678,5,13,,False,True,,2254,76.03092783505154
2,2026-09-19T10:25:51.634+00:00,2026-09-19T10:25:51.783+00:00,2026-09-19T10:26:53.615+00:00,True,712,712.0,,712.0,149.933683,61981.773427,61981.773373,87.05305249016854,51.484012,355.972145,33.23725709442513,149.793257,86.9646128607595,33.17671531210325,11.487247954248504,5,13,,False,True,,2918,76.03092783505154
3,2026-09-19T10:25:56.255+00:00,2026-09-19T10:25:56.582+00:00,2026-09-19T10:27:10.260+00:00,True,804,804.0,,804.0,327.359085,74005.591149,74005.591064,92.04675505472636,60.819587,362.27471299999996,38.57213943249432,158.02746100000002,91.75371365379826,37.690014277733354,10.8640440204208,5,13,,False,True,,3689,76.03092783505154
4,2026-09-19T10:25:59.969+00:00,2026-09-19T10:26:00.224+00:00,2026-09-19T10:27:24.356+00:00,True,680,680.0,,680.0,255.034826,84386.88301800001,84386.883157,124.09835758382353,69.432294,16561.432203,639.341157534704,186.75509394999997,123.90552016494844,639.792677982776,8.058124387115397,5,13,,False,True,,2200,76.03092783505154
5,2026-09-19T10:26:05.416+00:00,2026-09-19T10:26:05.784+00:00,2026-09-19T10:28:06.049+00:00,True,803,803.0,,803.0,367.49833,120633.05865,120633.05855700001,150.2279683150685,78.73244,42844.289347000005,1509.0336270748876,178.3517802,149.95705775561098,1509.9557597836783,6.6565501114399535,5,13,,False,True,,3536,76.03092783505154
6,2026-09-19T10:26:10.712+00:00,2026-09-19T10:27:00.168+00:00,2026-09-19T10:28:07.115+00:00,True,686,686.0,,686.0,49456.226493,116403.07628499999,116403.07638700001,169.6837848206997,77.302981,49456.226493,1884.9460673592127,182.92333575,97.73262743357664,40.29011545890519,5.893315038516725,5,13,,False,True,,1029,76.03092783505154
7,2026-09-19T10:26:15.048+00:00,2026-09-19T10:27:10.527+00:00,2026-09-19T10:28:46.640+00:00,True,962,962.0,,962.0,55479.187325000006,151592.736125,151592.736152,157.58080681081083,80.54213,55479.187325000006,1786.0161388097977,191.8264061,100.01409864724246,43.11473705730707,6.345950502580521,5,13,,False,True,,4679,76.03092783505154
8,2026-09-19T10:26:19.837+00:00,2026-09-19T10:27:22.429+00:00,2026-09-19T10:29:00.002+00:00,True,985,985.0,,985.0,62592.014785,160164.598209,160164.598128,162.6036529218274,0.03975,62592.014785,1991.6734636207323,185.9232972,99.15912949593496,43.996625826096896,6.149923335209608,5,13,,False,True,,4655,76.03092783505154
9,2026-09-19T10:26:23.766+00:00,2026-09-19T10:28:11.571+00:00,2026-09-19T10:29:12.217+00:00,True,605,605.0,,605.0,107804.94426199999,168451.24698199998,168451.24694399998,278.4318131305785,0.04129,107804.94426199999,4379.019215745186,194.6701774,100.4077859602649,42.62587188022523,3.591543611812193,5,13,,True,True,,6,76.03092783505154
10,2026-09-19T10:26:29.232+00:00,2026-09-19T10:28:18.399+00:00,2026-09-19T10:29:58.838+00:00,True,988,988.0,,988.0,109166.254069,209605.83832500002,209605.838426,212.15165832591094,0.03314,109166.254069,3470.0824677887513,210.871879,101.76249671327254,44.005908126348025,4.713609162298605,5,13,,True,True,,4357,76.03092783505154
11,2026-09-19T10:26:34.879+00:00,2026-09-19T10:28:22.357+00:00,2026-09-19T10:29:40.784+00:00,True,779,779.0,,779.0,107477.856296,185904.891432,185904.891574,238.6455604287548,0.03504,107477.856296,3847.43292214571,191.81705589999999,100.80595775835475,43.9617973207926,4.190314703391984,5,13,,True,True,,3730,76.03092783505154
12,2026-09-19T10:26:39.618+00:00,2026-09-19T10:28:23.889+00:00,2026-09-19T10:29:58.721+00:00,True,924,924.0,,924.0,104270.438311,199102.48106299998,199102.48101000002,215.47887555194805,29.437699000000002,104270.438311,3427.558849347098,190.8290685,102.74327492091008,68.97208004301211,4.6408261467501655,5,13,,True,True,,3178,76.03092783505154
13,2026-09-19T10:26:45.549+00:00,2026-09-19T10:29:26.751+00:00,2026-09-19T10:30:39.890+00:00,True,747,747.0,,747.0,161201.681746,234340.977746,234340.977746,313.7094748942436,79.507391,161201.681746,5894.598769038171,177.01350120000004,98.04195174262735,38.38825476702301,3.1876627262760096,5,13,,True,True,,2929,76.03092783505154
14,2026-09-19T10:26:50.627+00:00,2026-09-19T10:29:30.153+00:00,2026-09-19T10:31:06.394+00:00,True,956,956.0,,956.0,159526.27469800002,255767.29869800003,255767.29866400003,267.5390153389122,79.894019,159526.27469800002,5156.423492458017,191.29969475000001,100.77594136125654,49.18859943442884,3.7377725958970514,5,13,,True,True,,4501,76.03092783505154
15,2026-09-19T10:26:53.890+00:00,2026-09-19T10:29:37.113+00:00,2026-09-19T10:30:54.735+00:00,True,790,790.0,,790.0,163223.709909,240845.47989299998,240845.479922,304.86769610379747,79.66426,163223.709909,5803.878042531065,179.1735645,98.37993660836501,40.23042211825612,3.2801113824140358,5,13,,True,True,,1185,76.03092783505154
16,2026-09-19T10:26:57.094+00:00,2026-09-19T10:29:39.912+00:00,2026-09-19T10:31:17.664+00:00,True,980,980.0,,980.0,162817.923164,260570.651228,260570.651197,265.8884195887755,78.743791,162817.923164,5198.0163827389215,190.34945399999998,99.84956901327885,43.06154320349617,3.760976132122023,5,13,,True,True,,4178,76.03092783505154
17,2026-09-19T10:27:02.048+00:00,2026-09-19T10:29:47.863+00:00,2026-09-19T10:31:28.119+00:00,True,691,691.0,,691.0,165815.294366,266070.87939,266070.879462,385.05192396816204,81.10483900000001,165815.294366,6409.015218020606,191.59864199999996,145.29794931014493,1165.0764847952714,2.5970523402794092,5,13,,True,True,,2220,76.03092783505154
18,2026-09-19T10:27:05.958+00:00,2026-09-19T10:30:43.863+00:00,2026-09-19T10:32:05.966+00:00,False,818,817.0,,817.0,217904.900643,300008.027683,300008.027709,366.7579800843521,0.03565,217904.900643,7615.673524049522,194.57501925,100.4934235495716,69.96659398663205,2.723260461760955,5,13,,True,False,Request timeout: 300.0s exceeded,3537,76.03092783505154
19,2026-09-19T10:27:11.545+00:00,2026-09-19T10:30:52.810+00:00,2026-09-19T10:31:51.410+00:00,True,616,616.0,,616.0,221265.15401,279865.445082,279865.445049,454.32702118344156,79.881264,221265.15401,8911.266503261286,153.48720724999998,95.28502613333335,37.44269477531398,2.201057725506317,5,13,,True,True,,2732,76.03092783505154
20,2026-09-19T10:27:14.751+00:00,2026-09-19T10:30:55.903+00:00,2026-09-19T10:32:14.819+00:00,False,811,810.0,,810.0,221152.244004,300068.904228,300068.904312,369.9986489667078,0.02766,221152.244004,7762.398845687317,186.64958149999998,97.42797558518518,42.16632046272508,2.6993800043490723,5,13,,True,False,Request timeout: 300.0s exceeded,2721,76.03092783505154
21,2026-09-19T10:27:20.642+00:00,2026-09-19T10:31:02.512+00:00,2026-09-19T10:32:20.723+00:00,False,725,724.0,,724.0,221870.50498,300081.046036,300081.045925,413.90489093103446,0.036109999999999996,221870.50498,8237.630851394379,192.72971680000003,108.02560919337016,161.40038875170524,2.412681539083756,5,13,,True,False,Request timeout: 300.0s exceeded,2381,76.03092783505154
22,2026-09-19T10:27:26.073+00:00,2026-09-19T10:32:02.936+00:00,2026-09-19T10:32:26.113+00:00,False,241,240.0,,240.0,276863.47050700005,300040.10820300004,300040.10811900004,1244.9797017385895,0.02127,276863.47050700005,17828.178164555156,192.379295,96.56932373333333,44.307361707949454,0.799893059089359,5,13,,True,False,Request timeout: 300.0s exceeded,785,76.03092783505154
23,2026-09-19T10:27:31.386+00:00,2026-09-19T10:32:05.631+00:00,2026-09-19T10:32:31.431+00:00,False,298,297.0,,297.0,274244.846958,300044.91530999995,300044.91515699995,1006.8621313993287,0.0249,274244.846958,15881.576407792505,94.88095245000001,86.868917010101,31.510780251959904,0.989851801664914,5,13,,True,False,Request timeout: 300.0s exceeded,1178,76.03092783505154
24,2026-09-19T10:27:37.151+00:00,2026-09-19T10:32:08.300+00:00,2026-09-19T10:32:37.196+00:00,False,371,370.0,,370.0,271149.157013,300044.61378099996,300044.613788,808.7455897250674,0.06261,271149.157013,14073.327947915552,92.89592,78.09582910270271,23.559904295885033,1.2331499483942074,5,13,,True,False,Request timeout: 300.0s exceeded,1602,76.03092783505154
25,2026-09-19T10:27:41.650+00:00,2026-09-19T10:32:09.070+00:00,2026-09-19T10:32:41.669+00:00,False,459,458.0,,458.0,267420.484307,300019.77134700003,300019.771261,653.6378458845317,0.0428,267420.484307,12478.810953601984,91.6184651,71.17748262008735,18.685730387350706,1.5265660591090897,5,13,,True,False,Request timeout: 300.0s exceeded,1560,76.03092783505154
0,2026-09-19T10:25:43.329+00:00,2026-09-19T10:25:44.095+00:00,2026-09-19T10:26:39.629+00:00,True,706,706.0,,706.0,765.800241,56299.793713,56299.793622,79.74475017280453,40.513624,765.800241,40.834360153247815,131.54387499999999,78.7716219460993,31.62747332223791,12.540010423465901,6,13,,False,True,,2672,76.03092783505154
1,2026-09-19T10:25:45.922+00:00,2026-09-19T10:25:46.132+00:00,2026-09-19T10:27:05.998+00:00,True,936,936.0,,936.0,209.655971,80075.825315,80075.825116,85.55109520940171,39.875923,362.64944199999996,37.49991052480823,145.32091774999998,85.41836293475936,37.299339405605,11.688921048493599,6,13,,False,True,,2151,76.03092783505154
2,2026-09-19T10:25:50.455+00:00,2026-09-19T10:25:50.638+00:00,2026-09-19T10:26:47.697+00:00,True,675,675.0,,675.0,183.607212,57242.73758,57242.737605,84.80405571111112,17.941113,357.53673499999996,30.95795839267542,135.58464769999998,84.65746345400593,30.745612527279093,11.791888867241,6,13,,False,True,,2434,76.03092783505154
3,2026-09-19T10:25:54.195+00:00,2026-09-19T10:25:54.442+00:00,2026-09-19T10:27:03.038+00:00,True,761,761.0,,761.0,246.35691699999998,68842.666421,68842.666399,90.46342496583443,57.439057999999996,362.410983,37.942741537524974,158.544459,90.25830197894737,37.54313799546732,11.054191238703414,6,13,,False,True,,1841,76.03092783505154
4,2026-09-19T10:25:57.963+00:00,2026-09-19T10:25:58.323+00:00,2026-09-19T10:27:28.106+00:00,True,864,864.0,,864.0,360.079854,90143.62827,90143.628207,104.3329030173611,66.390625,8797.770499,298.8501045616603,167.84360365,104.03655668134415,298.8963527004403,9.584704061524237,6,13,,False,True,,3627,76.03092783505154
5,2026-09-19T10:26:01.242+00:00,2026-09-19T10:26:01.633+00:00,2026-09-19T10:27:33.107+00:00,True,631,631.0,,631.0,390.758962,91864.74577800001,91864.745835,145.58596804278923,73.289293,29762.259567,1181.903181800307,189.8195375,145.19680446984128,1182.8018535694123,6.868793840946037,6,13,,False,True,,2182,76.03092783505154
6,2026-09-19T10:26:05.059+00:00,2026-09-19T10:26:05.279+00:00,2026-09-19T10:27:45.774+00:00,True,615,615.0,,615.0,219.909137,100715.493905,100715.493887,163.7650307105691,76.642092,40343.145384,1623.344748929918,184.83435100000003,163.67359082736155,1624.6667262529093,6.106309726089408,6,13,,False,True,,1370,76.03092783505154
7,2026-09-19T10:26:08.513+00:00,2026-09-19T10:26:08.808+00:00,2026-09-19T10:28:11.124+00:00,True,797,797.0,,797.0,294.722898,122611.036242,122611.03613899999,153.84069779046425,76.859511,45090.703756999996,1594.2445712797862,180.4526938,153.6637102311558,1595.2390858127103,6.500230521067812,6,13,,False,True,,2625,76.03092783505154
8,2026-09-19T10:26:12.706+00:00,2026-09-19T10:27:01.347+00:00,2026-09-19T10:28:05.734+00:00,True,662,662.0,,662.0,48641.151803,113028.823099,113028.823224,170.73840366163142,76.262902,48641.151803,1887.269951478127,176.02680604999998,97.40948758850227,46.163802928198926,5.8569131470135325,6,13,,False,True,,1632,76.03092783505154
9,2026-09-19T10:26:15.475+00:00,2026-09-19T10:27:10.970+00:00,2026-09-19T10:28:43.429+00:00,True,919,919.0,,919.0,55495.126571999994,147954.74359600001,147954.743549,160.99536838846572,76.220432,55495.126571999994,1828.021039750765,192.74471889999998,100.71853706318083,51.61813166909295,6.21135880921391,6,13,,False,True,,3867,76.03092783505154
10,2026-09-19T10:26:19.426+00:00,2026-09-19T10:27:16.295+00:00,2026-09-19T10:28:25.194+00:00,True,643,643.0,,643.0,56869.12118,125768.39209200001,125768.392115,195.59625523328148,82.174428,56869.12118,2251.482833519983,187.63427699999997,107.31973662305296,241.93367019973317,5.112572318883136,6,13,,False,True,,2197,76.03092783505154
11,2026-09-19T10:26:22.062+00:00,2026-09-19T10:27:24.811+00:00,2026-09-19T10:28:38.301+00:00,True,626,626.0,,626.0,62748.644025,136238.312377,136238.312423,217.6330869376997,81.20496,62748.644025,2513.108177023979,230.49556575,117.5834693632,222.6620432511798,4.594889565775937,6,13,,False,True,,2055,76.03092783505154
12,2026-09-19T10:26:24.980+00:00,2026-09-19T10:28:11.864+00:00,2026-09-19T10:29:47.031+00:00,True,926,926.0,,926.0,106884.923512,202051.22316,202051.223034,218.1978650475162,0.03849,106884.923512,3509.719000144951,213.38940349999996,102.88248610594594,67.23695026373152,4.582996259650062,6,13,,True,True,,4280,76.03092783505154
13,2026-09-19T10:26:29.531+00:00,2026-09-19T10:28:18.399+00:00,2026-09-19T10:29:45.867+00:00,True,866,866.0,,866.0,108868.048611,196336.186083,196336.186178,226.7161503210162,0.04647,108868.048611,3696.305886963966,204.374267,101.1192340716763,43.456708958974154,4.410801784821793,6,13,,True,True,,4243,76.03092783505154
14,2026-09-19T10:26:33.402+00:00,2026-09-19T10:28:20.912+00:00,2026-09-19T10:29:33.974+00:00,True,729,729.0,,729.0,107509.947563,180571.324075,180571.32429299998,247.69728983950617,0.04316,107509.947563,3978.3629376217095,193.08136100000004,100.35903367032968,42.81055677238074,4.037185880617518,6,13,,True,True,,3588,76.03092783505154
15,2026-09-19T10:26:37.371+00:00,2026-09-19T10:28:23.243+00:00,2026-09-19T10:29:26.836+00:00,True,641,641.0,,641.0,105871.696523,169465.360779,169465.36052800002,264.3765374851794,32.009768,105871.696523,4177.95101381194,183.575392,99.3651004,40.40756897229085,3.782483907351007,6,13,,True,True,,2544,76.03092783505154
16,2026-09-19T10:26:40.570+00:00,2026-09-19T10:28:25.656+00:00,2026-09-19T10:29:30.587+00:00,True,642,642.0,,642.0,105086.574373,170016.955685,170016.9557,264.82391853582556,29.649039000000002,105086.574373,4144.053423742929,182.18054940000002,101.29544666458659,71.44587079508369,3.776093963177823,6,13,,True,True,,3308,76.03092783505154
17,2026-09-19T10:26:44.597+00:00,2026-09-19T10:28:29.220+00:00,2026-09-19T10:30:26.109+00:00,True,675,675.0,,675.0,104622.45265800001,221511.914674,221511.914559,328.1657993466667,79.50208,104622.45265800001,4367.755467814669,187.91777169999997,173.4265015074184,1708.581300796674,3.047240149557645,6,13,,True,True,,3513,76.03092783505154
18,2026-09-19T10:26:48.044+00:00,2026-09-19T10:29:28.559+00:00,2026-09-19T10:31:05.866+00:00,True,970,970.0,,970.0,160514.99054499998,257822.336465,257822.336697,265.79622339896906,80.07761,160514.99054499998,5150.791900079354,190.93746050000001,100.420377626419,44.31757787612009,3.762280698017334,6,13,,True,True,,3907,76.03092783505154
19,2026-09-19T10:26:51.271+00:00,2026-09-19T10:29:30.957+00:00,2026-09-19T10:30:49.011+00:00,True,797,797.0,,797.0,159686.381499,237740.094651,237740.09442900002,298.29371948431617,79.266671,159686.381499,5653.092299377265,175.1878222,98.05742858291458,45.618330318392594,3.352400448775743,6,13,,True,True,,2496,76.03092783505154
20,2026-09-19T10:26:55.271+00:00,2026-09-19T10:29:37.115+00:00,2026-09-19T10:31:01.358+00:00,True,851,851.0,,851.0,161844.352119,246087.197047,246087.19705599998,289.1741446016451,78.655351,161844.352119,5544.7137155201235,182.76014600000002,99.10922932705883,41.909052553671366,3.4581238285121683,6,13,,True,True,,1337,76.03092783505154
21,2026-09-19T10:26:59.160+00:00,2026-09-19T10:29:41.125+00:00,2026-09-19T10:30:54.823+00:00,True,724,724.0,,724.0,161964.779855,235662.981199,235662.980993,325.5013549627072,80.93353,161964.779855,6015.972215828113,186.29380879999997,101.93388844260028,68.27669297846609,3.0721838292821877,6,13,,True,True,,2141,76.03092783505154
22,2026-09-19T10:27:03.422+00:00,2026-09-19T10:29:47.861+00:00,2026-09-19T10:31:30.551+00:00,True,640,640.0,,640.0,164439.158387,267128.714867,267128.714991,417.3886171734375,80.483578,164439.158387,6637.575462423055,197.55069185000005,160.70353126760563,1375.6963611166059,2.395848758972422,6,13,,True,True,,2176,76.03092783505154
23,2026-09-19T10:27:07.001+00:00,2026-09-19T10:30:49.482+00:00,2026-09-19T10:32:07.100+00:00,False,791,790.0,,790.0,222481.498242,300099.01862600003,300099.018396,379.39193223261697,0.028030000000000003,222481.498242,7907.165253802668,194.6325215,98.25002580253164,44.882898359135986,2.6324644566217046,6,13,,True,False,Request timeout: 300.0s exceeded,3302,76.03092783505154
24,2026-09-19T10:27:11.153+00:00,2026-09-19T10:30:52.455+00:00,2026-09-19T10:32:05.019+00:00,True,749,749.0,,749.0,221301.45763699998,293865.521381,293865.521442,392.3438203497997,78.67050900000001,221301.45763699998,8082.740228001018,184.7772948,97.01078040641711,41.354067420922675,2.548784887999545,6,13,,True,True,,3113,76.03092783505154
25,2026-09-19T10:27:14.136+00:00,2026-09-19T10:30:53.665+00:00,2026-09-19T10:32:08.089+00:00,True,757,757.0,,757.0,219529.392698,293953.51737,293953.517522,388.3137615878468,76.14689,219529.392698,7975.529036611606,190.70496319999998,98.44460935449736,52.955370732637626,2.57523708773031,6,13,,True,True,,3030,76.03092783505154
26,2026-09-19T10:27:17.773+00:00,2026-09-19T10:30:57.091+00:00,2026-09-19T10:31:55.681+00:00,True,603,603.0,,603.0,219317.45061899998,277908.173947,277908.17399599997,460.87591044112764,79.45339,219317.45061899998,8927.950787957583,142.223322,97.32678293687707,105.06605064302039,2.169781447720204,6,13,,True,True,,2360,76.03092783505154
27,2026-09-19T10:27:22.096+00:00,2026-09-19T10:31:03.781+00:00,2026-09-19T10:32:22.120+00:00,False,489,488.0,,488.0,221685.613201,300024.478609,300024.478451,613.5469906973415,0.054049999999999994,221685.613201,10098.595622716393,208.322583,160.53046190163934,1276.8909688331337,1.626533949038121,6,13,,True,False,Request timeout: 300.0s exceeded,2359,76.03092783505154
28,2026-09-19T10:27:26.415+00:00,2026-09-19T10:32:03.344+00:00,2026-09-19T10:32:26.489+00:00,False,243,242.0,,242.0,276929.73108,300074.65012,300074.650028,1234.8751029958848,0.02718,276929.73108,17758.96741292173,178.12189189999998,95.64016132231406,43.147889390373976,0.8064659907233886,6,13,,True,False,Request timeout: 300.0s exceeded,887,76.03092783505154
29,2026-09-19T10:27:29.401+00:00,2026-09-19T10:32:04.678+00:00,2026-09-19T10:32:29.450+00:00,False,275,274.0,,274.0,275276.086583,300048.54712700006,300048.54718000005,1091.085626109091,0.02951,275276.086583,16594.362130911275,95.5583044,90.41043994160583,37.17423038713747,0.913185558215769,6,13,,True,False,Request timeout: 300.0s exceeded,984,76.03092783505154
30,2026-09-19T10:27:33.021+00:00,2026-09-19T10:32:05.631+00:00,2026-09-19T10:32:33.044+00:00,False,315,314.0,,314.0,272609.895198,300022.04982200003,300022.049992,952.4509523555556,0.02791,272609.895198,15355.009833471246,94.8876561,87.29985549044586,55.810148552654454,1.046589742941537,6,13,,True,False,Request timeout: 300.0s exceeded,1421,76.03092783505154
31,2026-09-19T10:27:36.960+00:00,2026-09-19T10:32:07.382+00:00,2026-09-19T10:32:36.975+00:00,False,371,370.0,,370.0,270421.850566,300014.843846,300014.843969,808.6653476253368,0.02364,270421.850566,14035.501975982002,93.65673050000001,79.98106291891892,38.05148943374555,1.2332723116524327,6,13,,True,False,Request timeout: 300.0s exceeded,1390,76.03092783505154
32,2026-09-19T10:27:39.823+00:00,2026-09-19T10:32:08.798+00:00,2026-09-19T10:32:39.841+00:00,False,421,420.0,,420.0,268975.222637,300017.55607700004,300017.55608300003,712.6307745439431,0.07576000000000001,268975.222637,13105.463537366499,92.567083,73.91031771428571,20.160706098317487,1.3999180764348544,6,13,,True,False,Request timeout: 300.0s exceeded,1658,76.03092783505154
33,2026-09-19T10:27:43.134+00:00,2026-09-19T10:32:09.420+00:00,2026-09-19T10:32:43.153+00:00,False,487,486.0,,486.0,266285.855937,300019.101377,300019.101356,616.0556496016427,0.018609999999999998,266285.855937,12063.462311537121,91.0149028,69.40997004115226,32.482085255744806,1.619896859131309,6,13,,True,False,Request timeout: 300.0s exceeded,1609,76.03092783505154
0,2026-09-19T10:25:43.332+00:00,2026-09-19T10:25:44.095+00:00,2026-09-19T10:26:35.724+00:00,True,667,667.0,,667.0,763.210331,52392.604507000004,52392.60446,78.54963187406297,38.928655,763.210331,39.592283526464385,119.948503,77.52161287687687,29.392942140234933,12.73080440028295,7,13,,False,True,,2961,76.03092783505154
1,2026-09-19T10:25:49.627+00:00,2026-09-19T10:25:49.770+00:00,2026-09-19T10:27:13.925+00:00,True,948,948.0,,948.0,143.08569500000002,84298.395007,84298.394799,88.92235738291139,18.798562999999998,362.34450300000003,38.335089377836525,156.48675235,88.86516294825765,38.31486265856869,11.245765710263875,7,13,,False,True,,3835,76.03092783505154
2,2026-09-19T10:25:53.955+00:00,2026-09-19T10:25:54.138+00:00,2026-09-19T10:26:53.103+00:00,True,672,672.0,,672.0,183.22126,59148.901388,59148.901346,88.01919843154762,57.252058,358.763884,32.60712511152565,136.89412595000002,87.87731762742175,32.423198860698506,11.361157760004211,7,13,,False,True,,3452,76.03092783505154
3,2026-09-19T10:25:57.633+00:00,2026-09-19T10:25:58.097+00:00,2026-09-19T10:27:19.681+00:00,True,818,818.0,,818.0,464.31753399999997,82047.80758200001,82047.807502,100.30294315647922,64.299505,4157.7165079999995,157.81221316271524,163.66000835000003,99.85739295960832,157.39323618977915,9.969797172002147,7,13,,False,True,,2700,76.03092783505154
4,2026-09-19T10:26:01.104+00:00,2026-09-19T10:26:01.397+00:00,2026-09-19T10:27:33.311+00:00,True,668,668.0,,668.0,293.092299,92206.91604299999,92206.916096,138.03430553293413,69.188954,27072.317594,1044.5424947271958,190.0282237,137.80183469865068,1045.309102178173,7.244575880712498,7,13,,False,True,,2521,76.03092783505154
5,2026-09-19T10:26:07.078+00:00,2026-09-19T10:26:07.279+00:00,2026-09-19T10:27:50.253+00:00,True,600,600.0,,600.0,201.194725,103175.309029,103175.309126,171.95884854333335,77.258621,44230.586593,1802.1297442855255,187.87877495,171.9100405742905,1803.635516800647,5.815344830528737,7,13,,False,True,,2329,76.03092783505154
6,2026-09-19T10:26:10.696+00:00,2026-09-19T10:27:00.171+00:00,2026-09-19T10:28:26.874+00:00,True,875,875.0,,875.0,49475.301976,136178.003032,136178.003155,155.6320036057143,78.50788,49475.301976,1669.8000826088137,190.0086241,99.20217512128146,44.15552515800372,6.425413653586817,7,13,,False,True,,3535,76.03092783505154
7,2026-09-19T10:26:16.156+00:00,2026-09-19T10:27:10.970+00:00,2026-09-19T10:28:44.193+00:00,True,925,925.0,,925.0,54813.738559,148036.521535,148036.521567,160.03948277513513,75.368032,54813.738559,1799.6920245800934,198.9765562,100.89045776623377,51.794476080982534,6.248458085941339,7,13,,False,True,,4015,76.03092783505154
8,2026-09-19T10:26:22.308+00:00,2026-09-19T10:27:30.670+00:00,2026-09-19T10:29:07.389+00:00,True,712,712.0,,712.0,68361.242682,165080.729146,165080.729248,231.85495680898876,32.590027,68361.242682,2610.6301566830844,216.2798195,136.03303300140647,527.5513438943631,4.313041284002907,7,13,,False,True,,2545,76.03092783505154
9,2026-09-19T10:26:27.495+00:00,2026-09-19T10:28:16.926+00:00,2026-09-19T10:29:47.118+00:00,True,890,890.0,,890.0,109431.189818,199622.47788199998,199622.477854,224.29491893707865,30.352019,109431.189818,3665.0032902362786,211.82049850000004,101.45251750731158,43.86115154269964,4.458415752789589,7,13,,True,True,,3855,76.03092783505154
10,2026-09-19T10:26:31.595+00:00,2026-09-19T10:28:20.467+00:00,2026-09-19T10:29:23.406+00:00,True,638,638.0,,638.0,108871.33243000001,171811.227726,171811.22782,269.2965953291536,0.066,108871.33243000001,4306.530404250843,180.70760485,98.80674300784929,39.934963414290586,3.713377806818688,7,13,,True,True,,3114,76.03092783505154
11,2026-09-19T10:26:37.687+00:00,2026-09-19T10:28:23.246+00:00,2026-09-19T10:29:58.632+00:00,True,943,943.0,,943.0,105558.494203,200944.893179,200944.89295399998,213.09108478685047,0.09314,105558.494203,3434.4299789284287,193.79873099999998,101.25944689596602,43.08056403292972,4.692828889958321,7,13,,True,True,,2783,76.03092783505154
12,2026-09-19T10:26:42.649+00:00,2026-09-19T10:28:27.348+00:00,2026-09-19T10:30:28.931+00:00,True,939,939.0,,939.0,104699.679909,226282.61469299998,226282.614704,240.98255027050052,81.590232,104699.679909,3452.669180006036,189.19121789999997,129.61933345842218,525.3192684192296,4.1496780531458475,7,13,,True,True,,3742,76.03092783505154
13,2026-09-19T10:26:48.035+00:00,2026-09-19T10:29:27.101+00:00,2026-09-19T10:31:08.252+00:00,True,1000,1000.0,,1000.0,159065.83261399998,260217.266598,260217.266691,260.21726669099996,79.14363,159065.83261399998,5027.177833820341,191.91817650000002,101.25268667067067,52.74548510963869,3.842942526734258,7,13,,True,True,,4403,76.03092783505154
14,2026-09-19T10:26:52.060+00:00,2026-09-19T10:29:31.913+00:00,2026-09-19T10:30:39.008+00:00,True,692,692.0,,692.0,159853.017635,226948.038435,226948.038541,327.95959326734106,80.32779,159853.017635,6073.11412605237,156.24093050000002,97.09843820549928,35.79151690867859,3.049156118607278,7,13,,True,True,,1973,76.03092783505154
15,2026-09-19T10:26:58.276+00:00,2026-09-19T10:29:39.910+00:00,2026-09-19T10:30:38.644+00:00,True,610,610.0,,610.0,161634.034909,220367.891933,220367.89205,361.25883942622954,79.27269100000001,161634.034909,6540.562283348372,116.62932144999999,96.4431149819376,35.53436925520986,2.768098358836516,7,13,,True,True,,3054,76.03092783505154
16,2026-09-19T10:27:02.512+00:00,2026-09-19T10:29:47.864+00:00,2026-09-19T10:31:48.012+00:00,True,917,917.0,,917.0,165352.75342199998,285500.49947,285500.49938399997,311.3418750098146,80.171318,165352.75342199998,5548.941126030672,175.4770322,131.16566162445415,1011.3674995749765,3.2119033126117427,7,13,,True,True,,4077,76.03092783505154
17,2026-09-19T10:27:08.747+00:00,2026-09-19T10:30:49.482+00:00,2026-09-19T10:32:08.798+00:00,False,793,792.0,,792.0,220734.972542,300050.831486,300050.831547,378.37431468726356,0.030699999999999998,220734.972542,7835.18846443572,207.4921042,100.14628654545454,58.22304253828617,2.639552758702999,7,13,,True,False,Request timeout: 300.0s exceeded,1496,76.03092783505154
18,2026-09-19T10:27:12.590+00:00,2026-09-19T10:30:53.431+00:00,2026-09-19T10:31:56.304+00:00,True,667,667.0,,667.0,220841.13662099998,283713.56823699997,283713.568165,425.3576734107946,79.74382700000001,220841.13662099998,8547.41928402575,151.4477794,94.40305047447447,35.01800304556906,2.3509626421631764,7,13,,True,True,,2641,76.03092783505154
19,2026-09-19T10:27:16.926+00:00,2026-09-19T10:30:57.092+00:00,2026-09-19T10:31:56.303+00:00,True,619,619.0,,619.0,220166.39467699997,279377.56651699997,279377.566567,451.33694114216473,79.29446,220166.39467699997,8845.708907360735,144.85341720000002,95.8109576699029,75.92568614895349,2.215639600978249,7,13,,True,True,,2425,76.03092783505154
20,2026-09-19T10:27:23.051+00:00,2026-09-19T10:31:06.697+00:00,2026-09-19T10:32:23.142+00:00,False,369,368.0,,368.0,223645.34014,300090.739948,300090.73997999995,813.2540378861788,0.03866,223645.34014,11783.680650012611,214.36055800000003,207.73206469565218,1889.03287504152,1.2262957532903793,7,13,,True,False,Request timeout: 300.0s exceeded,1188,76.03092783505154
21,2026-09-19T10:27:27.705+00:00,2026-09-19T10:32:03.693+00:00,2026-09-19T10:32:27.737+00:00,False,258,257.0,,257.0,275987.961967,300032.368495,300032.368478,1162.9161568914728,0.05873,275987.961967,17176.483613773504,176.15494934999998,93.55800205447471,40.80491391414202,0.8565742466026057,7,13,,True,False,Request timeout: 300.0s exceeded,861,76.03092783505154
22,2026-09-19T10:27:33.458+00:00,2026-09-19T10:32:06.553+00:00,2026-09-19T10:32:33.469+00:00,False,321,320.0,,320.0,273095.042194,300011.270546,300011.27062599995,934.61455023676,0.04523,273095.042194,15238.013248638043,93.471785,84.1132136,29.842980551225576,1.0666265951196496,7,13,,True,False,Request timeout: 300.0s exceeded,1609,76.03092783505154
23,2026-09-19T10:27:37.763+00:00,2026-09-19T10:32:08.796+00:00,2026-09-19T10:32:37.801+00:00,False,380,379.0,,379.0,271033.12523799995,300038.0250779999,300038.02502099995,789.5737500552631,0.03066,271033.12523799995,13899.793617433246,91.93064220000001,76.53007873350923,19.446924774848718,1.2631732257985386,7,13,,True,False,Request timeout: 300.0s exceeded,1507,76.03092783505154
24,2026-09-19T10:27:43.115+00:00,2026-09-19T10:32:09.422+00:00,2026-09-19T10:32:43.128+00:00,False,492,491.0,,491.0,266306.436118,300012.30261400004,300012.302627,609.7811029004065,0.01923,266306.436118,12002.945344598675,92.2241822,68.6473859389002,21.299397168054895,1.6365995518248042,7,13,,True,False,Request timeout: 300.0s exceeded,1946,76.03092783505154
0,2026-09-19T10:25:43.332+00:00,2026-09-19T10:25:44.419+00:00,2026-09-19T10:26:42.112+00:00,True,733,733.0,,733.0,1087.219384,58780.66168799999,58780.661652,80.19189857025921,39.952163999999996,1087.219384,47.96757520625957,122.83179919999999,78.81617801092897,30.246603415934405,12.470087592594098,8,13,,False,True,,3510,76.03092783505154
1,2026-09-19T10:25:46.607+00:00,2026-09-19T10:25:46.739+00:00,2026-09-19T10:27:09.655+00:00,True,960,960.0,,960.0,132.11077,83048.116402,83048.11633,86.50845451041667,43.263322,361.993373,37.84557468000894,148.51035935000002,86.46090264025027,37.83661360933858,11.559563799774281,8,13,,False,True,,3841,76.03092783505154
2,2026-09-19T10:25:49.977+00:00,2026-09-19T10:25:50.117+00:00,2026-09-19T10:26:47.780+00:00,True,685,685.0,,685.0,140.345415,57803.607367000004,57803.607534,84.38482851678832,17.666693,357.41238500000003,30.860717679468706,132.35128960000003,84.30301454970761,30.8088706445989,11.850471470593122,8,13,,False,True,,2595,76.03092783505154
3,2026-09-19T10:25:54.075+00:00,2026-09-19T10:25:54.256+00:00,2026-09-19T10:27:02.250+00:00,True,755,755.0,,755.0,180.75419200000002,68174.884368,68174.884182,90.29785984370861,19.764101999999998,364.003532,37.817479671160754,157.3559927,90.1778914801061,37.69854664183394,11.07445956086407,8,13,,False,True,,2559,76.03092783505154
4,2026-09-19T10:25:57.564+00:00,2026-09-19T10:25:58.100+00:00,2026-09-19T10:26:58.996+00:00,True,661,661.0,,661.0,535.6140670000001,61431.979891,61431.979813,92.93794222844176,20.499152,1526.2310830000001,68.32728289875034,139.722838,92.26722094545455,66.16561470385315,10.759868087807451,8,13,,False,True,,2965,76.03092783505154
5,2026-09-19T10:26:01.191+00:00,2026-09-19T10:26:01.632+00:00,2026-09-19T10:27:57.629+00:00,True,915,915.0,,915.0,441.687191,116438.632599,116438.632644,127.25533622295082,73.849824,28650.269598000003,944.7975901804766,177.237162,126.91131882713347,945.2575162889892,7.85821663803924,8,13,,False,True,,3697,76.03092783505154
6,2026-09-19T10:26:05.175+00:00,2026-09-19T10:26:05.362+00:00,2026-09-19T10:28:18.012+00:00,True,949,949.0,,949.0,186.740829,132836.452957,132836.452968,139.9751875321391,77.607451,40516.538209,1312.7167585628026,185.78595840000003,139.92585667510548,1313.4087846054642,7.1441233100916754,8,13,,False,True,,3739,76.03092783505154
7,2026-09-19T10:26:08.553+00:00,2026-09-19T10:26:55.547+00:00,2026-09-19T10:28:25.195+00:00,True,909,909.0,,909.0,46993.572063,136641.640927,136641.640859,150.32083702860285,75.283182,46993.572063,1555.9955429202212,188.63580000000002,98.73135337444934,42.93644441759301,6.652437674439434,8,13,,False,True,,2902,76.03092783505154
8,2026-09-19T10:26:11.735+00:00,2026-09-19T10:27:00.168+00:00,2026-09-19T10:28:36.490+00:00,True,961,961.0,,961.0,48432.915291,144754.17404299998,144754.17414,150.62869317377732,77.241861,48432.915291,1559.7671653129205,197.107975,100.33464453333333,45.10623421721173,6.638841376101044,8,13,,False,True,,3243,76.03092783505154
9,2026-09-19T10:26:14.349+00:00,2026-09-19T10:27:09.992+00:00,2026-09-19T10:28:08.824+00:00,True,609,609.0,,609.0,55642.879994999996,114474.856699,114474.856799,187.9718502446634,77.458781,55642.879994999996,2251.1671938350814,177.9218702,96.76311957894737,38.279761373784204,5.319945510840896,8,13,,False,True,,2379,76.03092783505154
10,2026-09-19T10:26:17.094+00:00,2026-09-19T10:27:13.744+00:00,2026-09-19T10:28:20.101+00:00,True,681,681.0,,681.0,56649.359362999996,123006.662915,123006.66277,180.62652389133626,75.580002,56649.359362999996,2167.4925515678483,184.98914000000002,97.58426992941178,42.89272020726956,5.5362854650449655,8,13,,False,True,,2218,76.03092783505154
11,2026-09-19T10:26:19.719+00:00,2026-09-19T10:27:22.430+00:00,2026-09-19T10:28:56.407+00:00,True,947,947.0,,947.0,62710.591810000005,156688.265026,156688.265063,165.4575132661035,80.80605800000001,62710.591810000005,2035.0495143492044,186.94985669999997,99.34214927695561,43.161748354174236,6.043847634938455,8,13,,False,True,,1420,76.03092783505154
12,2026-09-19T10:26:23.028+00:00,2026-09-19T10:27:30.951+00:00,2026-09-19T10:29:06.538+00:00,True,631,631.0,,631.0,67922.755216,163509.61064,163509.610712,259.1277507321712,0.03338,67922.755216,2987.0489581878005,203.3915975,151.72516733968254,1283.0786959602917,3.8591003766089083,8,13,,False,True,,2388,76.03092783505154
13,2026-09-19T10:26:26.235+00:00,2026-09-19T10:28:14.403+00:00,2026-09-19T10:29:35.695+00:00,True,800,800.0,,800.0,108168.273815,189459.951255,189459.951161,236.82493895125,0.04568,108168.273815,3821.037794109217,217.87071329999998,101.7417740175219,48.61684810280713,4.222528268907107,8,13,,True,True,,1136,76.03092783505154
14,2026-09-19T10:26:28.770+00:00,2026-09-19T10:28:18.397+00:00,2026-09-19T10:29:22.486+00:00,True,647,647.0,,647.0,109627.401023,173716.064319,173716.064499,268.49469010664603,3.151889,109627.401023,4306.191540864997,182.70621359999998,99.20845711455108,40.90330714706795,3.724468445312545,8,13,,True,True,,2269,76.03092783505154
15,2026-09-19T10:26:32.053+00:00,2026-09-19T10:28:20.912+00:00,2026-09-19T10:29:20.153+00:00,True,602,602.0,,602.0,108858.448105,168099.437033,168099.437145,279.23494542358804,0.04195,108858.448105,4432.893970077239,179.86765979999996,98.5706970515807,39.11535583779272,3.5812136591618686,8,13,,True,True,,2751,76.03092783505154
16,2026-09-19T10:26:35.124+00:00,2026-09-19T10:28:22.355+00:00,2026-09-19T10:29:25.496+00:00,True,636,636.0,,636.0,107230.76201,170371.69180200002,170371.69171400002,267.880018418239,2.1473400000000002,107230.76201,4248.240966023077,185.66799974999998,99.43453510551181,42.02186272658982,3.7330145241448727,8,13,,True,True,,2461,76.03092783505154
17,2026-09-19T10:26:37.840+00:00,2026-09-19T10:28:23.247+00:00,2026-09-19T10:29:33.442+00:00,True,702,702.0,,702.0,105407.14562000001,175601.84232400003,175601.842286,250.1450744814815,0.05925,105407.14562000001,3974.7833773580014,194.35274364999998,100.13508802282455,42.452773817016734,3.9976801536327367,8,13,,True,True,,3554,76.03092783505154
18,2026-09-19T10:26:41.668+00:00,2026-09-19T10:28:27.350+00:00,2026-09-19T10:30:28.039+00:00,True,963,963.0,,963.0,105682.319387,226371.607579,226371.60759,235.0691667601246,79.95454,105682.319387,3435.6278719488205,186.65853600000003,125.45664053222454,483.1429757104182,4.254067063882686,8,13,,True,True,,4285,76.03092783505154
19,2026-09-19T10:26:45.422+00:00,2026-09-19T10:28:37.925+00:00,2026-09-19T10:30:55.544+00:00,True,910,910.0,,910.0,112503.500833,250121.674017,250121.673892,274.8589822989011,78.878277,112503.500833,4042.5302176994583,187.76244549999998,151.39513001540155,1572.6880582620427,3.638229288110994,8,13,,True,True,,3012,76.03092783505154
20,2026-09-19T10:26:47.964+00:00,2026-09-19T10:29:27.100+00:00,2026-09-19T10:31:04.059+00:00,True,961,961.0,,961.0,159135.832307,256095.277555,256095.27741100002,266.48832196774197,79.187411,159135.832307,5130.413798679002,191.23972700000002,100.99942213333334,51.4679682227916,3.75250964865454,8,13,,True,True,,3087,76.03092783505154
21,2026-09-19T10:26:50.919+00:00,2026-09-19T10:29:30.956+00:00,2026-09-19T10:31:04.151+00:00,True,929,929.0,,929.0,160037.599526,253232.338214,253232.338355,272.5859401022605,79.971031,160037.599526,5247.602052718182,189.7312986,100.42536496551723,49.538706286368054,3.668567792534169,8,13,,True,True,,3686,76.03092783505154
22,2026-09-19T10:26:53.947+00:00,2026-09-19T10:29:37.113+00:00,2026-09-19T10:30:58.985+00:00,True,830,830.0,,830.0,163166.513141,245038.565365,245038.565516,295.2271873686747,79.8511,163166.513141,5660.312937747968,181.76175349999997,98.76001474547648,41.039155134997735,3.3872219206134515,8,13,,True,True,,2504,76.03092783505154
23,2026-09-19T10:26:57.428+00:00,2026-09-19T10:29:39.911+00:00,2026-09-19T10:31:10.055+00:00,True,904,904.0,,904.0,162483.567599,252627.058159,252627.058113,279.45471030199116,79.684049,162483.567599,5400.9761244493175,190.35648015000004,99.82667836101882,43.28236463050765,3.5783973679930785,8,13,,True,True,,2423,76.03092783505154
24,2026-09-19T10:27:01.690+00:00,2026-09-19T10:29:47.489+00:00,2026-09-19T10:31:36.764+00:00,True,806,806.0,,806.0,165798.94538299998,275074.46896699996,275074.468766,341.28346000744415,80.608777,165798.94538299998,5917.917057099344,189.14184874999998,135.74599202981366,986.3854976434835,2.9301156266039867,8,13,,True,True,,2795,76.03092783505154
25,2026-09-19T10:27:05.697+00:00,2026-09-19T10:29:59.451+00:00,2026-09-19T10:32:04.934+00:00,True,844,844.0,,844.0,173754.684541,299237.352829,299237.352739,354.5466264680095,78.78000999999999,173754.684541,6146.365111400532,189.9761115,148.85251279715303,1438.9449255035508,2.8205034967085347,8,13,,True,True,,2890,76.03092783505154
26,2026-09-19T10:27:09.334+00:00,2026-09-19T10:30:52.103+00:00,2026-09-19T10:32:09.419+00:00,False,781,780.0,,780.0,222768.904692,300085.437684,300085.437746,384.2323146555698,0.03403,222768.904692,7967.885976719409,207.422251,99.12376024615385,46.37197688199828,2.599259750889232,8,13,,True,False,Request timeout: 300.0s exceeded,3110,76.03092783505154
27,2026-09-19T10:27:12.868+00:00,2026-09-19T10:30:53.430+00:00,2026-09-19T10:32:06.224+00:00,True,752,752.0,,752.0,220561.755257,293355.476089,293355.476197,390.1003672832447,77.44513,220561.755257,8039.629532684062,183.72480705,96.92905570173103,41.0248736088565,2.563442857878861,8,13,,True,True,,3068,76.03092783505154
28,2026-09-19T10:27:16.310+00:00,2026-09-19T10:30:57.094+00:00,2026-09-19T10:32:08.001+00:00,True,733,733.0,,733.0,220783.93028200002,291690.31697000004,291690.31713000004,397.940405361528,78.443921,220783.93028200002,8151.367229299303,187.0626554,96.86664848087432,41.31275316297849,2.5129390910682443,8,13,,True,True,,1208,76.03092783505154
29,2026-09-19T10:27:20.196+00:00,2026-09-19T10:31:01.646+00:00,2026-09-19T10:32:08.484+00:00,True,675,675.0,,675.0,221450.15917899998,288288.18669899995,288288.186644,427.0936098429629,78.04927,221450.15917899998,8520.018066238035,190.0631913,99.16621293768546,60.48415118826554,2.341407075083391,8,13,,True,True,,2630,76.03092783505154
30,2026-09-19T10:27:22.698+00:00,2026-09-19T10:31:04.667+00:00,2026-09-19T10:32:22.718+00:00,False,367,366.0,,366.0,221969.220814,300019.771342,300019.771352,817.4925649918256,0.028730000000000002,221969.220814,11728.715567911799,235.94470049999995,213.25287029508198,1891.7686399668926,1.2199196018411316,8,13,,True,False,Request timeout: 300.0s exceeded,1303,76.03092783505154
31,2026-09-19T10:27:25.567+00:00,2026-09-19T10:31:16.300+00:00,2026-09-19T10:32:25.582+00:00,False,262,261.0,,261.0,230732.874877,300015.626365,300015.626378,1145.0978106030534,0.03357,230732.874877,14475.132729513301,245.1842716,265.4511551264368,2612.608127747272,0.8699546859018155,8,13,,True,False,Request timeout: 300.0s exceeded,859,76.03092783505154
32,2026-09-19T10:27:29.311+00:00,2026-09-19T10:32:04.677+00:00,2026-09-19T10:32:29.382+00:00,False,274,273.0,,273.0,275365.993128,300070.432168,300070.432211,1095.1475628138687,0.03479,275365.993128,16630.04271176435,96.6713775,90.4924506959707,37.2387189754633,0.9097864059033842,8,13,,True,False,Request timeout: 300.0s exceeded,904,76.03092783505154
33,2026-09-19T10:27:32.840+00:00,2026-09-19T10:32:05.630+00:00,2026-09-19T10:32:32.860+00:00,False,312,311.0,,311.0,272789.813739,300020.019947,300020.019899,961.6026278814103,0.02999,272789.813739,15438.826513090882,94.06512645,87.55693314469454,56.041508278025916,1.0365974912438831,8,13,,True,False,Request timeout: 300.0s exceeded,995,76.03092783505154
34,2026-09-19T10:27:36.973+00:00,2026-09-19T10:32:07.382+00:00,2026-09-19T10:32:37.029+00:00,False,372,371.0,,371.0,270409.49004,300056.797048,300056.797123,806.6042933413978,0.04481,270409.49004,14015.986977819353,92.99761429999998,79.9118787277628,37.96058871345844,1.2364325809311738,8,13,,True,False,Request timeout: 300.0s exceeded,1182,76.03092783505154
35,2026-09-19T10:27:39.671+00:00,2026-09-19T10:32:08.795+00:00,2026-09-19T10:32:39.699+00:00,False,418,417.0,,417.0,269124.136111,300028.118191,300028.118099,717.7706174617225,0.05356,269124.136111,13159.682173180427,92.56423865,74.11026877697842,20.05884369821034,1.3898697312581043,8,13,,True,False,Request timeout: 300.0s exceeded,1720,76.03092783505154
36,2026-09-19T10:27:42.825+00:00,2026-09-19T10:32:09.071+00:00,2026-09-19T10:32:42.856+00:00,False,486,485.0,,485.0,266246.09032,300031.18702400004,300031.18711,617.3481216255144,0.02208,266246.09032,12074.032049097486,92.51977575000001,69.65999320412371,24.087563500245434,1.6164986207290644,8,13,,True,False,Request timeout: 300.0s exceeded,1464,76.03092783505154
0,2026-09-19T10:25:43.334+00:00,2026-09-19T10:25:44.532+00:00,2026-09-19T10:26:34.857+00:00,True,656,656.0,,656.0,1197.887986,51522.749682,51522.74966,78.5407769207317,19.853151999999998,1197.887986,51.82376732825977,119.88726075000002,76.83184991755725,27.76827337890565,12.732239720295446,9,13,,False,True,,2420,76.03092783505154
1,2026-09-19T10:25:47.276+00:00,2026-09-19T10:25:47.568+00:00,2026-09-19T10:26:37.591+00:00,True,622,622.0,,622.0,291.975327,50314.606239,50314.606097,80.89164967363344,43.821021,304.617924,29.287457375362116,119.2326582,80.55174059903382,28.056332718241944,12.362215398157556,9,13,,False,True,,2995,76.03092783505154
2,2026-09-19T10:25:53.471+00:00,2026-09-19T10:25:53.648+00:00,2026-09-19T10:27:10.705+00:00,True,850,850.0,,850.0,176.389994,77234.22551399999,77234.225415,90.86379460588235,54.335079,361.01975400000003,37.85426955602134,159.33997595,90.76305714958775,37.76240625016157,11.005483570828627,9,13,,False,True,,4507,76.03092783505154
3,2026-09-19T10:25:57.428+00:00,2026-09-19T10:25:57.823+00:00,2026-09-19T10:27:13.368+00:00,True,821,821.0,,821.0,394.937722,75940.28991400001,75940.289925,92.49730806942753,65.413165,394.937722,38.8751188368308,160.548439,92.12847828292682,37.43392200958348,10.81112543723176,9,13,,False,True,,3224,76.03092783505154
4,2026-09-19T10:26:01.921+00:00,2026-09-19T10:26:02.263+00:00,2026-09-19T10:28:00.981+00:00,True,838,838.0,,838.0,341.773621,119059.485749,119059.48581299999,142.0757587267303,75.679261,38461.293256,1325.8756041616934,175.1754282,141.83717100119475,1326.6503571256765,7.038498400427019,9,13,,False,True,,3767,76.03092783505154
5,2026-09-19T10:26:07.684+00:00,2026-09-19T10:26:07.941+00:00,2026-09-19T10:28:21.981+00:00,True,918,918.0,,918.0,256.785323,134296.151723,134296.151797,146.2921043540305,76.617311,44317.707379,1460.0637898408236,187.63839565,146.1716100327154,1460.8559884694735,6.835638908652216,9,13,,False,True,,3380,76.03092783505154
6,2026-09-19T10:26:11.631+00:00,2026-09-19T10:27:00.169+00:00,2026-09-19T10:28:26.875+00:00,True,874,874.0,,874.0,48538.242951,135243.436935,135243.436829,154.74077440389016,78.69722,48538.242951,1639.0760603159595,188.61118195000003,99.31866435738831,44.555662872090686,6.462420800648961,9,13,,False,True,,2980,76.03092783505154
7,2026-09-19T10:26:16.828+00:00,2026-09-19T10:27:12.194+00:00,2026-09-19T10:28:35.425+00:00,True,827,827.0,,827.0,55365.202081,138596.831137,138596.831039,167.58988033736398,77.207111,55365.202081,1922.4926561757939,198.33960460000003,100.76468408716707,54.08023995449422,5.966947391333415,9,13,,False,True,,2661,76.03092783505154
8,2026-09-19T10:26:22.273+00:00,2026-09-19T10:27:30.673+00:00,2026-09-19T10:29:01.513+00:00,True,719,719.0,,719.0,68400.345868,159240.080652,159240.080579,221.4743818901252,32.056868,68400.345868,2587.8502469827654,195.6238525,126.51773646796657,462.83209291405393,4.515194899777072,9,13,,False,True,,2361,76.03092783505154
9,2026-09-19T10:26:27.220+00:00,2026-09-19T10:28:16.926+00:00,2026-09-19T10:29:21.257+00:00,True,649,649.0,,649.0,109705.97778399999,174036.466616,174036.46646899998,268.16096528351306,0.056850000000000005,109705.97778399999,4302.636650558233,183.1404922,99.27544572839506,41.22952372224698,3.729103518471079,9,13,,True,True,,973,76.03092783505154
10,2026-09-19T10:26:33.193+00:00,2026-09-19T10:28:20.912+00:00,2026-09-19T10:29:26.283+00:00,True,658,658.0,,658.0,107718.960125,173090.219005,173090.218816,263.0550437933131,0.77263,107718.960125,4195.641998767223,188.62673239999995,99.49963299847794,40.856101843490855,3.8014857441539927,9,13,,True,True,,2369,76.03092783505154
11,2026-09-19T10:26:36.970+00:00,2026-09-19T10:28:23.244+00:00,2026-09-19T10:29:41.773+00:00,True,782,782.0,,782.0,106274.334802,184803.150674,184803.150693,236.3211645690537,2.20002,106274.334802,3797.0055855694236,194.26681010000001,100.54906001536492,42.60757590103915,4.231529587823308,9,13,,True,True,,2176,76.03092783505154
12,2026-09-19T10:26:41.141+00:00,2026-09-19T10:28:27.353+00:00,2026-09-19T10:30:20.743+00:00,True,896,896.0,,896.0,106212.005726,219601.853022,219601.852993,245.09135378683035,81.920589,106212.005726,3571.528792356998,187.53585375,126.69256681117318,442.3393950722945,4.080111290819744,9,13,,True,True,,2316,76.03092783505154
13,2026-09-19T10:26:47.650+00:00,2026-09-19T10:29:27.097+00:00,2026-09-19T10:30:32.214+00:00,True,652,652.0,,652.0,159447.084519,224564.039143,224564.039073,344.4233728113497,80.23689999999999,159447.084519,6240.71850107657,177.53572305,100.02604396927804,50.75332009380574,2.9034034233095234,9,13,,True,True,,2471,76.03092783505154
14,2026-09-19T10:26:52.950+00:00,2026-09-19T10:29:34.364+00:00,2026-09-19T10:30:48.219+00:00,True,744,744.0,,744.0,161414.898383,235269.077199,235269.077233,316.22187800134407,79.44075699999999,161414.898383,5914.518985459076,175.7874531,99.39997148855988,69.33535278372992,3.162336541876666,9,13,,True,True,,2711,76.03092783505154
15,2026-09-19T10:26:58.785+00:00,2026-09-19T10:29:41.125+00:00,2026-09-19T10:30:42.204+00:00,True,624,624.0,,624.0,162340.055713,223419.214753,223419.214897,358.0436136169872,79.067561,162340.055713,6495.034449737593,143.2280715,98.0403836918138,45.03088545407317,2.7929558372580447,9,13,,True,True,,3130,76.03092783505154
16,2026-09-19T10:27:02.806+00:00,2026-09-19T10:29:47.864+00:00,2026-09-19T10:31:57.215+00:00,True,988,988.0,,988.0,165058.49678299998,294409.406479,294409.406608,297.98522936032384,80.10019199999999,165058.49678299998,5352.138899427045,176.68476885,131.0546197527862,1055.9744915212852,3.355871036241749,9,13,,True,True,,5004,76.03092783505154
17,2026-09-19T10:27:08.142+00:00,2026-09-19T10:30:49.483+00:00,2026-09-19T10:31:47.362+00:00,True,601,601.0,,601.0,221341.30235299998,279219.55540899996,279219.55548,464.5916064559068,79.39059900000001,221341.30235299998,9024.851143089925,172.286455,96.46375509333333,39.417161619548814,2.1524280386438446,9,13,,True,True,,2666,76.03092783505154
18,2026-09-19T10:27:14.403+00:00,2026-09-19T10:30:55.901+00:00,2026-09-19T10:32:03.346+00:00,True,708,708.0,,708.0,221497.474263,288942.73071100004,288942.730844,408.1112017570622,79.36486000000001,221497.474263,8320.886406951742,174.4860209,95.39640233097595,38.0304326859278,2.4503125524488114,9,13,,True,True,,2708,76.03092783505154
19,2026-09-19T10:27:20.758+00:00,2026-09-19T10:31:02.953+00:00,2026-09-19T10:32:20.812+00:00,False,544,543.0,,543.0,222195.62823899998,300054.376655,300054.376717,551.5705454356618,0.024079999999999997,222195.62823899998,9551.558162778561,191.06355,143.3862770092081,771.4450235354343,1.8096719869690048,9,13,,True,False,Request timeout: 300.0s exceeded,1727,76.03092783505154
20,2026-09-19T10:27:25.171+00:00,2026-09-19T10:31:16.299+00:00,2026-09-19T10:32:25.203+00:00,False,259,258.0,,258.0,231127.959218,300032.02501,300032.02499,1158.424806911197,0.02905,231127.959218,14581.725285667939,245.30552930000002,267.0700224496124,2621.9075317179713,0.8599082047704771,9,13,,True,False,Request timeout: 300.0s exceeded,861,76.03092783505154
21,2026-09-19T10:27:30.671+00:00,2026-09-19T10:32:04.680+00:00,2026-09-19T10:32:30.687+00:00,False,293,292.0,,292.0,274009.09689,300016.21804199996,300016.218254,1023.9461373856655,0.03556,274009.09689,16002.62075494905,95.18332860000001,89.06548339726028,36.57466139579345,0.9732807176414784,9,13,,True,False,Request timeout: 300.0s exceeded,1217,76.03092783505154
22,2026-09-19T10:27:35.053+00:00,2026-09-19T10:32:07.098+00:00,2026-09-19T10:32:35.102+00:00,False,345,344.0,,344.0,272044.199402,300048.687338,300048.687329,869.706340084058,0.027789,272044.199402,14642.005941249461,93.46578380000001,81.4083951627907,25.11103307203684,1.1464806030378982,9,13,,True,False,Request timeout: 300.0s exceeded,1227,76.03092783505154
23,2026-09-19T10:27:40.632+00:00,2026-09-19T10:32:08.797+00:00,2026-09-19T10:32:40.643+00:00,False,438,437.0,,437.0,268165.524993,300011.418369,300011.41849,684.9575764611873,0.06215,268165.524993,12809.978566913576,91.70573005,72.87389788558352,20.391898457695333,1.4566112262517636,9,13,,True,False,Request timeout: 300.0s exceeded,1395,76.03092783505154
0,2026-09-19T10:25:43.334+00:00,2026-09-19T10:25:44.420+00:00,2026-09-19T10:26:31.268+00:00,True,615,615.0,,615.0,1085.395925,47934.268373,47934.268417,77.94189986504065,38.923404000000005,1085.395925,49.32540384708564,120.18433729999998,76.3010951921824,27.902264397024673,12.830069611460093,10,13,,False,True,,2394,76.03092783505154
1,2026-09-19T10:25:47.293+00:00,2026-09-19T10:25:47.568+00:00,2026-09-19T10:26:57.293+00:00,True,821,821.0,,821.0,275.465255,70000.224551,70000.22467,85.26214941534714,43.409305999999994,364.214343,37.30624495084825,143.891976,85.03019426341464,36.7318570451205,11.728533804942936,10,13,,False,True,,2028,76.03092783505154
2,2026-09-19T10:25:50.353+00:00,2026-09-19T10:25:50.467+00:00,2026-09-19T10:26:47.163+00:00,True,673,673.0,,673.0,114.55178599999999,56810.366698,56810.366699,84.41362065230312,49.239372,359.775684,30.066924963040105,112.22285719999999,84.3687721904762,30.066781770201544,11.846429430347136,10,13,,False,True,,3109,76.03092783505154
3,2026-09-19T10:25:53.290+00:00,2026-09-19T10:25:53.536+00:00,2026-09-19T10:27:22.885+00:00,True,971,971.0,,971.0,245.779808,89595.43280000001,89595.432965,92.27130068486096,53.315169999999995,363.596313,39.177241957415724,163.199588,92.1130443216495,38.885690193374955,10.837605999041504,10,13,,False,True,,5120,76.03092783505154
4,2026-09-19T10:25:57.952+00:00,2026-09-19T10:25:58.321+00:00,2026-09-19T10:27:39.101+00:00,True,995,995.0,,995.0,369.530141,101149.199901,101149.199802,101.65748723819095,66.003965,7308.320204,231.98300585475545,169.53306039999995,101.38799774647887,231.94390966244254,9.836953737388516,10,13,,False,True,,3698,76.03092783505154
5,2026-09-19T10:26:01.643+00:00,2026-09-19T10:26:02.106+00:00,2026-09-19T10:27:48.733+00:00,True,722,722.0,,722.0,462.37278499999996,107089.339825,107089.339785,148.32318529778394,74.705862,36771.983894000005,1365.5336833004262,181.98298845000002,147.88761031900137,1366.4314480884518,6.742034278854049,10,13,,False,True,,3077,76.03092783505154
6,2026-09-19T10:26:05.555+00:00,2026-09-19T10:26:06.032+00:00,2026-09-19T10:28:23.336+00:00,True,956,956.0,,956.0,476.67490899999996,137780.498269,137780.498148,144.1218599874477,78.14564999999999,43695.610325,1410.7233030543684,188.82774575,143.773637026178,1411.421374640226,6.938572671827068,10,13,,False,True,,3357,76.03092783505154
7,2026-09-19T10:26:08.762+00:00,2026-09-19T10:26:55.548+00:00,2026-09-19T10:27:59.270+00:00,True,654,654.0,,654.0,46785.777813,110508.02702899999,110508.027,168.97251834862385,75.13642200000001,46785.777813,1826.0810186260292,181.1236577,97.58384259724349,39.57198077036909,5.918122127258453,10,13,,False,True,,2075,76.03092783505154
8,2026-09-19T10:26:12.899+00:00,2026-09-19T10:27:01.346+00:00,2026-09-19T10:28:26.783+00:00,True,843,843.0,,843.0,48446.588237,133883.74330899998,133883.743534,158.8182011079478,78.414711,48446.588237,1666.7330775142057,189.96239220000004,101.46930531116391,73.93557777430503,6.296507545762141,10,13,,False,True,,3055,76.03092783505154
9,2026-09-19T10:26:15.777+00:00,2026-09-19T10:27:10.973+00:00,2026-09-19T10:28:46.370+00:00,True,948,948.0,,948.0,55195.301204,150592.386644,150592.386599,158.85272847995782,75.74498200000001,55195.301204,1790.118238285136,191.8130767,100.73609866948257,51.14314669820178,6.295138958392826,10,13,,False,True,,3430,76.03092783505154
10,2026-09-19T10:26:19.825+00:00,2026-09-19T10:27:22.430+00:00,2026-09-19T10:28:31.241+00:00,True,689,689.0,,689.0,62604.39662,131416.01594800001,131416.015816,190.73442063280115,80.894318,62604.39662,2381.729199422555,204.14579460000002,100.01688855813953,48.932346902738495,5.24289216218996,10,13,,False,True,,1033,76.03092783505154
11,2026-09-19T10:26:23.344+00:00,2026-09-19T10:27:31.666+00:00,2026-09-19T10:29:37.833+00:00,True,913,913.0,,913.0,68321.82013600001,194488.809704,194488.809667,213.02169733515882,30.982668,68321.82013600001,2506.3034871883133,210.6186262,138.34099733333335,1091.2712828216638,4.694357487145558,10,13,,False,True,,3743,76.03092783505154
12,2026-09-19T10:26:27.038+00:00,2026-09-19T10:28:16.929+00:00,2026-09-19T10:29:26.370+00:00,True,693,693.0,,693.0,109890.488304,179331.952368,179331.952274,258.7762659076479,1.093719,109890.488304,4170.804498595904,210.33333299999998,100.34893650867052,43.06107113815909,3.864342025217693,10,13,,True,True,,2828,76.03092783505154
13,2026-09-19T10:26:30.925+00:00,2026-09-19T10:28:18.648+00:00,2026-09-19T10:29:28.994+00:00,True,694,694.0,,694.0,107723.175573,178069.149845,178069.150011,256.5837896412104,0.03658,107723.175573,4085.6586131427753,210.75237200000004,101.50934238383839,56.92628134865352,3.8973623483017197,10,13,,True,True,,2878,76.03092783505154
14,2026-09-19T10:26:34.637+00:00,2026-09-19T10:28:21.357+00:00,2026-09-19T10:29:28.906+00:00,True,674,674.0,,674.0,106719.964962,174268.48541,174268.485378,258.55858364688424,0.18881,106719.964962,4107.108472898311,192.69622615,100.36927258246658,47.5707574181168,3.867595442826544,10,13,,True,True,,1189,76.03092783505154
15,2026-09-19T10:26:37.905+00:00,2026-09-19T10:28:23.649+00:00,2026-09-19T10:29:24.277+00:00,True,618,618.0,,618.0,105744.486263,166371.975287,166371.975189,269.21031583980584,2.20668,105744.486263,4249.888401194064,163.4890648,98.2617326158833,38.48896243009514,3.7145679068480075,10,13,,True,True,,1113,76.03092783505154
16,2026-09-19T10:26:41.131+00:00,2026-09-19T10:28:27.350+00:00,2026-09-19T10:30:21.651+00:00,True,944,944.0,,944.0,106218.89158400001,220519.83264,220519.832544,233.60151752542373,81.298919,106218.89158400001,3462.82828523532,188.62703349999995,121.20990567974549,258.38162214497686,4.280794106809821,10,13,,True,True,,2974,76.03092783505154
17,2026-09-19T10:26:45.519+00:00,2026-09-19T10:28:37.927+00:00,2026-09-19T10:30:37.362+00:00,True,735,735.0,,735.0,112408.74707,231842.983742,231842.983968,315.4326312489796,79.89231,112408.74707,4494.412765604795,178.43929400000002,162.71694369482287,1749.9109697689817,3.170249054497695,10,13,,True,True,,2308,76.03092783505154
18,2026-09-19T10:26:49.461+00:00,2026-09-19T10:29:29.299+00:00,2026-09-19T10:30:52.981+00:00,True,850,850.0,,850.0,159837.847563,243520.03303499997,243520.03290199998,286.4941563552941,77.716911,159837.847563,5479.159165444298,183.16708490000002,98.56558948409894,40.15844101435893,3.4904725882565626,10,13,,True,True,,3512,76.03092783505154
19,2026-09-19T10:26:52.332+00:00,2026-09-19T10:29:31.915+00:00,2026-09-19T10:30:43.124+00:00,True,733,733.0,,733.0,159583.140477,230791.888509,230791.888438,314.85932938335606,79.51374,159583.140477,5890.8580103357435,160.4901554,97.27971042622951,36.566303918997164,3.176021500302493,10,13,,True,True,,2343,76.03092783505154
20,2026-09-19T10:26:56.726+00:00,2026-09-19T10:29:38.999+00:00,2026-09-19T10:31:13.106+00:00,True,944,944.0,,944.0,162272.962148,256379.5713,256379.571242,271.58852885805084,78.73181100000001,162272.962148,5278.459145388436,189.78453765000003,99.79491956733828,42.65138143532413,3.6820406369093575,10,13,,True,True,,3789,76.03092783505154
21,2026-09-19T10:27:00.606+00:00,2026-09-19T10:29:42.558+00:00,2026-09-19T10:31:23.553+00:00,True,890,890.0,,890.0,161952.22737900002,262947.50213100004,262947.502075,295.44663154494384,78.593647,161952.22737900002,5429.799767693636,196.0555389,113.60548341057368,232.08894471646164,3.3847060450743642,10,13,,True,True,,3094,76.03092783505154
22,2026-09-19T10:27:05.332+00:00,2026-09-19T10:29:50.853+00:00,2026-09-19T10:32:05.632+00:00,False,891,890.0,,890.0,165520.346357,300300.047349,300300.047358,337.0370901885522,0.033299999999999996,165520.346357,5700.982143299466,194.795161,151.43786628314606,1345.6935176059526,2.9637024964090926,10,13,,True,False,Request timeout: 300.0s exceeded,3929,76.03092783505154
23,2026-09-19T10:27:09.824+00:00,2026-09-19T10:30:52.453+00:00,2026-09-19T10:32:09.897+00:00,False,785,784.0,,784.0,222628.949815,300073.776183,300073.776191,382.2595875044586,0.02919,222628.949815,7942.571245980835,203.93426899999994,98.78166628571428,45.289519923970886,2.6126908188134292,10,13,,True,False,Request timeout: 300.0s exceeded,3151,76.03092783505154
24,2026-09-19T10:27:12.678+00:00,2026-09-19T10:30:53.432+00:00,2026-09-19T10:31:51.330+00:00,True,611,611.0,,611.0,220754.761034,278651.955274,278651.955253,456.0588465679214,79.13579700000001,220754.761034,8927.013960563876,149.5021235,94.91343318032786,35.89535798945584,2.192699489221959,10,13,,True,True,,2394,76.03092783505154
25,2026-09-19T10:27:16.692+00:00,2026-09-19T10:30:57.094+00:00,2026-09-19T10:31:59.790+00:00,True,662,662.0,,662.0,220401.899218,283097.717714,283097.717614,427.6400568187311,78.54871700000001,220401.899218,8562.557326561167,155.7199474,94.84995233888048,37.203341773744945,2.3384151781427875,10,13,,True,True,,993,76.03092783505154
26,2026-09-19T10:27:21.429+00:00,2026-09-19T10:31:02.956+00:00,2026-09-19T10:32:21.512+00:00,False,520,519.0,,519.0,221526.839771,300083.076315,300083.076428,577.0828392846154,0.02785,221526.839771,9774.792751154697,190.86913435,151.36076405394988,1142.2166349904169,1.7295210592122856,10,13,,True,False,Request timeout: 300.0s exceeded,778,76.03092783505154
27,2026-09-19T10:27:24.323+00:00,2026-09-19T10:31:14.117+00:00,2026-09-19T10:32:24.361+00:00,False,285,284.0,,284.0,229793.617692,300037.789212,300037.78919599997,1052.7641726175439,0.03039,229793.617692,13809.918943830244,206.6630614,247.33863211267607,2419.0971526317026,0.9465474357276109,10,13,,True,False,Request timeout: 300.0s exceeded,1076,76.03092783505154
28,2026-09-19T10:27:27.762+00:00,2026-09-19T10:32:04.034+00:00,2026-09-19T10:32:27.810+00:00,False,256,255.0,,255.0,276271.778724,300048.527012,300048.52710199996,1172.0645589921874,0.03193,276271.778724,17261.206116199442,164.0240985,93.24215014901961,40.6085343425948,0.8498625290361838,10,13,,True,False,Request timeout: 300.0s exceeded,660,76.03092783505154
29,2026-09-19T10:27:31.146+00:00,2026-09-19T10:32:05.324+00:00,2026-09-19T10:32:31.160+00:00,False,295,294.0,,294.0,274177.38528399996,300013.84557199996,300013.84538799996,1016.9960860610169,0.03191,274177.38528399996,15958.144278325972,94.92623950000001,87.87911662585033,34.077286002328634,0.9799547732187689,10,13,,True,False,Request timeout: 300.0s exceeded,1010,76.03092783505154
30,2026-09-19T10:27:34.921+00:00,2026-09-19T10:32:07.096+00:00,2026-09-19T10:32:34.981+00:00,False,343,342.0,,342.0,272175.21795200004,300060.37200000003,300060.37191200006,874.8115799183674,0.05855,272175.21795200004,14691.699069078193,94.15931690000001,81.53553815204678,24.97829684578691,1.139770632557904,10,13,,True,False,Request timeout: 300.0s exceeded,1718,76.03092783505154
31,2026-09-19T10:27:37.659+00:00,2026-09-19T10:32:08.484+00:00,2026-09-19T10:32:37.692+00:00,False,379,378.0,,378.0,270824.955314,300032.538034,300032.537863,791.6425801134566,0.055109000000000005,270824.955314,13907.393338066415,93.1481804,77.26873735449736,22.922674962643814,1.2598633550777236,10,13,,True,False,Request timeout: 300.0s exceeded,1532,76.03092783505154
32,2026-09-19T10:27:41.676+00:00,2026-09-19T10:32:09.071+00:00,2026-09-19T10:32:41.695+00:00,False,459,458.0,,458.0,267395.852464,300019.0668,300019.0668,653.6363111111111,0.035679999999999996,267395.852464,12477.658572563681,91.57366189999999,71.22972562445416,18.532613091151468,1.5265696440063723,10,13,,True,False,Request timeout: 300.0s exceeded,1496,76.03092783505154
0,2026-09-19T10:25:43.335+00:00,2026-09-19T10:25:44.419+00:00,2026-09-19T10:26:38.309+00:00,True,691,691.0,,691.0,1084.455516,54973.758556,54973.758664,79.55681427496383,39.711404,1084.455516,48.53276220554371,123.12762350000001,78.1004391884058,29.851130858016326,12.569633551544426,11,13,,False,True,,3231,76.03092783505154
1,2026-09-19T10:25:47.891+00:00,2026-09-19T10:25:48.095+00:00,2026-09-19T10:27:08.771+00:00,True,932,932.0,,932.0,204.09729199999998,80880.007692,80880.007881,86.7811243358369,45.792552,361.542484,37.733923762837506,150.94362944999997,86.65511321160042,37.557485524560086,11.52324321665694,11,13,,False,True,,3360,76.03092783505154
2,2026-09-19T10:25:52.326+00:00,2026-09-19T10:25:52.472+00:00,2026-09-19T10:27:11.860+00:00,True,880,880.0,,880.0,146.363745,79534.068065,79534.068293,90.37962306022727,51.920019999999994,362.106123,37.71296642969203,157.54008395,90.31593210466438,37.68704888265441,11.064440954797023,11,13,,False,True,,3349,76.03092783505154
3,2026-09-19T10:25:55.623+00:00,2026-09-19T10:25:55.848+00:00,2026-09-19T10:27:14.475+00:00,True,853,853.0,,853.0,225.42315599999998,78852.132916,78852.132982,92.4409530855803,59.264267,361.65481300000005,38.603572854691976,164.51050360000002,92.28487061032864,38.35599464233143,10.817716255166973,11,13,,False,True,,2818,76.03092783505154
4,2026-09-19T10:26:01.515+00:00,2026-09-19T10:26:01.906+00:00,2026-09-19T10:27:45.686+00:00,True,725,725.0,,725.0,390.687442,104170.589906,104170.58990800001,143.68357228689655,17.165133,31518.467521000002,1170.7471734160845,184.80481120000002,143.34240671823204,1171.5204670118198,6.959737874713155,11,13,,False,True,,2273,76.03092783505154
5,2026-09-19T10:26:06.816+00:00,2026-09-19T10:26:07.029+00:00,2026-09-19T10:28:28.502+00:00,True,985,985.0,,985.0,212.28398800000002,141685.821524,141685.821569,143.84347367411166,78.371251,44229.601223,1406.7978085852506,190.939605,143.77392026016258,1407.5114976016744,6.952001191122373,11,13,,False,True,,4494,76.03092783505154
6,2026-09-19T10:26:12.576+00:00,2026-09-19T10:27:00.170+00:00,2026-09-19T10:28:06.605+00:00,True,681,681.0,,681.0,47594.176867,114029.33309100001,114029.333025,167.4439545154185,78.958461,47594.176867,1820.5327131920535,180.833203,97.69875915294118,41.11808294967838,5.972147530289724,11,13,,False,True,,2767,76.03092783505154
7,2026-09-19T10:26:17.604+00:00,2026-09-19T10:27:14.203+00:00,2026-09-19T10:28:19.681+00:00,True,667,667.0,,667.0,56599.149424,122077.39352000001,122077.39374300001,183.02457832533733,77.64460199999999,56599.149424,2188.420719255735,183.6185023,98.31568182582582,55.37680472950806,5.463747060513091,11,13,,False,True,,2531,76.03092783505154
8,2026-09-19T10:26:23.628+00:00,2026-09-19T10:28:09.671+00:00,2026-09-19T10:29:21.341+00:00,True,725,725.0,,725.0,106043.608261,177713.031365,177713.031139,245.12142226068966,32.803117,106043.608261,3934.9008284022484,184.99435440000002,98.99091588950276,41.30705803048022,4.07961078842295,11,13,,True,True,,3211,76.03092783505154
9,2026-09-19T10:26:29.463+00:00,2026-09-19T10:28:18.396+00:00,2026-09-19T10:29:52.590+00:00,True,926,926.0,,926.0,108933.139018,203126.516298,203126.516299,219.35908887580993,31.928338,108933.139018,3576.6920515225097,212.3043625,101.83067814054054,44.242967483648194,4.558735200487054,11,13,,True,True,,4788,76.03092783505154
10,2026-09-19T10:26:33.615+00:00,2026-09-19T10:28:21.357+00:00,2026-09-19T10:29:23.490+00:00,True,627,627.0,,627.0,107741.68396699999,169875.364351,169875.364523,270.9335957304625,30.450608,107741.68396699999,4299.070521728171,160.77891830000002,99.255080485623,46.02603404002346,3.6909413109747895,11,13,,True,True,,2727,76.03092783505154
11,2026-09-19T10:26:37.310+00:00,2026-09-19T10:28:23.244+00:00,2026-09-19T10:29:50.506+00:00,True,863,863.0,,863.0,105934.85509900001,193196.637627,193196.637555,223.86632393395135,0.03596,105934.85509900001,3602.8842408949913,197.1165262,101.2317662737819,43.789103455213564,4.466951446982079,11,13,,True,True,,3492,76.03092783505154
12,2026-09-19T10:26:41.921+00:00,2026-09-19T10:28:27.351+00:00,2026-09-19T10:30:10.692+00:00,True,768,768.0,,768.0,105429.632414,208771.041694,208771.041522,271.83729364843754,82.91529799999999,105429.632414,3839.0462683298624,192.106189,134.7345622946545,549.9567895691629,3.678671111512071,11,13,,True,True,,3404,76.03092783505154
13,2026-09-19T10:26:45.307+00:00,2026-09-19T10:28:31.592+00:00,2026-09-19T10:30:35.086+00:00,True,733,733.0,,733.0,106285.00121799999,229779.22099399997,229779.221141,313.47779146111867,80.88923799999999,106285.00121799999,4275.286894644805,179.4096922,168.70795051366122,1708.691814997228,3.1900186484623,11,13,,True,True,,2516,76.03092783505154
14,2026-09-19T10:26:50.574+00:00,2026-09-19T10:29:29.646+00:00,2026-09-19T10:30:50.423+00:00,True,827,827.0,,827.0,159071.969321,239848.77341700002,239848.77357000002,290.02270081015723,79.04335,159071.969321,5528.20972504544,176.70391199999997,97.79274103631961,38.79493099714929,3.4480059589972614,11,13,,True,True,,2660,76.03092783505154
15,2026-09-19T10:26:55.379+00:00,2026-09-19T10:29:38.114+00:00,2026-09-19T10:30:48.927+00:00,True,731,731.0,,731.0,162735.218463,233548.301855,233548.301754,319.49152086730504,80.30939,162735.218463,6015.503223167067,165.10075400000002,97.00422382465753,36.66285712138107,3.1299735180855484,11,13,,True,True,,2566,76.03092783505154
16,2026-09-19T10:27:01.397+00:00,2026-09-19T10:29:42.558+00:00,2026-09-19T10:31:13.812+00:00,True,668,668.0,,668.0,161160.894208,252415.40070400003,252415.40061100002,377.86736618413175,80.58444899999999,161160.894208,6263.315672245902,227.72476175000003,136.81335306746627,643.6173858559754,2.6464312325512322,11,13,,True,True,,3165,76.03092783505154
17,2026-09-19T10:27:05.328+00:00,2026-09-19T10:29:48.018+00:00,2026-09-19T10:32:04.935+00:00,True,934,934.0,,934.0,162690.009698,299606.699362,299606.69930800004,320.7780506509636,77.78314999999999,162690.009698,5463.5927073073335,199.28945229999997,146.7488635198285,1251.1000587734582,3.1174202779474367,11,13,,True,True,,3501,76.03092783505154
18,2026-09-19T10:27:08.767+00:00,2026-09-19T10:30:50.868+00:00,2026-09-19T10:32:08.798+00:00,False,791,790.0,,790.0,222101.182725,300031.00186099997,300031.001944,379.3059443034134,0.03706,222101.182725,7893.631625413775,200.227479,98.645340678481,45.35102967286621,2.6330612340053965,11,13,,True,False,Request timeout: 300.0s exceeded,1375,76.03092783505154
19,2026-09-19T10:27:12.131+00:00,2026-09-19T10:30:52.810+00:00,2026-09-19T10:32:03.858+00:00,True,738,738.0,,738.0,220678.88745100002,291726.558747,291726.558754,395.2934400460705,78.24692999999999,220678.88745100002,8119.853132648458,176.99300215,96.40118221981004,40.24596760790489,2.529766241269897,11,13,,True,True,,2412,76.03092783505154
20,2026-09-19T10:27:17.600+00:00,2026-09-19T10:30:57.092+00:00,2026-09-19T10:32:00.044+00:00,True,640,640.0,,640.0,219492.028292,282443.918468,282443.918661,441.3186229078125,77.16421000000001,219492.028292,8672.90886281512,157.53651290000002,98.51626005633803,103.68565400775067,2.2659365564371674,11,13,,True,True,,2502,76.03092783505154
21,2026-09-19T10:27:22.174+00:00,2026-09-19T10:31:04.669+00:00,2026-09-19T10:32:22.207+00:00,False,421,420.0,,420.0,222495.729055,300033.339807,300033.33964,712.6682651781473,0.02499,222495.729055,10965.489216208014,208.415301,184.61335893333333,1690.052941486199,1.3998444315227434,11,13,,True,False,Request timeout: 300.0s exceeded,1831,76.03092783505154
22,2026-09-19T10:27:25.576+00:00,2026-09-19T10:32:02.156+00:00,2026-09-19T10:32:25.582+00:00,False,240,239.0,,239.0,276580.559195,300005.866843,300005.867002,1250.0244458416666,0.031239999999999997,276580.559195,17846.930744710524,212.34203044999998,98.01383953138075,46.058202825000805,0.796651087243818,11,13,,True,False,Request timeout: 300.0s exceeded,1029,76.03092783505154
23,2026-09-19T10:27:31.568+00:00,2026-09-19T10:32:05.630+00:00,2026-09-19T10:32:31.633+00:00,False,293,292.0,,292.0,274062.464388,300064.74074000004,300064.74061000004,1024.1117426962458,0.03137,274062.464388,16005.80131999318,94.4914816,89.04889161643835,57.65538541973843,0.9731233309181502,11,13,,True,False,Request timeout: 300.0s exceeded,952,76.03092783505154
24,2026-09-19T10:27:37.607+00:00,2026-09-19T10:32:08.483+00:00,2026-09-19T10:32:37.637+00:00,False,378,377.0,,377.0,270876.493184,300030.141312,300030.141283,793.730532494709,0.04147,270876.493184,13928.424950041379,92.970483,77.33063163925729,23.01671067331757,1.2565404207437925,11,13,,True,False,Request timeout: 300.0s exceeded,1638,76.03092783505154
25,2026-09-19T10:27:43.073+00:00,2026-09-19T10:32:09.424+00:00,2026-09-19T10:32:43.153+00:00,False,492,491.0,,491.0,266351.059261,300080.444221,300080.444272,609.9196021788619,0.01831,266351.059261,12004.953942827899,91.46588179999999,68.6952850509165,20.723555241202337,1.6362279163996227,11,13,,True,False,Request timeout: 300.0s exceeded,2133,76.03092783505154
0,2026-09-19T10:25:43.337+00:00,2026-09-19T10:25:44.532+00:00,2026-09-19T10:26:54.143+00:00,True,853,853.0,,853.0,1195.0456869999998,70806.290231,70806.290322,83.00854668464244,19.473952,1195.0456869999998,52.224842774186065,137.04783,81.70333866666667,35.718182283925216,12.046952286543384,12,13,,False,True,,3445,76.03092783505154
1,2026-09-19T10:25:47.381+00:00,2026-09-19T10:25:47.729+00:00,2026-09-19T10:27:08.243+00:00,True,932,932.0,,932.0,347.282401,80861.881057,80861.881238,86.76167514806868,43.28648200000001,362.11456300000003,38.15073077596402,144.23803215,86.48184603222342,37.201950478217384,11.525826357452999,12,13,,False,True,,3056,76.03092783505154
2,2026-09-19T10:25:51.673+00:00,2026-09-19T10:25:51.937+00:00,2026-09-19T10:27:21.740+00:00,True,989,989.0,,989.0,264.18265,90067.074938,90067.075136,91.06883229120324,18.446273,361.975663,38.35182514366336,159.90622299999998,90.89361567611337,37.973133894346326,10.980705220867932,12,13,,False,True,,3239,76.03092783505154
3,2026-09-19T10:25:55.068+00:00,2026-09-19T10:25:55.218+00:00,2026-09-19T10:26:59.866+00:00,True,718,718.0,,718.0,149.654992,64798.333392,64798.333357,90.24837514902507,58.044719,361.92040399999996,36.72941452856548,156.409176,90.16552078103209,36.68784450063607,11.080531896652827,12,13,,False,True,,3003,76.03092783505154
4,2026-09-19T10:25:59.423+00:00,2026-09-19T10:25:59.576+00:00,2026-09-19T10:27:29.143+00:00,True,804,804.0,,804.0,153.127744,89719.659072,89719.658959,111.59161562064676,68.094864,13487.095135,474.0014335586563,168.71358900000004,111.53988957409715,474.2945891192261,8.96124671355238,12,13,,False,True,,3090,76.03092783505154
5,2026-09-19T10:26:05.394+00:00,2026-09-19T10:26:05.784+00:00,2026-09-19T10:28:13.985+00:00,True,891,891.0,,891.0,390.344182,128590.69951,128590.699677,144.32177292592593,74.885742,42161.257106,1409.7952286926757,179.4917825,144.04534306516854,1410.5637510861145,6.928961452073836,12,13,,False,True,,4150,76.03092783505154
6,2026-09-19T10:26:08.701+00:00,2026-09-19T10:26:55.548+00:00,2026-09-19T10:28:09.310+00:00,True,758,758.0,,758.0,46847.418329,120609.302745,120609.302656,159.11517500791555,76.131292,46847.418329,1698.5140247504962,179.36423735,97.4397416327609,40.334182657560575,6.284755675958203,12,13,,False,True,,2743,76.03092783505154
7,2026-09-19T10:26:14.568+00:00,2026-09-19T10:27:09.994+00:00,2026-09-19T10:28:23.248+00:00,True,746,746.0,,746.0,55426.689196,128680.25847599999,128680.258652,172.49364430563003,76.512902,55426.689196,2026.1566954892182,189.1977825,98.32693863087249,42.320357748993146,5.797315056987826,12,13,,False,True,,2113,76.03092783505154
8,2026-09-19T10:26:20.577+00:00,2026-09-19T10:27:22.426+00:00,2026-09-19T10:28:35.830+00:00,True,734,734.0,,734.0,61849.201745,135252.26452899998,135252.264536,184.2673903760218,80.72712,61849.201745,2279.7027274471907,202.5544248,100.14060407094135,47.933173209715484,5.426896196940349,12,13,,False,True,,3001,76.03092783505154
9,2026-09-19T10:26:23.936+00:00,2026-09-19T10:28:11.677+00:00,2026-09-19T10:29:29.299+00:00,True,773,773.0,,773.0,107740.226007,185362.417623,185362.417722,239.7961419430789,0.036558999999999994,107740.226007,3871.7800377210115,213.6261086,100.54688033160622,44.015282883362175,4.17020888005555,12,13,,True,True,,2626,76.03092783505154
10,2026-09-19T10:26:27.565+00:00,2026-09-19T10:28:17.243+00:00,2026-09-19T10:29:28.227+00:00,True,710,710.0,,710.0,109677.64683499999,180661.753075,180661.75316,254.45317346478873,3.197699,109677.64683499999,4112.59080554219,203.6459298,100.11862657263751,42.515062964783574,3.9299961830064296,12,13,,True,True,,3522,76.03092783505154
11,2026-09-19T10:26:32.765+00:00,2026-09-19T10:28:20.913+00:00,2026-09-19T10:29:39.999+00:00,True,787,787.0,,787.0,108147.69950399999,187234.077232,187234.07706299998,237.9086112617535,0.035590000000000004,108147.69950399999,3851.7012510727554,192.7975873,100.61880118066158,42.91454849221133,4.203294676026499,12,13,,True,True,,2514,76.03092783505154
12,2026-09-19T10:26:38.374+00:00,2026-09-19T10:28:23.646+00:00,2026-09-19T10:29:49.061+00:00,True,846,846.0,,846.0,105271.88233200001,190686.30998000002,190686.309986,225.39752953427896,30.427159,105271.88233200001,3616.112234180596,192.057437,101.08216289704143,43.856415410041514,4.43660585853663,12,13,,True,True,,3917,76.03092783505154
13,2026-09-19T10:26:43.749+00:00,2026-09-19T10:28:29.221+00:00,2026-09-19T10:30:19.887+00:00,True,665,665.0,,665.0,105472.345576,216138.332648,216138.33274100002,325.02004923458645,82.447249,105472.345576,4339.860524332649,189.4838668,166.6656431807229,1470.383302344241,3.0767332747172156,12,13,,True,True,,1642,76.03092783505154
14,2026-09-19T10:26:47.996+00:00,2026-09-19T10:29:27.099+00:00,2026-09-19T10:30:46.684+00:00,True,803,803.0,,803.0,159103.087219,238688.717427,238688.7175,297.24622353673726,80.090231,159103.087219,5611.354399019538,179.6255652,99.23395287780549,50.86652323419385,3.3642143150129735,12,13,,True,True,,3562,76.03092783505154
15,2026-09-19T10:26:53.063+00:00,2026-09-19T10:29:34.366+00:00,2026-09-19T10:30:52.454+00:00,True,781,781.0,,781.0,161302.976718,239391.246798,239391.246765,306.51888190140846,79.98096799999999,161302.976718,5768.738700215533,177.35441200000002,100.11316676923077,71.83639482226833,3.262441757776604,12,13,,True,True,,3317,76.03092783505154
16,2026-09-19T10:26:58.534+00:00,2026-09-19T10:29:40.324+00:00,2026-09-19T10:30:56.638+00:00,True,775,775.0,,775.0,161789.577601,238103.395457,238103.395479,307.2301877148387,79.736329,161789.577601,5808.269270774247,177.3034287,98.59666389664082,42.838944187012835,3.2548884845279757,12,13,,True,True,,3313,76.03092783505154
17,2026-09-19T10:27:02.984+00:00,2026-09-19T10:29:47.865+00:00,2026-09-19T10:31:44.039+00:00,True,798,798.0,,798.0,164880.15780000002,281054.924136,281054.924013,352.19915289849627,79.30005899999999,164880.15780000002,5959.391631868787,189.22161565000002,145.76507695859473,1228.596914784927,2.839302682396181,12,13,,True,True,,2637,76.03092783505154
18,2026-09-19T10:27:07.418+00:00,2026-09-19T10:30:49.482+00:00,2026-09-19T10:31:59.874+00:00,True,730,730.0,,730.0,222063.750699,292455.32497099997,292455.324978,400.62373284657536,79.22926700000001,222063.750699,8215.476739850947,177.9755551,96.55908679286695,41.04660002238028,2.4961077390961752,12,13,,True,True,,2940,76.03092783505154
19,2026-09-19T10:27:11.221+00:00,2026-09-19T10:30:52.808+00:00,2026-09-19T10:31:55.118+00:00,True,659,659.0,,659.0,221586.961849,283896.928697,283896.928625,430.79958820182094,79.68052800000001,221586.961849,8628.191029966816,147.277663,94.69599824924012,36.56169966168535,2.321264985234635,12,13,,True,True,,2325,76.03092783505154
20,2026-09-19T10:27:15.707+00:00,2026-09-19T10:30:55.902+00:00,2026-09-19T10:32:12.528+00:00,True,783,783.0,,783.0,220194.72216499998,296820.893045,296820.893001,379.081600256705,77.50619,220194.72216499998,7865.7329737598575,190.26693500000002,97.98743079283886,42.99667613559123,2.637954464618136,12,13,,True,True,,2818,76.03092783505154
21,2026-09-19T10:27:19.066+00:00,2026-09-19T10:30:59.900+00:00,2026-09-19T10:31:59.163+00:00,True,620,620.0,,620.0,220833.829943,280097.683511,280097.683434,451.7704571516129,79.771988,220833.829943,8865.231995416101,152.75218185,95.7412820161551,56.06921630632085,2.2135134865392465,12,13,,True,True,,3393,76.03092783505154
22,2026-09-19T10:27:22.465+00:00,2026-09-19T10:31:04.671+00:00,2026-09-19T10:32:22.548+00:00,False,370,369.0,,369.0,222205.830464,300082.7344,300082.734421,811.0344173540541,0.02995,222205.830464,11690.062854309675,233.23729079999998,211.04852015176152,1863.6640565576968,1.2296608824822812,12,13,,True,False,Request timeout: 300.0s exceeded,1742,76.03092783505154
23,2026-09-19T10:27:27.838+00:00,2026-09-19T10:32:04.035+00:00,2026-09-19T10:32:27.884+00:00,False,257,256.0,,256.0,276197.631791,300046.07492700004,300046.074872,1167.494454754864,0.03132,276197.631791,17222.971616453455,160.8914014,93.157981,40.6313868566006,0.8532022958883355,12,13,,True,False,Request timeout: 300.0s exceeded,877,76.03092783505154
24,2026-09-19T10:27:31.217+00:00,2026-09-19T10:32:05.322+00:00,2026-09-19T10:32:31.227+00:00,False,296,295.0,,295.0,274104.774412,300009.79278,300009.792788,1013.5465972567569,0.03675,274104.774412,15926.948869521313,94.31584325,87.81362158644069,34.17252911907982,0.9833012358244129,12,13,,True,False,Request timeout: 300.0s exceeded,1575,76.03092783505154
25,2026-09-19T10:27:35.142+00:00,2026-09-19T10:32:07.097+00:00,2026-09-19T10:32:35.161+00:00,False,346,345.0,,345.0,271955.412795,300019.27634700004,300019.27659,867.1077358092485,0.02512,271955.412795,14616.061890249364,92.93025125,81.3445320347826,25.065737471510104,1.1499261120841302,12,13,,True,False,Request timeout: 300.0s exceeded,1409,76.03092783505154
26,2026-09-19T10:27:39.923+00:00,2026-09-19T10:32:08.796+00:00,2026-09-19T10:32:39.935+00:00,False,423,422.0,,422.0,268873.004475,300012.737467,300012.73747000005,709.2499703782506,0.04736,268873.004475,13069.480542983341,92.12939999999999,73.79083647393365,20.17764740115769,1.406606944634869,12,13,,True,False,Request timeout: 300.0s exceeded,1817,76.03092783505154
