received_timestamp,complete_response_time,success_rate,success,worker_idx,request_idx,global_request_id
20260918T010914,10.459392,69.59589480436176,False,25,4,25:4
20260918T010926,26470.625536,69.59589480436176,True,13,0,13:0
20260918T010927,27310.203904,69.59589480436176,True,23,0,23:0
20260918T010928,27509.556224,69.59589480436176,True,29,0,29:0
20260918T010928,27502.466048,69.59589480436176,True,35,0,35:0
20260918T010929,29289.902592,69.59589480436176,True,7,0,7:0
20260918T010929,28672.853248,69.59589480436176,True,9,0,9:0
20260918T010929,29193.145088,69.59589480436176,True,39,0,39:0
20260918T010930,29617.845504,69.59589480436176,True,2,0,2:0
20260918T010930,29700.896,69.59589480436176,True,16,0,16:0
20260918T010930,29415.470592,69.59589480436176,True,33,0,33:0
20260918T010931,30931.39072,69.59589480436176,True,11,0,11:0
20260918T010932,32392.401408,69.59589480436176,True,5,0,5:0
20260918T010932,31611.35872,69.59589480436176,True,6,0,6:0
20260918T010932,31423.183104,69.59589480436176,True,26,0,26:0
20260918T010932,31910.611456,69.59589480436176,True,50,0,50:0
20260918T010933,33123.031808,69.59589480436176,True,3,0,3:0
20260918T010934,33822.160128,69.59589480436176,True,25,0,25:0
20260918T010934,29663.814912,69.59589480436176,True,27,1,27:1
20260918T010934,30152.579072,69.59589480436176,True,34,1,34:1
20260918T010935,30664.184064,69.59589480436176,True,23,1,23:1
20260918T010935,35123.345664,69.59589480436176,True,36,0,36:0
20260918T010935,35376.929024,69.59589480436176,True,40,0,40:0
20260918T010935,12.035584,69.59589480436176,False,41,8,41:8
20260918T010935,29761.152768,69.59589480436176,True,42,1,42:1
20260918T010935,31627.398656,69.59589480436176,True,45,1,45:1
20260918T010936,32322.764288,69.59589480436176,True,9,1,9:1
20260918T010936,32931.948032,69.59589480436176,True,28,1,28:1
20260918T010936,30600.16512,69.59589480436176,True,31,1,31:1
20260918T010936,30276.24832,69.59589480436176,True,38,1,38:1
20260918T010936,36000.159232,69.59589480436176,True,44,0,44:0
20260918T010936,30430.30656,69.59589480436176,True,47,1,47:1
20260918T010936,32315.510528,69.59589480436176,True,50,1,50:1
20260918T010937,37090.198528,69.59589480436176,True,0,0,0:0
20260918T010937,33150.52416,69.59589480436176,True,2,1,2:1
20260918T010937,37442.836992,69.59589480436176,True,4,0,4:0
20260918T010937,30126.379776,69.59589480436176,True,10,2,10:2
20260918T010937,36615.233792,69.59589480436176,True,49,0,49:0
20260918T010938,30546.141184,69.59589480436176,True,17,2,17:2
20260918T010938,35190.263296,69.59589480436176,True,37,1,37:1
20260918T010938,33679.139072,69.59589480436176,True,44,1,44:1
20260918T010939,39037.479424,69.59589480436176,True,20,0,20:0
20260918T010939,34005.598208,69.59589480436176,True,22,1,22:1
20260918T010939,39193.944576,69.59589480436176,True,51,0,51:0
20260918T010940,37075.031808,69.59589480436176,True,25,1,25:1
20260918T010940,33512.957184,69.59589480436176,True,45,2,45:2
20260918T010941,40890.455552,69.59589480436176,True,1,0,1:0
20260918T010941,33944.028672,69.59589480436176,True,1,2,1:2
20260918T010941,40771.620352,69.59589480436176,True,12,0,12:0
20260918T010941,37804.278528,69.59589480436176,True,14,1,14:1
20260918T010941,41403.820544,69.59589480436176,True,21,0,21:0
20260918T010941,40829.482752,69.59589480436176,True,37,0,37:0
20260918T010941,36425.370112,69.59589480436176,True,39,1,39:1
20260918T010942,34556.045312,69.59589480436176,True,6,2,6:2
20260918T010942,37994.413568,69.59589480436176,True,13,1,13:1
20260918T010942,39769.795072,69.59589480436176,True,15,1,15:1
20260918T010942,37082.27584,69.59589480436176,True,36,1,36:1
20260918T010942,42063.643904,69.59589480436176,True,42,0,42:0
20260918T010942,41716.698368,69.59589480436176,True,47,0,47:0
20260918T010943,42580.62592,69.59589480436176,True,28,0,28:0
20260918T010943,40292.18048,69.59589480436176,True,46,1,46:1
20260918T010944,35832.56704,69.59589480436176,True,4,2,4:2
20260918T010944,37982.586112,69.59589480436176,True,25,2,25:2
20260918T010944,38748.082944,69.59589480436176,True,26,1,26:1
20260918T010944,43855.632128,69.59589480436176,True,30,0,30:0
20260918T010944,44184.665856,69.59589480436176,True,43,0,43:0
20260918T010945,45013.446656,69.59589480436176,True,10,0,10:0
20260918T010945,41717.174272,69.59589480436176,True,10,1,10:1
20260918T010945,45533.098752,69.59589480436176,True,14,0,14:0
20260918T010945,44590.890496,69.59589480436176,True,27,0,27:0
20260918T010945,40548.745472,69.59589480436176,True,33,1,33:1
20260918T010945,44868.358912,69.59589480436176,True,38,0,38:0
20260918T010945,45244.552192,69.59589480436176,True,41,0,41:0
20260918T010945,37421.064192,69.59589480436176,True,44,2,44:2
20260918T010945,41840.895744,69.59589480436176,True,51,1,51:1
20260918T010946,45509.980672,69.59589480436176,True,18,0,18:0
20260918T010946,38038.505984,69.59589480436176,True,27,2,27:2
20260918T010946,40897.125376,69.59589480436176,True,40,1,40:1
20260918T010947,47297.941504,69.59589480436176,True,19,0,19:0
20260918T010947,41050.058752,69.59589480436176,True,21,1,21:1
20260918T010947,47417.76,69.59589480436176,True,22,0,22:0
20260918T010947,46644.63616,69.59589480436176,True,24,0,24:0
20260918T010947,43522.539008,69.59589480436176,True,32,1,32:1
20260918T010947,43585.164544,69.59589480436176,True,35,1,35:1
20260918T010947,46872.135168,69.59589480436176,True,48,0,48:0
20260918T010948,45034.854656,69.59589480436176,True,3,1,3:1
20260918T010948,47680.018688,69.59589480436176,True,8,0,8:0
20260918T010948,47764.78464,69.59589480436176,True,34,0,34:0
20260918T010948,48299.550464,69.59589480436176,True,46,0,46:0
20260918T010949,43223.598848,69.59589480436176,True,5,1,5:1
20260918T010949,48588.788992,69.59589480436176,True,15,0,15:0
20260918T010949,49537.98144,69.59589480436176,True,17,0,17:0
20260918T010949,45238.443264,69.59589480436176,True,17,1,17:1
20260918T010949,43726.36928,69.59589480436176,True,18,1,18:1
20260918T010949,49053.583104,69.59589480436176,True,31,0,31:0
20260918T010949,48893.371392,69.59589480436176,True,32,0,32:0
20260918T010949,45383.786496,69.59589480436176,True,41,1,41:1
20260918T010949,48870.431488,69.59589480436176,True,45,0,45:0
20260918T010950,2.500096,69.59589480436176,False,1,12,1:12
20260918T010950,47849.579776,69.59589480436176,True,6,1,6:1
20260918T010950,42602.806272,69.59589480436176,True,34,2,34:2
20260918T010950,43894.195712,69.59589480436176,True,46,2,46:2
20260918T010951,48141.544192,69.59589480436176,True,1,1,1:1
20260918T010951,47008.635648,69.59589480436176,True,4,1,4:1
20260918T010951,43384.921856,69.59589480436176,True,15,2,15:2
20260918T010951,43703.121408,69.59589480436176,True,24,2,24:2
20260918T010951,47005.228544,69.59589480436176,True,43,1,43:1
20260918T010952,44451.480576,69.59589480436176,True,0,2,0:2
20260918T010952,48257.640192,69.59589480436176,True,12,1,12:1
20260918T010952,48209.656064,69.59589480436176,True,19,1,19:1
20260918T010952,46531.908608,69.59589480436176,True,48,1,48:1
20260918T010952,44234.873856,69.59589480436176,True,50,2,50:2
20260918T010953,48767.350016,69.59589480436176,True,8,1,8:1
20260918T010953,48405.353728,69.59589480436176,True,11,1,11:1
20260918T010953,48532.237056,69.59589480436176,True,20,1,20:1
20260918T010953,45880.514048,69.59589480436176,True,28,2,28:2
20260918T010953,45377.38752,69.59589480436176,True,32,2,32:2
20260918T010954,49714.833152,69.59589480436176,True,0,1,0:1
20260918T010954,49638.185472,69.59589480436176,True,24,1,24:1
20260918T010955,47181.76128,69.59589480436176,True,9,2,9:2
20260918T010955,50530.796288,69.59589480436176,True,29,1,29:1
20260918T010955,51017.054976,69.59589480436176,True,30,1,30:1
20260918T010955,51063.42016,69.59589480436176,True,49,1,49:1
20260918T010956,49583.60704,69.59589480436176,True,7,1,7:1
20260918T010956,50927.778048,69.59589480436176,True,16,1,16:1
20260918T010956,48358.12096,69.59589480436176,True,36,2,36:2
20260918T010956,49362.603008,69.59589480436176,True,37,2,37:2
20260918T010957,50445.375232,69.59589480436176,True,14,2,14:2
20260918T010958,50502.096128,69.59589480436176,True,8,2,8:2
20260918T010958,49909.673984,69.59589480436176,True,29,2,29:2
20260918T010959,51078.69312,69.59589480436176,True,23,2,23:2
20260918T011004,55348.652544,69.59589480436176,True,19,2,19:2
20260918T011006,57406.714112,69.59589480436176,True,2,2,2:2
20260918T011007,58243.803648,69.59589480436176,True,40,2,40:2
20260918T011009,58773.25312,69.59589480436176,True,15,3,15:3
20260918T011009,60707.50976,69.59589480436176,True,41,2,41:2
20260918T011009,61024.21888,69.59589480436176,True,49,2,49:2
20260918T011009,60347.307264,69.59589480436176,True,51,2,51:2
20260918T011010,60076.246272,69.59589480436176,True,10,3,10:3
20260918T011010,59682.952704,69.59589480436176,True,14,3,14:3
20260918T011010,58983.112448,69.59589480436176,True,32,3,32:3
20260918T011010,62256.531968,69.59589480436176,True,35,2,35:2
20260918T011011,61374.889728,69.59589480436176,True,37,3,37:3
20260918T011012,61719.778048,69.59589480436176,True,7,2,7:2
20260918T011013,63556.115456,69.59589480436176,True,20,2,20:2
20260918T011013,64600.071168,69.59589480436176,True,26,2,26:2
20260918T011013,64038.239488,69.59589480436176,True,39,2,39:2
20260918T011014,63574.817792,69.59589480436176,True,5,2,5:2
20260918T011014,64953.330688,69.59589480436176,True,30,2,30:2
20260918T011014,65352.973056,69.59589480436176,True,42,2,42:2
20260918T011015,62015.312384,69.59589480436176,True,10,4,10:4
20260918T011015,63585.755392,69.59589480436176,True,47,2,47:2
20260918T011016,63277.754368,69.59589480436176,True,17,3,17:3
20260918T011016,64160.943872,69.59589480436176,True,46,4,46:4
20260918T011017,65417.038592,69.59589480436176,True,0,3,0:3
20260918T011017,66205.417216,69.59589480436176,True,22,2,22:2
20260918T011017,66275.265792,69.59589480436176,True,48,2,48:2
20260918T011018,67048.883968,69.59589480436176,True,3,3,3:3
20260918T011018,67050.841856,69.59589480436176,True,8,3,8:3
20260918T011018,69415.163136,69.59589480436176,True,13,2,13:2
20260918T011018,66043.607296,69.59589480436176,True,28,3,28:3
20260918T011018,65930.07104,69.59589480436176,True,34,3,34:3
20260918T011018,70080.420096,69.59589480436176,True,43,2,43:2
20260918T011019,68070.198784,69.59589480436176,True,6,3,6:3
20260918T011019,67346.55232,69.59589480436176,True,12,3,12:3
20260918T011019,68692.378368,69.59589480436176,True,36,3,36:3
20260918T011020,71368.764672,69.59589480436176,True,11,2,11:2
20260918T011020,70856.938496,69.59589480436176,True,18,2,18:2
20260918T011020,65258.107648,69.59589480436176,True,23,4,23:4
20260918T011021,67236.278784,69.59589480436176,True,8,4,8:4
20260918T011021,67615.235584,69.59589480436176,True,41,3,41:3
20260918T011021,70150.30784,69.59589480436176,True,44,3,44:3
20260918T011022,66686.254336,69.59589480436176,True,0,4,0:4
20260918T011022,73885.763584,69.59589480436176,True,12,2,12:2
20260918T011022,71942.147328,69.59589480436176,True,25,3,25:3
20260918T011022,68916.044288,69.59589480436176,True,36,4,36:4
20260918T011022,68212.27264,69.59589480436176,True,40,3,40:3
20260918T011023,74171.340032,69.59589480436176,True,3,2,3:2
20260918T011023,69432.00128,69.59589480436176,True,18,3,18:3
20260918T011023,71912.587008,69.59589480436176,True,21,2,21:2
20260918T011023,68382.02496,69.59589480436176,True,32,4,32:4
20260918T011023,74239.922432,69.59589480436176,True,46,3,46:3
20260918T011024,73709.171968,69.59589480436176,True,1,3,1:3
20260918T011024,69374.129664,69.59589480436176,True,3,4,3:4
20260918T011024,72241.548032,69.59589480436176,True,23,3,23:3
20260918T011024,70110.919936,69.59589480436176,True,26,3,26:3
20260918T011025,71446.4896,69.59589480436176,True,15,4,15:4
20260918T011025,72238.348544,69.59589480436176,True,35,3,35:3
20260918T011025,70983.960064,69.59589480436176,True,38,3,38:3
20260918T011025,69264.94464,69.59589480436176,True,47,3,47:3
20260918T011025,74215.853824,69.59589480436176,True,50,3,50:3
20260918T011026,72987.01824,69.59589480436176,True,27,3,27:3
20260918T011026,76882.610944,69.59589480436176,True,31,2,31:2
20260918T011026,73027.786496,69.59589480436176,True,39,3,39:3
20260918T011026,71130.279424,69.59589480436176,True,44,4,44:4
20260918T011026,72981.18016,69.59589480436176,True,45,4,45:4
20260918T011026,69088.029184,69.59589480436176,True,45,5,45:5
20260918T011027,78257.915648,69.59589480436176,True,16,2,16:2
20260918T011027,70907.557888,69.59589480436176,True,22,3,22:3
20260918T011027,75029.924352,69.59589480436176,True,29,3,29:3
20260918T011027,72775.665152,69.59589480436176,True,31,3,31:3
20260918T011027,72443.538688,69.59589480436176,True,46,5,46:5
20260918T011028,70677.925376,69.59589480436176,True,10,5,10:5
20260918T011028,76257.435136,69.59589480436176,True,11,3,11:3
20260918T011028,71822.934784,69.59589480436176,True,12,4,12:4
20260918T011028,72818.515712,69.59589480436176,True,14,4,14:4
20260918T011028,72585.490944,69.59589480436176,True,17,4,17:4
20260918T011028,78887.64544,69.59589480436176,True,45,3,45:3
20260918T011029,75957.746176,69.59589480436176,True,13,3,13:3
20260918T011029,72357.878272,69.59589480436176,True,37,5,37:5
20260918T011030,74209.964032,69.59589480436176,True,29,4,29:4
20260918T011030,72779.91936,69.59589480436176,True,32,5,32:5
20260918T011030,78840.02688,69.59589480436176,True,38,2,38:2
20260918T011030,73633.162496,69.59589480436176,True,42,4,42:4
20260918T011031,76625.696512,69.59589480436176,True,7,3,7:3
20260918T011031,80807.149312,69.59589480436176,True,33,2,33:2
20260918T011031,75003.89888,69.59589480436176,True,50,4,50:4
20260918T011032,74562.029312,69.59589480436176,True,2,4,2:4
20260918T011032,76443.43936,69.59589480436176,True,5,3,5:3
20260918T011032,78514.454272,69.59589480436176,True,19,3,19:3
20260918T011032,79287.492864,69.59589480436176,True,20,3,20:3
20260918T011032,74659.9424,69.59589480436176,True,23,5,23:5
20260918T011032,81135.996672,69.59589480436176,True,24,3,24:3
20260918T011033,81392.931584,69.59589480436176,True,4,3,4:3
20260918T011033,76242.084608,69.59589480436176,True,27,4,27:4
20260918T011033,76186.911488,69.59589480436176,True,30,4,30:4
20260918T011033,79860.728576,69.59589480436176,True,33,3,33:3
20260918T011033,80650.36672,69.59589480436176,True,49,3,49:3
20260918T011034,80796.80128,69.59589480436176,True,2,3,2:3
20260918T011034,79431.521024,69.59589480436176,True,6,4,6:4
20260918T011034,75818.861824,69.59589480436176,True,7,4,7:4
20260918T011034,81284.07552,69.59589480436176,True,9,3,9:3
20260918T011034,79885.56544,69.59589480436176,True,24,4,24:4
20260918T011034,82198.78784,69.59589480436176,True,42,3,42:3
20260918T011035,81904.837376,69.59589480436176,True,37,4,37:4
20260918T011035,82536.992768,69.59589480436176,True,51,3,51:3
20260918T011036,78569.858304,69.59589480436176,True,24,5,24:5
20260918T011036,81772.092416,69.59589480436176,True,30,3,30:3
20260918T011036,78122.980608,69.59589480436176,True,51,4,51:4
20260918T011037,81079.517696,69.59589480436176,True,4,4,4:4
20260918T011037,80468.73344,69.59589480436176,True,18,4,18:4
20260918T011037,80393.416704,69.59589480436176,True,20,4,20:4
20260918T011037,81629.864192,69.59589480436176,True,48,3,48:3
20260918T011038,83683.042048,69.59589480436176,True,16,3,16:3
20260918T011038,81451.127808,69.59589480436176,True,28,4,28:4
20260918T011038,84413.499392,69.59589480436176,True,43,3,43:3
20260918T011039,84425.477888,69.59589480436176,True,1,4,1:4
20260918T011039,82428.089856,69.59589480436176,True,15,5,15:5
20260918T011040,82557.727488,69.59589480436176,True,41,4,41:4
20260918T011041,82664.969984,69.59589480436176,True,6,5,6:5
20260918T011041,83769.42592,69.59589480436176,True,25,5,25:5
20260918T011042,85372.718592,69.59589480436176,True,13,4,13:4
20260918T011042,85249.275392,69.59589480436176,True,21,3,21:3
20260918T011042,84738.477056,69.59589480436176,True,35,4,35:4
20260918T011043,86348.52736,69.59589480436176,True,34,4,34:4
20260918T011043,2.543104,69.59589480436176,False,47,22,47:22
20260918T011044,85904.807424,69.59589480436176,True,3,5,3:5
20260918T011044,86166.642432,69.59589480436176,True,49,4,49:4
20260918T011045,87447.951616,69.59589480436176,True,36,5,36:5
20260918T011046,88334.418176,69.59589480436176,True,8,5,8:5
20260918T011046,87391.785472,69.59589480436176,True,44,5,44:5
20260918T011047,89579.565056,69.59589480436176,True,9,4,9:4
20260918T011047,88715.289344,69.59589480436176,True,46,6,46:6
20260918T011048,88674.289408,69.59589480436176,True,5,4,5:4
20260918T011048,90744.845312,69.59589480436176,True,26,4,26:4
20260918T011049,90773.730048,69.59589480436176,True,11,4,11:4
20260918T011049,90947.29728,69.59589480436176,True,43,4,43:4
20260918T011050,90873.915648,69.59589480436176,True,16,4,16:4
20260918T011050,2.908416,69.59589480436176,False,48,23,48:23
20260918T011051,92434.126592,69.59589480436176,True,29,5,29:5
20260918T011051,91681.325056,69.59589480436176,True,31,4,31:4
20260918T011051,92938.348544,69.59589480436176,True,33,4,33:4
20260918T011052,91023.435008,69.59589480436176,True,37,6,37:6
20260918T011052,93263.970304,69.59589480436176,True,38,4,38:4
20260918T011054,93252.432128,69.59589480436176,True,28,5,28:5
20260918T011055,93271.82848,69.59589480436176,True,6,6,6:6
20260918T011055,94680.809472,69.59589480436176,True,30,5,30:5
20260918T011057,95442.398208,69.59589480436176,True,10,6,10:6
20260918T011057,95910.134528,69.59589480436176,True,39,5,39:5
20260918T011057,95713.622016,69.59589480436176,True,47,4,47:4
20260918T011057,98175.528192,69.59589480436176,True,50,5,50:5
20260918T011058,94621.266688,69.59589480436176,True,7,5,7:5
20260918T011058,97704.623616,69.59589480436176,True,13,5,13:5
20260918T011058,97087.889408,69.59589480436176,True,14,5,14:5
20260918T011058,98151.625984,69.59589480436176,True,18,5,18:5
20260918T011058,97714.906624,69.59589480436176,True,19,4,19:4
20260918T011058,94961.511936,69.59589480436176,True,36,7,36:7
20260918T011059,98489.52192,69.59589480436176,True,15,6,15:6
20260918T011059,98075.734528,69.59589480436176,True,20,5,20:5
20260918T011059,97112.077824,69.59589480436176,True,41,5,41:5
20260918T011100,99347.489536,69.59589480436176,True,35,5,35:5
20260918T011100,102300.305152,69.59589480436176,True,39,4,39:4
20260918T011100,101811.102464,69.59589480436176,True,40,4,40:4
20260918T011100,100016.204544,69.59589480436176,True,48,4,48:4
20260918T011100,96499.569152,69.59589480436176,True,48,5,48:5
20260918T011101,101427.62112,69.59589480436176,True,1,5,1:5
20260918T011101,99354.53696,69.59589480436176,True,12,5,12:5
20260918T011101,97578.709248,69.59589480436176,True,14,6,14:6
20260918T011101,98899.217152,69.59589480436176,True,32,6,32:6
20260918T011102,101512.658688,69.59589480436176,True,36,6,36:6
20260918T011103,98878.262016,69.59589480436176,True,13,6,13:6
20260918T011103,99871.341568,69.59589480436176,True,38,5,38:5
20260918T011103,101811.537664,69.59589480436176,True,45,6,45:6
20260918T011104,105199.743744,69.59589480436176,True,22,4,22:4
20260918T011104,102379.366656,69.59589480436176,True,23,6,23:6
20260918T011104,98777.142272,69.59589480436176,True,29,7,29:7
20260918T011104,100438.944,69.59589480436176,True,37,7,37:7
20260918T011104,99320.987136,69.59589480436176,True,50,6,50:6
20260918T011105,106025.350144,69.59589480436176,True,0,5,0:5
20260918T011105,100216.48384,69.59589480436176,True,0,6,0:6
20260918T011105,100227.614208,69.59589480436176,True,1,6,1:6
20260918T011105,102688.460288,69.59589480436176,True,4,6,4:6
20260918T011105,100158.9248,69.59589480436176,True,25,7,25:7
20260918T011105,103299.540736,69.59589480436176,True,29,6,29:6
20260918T011105,105855.451904,69.59589480436176,True,42,5,42:5
20260918T011106,100293.458432,69.59589480436176,True,9,6,9:6
20260918T011106,104630.223104,69.59589480436176,True,25,6,25:6
20260918T011106,104845.351936,69.59589480436176,True,26,5,26:5
20260918T011106,106269.445376,69.59589480436176,True,34,5,34:5
20260918T011106,100443.80032,69.59589480436176,True,34,6,34:6
20260918T011107,104969.238528,69.59589480436176,True,2,5,2:5
20260918T011107,107789.470464,69.59589480436176,True,4,5,4:5
20260918T011107,106452.351232,69.59589480436176,True,17,5,17:5
20260918T011107,105539.311872,69.59589480436176,True,46,7,46:7
20260918T011108,102637.540864,69.59589480436176,True,23,7,23:7
20260918T011108,103241.468928,69.59589480436176,True,26,6,26:6
20260918T011108,106367.572736,69.59589480436176,True,43,5,43:5
20260918T011109,105274.35776,69.59589480436176,True,10,7,10:7
20260918T011109,105587.014656,69.59589480436176,True,16,5,16:5
20260918T011109,105678.110208,69.59589480436176,True,40,5,40:5
20260918T011109,103357.960192,69.59589480436176,True,47,5,47:5
20260918T011110,102728.575488,69.59589480436176,True,13,7,13:7
20260918T011110,107892.632576,69.59589480436176,True,21,4,21:4
20260918T011110,107882.376192,69.59589480436176,True,27,5,27:5
20260918T011111,103985.678592,69.59589480436176,True,4,7,4:7
20260918T011111,104432.21248,69.59589480436176,True,39,6,39:6
20260918T011111,110592.73856,69.59589480436176,True,51,5,51:5
20260918T011112,107720.308224,69.59589480436176,True,5,5,5:5
20260918T011112,104314.601216,69.59589480436176,True,7,6,7:6
20260918T011112,106278.693376,69.59589480436176,True,44,7,44:7
20260918T011113,111053.46944,69.59589480436176,True,3,6,3:6
20260918T011113,106576.315392,69.59589480436176,True,3,7,3:7
20260918T011113,107247.204096,69.59589480436176,True,41,6,41:6
20260918T011114,112418.302976,69.59589480436176,True,8,6,8:6
20260918T011114,112012.516864,69.59589480436176,True,9,5,9:5
20260918T011114,110188.778752,69.59589480436176,True,19,5,19:5
20260918T011114,108473.47712,69.59589480436176,True,32,7,32:7
20260918T011114,107092.496128,69.59589480436176,True,40,6,40:6
20260918T011114,112388.366848,69.59589480436176,True,44,6,44:6
20260918T011114,108244.068864,69.59589480436176,True,46,8,46:8
20260918T011115,109607.954432,69.59589480436176,True,6,7,6:7
20260918T011115,110591.731712,69.59589480436176,True,17,6,17:6
20260918T011115,111088.402176,69.59589480436176,True,51,6,51:6
20260918T011116,113841.887488,69.59589480436176,True,24,6,24:6
20260918T011116,110989.144064,69.59589480436176,True,28,6,28:6
20260918T011116,112542.219776,69.59589480436176,True,45,7,45:7
20260918T011117,112783.232512,69.59589480436176,True,24,7,24:7
20260918T011117,115206.603264,69.59589480436176,True,49,5,49:5
20260918T011118,114190.753024,69.59589480436176,True,18,6,18:6
20260918T011118,112922.693376,69.59589480436176,True,20,6,20:6
20260918T011118,113134.867968,69.59589480436176,True,27,6,27:6
20260918T011118,114826.750976,69.59589480436176,True,31,5,31:5
20260918T011119,115164.0384,69.59589480436176,True,11,5,11:5
20260918T011119,115212.215552,69.59589480436176,True,35,6,35:6
20260918T011119,112491.987456,69.59589480436176,True,51,7,51:7
20260918T011120,115273.536,69.59589480436176,True,8,7,8:7
20260918T011120,112008.306432,69.59589480436176,True,22,6,22:6
20260918T011120,113193.1776,69.59589480436176,True,31,6,31:6
20260918T011121,115555.426304,69.59589480436176,True,15,7,15:7
20260918T011121,117046.340864,69.59589480436176,True,22,5,22:5
20260918T011121,116653.604352,69.59589480436176,True,33,5,33:5
20260918T011121,116584.106752,69.59589480436176,True,42,6,42:6
20260918T011122,113106.319616,69.59589480436176,True,10,8,10:8
20260918T011122,114408.271872,69.59589480436176,True,25,8,25:8
20260918T011123,115918.209792,69.59589480436176,True,14,7,14:7
20260918T011123,116016.386304,69.59589480436176,True,16,6,16:6
20260918T011123,115571.336192,69.59589480436176,True,42,7,42:7
20260918T011124,116408.081664,69.59589480436176,True,0,7,0:7
20260918T011124,116332.485888,69.59589480436176,True,12,6,12:6
20260918T011124,119214.96448,69.59589480436176,True,30,6,30:6
20260918T011125,116386.99904,69.59589480436176,True,35,7,35:7
20260918T011125,117979.594496,69.59589480436176,True,49,6,49:6
20260918T011126,120259.53664,69.59589480436176,True,2,6,2:6
20260918T011126,116275.378688,69.59589480436176,True,4,8,4:8
20260918T011127,118039.084544,69.59589480436176,True,6,8,6:8
20260918T011127,120057.448448,69.59589480436176,True,36,8,36:8
20260918T011127,119679.777024,69.59589480436176,True,43,6,43:6
20260918T011128,119265.171712,69.59589480436176,True,15,8,15:8
20260918T011128,120088.491264,69.59589480436176,True,38,6,38:6
20260918T011128,118737.408,69.59589480436176,True,48,6,48:6
20260918T011129,121792.398336,69.59589480436176,True,33,6,33:6
20260918T011129,120887.296,69.59589480436176,True,45,8,45:8
20260918T011130,121636.403456,69.59589480436176,True,30,7,30:7
20260918T011131,121102.827008,69.59589480436176,True,23,8,23:8
20260918T011132,124751.427328,69.59589480436176,True,18,7,18:7
20260918T011133,122329.622016,69.59589480436176,True,36,9,36:9
20260918T011133,125003.126272,69.59589480436176,True,37,8,37:8
20260918T011133,123566.594048,69.59589480436176,True,51,8,51:8
20260918T011134,123239.842304,69.59589480436176,True,2,7,2:7
20260918T011134,124846.656,69.59589480436176,True,5,6,5:6
20260918T011134,122956.88704,69.59589480436176,True,8,9,8:9
20260918T011134,123198.088704,69.59589480436176,True,13,8,13:8
20260918T011134,123659.93344,69.59589480436176,True,37,9,37:9
20260918T011135,126667.715072,69.59589480436176,True,24,8,24:8
20260918T011135,124791.281664,69.59589480436176,True,34,7,34:7
20260918T011136,126557.65376,69.59589480436176,True,11,6,11:6
20260918T011137,128318.010112,69.59589480436176,True,19,6,19:6
20260918T011137,124715.498496,69.59589480436176,True,30,8,30:8
20260918T011137,126362.760192,69.59589480436176,True,33,7,33:7
20260918T011137,128248.045824,69.59589480436176,True,50,7,50:7
20260918T011138,129814.58816,69.59589480436176,True,8,8,8:8
20260918T011138,129611.402496,69.59589480436176,True,21,5,21:5
20260918T011138,129531.61984,69.59589480436176,True,28,7,28:7
20260918T011138,128853.049344,69.59589480436176,True,29,8,29:8
20260918T011139,128195.185664,69.59589480436176,True,20,7,20:7
20260918T011139,128190.998016,69.59589480436176,True,40,7,40:7
20260918T011139,126637.665792,69.59589480436176,True,46,10,46:10
20260918T011140,126743.044864,69.59589480436176,True,17,8,17:8
20260918T011140,130667.313664,69.59589480436176,True,46,9,46:9
20260918T011142,132489.28,69.59589480436176,True,47,6,47:6
20260918T011142,131583.1104,69.59589480436176,True,49,7,49:7
20260918T011143,133563.22048,69.59589480436176,True,1,7,1:7
20260918T011143,129782.188288,69.59589480436176,True,1,8,1:8
20260918T011143,131131.239168,69.59589480436176,True,31,7,31:7
20260918T011144,131846.906112,69.59589480436176,True,9,7,9:7
20260918T011144,131696.333824,69.59589480436176,True,10,9,10:9
20260918T011144,134589.407488,69.59589480436176,True,17,7,17:7
20260918T011144,131719.252992,69.59589480436176,True,29,9,29:9
20260918T011144,132239.300608,69.59589480436176,True,38,7,38:7
20260918T011144,134507.5328,69.59589480436176,True,39,7,39:7
20260918T011145,131833.643264,69.59589480436176,True,8,10,8:10
20260918T011145,132430.897408,69.59589480436176,True,18,8,18:8
20260918T011145,132142.192896,69.59589480436176,True,25,9,25:9
20260918T011145,133713.627392,69.59589480436176,True,45,9,45:9
20260918T011146,133486.410752,69.59589480436176,True,11,7,11:7
20260918T011146,133287.319808,69.59589480436176,True,21,6,21:6
20260918T011146,132167.821312,69.59589480436176,True,32,9,32:9
20260918T011146,136024.781824,69.59589480436176,True,44,8,44:8
20260918T011147,133440.643328,69.59589480436176,True,3,9,3:9
20260918T011147,133385.085696,69.59589480436176,True,22,7,22:7
20260918T011148,136612.628224,69.59589480436176,True,16,7,16:7
20260918T011148,137777.762304,69.59589480436176,True,27,7,27:7
20260918T011149,137802.171136,69.59589480436176,True,26,7,26:7
20260918T011149,133831.891968,69.59589480436176,True,30,9,30:9
20260918T011149,137369.58592,69.59589480436176,True,42,8,42:8
20260918T011149,135749.954304,69.59589480436176,True,44,9,44:9
20260918T011149,135034.317312,69.59589480436176,True,50,8,50:8
20260918T011150,140202.676224,69.59589480436176,True,3,8,3:8
20260918T011150,136187.904256,69.59589480436176,True,12,7,12:7
20260918T011150,138936.164352,69.59589480436176,True,41,7,41:7
20260918T011151,137318.500608,69.59589480436176,True,7,7,7:7
20260918T011151,137482.49472,69.59589480436176,True,27,8,27:8
20260918T011151,141603.016448,69.59589480436176,True,32,8,32:8
20260918T011151,135847.068928,69.59589480436176,True,42,9,42:9
20260918T011151,138266.606848,69.59589480436176,True,43,7,43:7
20260918T011151,136141.432064,69.59589480436176,True,48,7,48:7
20260918T011152,136075.99744,69.59589480436176,True,46,11,46:11
20260918T011153,138649.219328,69.59589480436176,True,23,9,23:9
20260918T011153,140949.333504,69.59589480436176,True,24,9,24:9
20260918T011153,139796.594432,69.59589480436176,True,39,8,39:8
20260918T011154,141562.076672,69.59589480436176,True,6,9,6:9
20260918T011154,143173.412608,69.59589480436176,True,14,8,14:8
20260918T011154,137234.396928,69.59589480436176,True,33,8,33:8
20260918T011154,140002.504704,69.59589480436176,True,35,8,35:8
20260918T011155,139388.193024,69.59589480436176,True,10,10,10:10
20260918T011155,139844.998144,69.59589480436176,True,16,8,16:8
20260918T011155,142161.294336,69.59589480436176,True,37,10,37:10
20260918T011155,140451.137024,69.59589480436176,True,51,9,51:9
20260918T011156,143260.201216,69.59589480436176,True,0,8,0:8
20260918T011156,141513.906432,69.59589480436176,True,36,10,36:10
20260918T011156,139138.179328,69.59589480436176,True,39,9,39:9
20260918T011157,144272.732672,69.59589480436176,True,4,9,4:9
20260918T011157,141098.64832,69.59589480436176,True,6,10,6:10
20260918T011157,143954.014976,69.59589480436176,True,19,7,19:7
20260918T011157,140899.169792,69.59589480436176,True,28,9,28:9
20260918T011157,142514.481664,69.59589480436176,True,47,7,47:7
20260918T011158,140522.098688,69.59589480436176,True,15,10,15:10
20260918T011158,142921.410048,69.59589480436176,True,24,10,24:10
20260918T011159,140766.456064,69.59589480436176,True,14,10,14:10
20260918T011159,146549.230848,69.59589480436176,True,28,8,28:8
20260918T011200,141631.75936,69.59589480436176,True,1,9,1:9
20260918T011200,141857.745152,69.59589480436176,True,3,10,3:10
20260918T011200,145712.717056,69.59589480436176,True,15,9,15:9
20260918T011200,142931.138048,69.59589480436176,True,50,9,50:9
20260918T011201,146883.801344,69.59589480436176,True,49,8,49:8
20260918T011202,145601.163776,69.59589480436176,True,4,10,4:10
20260918T011202,146034.504704,69.59589480436176,True,29,10,29:10
20260918T011203,148439.738368,69.59589480436176,True,2,8,2:8
20260918T011203,148806.81344,69.59589480436176,True,5,7,5:7
20260918T011203,145399.98336,69.59589480436176,True,17,9,17:9
20260918T011203,144572.583936,69.59589480436176,True,22,8,22:8
20260918T011203,147486.36672,69.59589480436176,True,25,10,25:10
20260918T011203,146845.93024,69.59589480436176,True,37,11,37:11
20260918T011203,147517.969152,69.59589480436176,True,40,8,40:8
20260918T011204,149685.80736,69.59589480436176,True,14,9,14:9
20260918T011204,147235.016192,69.59589480436176,True,18,9,18:9
20260918T011204,145760.929792,69.59589480436176,True,32,10,32:10
20260918T011205,149095.028992,69.59589480436176,True,0,9,0:9
20260918T011205,146871.010048,69.59589480436176,True,45,11,45:11
20260918T011206,151104.258304,69.59589480436176,True,20,8,20:8
20260918T011206,151030.63168,69.59589480436176,True,31,8,31:8
20260918T011206,150475.241728,69.59589480436176,True,43,8,43:8
20260918T011207,147966.966528,69.59589480436176,True,4,11,4:11
20260918T011207,152017.136896,69.59589480436176,True,13,9,13:9
20260918T011207,151809.26208,69.59589480436176,True,26,8,26:8
20260918T011207,150937.373696,69.59589480436176,True,38,8,38:8
20260918T011207,151493.014272,69.59589480436176,True,45,10,45:10
20260918T011207,147751.109376,69.59589480436176,True,46,12,46:12
20260918T011209,150368.34816,69.59589480436176,True,7,8,7:8
20260918T011209,150978.207744,69.59589480436176,True,21,7,21:7
20260918T011209,150093.003264,69.59589480436176,True,36,11,36:11
20260918T011210,153792.47104,69.59589480436176,True,8,11,8:11
20260918T011210,153468.853248,69.59589480436176,True,27,9,27:9
20260918T011210,153531.290624,69.59589480436176,True,34,8,34:8
20260918T011211,151168.694528,69.59589480436176,True,8,12,8:12
20260918T011212,155781.447168,69.59589480436176,True,11,8,11:8
20260918T011212,152445.16224,69.59589480436176,True,18,10,18:10
20260918T011212,153933.114368,69.59589480436176,True,19,8,19:8
20260918T011212,152842.445568,69.59589480436176,True,37,12,37:12
20260918T011213,154075.903744,69.59589480436176,True,13,10,13:10
20260918T011213,153981.916672,69.59589480436176,True,23,10,23:10
20260918T011213,154187.692032,69.59589480436176,True,47,8,47:8
20260918T011214,155681.7344,69.59589480436176,True,2,9,2:9
20260918T011214,156039.886592,69.59589480436176,True,20,9,20:9
20260918T011214,156287.199744,69.59589480436176,True,30,10,30:10
20260918T011215,155480.143616,69.59589480436176,True,31,9,31:9
20260918T011215,155448.193536,69.59589480436176,True,39,10,39:10
20260918T011215,157408.090624,69.59589480436176,True,44,10,44:10
20260918T011216,155740.57856,69.59589480436176,True,33,9,33:9
20260918T011217,157875.863296,69.59589480436176,True,25,11,25:11
20260918T011217,158241.361152,69.59589480436176,True,35,9,35:9
20260918T011218,158877.542144,69.59589480436176,True,9,8,9:8
20260918T011218,158303.43168,69.59589480436176,True,12,8,12:8
20260918T011218,157988.129024,69.59589480436176,True,26,9,26:9
20260918T011218,158208.21376,69.59589480436176,True,27,10,27:10
20260918T011219,158397.720064,69.59589480436176,True,11,9,11:9
20260918T011219,157028.320768,69.59589480436176,True,36,12,36:12
20260918T011219,159667.91296,69.59589480436176,True,42,10,42:10
20260918T011220,160654.149632,69.59589480436176,True,24,11,24:11
20260918T011220,158587.891712,69.59589480436176,True,50,10,50:10
20260918T011221,158365.691136,69.59589480436176,True,5,9,5:9
20260918T011221,162146.082048,69.59589480436176,True,51,10,51:10
20260918T011223,161544.528384,69.59589480436176,True,2,10,2:10
20260918T011223,161994.663424,69.59589480436176,True,44,11,44:11
20260918T011225,166484.389888,69.59589480436176,True,5,8,5:8
20260918T011225,162912.498944,69.59589480436176,True,6,12,6:12
20260918T011225,165144.977152,69.59589480436176,True,10,11,10:11
20260918T011225,162420.173056,69.59589480436176,True,15,11,15:11
20260918T011225,163836.982272,69.59589480436176,True,34,9,34:9
20260918T011225,164796.891904,69.59589480436176,True,41,9,41:9
20260918T011226,165386.815232,69.59589480436176,True,28,10,28:10
20260918T011226,162574.456064,69.59589480436176,True,37,13,37:13
20260918T011226,162640.54784,69.59589480436176,True,38,10,38:10
20260918T011226,162317.550592,69.59589480436176,True,41,10,41:10
20260918T011226,165857.52192,69.59589480436176,True,45,12,45:12
20260918T011227,164196.853248,69.59589480436176,True,13,11,13:11
20260918T011227,163081.280256,69.59589480436176,True,16,10,16:10
20260918T011227,167420.315648,69.59589480436176,True,29,11,29:11
20260918T011227,166996.987136,69.59589480436176,True,48,8,48:8
20260918T011227,168020.352512,69.59589480436176,True,49,9,49:9
20260918T011228,165073.739264,69.59589480436176,True,4,12,4:12
20260918T011228,165870.04032,69.59589480436176,True,7,9,7:9
20260918T011228,164564.301824,69.59589480436176,True,10,12,10:12
20260918T011228,167772.84096,69.59589480436176,True,38,9,38:9
20260918T011228,168626.816256,69.59589480436176,True,40,9,40:9
20260918T011229,169232.890112,69.59589480436176,True,6,11,6:11
20260918T011230,165607.414016,69.59589480436176,True,2,11,2:11
20260918T011230,168551.403776,69.59589480436176,True,14,11,14:11
20260918T011230,166109.839872,69.59589480436176,True,31,10,31:10
20260918T011230,165327.606272,69.59589480436176,True,44,12,44:12
20260918T011230,167132.594944,69.59589480436176,True,47,9,47:9
20260918T011231,170894.649856,69.59589480436176,True,16,9,16:9
20260918T011231,167456.215808,69.59589480436176,True,29,12,29:12
20260918T011231,166269.36192,69.59589480436176,True,45,13,45:13
20260918T011231,168189.787648,69.59589480436176,True,51,11,51:11
20260918T011232,169095.01824,69.59589480436176,True,8,13,8:13
20260918T011232,169109.543424,69.59589480436176,True,12,9,12:9
20260918T011233,170030.299392,69.59589480436176,True,19,9,19:9
20260918T011233,170998.555136,69.59589480436176,True,20,10,20:10
20260918T011234,168879.748096,69.59589480436176,True,8,14,8:14
20260918T011234,169852.94976,69.59589480436176,True,28,11,28:11
20260918T011234,173159.877888,69.59589480436176,True,30,11,30:11
20260918T011234,170726.0992,69.59589480436176,True,42,11,42:11
20260918T011235,173142.718208,69.59589480436176,True,1,10,1:10
20260918T011235,170828.836864,69.59589480436176,True,18,11,18:11
20260918T011235,170598.646784,69.59589480436176,True,39,11,39:11
20260918T011236,176111.226624,69.59589480436176,True,0,10,0:10
20260918T011236,170136.338688,69.59589480436176,True,3,12,3:12
20260918T011236,172859.321856,69.59589480436176,True,23,11,23:11
20260918T011236,173353.351424,69.59589480436176,True,27,11,27:11
20260918T011236,171934.221312,69.59589480436176,True,35,10,35:10
20260918T011236,173488.454144,69.59589480436176,True,46,13,46:13
20260918T011237,175966.153984,69.59589480436176,True,3,11,3:11
20260918T011237,171695.257088,69.59589480436176,True,11,10,11:10
20260918T011237,170591.914752,69.59589480436176,True,23,12,23:12
20260918T011237,170118.352384,69.59589480436176,True,29,13,29:13
20260918T011237,175282.83136,69.59589480436176,True,32,11,32:11
20260918T011238,172846.896384,69.59589480436176,True,13,12,13:12
20260918T011238,174711.929856,69.59589480436176,True,24,12,24:12
20260918T011238,173466.38464,69.59589480436176,True,36,13,36:13
20260918T011238,173748.50432,69.59589480436176,True,40,10,40:10
20260918T011238,175982.275584,69.59589480436176,True,43,9,43:9
20260918T011239,174447.130368,69.59589480436176,True,0,11,0:11
20260918T011239,172005.784064,69.59589480436176,True,4,13,4:13
20260918T011239,175387.006208,69.59589480436176,True,25,12,25:12
20260918T011240,174579.618304,69.59589480436176,True,14,12,14:12
20260918T011240,172983.701248,69.59589480436176,True,27,12,27:12
20260918T011240,175483.931136,69.59589480436176,True,32,12,32:12
20260918T011241,177500.962304,69.59589480436176,True,17,10,17:10
20260918T011241,175992.557824,69.59589480436176,True,22,9,22:9
20260918T011241,175890.449664,69.59589480436176,True,46,14,46:14
20260918T011242,176933.05728,69.59589480436176,True,9,9,9:9
20260918T011242,175535.512832,69.59589480436176,True,12,10,12:10
20260918T011243,175631.103744,69.59589480436176,True,32,13,32:13
20260918T011243,178815.369728,69.59589480436176,True,48,9,48:9
20260918T011244,176471.278848,69.59589480436176,True,10,13,10:13
20260918T011244,179938.499072,69.59589480436176,True,26,10,26:10
20260918T011244,176151.935232,69.59589480436176,True,39,12,39:12
20260918T011245,176497.726976,69.59589480436176,True,8,15,8:15
20260918T011245,176805.052416,69.59589480436176,True,18,12,18:12
20260918T011245,180266.235648,69.59589480436176,True,21,8,21:8
20260918T011245,178994.73408,69.59589480436176,True,33,10,33:10
20260918T011246,179894.2784,69.59589480436176,True,30,12,30:12
20260918T011246,178781.896704,69.59589480436176,True,37,14,37:14
20260918T011247,179368.121344,69.59589480436176,True,42,12,42:12
20260918T011247,179860.06656,69.59589480436176,True,45,14,45:14
20260918T011247,179763.884032,69.59589480436176,True,51,12,51:12
20260918T011248,181435.411968,69.59589480436176,True,6,13,6:13
20260918T011248,182331.495168,69.59589480436176,True,20,11,20:11
20260918T011249,181561.347584,69.59589480436176,True,1,11,1:11
20260918T011249,181744.439808,69.59589480436176,True,34,10,34:10
20260918T011249,181523.508992,69.59589480436176,True,35,11,35:11
20260918T011249,181129.611776,69.59589480436176,True,46,15,46:15
20260918T011250,183786.967552,69.59589480436176,True,50,11,50:11
20260918T011251,183533.185792,69.59589480436176,True,7,10,7:10
20260918T011251,185053.494784,69.59589480436176,True,15,12,15:12
20260918T011252,182231.699456,69.59589480436176,True,11,11,11:11
20260918T011252,184425.825024,69.59589480436176,True,16,11,16:11
20260918T011252,182782.622976,69.59589480436176,True,40,11,40:11
20260918T011252,185757.13792,69.59589480436176,True,43,10,43:10
20260918T011252,186545.08928,69.59589480436176,True,49,10,49:10
20260918T011253,187062.572032,69.59589480436176,True,38,11,38:11
20260918T011253,184338.967552,69.59589480436176,True,41,11,41:11
20260918T011253,183760.43776,69.59589480436176,True,44,13,44:13
20260918T011254,185381.42336,69.59589480436176,True,2,12,2:12
20260918T011254,186100.058112,69.59589480436176,True,26,11,26:11
20260918T011255,186744.0384,69.59589480436176,True,13,13,13:13
20260918T011255,187622.532608,69.59589480436176,True,24,13,24:13
20260918T011255,186081.900032,69.59589480436176,True,30,13,30:13
20260918T011255,186499.817728,69.59589480436176,True,31,11,31:11
20260918T011256,188818.212096,69.59589480436176,True,17,11,17:11
20260918T011256,189278.822656,69.59589480436176,True,25,13,25:13
20260918T011257,187079.771392,69.59589480436176,True,4,14,4:14
20260918T011257,188086.379776,69.59589480436176,True,49,11,49:11
20260918T011258,189499.608832,69.59589480436176,True,47,10,47:10
20260918T011259,187618.75712,69.59589480436176,True,23,13,23:13
20260918T011259,188704.016384,69.59589480436176,True,24,14,24:14
20260918T011300,189571.775232,69.59589480436176,True,45,15,45:15
20260918T011301,189304.527616,69.59589480436176,True,8,16,8:16
20260918T011301,189294.494464,69.59589480436176,True,27,13,27:13
20260918T011301,191293.991168,69.59589480436176,True,32,14,32:14
20260918T011301,192214.447616,69.59589480436176,True,36,14,36:14
20260918T011302,190403.18464,69.59589480436176,True,2,13,2:13
20260918T011302,190905.927424,69.59589480436176,True,10,14,10:14
20260918T011302,192608.570624,69.59589480436176,True,14,13,14:13
20260918T011302,193320.253952,69.59589480436176,True,28,12,28:12
20260918T011303,193028.419584,69.59589480436176,True,0,12,0:12
20260918T011303,193365.285376,69.59589480436176,True,15,13,15:13
20260918T011303,193066.857216,69.59589480436176,True,21,9,21:9
20260918T011303,195533.238016,69.59589480436176,True,22,10,22:10
20260918T011303,190493.733376,69.59589480436176,True,47,11,47:11
20260918T011303,192720.129024,69.59589480436176,True,50,12,50:12
20260918T011303,192912.575488,69.59589480436176,True,51,13,51:13
20260918T011304,191490.134528,69.59589480436176,True,14,14,14:14
20260918T011304,193340.529664,69.59589480436176,True,25,14,25:14
20260918T011304,193928.061952,69.59589480436176,True,43,11,43:11
20260918T011304,195874.263808,69.59589480436176,True,48,10,48:10
20260918T011305,197198.043904,69.59589480436176,True,5,10,5:10
20260918T011306,196955.54688,69.59589480436176,True,19,10,19:10
20260918T011306,194757.738496,69.59589480436176,True,39,13,39:13
20260918T011307,194156.735488,69.59589480436176,True,35,12,35:12
20260918T011308,196546.052864,69.59589480436176,True,13,14,13:14
20260918T011308,194280.482304,69.59589480436176,True,17,13,17:13
20260918T011308,194003.190528,69.59589480436176,True,25,15,25:15
20260918T011309,195047.047424,69.59589480436176,True,1,13,1:13
20260918T011309,197747.163648,69.59589480436176,True,38,12,38:12
20260918T011310,195675.877632,69.59589480436176,True,5,11,5:11
20260918T011310,199951.547136,69.59589480436176,True,6,14,6:14
20260918T011310,197307.6544,69.59589480436176,True,7,11,7:11
20260918T011310,195917.932288,69.59589480436176,True,10,15,10:15
20260918T011310,196647.728384,69.59589480436176,True,24,15,24:15
20260918T011310,197258.81856,69.59589480436176,True,28,13,28:13
20260918T011310,199042.766848,69.59589480436176,True,29,14,29:14
20260918T011310,199483.116032,69.59589480436176,True,33,11,33:11
20260918T011311,201123.905792,69.59589480436176,True,3,13,3:13
20260918T011311,198914.10176,69.59589480436176,True,12,11,12:11
20260918T011311,196937.47456,69.59589480436176,True,15,14,15:14
20260918T011311,200112.339712,69.59589480436176,True,20,12,20:12
20260918T011311,197247.587328,69.59589480436176,True,29,15,29:15
20260918T011311,197702.64064,69.59589480436176,True,44,14,44:14
20260918T011312,201787.364096,69.59589480436176,True,17,12,17:12
20260918T011312,198725.832704,69.59589480436176,True,45,16,45:16
20260918T011312,197824.61056,69.59589480436176,True,46,17,46:17
20260918T011313,199538.565632,69.59589480436176,True,4,15,4:15
20260918T011314,199510.093824,69.59589480436176,True,6,15,6:15
20260918T011314,202866.07232,69.59589480436176,True,18,13,18:13
20260918T011314,199748.424448,69.59589480436176,True,20,13,20:13
20260918T011314,203230.308864,69.59589480436176,True,37,15,37:15
20260918T011314,200735.616512,69.59589480436176,True,42,13,42:13
20260918T011315,200797.06496,69.59589480436176,True,8,17,8:17
20260918T011315,202125.009408,69.59589480436176,True,49,12,49:12
20260918T011316,203099.376128,69.59589480436176,True,16,12,16:12
20260918T011316,200669.394432,69.59589480436176,True,23,14,23:14
20260918T011316,202326.706176,69.59589480436176,True,41,12,41:12
20260918T011317,202670.24896,69.59589480436176,True,31,12,31:12
20260918T011317,200873.286144,69.59589480436176,True,44,15,44:15
20260918T011318,206991.846656,69.59589480436176,True,9,10,9:10
20260918T011318,203735.257344,69.59589480436176,True,33,12,33:12
20260918T011318,203596.209152,69.59589480436176,True,37,16,37:16
20260918T011318,204145.204224,69.59589480436176,True,43,12,43:12
20260918T011319,205869.754112,69.59589480436176,True,11,12,11:12
20260918T011319,207358.032384,69.59589480436176,True,34,11,34:11
20260918T011319,203213.305344,69.59589480436176,True,49,13,49:13
20260918T011320,207159.529472,69.59589480436176,True,30,14,30:14
20260918T011320,206974.3296,69.59589480436176,True,32,15,32:15
20260918T011320,205887.941376,69.59589480436176,True,40,12,40:12
20260918T011320,208350.563584,69.59589480436176,True,46,16,46:16
20260918T011321,209147.615744,69.59589480436176,True,22,11,22:11
20260918T011321,208855.901952,69.59589480436176,True,36,15,36:15
20260918T011323,206825.280768,69.59589480436176,True,2,14,2:14
20260918T011323,207249.89312,69.59589480436176,True,13,15,13:15
20260918T011323,205710.343424,69.59589480436176,True,27,14,27:14
20260918T011323,206028.13184,69.59589480436176,True,32,16,32:16
20260918T011323,210956.159744,69.59589480436176,True,48,11,48:11
20260918T011324,209146.693632,69.59589480436176,True,39,14,39:14
20260918T011324,208847.198464,69.59589480436176,True,50,13,50:13
20260918T011324,210090.821888,69.59589480436176,True,51,14,51:14
20260918T011325,207489.540608,69.59589480436176,True,7,12,7:12
20260918T011325,208246.206464,69.59589480436176,True,35,13,35:13
20260918T011326,209751.423488,69.59589480436176,True,4,16,4:16
20260918T011326,210844.800768,69.59589480436176,True,19,11,19:11
20260918T011326,211307.273728,69.59589480436176,True,21,10,21:10
20260918T011327,209805.887744,69.59589480436176,True,0,14,0:14
20260918T011327,208551.635968,69.59589480436176,True,1,14,1:14
20260918T011327,212344.259328,69.59589480436176,True,18,14,18:14
20260918T011327,209870.22464,69.59589480436176,True,22,12,22:12
20260918T011327,210151.898112,69.59589480436176,True,25,16,25:16
20260918T011328,214063.82336,69.59589480436176,True,0,13,0:13
20260918T011328,212381.413632,69.59589480436176,True,24,16,24:16
20260918T011328,214661.092352,69.59589480436176,True,26,12,26:12
20260918T011328,211489.060608,69.59589480436176,True,29,16,29:16
20260918T011328,213350.885632,69.59589480436176,True,38,13,38:13
20260918T011328,209117.532928,69.59589480436176,True,48,12,48:12
20260918T011329,212762.980864,69.59589480436176,True,30,15,30:15
20260918T011329,210430.688256,69.59589480436176,True,51,15,51:15
20260918T011330,215598.7712,69.59589480436176,True,3,14,3:14
20260918T011330,214939.02592,69.59589480436176,True,36,16,36:16
20260918T011330,212032.824064,69.59589480436176,True,41,13,41:13
20260918T011331,211797.429248,69.59589480436176,True,42,14,42:14
20260918T011331,213275.776256,69.59589480436176,True,45,17,45:17
20260918T011332,213792.946944,69.59589480436176,True,6,16,6:16
20260918T011332,214630.308608,69.59589480436176,True,9,11,9:11
20260918T011332,214170.266624,69.59589480436176,True,11,13,11:13
20260918T011332,213029.154304,69.59589480436176,True,20,14,20:14
20260918T011333,214088.8192,69.59589480436176,True,17,14,17:14
20260918T011333,214705.784576,69.59589480436176,True,43,13,43:13
20260918T011333,215581.8944,69.59589480436176,True,47,12,47:12
20260918T011334,216729.37088,69.59589480436176,True,12,12,12:12
20260918T011334,218957.666048,69.59589480436176,True,28,14,28:14
20260918T011336,217224.601344,69.59589480436176,True,24,17,24:17
20260918T011336,215583.004672,69.59589480436176,True,44,16,44:16
20260918T011337,217137.66528,69.59589480436176,True,4,17,4:17
20260918T011337,219958.370816,69.59589480436176,True,14,15,14:15
20260918T011337,218793.69856,69.59589480436176,True,33,13,33:13
20260918T011337,216922.456832,69.59589480436176,True,35,14,35:14
20260918T011338,220275.235072,69.59589480436176,True,10,16,10:16
20260918T011338,219436.268288,69.59589480436176,True,34,12,34:12
20260918T011339,220887.079936,69.59589480436176,True,16,13,16:13
20260918T011339,220871.684352,69.59589480436176,True,18,15,18:15
20260918T011339,220165.513216,69.59589480436176,True,39,15,39:15
20260918T011340,218766.149632,69.59589480436176,True,46,19,46:19
20260918T011341,221983.291136,69.59589480436176,True,19,12,19:12
20260918T011341,221937.740544,69.59589480436176,True,46,18,46:18
20260918T011342,220291.410176,69.59589480436176,True,20,15,20:15
20260918T011342,223476.301312,69.59589480436176,True,31,13,31:13
20260918T011343,225224.893952,69.59589480436176,True,8,18,8:18
20260918T011343,223496.457472,69.59589480436176,True,26,13,26:13
20260918T011343,221707.617536,69.59589480436176,True,41,14,41:14
20260918T011343,222878.966272,69.59589480436176,True,50,14,50:14
20260918T011344,223960.920832,69.59589480436176,True,14,16,14:16
20260918T011344,225986.085376,69.59589480436176,True,15,15,15:15
20260918T011345,226289.232896,69.59589480436176,True,3,15,3:15
20260918T011345,222558.115328,69.59589480436176,True,6,17,6:17
20260918T011345,222468.255232,69.59589480436176,True,36,18,36:18
20260918T011345,226580.773632,69.59589480436176,True,40,13,40:13
20260918T011346,223373.580288,69.59589480436176,True,33,14,33:14
20260918T011346,226716.431104,69.59589480436176,True,36,17,36:17
20260918T011346,223541.996288,69.59589480436176,True,51,16,51:16
20260918T011347,227707.17184,69.59589480436176,True,2,15,2:15
20260918T011347,226225.77536,69.59589480436176,True,25,17,25:17
20260918T011347,228144.59136,69.59589480436176,True,37,17,37:17
20260918T011348,229015.674624,69.59589480436176,True,13,16,13:16
20260918T011348,226898.51776,69.59589480436176,True,40,14,40:14
20260918T011349,227698.959104,69.59589480436176,True,10,17,10:17
20260918T011349,226185.833216,69.59589480436176,True,28,16,28:16
20260918T011349,228640.39296,69.59589480436176,True,38,14,38:14
20260918T011350,230173.609728,69.59589480436176,True,5,12,5:12
20260918T011350,226498.9056,69.59589480436176,True,12,13,12:13
20260918T011350,228517.062912,69.59589480436176,True,30,16,30:16
20260918T011351,229113.90592,69.59589480436176,True,9,12,9:12
20260918T011351,229370.134016,69.59589480436176,True,11,14,11:14
20260918T011351,227553.569024,69.59589480436176,True,29,18,29:18
20260918T011352,231168.806912,69.59589480436176,True,29,17,29:17
20260918T011352,232501.595136,69.59589480436176,True,32,17,32:17
20260918T011352,231736.609792,69.59589480436176,True,45,18,45:18
20260918T011352,230349.46176,69.59589480436176,True,49,14,49:14
20260918T011353,230654.322944,69.59589480436176,True,3,16,3:16
20260918T011353,230561.0752,69.59589480436176,True,7,13,7:13
20260918T011353,232975.00416,69.59589480436176,True,23,15,23:15
20260918T011353,228832.407296,69.59589480436176,True,30,17,30:17
20260918T011353,230291.772928,69.59589480436176,True,48,13,48:13
20260918T011354,232507.514112,69.59589480436176,True,34,13,34:13
20260918T011354,232181.489152,69.59589480436176,True,37,18,37:18
20260918T011355,230197.873664,69.59589480436176,True,8,20,8:20
20260918T011355,232468.266496,69.59589480436176,True,13,17,13:17
20260918T011356,232759.86176,69.59589480436176,True,17,15,17:15
20260918T011356,232993.812224,69.59589480436176,True,19,13,19:13
20260918T011356,235094.512128,69.59589480436176,True,21,11,21:11
20260918T011356,235753.518848,69.59589480436176,True,28,15,28:15
20260918T011357,236170.3488,69.59589480436176,True,0,15,0:15
20260918T011357,235406.335232,69.59589480436176,True,16,14,16:14
20260918T011357,235610.47936,69.59589480436176,True,27,15,27:15
20260918T011357,233951.851008,69.59589480436176,True,38,15,38:15
20260918T011358,235566.210048,69.59589480436176,True,1,15,1:15
20260918T011358,236892.461312,69.59589480436176,True,15,16,15:16
20260918T011359,237088.46592,69.59589480436176,True,8,19,8:19
20260918T011359,235370.019584,69.59589480436176,True,46,20,46:20
20260918T011400,236502.867968,69.59589480436176,True,5,13,5:13
20260918T011400,238270.589952,69.59589480436176,True,24,18,24:18
20260918T011400,233689.493504,69.59589480436176,True,28,17,28:17
20260918T011400,236215.145216,69.59589480436176,True,45,19,45:19
20260918T011401,234696.79872,69.59589480436176,True,1,16,1:16
20260918T011401,238090.128384,69.59589480436176,True,4,18,4:18
20260918T011401,239944.329984,69.59589480436176,True,18,16,18:16
20260918T011401,236112.032768,69.59589480436176,True,25,18,25:18
20260918T011401,235370.11328,69.59589480436176,True,34,14,34:14
20260918T011401,233980.886784,69.59589480436176,True,46,21,46:21
20260918T011402,238636.110848,69.59589480436176,True,43,14,43:14
20260918T011402,237331.597824,69.59589480436176,True,44,17,44:17
20260918T011402,238350.387712,69.59589480436176,True,47,13,47:13
20260918T011402,235922.56,69.59589480436176,True,49,15,49:15
20260918T011402,237317.763072,69.59589480436176,True,50,15,50:15
20260918T011403,239240.527616,69.59589480436176,True,2,16,2:16
20260918T011403,240032.6592,69.59589480436176,True,23,16,23:16
20260918T011403,239987.123968,69.59589480436176,True,32,18,32:18
20260918T011404,238584.262656,69.59589480436176,True,16,15,16:15
20260918T011404,240557.500416,69.59589480436176,True,39,16,39:16
20260918T011405,238133.040896,69.59589480436176,True,6,18,6:18
20260918T011405,241944.538368,69.59589480436176,True,22,13,22:13
20260918T011405,240289.253376,69.59589480436176,True,37,19,37:19
20260918T011405,242478.155008,69.59589480436176,True,42,15,42:15
20260918T011406,239008.391424,69.59589480436176,True,13,18,13:18
20260918T011406,240009.009152,69.59589480436176,True,18,17,18:17
20260918T011406,240141.912576,69.59589480436176,True,36,19,36:19
20260918T011407,239515.277568,69.59589480436176,True,30,18,30:18
20260918T011408,243061.730048,69.59589480436176,True,0,16,0:16
20260918T011408,243975.808,69.59589480436176,True,26,14,26:14
20260918T011408,244542.614528,69.59589480436176,True,31,14,31:14
20260918T011408,240083.99488,69.59589480436176,True,33,15,33:15
20260918T011408,244351.093248,69.59589480436176,True,35,15,35:15
20260918T011408,243168.873216,69.59589480436176,True,40,15,40:15
20260918T011409,243188.919296,69.59589480436176,True,4,19,4:19
20260918T011409,241051.003904,69.59589480436176,True,29,19,29:19
20260918T011410,244557.16864,69.59589480436176,True,10,18,10:18
20260918T011410,243939.052288,69.59589480436176,True,11,15,11:15
20260918T011410,245490.05056,69.59589480436176,True,14,17,14:17
20260918T011411,242768.545536,69.59589480436176,True,22,14,22:14
20260918T011411,242091.545344,69.59589480436176,True,35,16,35:16
20260918T011413,246837.502208,69.59589480436176,True,9,13,9:13
20260918T011413,248617.549056,69.59589480436176,True,24,19,24:19
20260918T011413,247546.028032,69.59589480436176,True,27,16,27:16
20260918T011413,244972.591104,69.59589480436176,True,48,14,48:14
20260918T011414,247135.149824,69.59589480436176,True,3,17,3:17
20260918T011414,246486.72256,69.59589480436176,True,12,14,12:14
20260918T011415,249208.39296,69.59589480436176,True,15,17,15:17
20260918T011415,249512.721152,69.59589480436176,True,20,16,20:16
20260918T011416,250580.526592,69.59589480436176,True,7,14,7:14
20260918T011416,247066.904576,69.59589480436176,True,19,14,19:14
20260918T011416,249547.307776,69.59589480436176,True,21,12,21:12
20260918T011416,246596.32256,69.59589480436176,True,43,15,43:15
20260918T011417,248589.944576,69.59589480436176,True,10,19,10:19
20260918T011417,248388.251392,69.59589480436176,True,14,18,14:18
20260918T011417,248662.424576,69.59589480436176,True,39,17,39:17
20260918T011418,248549.45792,69.59589480436176,True,0,17,0:17
20260918T011418,250317.490688,69.59589480436176,True,25,19,25:19
20260918T011418,250357.267456,69.59589480436176,True,32,19,32:19
20260918T011418,251522.90176,69.59589480436176,True,45,20,45:20
20260918T011419,252128.212992,69.59589480436176,True,51,17,51:17
20260918T011420,251764.19072,69.59589480436176,True,8,21,8:21
20260918T011420,250259.935232,69.59589480436176,True,40,16,40:16
20260918T011420,253671.22688,69.59589480436176,True,41,15,41:15
20260918T011421,251795.42144,69.59589480436176,True,16,16,16:16
20260918T011421,253412.861184,69.59589480436176,True,23,17,23:17
20260918T011421,253855.91808,69.59589480436176,True,24,20,24:20
20260918T011421,252748.724224,69.59589480436176,True,31,15,31:15
20260918T011421,252288.037632,69.59589480436176,True,47,14,47:14
20260918T011422,255143.919616,69.59589480436176,True,2,17,2:17
20260918T011422,250956.814336,69.59589480436176,True,3,18,3:18
20260918T011422,253720.52864,69.59589480436176,True,42,16,42:16
20260918T011423,253437.054208,69.59589480436176,True,26,15,26:15
20260918T011424,255269.886976,69.59589480436176,True,17,16,17:16
20260918T011425,255831.806464,69.59589480436176,True,28,18,28:18
20260918T011425,257539.958784,69.59589480436176,True,38,16,38:16
20260918T011426,257645.132032,69.59589480436176,True,5,14,5:14
20260918T011426,254493.926144,69.59589480436176,True,7,15,7:15
20260918T011427,254877.71264,69.59589480436176,True,48,15,48:15
20260918T011428,255297.616896,69.59589480436176,True,9,14,9:14
20260918T011428,255802.016256,69.59589480436176,True,33,16,33:16
20260918T011428,259575.013888,69.59589480436176,True,37,20,37:20
20260918T011428,255719.074048,69.59589480436176,True,42,17,42:17
20260918T011428,259143.537408,69.59589480436176,True,44,18,44:18
20260918T011428,257275.147008,69.59589480436176,True,51,18,51:18
20260918T011429,256754.317056,69.59589480436176,True,15,19,15:19
20260918T011430,259939.065088,69.59589480436176,True,15,18,15:18
20260918T011430,258935.086336,69.59589480436176,True,24,21,24:21
20260918T011431,259894.292224,69.59589480436176,True,32,20,32:20
20260918T011431,260669.159168,69.59589480436176,True,36,20,36:20
20260918T011431,260395.207168,69.59589480436176,True,46,22,46:22
20260918T011431,259429.648384,69.59589480436176,True,49,16,49:16
20260918T011432,259528.997888,69.59589480436176,True,13,20,13:20
20260918T011432,262647.796736,69.59589480436176,True,20,17,20:17
20260918T011432,259331.598592,69.59589480436176,True,35,17,35:17
20260918T011432,259338.934784,69.59589480436176,True,37,21,37:21
20260918T011432,262475.658496,69.59589480436176,True,45,21,45:21
20260918T011433,262841.054208,69.59589480436176,True,13,19,13:19
20260918T011433,262864.081408,69.59589480436176,True,25,20,25:20
20260918T011433,261434.954496,69.59589480436176,True,27,17,27:17
20260918T011434,260910.25408,69.59589480436176,True,4,21,4:21
20260918T011434,262720.327936,69.59589480436176,True,5,15,5:15
20260918T011434,261258.471168,69.59589480436176,True,22,15,22:15
20260918T011435,265544.36864,69.59589480436176,True,4,20,4:20
20260918T011435,264692.118016,69.59589480436176,True,30,19,30:19
20260918T011435,262051.52,69.59589480436176,True,31,16,31:16
20260918T011435,262029.540608,69.59589480436176,True,46,23,46:23
20260918T011436,262116.568832,69.59589480436176,True,27,18,27:18
20260918T011436,264098.477824,69.59589480436176,True,34,15,34:15
20260918T011436,265532.042496,69.59589480436176,True,41,16,41:16
20260918T011436,263032.387328,69.59589480436176,True,45,22,45:22
20260918T011437,266963.153408,69.59589480436176,True,2,18,2:18
20260918T011437,264293.320448,69.59589480436176,True,12,15,12:15
20260918T011438,267535.016448,69.59589480436176,True,6,19,6:19
20260918T011438,265407.235584,69.59589480436176,True,29,20,29:20
20260918T011438,268376.705024,69.59589480436176,True,50,16,50:16
20260918T011438,263943.183872,69.59589480436176,True,51,19,51:19
20260918T011439,268183.322368,69.59589480436176,True,18,18,18:18
20260918T011439,267195.83104,69.59589480436176,True,23,18,23:18
20260918T011439,266029.99168,69.59589480436176,True,40,17,40:17
20260918T011440,263756.203008,69.59589480436176,True,8,23,8:23
20260918T011440,269537.305344,69.59589480436176,True,11,16,11:16
20260918T011440,265204.536832,69.59589480436176,True,25,21,25:21
20260918T011440,267126.975744,69.59589480436176,True,39,18,39:18
20260918T011441,265237.583104,69.59589480436176,True,31,17,31:17
20260918T011441,266171.104512,69.59589480436176,True,43,16,43:16
20260918T011441,268155.504896,69.59589480436176,True,44,19,44:19
20260918T011441,266261.26976,69.59589480436176,True,50,17,50:17
20260918T011442,271335.483136,69.59589480436176,True,1,17,1:17
20260918T011442,266423.48288,69.59589480436176,True,2,19,2:19
20260918T011442,268725.31584,69.59589480436176,True,6,20,6:20
20260918T011442,268239.096576,69.59589480436176,True,20,18,20:18
20260918T011442,271228.018176,69.59589480436176,True,21,13,21:13
20260918T011442,268180.79232,69.59589480436176,True,28,19,28:19
20260918T011442,266107.285504,69.59589480436176,True,38,18,38:18
20260918T011443,267444.637696,69.59589480436176,True,1,18,1:18
20260918T011443,267351.250176,69.59589480436176,True,12,16,12:16
20260918T011443,266666.032128,69.59589480436176,True,35,18,35:18
20260918T011443,271844.880896,69.59589480436176,True,38,17,38:17
20260918T011444,268809.595648,69.59589480436176,True,21,14,21:14
20260918T011444,269616.36992,69.59589480436176,True,26,16,26:16
20260918T011445,272093.787648,69.59589480436176,True,0,18,0:18
20260918T011445,272665.308928,69.59589480436176,True,14,19,14:19
20260918T011445,271253.308928,69.59589480436176,True,17,17,17:17
20260918T011445,268407.641344,69.59589480436176,True,40,18,40:18
20260918T011445,272433.924864,69.59589480436176,True,47,15,47:15
20260918T011446,274077.114624,69.59589480436176,True,8,22,8:22
20260918T011446,271208.355072,69.59589480436176,True,18,19,18:19
20260918T011446,270970.068992,69.59589480436176,True,30,20,30:20
20260918T011446,269151.65312,69.59589480436176,True,45,23,45:23
20260918T011447,272437.794816,69.59589480436176,True,3,19,3:19
20260918T011447,274106.842624,69.59589480436176,True,10,20,10:20
20260918T011447,273047.39712,69.59589480436176,True,16,17,16:17
20260918T011447,270295.003904,69.59589480436176,True,20,19,20:19
20260918T011449,272352.287488,69.59589480436176,True,23,19,23:19
20260918T011449,274257.648128,69.59589480436176,True,32,21,32:21
20260918T011449,273265.67424,69.59589480436176,True,33,17,33:17
20260918T011449,273848.744704,69.59589480436176,True,48,16,48:16
20260918T011451,274082.70208,69.59589480436176,True,18,20,18:20
20260918T011451,274822.711808,69.59589480436176,True,41,17,41:17
20260918T011452,274443.608064,69.59589480436176,True,14,20,14:20
20260918T011453,277594.238464,69.59589480436176,True,7,16,7:16
20260918T011453,275784.585472,69.59589480436176,True,13,21,13:21
20260918T011453,279394.459904,69.59589480436176,True,36,21,36:21
20260918T011454,277354.63936,69.59589480436176,True,4,22,4:22
20260918T011454,275321.708544,69.59589480436176,True,8,24,8:24
20260918T011454,277206.612736,69.59589480436176,True,34,16,34:16
20260918T011454,279241.30432,69.59589480436176,True,37,22,37:22
20260918T011455,276433.31968,69.59589480436176,True,2,20,2:20
20260918T011455,280020.415488,69.59589480436176,True,5,16,5:16
20260918T011455,280270.87616,69.59589480436176,True,19,15,19:15
20260918T011456,278773.358848,69.59589480436176,True,9,15,9:15
20260918T011456,279946.718208,69.59589480436176,True,11,17,11:17
20260918T011456,276467.727872,69.59589480436176,True,27,19,27:19
20260918T011456,278106.752256,69.59589480436176,True,28,20,28:20
20260918T011457,280121.064704,69.59589480436176,True,15,20,15:20
20260918T011457,281684.503296,69.59589480436176,True,24,22,24:22
20260918T011457,279147.312384,69.59589480436176,True,43,17,43:17
20260918T011458,279241.757696,69.59589480436176,True,24,23,24:23
20260918T011458,279656.83328,69.59589480436176,True,36,22,36:22
20260918T011459,282041.69472,69.59589480436176,True,6,21,6:21
20260918T011459,279462.935296,69.59589480436176,True,13,22,13:22
20260918T011459,281107.644672,69.59589480436176,True,17,18,17:18
20260918T011459,282690.736896,69.59589480436176,True,39,19,39:19
20260918T011459,283337.96352,69.59589480436176,True,42,18,42:18
20260918T011500,280522.068992,69.59589480436176,True,33,18,33:18
20260918T011500,282937.762816,69.59589480436176,True,49,17,49:17
20260918T011501,283209.381376,69.59589480436176,True,3,20,3:20
20260918T011501,284242.5536,69.59589480436176,True,10,21,10:21
20260918T011501,282583.149056,69.59589480436176,True,47,16,47:16
20260918T011502,284423.174656,69.59589480436176,True,25,22,25:22
20260918T011502,285778.957824,69.59589480436176,True,46,24,46:24
20260918T011503,283066.25664,69.59589480436176,True,5,17,5:17
20260918T011504,283741.453056,69.59589480436176,True,15,21,15:21
20260918T011505,286875.856896,69.59589480436176,True,0,19,0:19
20260918T011505,284310.835456,69.59589480436176,True,20,20,20:20
20260918T011505,287972.374272,69.59589480436176,True,29,21,29:21
20260918T011506,287649.53344,69.59589480436176,True,16,18,16:18
20260918T011506,286223.72736,69.59589480436176,True,31,18,31:18
20260918T011506,288460.91008,69.59589480436176,True,37,23,37:23
20260918T011507,287528.098304,69.59589480436176,True,21,15,21:15
20260918T011507,285894.320896,69.59589480436176,True,25,23,25:23
20260918T011507,288614.609408,69.59589480436176,True,32,22,32:22
20260918T011508,288024.728576,69.59589480436176,True,19,16,19:16
20260918T011508,286153.575936,69.59589480436176,True,44,21,44:21
20260918T011508,288873.790464,69.59589480436176,True,48,17,48:17
20260918T011508,289390.305536,69.59589480436176,True,51,20,51:20
20260918T011509,291233.446912,69.59589480436176,True,26,17,26:17
20260918T011509,286842.153216,69.59589480436176,True,29,22,29:22
20260918T011509,291059.58016,69.59589480436176,True,44,20,44:20
20260918T011510,287059.670528,69.59589480436176,True,28,21,28:21
20260918T011510,290418.30912,69.59589480436176,True,46,25,46:25
20260918T011510,290906.560768,69.59589480436176,True,50,18,50:18
20260918T011511,290102.489856,69.59589480436176,True,6,22,6:22
20260918T011511,291021.339392,69.59589480436176,True,7,17,7:17
20260918T011511,291113.239808,69.59589480436176,True,23,20,23:20
20260918T011512,291973.856,69.59589480436176,True,45,24,45:24
20260918T011513,290602.881024,69.59589480436176,True,0,20,0:20
20260918T011513,289495.812864,69.59589480436176,True,26,18,26:18
20260918T011513,293567.883264,69.59589480436176,True,39,20,39:20
20260918T011514,290256.456448,69.59589480436176,True,9,16,9:16
20260918T011514,295654.444544,69.59589480436176,True,22,16,22:16
20260918T011514,291778.200576,69.59589480436176,True,34,17,34:17
20260918T011515,291590.337024,69.59589480436176,True,13,23,13:23
20260918T011515,292813.993216,69.59589480436176,True,51,21,51:21
20260918T011516,295424.439808,69.59589480436176,True,1,19,1:19
20260918T011516,294260.8896,69.59589480436176,True,3,21,3:21
20260918T011516,292748.551168,69.59589480436176,True,17,19,17:19
20260918T011516,292120.12032,69.59589480436176,True,25,24,25:24
20260918T011516,296253.398528,69.59589480436176,True,30,21,30:21
20260918T011516,296041.669376,69.59589480436176,True,41,18,41:18
20260918T011517,296640.857856,69.59589480436176,True,11,18,11:18
20260918T011517,293642.47296,69.59589480436176,True,16,19,16:19
20260918T011518,292907.543552,69.59589480436176,True,23,21,23:21
20260918T011518,295370.609408,69.59589480436176,True,35,20,35:20
20260918T011518,297178.021888,69.59589480436176,True,42,19,42:19
20260918T011518,295044.909568,69.59589480436176,True,47,17,47:17
20260918T011519,299556.37504,69.59589480436176,True,35,19,35:19
20260918T011519,294852.844288,69.59589480436176,True,42,20,42:20
20260918T011520,294716.303872,69.59589480436176,True,31,19,31:19
20260918T011520,300008.1856,69.59589480436176,False,38,19,38:19
20260918T011520,296841.644288,69.59589480436176,True,39,21,39:21
20260918T011520,295720.464128,69.59589480436176,True,45,25,45:25
20260918T011520,294874.162944,69.59589480436176,True,48,18,48:18
20260918T011521,300026.795008,69.59589480436176,False,4,23,4:23
20260918T011521,300013.09696,69.59589480436176,False,12,17,12:17
20260918T011521,297421.663744,69.59589480436176,True,15,22,15:22
20260918T011521,300029.688576,69.59589480436176,False,18,21,18:21
20260918T011521,297717.691904,69.59589480436176,True,33,19,33:19
20260918T011521,299543.04512,69.59589480436176,True,49,18,49:18
20260918T011522,296193.541632,69.59589480436176,True,6,23,6:23
20260918T011522,300013.977088,69.59589480436176,False,10,22,10:22
20260918T011522,300032.412416,69.59589480436176,False,14,21,14:21
20260918T011522,297575.868672,69.59589480436176,True,21,16,21:16
20260918T011522,300036.437248,69.59589480436176,False,32,23,32:23
20260918T011522,300070.427648,69.59589480436176,False,36,23,36:23
20260918T011522,300051.708928,69.59589480436176,False,37,24,37:24
20260918T011522,300016.718848,69.59589480436176,False,40,19,40:19
20260918T011522,300086.565376,69.59589480436176,False,46,26,46:26
20260918T011523,300013.273088,69.59589480436176,False,2,21,2:21
20260918T011523,299336.040448,69.59589480436176,True,4,24,4:24
20260918T011523,300055.396608,69.59589480436176,False,8,25,8:25
20260918T011523,297710.189312,69.59589480436176,True,19,17,19:17
20260918T011523,299802.955008,69.59589480436176,True,24,24,24:24
20260918T011523,300002.703104,69.59589480436176,False,30,22,30:22
20260918T011523,300008.335104,69.59589480436176,False,38,20,38:20
20260918T011523,300071.61856,69.59589480436176,False,43,18,43:18
20260918T011524,299191.724544,69.59589480436176,True,0,21,0:21
20260918T011524,300042.287104,69.59589480436176,False,5,18,5:18
20260918T011524,299861.326592,69.59589480436176,True,7,18,7:18
20260918T011524,300032.007168,69.59589480436176,False,11,19,11:19
20260918T011524,300074.841856,69.59589480436176,False,18,22,18:22
20260918T011524,300026.706688,69.59589480436176,False,20,21,20:21
20260918T011524,300013.62176,69.59589480436176,False,22,17,22:17
20260918T011524,300003.54688,69.59589480436176,False,27,20,27:20
20260918T011524,300055.051008,69.59589480436176,False,41,19,41:19
20260918T011524,300070.153984,69.59589480436176,False,50,19,50:19
20260918T011525,300043.362816,69.59589480436176,False,32,24,32:24
20260918T011525,300023.699968,69.59589480436176,False,36,24,36:24
20260918T011525,300071.778816,69.59589480436176,False,37,25,37:25
20260918T011525,300038.60736,69.59589480436176,False,44,22,44:22
20260918T011525,300056.685824,69.59589480436176,False,51,22,51:22
20260918T011526,300048.76288,69.59589480436176,False,1,20,1:20
20260918T011526,300061.853952,69.59589480436176,False,3,22,3:22
20260918T011526,300009.100032,69.59589480436176,False,8,26,8:26
20260918T011526,300039.0208,69.59589480436176,False,10,23,10:23
20260918T011526,300017.5936,69.59589480436176,False,12,18,12:18
20260918T011526,300016.98304,69.59589480436176,False,25,25,25:25
20260918T011526,300013.905664,69.59589480436176,False,28,22,28:22
20260918T011526,300052.921344,69.59589480436176,False,29,23,29:23
20260918T011526,300003.700992,69.59589480436176,False,35,21,35:21
20260918T011526,300004.770816,69.59589480436176,False,39,22,39:22
20260918T011526,300047.083776,69.59589480436176,False,40,20,40:20
20260918T011526,300035.516928,69.59589480436176,False,46,27,46:27
20260918T011527,300046.584832,69.59589480436176,False,5,19,5:19
20260918T011527,300042.70464,69.59589480436176,False,9,17,9:17
20260918T011527,300030.234112,69.59589480436176,False,11,20,11:20
20260918T011527,300029.006336,69.59589480436176,False,14,22,14:22
20260918T011527,300064.874496,69.59589480436176,False,16,20,16:20
20260918T011527,300038.210304,69.59589480436176,False,18,23,18:23
20260918T011527,300063.931904,69.59589480436176,False,38,21,38:21
20260918T011527,300017.331968,69.59589480436176,False,42,21,42:21
20260918T011527,300034.304768,69.59589480436176,False,45,26,45:26
20260918T011527,300033.90848,69.59589480436176,False,49,19,49:19
20260918T011528,300062.414336,69.59589480436176,False,2,22,2:22
20260918T011528,300008.38144,69.59589480436176,False,4,25,4:25
20260918T011528,300018.665216,69.59589480436176,False,7,19,7:19
20260918T011528,300019.04768,69.59589480436176,False,13,24,13:24
20260918T011528,300022.928128,69.59589480436176,False,15,23,15:23
20260918T011528,300004.943616,69.59589480436176,False,17,20,17:20
20260918T011528,300058.276096,69.59589480436176,False,20,22,20:22
20260918T011528,300029.531392,69.59589480436176,False,24,25,24:25
20260918T011528,300033.415936,69.59589480436176,False,26,19,26:19
20260918T011528,300038.107392,69.59589480436176,False,30,23,30:23
20260918T011528,300029.45152,69.59589480436176,False,33,20,33:20
20260918T011528,300019.959296,69.59589480436176,False,37,26,37:26
20260918T011528,300055.623936,69.59589480436176,False,41,20,41:20
20260918T011528,300029.696,69.59589480436176,False,43,19,43:19
20260918T011528,300038.516224,69.59589480436176,False,47,18,47:18
20260918T011528,300038.035968,69.59589480436176,False,50,20,50:20
20260918T011528,300064.155648,69.59589480436176,False,51,23,51:23
20260918T011529,300030.305024,69.59589480436176,False,0,22,0:22
20260918T011529,300012.67072,69.59589480436176,False,3,23,3:23
20260918T011529,300014.054912,69.59589480436176,False,6,24,6:24
20260918T011529,300056.9088,69.59589480436176,False,10,24,10:24
20260918T011529,300021.196544,69.59589480436176,False,19,18,19:18
20260918T011529,300008.854784,69.59589480436176,False,22,18,22:18
20260918T011529,300024.100608,69.59589480436176,False,27,21,27:21
20260918T011529,300033.511424,69.59589480436176,False,29,24,29:24
20260918T011529,300020.52864,69.59589480436176,False,32,25,32:25
20260918T011529,300032.692992,69.59589480436176,False,34,18,34:18
20260918T011529,300026.055424,69.59589480436176,False,36,25,36:25
20260918T011529,300036.4864,69.59589480436176,False,40,21,40:21
20260918T011529,300051.808,69.59589480436176,False,44,23,44:23
20260918T011529,300014.075392,69.59589480436176,False,45,27,45:27
20260918T011529,300037.676544,69.59589480436176,False,46,28,46:28
20260918T011529,300031.44192,69.59589480436176,False,48,19,48:19
20260918T011530,300027.666944,69.59589480436176,False,1,21,1:21
20260918T011530,300019.674368,69.59589480436176,False,8,27,8:27
20260918T011530,300049.449728,69.59589480436176,False,12,19,12:19
20260918T011530,300002.914304,69.59589480436176,False,21,17,21:17
20260918T011530,300049.243392,69.59589480436176,False,23,22,23:22
20260918T011530,300048.976384,69.59589480436176,False,25,26,25:26
20260918T011530,300484.728832,69.59589480436176,False,28,23,28:23
20260918T011530,300037.838848,69.59589480436176,False,31,20,31:20
20260918T011530,300026.661376,69.59589480436176,False,35,22,35:22
20260918T011530,300016.774656,69.59589480436176,False,39,23,39:23
20260918T011531,300042.470656,69.59589480436176,False,14,23,14:23
20260918T011531,300024.768768,69.59589480436176,False,16,21,16:21
20260918T011531,300011.524864,69.59589480436176,False,17,21,17:21
20260918T011531,300015.12576,69.59589480436176,False,18,24,18:24
20260918T011531,300020.882432,69.59589480436176,False,24,26,24:26
20260918T011531,300028.02944,69.59589480436176,False,30,24,30:24
20260918T011531,300041.650176,69.59589480436176,False,33,21,33:21
20260918T011531,300011.488512,69.59589480436176,False,37,27,37:27
20260918T011531,300022.566656,69.59589480436176,False,38,22,38:22
20260918T011531,300006.253568,69.59589480436176,False,49,20,49:20
20260918T011531,300025.099264,69.59589480436176,False,51,24,51:24
20260918T011532,300028.296192,69.59589480436176,False,2,23,2:23
20260918T011532,300055.659008,69.59589480436176,False,4,26,4:26
20260918T011532,300032.420096,69.59589480436176,False,5,20,5:20
20260918T011532,300004.453632,69.59589480436176,False,7,20,7:20
20260918T011532,300030.067456,69.59589480436176,False,13,25,13:25
20260918T011532,300033.664256,69.59589480436176,False,15,24,15:24
20260918T011532,300016.75648,69.59589480436176,False,19,19,19:19
20260918T011532,300051.01056,69.59589480436176,False,26,20,26:20
20260918T011532,300032.183808,69.59589480436176,False,36,26,36:26
20260918T011532,300025.172992,69.59589480436176,False,42,22,42:22
20260918T011532,300010.193152,69.59589480436176,False,43,20,43:20
20260918T011532,300012.264704,69.59589480436176,False,44,24,44:24
20260918T011532,300012.50816,69.59589480436176,False,45,28,45:28
20260918T011532,300011.81056,69.59589480436176,False,47,19,47:19
20260918T011533,300019.037696,69.59589480436176,False,0,23,0:23
20260918T011533,300016.435968,69.59589480436176,False,1,22,1:22
20260918T011533,300006.99264,69.59589480436176,False,3,24,3:24
20260918T011533,300047.724544,69.59589480436176,False,6,25,6:25
20260918T011533,300014.916096,69.59589480436176,False,9,18,9:18
20260918T011533,300020.586496,69.59589480436176,False,10,25,10:25
20260918T011533,300028.796416,69.59589480436176,False,11,21,11:21
20260918T011533,300034.038016,69.59589480436176,False,20,23,20:23
20260918T011533,300039.090176,69.59589480436176,False,23,23,23:23
20260918T011533,300059.997184,69.59589480436176,False,25,27,25:27
20260918T011533,300053.875712,69.59589480436176,False,27,22,27:22
20260918T011533,300019.994624,69.59589480436176,False,28,24,28:24
20260918T011533,300023.335424,69.59589480436176,False,29,25,29:25
20260918T011533,300039.197696,69.59589480436176,False,31,21,31:21
20260918T011533,300012.640256,69.59589480436176,False,32,26,32:26
20260918T011533,300037.072384,69.59589480436176,False,34,19,34:19
20260918T011533,300023.133696,69.59589480436176,False,41,21,41:21
20260918T011533,300019.84,69.59589480436176,False,46,29,46:29
20260918T011533,300020.327424,69.59589480436176,False,48,20,48:20
20260918T011533,300032.960768,69.59589480436176,False,50,21,50:21
20260918T011534,300015.713792,69.59589480436176,False,8,28,8:28
20260918T011534,300030.6368,69.59589480436176,False,22,19,22:19
20260918T011534,300052.1664,69.59589480436176,False,35,23,35:23
20260918T011534,300049.958144,69.59589480436176,False,39,24,39:24
20260918T011534,300021.754112,69.59589480436176,False,45,29,45:29
20260918T011535,300039.241216,69.59589480436176,False,14,24,14:24
20260918T011535,300009.760768,69.59589480436176,False,15,25,15:25
20260918T011535,300010.591488,69.59589480436176,False,18,25,18:25
20260918T011535,300019.28832,69.59589480436176,False,24,27,24:27
20260918T011535,300038.802944,69.59589480436176,False,40,22,40:22
20260918T011535,300019.472128,69.59589480436176,False,44,25,44:25
20260918T011535,300016.131584,69.59589480436176,False,47,20,47:20
20260918T011535,300019.46496,69.59589480436176,False,51,25,51:25
20260918T011536,300035.509504,69.59589480436176,False,4,27,4:27
20260918T011536,300019.122432,69.59589480436176,False,5,21,5:21
20260918T011536,300007.400448,69.59589480436176,False,6,26,6:26
20260918T011536,300015.69024,69.59589480436176,False,12,20,12:20
20260918T011536,300032.979712,69.59589480436176,False,13,26,13:26
20260918T011536,300015.958528,69.59589480436176,False,16,22,16:22
20260918T011536,300010.746112,69.59589480436176,False,21,18,21:18
20260918T011536,300031.863552,69.59589480436176,False,25,28,25:28
20260918T011536,300002.36928,69.59589480436176,False,29,26,29:26
20260918T011536,300008.011264,69.59589480436176,False,30,25,30:25
20260918T011536,300034.009088,69.59589480436176,False,33,22,33:22
20260918T011536,300028.058368,69.59589480436176,False,36,27,36:27
20260918T011536,300048.550912,69.59589480436176,False,37,28,37:28
20260918T011536,300031.89248,69.59589480436176,False,38,23,38:23
20260918T011536,300038.761984,69.59589480436176,False,42,23,42:23
20260918T011536,300017.327616,69.59589480436176,False,43,21,43:21
20260918T011536,300022.176512,69.59589480436176,False,49,21,49:21
20260918T011536,300034.704128,69.59589480436176,False,50,22,50:22
20260918T011537,300012.56064,69.59589480436176,False,0,24,0:24
20260918T011537,300037.88288,69.59589480436176,False,1,23,1:23
20260918T011537,300036.48256,69.59589480436176,False,2,24,2:24
20260918T011537,300044.168448,69.59589480436176,False,3,25,3:25
20260918T011537,300043.347456,69.59589480436176,False,17,22,17:22
20260918T011537,300013.458176,69.59589480436176,False,19,20,19:20
20260918T011537,300005.295616,69.59589480436176,False,20,24,20:24
20260918T011537,300086.281216,69.59589480436176,False,28,25,28:25
20260918T011537,300038.516224,69.59589480436176,False,31,22,31:22
20260918T011537,300059.475968,69.59589480436176,False,32,27,32:27
20260918T011537,300019.54816,69.59589480436176,False,39,25,39:25
20260918T011537,300006.315776,69.59589480436176,False,41,22,41:22
20260918T011537,300027.385088,69.59589480436176,False,46,30,46:30
20260918T011538,300035.264,69.59589480436176,False,7,21,7:21
20260918T011538,300012.77056,69.59589480436176,False,8,29,8:29
20260918T011538,300028.105984,69.59589480436176,False,10,26,10:26
20260918T011538,300021.033472,69.59589480436176,False,14,25,14:25
20260918T011538,300007.20256,69.59589480436176,False,22,20,22:20
20260918T011538,300018.328832,69.59589480436176,False,23,24,23:24
20260918T011538,300033.382144,69.59589480436176,False,26,21,26:21
20260918T011538,300028.456448,69.59589480436176,False,27,23,27:23
20260918T011538,300027.322624,69.59589480436176,False,35,24,35:24
20260918T011538,300008.906752,69.59589480436176,False,37,29,37:29
20260918T011538,300039.83104,69.59589480436176,False,45,30,45:30
20260918T011538,300019.113472,69.59589480436176,False,51,26,51:26
20260918T011539,300028.676096,69.59589480436176,False,4,28,4:28
20260918T011539,300042.625792,69.59589480436176,False,9,19,9:19
20260918T011539,300008.318976,69.59589480436176,False,11,22,11:22
20260918T011539,300045.087232,69.59589480436176,False,12,21,12:21
20260918T011539,300040.497408,69.59589480436176,False,13,27,13:27
20260918T011539,300039.640576,69.59589480436176,False,15,26,15:26
20260918T011539,300042.4192,69.59589480436176,False,16,23,16:23
20260918T011539,300057.18144,69.59589480436176,False,24,28,24:28
20260918T011539,300062.884864,69.59589480436176,False,25,29,25:29
20260918T011539,300038.07488,69.59589480436176,False,34,20,34:20
20260918T011539,300016.53248,69.59589480436176,False,38,24,38:24
20260918T011539,300034.236416,69.59589480436176,False,47,21,47:21
20260918T011539,300012.61312,69.59589480436176,False,48,21,48:21
20260918T011540,300030.249728,69.59589480436176,False,6,27,6:27
20260918T011540,300028.317696,69.59589480436176,False,17,23,17:23
20260918T011540,300016.045824,69.59589480436176,False,18,26,18:26
20260918T011540,300011.622912,69.59589480436176,False,21,19,21:19
20260918T011540,300021.421056,69.59589480436176,False,28,26,28:26
20260918T011540,300035.191296,69.59589480436176,False,29,27,29:27
20260918T011540,300047.907584,69.59589480436176,False,30,26,30:26
20260918T011540,300034.366976,69.59589480436176,False,32,28,32:28
20260918T011540,300002.065152,69.59589480436176,False,36,28,36:28
20260918T011540,300059.780352,69.59589480436176,False,39,26,39:26
20260918T011540,300041.062656,69.59589480436176,False,40,23,40:23
20260918T011540,300019.591936,69.59589480436176,False,44,26,44:26
20260918T011540,300045.26208,69.59589480436176,False,46,31,46:31
20260918T011541,300027.176448,69.59589480436176,False,0,25,0:25
20260918T011541,300037.436672,69.59589480436176,False,1,24,1:24
20260918T011541,300046.917376,69.59589480436176,False,3,26,3:26
20260918T011541,300016.365824,69.59589480436176,False,5,22,5:22
20260918T011541,300032.87168,69.59589480436176,False,10,27,10:27
20260918T011541,300046.738688,69.59589480436176,False,14,26,14:26
20260918T011541,300026.064384,69.59589480436176,False,23,25,23:25
20260918T011541,300014.914304,69.59589480436176,False,25,30,25:30
20260918T011541,300040.408064,69.59589480436176,False,31,23,31:23
20260918T011541,300008.78848,69.59589480436176,False,42,24,42:24
20260918T011541,300019.608064,69.59589480436176,False,49,22,49:22
20260918T011541,300013.338112,69.59589480436176,False,50,23,50:23
20260918T011542,300034.247168,69.59589480436176,False,2,25,2:25
20260918T011542,300016.60672,69.59589480436176,False,8,30,8:30
20260918T011542,300004.980736,69.59589480436176,False,11,23,11:23
20260918T011542,300024.402688,69.59589480436176,False,12,22,12:22
20260918T011542,300023.82464,69.59589480436176,False,19,21,19:21
20260918T011542,300006.758656,69.59589480436176,False,20,25,20:25
20260918T011542,300030.867456,69.59589480436176,False,24,29,24:29
20260918T011542,300045.882624,69.59589480436176,False,26,22,26:22
20260918T011542,300017.671168,69.59589480436176,False,27,24,27:24
20260918T011542,300018.793984,69.59589480436176,False,33,23,33:23
20260918T011542,300016.254464,69.59589480436176,False,37,30,37:30
20260918T011542,300033.749504,69.59589480436176,False,41,23,41:23
20260918T011542,300002.82112,69.59589480436176,False,43,22,43:22
20260918T011542,300009.481984,69.59589480436176,False,45,31,45:31
20260918T011542,300065.623808,69.59589480436176,False,51,27,51:27
20260918T011543,300003.37536,69.59589480436176,False,4,29,4:29
20260918T011543,300010.251008,69.59589480436176,False,6,28,6:28
20260918T011543,300019.692288,69.59589480436176,False,7,22,7:22
20260918T011543,300051.411968,69.59589480436176,False,13,28,13:28
20260918T011543,300007.433984,69.59589480436176,False,15,27,15:27
20260918T011543,300053.375744,69.59589480436176,False,28,27,28:27
20260918T011543,300004.342528,69.59589480436176,False,29,28,29:28
20260918T011543,300003.072768,69.59589480436176,False,30,27,30:27
20260918T011543,300017.96992,69.59589480436176,False,32,29,32:29
20260918T011543,300008.79488,69.59589480436176,False,35,25,35:25
20260918T011543,300049.710336,69.59589480436176,False,36,29,36:29
20260918T011544,300024.242176,69.59589480436176,False,0,26,0:26
20260918T011544,300037.21856,69.59589480436176,False,8,31,8:31
20260918T011544,300039.509504,69.59589480436176,False,10,28,10:28
20260918T011544,300044.239104,69.59589480436176,False,16,24,16:24
20260918T011544,300043.478272,69.59589480436176,False,17,24,17:24
20260918T011544,300020.97664,69.59589480436176,False,18,27,18:27
20260918T011544,300039.922944,69.59589480436176,False,22,21,22:21
20260918T011544,300027.674112,69.59589480436176,False,34,21,34:21
20260918T011544,300018.757376,69.59589480436176,False,38,25,38:25
20260918T011544,300007.131136,69.59589480436176,False,39,27,39:27
20260918T011544,300017.708288,69.59589480436176,False,40,24,40:24
20260918T011544,300031.459584,69.59589480436176,False,44,27,44:27
20260918T011544,300042.389504,69.59589480436176,False,46,32,46:32
20260918T011544,300043.523584,69.59589480436176,False,48,22,48:22
20260918T011544,300015.540736,69.59589480436176,False,50,24,50:24
20260918T011545,300018.659072,69.59589480436176,False,1,25,1:25
20260918T011545,300009.551104,69.59589480436176,False,3,27,3:27
20260918T011545,300040.413696,69.59589480436176,False,5,23,5:23
20260918T011545,300090.326528,69.59589480436176,False,9,20,9:20
20260918T011545,300020.82688,69.59589480436176,False,20,26,20:26
20260918T011545,300024.6784,69.59589480436176,False,23,26,23:26
20260918T011545,300057.447168,69.59589480436176,False,27,25,27:25
20260918T011545,300015.390464,69.59589480436176,False,42,25,42:25
20260918T011546,300018.27712,69.59589480436176,False,2,26,2:26
20260918T011546,300017.672448,69.59589480436176,False,4,30,4:30
20260918T011546,300034.928384,69.59589480436176,False,11,24,11:24
20260918T011546,300038.734592,69.59589480436176,False,13,29,13:29
20260918T011546,300063.37536,69.59589480436176,False,14,27,14:27
20260918T011546,300009.939968,69.59589480436176,False,15,28,15:28
20260918T011546,300045.461504,69.59589480436176,False,21,20,21:20
20260918T011546,300008.524288,69.59589480436176,False,24,30,24:30
20260918T011546,300031.147008,69.59589480436176,False,25,31,25:31
20260918T011546,300005.886208,69.59589480436176,False,31,24,31:24
20260918T011546,300021.66528,69.59589480436176,False,36,30,36:30
20260918T011546,300019.348224,69.59589480436176,False,37,31,37:31
20260918T011546,300026.838272,69.59589480436176,False,41,24,41:24
20260918T011546,300025.604608,69.59589480436176,False,45,32,45:32
20260918T011546,300052.763136,69.59589480436176,False,49,23,49:23
20260918T011546,300008.788992,69.59589480436176,False,51,28,51:28
20260918T011547,300018.382848,69.59589480436176,False,0,27,0:27
20260918T011547,300051.461632,69.59589480436176,False,6,29,6:29
20260918T011547,300015.958528,69.59589480436176,False,8,32,8:32
20260918T011547,300057.250304,69.59589480436176,False,10,29,10:29
20260918T011547,300035.817216,69.59589480436176,False,22,22,22:22
20260918T011547,300034.778368,69.59589480436176,False,26,23,26:23
20260918T011547,300012.888576,69.59589480436176,False,28,28,28:28
20260918T011547,300064.869888,69.59589480436176,False,30,28,30:28
20260918T011547,300017.6064,69.59589480436176,False,33,24,33:24
20260918T011547,300022.221056,69.59589480436176,False,35,26,35:26
20260918T011547,300009.356032,69.59589480436176,False,40,25,40:25
20260918T011547,300014.181376,69.59589480436176,False,44,28,44:28
20260918T011547,300063.178496,69.59589480436176,False,46,33,46:33
20260918T011548,300037.286656,69.59589480436176,False,1,26,1:26
20260918T011548,300052.043264,69.59589480436176,False,12,23,12:23
20260918T011548,300032.336128,69.59589480436176,False,18,28,18:28
20260918T011548,300031.790336,69.59589480436176,False,19,22,19:22
20260918T011548,300036.343552,69.59589480436176,False,20,27,20:27
20260918T011548,300016.141824,69.59589480436176,False,29,29,29:29
20260918T011548,300002.671104,69.59589480436176,False,32,30,32:30
20260918T011548,300013.056768,69.59589480436176,False,38,26,38:26
20260918T011548,300028.860928,69.59589480436176,False,43,23,43:23
20260918T011549,300011.801088,69.59589480436176,False,5,24,5:24
20260918T011549,300025.09824,69.59589480436176,False,7,23,7:23
20260918T011549,300020.534016,69.59589480436176,False,16,25,16:25
20260918T011549,300008.527104,69.59589480436176,False,17,25,17:25
20260918T011549,300021.76128,69.59589480436176,False,23,27,23:27
20260918T011549,300058.555392,69.59589480436176,False,24,31,24:31
20260918T011549,300011.254528,69.59589480436176,False,25,32,25:32
20260918T011549,300020.610304,69.59589480436176,False,27,26,27:26
20260918T011549,300043.47008,69.59589480436176,False,31,25,31:25
20260918T011549,300027.07968,69.59589480436176,False,39,28,39:28
20260918T011549,300003.869184,69.59589480436176,False,45,33,45:33
20260918T011549,300006.489344,69.59589480436176,False,47,23,47:23
20260918T011549,300015.079936,69.59589480436176,False,49,24,49:24
20260918T011549,300003.494144,69.59589480436176,False,50,25,50:25
20260918T011549,300022.787072,69.59589480436176,False,51,29,51:29
20260918T011550,300029.325824,69.59589480436176,False,0,28,0:28
20260918T011550,300049.5744,69.59589480436176,False,2,27,2:27
20260918T011550,300026.743552,69.59589480436176,False,3,28,3:28
20260918T011550,300033.484032,69.59589480436176,False,4,31,4:31
20260918T011550,300006.89792,69.59589480436176,False,9,21,9:21
20260918T011550,300023.95264,69.59589480436176,False,15,29,15:29
20260918T011550,300042.65856,69.59589480436176,False,28,29,28:29
20260918T011550,300022.325504,69.59589480436176,False,34,22,34:22
20260918T011550,300038.955008,69.59589480436176,False,35,27,35:27
20260918T011550,300028.880128,69.59589480436176,False,41,25,41:25
20260918T011550,300013.164032,69.59589480436176,False,42,26,42:26
20260918T011551,300038.401024,69.59589480436176,False,6,30,6:30
20260918T011551,300017.562624,69.59589480436176,False,8,33,8:33
20260918T011551,300025.778688,69.59589480436176,False,10,30,10:30
20260918T011551,300019.190784,69.59589480436176,False,11,25,11:25
20260918T011551,300038.059008,69.59589480436176,False,12,24,12:24
20260918T011551,300058.394624,69.59589480436176,False,13,30,13:30
20260918T011551,300015.766272,69.59589480436176,False,14,28,14:28
20260918T011551,300021.72672,69.59589480436176,False,22,23,22:23
20260918T011551,300019.808768,69.59589480436176,False,29,30,29:30
20260918T011551,300013.360896,69.59589480436176,False,30,29,30:29
20260918T011551,300032.359936,69.59589480436176,False,33,25,33:25
20260918T011551,300015.840512,69.59589480436176,False,36,31,36:31
20260918T011551,300002.897664,69.59589480436176,False,37,32,37:32
20260918T011551,300016.552192,69.59589480436176,False,40,26,40:26
20260918T011551,300056.766208,69.59589480436176,False,44,29,44:29
20260918T011552,300022.300672,69.59589480436176,False,1,27,1:27
20260918T011552,300046.63296,69.59589480436176,False,18,29,18:29
20260918T011552,300002.136832,69.59589480436176,False,21,21,21:21
20260918T011552,300015.568384,69.59589480436176,False,25,33,25:33
20260918T011552,300015.453184,69.59589480436176,False,26,24,26:24
20260918T011552,300012.368384,69.59589480436176,False,32,31,32:31
20260918T011552,300009.63712,69.59589480436176,False,38,27,38:27
20260918T011552,300028.422144,69.59589480436176,False,45,34,45:34
20260918T011552,300007.451904,69.59589480436176,False,46,34,46:34
20260918T011552,300024.573184,69.59589480436176,False,51,30,51:30
20260918T011553,300024.565504,69.59589480436176,False,4,32,4:32
20260918T011553,300030.024192,69.59589480436176,False,7,24,7:24
20260918T011553,300016.40832,69.59589480436176,False,20,28,20:28
20260918T011553,300013.248256,69.59589480436176,False,23,28,23:28
20260918T011553,300023.005952,69.59589480436176,False,24,32,24:32
20260918T011553,300038.189312,69.59589480436176,False,27,27,27:27
20260918T011553,300024.922624,69.59589480436176,False,28,30,28:30
20260918T011553,300031.064064,69.59589480436176,False,43,24,43:24
20260918T011553,300005.548032,69.59589480436176,False,49,25,49:25
20260918T011554,300034.799104,69.59589480436176,False,0,29,0:29
20260918T011554,300032.27776,69.59589480436176,False,3,29,3:29
20260918T011554,300036.68992,69.59589480436176,False,8,34,8:34
20260918T011554,300030.16704,69.59589480436176,False,10,31,10:31
20260918T011554,300039.005184,69.59589480436176,False,15,30,15:30
20260918T011554,300022.438144,69.59589480436176,False,16,26,16:26
20260918T011554,300007.125504,69.59589480436176,False,17,26,17:26
20260918T011554,300028.19072,69.59589480436176,False,19,23,19:23
20260918T011554,300015.303936,69.59589480436176,False,31,26,31:26
20260918T011554,300030.849536,69.59589480436176,False,36,32,36:32
20260918T011554,300038.909184,69.59589480436176,False,37,33,37:33
20260918T011554,300034.406656,69.59589480436176,False,39,29,39:29
20260918T011554,300015.578368,69.59589480436176,False,40,27,40:27
20260918T011554,300004.87808,69.59589480436176,False,42,27,42:27
20260918T011554,300030.092544,69.59589480436176,False,44,30,44:30
20260918T011554,300033.701888,69.59589480436176,False,47,24,47:24
20260918T011554,300017.403392,69.59589480436176,False,50,26,50:26
20260918T011555,300036.682752,69.59589480436176,False,2,28,2:28
20260918T011555,300004.831232,69.59589480436176,False,5,25,5:25
20260918T011555,300022.106112,69.59589480436176,False,9,22,9:22
20260918T011555,300036.174592,69.59589480436176,False,12,25,12:25
20260918T011555,300020.332288,69.59589480436176,False,13,31,13:31
20260918T011555,300014.553344,69.59589480436176,False,14,29,14:29
20260918T011555,300005.4656,69.59589480436176,False,18,30,18:30
20260918T011555,300008.155392,69.59589480436176,False,29,31,29:31
20260918T011555,300031.353088,69.59589480436176,False,30,30,30:30
20260918T011555,300024.73216,69.59589480436176,False,32,32,32:32
20260918T011555,300036.070144,69.59589480436176,False,35,28,35:28
20260918T011555,300012.254976,69.59589480436176,False,41,26,41:26
20260918T011555,300005.69728,69.59589480436176,False,48,24,48:24
20260918T011555,300015.390464,69.59589480436176,False,51,31,51:31
20260918T011556,300002.648832,69.59589480436176,False,4,33,4:33
20260918T011556,300017.165312,69.59589480436176,False,6,31,6:31
20260918T011556,300027.172864,69.59589480436176,False,22,24,22:24
20260918T011556,300032.463872,69.59589480436176,False,24,33,24:33
20260918T011556,300004.988416,69.59589480436176,False,25,34,25:34
20260918T011556,300014.529536,69.59589480436176,False,26,25,26:25
20260918T011556,300029.905408,69.59589480436176,False,33,26,33:26
20260918T011556,300002.74304,69.59589480436176,False,34,23,34:23
20260918T011556,300032.653056,69.59589480436176,False,46,35,46:35
20260918T011557,300019.259136,69.59589480436176,False,0,30,0:30
20260918T011557,300016.169472,69.59589480436176,False,1,28,1:28
20260918T011557,300037.934592,69.59589480436176,False,11,26,11:26
20260918T011557,300013.517824,69.59589480436176,False,20,29,20:29
20260918T011557,300029.555456,69.59589480436176,False,27,28,27:28
20260918T011557,300005.194752,69.59589480436176,False,36,33,36:33
20260918T011557,300010.777344,69.59589480436176,False,45,35,45:35
20260918T011558,300081.630208,69.59589480436176,False,4,34,4:34
20260918T011558,300045.836544,69.59589480436176,False,7,25,7:25
20260918T011558,300004.391424,69.59589480436176,False,8,35,8:35
20260918T011558,300041.123584,69.59589480436176,False,10,32,10:32
20260918T011558,300021.403392,69.59589480436176,False,13,32,13:32
20260918T011558,300092.875776,69.59589480436176,False,15,31,15:31
20260918T011558,300026.579456,69.59589480436176,False,21,22,21:22
20260918T011558,300172.361984,69.59589480436176,False,28,31,28:31
20260918T011558,300012.606976,69.59589480436176,False,29,32,29:32
20260918T011558,300041.30304,69.59589480436176,False,32,33,32:33
20260918T011558,300038.656512,69.59589480436176,False,37,34,37:34
20260918T011558,300019.438848,69.59589480436176,False,38,28,38:28
20260918T011558,300067.193088,69.59589480436176,False,40,28,40:28
20260918T011558,300028.000768,69.59589480436176,False,43,25,43:25
20260918T011558,300003.554048,69.59589480436176,False,44,31,44:31
20260918T011558,300018.267392,69.59589480436176,False,50,27,50:27
20260918T011558,300109.90336,69.59589480436176,False,51,32,51:32
20260918T011559,300106.953728,69.59589480436176,False,3,30,3:30
20260918T011559,300050.958336,69.59589480436176,False,6,32,6:32
20260918T011559,300059.406848,69.59589480436176,False,17,27,17:27
20260918T011559,300036.536832,69.59589480436176,False,18,31,18:31
20260918T011559,300144.094464,69.59589480436176,False,23,29,23:29
20260918T011559,300045.771264,69.59589480436176,False,24,34,24:34
20260918T011559,300070.533632,69.59589480436176,False,31,27,31:27
20260918T011559,300158.00704,69.59589480436176,False,34,24,34:24
20260918T011559,300074.62144,69.59589480436176,False,47,25,47:25
20260918T011559,300040.141056,69.59589480436176,False,49,26,49:26
20260918T011600,300046.215936,69.59589480436176,False,0,31,0:31
20260918T011600,300166.58432,69.59589480436176,False,2,29,2:29
20260918T011600,300003.509504,69.59589480436176,False,9,23,9:23
20260918T011600,300023.890688,69.59589480436176,False,12,26,12:26
20260918T011600,300123.427328,69.59589480436176,False,16,27,16:27
20260918T011600,300025.354752,69.59589480436176,False,19,24,19:24
20260918T011600,300149.270784,69.59589480436176,False,25,35,25:35
20260918T011600,300240.181504,69.59589480436176,False,30,31,30:31
20260918T011600,300019.873024,69.59589480436176,False,33,27,33:27
20260918T011600,300022.685184,69.59589480436176,False,35,29,35:29
20260918T011600,300230.234624,69.59589480436176,False,39,30,39:30
20260918T011600,300045.772288,69.59589480436176,False,41,27,41:27
20260918T011600,300075.236608,69.59589480436176,False,42,28,42:28
20260918T011600,300060.982272,69.59589480436176,False,46,36,46:36
20260918T011600,300024.208128,69.59589480436176,False,48,25,48:25
