received_timestamp,complete_response_time,success_rate,success,worker_idx,request_idx,global_request_id
20261001T111056,9429.156864,100.0,True,0,0,0:0
20261001T111059,11955.705088,100.0,True,4,0,4:0
20261001T111059,11501.075712,100.0,True,5,0,5:0
20261001T111100,13342.652672,100.0,True,1,0,1:0
20261001T111100,13384.249856,100.0,True,12,0,12:0
20261001T111101,13583.540992,100.0,True,8,0,8:0
20261001T111101,9783.3152,100.0,True,10,1,10:1
20261001T111101,11270.880256,100.0,True,14,1,14:1
20261001T111103,11931.746816,100.0,True,0,1,0:1
20261001T111103,12638.438912,100.0,True,4,1,4:1
20261001T111103,16147.368448,100.0,True,7,0,7:0
20261001T111103,10458.84288,100.0,True,7,1,7:1
20261001T111104,12756.240384,100.0,True,2,1,2:1
20261001T111104,14737.757952,100.0,True,6,1,6:1
20261001T111104,17423.798016,100.0,True,14,0,14:0
20261001T111105,18402.255616,100.0,True,3,0,3:0
20261001T111105,13464.87168,100.0,True,5,1,5:1
20261001T111105,13474.151168,100.0,True,8,1,8:1
20261001T111105,17494.913792,100.0,True,9,0,9:0
20261001T111105,10489.569024,100.0,True,10,2,10:2
20261001T111105,11003.355648,100.0,True,14,2,14:2
20261001T111106,11205.554944,100.0,True,0,2,0:2
20261001T111106,10926.968576,100.0,True,3,2,3:2
20261001T111106,18554.508032,100.0,True,6,0,6:0
20261001T111106,13942.327552,100.0,True,13,1,13:1
20261001T111107,14725.202176,100.0,True,3,1,3:1
20261001T111108,14387.972864,100.0,True,6,2,6:2
20261001T111108,15785.739008,100.0,True,11,1,11:1
20261001T111109,12984.990976,100.0,True,5,2,5:2
20261001T111110,19192.574208,100.0,True,1,1,1:1
20261001T111110,15033.411072,100.0,True,8,2,8:2
20261001T111112,13081.835776,100.0,True,0,3,0:3
20261001T111112,14906.040064,100.0,True,6,3,6:3
20261001T111112,13240.952064,100.0,True,13,3,13:3
20261001T111113,14268.517376,100.0,True,8,3,8:3
20261001T111113,11205.573888,100.0,True,8,4,8:4
20261001T111113,13591.685888,100.0,True,14,3,14:3
20261001T111114,19079.090944,100.0,True,1,2,1:2
20261001T111114,15175.444992,100.0,True,3,3,3:3
20261001T111114,10897.225984,100.0,True,7,3,7:3
20261001T111114,14980.648448,100.0,True,10,3,10:3
20261001T111115,14517.24032,100.0,True,2,3,2:3
20261001T111115,20735.31904,100.0,True,4,2,4:2
20261001T111115,12952.75648,100.0,True,4,4,4:4
20261001T111116,17354.743808,100.0,True,4,3,4:3
20261001T111116,19830.4576,100.0,True,13,2,13:2
20261001T111117,13969.900288,100.0,True,10,4,10:4
20261001T111118,15123.168512,100.0,True,3,4,3:4
20261001T111118,16019.038464,100.0,True,6,4,6:4
20261001T111118,13591.752704,100.0,True,8,5,8:5
20261001T111118,17730.933504,100.0,True,9,3,9:3
20261001T111119,14562.957056,100.0,True,1,4,1:4
20261001T111119,11626.300672,100.0,True,4,6,4:6
20261001T111119,15803.291904,100.0,True,9,4,9:4
20261001T111120,12875.259648,100.0,True,3,5,3:5
20261001T111120,13109.36448,100.0,True,7,4,7:4
20261001T111121,18975.390976,100.0,True,12,3,12:3
20261001T111122,12819.515136,100.0,True,1,5,1:5
20261001T111122,17992.77568,100.0,True,4,5,4:5
20261001T111122,20203.365632,100.0,True,11,3,11:3
20261001T111122,16281.76512,100.0,True,13,5,13:5
20261001T111123,17127.278848,100.0,True,10,5,10:5
20261001T111123,17339.883776,100.0,True,11,4,11:4
20261001T111124,14334.10048,100.0,True,6,6,6:6
20261001T111124,12259.468544,100.0,True,8,7,8:7
20261001T111125,22884.470272,100.0,True,13,4,13:4
20261001T111126,15884.276224,100.0,True,2,5,2:5
20261001T111126,13346.728192,100.0,True,10,7,10:7
20261001T111126,18471.757312,100.0,True,12,4,12:4
20261001T111127,14497.423616,100.0,True,3,6,3:6
20261001T111128,21737.526528,100.0,True,0,5,0:5
20261001T111128,16940.935424,100.0,True,7,5,7:5
20261001T111129,14036.207616,100.0,True,0,7,0:7
20261001T111129,20506.72384,100.0,True,8,6,8:6
20261001T111130,20221.681408,100.0,True,11,5,11:5
20261001T111130,22210.254848,100.0,True,14,5,14:5
20261001T111131,15066.561024,100.0,True,3,7,3:7
20261001T111131,39311.69024,100.0,True,9,1,9:1
20261001T111131,21701.952,100.0,True,9,5,9:5
20261001T111131,38903.265536,100.0,True,12,1,12:1
20261001T111132,14509.285632,100.0,True,8,9,8:9
20261001T111132,17107.0912,100.0,True,14,7,14:7
20261001T111133,14231.298048,100.0,True,1,7,1:7
20261001T111133,13889.072128,100.0,True,4,9,4:9
20261001T111133,21228.176128,100.0,True,5,5,5:5
20261001T111133,13600.379136,100.0,True,10,9,10:9
20261001T111133,18566.503168,100.0,True,11,6,11:6
20261001T111134,23726.19776,100.0,True,14,6,14:6
20261001T111134,15978.72512,100.0,True,14,8,14:8
20261001T111135,47751.234304,100.0,True,2,0,2:0
20261001T111135,23459.653888,100.0,True,4,7,4:7
20261001T111136,24795.506176,100.0,True,0,6,0:6
20261001T111136,21781.626112,100.0,True,12,5,12:5
20261001T111136,20075.242496,100.0,True,13,8,13:8
20261001T111137,13291.784192,100.0,True,1,8,1:8
20261001T111137,20877.747712,100.0,True,4,8,4:8
20261001T111137,21807.654656,100.0,True,9,6,9:6
20261001T111137,15817.922816,100.0,True,9,7,9:7
20261001T111137,50201.102336,100.0,True,13,0,13:0
20261001T111138,24325.342976,100.0,True,1,6,1:6
20261001T111138,15784.5952,100.0,True,4,10,4:10
20261001T111138,15193.281536,100.0,True,6,9,6:9
20261001T111138,21742.019328,100.0,True,7,6,7:6
20261001T111138,50961.469696,100.0,True,10,0,10:0
20261001T111139,21200.499456,100.0,True,0,8,0:8
20261001T111139,23727.235584,100.0,True,10,8,10:8
20261001T111139,41054.291968,100.0,True,11,2,11:2
20261001T111139,13887.973376,100.0,True,14,10,14:10
20261001T111140,20513.14688,100.0,True,3,8,3:8
20261001T111140,25864.612608,100.0,True,6,7,6:7
20261001T111141,18360.275968,100.0,True,3,9,3:9
20261001T111141,54108.680192,100.0,True,11,0,11:0
20261001T111142,17242.578432,100.0,True,13,10,13:10
20261001T111143,14616.806656,100.0,True,1,9,1:9
20261001T111143,25016.644864,100.0,True,6,8,6:8
20261001T111143,19799.487488,100.0,True,10,10,10:10
20261001T111144,43493.783808,100.0,True,1,3,1:3
20261001T111144,48504.854784,100.0,True,2,2,2:2
20261001T111144,22167.32672,100.0,True,7,7,7:7
20261001T111145,17790.099712,100.0,True,7,8,7:8
20261001T111145,16827.7696,100.0,True,10,12,10:12
20261001T111145,21950.675968,100.0,True,12,7,12:7
20261001T111147,26303.467008,100.0,True,5,7,5:7
20261001T111147,16883.38816,100.0,True,6,11,6:11
20261001T111147,25532.21632,100.0,True,14,9,14:9
20261001T111147,17854.459136,100.0,True,14,11,14:11
20261001T111148,21679.902208,100.0,True,4,11,4:11
20261001T111148,18536.617472,100.0,True,5,9,5:9
20261001T111148,16133.995008,100.0,True,9,9,9:9
20261001T111148,19476.711424,100.0,True,13,11,13:11
20261001T111149,43761.438464,100.0,True,2,4,2:4
20261001T111149,23418.626304,100.0,True,3,10,3:10
20261001T111149,24074.921728,100.0,True,8,11,8:11
20261001T111150,26109.1008,100.0,True,5,8,5:8
20261001T111151,26204.414976,100.0,True,2,9,2:9
20261001T111151,25095.215872,100.0,True,10,11,10:11
20261001T111152,22249.582848,100.0,True,3,11,3:11
20261001T111152,26715.512832,100.0,True,11,8,11:8
20261001T111152,17158.721536,100.0,True,11,10,11:10
20261001T111152,14691.362048,100.0,True,14,13,14:13
20261001T111153,22433.8048,100.0,True,11,9,11:9
20261001T111153,25108.461568,100.0,True,12,8,12:8
20261001T111153,44255.71072,100.0,True,13,6,13:6
20261001T111154,57862.108672,100.0,True,9,2,9:2
20261001T111155,25434.970624,100.0,True,2,10,2:10
20261001T111155,21472.488704,100.0,True,7,9,7:9
20261001T111156,26289.517568,100.0,True,0,11,0:11
20261001T111156,22158.003456,100.0,True,4,13,4:13
20261001T111156,58150.73792,100.0,True,7,2,7:2
20261001T111156,21266.834432,100.0,True,13,13,13:13
20261001T111157,16667.035136,100.0,True,2,12,2:12
20261001T111157,14814.591744,100.0,True,9,11,9:11
20261001T111157,17662.072832,100.0,True,10,15,10:15
20261001T111157,53019.3856,100.0,True,14,4,14:4
20261001T111158,17275.726848,100.0,True,14,14,14:14
20261001T111159,57591.853056,100.0,True,0,4,0:4
20261001T111159,16091.119872,100.0,True,7,11,7:11
20261001T111159,18557.1648,100.0,True,8,15,8:15
20261001T111159,19297.64224,100.0,True,11,11,11:11
20261001T111200,26621.869824,100.0,True,6,12,6:12
20261001T111200,27628.726016,100.0,True,8,13,8:13
20261001T111200,28346.93888,100.0,True,10,13,10:13
20261001T111200,17313.170432,100.0,True,11,12,11:12
20261001T111200,61704.400128,100.0,True,12,2,12:2
20261001T111200,20004.017664,100.0,True,12,10,12:10
20261001T111200,17386.721024,100.0,True,13,15,13:15
20261001T111201,55130.79168,100.0,True,5,4,5:4
20261001T111201,15719.69408,100.0,True,5,12,5:12
20261001T111201,51150.980352,100.0,True,10,6,10:6
20261001T111202,15564.770304,100.0,True,4,16,4:16
20261001T111203,26655.165184,100.0,True,3,13,3:13
20261001T111203,22525.628416,100.0,True,6,14,6:14
20261001T111203,26467.26272,100.0,True,9,10,9:10
20261001T111203,29215.402496,100.0,True,12,9,12:9
20261001T111204,62330.457856,100.0,True,5,3,5:3
20261001T111204,58306.645504,100.0,True,6,5,6:5
20261001T111204,27226.318592,100.0,True,8,14,8:14
20261001T111204,26890.981888,100.0,True,10,14,10:14
20261001T111204,51290.588672,100.0,True,13,7,13:7
20261001T111205,25993.838336,100.0,True,1,11,1:11
20261001T111205,23860.380928,100.0,True,3,14,3:14
20261001T111205,20658.217216,100.0,True,3,15,3:15
20261001T111205,17491.591168,100.0,True,8,17,8:17
20261001T111205,20458.278144,100.0,True,12,11,12:11
20261001T111206,51538.04928,100.0,True,2,6,2:6
20261001T111206,17168.343552,100.0,True,11,13,11:13
20261001T111207,16319.97184,100.0,True,2,14,2:14
20261001T111208,25078.354688,100.0,True,0,14,0:14
20261001T111208,29018.555136,100.0,True,5,11,5:11
20261001T111208,15514.72128,100.0,True,13,18,13:18
20261001T111208,17678.18496,100.0,True,14,16,14:16
20261001T111210,28067.11936,100.0,True,4,15,4:15
20261001T111211,49828.31744,100.0,True,0,9,0:9
20261001T111211,49450.154752,100.0,True,2,8,2:8
20261001T111211,17608.838912,100.0,True,9,13,9:13
20261001T111211,26486.402816,100.0,True,10,16,10:16
20261001T111212,18597.564928,100.0,True,2,15,2:15
20261001T111212,18020.51584,100.0,True,10,19,10:19
20261001T111213,23144.956928,100.0,True,1,13,1:13
20261001T111213,27795.283968,100.0,True,2,13,2:13
20261001T111213,24136.905728,100.0,True,3,16,3:16
20261001T111213,58552.30592,100.0,True,5,6,5:6
20261001T111213,24032.349184,100.0,True,5,13,5:13
20261001T111213,25445.561088,100.0,True,10,17,10:17
20261001T111213,19316.406016,100.0,True,11,14,11:14
20261001T111214,22607.53408,100.0,True,8,18,8:18
20261001T111214,25574.075136,100.0,True,9,12,9:12
20261001T111215,21682.647296,100.0,True,6,17,6:17
20261001T111215,17026.455808,100.0,True,11,15,11:15
20261001T111215,55588.660992,100.0,True,12,6,12:6
20261001T111216,27139.58016,100.0,True,6,16,6:16
20261001T111216,51190.744832,100.0,True,9,8,9:8
20261001T111217,49363.274752,100.0,True,8,12,8:12
20261001T111217,18193.670144,100.0,True,9,14,9:14
20261001T111218,26554.528768,100.0,True,3,17,3:17
20261001T111218,22157.834752,100.0,True,7,13,7:13
20261001T111218,15668.713728,100.0,True,14,19,14:19
20261001T111219,29976.9408,100.0,True,7,12,7:12
20261001T111220,21362.690048,100.0,True,3,19,3:19
20261001T111220,28737.775872,100.0,True,4,17,4:17
20261001T111220,25180.978432,100.0,True,8,19,8:19
20261001T111220,22562.0224,100.0,True,13,19,13:19
20261001T111221,19859.201536,100.0,True,4,20,4:20
20261001T111221,30158.177536,100.0,True,10,18,10:18
20261001T111221,60674.659072,100.0,True,11,7,11:7
20261001T111221,20927.892224,100.0,True,12,14,12:14
20261001T111222,29293.611008,100.0,True,1,14,1:14
20261001T111222,26981.654784,100.0,True,4,18,4:18
20261001T111222,16149.567744,100.0,True,6,20,6:20
20261001T111222,26339.753984,100.0,True,12,13,12:13
20261001T111223,68561.676032,100.0,True,8,8,8:8
20261001T111224,25645.183232,100.0,True,8,20,8:20
20261001T111224,27387.255552,100.0,True,10,20,10:20
20261001T111225,24562.665984,100.0,True,5,15,5:15
20261001T111225,22858.68672,100.0,True,11,16,11:16
20261001T111226,52092.64384,100.0,True,3,12,3:12
20261001T111226,18481.703168,100.0,True,4,22,4:22
20261001T111226,19402.664448,100.0,True,12,16,12:16
20261001T111226,66059.943424,100.0,True,13,9,13:9
20261001T111227,27034.191872,100.0,True,1,16,1:16
20261001T111227,26015.432704,100.0,True,7,14,7:14
20261001T111227,16935.16544,100.0,True,8,23,8:23
20261001T111228,70314.371328,100.0,True,2,7,2:7
20261001T111228,31108.278272,100.0,True,2,16,2:16
20261001T111228,24561.804032,100.0,True,3,20,3:20
20261001T111228,30380.59136,100.0,True,6,18,6:18
20261001T111228,66235.230976,100.0,True,8,10,8:10
20261001T111228,23273.948672,100.0,True,10,22,10:22
20261001T111228,21285.780992,100.0,True,13,22,13:22
20261001T111229,24808.285952,100.0,True,0,19,0:19
20261001T111229,18222.934272,100.0,True,5,17,5:17
20261001T111229,17817.936128,100.0,True,7,16,7:16
20261001T111229,56814.225152,100.0,True,13,12,13:12
20261001T111230,65685.789952,100.0,True,0,10,0:10
20261001T111230,21006.068992,100.0,True,0,20,0:20
20261001T111230,27151.780352,100.0,True,2,17,2:17
20261001T111231,16272.919552,100.0,True,8,24,8:24
20261001T111232,59101.008128,100.0,True,14,12,14:12
20261001T111233,17348.125184,100.0,True,0,22,0:22
20261001T111233,23989.528576,100.0,True,1,18,1:18
20261001T111233,18328.583424,100.0,True,1,19,1:19
20261001T111233,26814.947584,100.0,True,2,18,2:18
20261001T111233,27134.17728,100.0,True,5,16,5:16
20261001T111233,55634.030848,100.0,True,6,13,6:13
20261001T111233,18742.234112,100.0,True,10,25,10:25
20261001T111233,16479.502848,100.0,True,11,19,11:19
20261001T111233,21407.287296,100.0,True,12,17,12:17
20261001T111233,23198.066688,100.0,True,13,23,13:23
20261001T111234,29669.373696,100.0,True,1,17,1:17
20261001T111235,16261.095424,100.0,True,2,21,2:21
20261001T111235,23335.107328,100.0,True,3,22,3:22
20261001T111235,64584.97536,100.0,True,4,12,4:12
20261001T111235,31370.705408,100.0,True,12,15,12:15
20261001T111236,27513.725184,100.0,True,3,21,3:21
20261001T111237,52831.337728,100.0,True,1,12,1:12
20261001T111237,21053.686272,100.0,True,4,24,4:24
20261001T111237,30928.294912,100.0,True,8,22,8:22
20261001T111237,29538.841856,100.0,True,10,23,10:23
20261001T111238,21333.500672,100.0,True,3,23,3:23
20261001T111238,16871.741184,100.0,True,3,24,3:24
20261001T111238,72071.577856,100.0,True,6,10,6:10
20261001T111238,31059.201792,100.0,True,14,20,14:20
20261001T111239,18295.777792,100.0,True,7,18,7:18
20261001T111239,19624.283136,100.0,True,9,18,9:18
20261001T111240,27216.11776,100.0,True,9,17,9:17
20261001T111242,30721.711616,100.0,True,2,19,2:19
20261001T111242,26243.945472,100.0,True,2,20,2:20
20261001T111242,28563.36256,100.0,True,13,24,13:24
20261001T111243,68848.76288,100.0,True,0,12,0:12
20261001T111243,16491.633152,100.0,True,4,27,4:27
20261001T111243,27660.108032,100.0,True,12,18,12:18
20261001T111244,69501.294592,100.0,True,2,11,2:11
20261001T111244,17322.972416,100.0,True,3,25,3:25
20261001T111244,70145.25568,100.0,True,5,10,5:10
20261001T111245,27529.855744,100.0,True,5,18,5:18
20261001T111245,20378.883584,100.0,True,5,20,5:20
20261001T111245,24454.841088,100.0,True,12,19,12:19
20261001T111245,66900.451328,100.0,True,13,14,13:14
20261001T111246,25781.974272,100.0,True,4,25,4:25
20261001T111246,29711.552768,100.0,True,7,17,7:17
20261001T111246,60431.092992,100.0,True,13,16,13:16
20261001T111247,24130.477568,100.0,True,4,26,4:26
20261001T111247,25844.64128,100.0,True,6,24,6:24
20261001T111247,55706.023936,100.0,True,12,12,12:12
20261001T111248,28166.613504,100.0,True,0,23,0:23
20261001T111248,74952.144384,100.0,True,1,10,1:10
20261001T111248,18227.49952,100.0,True,4,28,4:28
20261001T111248,27360.9408,100.0,True,5,19,5:19
20261001T111248,25383.34976,100.0,True,10,27,10:27
20261001T111248,21963.938048,100.0,True,13,27,13:27
20261001T111249,29170.598656,100.0,True,1,20,1:20
20261001T111249,17605.042176,100.0,True,14,26,14:26
20261001T111250,27735.497984,100.0,True,0,24,0:24
20261001T111250,30730.685184,100.0,True,10,26,10:26
20261001T111250,23840.656128,100.0,True,10,28,10:28
20261001T111250,19936.20096,100.0,True,11,22,11:22
20261001T111250,28845.757696,100.0,True,13,26,13:26
20261001T111251,71597.600512,100.0,True,0,13,0:13
20261001T111251,23718.169344,100.0,True,2,23,2:23
20261001T111251,73163.172608,100.0,True,7,10,7:10
20261001T111251,17283.85792,100.0,True,10,30,10:30
20261001T111251,29038.47296,100.0,True,14,24,14:24
20261001T111252,19355.038464,100.0,True,8,29,8:29
20261001T111252,26964.794624,100.0,True,12,20,12:20
20261001T111252,25613.250304,100.0,True,14,25,14:25
20261001T111253,61062.235392,100.0,True,0,16,0:16
20261001T111253,19121.241856,100.0,True,2,25,2:25
20261001T111253,23562.475264,100.0,True,10,29,10:29
20261001T111253,22319.31008,100.0,True,13,28,13:28
20261001T111254,27226.669824,100.0,True,0,25,0:25
20261001T111254,31556.583168,100.0,True,8,26,8:26
20261001T111254,18104.66176,100.0,True,9,21,9:21
20261001T111255,16895.037696,100.0,True,4,30,4:30
20261001T111255,68962.350336,100.0,True,14,15,14:15
20261001T111256,21967.901696,100.0,True,1,23,1:23
20261001T111256,24030.853632,100.0,True,3,26,3:26
20261001T111256,77264.74624,100.0,True,4,14,4:14
20261001T111256,23581.491456,100.0,True,6,27,6:27
20261001T111256,24127.866112,100.0,True,7,20,7:20
20261001T111256,55827.334144,100.0,True,10,21,10:21
20261001T111257,32381.767424,100.0,True,1,21,1:21
20261001T111257,28195.418368,100.0,True,1,22,1:22
20261001T111257,30863.020032,100.0,True,8,27,8:27
20261001T111258,21262.09152,100.0,True,0,28,0:28
20261001T111258,30089.567232,100.0,True,5,21,5:21
20261001T111258,32425.466624,100.0,True,6,25,6:25
20261001T111258,18065.589504,100.0,True,6,29,6:29
20261001T111258,29097.72928,100.0,True,9,20,9:20
20261001T111259,28926.221312,100.0,True,8,28,8:28
20261001T111300,29010.735104,100.0,True,2,24,2:24
20261001T111300,64797.640704,100.0,True,3,18,3:18
20261001T111300,24703.21408,100.0,True,11,23,11:23
20261001T111300,19492.879616,100.0,True,13,31,13:31
20261001T111300,21741.504256,100.0,True,14,28,14:28
20261001T111301,31483.373568,100.0,True,0,26,0:26
20261001T111301,21072.80128,100.0,True,3,28,3:28
20261001T111301,66352.7552,100.0,True,5,14,5:14
20261001T111301,78050.546944,100.0,True,8,16,8:16
20261001T111301,30887.117312,100.0,True,12,21,12:21
20261001T111301,25423.917568,100.0,True,14,27,14:27
20261001T111302,22574.096384,100.0,True,0,29,0:29
20261001T111302,26113.139456,100.0,True,5,23,5:23
20261001T111302,18564.524032,100.0,True,9,23,9:23
20261001T111303,62919.871744,100.0,True,0,18,0:18
20261001T111303,19317.683968,100.0,True,0,30,0:30
20261001T111303,23281.658112,100.0,True,2,26,2:26
20261001T111304,66941.066496,100.0,True,4,19,4:19
20261001T111304,31638.208768,100.0,True,5,22,5:22
20261001T111304,33717.926144,100.0,True,6,26,6:26
20261001T111304,27384.260096,100.0,True,7,21,7:21
20261001T111304,74806.521856,100.0,True,13,17,13:17
20261001T111305,79813.916928,100.0,True,6,15,6:15
20261001T111305,25054.670592,100.0,True,12,23,12:23
20261001T111306,78567.77856,100.0,True,0,15,0:15
20261001T111306,21084.646656,100.0,True,3,29,3:29
20261001T111306,60509.933312,100.0,True,7,15,7:15
20261001T111307,33730.48448,100.0,True,0,27,0:27
20261001T111307,22068.369664,100.0,True,2,27,2:27
20261001T111307,61172.871168,100.0,True,11,17,11:17
20261001T111308,24179.32288,100.0,True,6,30,6:30
20261001T111308,65287.6544,100.0,True,13,21,13:21
20261001T111309,20382.72,100.0,True,3,30,3:30
20261001T111309,17960.965376,100.0,True,11,27,11:27
20261001T111310,73910.960128,100.0,True,0,17,0:17
20261001T111310,32716.9344,100.0,True,8,30,8:30
20261001T111310,29012.709888,100.0,True,8,31,8:31
20261001T111311,28040.870656,100.0,True,1,25,1:25
20261001T111311,20603.609856,100.0,True,2,28,2:28
20261001T111311,62668.332288,100.0,True,9,16,9:16
20261001T111311,60123.286272,100.0,True,10,24,10:24
20261001T111311,28212.244992,100.0,True,11,25,11:25
20261001T111311,73382.794752,100.0,True,14,18,14:18
20261001T111312,69721.037568,100.0,True,8,21,8:21
20261001T111312,32563.510528,100.0,True,9,22,9:22
20261001T111312,19022.12864,100.0,True,13,34,13:34
20261001T111313,27283.300352,100.0,True,4,32,4:32
20261001T111313,30188.815872,100.0,True,7,22,7:22
20261001T111313,21605.754112,100.0,True,12,25,12:25
20261001T111313,25591.888128,100.0,True,13,33,13:33
20261001T111314,59505.027072,100.0,True,6,22,6:22
20261001T111314,27463.570944,100.0,True,6,31,6:31
20261001T111314,26360.452352,100.0,True,11,26,11:26
20261001T111314,79593.458944,100.0,True,14,17,14:17
20261001T111315,24701.938944,100.0,True,5,26,5:26
20261001T111315,63729.2544,100.0,True,14,21,14:21
20261001T111316,28675.62112,100.0,True,0,31,0:31
20261001T111316,78731.39072,100.0,True,1,15,1:15
20261001T111316,28993.566976,100.0,True,1,26,1:26
20261001T111316,22845.414912,100.0,True,3,31,3:31
20261001T111316,23571.20896,100.0,True,9,25,9:25
20261001T111317,29650.671616,100.0,True,8,33,8:33
20261001T111317,22043.230464,100.0,True,14,32,14:32
20261001T111318,73944.489216,100.0,True,4,21,4:21
20261001T111318,20886.087936,100.0,True,6,34,6:34
20261001T111318,33238.512128,100.0,True,8,32,8:32
20261001T111318,17888.107008,100.0,True,13,36,13:36
20261001T111319,66149.947904,100.0,True,0,21,0:21
20261001T111319,19073.165312,100.0,True,5,28,5:28
20261001T111319,21725.55648,100.0,True,10,36,10:36
20261001T111320,27318.569728,100.0,True,1,27,1:27
20261001T111320,23197.808128,100.0,True,1,28,1:28
20261001T111320,34534.494976,100.0,True,10,33,10:33
20261001T111320,19952.242688,100.0,True,10,37,10:37
20261001T111321,79498.171904,100.0,True,6,19,6:19
20261001T111321,34851.51232,100.0,True,12,24,12:24
20261001T111321,81024.596736,100.0,True,13,20,13:20
20261001T111322,25682.692608,100.0,True,0,33,0:33
20261001T111322,20420.399104,100.0,True,6,35,6:35
20261001T111322,22379.452416,100.0,True,12,27,12:27
20261001T111322,65072.320256,100.0,True,13,25,13:25
20261001T111323,23644.33408,100.0,True,0,34,0:34
20261001T111323,24888.498176,100.0,True,2,30,2:30
20261001T111323,18335.033856,100.0,True,11,30,11:30
20261001T111323,30852.596736,100.0,True,14,31,14:31
20261001T111324,30925.762304,100.0,True,0,32,0:32
20261001T111324,66388.814592,100.0,True,8,25,8:25
20261001T111324,81586.110464,100.0,True,9,15,9:15
20261001T111324,35256.735488,100.0,True,9,24,9:24
20261001T111325,30384.99456,100.0,True,8,35,8:35
20261001T111326,19998.554112,100.0,True,2,32,2:32
20261001T111326,33349.75488,100.0,True,6,33,6:33
20261001T111326,33794.505472,100.0,True,10,35,10:35
20261001T111326,30239.61216,100.0,True,12,26,12:26
20261001T111327,25643.549184,100.0,True,2,31,2:31
20261001T111327,22826.664448,100.0,True,8,38,8:38
20261001T111327,64791.435264,100.0,True,11,20,11:20
20261001T111327,60817.306624,100.0,True,11,21,11:21
20261001T111327,19235.45728,100.0,True,13,38,13:38
20261001T111328,21191.786496,100.0,True,7,27,7:27
20261001T111328,69417.198336,100.0,True,14,23,14:23
20261001T111329,27514.509056,100.0,True,1,29,1:29
20261001T111329,20771.21536,100.0,True,4,38,4:38
20261001T111329,19537.569792,100.0,True,5,30,5:30
20261001T111329,78654.884864,100.0,True,6,21,6:21
20261001T111329,27016.083456,100.0,True,9,27,9:27
20261001T111329,26071.982592,100.0,True,12,28,12:28
20261001T111330,29227.830784,100.0,True,3,33,3:33
20261001T111330,32371.566592,100.0,True,11,28,11:28
20261001T111330,23602.979072,100.0,True,12,29,12:29
20261001T111331,24182.112768,100.0,True,1,30,1:30
20261001T111331,78866.902784,100.0,True,4,23,4:23
20261001T111331,27540.34176,100.0,True,5,29,5:29
20261001T111331,20460.222976,100.0,True,13,39,13:39
20261001T111332,20343.067392,100.0,True,4,39,4:39
20261001T111332,80128.57216,100.0,True,11,18,11:18
20261001T111332,28130.448128,100.0,True,13,37,13:37
20261001T111333,27867.67872,100.0,True,4,37,4:37
20261001T111333,22937.896704,100.0,True,7,28,7:28
20261001T111333,33558.629888,100.0,True,14,33,14:33
20261001T111334,19116.122624,100.0,True,13,40,13:40
20261001T111335,71957.692672,100.0,True,2,22,2:22
20261001T111335,29274.31168,100.0,True,3,34,3:34
20261001T111335,57847.097088,100.0,True,10,31,10:31
20261001T111335,20490.441984,100.0,True,10,41,10:41
20261001T111335,79429.406464,100.0,True,14,22,14:22
20261001T111336,30868.9472,100.0,True,0,35,0:35
20261001T111336,21381.110272,100.0,True,4,40,4:40
20261001T111336,31126.72256,100.0,True,6,36,6:36
20261001T111337,29568.352768,100.0,True,0,36,0:36
20261001T111337,26012.73728,100.0,True,14,36,14:36
20261001T111338,22214.720512,100.0,True,2,34,2:34
20261001T111338,24152.933376,100.0,True,3,36,3:36
20261001T111338,71978.901504,100.0,True,7,19,7:19
20261001T111339,81591.636992,100.0,True,6,23,6:23
20261001T111339,27451.541248,100.0,True,6,38,6:38
20261001T111339,24084.818944,100.0,True,8,41,8:41
20261001T111339,62785.817088,100.0,True,12,22,12:22
20261001T111340,22462.784256,100.0,True,0,39,0:39
20261001T111340,22476.647168,100.0,True,3,37,3:37
20261001T111340,30108.97152,100.0,True,11,31,11:31
20261001T111341,29691.676672,100.0,True,0,37,0:37
20261001T111342,61334.652928,100.0,True,5,24,5:24
20261001T111342,30771.811584,100.0,True,8,40,8:40
20261001T111342,27574.146048,100.0,True,14,37,14:37
20261001T111343,63626.99136,100.0,True,1,24,1:24
20261001T111343,35041.288448,100.0,True,8,39,8:39
20261001T111343,30702.18624,100.0,True,12,30,12:30
20261001T111343,22355.604736,100.0,True,13,42,13:42
20261001T111344,25064.417024,100.0,True,8,42,8:42
20261001T111344,28472.49792,100.0,True,11,32,11:32
20261001T111344,25868.696576,100.0,True,13,41,13:41
20261001T111345,30497.499136,100.0,True,0,38,0:38
20261001T111345,67781.034752,100.0,True,13,30,13:30
20261001T111346,34759.09376,100.0,True,2,33,2:33
20261001T111346,29502.082816,100.0,True,7,29,7:29
20261001T111346,19518.993664,100.0,True,8,44,8:44
20261001T111346,25973.773824,100.0,True,11,33,11:33
20261001T111347,20752.024832,100.0,True,0,41,0:41
20261001T111347,24217.756928,100.0,True,2,36,2:36
20261001T111347,22006.147328,100.0,True,11,34,11:34
20261001T111347,21439.042816,100.0,True,13,43,13:43
20261001T111348,83588.133376,100.0,True,9,19,9:19
20261001T111348,66233.652992,100.0,True,10,32,10:32
20261001T111348,19796.296448,100.0,True,10,45,10:45
20261001T111348,25856.32384,100.0,True,14,39,14:39
20261001T111349,21592.98304,100.0,True,1,35,1:35
20261001T111349,30736.146688,100.0,True,2,35,2:35
20261001T111349,74658.95168,100.0,True,4,29,4:29
20261001T111349,24950.304512,100.0,True,5,33,5:33
20261001T111349,19825.155584,100.0,True,5,34,5:34
20261001T111349,69752.683008,100.0,True,11,24,11:24
20261001T111350,30736.628992,100.0,True,5,32,5:32
20261001T111350,58844.394752,100.0,True,8,34,8:34
20261001T111350,32703.387904,100.0,True,9,30,9:30
20261001T111351,30379.490816,100.0,True,1,33,1:33
20261001T111351,75343.291136,100.0,True,3,27,3:27
20261001T111351,29829.174016,100.0,True,3,38,3:38
20261001T111351,24774.37952,100.0,True,4,43,4:43
20261001T111352,29912.5632,100.0,True,6,41,6:41
20261001T111352,22114.018048,100.0,True,6,43,6:43
20261001T111352,31096.23168,100.0,True,10,43,10:43
20261001T111353,71811.588608,100.0,True,4,31,4:31
20261001T111353,34481.081856,100.0,True,4,41,4:41
20261001T111353,67807.740928,100.0,True,13,32,13:32
20261001T111353,25994.149376,100.0,True,14,40,14:40
20261001T111354,27595.716864,100.0,True,2,37,2:37
20261001T111354,32272.329216,100.0,True,8,43,8:43
20261001T111354,64589.691392,100.0,True,10,34,10:34
20261001T111354,35672.883456,100.0,True,10,42,10:42
20261001T111354,80263.735552,100.0,True,13,29,13:29
20261001T111354,24313.933824,100.0,True,13,44,13:44
20261001T111354,22418.430208,100.0,True,14,41,14:41
20261001T111355,22195.516416,100.0,True,7,32,7:32
20261001T111355,24185.308672,100.0,True,12,34,12:34
20261001T111355,36538.00832,100.0,True,14,38,14:38
20261001T111356,26283.880192,100.0,True,0,42,0:42
20261001T111356,62778.913024,100.0,True,4,34,4:34
20261001T111356,80275.328512,100.0,True,6,28,6:28
20261001T111356,32304.412928,100.0,True,10,44,10:44
20261001T111359,23686.000128,100.0,True,1,37,1:37
20261001T111359,28388.768512,100.0,True,3,40,3:40
20261001T111359,69731.732992,100.0,True,4,33,4:33
20261001T111359,61707.095296,100.0,True,9,26,9:26
20261001T111359,35134.921216,100.0,True,9,31,9:31
20261001T111400,26251.000832,100.0,True,4,45,4:45
20261001T111400,25557.351936,100.0,True,11,36,11:36
20261001T111400,26695.712768,100.0,True,13,45,13:45
20261001T111401,36918.447872,100.0,True,1,34,1:34
20261001T111402,23573.58592,100.0,True,7,33,7:33
20261001T111402,29588.41728,100.0,True,10,46,10:46
20261001T111402,34917.021184,100.0,True,12,33,12:33
20261001T111403,77833.42976,100.0,True,5,25,5:25
20261001T111403,73902.520064,100.0,True,6,32,6:32
20261001T111403,33221.6768,100.0,True,8,45,8:45
20261001T111404,68608.560128,100.0,True,5,27,5:27
20261001T111404,62645.881088,100.0,True,11,29,11:29
20261001T111404,34466.289664,100.0,True,11,35,11:35
20261001T111404,27045.505792,100.0,True,13,46,13:46
20261001T111404,81307.302144,100.0,True,14,29,14:29
20261001T111405,66292.634624,100.0,True,8,36,8:36
20261001T111405,29346.240512,100.0,True,12,35,12:35
20261001T111406,23696.891392,100.0,True,7,34,7:34
20261001T111407,29187.902208,100.0,True,0,44,0:44
20261001T111407,70215.677696,100.0,True,3,32,3:32
20261001T111407,22747.999232,100.0,True,3,43,3:43
20261001T111407,29968.954112,100.0,True,4,46,4:46
20261001T111407,25230.537472,100.0,True,6,46,6:46
20261001T111407,32381.13024,100.0,True,8,46,8:46
20261001T111407,31909.229568,100.0,True,9,33,9:33
20261001T111407,59754.55744,100.0,True,14,35,14:35
20261001T111408,65935.929344,100.0,True,7,26,7:26
20261001T111408,32256.276736,100.0,True,14,42,14:42
20261001T111409,21799.216128,100.0,True,0,46,0:46
20261001T111409,28257.162496,100.0,True,2,40,2:40
20261001T111409,28030.240256,100.0,True,9,34,9:34
20261001T111409,33107.661312,100.0,True,10,47,10:47
20261001T111409,28629.558016,100.0,True,12,36,12:36
20261001T111410,23493.898752,100.0,True,8,49,8:49
20261001T111410,58653.889536,100.0,True,9,29,9:29
20261001T111410,58500.026368,100.0,True,10,40,10:40
20261001T111410,28333.57696,100.0,True,10,49,10:49
20261001T111410,22477.967104,100.0,True,13,49,13:49
20261001T111411,83019.131136,100.0,True,7,23,7:23
20261001T111411,64502.439936,100.0,True,9,28,9:28
20261001T111411,67859.32672,100.0,True,14,34,14:34
20261001T111412,77457.012736,100.0,True,2,29,2:29
20261001T111412,19551.604224,100.0,True,3,45,3:45
20261001T111412,19269.432064,100.0,True,4,50,4:50
20261001T111412,28046.144512,100.0,True,11,38,11:38
20261001T111412,84904.338688,100.0,True,14,30,14:30
20261001T111413,22474.30528,100.0,True,0,47,0:47
20261001T111413,20336.106496,100.0,True,6,49,6:49
20261001T111413,19127.194368,100.0,True,7,36,7:36
20261001T111413,33427.488256,100.0,True,11,37,11:37
20261001T111413,30792.192768,100.0,True,14,44,14:44
20261001T111414,34881.533952,100.0,True,3,42,3:42
20261001T111414,37039.8784,100.0,True,5,36,5:36
20261001T111414,23052.434432,100.0,True,8,50,8:50
20261001T111414,66653.08672,100.0,True,10,39,10:39
20261001T111416,65408.02944,100.0,True,1,31,1:31
20261001T111416,31924.925184,100.0,True,4,48,4:48
20261001T111416,78821.610496,100.0,True,13,35,13:35
20261001T111416,36337.366528,100.0,True,13,47,13:47
20261001T111416,29529.990144,100.0,True,14,45,14:45
20261001T111417,68766.593024,100.0,True,3,35,3:35
20261001T111417,84456.61568,100.0,True,7,24,7:24
20261001T111418,32963.636736,100.0,True,5,38,5:38
20261001T111418,80969.159168,100.0,True,7,25,7:25
20261001T111419,37595.546112,100.0,True,4,47,4:47
20261001T111419,31994.416384,100.0,True,9,35,9:35
20261001T111419,25642.137344,100.0,True,9,36,9:36
20261001T111420,35291.769088,100.0,True,1,39,1:39
20261001T111420,30900.388864,100.0,True,5,39,5:39
20261001T111420,35186.178304,100.0,True,13,48,13:48
20261001T111420,28674.754304,100.0,True,13,50,13:50
20261001T111421,30416.078336,100.0,True,6,48,6:48
20261001T111422,83655.953664,100.0,True,4,35,4:35
20261001T111422,26241.377024,100.0,True,4,51,4:51
20261001T111422,73870.885632,100.0,True,6,37,6:37
20261001T111422,33272.004096,100.0,True,7,35,7:35
20261001T111422,27748.372736,100.0,True,10,52,10:52
20261001T111422,59417.372928,100.0,True,12,32,12:32
20261001T111423,34803.141632,100.0,True,4,49,4:49
20261001T111423,79609.718528,100.0,True,10,38,10:38
20261001T111423,37403.028992,100.0,True,10,50,10:50
20261001T111423,33988.653312,100.0,True,11,39,11:39
20261001T111423,24676.611328,100.0,True,13,52,13:52
20261001T111423,31734.949376,100.0,True,14,46,14:46
20261001T111424,27647.461376,100.0,True,1,42,1:42
20261001T111424,82591.337216,100.0,True,4,36,4:36
20261001T111424,68014.543872,100.0,True,12,31,12:31
20261001T111424,24681.566976,100.0,True,14,48,14:48
20261001T111425,69766.678528,100.0,True,1,32,1:32
20261001T111425,65490.284288,100.0,True,6,40,6:40
20261001T111426,29947.252736,100.0,True,3,46,3:46
20261001T111426,69739.186688,100.0,True,6,39,6:39
20261001T111426,84451.081728,100.0,True,8,37,8:37
20261001T111426,23244.827904,100.0,True,10,54,10:54
20261001T111427,33127.971072,100.0,True,0,48,0:48
20261001T111427,22083.762432,100.0,True,6,52,6:52
20261001T111428,33549.289472,100.0,True,2,43,2:43
20261001T111428,30896.427008,100.0,True,11,41,11:41
20261001T111429,59200.153088,100.0,True,4,44,4:44
20261001T111429,32182.363648,100.0,True,6,50,6:50
20261001T111429,31477.22368,100.0,True,7,37,7:37
20261001T111429,32104.23936,100.0,True,8,52,8:52
20261001T111429,31531.789312,100.0,True,9,37,9:37
20261001T111430,63947.16928,100.0,True,3,39,3:39
20261001T111430,30829.101312,100.0,True,4,52,4:52
20261001T111430,21807.642368,100.0,True,7,39,7:39
20261001T111430,28119.05152,100.0,True,8,53,8:53
20261001T111430,22900.823808,100.0,True,14,50,14:50
20261001T111431,29568.201984,100.0,True,6,51,6:51
20261001T111431,29177.750784,100.0,True,13,53,13:53
20261001T111432,68604.737024,100.0,True,4,42,4:42
20261001T111432,27250.049792,100.0,True,8,54,8:54
20261001T111432,36647.868416,100.0,True,14,47,14:47
20261001T111432,20963.700224,100.0,True,14,51,14:51
20261001T111433,36783.4176,100.0,True,0,49,0:49
20261001T111433,32696.691456,100.0,True,3,47,3:47
20261001T111433,79157.9904,100.0,True,5,31,5:31
20261001T111433,38390.639872,100.0,True,5,40,5:40
20261001T111433,38329.121536,100.0,True,12,39,12:39
20261001T111434,32632.398336,100.0,True,2,45,2:45
20261001T111434,71358.813696,100.0,True,7,30,7:30
20261001T111435,22740.441856,100.0,True,10,56,10:56
20261001T111435,25079.942912,100.0,True,13,55,13:55
20261001T111436,34136.82816,100.0,True,0,50,0:50
20261001T111436,33540.640512,100.0,True,9,38,9:38
20261001T111437,38143.252992,100.0,True,5,41,5:41
20261001T111437,70133.171456,100.0,True,6,42,6:42
20261001T111437,33407.288832,100.0,True,11,42,11:42
20261001T111438,38159.305984,100.0,True,1,43,1:43
20261001T111438,38812.852992,100.0,True,10,53,10:53
20261001T111439,31413.371904,100.0,True,4,54,4:54
20261001T111439,30122.863616,100.0,True,5,43,5:43
20261001T111439,36906.81344,100.0,True,7,38,7:38
20261001T111439,26053.907968,100.0,True,11,44,11:44
20261001T111441,34099.002368,100.0,True,1,45,1:45
20261001T111441,35841.209344,100.0,True,2,46,2:46
20261001T111441,23008.533248,100.0,True,4,57,4:57
20261001T111441,29045.603072,100.0,True,9,40,9:40
20261001T111441,24249.23008,100.0,True,13,57,13:57
20261001T111442,37470.779136,100.0,True,3,48,3:48
20261001T111442,27090.959616,100.0,True,4,56,4:56
20261001T111442,75312.391424,100.0,True,7,31,7:31
20261001T111442,26843.616,100.0,True,8,57,8:57
20261001T111442,24150.17344,100.0,True,8,58,8:58
20261001T111443,27086.434048,100.0,True,1,47,1:47
20261001T111443,26166.076928,100.0,True,3,51,3:51
20261001T111443,65203.092992,100.0,True,8,47,8:47
20261001T111443,34011.851776,100.0,True,11,43,11:43
20261001T111443,24648.826112,100.0,True,11,45,11:45
20261001T111444,38439.05664,100.0,True,0,51,0:51
20261001T111444,23707.842304,100.0,True,3,52,3:52
20261001T111444,31574.392064,100.0,True,6,54,6:54
20261001T111444,33510.19648,100.0,True,12,42,12:42
20261001T111444,24566.99904,100.0,True,13,58,13:58
20261001T111445,36446.670592,100.0,True,3,49,3:49
20261001T111445,36143.713024,100.0,True,8,55,8:55
20261001T111445,37386.933248,100.0,True,10,55,10:55
20261001T111445,28632.037632,100.0,True,10,57,10:57
20261001T111446,30636.014592,100.0,True,0,53,0:53
20261001T111446,31494.344704,100.0,True,2,48,2:48
20261001T111446,73572.560128,100.0,True,5,35,5:35
20261001T111447,34109.596672,100.0,True,3,50,3:50
20261001T111447,27593.703936,100.0,True,6,56,6:56
20261001T111447,21989.766912,100.0,True,10,59,10:59
20261001T111447,61997.363456,100.0,True,12,37,12:37
20261001T111448,86391.09248,100.0,True,0,40,0:40
20261001T111448,37342.477568,100.0,True,0,52,0:52
20261001T111448,72390.108928,100.0,True,3,41,3:41
20261001T111448,25996.396288,100.0,True,13,59,13:59
20261001T111449,38245.041664,100.0,True,1,46,1:46
20261001T111449,31718.9632,100.0,True,5,45,5:45
20261001T111450,69106.935808,100.0,True,1,38,1:38
20261001T111450,64182.898688,100.0,True,2,41,2:41
20261001T111450,30986.264832,100.0,True,12,44,12:44
20261001T111450,25118.721536,100.0,True,14,54,14:54
20261001T111451,58268.880896,100.0,True,1,41,1:41
20261001T111451,24019.008768,100.0,True,4,60,4:60
20261001T111451,80753.76512,100.0,True,9,32,9:32
20261001T111451,37219.70304,100.0,True,12,43,12:43
20261001T111451,72191.903488,100.0,True,14,43,14:43
20261001T111452,26156.158464,100.0,True,5,47,5:47
20261001T111453,29846.452736,100.0,True,0,55,0:55
20261001T111453,74099.280128,100.0,True,6,45,6:45
20261001T111453,27511.8144,100.0,True,6,58,6:58
20261001T111453,25058.48064,100.0,True,11,47,11:47
20261001T111454,32844.74496,100.0,True,1,48,1:48
20261001T111454,82371.698432,100.0,True,2,38,2:38
20261001T111454,72001.79328,100.0,True,8,48,8:48
20261001T111454,37874.346496,100.0,True,9,41,9:41
20261001T111454,61189.949952,100.0,True,11,40,11:40
20261001T111455,26184.194048,100.0,True,3,54,3:54
20261001T111455,81409.86112,100.0,True,6,44,6:44
20261001T111455,76414.391808,100.0,True,10,48,10:48
20261001T111455,32310.699776,100.0,True,11,46,11:46
20261001T111456,84507.823104,100.0,True,1,36,1:36
20261001T111456,78813.016576,100.0,True,2,39,2:39
20261001T111456,65725.066752,100.0,True,2,42,2:42
20261001T111457,32400.013056,100.0,True,4,59,4:59
20261001T111457,63573.985536,100.0,True,8,51,8:51
20261001T111458,31915.682816,100.0,True,0,56,0:56
20261001T111458,28060.312576,100.0,True,0,57,0:57
20261001T111458,31601.995264,100.0,True,1,49,1:49
20261001T111458,36125.828864,100.0,True,5,46,5:46
20261001T111458,35510.5408,100.0,True,6,57,6:57
20261001T111458,67189.6,100.0,True,12,38,12:38
20261001T111458,37970.42816,100.0,True,14,53,14:53
20261001T111459,33121.207552,100.0,True,7,43,7:43
20261001T111459,29753.262848,100.0,True,8,61,8:61
20261001T111459,36205.167104,100.0,True,9,42,9:42
20261001T111459,34907.399168,100.0,True,12,45,12:45
20261001T111459,64398.181888,100.0,True,13,51,13:51
20261001T111500,85657.602816,100.0,True,0,43,0:43
20261001T111500,34587.90912,100.0,True,2,51,2:51
20261001T111500,29441.849856,100.0,True,10,61,10:61
20261001T111501,75241.588992,100.0,True,6,47,6:47
20261001T111501,38425.455104,100.0,True,8,59,8:59
20261001T111501,34850.55104,100.0,True,13,60,13:60
20261001T111501,31365.161472,100.0,True,13,61,13:61
20261001T111502,72768.434432,100.0,True,1,40,1:40
20261001T111502,33581.652224,100.0,True,2,52,2:52
20261001T111503,26114.155264,100.0,True,4,63,4:63
20261001T111504,25809.145344,100.0,True,0,59,0:59
20261001T111504,33626.016768,100.0,True,1,50,1:50
20261001T111504,82610.220544,100.0,True,5,37,5:37
20261001T111504,27603.822336,100.0,True,6,61,6:61
20261001T111504,73869.635328,100.0,True,10,51,10:51
20261001T111505,31622.451712,100.0,True,1,51,1:51
20261001T111505,77142.215168,100.0,True,3,44,3:44
20261001T111505,34754.604032,100.0,True,4,61,4:61
20261001T111505,37366.660608,100.0,True,9,43,9:43
20261001T111506,84087.937536,100.0,True,0,45,0:45
20261001T111506,25215.035648,100.0,True,6,62,6:62
20261001T111506,29233.408768,100.0,True,9,45,9:45
20261001T111506,33938.489344,100.0,True,11,48,11:48
20261001T111506,36688.698624,100.0,True,14,55,14:55
20261001T111507,33471.894016,100.0,True,8,62,8:62
20261001T111507,31050.788096,100.0,True,12,47,12:47
20261001T111507,25563.47136,100.0,True,13,64,13:64
20261001T111508,24812.497408,100.0,True,0,60,0:60
20261001T111508,37135.328512,100.0,True,9,44,9:44
20261001T111508,63715.066368,100.0,True,14,49,14:49
20261001T111510,36216.840448,100.0,True,10,62,10:62
20261001T111510,29582.121472,100.0,True,11,50,11:50
20261001T111510,24903.464192,100.0,True,13,65,13:65
20261001T111511,38057.813248,100.0,True,4,62,4:62
20261001T111511,33217.029376,100.0,True,5,50,5:50
20261001T111511,33609.373184,100.0,True,13,63,13:63
20261001T111512,30243.834368,100.0,True,1,53,1:53
20261001T111512,34537.996288,100.0,True,2,54,2:54
20261001T111512,38229.915904,100.0,True,5,49,5:49
20261001T111512,27058.37824,100.0,True,11,51,11:51
20261001T111513,36927.673088,100.0,True,3,56,3:56
20261001T111513,27731.1232,100.0,True,8,65,8:65
20261001T111513,25339.83616,100.0,True,9,47,9:47
20261001T111513,37619.423488,100.0,True,11,49,11:49
20261001T111514,24546.553088,100.0,True,2,57,2:57
20261001T111514,26090.896128,100.0,True,3,59,3:59
20261001T111514,33566.994432,100.0,True,10,64,10:64
20261001T111514,75074.857984,100.0,True,12,40,12:40
20261001T111515,41535.243776,100.0,True,2,53,2:53
20261001T111515,29936.827904,100.0,True,10,65,10:65
20261001T111515,26029.992192,100.0,True,11,52,11:52
20261001T111516,38561.944064,100.0,True,1,52,1:52
20261001T111516,66616.281088,100.0,True,2,47,2:47
20261001T111516,67768.837376,100.0,True,6,53,6:53
20261001T111517,26389.186304,100.0,True,1,55,1:55
20261001T111517,70338.006016,100.0,True,9,39,9:39
20261001T111518,34294.17472,100.0,True,6,63,6:63
20261001T111519,76168.516864,100.0,True,1,44,1:44
20261001T111519,34645.9072,100.0,True,4,65,4:65
20261001T111519,76047.086848,100.0,True,5,42,5:42
20261001T111519,34992.374272,100.0,True,14,59,14:59
20261001T111520,33547.489536,100.0,True,1,54,1:54
20261001T111520,38338.49472,100.0,True,8,64,8:64
20261001T111520,27684.107264,100.0,True,8,67,8:67
20261001T111521,33363.389184,100.0,True,6,64,6:64
20261001T111521,28136.828416,100.0,True,10,67,10:67
20261001T111521,33898.180864,100.0,True,12,49,12:49
20261001T111521,26967.469568,100.0,True,13,68,13:68
20261001T111522,40030.819584,100.0,True,2,55,2:55
20261001T111522,39410.867968,100.0,True,9,46,9:46
20261001T111522,28808.33152,100.0,True,11,53,11:53
20261001T111523,27055.145216,100.0,True,3,61,3:61
20261001T111524,39596.174592,100.0,True,3,58,3:58
20261001T111524,27900.09344,100.0,True,7,49,7:49
20261001T111524,30273.359872,100.0,True,9,48,9:48
20261001T111524,32523.314944,100.0,True,13,67,13:67
20261001T111524,35763.388672,100.0,True,14,60,14:60
20261001T111525,65213.971456,100.0,True,0,54,0:54
20261001T111525,86554.398976,100.0,True,2,44,2:44
20261001T111525,67066.526208,100.0,True,2,49,2:49
20261001T111525,38778.986496,100.0,True,2,56,2:56
20261001T111525,80636.318208,100.0,True,4,53,4:53
20261001T111525,33271.235072,100.0,True,6,65,6:65
20261001T111525,37368.884224,100.0,True,8,66,8:66
20261001T111525,36945.449984,100.0,True,10,66,10:66
20261001T111525,26185.410048,100.0,True,11,54,11:54
20261001T111525,29278.956032,100.0,True,12,51,12:51
20261001T111526,29947.885824,100.0,True,0,63,0:63
20261001T111526,35012.262144,100.0,True,4,67,4:67
20261001T111526,37248.603136,100.0,True,13,66,13:66
20261001T111527,32505.65888,100.0,True,2,58,2:58
20261001T111527,26069.750272,100.0,True,7,50,7:50
20261001T111528,37026.400256,100.0,True,0,62,0:62
20261001T111528,25900.982016,100.0,True,1,57,1:57
20261001T111528,75722.286592,100.0,True,7,40,7:40
20261001T111529,36128.297728,100.0,True,5,53,5:53
20261001T111529,33297.293568,100.0,True,10,68,10:68
20261001T111530,74062.464512,100.0,True,6,55,6:55
20261001T111531,35483.490304,100.0,True,8,68,8:68
20261001T111531,87030.541056,100.0,True,12,41,12:41
20261001T111531,84748.211456,100.0,True,13,54,13:54
20261001T111532,34269.236736,100.0,True,2,59,2:59
20261001T111533,36183.464192,100.0,True,1,56,1:56
20261001T111533,75561.718016,100.0,True,7,41,7:41
20261001T111533,25735.349504,100.0,True,8,71,8:71
20261001T111533,27150.817024,100.0,True,10,71,10:71
20261001T111534,81516.296704,100.0,True,4,55,4:55
20261001T111534,35512.045056,100.0,True,6,67,6:67
20261001T111534,71647.745536,100.0,True,7,42,7:42
20261001T111535,34938.984192,100.0,True,9,49,9:49
20261001T111535,81839.076352,100.0,True,13,56,13:56
20261001T111536,83452.539904,100.0,True,5,44,5:44
20261001T111536,32160.497408,100.0,True,7,51,7:51
20261001T111536,81072.897792,100.0,True,14,52,14:52
20261001T111537,26972.058368,100.0,True,8,72,8:72
20261001T111538,30243.063808,100.0,True,4,71,4:71
20261001T111538,27691.339264,100.0,True,4,72,4:72
20261001T111538,30196.72064,100.0,True,7,52,7:52
20261001T111538,72729.404416,100.0,True,8,60,8:60
20261001T111539,77731.607808,100.0,True,2,50,2:50
20261001T111539,39069.49888,100.0,True,10,69,10:69
20261001T111539,28813.004544,100.0,True,10,72,10:72
20261001T111540,37115.011584,100.0,True,4,70,4:70
20261001T111540,67679.256832,100.0,True,6,60,6:60
20261001T111540,88642.317312,100.0,True,8,56,8:56
20261001T111540,36897.518592,100.0,True,10,70,10:70
20261001T111540,32994.736384,100.0,True,14,65,14:65
20261001T111541,39166.848512,100.0,True,3,62,3:62
20261001T111541,37625.289472,100.0,True,5,55,5:55
20261001T111541,34547.643904,100.0,True,9,50,9:50
20261001T111542,39352.301568,100.0,True,2,60,2:60
20261001T111542,33760.311552,100.0,True,5,56,5:56
20261001T111542,39025.438208,100.0,True,14,64,14:64
20261001T111543,36547.708672,100.0,True,1,58,1:58
20261001T111543,31797.51552,100.0,True,5,57,5:57
20261001T111543,39857.231104,100.0,True,8,70,8:70
20261001T111543,24850.01344,100.0,True,12,56,12:56
20261001T111543,68242.744064,100.0,True,13,62,13:62
20261001T111544,68414.769408,100.0,True,7,45,7:45
20261001T111544,83883.441408,100.0,True,10,58,10:58
20261001T111544,30150.946816,100.0,True,12,55,12:55
20261001T111545,40396.386304,100.0,True,0,65,0:65
20261001T111545,34403.496704,100.0,True,2,62,2:62
20261001T111545,83296.906496,100.0,True,4,58,4:58
20261001T111545,30193.82656,100.0,True,5,58,5:58
20261001T111545,37970.848,100.0,True,6,69,6:69
20261001T111547,40009.13408,100.0,True,3,63,3:63
20261001T111547,76476.763392,100.0,True,5,48,5:48
20261001T111547,35295.648768,100.0,True,6,70,6:70
20261001T111547,28578.377216,100.0,True,6,72,6:72
20261001T111547,65985.703424,100.0,True,12,48,12:48
20261001T111548,41343.85024,100.0,True,2,61,2:61
20261001T111548,34924.120064,100.0,True,4,73,4:73
20261001T111548,33288.056832,100.0,True,8,73,8:73
20261001T111548,32507.668224,100.0,True,14,67,14:67
20261001T111549,34405.086976,100.0,True,3,65,3:65
20261001T111549,29143.778816,100.0,True,5,59,5:59
20261001T111549,39585.44384,100.0,True,11,56,11:56
20261001T111549,33988.282112,100.0,True,13,74,13:74
20261001T111550,35516.235776,100.0,True,0,68,0:68
20261001T111550,85548.47616,100.0,True,3,53,3:53
20261001T111550,70408.8896,100.0,True,3,57,3:57
20261001T111550,28379.39456,100.0,True,13,76,13:76
20261001T111550,38578.00832,100.0,True,14,66,14:66
20261001T111551,77536.36608,100.0,True,0,58,0:58
20261001T111551,37697.979904,100.0,True,1,60,1:60
20261001T111551,28515.497984,100.0,True,10,75,10:75
20261001T111552,71566.400512,100.0,True,4,64,4:64
20261001T111552,38008.533504,100.0,True,6,71,6:71
20261001T111552,35058.912512,100.0,True,9,52,9:52
20261001T111552,39569.495552,100.0,True,11,57,11:57
20261001T111552,82221.779456,100.0,True,12,46,12:46
20261001T111553,30576.825856,100.0,True,7,55,7:55
20261001T111554,85651.031552,100.0,True,6,59,6:59
20261001T111554,76378.018816,100.0,True,8,63,8:63
20261001T111554,85952.683776,100.0,True,10,60,10:60
20261001T111555,70073.91488,100.0,True,7,47,7:47
20261001T111556,33269.079552,100.0,True,1,62,1:62
20261001T111556,36921.580032,100.0,True,7,54,7:54
20261001T111557,67572.354048,100.0,True,7,48,7:48
20261001T111557,65114.279936,100.0,True,14,61,14:61
20261001T111558,39015.732224,100.0,True,2,64,2:64
20261001T111558,42433.948672,100.0,True,10,73,10:73
20261001T111558,30897.081344,100.0,True,10,76,10:76
20261001T111559,41928.726016,100.0,True,8,74,8:74
20261001T111559,33613.464064,100.0,True,8,76,8:76
20261001T111559,40418.637056,100.0,True,13,75,13:75
20261001T111600,83982.332416,100.0,True,14,57,14:57
20261001T111601,74856.333824,100.0,True,0,61,0:61
20261001T111601,42049.830144,100.0,True,3,66,3:66
20261001T111601,73509.644288,100.0,True,4,66,4:66
20261001T111601,41818.088448,100.0,True,4,75,4:75
20261001T111602,90046.721536,100.0,True,3,55,3:55
20261001T111602,30080.260096,100.0,True,8,78,8:78
20261001T111602,84894.780416,100.0,True,10,63,10:63
20261001T111603,32621.848576,100.0,True,10,77,10:77
20261001T111603,90464.135168,100.0,True,14,56,14:56
20261001T111604,76592.704768,100.0,True,5,52,5:52
20261001T111604,92544.191488,100.0,True,7,44,7:44
20261001T111605,37952.90624,100.0,True,1,63,1:63
20261001T111605,30202.875136,100.0,True,4,79,4:79
20261001T111605,84103.980288,100.0,True,7,46,7:46
20261001T111606,32103.599616,100.0,True,11,61,11:61
20261001T111606,33554.972672,100.0,True,14,71,14:71
20261001T111607,43927.734784,100.0,True,0,70,0:70
20261001T111607,41826.810624,100.0,True,2,65,2:65
20261001T111607,82883.25504,100.0,True,5,51,5:51
20261001T111607,42905.401344,100.0,True,5,60,5:60
20261001T111607,39742.372864,100.0,True,7,56,7:56
20261001T111608,32138.6496,100.0,True,0,73,0:73
20261001T111608,37289.973248,100.0,True,9,55,9:55
20261001T111608,43909.959936,100.0,True,12,57,12:57
20261001T111608,44172.357888,100.0,True,14,69,14:69
20261001T111609,29553.747712,100.0,True,6,78,6:78
20261001T111609,40667.592192,100.0,True,8,77,8:77
20261001T111609,33858.143232,100.0,True,9,56,9:56
20261001T111609,34254.714368,100.0,True,12,59,12:59
20261001T111609,88716.245248,100.0,True,14,58,14:58
20261001T111610,72673.630976,100.0,True,13,69,13:69
20261001T111611,44975.941632,100.0,True,0,71,0:71
20261001T111611,40044.538112,100.0,True,4,78,4:78
20261001T111611,41007.484416,100.0,True,6,75,6:75
20261001T111611,33082.058496,100.0,True,10,79,10:79
20261001T111612,74300.104704,100.0,True,5,54,5:54
20261001T111612,45525.74464,100.0,True,9,54,9:54
20261001T111612,30238.597888,100.0,True,12,61,12:61
20261001T111612,29799.589888,100.0,True,14,73,14:73
20261001T111613,31547.691776,100.0,True,2,69,2:69
20261001T111613,30975.501312,100.0,True,4,81,4:81
20261001T111613,69263.45216,100.0,True,6,68,6:68
20261001T111613,44069.740032,100.0,True,12,58,12:58
20261001T111614,75070.86336,100.0,True,4,69,4:69
20261001T111614,44168.303872,100.0,True,5,61,5:61
20261001T111614,40592.93952,100.0,True,6,76,6:76
20261001T111615,66422.969344,100.0,True,0,66,0:66
20261001T111615,42164.220416,100.0,True,1,64,1:64
20261001T111615,43303.168512,100.0,True,7,57,7:57
20261001T111616,31712.946944,100.0,True,5,64,5:64
20261001T111616,81530.960128,100.0,True,14,62,14:62
20261001T111617,37916.897024,100.0,True,0,74,0:74
20261001T111617,44311.672576,100.0,True,2,67,2:67
20261001T111617,40692.461568,100.0,True,6,77,6:77
20261001T111617,38996.108288,100.0,True,12,60,12:60
20261001T111618,41088.947456,100.0,True,2,68,2:68
20261001T111618,67205.77408,100.0,True,3,64,3:64
20261001T111619,32484.614656,100.0,True,4,82,4:82
20261001T111619,84044.265728,100.0,True,6,66,6:66
20261001T111619,34955.968768,100.0,True,7,59,7:59
20261001T111619,78937.144576,100.0,True,12,52,12:52
20261001T111620,85498.537984,100.0,True,4,68,4:68
20261001T111620,42949.075456,100.0,True,7,58,7:58
20261001T111620,36467.349504,100.0,True,8,81,8:81
20261001T111620,36897.066496,100.0,True,13,81,13:81
20261001T111621,71816.907008,100.0,True,1,59,1:59
20261001T111621,81406.710528,100.0,True,8,69,8:69
20261001T111621,46338.881024,100.0,True,10,78,10:78
20261001T111621,89280.636672,100.0,True,12,50,12:50
20261001T111621,42416.962304,100.0,True,13,80,13:80
20261001T111622,70672.20352,100.0,True,0,67,0:67
20261001T111622,89478.834944,100.0,True,3,60,3:60
20261001T111622,41501.453568,100.0,True,9,57,9:57
20261001T111622,38668.371968,100.0,True,11,63,11:63
20261001T111622,81235.956736,100.0,True,13,70,13:70
20261001T111623,82337.160704,100.0,True,0,64,0:64
20261001T111623,35132.48896,100.0,True,0,76,0:76
20261001T111623,42445.45408,100.0,True,1,66,1:66
20261001T111623,78773.742848,100.0,True,11,55,11:55
20261001T111623,75341.382912,100.0,True,13,72,13:72
20261001T111624,45489.318912,100.0,True,5,63,5:63
20261001T111624,39354.252032,100.0,True,6,79,6:79
20261001T111624,33594.802176,100.0,True,14,75,14:75
20261001T111625,33334.62912,100.0,True,0,77,0:77
20261001T111625,39540.814336,100.0,True,2,70,2:70
20261001T111625,40535.255552,100.0,True,3,72,3:72
20261001T111625,84700.790528,100.0,True,14,63,14:63
20261001T111626,32963.582464,100.0,True,10,83,10:83
20261001T111627,69638.30912,100.0,True,1,61,1:61
20261001T111627,37049.421824,100.0,True,5,65,5:65
20261001T111627,80859.274752,100.0,True,12,53,12:53
20261001T111628,36423.443456,100.0,True,8,83,8:83
20261001T111628,42203.734016,100.0,True,10,81,10:81
20261001T111629,44853.519616,100.0,True,0,75,0:75
20261001T111629,39137.597696,100.0,True,1,68,1:68
20261001T111629,34370.804736,100.0,True,9,60,9:60
20261001T111630,70039.849984,100.0,True,0,69,0:69
20261001T111630,44219.010304,100.0,True,1,67,1:67
20261001T111630,40769.94304,100.0,True,4,83,4:83
20261001T111630,32526.8416,100.0,True,13,85,13:85
20261001T111631,74592.53504,100.0,True,4,74,4:74
20261001T111631,37470.26304,100.0,True,6,82,6:82
20261001T111631,35218.098432,100.0,True,7,62,7:62
20261001T111632,38464.067072,100.0,True,1,69,1:69
20261001T111632,42826.248704,100.0,True,2,71,2:71
20261001T111632,68222.161152,100.0,True,3,67,3:67
20261001T111632,68965.381632,100.0,True,4,76,4:76
20261001T111632,45357.627392,100.0,True,6,80,6:80
20261001T111632,40895.48032,100.0,True,6,81,6:81
20261001T111632,79694.72128,100.0,True,9,51,9:51
20261001T111632,43991.45984,100.0,True,9,59,9:59
20261001T111632,43156.349952,100.0,True,13,83,13:83
20261001T111633,35856.974592,100.0,True,0,78,0:78
20261001T111633,42616.766976,100.0,True,12,63,12:63
20261001T111634,40339.204352,100.0,True,3,74,3:74
20261001T111634,39062.201088,100.0,True,8,84,8:84
20261001T111635,37729.90336,100.0,True,6,83,6:83
20261001T111635,42578.759936,100.0,True,7,61,7:61
20261001T111635,42047.006976,100.0,True,11,65,11:65
20261001T111635,40865.494784,100.0,True,12,64,12:64
20261001T111635,35614.122496,100.0,True,14,77,14:77
20261001T111636,35267.452672,100.0,True,0,79,0:79
20261001T111636,43169.326592,100.0,True,2,72,2:72
20261001T111636,36903.422464,100.0,True,8,85,8:85
20261001T111637,34097.409792,100.0,True,5,68,5:68
20261001T111637,76558.522624,100.0,True,8,75,8:75
20261001T111637,86640.604928,100.0,True,12,54,12:54
20261001T111637,92205.999872,100.0,True,13,71,13:71
20261001T111638,42601.349888,100.0,True,4,85,4:85
20261001T111638,75292.424192,100.0,True,6,73,6:73
20261001T111638,42307.898624,100.0,True,10,84,10:84
20261001T111639,70489.1328,100.0,True,2,66,2:66
20261001T111639,38467.912448,100.0,True,10,85,10:85
20261001T111640,39772.40832,100.0,True,2,74,2:74
20261001T111640,41522.187008,100.0,True,4,86,4:86
20261001T111640,35196.043776,100.0,True,7,64,7:64
20261001T111640,73310.573312,100.0,True,13,77,13:77
20261001T111641,44862.568192,100.0,True,2,73,2:73
20261001T111641,47560.39552,100.0,True,5,66,5:66
20261001T111641,38618.560512,100.0,True,14,78,14:78
20261001T111642,74408.80768,100.0,True,4,77,4:77
20261001T111642,38779.794688,100.0,True,6,85,6:85
20261001T111642,47550.710784,100.0,True,14,76,14:76
20261001T111643,72052.212224,100.0,True,0,72,0:72
20261001T111643,34731.93856,100.0,True,6,86,6:86
20261001T111643,88575.101696,100.0,True,7,53,7:53
20261001T111643,84994.653184,100.0,True,11,58,11:58
20261001T111643,73602.125056,100.0,True,11,60,11:60
20261001T111643,45362.912256,100.0,True,11,66,11:66
20261001T111644,47737.51168,100.0,True,1,70,1:70
20261001T111644,46312.89728,100.0,True,5,67,5:67
20261001T111644,43256.964352,100.0,True,7,63,7:63
20261001T111644,41623.562752,100.0,True,12,66,12:66
20261001T111645,35055.8592,100.0,True,8,88,8:88
20261001T111645,84856.910336,100.0,True,10,74,10:74
20261001T111645,46213.658112,100.0,True,12,65,12:65
20261001T111645,37086.088192,100.0,True,14,79,14:79
20261001T111646,42863.414784,100.0,True,8,86,8:86
20261001T111646,84372.18304,100.0,True,9,53,9:53
20261001T111646,76844.09728,100.0,True,14,70,14:70
20261001T111647,36803.248128,100.0,True,7,65,7:65
20261001T111647,47575.26784,100.0,True,9,61,9:61
20261001T111647,95225.376512,100.0,True,13,73,13:73
20261001T111647,69704.446464,100.0,True,14,72,14:72
20261001T111648,91540.545536,100.0,True,2,63,2:63
20261001T111648,81698.121728,100.0,True,3,68,3:68
20261001T111648,41971.9552,100.0,True,8,87,8:87
20261001T111648,43569.775104,100.0,True,13,87,13:87
20261001T111649,40115.970816,100.0,True,4,89,4:89
20261001T111649,42698.693376,100.0,True,12,67,12:67
20261001T111650,34754.857216,100.0,True,0,83,0:83
20261001T111650,68477.374976,100.0,True,10,80,10:80
20261001T111651,43207.089152,100.0,True,0,81,0:81
20261001T111651,73759.287808,100.0,True,4,80,4:80
20261001T111651,37024.360704,100.0,True,4,90,4:90
20261001T111651,42870.68032,100.0,True,5,69,5:69
20261001T111651,79393.558784,100.0,True,13,78,13:78
20261001T111651,50016.242944,100.0,True,13,86,13:86
20261001T111651,42154.80704,100.0,True,13,88,13:88
20261001T111652,49502.532864,100.0,True,1,71,1:71
20261001T111652,42919.386368,100.0,True,2,76,2:76
20261001T111652,48322.729472,100.0,True,9,62,9:62
20261001T111652,47884.594944,100.0,True,11,67,11:67
20261001T111652,36375.409664,100.0,True,12,69,12:69
20261001T111653,37675.991296,100.0,True,2,77,2:77
20261001T111653,43533.63584,100.0,True,3,78,3:78
20261001T111653,77050.476288,100.0,True,8,79,8:79
20261001T111653,39580.876288,100.0,True,8,89,8:89
20261001T111653,89225.57184,100.0,True,11,59,11:59
20261001T111654,37914.716928,100.0,True,5,71,5:71
20261001T111654,45804.1472,100.0,True,11,68,11:68
20261001T111654,34600.087296,100.0,True,11,70,11:70
20261001T111655,35945.428224,100.0,True,0,84,0:84
20261001T111655,49131.42016,100.0,True,1,72,1:72
20261001T111655,84813.890048,100.0,True,3,69,3:69
20261001T111655,40799.59808,100.0,True,9,64,9:64
20261001T111655,37050.56384,100.0,True,9,65,9:65
20261001T111655,42101.158656,100.0,True,10,88,10:88
20261001T111655,35383.302144,100.0,True,12,70,12:70
20261001T111656,43756.782336,100.0,True,5,70,5:70
20261001T111656,41628.224768,100.0,True,7,66,7:66
20261001T111656,96032.712448,100.0,True,14,68,14:68
20261001T111657,45399.066368,100.0,True,6,87,6:87
20261001T111657,75933.674496,100.0,True,8,80,8:80
20261001T111658,35375.429888,100.0,True,1,76,1:76
20261001T111658,39761.753088,100.0,True,6,89,6:89
20261001T111658,79282.791168,100.0,True,11,62,11:62
20261001T111658,44361.480448,100.0,True,13,89,13:89
20261001T111659,83707.544576,100.0,True,3,70,3:70
20261001T111659,84533.547008,100.0,True,13,79,13:79
20261001T111659,72884.05632,100.0,True,14,74,14:74
20261001T111659,38260.998144,100.0,True,14,82,14:82
20261001T111700,44171.736576,100.0,True,8,90,8:90
20261001T111700,46122.0864,100.0,True,11,69,11:69
20261001T111700,34158.803712,100.0,True,11,71,11:71
20261001T111701,83711.707392,100.0,True,1,65,1:65
20261001T111701,37625.6384,100.0,True,2,79,2:79
20261001T111701,39393.85856,100.0,True,5,72,5:72
20261001T111702,42924.643072,100.0,True,1,75,1:75
20261001T111702,39130.4,100.0,True,3,81,3:81
20261001T111702,40093.402368,100.0,True,8,92,8:92
20261001T111702,76071.84768,100.0,True,13,82,13:82
20261001T111703,44819.185152,100.0,True,4,91,4:91
20261001T111703,89501.64096,100.0,True,5,62,5:62
20261001T111703,41676.421376,100.0,True,13,91,13:91
20261001T111704,97151.055872,100.0,True,6,74,6:74
20261001T111704,38503.472896,100.0,True,7,68,7:68
20261001T111705,47030.728704,100.0,True,3,80,3:80
20261001T111705,38844.753152,100.0,True,14,83,14:83
20261001T111706,32598.590976,100.0,True,4,95,4:95
20261001T111706,36404.1728,100.0,True,6,92,6:92
20261001T111706,40850.04672,100.0,True,10,91,10:91
20261001T111706,40245.202688,100.0,True,13,92,13:92
20261001T111706,36564.894208,100.0,True,14,84,14:84
20261001T111707,74697.094912,100.0,True,4,84,4:84
20261001T111707,44068.163072,100.0,True,6,90,6:90
20261001T111707,41550.5024,100.0,True,8,93,8:93
20261001T111707,39224.271872,100.0,True,10,92,10:92
20261001T111707,38536.322816,100.0,True,12,72,12:72
20261001T111708,47526.257152,100.0,True,2,78,2:78
20261001T111708,87679.191296,100.0,True,3,71,3:71
20261001T111708,39641.940224,100.0,True,3,82,3:82
20261001T111709,41985.964544,100.0,True,2,80,2:80
20261001T111709,49420.469248,100.0,True,8,91,8:91
20261001T111709,85641.903104,100.0,True,9,58,9:58
20261001T111710,31084.51072,100.0,True,0,89,0:89
20261001T111710,82675.425024,100.0,True,8,82,8:82
20261001T111710,37392.027648,100.0,True,8,95,8:95
20261001T111712,35835.248384,100.0,True,4,96,4:96
20261001T111712,46006.997248,100.0,True,5,73,5:73
20261001T111713,43541.334016,100.0,True,4,94,4:94
20261001T111713,49994.966272,100.0,True,12,71,12:71
20261001T111714,42987.970816,100.0,True,1,78,1:78
20261001T111714,76855.222784,100.0,True,3,75,3:75
20261001T111714,37664.536576,100.0,True,9,68,9:68
20261001T111714,33786.086912,100.0,True,10,95,10:95
20261001T111715,34745.385472,100.0,True,9,69,9:69
20261001T111715,41161.849088,100.0,True,13,94,13:94
20261001T111715,37590.062848,100.0,True,13,95,13:95
20261001T111716,39672.800256,100.0,True,1,79,1:79
20261001T111716,32850.28864,100.0,True,4,98,4:98
20261001T111716,38224.063488,100.0,True,12,74,12:74
20261001T111717,31345.563136,100.0,True,1,81,1:81
20261001T111717,33676.9024,100.0,True,3,86,3:86
20261001T111717,46737.24672,100.0,True,7,69,7:69
20261001T111717,44957.196544,100.0,True,10,93,10:93
20261001T111717,42889.725696,100.0,True,12,73,12:73
20261001T111718,37406.36416,100.0,True,4,97,4:97
20261001T111718,42659.369472,100.0,True,5,75,5:75
20261001T111718,41242.402816,100.0,True,11,73,11:73
20261001T111719,45020.558848,100.0,True,7,70,7:70
20261001T111719,46873.952768,100.0,True,11,72,11:72
20261001T111720,36138.571008,100.0,True,2,84,2:84
20261001T111720,43204.347136,100.0,True,8,96,8:96
20261001T111720,34050.339584,100.0,True,13,97,13:97
20261001T111721,90858.185216,100.0,True,10,82,10:82
20261001T111721,92423.440128,100.0,True,11,64,11:64
20261001T111721,36419.174656,100.0,True,11,75,11:75
20261001T111721,95046.989056,100.0,True,12,62,12:62
20261001T111722,46220.703744,100.0,True,3,84,3:84
20261001T111722,42394.90304,100.0,True,7,71,7:71
20261001T111722,37324.532992,100.0,True,10,96,10:96
20261001T111722,40034.307584,100.0,True,13,96,13:96
20261001T111723,41397.405184,100.0,True,5,76,5:76
20261001T111723,38449.531392,100.0,True,7,72,7:72
20261001T111723,48538.685184,100.0,True,14,85,14:85
20261001T111724,94845.294848,100.0,True,3,73,3:73
20261001T111724,43916.900864,100.0,True,6,95,6:95
20261001T111724,39789.851648,100.0,True,8,98,8:98
20261001T111724,37131.838208,100.0,True,8,99,8:99
20261001T111724,43570.91712,100.0,True,14,86,14:86
20261001T111725,44768.033536,100.0,True,2,83,2:83
20261001T111725,32365.80352,100.0,True,6,98,6:98
20261001T111725,76288.419072,100.0,True,10,87,10:87
20261001T111725,48532.29312,100.0,True,10,94,10:94
20261001T111725,41685.653248,100.0,True,14,87,14:87
20261001T111726,47601.074688,100.0,True,3,85,3:85
20261001T111726,83386.375936,100.0,True,4,87,4:87
20261001T111726,74640.078592,100.0,True,14,80,14:80
20261001T111727,36313.472256,100.0,True,0,92,0:92
20261001T111727,98903.029248,100.0,True,7,60,7:60
20261001T111728,37307.771392,100.0,True,8,100,8:100
20261001T111728,42495.454208,100.0,True,12,76,12:76
20261001T111728,34229.02912,100.0,True,13,99,13:99
20261001T111729,88614.106112,100.0,True,3,76,3:76
20261001T111729,41318.963968,100.0,True,3,87,3:87
20261001T111729,38152.426496,100.0,True,4,100,4:100
20261001T111729,39986.36928,100.0,True,5,78,5:78
20261001T111729,95625.638656,100.0,True,13,84,13:84
20261001T111730,75319.968256,100.0,True,3,79,3:79
20261001T111730,45063.035392,100.0,True,5,77,5:77
20261001T111730,78625.63456,100.0,True,12,68,12:68
20261001T111730,39243.727872,100.0,True,12,77,12:77
20261001T111730,35631.63904,100.0,True,12,78,12:78
20261001T111731,46626.854656,100.0,True,0,90,0:90
20261001T111731,39715.734272,100.0,True,9,71,9:71
20261001T111731,41197.241088,100.0,True,13,98,13:98
20261001T111732,37601.335552,100.0,True,0,93,0:93
20261001T111732,39954.171136,100.0,True,1,83,1:83
20261001T111732,47710.957312,100.0,True,6,96,6:96
20261001T111732,41437.623296,100.0,True,7,73,7:73
20261001T111733,35114.891008,100.0,True,4,102,4:102
20261001T111733,36892.396544,100.0,True,10,99,10:99
20261001T111734,81761.822464,100.0,True,0,82,0:82
20261001T111734,79755.317504,100.0,True,1,74,1:74
20261001T111734,84189.958912,100.0,True,9,63,9:63
20261001T111735,44284.02176,100.0,True,2,86,2:86
20261001T111735,39560.55168,100.0,True,8,101,8:101
20261001T111736,92275.137792,100.0,True,0,80,0:80
20261001T111736,36434.474496,100.0,True,7,75,7:75
20261001T111736,34344.769792,100.0,True,11,78,11:78
20261001T111737,40440.269056,100.0,True,6,99,6:99
20261001T111738,93083.00928,100.0,True,3,77,3:77
20261001T111738,91482.4576,100.0,True,4,88,4:88
20261001T111738,97433.479168,100.0,True,6,84,6:84
20261001T111738,42464.18688,100.0,True,7,74,7:74
20261001T111738,40712.604416,100.0,True,13,100,13:100
20261001T111739,89660.359168,100.0,True,1,73,1:73
20261001T111739,94067.821568,100.0,True,2,75,2:75
20261001T111740,44080.862976,100.0,True,2,87,2:87
20261001T111740,45562.960128,100.0,True,5,79,5:79
20261001T111741,34816.84352,100.0,True,0,96,0:96
20261001T111741,75536.0768,100.0,True,4,93,4:93
20261001T111741,40526.824192,100.0,True,10,100,10:100
20261001T111741,40704.522752,100.0,True,14,91,14:91
20261001T111742,46622.35648,100.0,True,3,89,3:89
20261001T111742,84672.454656,100.0,True,10,89,10:89
20261001T111743,73146.729984,100.0,True,8,94,8:94
20261001T111743,42959.03872,100.0,True,12,79,12:79
20261001T111743,72649.160192,100.0,True,13,93,13:93
20261001T111743,45900.833792,100.0,True,14,90,14:90
20261001T111743,33996.467712,100.0,True,14,93,14:93
20261001T111744,71980.2752,100.0,True,2,81,2:81
20261001T111744,42100.588544,100.0,True,2,88,2:88
20261001T111744,39450.142208,100.0,True,9,74,9:74
20261001T111744,99746.463488,100.0,True,10,86,10:86
20261001T111744,40329.963008,100.0,True,10,101,10:101
20261001T111745,47533.618176,100.0,True,0,94,0:94
20261001T111745,47568.292608,100.0,True,1,84,1:84
20261001T111745,85200.391168,100.0,True,7,67,7:67
20261001T111746,44298.426624,100.0,True,0,95,0:95
20261001T111746,39952.555008,100.0,True,1,86,1:86
20261001T111746,41045.679872,100.0,True,12,80,12:80
20261001T111746,36103.511552,100.0,True,12,81,12:81
20261001T111747,36812.417024,100.0,True,2,90,2:90
20261001T111747,45316.872192,100.0,True,3,91,3:91
20261001T111747,84993.907456,100.0,True,4,92,4:92
20261001T111747,47508.981504,100.0,True,9,73,9:73
20261001T111748,71674.233344,100.0,True,2,82,2:82
20261001T111748,43016.107008,100.0,True,2,89,2:89
20261001T111748,42957.673984,100.0,True,7,76,7:76
20261001T111748,85012.670208,100.0,True,9,66,9:66
20261001T111748,91232.649472,100.0,True,14,81,14:81
20261001T111750,79571.220224,100.0,True,0,87,0:87
20261001T111750,38212.043008,100.0,True,8,106,8:106
20261001T111750,38471.032832,100.0,True,10,103,10:103
20261001T111750,35203.561216,100.0,True,10,104,10:104
20261001T111750,49897.285376,100.0,True,13,101,13:101
20261001T111751,50049.146624,100.0,True,6,100,6:100
20261001T111751,43594.191104,100.0,True,6,102,6:102
20261001T111751,37123.211776,100.0,True,7,78,7:78
20261001T111752,81963.58016,100.0,True,5,74,5:74
20261001T111752,47471.392512,100.0,True,6,101,6:101
20261001T111752,41901.235712,100.0,True,7,77,7:77
20261001T111752,47752.923136,100.0,True,8,104,8:104
20261001T111753,48247.186176,100.0,True,5,81,5:81
20261001T111753,38003.98464,100.0,True,8,107,8:107
20261001T111753,92164.688896,100.0,True,10,90,10:90
20261001T111753,72779.927808,100.0,True,11,74,11:74
20261001T111753,95054.709504,100.0,True,13,90,13:90
20261001T111753,49672.706304,100.0,True,13,102,13:102
20261001T111754,41314.399744,100.0,True,11,80,11:80
20261001T111754,39102.107136,100.0,True,13,105,13:105
20261001T111755,88845.250304,100.0,True,0,86,0:86
20261001T111755,48363.50976,100.0,True,4,104,4:104
20261001T111755,99594.134784,100.0,True,6,88,6:88
20261001T111756,42921.152768,100.0,True,2,91,2:91
20261001T111757,49784.052224,100.0,True,3,92,3:92
20261001T111757,77094.547712,100.0,True,8,97,8:97
20261001T111757,86779.131904,100.0,True,9,67,9:67
20261001T111757,45250.52928,100.0,True,13,104,13:104
20261001T111758,45645.77536,100.0,True,0,98,0:98
20261001T111758,46582.560512,100.0,True,1,87,1:87
20261001T111758,38426.806528,100.0,True,5,84,5:84
20261001T111759,43609.238528,100.0,True,1,88,1:88
20261001T111759,48607.542016,100.0,True,4,105,4:105
20261001T111759,48972.266496,100.0,True,5,82,5:82
20261001T111759,71683.474432,100.0,True,9,70,9:70
20261001T111800,39262.41024,100.0,True,3,96,3:96
20261001T111800,48454.8608,100.0,True,6,103,6:103
20261001T111801,97785.684224,100.0,True,0,85,0:85
20261001T111801,78743.436544,100.0,True,1,80,1:80
20261001T111801,49364.00384,100.0,True,3,93,3:93
20261001T111801,40328.064256,100.0,True,7,79,7:79
20261001T111801,36621.227264,100.0,True,7,80,7:80
20261001T111801,40888.395264,100.0,True,8,108,8:108
20261001T111801,49724.117504,100.0,True,9,75,9:75
20261001T111801,38046.642944,100.0,True,13,107,13:107
20261001T111802,44368.75904,100.0,True,3,95,3:95
20261001T111802,85102.69824,100.0,True,6,94,6:94
20261001T111802,47861.978368,100.0,True,6,104,6:104
20261001T111802,37920.258304,100.0,True,11,83,11:83
20261001T111802,79761.648896,100.0,True,12,75,12:75
20261001T111802,39270.614784,100.0,True,14,96,14:96
20261001T111803,95808.388608,100.0,True,1,77,1:77
20261001T111803,44695.13344,100.0,True,2,92,2:92
20261001T111803,48435.973888,100.0,True,3,94,3:94
20261001T111803,88298.875136,100.0,True,6,93,6:93
20261001T111803,46420.224,100.0,True,9,76,9:76
20261001T111803,49249.607424,100.0,True,12,82,12:82
20261001T111803,49297.276928,100.0,True,14,94,14:94
20261001T111804,90247.279104,100.0,True,0,88,0:88
20261001T111804,42324.95232,100.0,True,0,100,0:100
20261001T111804,41661.939712,100.0,True,2,93,2:93
20261001T111804,49346.839552,100.0,True,4,106,4:106
20261001T111804,46471.957504,100.0,True,4,107,4:107
20261001T111804,45628.695808,100.0,True,14,95,14:95
20261001T111805,39894.417664,100.0,True,3,97,3:97
20261001T111805,76183.725056,100.0,True,6,97,6:97
20261001T111806,44172.633344,100.0,True,4,108,4:108
20261001T111806,51476.229376,100.0,True,5,83,5:83
20261001T111806,42777.117952,100.0,True,5,85,5:85
20261001T111806,44986.597888,100.0,True,6,106,6:106
20261001T111807,100395.7568,100.0,True,6,91,6:91
20261001T111807,41479.067648,100.0,True,10,107,10:107
20261001T111807,72361.752064,100.0,True,11,77,11:77
20261001T111808,95739.326464,100.0,True,3,83,3:83
20261001T111808,78920.28928,100.0,True,10,97,10:97
20261001T111808,49358.422272,100.0,True,10,105,10:105
20261001T111808,37531.455232,100.0,True,10,108,10:108
20261001T111809,42026.0416,100.0,True,5,86,5:86
20261001T111810,82209.77024,100.0,True,2,85,2:85
20261001T111811,43036.280832,100.0,True,12,85,12:85
20261001T111812,46226.807552,100.0,True,0,101,0:101
20261001T111812,35464.44416,100.0,True,0,104,0:104
20261001T111812,43145.119488,100.0,True,3,98,3:98
20261001T111812,46014.69056,100.0,True,6,107,6:107
20261001T111812,44456.07424,100.0,True,11,84,11:84
20261001T111812,44061.434368,100.0,True,14,97,14:97
20261001T111813,40763.990528,100.0,True,1,92,1:92
20261001T111813,38115.0144,100.0,True,3,99,3:99
20261001T111813,49716.756224,100.0,True,8,109,8:109
20261001T111813,40573.513472,100.0,True,12,86,12:86
20261001T111814,74963.227648,100.0,True,3,90,3:90
20261001T111814,79685.634048,100.0,True,4,101,4:101
20261001T111814,47953.299712,100.0,True,4,109,4:109
20261001T111814,83049.22624,100.0,True,10,98,10:98
20261001T111815,41397.388288,100.0,True,8,112,8:112
20261001T111815,52938.639872,100.0,True,10,106,10:106
20261001T111815,42544.010496,100.0,True,11,85,11:85
20261001T111815,53051.856128,100.0,True,12,84,12:84
20261001T111816,36991.0336,100.0,True,1,94,1:94
20261001T111816,49995.323136,100.0,True,8,110,8:110
20261001T111817,75197.00864,100.0,True,1,85,1:85
20261001T111817,38727.874304,100.0,True,2,96,2:96
20261001T111817,43856.467712,100.0,True,4,111,4:111
20261001T111817,87170.108672,100.0,True,11,76,11:76
20261001T111818,50496.33792,100.0,True,2,94,2:94
20261001T111818,37177.03808,100.0,True,3,101,3:101
20261001T111818,41248.347904,100.0,True,6,110,6:110
20261001T111818,75945.385216,100.0,True,8,103,8:103
20261001T111819,42402.147584,100.0,True,12,87,12:87
20261001T111820,33986.880256,100.0,True,0,107,0:107
20261001T111820,39473.299456,100.0,True,6,111,6:111
20261001T111820,43005.179648,100.0,True,7,83,7:83
20261001T111820,39849.718016,100.0,True,10,111,10:111
20261001T111820,49028.886528,100.0,True,13,109,13:109
20261001T111820,46579.06432,100.0,True,14,98,14:98
20261001T111821,37312.238592,100.0,True,1,95,1:95
20261001T111821,40511.871232,100.0,True,4,113,4:113
20261001T111821,34308.349184,100.0,True,4,115,4:115
20261001T111821,85651.989504,100.0,True,9,72,9:72
20261001T111821,33096.722688,100.0,True,10,113,10:113
20261001T111821,45951.72608,100.0,True,13,110,13:110
20261001T111822,49421.61152,100.0,True,2,95,2:95
20261001T111822,90809.132544,100.0,True,3,88,3:88
20261001T111822,41759.226368,100.0,True,9,80,9:80
20261001T111822,38942.523904,100.0,True,11,87,11:87
20261001T111823,95809.305856,100.0,True,0,91,0:91
20261001T111823,44840.595712,100.0,True,3,100,3:100
20261001T111823,46406.388992,100.0,True,10,110,10:110
20261001T111823,76379.03872,100.0,True,11,79,11:79
20261001T111823,43909.57952,100.0,True,13,111,13:111
20261001T111823,95599.44576,100.0,True,14,88,14:88
20261001T111824,38191.63776,100.0,True,3,102,3:102
20261001T111824,48924.296704,100.0,True,9,79,9:79
20261001T111824,46184.922624,100.0,True,14,99,14:99
20261001T111825,96307.673856,100.0,True,1,82,1:82
20261001T111825,98281.353216,100.0,True,4,99,4:99
20261001T111826,42601.299456,100.0,True,0,106,0:106
20261001T111826,38204.416,100.0,True,5,90,5:90
20261001T111826,37367.649024,100.0,True,7,85,7:85
20261001T111826,41114.488832,100.0,True,10,112,10:112
20261001T111826,39456.826624,100.0,True,13,113,13:113
20261001T111827,52024.488448,100.0,True,1,93,1:93
20261001T111827,41526.78272,100.0,True,8,115,8:115
20261001T111827,94779.934464,100.0,True,14,89,14:89
20261001T111828,49391.606528,100.0,True,5,88,5:88
20261001T111828,46158.491392,100.0,True,5,89,5:89
20261001T111829,48179.738368,100.0,True,0,105,0:105
20261001T111829,38945.523712,100.0,True,8,116,8:116
20261001T111829,46001.5232,100.0,True,13,112,13:112
20261001T111830,87783.134976,100.0,True,4,103,4:103
20261001T111830,91491.197952,100.0,True,8,102,8:102
20261001T111830,47891.695104,100.0,True,8,114,8:114
20261001T111830,42123.969024,100.0,True,11,88,11:88
20261001T111831,40138.07872,100.0,True,9,82,9:82
20261001T111831,84253.424128,100.0,True,10,102,10:102
20261001T111831,48820.713984,100.0,True,12,88,12:88
20261001T111831,43474.169344,100.0,True,14,101,14:101
20261001T111832,41586.233344,100.0,True,0,108,0:108
20261001T111832,39677.427968,100.0,True,6,115,6:115
20261001T111832,38286.747392,100.0,True,10,115,10:115
20261001T111833,46762.208256,100.0,True,2,98,2:98
20261001T111833,50028.617216,100.0,True,4,114,4:114
20261001T111833,37031.724288,100.0,True,8,118,8:118
20261001T111833,40995.2704,100.0,True,11,89,11:89
20261001T111834,35622.788608,100.0,True,1,98,1:98
20261001T111834,94808.417536,100.0,True,5,80,5:80
20261001T111834,50752.452864,100.0,True,6,112,6:112
20261001T111834,37813.242368,100.0,True,6,116,6:116
20261001T111835,39457.649152,100.0,True,2,100,2:100
20261001T111835,44276.86912,100.0,True,10,114,10:114
20261001T111835,36066.016256,100.0,True,13,116,13:116
20261001T111837,42111.842816,100.0,True,13,115,13:115
20261001T111837,92173.030912,100.0,True,14,92,14:92
20261001T111838,44618.480384,100.0,True,0,109,0:109
20261001T111838,46516.745472,100.0,True,2,99,2:99
20261001T111838,47875.785216,100.0,True,3,103,3:103
20261001T111839,45246.327552,100.0,True,3,104,3:104
20261001T111839,34873.957888,100.0,True,5,93,5:93
20261001T111840,34528.749056,100.0,True,4,120,4:120
20261001T111840,39720.564992,100.0,True,9,84,9:84
20261001T111841,47011.640576,100.0,True,1,97,1:97
20261001T111841,32802.878208,100.0,True,1,100,1:100
20261001T111842,32613.931264,100.0,True,4,121,4:121
20261001T111842,38577.670144,100.0,True,13,117,13:117
20261001T111842,45792.171264,100.0,True,14,103,14:103
20261001T111842,37073.806592,100.0,True,14,105,14:105
20261001T111843,45765.27488,100.0,True,3,105,3:105
20261001T111843,49508.990976,100.0,True,5,91,5:91
20261001T111843,33410.773504,100.0,True,5,94,5:94
20261001T111843,96036.159744,100.0,True,13,103,13:103
20261001T111844,74792.286976,100.0,True,0,102,0:102
20261001T111844,42277.107712,100.0,True,3,106,3:106
20261001T111844,33716.814336,100.0,True,7,89,7:89
20261001T111844,37695.191552,100.0,True,8,121,8:121
20261001T111844,87718.377984,100.0,True,11,81,11:81
20261001T111844,42128.361728,100.0,True,12,92,12:92
20261001T111845,41493.216768,100.0,True,2,102,2:102
20261001T111846,39103.17696,100.0,True,0,112,0:112
20261001T111846,47171.319296,100.0,True,5,92,5:92
20261001T111846,97787.867648,100.0,True,8,105,8:105
20261001T111847,48121.016832,100.0,True,0,110,0:110
20261001T111847,44109.840128,100.0,True,0,111,0:111
20261001T111847,40398.86976,100.0,True,2,103,2:103
20261001T111847,48453.64736,100.0,True,8,119,8:119
20261001T111847,40020.384768,100.0,True,10,119,10:119
20261001T111847,86353.899008,100.0,True,11,82,11:82
20261001T111848,91143.733504,100.0,True,0,99,0:99
20261001T111848,33598.439168,100.0,True,0,114,0:114
20261001T111848,39348.992512,100.0,True,11,92,11:92
20261001T111849,38979.796224,100.0,True,3,108,3:108
20261001T111849,75000.093952,100.0,True,7,82,7:82
20261001T111849,46183.664896,100.0,True,8,120,8:120
20261001T111849,34418.336512,100.0,True,8,123,8:123
20261001T111849,42085.283328,100.0,True,9,85,9:85
20261001T111849,38979.378176,100.0,True,13,119,13:119
20261001T111850,46243.134464,100.0,True,6,118,6:118
20261001T111851,101202.371584,100.0,True,0,97,0:97
20261001T111851,49282.985472,100.0,True,4,119,4:119
20261001T111851,52288.564736,100.0,True,7,87,7:87
20261001T111851,46934.926592,100.0,True,7,88,7:88
20261001T111851,77713.010688,100.0,True,10,109,10:109
20261001T111851,46500.389632,100.0,True,10,118,10:118
20261001T111851,38927.752704,100.0,True,10,120,10:120
20261001T111851,39289.355264,100.0,True,12,94,12:94
20261001T111851,90634.621952,100.0,True,13,106,13:106
20261001T111852,52182.604032,100.0,True,6,117,6:117
20261001T111852,45097.99808,100.0,True,6,119,6:119
20261001T111853,37293.610752,100.0,True,1,102,1:102
20261001T111853,35634.894592,100.0,True,8,124,8:124
20261001T111853,46083.296,100.0,True,13,118,13:118
20261001T111853,38369.45664,100.0,True,13,120,13:120
20261001T111854,41690.225664,100.0,True,3,109,3:109
20261001T111855,49257.707264,100.0,True,3,107,3:107
20261001T111855,97855.769856,100.0,True,6,105,6:105
20261001T111855,43378.170112,100.0,True,9,86,9:86
20261001T111855,97104.421632,100.0,True,12,83,12:83
20261001T111855,88312.272896,100.0,True,13,108,13:108
20261001T111856,37252.516096,100.0,True,6,123,6:123
20261001T111856,39898.70464,100.0,True,10,121,10:121
20261001T111857,40756.833536,100.0,True,2,105,2:105
20261001T111857,44566.024192,100.0,True,4,122,4:122
20261001T111857,43361.131008,100.0,True,7,90,7:90
20261001T111857,78526.622464,100.0,True,8,113,8:113
20261001T111858,46742.233856,100.0,True,1,101,1:101
20261001T111858,44031.39328,100.0,True,5,95,5:95
20261001T111858,88765.370624,100.0,True,6,108,6:108
20261001T111858,95325.59232,100.0,True,9,77,9:77
20261001T111859,94605.038336,100.0,True,1,90,1:90
20261001T111859,85832.545024,100.0,True,5,87,5:87
20261001T111859,89285.952768,100.0,True,7,81,7:81
20261001T111859,49343.564288,100.0,True,14,106,14:106
20261001T111900,99442.974976,100.0,True,1,89,1:89
20261001T111900,42297.18272,100.0,True,7,91,7:91
20261001T111901,43032.292864,100.0,True,4,124,4:124
20261001T111901,37831.352576,100.0,True,6,124,6:124
20261001T111901,37424.945664,100.0,True,9,88,9:88
20261001T111901,41646.06336,100.0,True,12,96,12:96
20261001T111902,93877.220864,100.0,True,1,91,1:91
20261001T111902,46067.787264,100.0,True,6,122,6:122
20261001T111902,43675.551488,100.0,True,11,94,11:94
20261001T111903,46708.475136,100.0,True,9,87,9:87
20261001T111903,84512.72832,100.0,True,11,86,11:86
20261001T111903,47640.516352,100.0,True,14,107,14:107
20261001T111904,39287.166464,100.0,True,1,104,1:104
20261001T111904,46769.50144,100.0,True,3,110,3:110
20261001T111904,39029.699072,100.0,True,5,97,5:97
20261001T111904,95436.922368,100.0,True,9,78,9:78
20261001T111905,37026.14528,100.0,True,8,127,8:127
20261001T111906,46475.441408,100.0,True,5,96,5:96
20261001T111906,46427.518464,100.0,True,13,121,13:121
20261001T111907,93881.854208,100.0,True,0,103,0:103
20261001T111907,44654.410496,100.0,True,4,125,4:125
20261001T111907,41156.120832,100.0,True,13,123,13:123
20261001T111907,83602.63936,100.0,True,14,100,14:100
20261001T111907,47716.363008,100.0,True,14,108,14:108
20261001T111908,78619.250688,100.0,True,1,96,1:96
20261001T111908,39070.763008,100.0,True,3,113,3:113
20261001T111908,77859.64416,100.0,True,6,114,6:114
20261001T111908,39799.444224,100.0,True,11,96,11:96
20261001T111908,41621.913344,100.0,True,12,98,12:98
20261001T111909,35724.559104,100.0,True,5,99,5:99
20261001T111909,37892.194048,100.0,True,6,126,6:126
20261001T111909,76480.03456,100.0,True,12,90,12:90
20261001T111909,40285.488896,100.0,True,14,110,14:110
20261001T111910,100409.81888,100.0,True,4,110,4:110
20261001T111910,41935.40352,100.0,True,9,89,9:89
20261001T111911,46056.527872,100.0,True,3,112,3:112
20261001T111911,42277.622016,100.0,True,5,98,5:98
20261001T111911,98027.483904,100.0,True,6,109,6:109
20261001T111911,84270.678016,100.0,True,6,113,6:113
20261001T111911,47582.158336,100.0,True,14,109,14:109
20261001T111912,48440.299008,100.0,True,0,117,0:117
20261001T111912,95135.293184,100.0,True,4,112,4:112
20261001T111912,35703.278336,100.0,True,4,129,4:129
20261001T111912,35977.70496,100.0,True,7,95,7:95
20261001T111912,48671.624192,100.0,True,11,95,11:95
20261001T111912,40059.859968,100.0,True,12,99,12:99
20261001T111913,50002.78528,100.0,True,12,97,12:97
20261001T111914,44729.9136,100.0,True,1,105,1:105
20261001T111914,37192.198144,100.0,True,5,100,5:100
20261001T111914,41613.49376,100.0,True,7,94,7:94
20261001T111914,103537.682432,100.0,True,8,111,8:111
20261001T111914,49346.579712,100.0,True,8,126,8:126
20261001T111914,39998.610176,100.0,True,10,125,10:125
20261001T111915,48168.457728,100.0,True,4,126,4:126
20261001T111915,39776.045568,100.0,True,8,129,8:129
20261001T111915,37853.357056,100.0,True,10,126,10:126
20261001T111915,87636.944384,100.0,True,12,89,12:89
20261001T111916,49792.365312,100.0,True,2,107,2:107
20261001T111916,48942.060544,100.0,True,6,125,6:125
20261001T111916,41124.337152,100.0,True,9,90,9:90
20261001T111916,85563.588864,100.0,True,13,114,13:114
20261001T111917,39082.917376,100.0,True,3,115,3:115
20261001T111917,43902.944256,100.0,True,11,97,11:97
20261001T111917,40659.41248,100.0,True,14,112,14:112
20261001T111918,45919.224832,100.0,True,1,106,1:106
20261001T111918,45709.076736,100.0,True,3,114,3:114
20261001T111918,95381.594368,100.0,True,7,84,7:84
20261001T111918,92569.851904,100.0,True,9,81,9:81
20261001T111918,36181.78304,100.0,True,12,101,12:101
20261001T111919,75991.234048,100.0,True,1,99,1:99
20261001T111919,95978.770688,100.0,True,2,97,2:97
20261001T111919,87910.373632,100.0,True,4,116,4:116
20261001T111919,48024.241664,100.0,True,4,127,4:127
20261001T111919,81815.633408,100.0,True,12,91,12:91
20261001T111919,77846.857728,100.0,True,14,104,14:104
20261001T111920,81054.8288,100.0,True,2,101,2:101
20261001T111920,86058.612992,100.0,True,9,83,9:83
20261001T111920,54545.623808,100.0,True,10,123,10:123
20261001T111920,50073.438464,100.0,True,13,124,13:124
20261001T111921,51690.58816,100.0,True,2,108,2:108
20261001T111921,42123.304704,100.0,True,4,130,4:130
20261001T111921,42354.407936,100.0,True,8,130,8:130
20261001T111921,82849.776128,100.0,True,11,90,11:90
20261001T111922,88920.66432,100.0,True,8,117,8:117
20261001T111923,40631.905536,100.0,True,0,122,0:122
20261001T111923,41299.840512,100.0,True,1,108,1:108
20261001T111923,44818.094336,100.0,True,6,128,6:128
20261001T111923,52010.039808,100.0,True,8,128,8:128
20261001T111923,38082.79936,100.0,True,14,114,14:114
20261001T111924,49696.912896,100.0,True,0,120,0:120
20261001T111924,45472.510464,100.0,True,0,121,0:121
20261001T111924,39011.99232,100.0,True,1,109,1:109
20261001T111924,40131.320832,100.0,True,11,99,11:99
20261001T111924,47581.442304,100.0,True,12,100,12:100
20261001T111924,38854.953728,100.0,True,13,128,13:128
20261001T111925,39139.586048,100.0,True,3,117,3:117
20261001T111925,39489.2928,100.0,True,7,97,7:97
20261001T111925,42499.13728,100.0,True,8,131,8:131
20261001T111925,51484.104192,100.0,True,14,111,14:111
20261001T111926,44525.561856,100.0,True,6,129,6:129
20261001T111926,41411.090432,100.0,True,9,92,9:92
20261001T111927,94529.014784,100.0,True,7,86,7:86
20261001T111927,52106.095104,100.0,True,13,125,13:125
20261001T111928,44416.223744,100.0,True,4,131,4:131
20261001T111929,78665.58848,100.0,True,0,113,0:113
20261001T111929,46308.498176,100.0,True,3,116,3:116
20261001T111929,91862.930944,100.0,True,10,116,10:116
20261001T111929,39975.742976,100.0,True,12,103,12:103
20261001T111930,39332.069376,100.0,True,1,110,1:110
20261001T111930,95941.018368,100.0,True,4,117,4:117
20261001T111930,40747.694848,100.0,True,7,98,7:98
20261001T111931,48793.502976,100.0,True,2,111,2:111
20261001T111931,91977.64224,100.0,True,4,118,4:118
20261001T111931,91494.44736,100.0,True,10,117,10:117
20261001T111931,47970.636288,100.0,True,10,128,10:128
20261001T111931,38705.053952,100.0,True,11,101,11:101
20261001T111931,45776.54912,100.0,True,12,102,12:102
20261001T111931,99311.405824,100.0,True,14,102,14:102
20261001T111932,49012.080896,100.0,True,5,101,5:101
20261001T111932,52194.08,100.0,True,10,127,10:127
20261001T111932,39270.753024,100.0,True,13,130,13:130
20261001T111933,82445.328128,100.0,True,2,104,2:104
20261001T111933,37355.136,100.0,True,6,133,6:133
20261001T111933,78972.08064,100.0,True,11,93,11:93
20261001T111933,44398.952704,100.0,True,11,100,11:100
20261001T111933,41358.417664,100.0,True,14,116,14:116
20261001T111934,84748.287488,100.0,True,6,120,6:120
20261001T111934,48100.562688,100.0,True,8,132,8:132
20261001T111934,39024.708864,100.0,True,12,104,12:104
20261001T111934,52115.678208,100.0,True,14,113,14:113
20261001T111935,45423.176704,100.0,True,0,124,0:124
20261001T111935,92993.889536,100.0,True,11,91,11:91
20261001T111935,36378.605056,100.0,True,12,105,12:105
20261001T111936,45257.880576,100.0,True,3,118,3:118
20261001T111936,43347.129344,100.0,True,5,103,5:103
20261001T111936,46472.81152,100.0,True,6,131,6:131
20261001T111937,43658.757888,100.0,True,0,125,0:125
20261001T111937,86022.46656,100.0,True,8,122,8:122
20261001T111938,50517.915648,100.0,True,5,102,5:102
20261001T111938,46734.214144,100.0,True,10,130,10:130
20261001T111938,42353.235456,100.0,True,14,117,14:117
20261001T111939,52207.676928,100.0,True,2,112,2:112
20261001T111939,37110.134528,100.0,True,4,136,4:136
20261001T111939,42000.633856,100.0,True,5,104,5:104
20261001T111939,77579.547136,100.0,True,8,125,8:125
20261001T111939,51733.864192,100.0,True,10,129,10:129
20261001T111939,45507.1808,100.0,True,10,131,10:131
20261001T111939,39488.66688,100.0,True,14,118,14:118
20261001T111940,47274.812672,100.0,True,3,119,3:119
20261001T111940,45166.496256,100.0,True,4,134,4:134
20261001T111940,52962.56128,100.0,True,6,130,6:130
20261001T111940,47522.668032,100.0,True,8,134,8:134
20261001T111940,43771.296256,100.0,True,8,135,8:135
20261001T111940,92051.206144,100.0,True,12,93,12:93
20261001T111940,35640.58496,100.0,True,13,133,13:133
20261001T111941,48803.719424,100.0,True,2,113,2:113
20261001T111941,40255.671296,100.0,True,6,134,6:134
20261001T111941,40669.812992,100.0,True,7,100,7:100
20261001T111942,37788.3136,100.0,True,2,116,2:116
20261001T111942,39626.596096,100.0,True,10,133,10:133
20261001T111943,48877.56032,100.0,True,1,111,1:111
20261001T111943,51863.365376,100.0,True,4,133,4:133
20261001T111943,48439.564544,100.0,True,9,94,9:94
20261001T111943,44729.561088,100.0,True,10,132,10:132
20261001T111943,87018.889472,100.0,True,12,95,12:95
20261001T111944,34972.482816,100.0,True,1,114,1:114
20261001T111944,48502.43328,100.0,True,7,99,7:99
20261001T111945,46852.195584,100.0,True,0,126,0:126
20261001T111945,84084.84736,100.0,True,1,103,1:103
20261001T111945,45096.221952,100.0,True,1,112,1:112
20261001T111945,43202.434048,100.0,True,3,121,3:121
20261001T111945,39376.475136,100.0,True,4,137,4:137
20261001T111945,52032.283136,100.0,True,6,132,6:132
20261001T111946,47039.012864,100.0,True,2,115,2:115
20261001T111946,45477.592064,100.0,True,8,136,8:136
20261001T111946,44075.46368,100.0,True,11,103,11:103
20261001T111947,39888.422144,100.0,True,3,122,3:122
20261001T111948,87174.541824,100.0,True,2,106,2:106
20261001T111948,44447.196928,100.0,True,5,105,5:105
20261001T111948,49648.564992,100.0,True,11,102,11:102
20261001T111949,51383.32288,100.0,True,3,120,3:120
20261001T111949,41322.148352,100.0,True,5,106,5:106
20261001T111949,51558.949632,100.0,True,13,131,13:131
20261001T111950,92229.826048,100.0,True,0,115,0:115
20261001T111950,35349.0112,100.0,True,3,124,3:124
20261001T111950,51305.470208,100.0,True,4,135,4:135
20261001T111950,46057.60128,100.0,True,6,135,6:135
20261001T111950,45825.894656,100.0,True,14,119,14:119
20261001T111950,42533.465344,100.0,True,14,120,14:120
20261001T111951,41008.371968,100.0,True,10,135,10:135
20261001T111952,90416.189184,100.0,True,13,122,13:122
20261001T111952,39239.342592,100.0,True,13,135,13:135
20261001T111953,97212.17536,100.0,True,4,123,4:123
20261001T111953,79905.848576,100.0,True,4,128,4:128
20261001T111953,99263.969536,100.0,True,6,121,6:121
20261001T111953,36737.784576,100.0,True,6,139,6:139
20261001T111953,48206.964736,100.0,True,8,137,8:137
20261001T111953,36705.000704,100.0,True,12,108,12:108
20261001T111953,36805.1392,100.0,True,13,136,13:136
20261001T111954,46482.633984,100.0,True,0,128,0:128
20261001T111954,43524.088832,100.0,True,0,129,0:129
20261001T111954,90116.195072,100.0,True,7,92,7:92
20261001T111954,49665.070336,100.0,True,12,106,12:106
20261001T111955,94479.485696,100.0,True,0,116,0:116
20261001T111955,36040.525056,100.0,True,2,119,2:119
20261001T111955,48039.77216,100.0,True,7,101,7:101
20261001T111955,43486.175232,100.0,True,11,105,11:105
20261001T111955,46417.393152,100.0,True,13,134,13:134
20261001T111956,40418.011392,100.0,True,1,116,1:116
20261001T111956,42707.810816,100.0,True,6,138,6:138
20261001T111956,36568.712192,100.0,True,6,140,6:140
20261001T111957,45386.49088,100.0,True,3,123,3:123
20261001T111957,45015.297536,100.0,True,8,139,8:139
20261001T111958,38027.830528,100.0,True,0,131,0:131
20261001T111958,40310.590208,100.0,True,4,140,4:140
20261001T111958,50739.612672,100.0,True,6,136,6:136
20261001T111958,41035.177216,100.0,True,7,103,7:103
20261001T111958,47697.200128,100.0,True,9,97,9:97
20261001T111959,88705.817344,100.0,True,0,119,0:119
20261001T111959,47173.579264,100.0,True,5,107,5:107
20261001T111959,91613.146368,100.0,True,7,93,7:93
20261001T111959,44350.718976,100.0,True,9,98,9:98
20261001T112000,46097.441536,100.0,True,4,139,4:139
20261001T112001,40055.080704,100.0,True,1,117,1:117
20261001T112001,34636.771328,100.0,True,1,118,1:118
20261001T112001,50609.499648,100.0,True,12,107,12:107
20261001T112001,40377.595648,100.0,True,13,137,13:137
20261001T112002,41274.805248,100.0,True,5,109,5:109
20261001T112002,101236.6848,100.0,True,10,122,10:122
20261001T112002,41258.75968,100.0,True,14,123,14:123
20261001T112003,84892.178944,100.0,True,1,107,1:107
20261001T112003,89358.057472,100.0,True,2,109,2:109
20261001T112003,36584.212736,100.0,True,2,121,2:121
20261001T112003,52442.831872,100.0,True,7,102,7:102
20261001T112004,103539.054592,100.0,True,3,111,3:111
20261001T112004,35840.565248,100.0,True,8,143,8:143
20261001T112004,44649.350144,100.0,True,9,99,9:99
20261001T112004,85051.989504,100.0,True,11,98,11:98
20261001T112004,46297.797888,100.0,True,14,122,14:122
20261001T112005,98431.81696,100.0,True,0,118,0:118
20261001T112005,42070.150912,100.0,True,0,132,0:132
20261001T112005,46449.851648,100.0,True,3,125,3:125
20261001T112005,75540.942336,100.0,True,13,129,13:129
20261001T112006,51422.583296,100.0,True,0,130,0:130
20261001T112006,44485.779456,100.0,True,4,141,4:141
20261001T112006,49057.579776,100.0,True,5,108,5:108
20261001T112006,36453.765888,100.0,True,6,143,6:143
20261001T112006,96486.238464,100.0,True,10,124,10:124
20261001T112007,41507.204864,100.0,True,4,142,4:142
20261001T112007,52317.07776,100.0,True,10,136,10:136
20261001T112008,86530.308864,100.0,True,7,96,7:96
20261001T112008,48306.544896,100.0,True,8,141,8:141
20261001T112009,38126.536448,100.0,True,0,134,0:134
20261001T112009,81910.676736,100.0,True,4,132,4:132
20261001T112009,46259.115776,100.0,True,7,104,7:104
20261001T112009,43148.461056,100.0,True,11,108,11:108
20261001T112010,34750.776064,100.0,True,0,135,0:135
20261001T112010,91620.426496,100.0,True,2,110,2:110
20261001T112010,50642.41152,100.0,True,12,109,12:109
20261001T112010,44425.950464,100.0,True,14,124,14:124
20261001T112011,44933.249792,100.0,True,13,139,13:139
20261001T112012,49976.394496,100.0,True,3,126,3:126
20261001T112012,46587.119104,100.0,True,3,127,3:127
20261001T112012,39080.05888,100.0,True,12,112,12:112
20261001T112013,34957.239296,100.0,True,6,145,6:145
20261001T112013,93985.676544,100.0,True,9,91,9:91
20261001T112013,46799.980544,100.0,True,9,100,9:100
20261001T112013,43548.937728,100.0,True,9,101,9:101
20261001T112013,35345.981184,100.0,True,9,103,9:103
20261001T112013,41899.432704,100.0,True,10,140,10:140
20261001T112013,48953.412352,100.0,True,12,110,12:110
20261001T112013,95915.341568,100.0,True,13,126,13:126
20261001T112013,43784.57088,100.0,True,14,125,14:125
20261001T112014,88197.863424,100.0,True,0,123,0:123
20261001T112014,38117.497856,100.0,True,2,123,2:123
20261001T112014,37183.478784,100.0,True,4,145,4:145
20261001T112014,37251.073536,100.0,True,12,113,12:113
20261001T112015,41358.86848,100.0,True,9,102,9:102
20261001T112016,102656.920576,100.0,True,6,127,6:127
20261001T112016,49425.381632,100.0,True,6,142,6:142
20261001T112016,84781.190656,100.0,True,8,133,8:133
20261001T112016,44153.273344,100.0,True,8,144,8:144
20261001T112017,46519.633152,100.0,True,2,122,2:122
20261001T112017,46959.644416,100.0,True,3,128,3:128
20261001T112017,36783.704576,100.0,True,14,128,14:128
20261001T112018,50540.06016,100.0,True,0,133,0:133
20261001T112018,83298.083072,100.0,True,2,114,2:114
20261001T112018,50925.202688,100.0,True,7,105,7:105
20261001T112018,46277.94688,100.0,True,7,106,7:106
20261001T112018,98059.993856,100.0,True,13,127,13:127
20261001T112019,42479.464192,100.0,True,1,121,1:121
20261001T112019,48401.639424,100.0,True,11,109,11:109
20261001T112019,77438.79296,100.0,True,13,132,13:132
20261001T112020,36235.359232,100.0,True,11,112,11:112
20261001T112020,39609.516544,100.0,True,13,143,13:143
20261001T112021,45326.912256,100.0,True,8,145,8:145
20261001T112021,91925.062144,100.0,True,14,115,14:115
20261001T112022,41563.521792,100.0,True,2,124,2:124
20261001T112022,49789.322496,100.0,True,14,126,14:126
20261001T112023,48955.360768,100.0,True,5,112,5:112
20261001T112023,36741.810944,100.0,True,8,148,8:148
20261001T112023,93463.304704,100.0,True,9,93,9:93
20261001T112023,41100.946688,100.0,True,9,104,9:104
20261001T112024,43250.262272,100.0,True,1,122,1:122
20261001T112024,34667.483648,100.0,True,3,133,3:133
20261001T112024,40048.909568,100.0,True,4,147,4:147
20261001T112024,44514.314496,100.0,True,7,108,7:108
20261001T112024,39036.184064,100.0,True,7,109,7:109
20261001T112024,48510.92224,100.0,True,10,141,10:141
20261001T112024,47111.822336,100.0,True,14,127,14:127
20261001T112025,39892.113664,100.0,True,0,137,0:137
20261001T112025,50683.241472,100.0,True,6,144,6:144
20261001T112025,38172.397312,100.0,True,11,113,11:113
20261001T112026,45783.373056,100.0,True,0,136,0:136
20261001T112026,47696.361472,100.0,True,3,130,3:130
20261001T112026,52046.033408,100.0,True,4,144,4:144
20261001T112026,46608.50816,100.0,True,5,113,5:113
20261001T112026,50725.341696,100.0,True,7,107,7:107
20261001T112027,82439.6672,100.0,True,1,113,1:113
20261001T112027,45859.335168,100.0,True,4,146,4:146
20261001T112027,38032.594432,100.0,True,5,115,5:115
20261001T112027,76757.634304,100.0,True,6,137,6:137
20261001T112027,40157.028096,100.0,True,12,115,12:115
20261001T112028,73846.438912,100.0,True,2,118,2:118
20261001T112028,80553.792512,100.0,True,11,104,11:104
20261001T112028,36955.233024,100.0,True,11,114,11:114
20261001T112029,35283.693568,100.0,True,7,111,7:111
20261001T112029,85279.42656,100.0,True,9,96,9:96
20261001T112029,47272.14336,100.0,True,12,114,12:114
20261001T112030,44911.099904,100.0,True,3,132,3:132
20261001T112030,39768.727296,100.0,True,7,110,7:110
20261001T112031,37071.334144,100.0,True,14,131,14:131
20261001T112032,81741.38624,100.0,True,4,138,4:138
20261001T112032,43859.003392,100.0,True,4,148,4:148
20261001T112032,51201.545728,100.0,True,6,146,6:146
20261001T112032,86108.393216,100.0,True,10,134,10:134
20261001T112032,74164.012032,100.0,True,10,137,10:137
20261001T112032,48620.108544,100.0,True,10,143,10:143
20261001T112033,40141.887232,100.0,True,0,139,0:139
20261001T112033,41180.89344,100.0,True,4,149,4:149
20261001T112033,47988.072448,100.0,True,5,114,5:114
20261001T112034,50681.134848,100.0,True,2,125,2:125
20261001T112034,95098.154496,100.0,True,9,95,9:95
20261001T112034,48548.635136,100.0,True,14,129,14:129
20261001T112035,45927.880448,100.0,True,2,126,2:126
20261001T112035,87708.65408,100.0,True,8,138,8:138
20261001T112036,50377.637888,100.0,True,1,123,1:123
20261001T112036,40247.917568,100.0,True,5,116,5:116
20261001T112036,40325.039104,100.0,True,10,146,10:146
20261001T112036,44508.339968,100.0,True,12,116,12:116
20261001T112036,37667.88608,100.0,True,14,132,14:132
20261001T112037,47378.01472,100.0,True,8,149,8:149
20261001T112037,72903.535616,100.0,True,13,138,13:138
20261001T112038,46188.910592,100.0,True,2,127,2:127
20261001T112038,44325.368832,100.0,True,3,134,3:134
20261001T112038,50750.565888,100.0,True,10,144,10:144
20261001T112038,36381.672192,100.0,True,14,133,14:133
20261001T112039,42635.17952,100.0,True,0,140,0:140
20261001T112039,76970.573824,100.0,True,10,138,10:138
20261001T112039,49014.478848,100.0,True,13,145,13:145
20261001T112040,42184.736512,100.0,True,13,147,13:147
20261001T112041,97286.147328,100.0,True,0,127,0:127
20261001T112041,44697.955328,100.0,True,4,150,4:150
20261001T112041,40902.479616,100.0,True,7,112,7:112
20261001T112041,74289.772032,100.0,True,10,139,10:139
20261001T112041,72991.865088,100.0,True,12,111,12:111
20261001T112041,89039.81056,100.0,True,14,121,14:121
20261001T112042,42804.475648,100.0,True,3,135,3:135
20261001T112042,49211.431936,100.0,True,8,150,8:150
20261001T112042,35187.1424,100.0,True,12,119,12:119
20261001T112043,94248.050944,100.0,True,2,117,2:117
20261001T112043,38927.747584,100.0,True,2,130,2:130
20261001T112043,35825.791488,100.0,True,2,131,2:131
20261001T112043,43775.02592,100.0,True,4,151,4:151
20261001T112043,34241.79072,100.0,True,5,119,5:119
20261001T112043,37820.921856,100.0,True,9,109,9:109
20261001T112044,48413.001216,100.0,True,1,125,1:125
20261001T112044,48047.796736,100.0,True,11,115,11:115
20261001T112044,47418.99648,100.0,True,12,117,12:117
20261001T112044,49947.484928,100.0,True,13,146,13:146
20261001T112045,46130.11072,100.0,True,1,126,1:126
20261001T112045,83332.360704,100.0,True,2,120,2:120
20261001T112045,44276.25344,100.0,True,2,129,2:129
20261001T112045,48587.584,100.0,True,8,151,8:151
20261001T112045,34445.987072,100.0,True,10,150,10:150
20261001T112045,39803.59808,100.0,True,13,149,13:149
20261001T112046,81071.538432,100.0,True,5,110,5:110
20261001T112046,39345.67552,100.0,True,8,154,8:154
20261001T112046,46453.738496,100.0,True,11,116,11:116
20261001T112047,34751.094528,100.0,True,0,144,0:144
20261001T112047,50316.210688,100.0,True,2,128,2:128
20261001T112047,78221.304576,100.0,True,4,143,4:143
20261001T112047,42117.536512,100.0,True,10,148,10:148
20261001T112047,37577.03424,100.0,True,11,118,11:118
20261001T112048,46195.760896,100.0,True,6,152,6:152
20261001T112048,40971.210752,100.0,True,6,153,6:153
20261001T112048,46542.592512,100.0,True,9,108,9:108
20261001T112048,42733.496576,100.0,True,11,117,11:117
20261001T112049,46966.487296,100.0,True,0,141,0:141
20261001T112049,46589.345536,100.0,True,3,136,3:136
20261001T112049,43563.537664,100.0,True,5,118,5:118
20261001T112049,41992.373504,100.0,True,10,149,10:149
20261001T112050,39004.09344,100.0,True,2,132,2:132
20261001T112050,36577.366528,100.0,True,3,139,3:139
20261001T112050,40494.602496,100.0,True,7,114,7:114
20261001T112050,93831.99616,100.0,True,11,106,11:106
20261001T112051,44716.482304,100.0,True,14,134,14:134
20261001T112052,42984.870144,100.0,True,0,143,0:143
20261001T112052,44043.793664,100.0,True,1,128,1:128
20261001T112052,91065.05344,100.0,True,11,107,11:107
20261001T112053,38144.795392,100.0,True,2,133,2:133
20261001T112053,42072.879104,100.0,True,3,138,3:138
20261001T112053,39500.795904,100.0,True,5,120,5:120
20261001T112053,90102.617856,100.0,True,6,141,6:141
20261001T112054,101567.61728,100.0,True,1,115,1:115
20261001T112054,50266.208768,100.0,True,4,152,4:152
20261001T112054,49521.6192,100.0,True,7,113,7:113
20261001T112054,44559.371776,100.0,True,14,135,14:135
20261001T112055,48245.890048,100.0,True,4,153,4:153
20261001T112055,41785.474816,100.0,True,13,151,13:151
20261001T112056,50544.831488,100.0,True,0,142,0:142
20261001T112056,87780.819968,100.0,True,5,111,5:111
20261001T112056,101035.644928,100.0,True,8,140,8:140
20261001T112056,92003.120896,100.0,True,8,142,8:142
20261001T112057,84359.938304,100.0,True,1,120,1:120
20261001T112057,49724.874496,100.0,True,3,137,3:137
20261001T112057,43091.75424,100.0,True,7,115,7:115
20261001T112057,46281.159936,100.0,True,8,155,8:155
20261001T112057,47222.7392,100.0,True,9,110,9:110
20261001T112058,38482.304256,100.0,True,4,157,4:157
20261001T112058,79893.40672,100.0,True,8,146,8:146
20261001T112059,39588.728576,100.0,True,2,134,2:134
20261001T112059,36510.049024,100.0,True,6,157,6:157
20261001T112059,44573.067008,100.0,True,9,111,9:111
20261001T112100,49242.728192,100.0,True,4,154,4:154
20261001T112100,42832.797952,100.0,True,4,156,4:156
20261001T112100,42538.108416,100.0,True,14,137,14:137
20261001T112101,91546.38848,100.0,True,1,119,1:119
20261001T112101,50408.808704,100.0,True,6,154,6:154
20261001T112101,46653.473792,100.0,True,10,151,10:151
20261001T112102,87539.198208,100.0,True,3,129,3:129
20261001T112102,47058.541824,100.0,True,6,155,6:155
20261001T112102,39875.74272,100.0,True,10,153,10:153
20261001T112102,37027.930624,100.0,True,12,123,12:123
20261001T112102,39548.817152,100.0,True,14,138,14:138
20261001T112103,49387.868416,100.0,True,1,129,1:129
20261001T112103,49433.019904,100.0,True,4,155,4:155
20261001T112103,50040.554496,100.0,True,8,156,8:156
20261001T112103,84626.05952,100.0,True,11,111,11:111
20261001T112103,92323.2896,100.0,True,13,140,13:140
20261001T112104,45227.928064,100.0,True,1,130,1:130
20261001T112104,37708.419584,100.0,True,4,159,4:159
20261001T112105,50268.764928,100.0,True,11,119,11:119
20261001T112105,36736.900608,100.0,True,11,122,11:122
20261001T112105,45491.876864,100.0,True,13,153,13:153
20261001T112106,36327.208448,100.0,True,0,148,0:148
20261001T112106,45275.141888,100.0,True,8,158,8:158
20261001T112106,46441.30304,100.0,True,11,120,11:120
20261001T112107,41946.290176,100.0,True,0,147,0:147
20261001T112107,84884.56064,100.0,True,3,131,3:131
20261001T112107,36840.39552,100.0,True,8,161,8:161
20261001T112107,42101.259264,100.0,True,9,113,9:113
20261001T112107,82035.030528,100.0,True,13,144,13:144
20261001T112108,42986.991872,100.0,True,3,142,3:142
20261001T112108,41032.696064,100.0,True,5,123,5:123
20261001T112109,84006.411008,100.0,True,6,147,6:147
20261001T112109,38317.506048,100.0,True,9,114,9:114
20261001T112109,52760.444416,100.0,True,13,152,13:152
20261001T112109,44280.182272,100.0,True,14,139,14:139
20261001T112110,35788.253696,100.0,True,0,149,0:149
20261001T112110,42314.284544,100.0,True,2,136,2:136
20261001T112110,51949.277184,100.0,True,3,140,3:140
20261001T112110,40952.359936,100.0,True,3,143,3:143
20261001T112110,42318.060032,100.0,True,8,160,8:160
20261001T112111,38394.627328,100.0,True,1,133,1:133
20261001T112111,45253.918464,100.0,True,10,154,10:154
20261001T112111,43631.568896,100.0,True,13,155,13:155
20261001T112112,40604.304128,100.0,True,7,118,7:118
20261001T112112,90098.169088,100.0,True,8,147,8:147
20261001T112112,51550.533888,100.0,True,9,112,9:112
20261001T112112,38477.752064,100.0,True,10,156,10:156
20261001T112112,97919.032832,100.0,True,11,110,11:110
20261001T112112,94601.17376,100.0,True,13,142,13:142
20261001T112113,43729.779712,100.0,True,1,132,1:132
20261001T112113,50599.079936,100.0,True,3,141,3:141
20261001T112114,48245.752576,100.0,True,6,158,6:158
20261001T112114,50096.568832,100.0,True,13,154,13:154
20261001T112114,42458.657792,100.0,True,13,156,13:156
20261001T112114,38599.806464,100.0,True,13,157,13:157
20261001T112115,51711.815424,100.0,True,5,122,5:122
20261001T112115,80280.069632,100.0,True,6,150,6:150
20261001T112116,75151.206912,100.0,True,5,117,5:117
20261001T112116,52317.880576,100.0,True,8,159,8:159
20261001T112116,102035.612672,100.0,True,13,141,13:141
20261001T112117,52671.396608,100.0,True,1,131,1:131
20261001T112117,35783.3728,100.0,True,4,163,4:163
20261001T112117,76607.428608,100.0,True,10,147,10:147
20261001T112117,44376.086016,100.0,True,11,123,11:123
20261001T112117,35315.228928,100.0,True,11,125,11:125
20261001T112117,77075.618304,100.0,True,12,118,12:118
20261001T112118,42193.529344,100.0,True,3,145,3:145
20261001T112118,44430.537728,100.0,True,14,141,14:141
20261001T112119,75154.162688,100.0,True,1,127,1:127
20261001T112119,50132.473088,100.0,True,14,140,14:140
20261001T112120,38700.736,100.0,True,2,139,2:139
20261001T112120,85743.526656,100.0,True,9,106,9:106
20261001T112120,100625.79456,100.0,True,10,142,10:142
20261001T112120,37025.125376,100.0,True,12,127,12:127
20261001T112121,92658.051584,100.0,True,0,138,0:138
20261001T112121,50103.579904,100.0,True,6,159,6:159
20261001T112122,47232.822528,100.0,True,8,162,8:162
20261001T112123,45764.133632,100.0,True,0,150,0:150
20261001T112123,46383.31776,100.0,True,2,138,2:138
20261001T112123,49616.898048,100.0,True,3,144,3:144
20261001T112123,95998.776832,100.0,True,9,105,9:105
20261001T112123,91019.758336,100.0,True,10,145,10:145
20261001T112123,45506.917888,100.0,True,11,124,11:124
20261001T112123,48891.796736,100.0,True,12,125,12:125
20261001T112124,37010.391296,100.0,True,1,136,1:136
20261001T112124,50021.465344,100.0,True,6,160,6:160
20261001T112124,41625.557248,100.0,True,6,162,6:162
20261001T112124,45089.536512,100.0,True,8,163,8:163
20261001T112124,47417.716736,100.0,True,9,115,9:115
20261001T112124,94829.703424,100.0,True,14,130,14:130
20261001T112125,36267.154688,100.0,True,2,141,2:141
20261001T112125,48501.872384,100.0,True,10,157,10:157
20261001T112126,42007.191552,100.0,True,2,140,2:140
20261001T112126,51448.973312,100.0,True,4,161,4:161
20261001T112126,97730.107392,100.0,True,6,148,6:148
20261001T112126,39382.11968,100.0,True,11,126,11:126
20261001T112127,45679.703808,100.0,True,10,158,10:158
20261001T112128,46509.882624,100.0,True,7,120,7:120
20261001T112128,76107.90144,100.0,True,12,120,12:120
20261001T112128,44543.124992,100.0,True,13,159,13:159
20261001T112128,45711.803648,100.0,True,14,143,14:143
20261001T112129,51119.299328,100.0,True,4,162,4:162
20261001T112129,42079.028992,100.0,True,9,117,9:117
20261001T112129,36128.904192,100.0,True,11,127,11:127
20261001T112130,99294.674944,100.0,True,1,124,1:124
20261001T112130,37748.5568,100.0,True,6,165,6:165
20261001T112130,38025.404672,100.0,True,7,122,7:122
20261001T112130,51850.973184,100.0,True,12,126,12:126
20261001T112131,45582.228224,100.0,True,0,152,0:152
20261001T112131,39289.26464,100.0,True,3,149,3:149
20261001T112131,42253.881856,100.0,True,6,164,6:164
20261001T112132,38421.1648,100.0,True,1,138,1:138
20261001T112132,46675.857408,100.0,True,5,127,5:127
20261001T112132,93981.85216,100.0,True,9,107,9:107
20261001T112133,37709.533184,100.0,True,4,167,4:167
20261001T112133,51844.555264,100.0,True,5,126,5:126
20261001T112133,101700.423168,100.0,True,6,149,6:149
20261001T112134,43414.148352,100.0,True,1,137,1:137
20261001T112134,96232.456704,100.0,True,6,151,6:151
20261001T112134,77826.201856,100.0,True,12,121,12:121
20261001T112135,50699.315712,100.0,True,4,164,4:164
20261001T112135,75477.777408,100.0,True,5,121,5:121
20261001T112135,43996.628736,100.0,True,5,128,5:128
20261001T112135,49054.792448,100.0,True,8,165,8:165
20261001T112136,45977.867776,100.0,True,8,166,8:166
20261001T112136,49699.604736,100.0,True,14,144,14:144
20261001T112137,37803.698944,100.0,True,5,130,5:130
20261001T112137,45822.132736,100.0,True,9,118,9:118
20261001T112137,78185.249536,100.0,True,10,152,10:152
20261001T112137,86551.13728,100.0,True,13,150,13:150
20261001T112138,76751.258368,100.0,True,0,146,0:146
20261001T112138,36478.258432,100.0,True,8,169,8:169
20261001T112138,45572.837376,100.0,True,12,129,12:129
20261001T112138,49822.412032,100.0,True,13,160,13:160
20261001T112139,40171.542784,100.0,True,1,139,1:139
20261001T112139,51135.881728,100.0,True,7,121,7:121
20261001T112139,41453.223168,100.0,True,14,147,14:147
20261001T112140,37330.927872,100.0,True,2,144,2:144
20261001T112140,77061.55008,100.0,True,4,158,4:158
20261001T112140,100092.247808,100.0,True,8,152,8:152
20261001T112140,48673.4208,100.0,True,13,161,13:161
20261001T112140,46825.37472,100.0,True,14,146,14:146
20261001T112141,37606.848512,100.0,True,10,164,10:164
20261001T112141,99742.71232,100.0,True,13,148,13:148
20261001T112142,48373.652736,100.0,True,0,154,0:154
20261001T112142,38984.850176,100.0,True,1,140,1:140
20261001T112142,100280.172544,100.0,True,8,153,8:153
20261001T112142,48573.200896,100.0,True,8,167,8:167
20261001T112142,52580.531456,100.0,True,10,160,10:160
20261001T112142,46166.887936,100.0,True,10,162,10:162
20261001T112144,46765.393152,100.0,True,2,143,2:143
20261001T112144,51750.151424,100.0,True,10,161,10:161
20261001T112144,84319.004416,100.0,True,12,122,12:122
20261001T112145,81394.792192,100.0,True,2,135,2:135
20261001T112145,48569.570048,100.0,True,3,150,3:150
20261001T112145,44626.042624,100.0,True,3,151,3:151
20261001T112145,39832.668928,100.0,True,3,152,3:152
20261001T112146,42845.55776,100.0,True,0,156,0:156
20261001T112146,42950.273024,100.0,True,9,120,9:120
20261001T112146,47372.395776,100.0,True,13,163,13:163
20261001T112147,37140.008448,100.0,True,6,170,6:170
20261001T112147,86233.695488,100.0,True,7,116,7:116
20261001T112147,42457.756928,100.0,True,12,132,12:132
20261001T112148,46303.052544,100.0,True,7,124,7:124
20261001T112148,79685.552384,100.0,True,10,155,10:155
20261001T112148,78465.4464,100.0,True,12,124,12:124
20261001T112149,90016.635904,100.0,True,6,156,6:156
20261001T112149,40617.619712,100.0,True,11,130,11:130
20261001T112150,93897.608704,100.0,True,8,157,8:157
20261001T112150,45323.047424,100.0,True,8,170,8:170
20261001T112150,48347.872256,100.0,True,12,131,12:131
20261001T112151,44029.238784,100.0,True,2,145,2:145
20261001T112152,42964.405248,100.0,True,3,153,3:153
20261001T112152,43586.697728,100.0,True,9,121,9:121
20261001T112152,37480.627712,100.0,True,11,131,11:131
20261001T112153,47226.991616,100.0,True,0,157,0:157
20261001T112153,42585.557248,100.0,True,2,146,2:146
20261001T112153,45303.9424,100.0,True,5,132,5:132
20261001T112154,45245.521664,100.0,True,0,158,0:158
20261001T112154,48310.749952,100.0,True,7,125,7:125
20261001T112155,52153.313024,100.0,True,4,169,4:169
20261001T112155,43183.327744,100.0,True,7,126,7:126
20261001T112155,46660.130048,100.0,True,8,171,8:171
20261001T112155,51832.778496,100.0,True,13,164,13:164
20261001T112156,46025.778944,100.0,True,4,171,4:171
20261001T112156,51056.575744,100.0,True,6,168,6:168
20261001T112156,41299.708416,100.0,True,10,167,10:167
20261001T112156,101759.725056,100.0,True,14,136,14:136
20261001T112156,78506.093824,100.0,True,14,142,14:142
20261001T112157,38266.784768,100.0,True,2,148,2:148
20261001T112157,84914.265088,100.0,True,5,124,5:124
20261001T112157,52151.927808,100.0,True,11,129,11:129
20261001T112158,100586.236416,100.0,True,0,145,0:145
20261001T112158,44914.691072,100.0,True,5,133,5:133
20261001T112158,44173.02912,100.0,True,9,122,9:122
20261001T112158,37672.799488,100.0,True,12,135,12:135
20261001T112159,41806.49984,100.0,True,13,168,13:168
20261001T112201,40261.346816,100.0,True,1,144,1:144
20261001T112201,50603.454464,100.0,True,14,150,14:150
20261001T112202,44315.006976,100.0,True,0,160,0:160
20261001T112202,41774.555392,100.0,True,9,123,9:123
20261001T112202,51462.249728,100.0,True,13,166,13:166
20261001T112203,45185.564928,100.0,True,10,168,10:168
20261001T112203,42840.223488,100.0,True,11,132,11:132
20261001T112203,46944.675584,100.0,True,14,151,14:151
20261001T112204,81581.919488,100.0,True,0,151,0:151
20261001T112204,51073.650688,100.0,True,0,159,0:159
20261001T112204,47160.134656,100.0,True,3,155,3:155
20261001T112204,47300.152064,100.0,True,4,173,4:173
20261001T112204,97047.481344,100.0,True,7,117,7:117
20261001T112204,84932.528128,100.0,True,13,158,13:158
20261001T112205,39471.4112,100.0,True,1,145,1:145
20261001T112205,51788.124928,100.0,True,3,154,3:154
20261001T112205,50320.420608,100.0,True,8,173,8:173
20261001T112206,88035.526656,100.0,True,6,161,6:161
20261001T112206,43504.980736,100.0,True,7,128,7:128
20261001T112206,102725.18528,100.0,True,11,121,11:121
20261001T112206,50904.475904,100.0,True,12,134,12:134
20261001T112207,46762.610688,100.0,True,4,174,4:174
20261001T112208,78995.447296,100.0,True,0,153,0:153
20261001T112208,91987.50464,100.0,True,7,119,7:119
20261001T112208,47614.008832,100.0,True,10,169,10:169
20261001T112208,46390.494464,100.0,True,13,169,13:169
20261001T112209,45852.41472,100.0,True,0,161,0:161
20261001T112209,41530.241792,100.0,True,0,162,0:162
20261001T112209,77751.310848,100.0,True,4,166,4:166
20261001T112209,82684.13568,100.0,True,6,163,6:163
20261001T112209,87528.278528,100.0,True,8,164,8:164
20261001T112210,99391.609344,100.0,True,4,160,4:160
20261001T112210,46942.0352,100.0,True,4,175,4:175
20261001T112210,40261.915392,100.0,True,14,155,14:155
20261001T112211,42095.543296,100.0,True,1,146,1:146
20261001T112211,82445.437696,100.0,True,4,165,4:165
20261001T112211,45215.040512,100.0,True,13,170,13:170
20261001T112212,90773.122048,100.0,True,3,146,3:146
20261001T112212,47728.492544,100.0,True,3,157,3:157
20261001T112212,49264.605696,100.0,True,8,175,8:175
20261001T112212,46157.326592,100.0,True,8,176,8:176
20261001T112213,95148.444416,100.0,True,1,134,1:134
20261001T112213,100557.007872,100.0,True,2,137,2:137
20261001T112213,51237.131776,100.0,True,3,156,3:156
20261001T112214,52005.172992,100.0,True,5,135,5:135
20261001T112214,90848.72832,100.0,True,9,116,9:116
20261001T112214,40235.434752,100.0,True,11,135,11:135
20261001T112214,50624.292608,100.0,True,14,153,14:153
20261001T112215,91914.612736,100.0,True,1,135,1:135
20261001T112215,40932.398592,100.0,True,8,178,8:178
20261001T112216,49435.08736,100.0,True,6,174,6:174
20261001T112216,78938.615808,100.0,True,7,123,7:123
20261001T112216,45678.067456,100.0,True,8,177,8:177
20261001T112217,40751.103488,100.0,True,4,179,4:179
20261001T112217,76267.456512,100.0,True,6,167,6:167
20261001T112217,43157.89696,100.0,True,13,172,13:172
20261001T112218,101630.290432,100.0,True,5,125,5:125
20261001T112218,54007.161344,100.0,True,9,124,9:124
20261001T112218,43086.19008,100.0,True,12,138,12:138
20261001T112219,80848.68736,100.0,True,0,155,0:155
20261001T112219,45600.268032,100.0,True,4,178,4:178
20261001T112219,84520.68096,100.0,True,5,129,5:129
20261001T112219,91355.005696,100.0,True,12,128,12:128
20261001T112219,52356.029696,100.0,True,14,154,14:154
20261001T112220,96187.097088,100.0,True,3,147,3:147
20261001T112220,45920.891648,100.0,True,3,159,3:159
20261001T112220,45460.452352,100.0,True,5,138,5:138
20261001T112221,84084.70016,100.0,True,12,130,12:130
20261001T112222,45637.955328,100.0,True,13,173,13:173
20261001T112222,41994.054144,100.0,True,14,157,14:157
20261001T112223,51236.120832,100.0,True,0,163,0:163
20261001T112223,50327.816448,100.0,True,1,147,1:147
20261001T112223,89616.696576,100.0,True,2,142,2:142
20261001T112224,53452.236544,100.0,True,7,130,7:130
20261001T112224,52990.72,100.0,True,9,125,9:125
20261001T112224,45064.069376,100.0,True,12,139,12:139
20261001T112224,78844.722944,100.0,True,14,149,14:149
20261001T112225,42816.508928,100.0,True,1,149,1:149
20261001T112225,54679.781376,100.0,True,4,177,4:177
20261001T112225,45093.98528,100.0,True,5,139,5:139
20261001T112225,77304.777728,100.0,True,6,169,6:169
20261001T112225,55289.158144,100.0,True,11,134,11:134
20261001T112226,49753.059584,100.0,True,2,152,2:152
20261001T112226,43290.56256,100.0,True,4,181,4:181
20261001T112226,46129.114368,100.0,True,6,177,6:177
20261001T112226,49090.51136,100.0,True,10,173,10:173
20261001T112227,54671.255808,100.0,True,10,172,10:172
20261001T112227,43052.241408,100.0,True,11,137,11:137
20261001T112228,88667.523584,100.0,True,4,168,4:168
20261001T112229,51824.993536,100.0,True,9,126,9:126
20261001T112229,102522.532864,100.0,True,10,159,10:159
20261001T112229,45254.3744,100.0,True,12,140,12:140
20261001T112229,86748.094976,100.0,True,14,148,14:148
20261001T112230,102677.541632,100.0,True,3,148,3:148
20261001T112230,99883.025408,100.0,True,14,145,14:145
20261001T112231,56388.931584,100.0,True,0,164,0:164
20261001T112231,52364.214784,100.0,True,1,148,1:148
20261001T112231,43698.349312,100.0,True,1,150,1:150
20261001T112231,95036.588032,100.0,True,13,162,13:162
20261001T112232,44159.5136,100.0,True,5,141,5:141
20261001T112232,92848.86656,100.0,True,10,163,10:163
20261001T112232,42815.64288,100.0,True,14,159,14:159
20261001T112233,56628.049664,100.0,True,7,131,7:131
20261001T112233,96827.580416,100.0,True,9,119,9:119
20261001T112233,43977.454848,100.0,True,12,141,12:141
20261001T112234,82944.281088,100.0,True,10,166,10:166
20261001T112234,53463.286272,100.0,True,10,174,10:174
20261001T112234,94602.439424,100.0,True,11,128,11:128
20261001T112235,51596.57088,100.0,True,5,140,5:140
20261001T112236,56415.139072,100.0,True,0,165,0:165
20261001T112236,49570.934528,100.0,True,6,179,6:179
20261001T112236,43737.3696,100.0,True,9,129,9:129
20261001T112236,44129.833472,100.0,True,11,139,11:139
20261001T112236,56412.48128,100.0,True,13,174,13:174
20261001T112237,46374.638848,100.0,True,0,168,0:168
20261001T112237,81912.245504,100.0,True,2,147,2:147
20261001T112237,100355.77472,100.0,True,6,166,6:166
20261001T112237,44232.859904,100.0,True,6,181,6:181
20261001T112237,55768.4224,100.0,True,7,132,7:132
20261001T112238,85686.508032,100.0,True,1,142,1:142
20261001T112238,80387.509248,100.0,True,1,143,1:143
20261001T112238,48479.43808,100.0,True,6,180,6:180
20261001T112239,44796.13056,100.0,True,3,164,3:164
20261001T112240,49184.73472,100.0,True,3,163,3:163
20261001T112240,88191.562496,100.0,True,4,172,4:172
20261001T112241,92219.533056,100.0,True,1,141,1:141
20261001T112241,58348.549888,100.0,True,6,178,6:178
20261001T112241,82211.73888,100.0,True,8,174,8:174
20261001T112242,46292.327424,100.0,True,4,185,4:185
20261001T112242,85245.844224,100.0,True,7,127,7:127
20261001T112242,103733.11872,100.0,True,8,168,8:168
20261001T112242,57549.650176,100.0,True,13,175,13:175
20261001T112243,58479.31776,100.0,True,10,175,10:175
20261001T112244,90178.277888,100.0,True,13,167,13:167
20261001T112244,47758.58432,100.0,True,13,178,13:178
20261001T112245,56844.523264,100.0,True,4,182,4:182
20261001T112245,56275.55712,100.0,True,10,176,10:176
20261001T112246,103008.591616,100.0,True,5,131,5:131
20261001T112246,57123.281408,100.0,True,13,176,13:176
20261001T112247,49649.647616,100.0,True,6,182,6:182
20261001T112247,46759.543808,100.0,True,8,185,8:185
20261001T112247,98883.45088,100.0,True,10,165,10:165
20261001T112247,47879.414784,100.0,True,10,179,10:179
20261001T112248,57055.2768,100.0,True,1,151,1:151
20261001T112248,96856.031488,100.0,True,8,172,8:172
20261001T112248,59477.421568,100.0,True,11,138,11:138
20261001T112248,101255.088896,100.0,True,13,165,13:165
20261001T112249,55748.751104,100.0,True,0,169,0:169
20261001T112249,45864.709632,100.0,True,0,171,0:171
20261001T112249,57918.7136,100.0,True,2,156,2:156
20261001T112249,102063.204608,100.0,True,4,170,4:170
20261001T112249,50561.198336,100.0,True,12,143,12:143
20261001T112250,48649.79072,100.0,True,1,154,1:154
20261001T112250,80935.907584,100.0,True,5,137,5:137
20261001T112250,56780.61952,100.0,True,13,177,13:177
20261001T112251,56714.80064,100.0,True,1,152,1:152
20261001T112251,58136.488192,100.0,True,8,183,8:183
20261001T112251,82307.190528,100.0,True,10,171,10:171
20261001T112251,48792.326656,100.0,True,10,180,10:180
20261001T112252,48342.133504,100.0,True,3,166,3:166
20261001T112252,48690.569984,100.0,True,4,187,4:187
20261001T112254,48941.180416,100.0,True,1,155,1:155
20261001T112254,55751.611648,100.0,True,5,143,5:143
20261001T112254,58012.930816,100.0,True,8,184,8:184
20261001T112254,89553.711616,100.0,True,10,170,10:170
20261001T112254,104486.790912,100.0,True,12,133,12:133
20261001T112255,56992.031488,100.0,True,0,170,0:170
20261001T112255,45409.42848,100.0,True,3,167,3:167
20261001T112255,51354.473728,100.0,True,6,184,6:184
20261001T112255,94797.815808,100.0,True,14,152,14:152
20261001T112255,50505.801216,100.0,True,14,162,14:162
20261001T112256,80509.893888,100.0,True,6,176,6:176
20261001T112256,91956.51968,100.0,True,11,133,11:133
20261001T112256,91150.965248,100.0,True,12,136,12:136
20261001T112256,81043.354112,100.0,True,14,156,14:156
20261001T112257,93951.497728,100.0,True,2,149,2:149
20261001T112257,99375.016704,100.0,True,5,134,5:134
20261001T112257,57395.728896,100.0,True,14,161,14:161
20261001T112258,59702.048,100.0,True,9,130,9:130
20261001T112258,54686.779136,100.0,True,9,131,9:131
20261001T112258,48399.824384,100.0,True,14,163,14:163
20261001T112259,60215.444992,100.0,True,2,158,2:158
20261001T112259,104177.689088,100.0,True,6,171,6:171
20261001T112259,87024.6976,100.0,True,6,175,6:175
20261001T112300,60396.917504,100.0,True,13,179,13:179
20261001T112301,54151.530752,100.0,True,2,160,2:160
20261001T112301,54383.973376,100.0,True,10,181,10:181
20261001T112301,91647.497728,100.0,True,12,137,12:137
20261001T112301,50029.44896,100.0,True,12,146,12:146
20261001T112302,99670.19008,100.0,True,6,173,6:173
20261001T112302,60588.513536,100.0,True,7,136,7:136
20261001T112302,52387.650816,100.0,True,7,138,7:138
20261001T112303,57282.328576,100.0,True,0,172,0:172
20261001T112303,97395.145472,100.0,True,4,176,4:176
20261001T112303,104071.958016,100.0,True,6,172,6:172
20261001T112304,97156.241152,100.0,True,2,150,2:150
20261001T112304,51486.277632,100.0,True,6,186,6:186
20261001T112304,97571.759872,100.0,True,7,129,7:129
20261001T112305,51696.412928,100.0,True,0,174,0:174
20261001T112305,48988.168448,100.0,True,1,157,1:157
20261001T112305,53688.36096,100.0,True,8,188,8:188
20261001T112305,57724.327424,100.0,True,9,132,9:132
20261001T112306,62136.3904,100.0,True,5,144,5:144
20261001T112306,49382.792192,100.0,True,7,140,7:140
20261001T112306,55073.033984,100.0,True,11,143,11:143
20261001T112306,96235.07712,100.0,True,13,171,13:171
20261001T112306,52465.92,100.0,True,13,183,13:183
20261001T112308,57037.956096,100.0,True,0,173,0:173
20261001T112309,98334.259456,100.0,True,2,151,2:151
20261001T112309,82793.142272,100.0,True,3,162,3:162
20261001T112309,61326.143488,100.0,True,5,145,5:145
20261001T112309,56450.870784,100.0,True,9,133,9:133
20261001T112309,55917.258496,100.0,True,10,183,10:183
20261001T112309,52993.024512,100.0,True,11,144,11:144
20261001T112309,62013.563136,100.0,True,12,145,12:145
20261001T112310,60758.990336,100.0,True,4,189,4:189
20261001T112310,58230.043136,100.0,True,5,146,5:146
20261001T112311,101629.395712,100.0,True,3,158,3:158
20261001T112311,88182.617856,100.0,True,3,161,3:161
20261001T112311,49822.715904,100.0,True,5,148,5:148
20261001T112311,55020.4736,100.0,True,6,187,6:187
20261001T112311,54676.667648,100.0,True,9,134,9:134
20261001T112312,84637.051648,100.0,True,0,167,0:167
20261001T112312,56948.308736,100.0,True,2,162,2:162
20261001T112312,93184.889088,100.0,True,11,136,11:136
20261001T112312,62168.678912,100.0,True,13,182,13:182
20261001T112313,53422.790656,100.0,True,3,170,3:170
20261001T112313,106917.339392,100.0,True,5,136,5:136
20261001T112314,96551.459072,100.0,True,3,160,3:160
20261001T112314,86074.101248,100.0,True,8,182,8:182
20261001T112314,58368.971008,100.0,True,10,184,10:184
20261001T112315,63496.829696,100.0,True,2,161,2:161
20261001T112315,62791.076864,100.0,True,3,168,3:168
20261001T112315,93194.861824,100.0,True,8,180,8:180
20261001T112315,53086.565888,100.0,True,8,191,8:191
20261001T112315,53536.228352,100.0,True,9,135,9:135
20261001T112315,82709.760512,100.0,True,10,177,10:177
20261001T112316,52677.99424,100.0,True,2,164,2:164
20261001T112316,63418.741504,100.0,True,4,190,4:190
20261001T112316,62712.545536,100.0,True,7,139,7:139
20261001T112317,51261.581568,100.0,True,6,190,6:190
20261001T112318,93495.881216,100.0,True,2,154,2:154
20261001T112318,89475.192064,100.0,True,2,155,2:155
20261001T112319,59206.800384,100.0,True,4,192,4:192
20261001T112319,58863.305472,100.0,True,6,188,6:188
20261001T112320,84367.706368,100.0,True,2,157,2:157
20261001T112320,63535.044864,100.0,True,3,169,3:169
20261001T112320,56486.413568,100.0,True,3,171,3:171
20261001T112320,102896.846592,100.0,True,8,179,8:179
20261001T112320,61576.724992,100.0,True,14,165,14:165
20261001T112321,56962.65856,100.0,True,4,193,4:193
20261001T112321,97345.110784,100.0,True,9,127,9:127
20261001T112321,84782.725888,100.0,True,10,178,10:178
20261001T112321,53208.613632,100.0,True,13,187,13:187
20261001T112322,63168.51584,100.0,True,2,163,2:163
20261001T112322,50748.63104,100.0,True,4,195,4:195
20261001T112322,59105.670656,100.0,True,6,189,6:189
20261001T112322,54783.026944,100.0,True,8,193,8:193
20261001T112322,50818.552832,100.0,True,11,147,11:147
20261001T112322,60778.406656,100.0,True,13,185,13:185
20261001T112323,65656.320256,100.0,True,4,191,4:191
20261001T112323,90548.977408,100.0,True,5,142,5:142
20261001T112324,52861.664512,100.0,True,3,173,3:173
20261001T112324,90859.314176,100.0,True,4,184,4:184
20261001T112324,52154.710016,100.0,True,9,137,9:137
20261001T112325,87001.659136,100.0,True,1,153,1:153
20261001T112325,58915.972608,100.0,True,1,159,1:159
20261001T112325,59973.001728,100.0,True,5,149,5:149
20261001T112325,56724.275456,100.0,True,12,149,12:149
20261001T112325,101079.348736,100.0,True,14,158,14:158
20261001T112326,65125.442816,100.0,True,1,158,1:158
20261001T112326,105534.414336,100.0,True,2,153,2:153
20261001T112326,57361.02272,100.0,True,7,142,7:142
20261001T112326,55333.0688,100.0,True,8,194,8:194
20261001T112326,63285.446912,100.0,True,12,148,12:148
20261001T112327,65111.78752,100.0,True,0,176,0:176
20261001T112327,58566.4512,100.0,True,5,150,5:150
20261001T112327,61253.716736,100.0,True,14,167,14:167
20261001T112328,108380.461824,100.0,True,4,180,4:180
20261001T112328,55765.718272,100.0,True,12,150,12:150
20261001T112329,61590.576384,100.0,True,0,177,0:177
20261001T112329,103676.308992,100.0,True,8,181,8:181
20261001T112329,62838.708224,100.0,True,11,146,11:146
20261001T112330,59458.109952,100.0,True,1,160,1:160
20261001T112330,65205.48224,100.0,True,10,187,10:187
20261001T112330,86675.827968,100.0,True,13,180,13:180
20261001T112330,53332.384768,100.0,True,14,170,14:170
20261001T112331,52277.464832,100.0,True,0,180,0:180
20261001T112331,103080.24064,100.0,True,9,128,9:128
20261001T112332,109208.803584,100.0,True,0,166,0:166
20261001T112332,57725.368576,100.0,True,0,179,0:179
20261001T112332,93009.778688,100.0,True,3,165,3:165
20261001T112332,92206.927872,100.0,True,6,183,6:183
20261001T112332,89999.474176,100.0,True,12,144,12:144
20261001T112332,60228.210944,100.0,True,13,188,13:188
20261001T112333,51759.022336,100.0,True,3,175,3:175
20261001T112333,64253.176064,100.0,True,6,191,6:191
20261001T112333,59640.416768,100.0,True,14,169,14:169
20261001T112334,65680.668928,100.0,True,2,165,2:165
20261001T112334,54910.57152,100.0,True,6,194,6:194
20261001T112334,106395.188224,100.0,True,7,133,7:133
20261001T112334,87238.233088,100.0,True,13,181,13:181
20261001T112335,58333.847808,100.0,True,2,167,2:167
20261001T112335,67276.694016,100.0,True,4,194,4:194
20261001T112335,60525.88288,100.0,True,5,151,5:151
20261001T112335,61014.0096,100.0,True,8,195,8:195
20261001T112335,59347.419648,100.0,True,12,151,12:151
20261001T112336,53902.476032,100.0,True,2,168,2:168
20261001T112336,105314.491904,100.0,True,4,183,4:183
20261001T112336,57241.683456,100.0,True,7,144,7:144
20261001T112336,92070.969088,100.0,True,8,186,8:186
20261001T112336,56843.70432,100.0,True,13,190,13:190
20261001T112337,90754.715648,100.0,True,4,188,4:188
20261001T112337,104582.3232,100.0,True,7,134,7:134
20261001T112337,53867.270912,100.0,True,9,139,9:139
20261001T112338,55732.357376,100.0,True,6,195,6:195
20261001T112338,60404.586496,100.0,True,10,190,10:190
20261001T112338,62337.791744,100.0,True,13,189,13:189
20261001T112339,66040.245504,100.0,True,2,166,2:166
20261001T112340,51539.057152,100.0,True,0,182,0:182
20261001T112340,63597.854976,100.0,True,3,174,3:174
20261001T112340,100012.945664,100.0,True,4,186,4:186
20261001T112340,67896.593152,100.0,True,6,192,6:192
20261001T112340,67067.655168,100.0,True,7,143,7:143
20261001T112340,97737.59616,100.0,True,11,141,11:141
20261001T112340,58578.213376,100.0,True,11,149,11:149
20261001T112340,106636.27008,100.0,True,12,142,12:142
20261001T112341,62871.930368,100.0,True,8,196,8:196
20261001T112341,54341.90208,100.0,True,12,153,12:153
20261001T112341,53283.494912,100.0,True,13,192,13:192
20261001T112341,106695.44192,100.0,True,14,160,14:160
20261001T112342,62545.640704,100.0,True,1,162,1:162
20261001T112342,59066.900224,100.0,True,7,145,7:145
20261001T112342,61586.465792,100.0,True,14,171,14:171
20261001T112343,57587.040256,100.0,True,2,169,2:169
20261001T112343,67589.493504,100.0,True,4,196,4:196
20261001T112343,56965.383424,100.0,True,4,199,4:199
20261001T112343,56755.12448,100.0,True,8,199,8:199
20261001T112343,69850.243328,100.0,True,10,189,10:189
20261001T112343,55613.66656,100.0,True,11,150,11:150
20261001T112344,68998.287104,100.0,True,1,161,1:161
20261001T112344,56925.633536,100.0,True,1,164,1:164
20261001T112344,107261.846528,100.0,True,11,140,11:140
20261001T112345,56090.034432,100.0,True,3,177,3:177
20261001T112345,99359.662592,100.0,True,7,137,7:137
20261001T112345,61222.852864,100.0,True,13,191,13:191
20261001T112346,61287.395328,100.0,True,3,176,3:176
20261001T112346,97658.484224,100.0,True,6,185,6:185
20261001T112346,63098.905088,100.0,True,8,198,8:198
20261001T112347,62801.317632,100.0,True,5,153,5:153
20261001T112347,111587.15136,100.0,True,7,135,7:135
20261001T112347,58024.354304,100.0,True,7,146,7:146
20261001T112347,55408.212224,100.0,True,12,154,12:154
20261001T112348,62682.738688,100.0,True,6,196,6:196
20261001T112348,56690.076672,100.0,True,10,194,10:194
20261001T112349,65005.872384,100.0,True,0,181,0:181
20261001T112349,66155.409152,100.0,True,1,163,1:163
20261001T112349,65669.563904,100.0,True,4,198,4:198
20261001T112349,67557.849344,100.0,True,10,191,10:191
20261001T112349,102725.4848,100.0,True,11,142,11:142
20261001T112350,92067.295232,100.0,True,5,147,5:147
20261001T112350,60106.336512,100.0,True,5,154,5:154
20261001T112350,56072.026368,100.0,True,13,194,13:194
20261001T112351,53598.438144,100.0,True,3,179,3:179
20261001T112351,60227.149824,100.0,True,8,200,8:200
20261001T112351,65878.678016,100.0,True,10,192,10:192
20261001T112352,57570.783488,100.0,True,7,147,7:147
20261001T112353,101780.82816,100.0,True,1,156,1:156
20261001T112353,60801.139712,100.0,True,4,201,4:201
20261001T112353,52895.820288,100.0,True,9,142,9:142
20261001T112353,93963.131392,100.0,True,10,185,10:185
20261001T112353,58419.455488,100.0,True,11,151,11:151
20261001T112353,56747.935232,100.0,True,11,152,11:152
20261001T112354,54721.470208,100.0,True,2,172,2:172
20261001T112354,52594.934784,100.0,True,3,180,3:180
20261001T112354,106172.218624,100.0,True,8,187,8:187
20261001T112355,111595.667712,100.0,True,2,159,2:159
20261001T112355,52498.486016,100.0,True,5,157,5:157
20261001T112355,66438.25024,100.0,True,9,140,9:140
20261001T112355,50336.006656,100.0,True,10,197,10:197
20261001T112356,63778.880256,100.0,True,1,165,1:165
20261001T112356,61586.450176,100.0,True,2,171,2:171
20261001T112356,56763.674112,100.0,True,5,156,5:156
20261001T112356,93223.928832,100.0,True,7,141,7:141
20261001T112356,52354.210816,100.0,True,12,156,12:156
20261001T112356,65153.485056,100.0,True,13,193,13:193
20261001T112357,52191.690752,100.0,True,4,205,4:205
20261001T112357,67169.402112,100.0,True,6,197,6:197
20261001T112357,57991.911936,100.0,True,6,199,6:199
20261001T112358,59664.312064,100.0,True,4,203,4:203
20261001T112358,108025.704192,100.0,True,10,182,10:182
20261001T112358,50361.024,100.0,True,12,157,12:157
20261001T112358,60739.0976,100.0,True,13,195,13:195
20261001T112358,67792.313344,100.0,True,14,173,14:173
20261001T112358,62764.08576,100.0,True,14,174,14:174
20261001T112359,57094.97984,100.0,True,4,204,4:204
20261001T112359,97482.300928,100.0,True,10,186,10:186
20261001T112359,63123.171072,100.0,True,10,195,10:195
20261001T112400,65441.842432,100.0,True,3,178,3:178
20261001T112400,65410.885888,100.0,True,8,201,8:201
20261001T112400,96696.830208,100.0,True,14,166,14:166
20261001T112401,104080.079872,100.0,True,0,175,0:175
20261001T112401,52639.862528,100.0,True,2,174,2:174
20261001T112401,65922.25024,100.0,True,6,198,6:198
20261001T112401,57994.408192,100.0,True,8,203,8:203
20261001T112401,51628.292864,100.0,True,8,205,8:205
20261001T112402,57053.792512,100.0,True,0,186,0:186
20261001T112402,51093.266432,100.0,True,4,207,4:207
20261001T112402,92761.870848,100.0,True,10,188,10:188
20261001T112403,52544.135936,100.0,True,5,159,5:159
20261001T112403,65027.723264,100.0,True,7,148,7:148
20261001T112403,63479.335936,100.0,True,13,196,13:196
20261001T112404,54670.249472,100.0,True,0,187,0:187
20261001T112404,54660.779264,100.0,True,3,182,3:182
20261001T112404,50305.029888,100.0,True,7,151,7:151
20261001T112404,108887.182336,100.0,True,8,189,8:189
20261001T112404,54980.108288,100.0,True,14,177,14:177
20261001T112405,65601.838336,100.0,True,1,167,1:167
20261001T112405,60445.753088,100.0,True,1,168,1:168
20261001T112405,101303.294208,100.0,True,8,192,8:192
20261001T112405,61383.799552,100.0,True,13,197,13:197
20261001T112406,97727.3664,100.0,True,3,172,3:172
20261001T112406,60541.453312,100.0,True,3,181,3:181
20261001T112406,60516.048896,100.0,True,6,201,6:201
20261001T112406,65824.255488,100.0,True,14,175,14:175
20261001T112407,95713.877248,100.0,True,0,178,0:178
20261001T112407,51311.21792,100.0,True,8,207,8:207
20261001T112408,55124.464128,100.0,True,2,175,2:175
20261001T112408,110089.23904,100.0,True,8,190,8:190
20261001T112408,55887.594752,100.0,True,10,199,10:199
20261001T112408,111990.217984,100.0,True,12,147,12:147
20261001T112408,114243.56224,100.0,True,14,164,14:164
20261001T112409,61221.01248,100.0,True,4,206,4:206
20261001T112409,52653.661696,100.0,True,5,160,5:160
20261001T112409,57089.41184,100.0,True,6,203,6:203
20261001T112409,59899.56224,100.0,True,10,198,10:198
20261001T112409,63334.0864,100.0,True,11,154,11:154
20261001T112409,57451.23712,100.0,True,11,155,11:155
20261001T112409,52860.984832,100.0,True,11,156,11:156
20261001T112410,60302.028032,100.0,True,6,202,6:202
20261001T112410,92461.6,100.0,True,9,138,9:138
20261001T112410,112889.007104,100.0,True,13,184,13:184
20261001T112410,58199.201536,100.0,True,13,199,13:199
20261001T112410,64047.508992,100.0,True,14,176,14:176
20261001T112411,57949.028864,100.0,True,3,183,3:183
20261001T112411,60034.105088,100.0,True,9,144,9:144
20261001T112411,58581.52192,100.0,True,12,158,12:158
20261001T112411,54188.386304,100.0,True,12,159,12:159
20261001T112412,60213.600256,100.0,True,0,188,0:188
20261001T112412,95872.597248,100.0,True,6,193,6:193
20261001T112412,55271.960576,100.0,True,13,200,13:200
20261001T112413,59815.370496,100.0,True,1,170,1:170
20261001T112413,52484.970496,100.0,True,12,160,12:160
20261001T112414,50798.673408,100.0,True,0,191,0:191
20261001T112414,52151.359488,100.0,True,6,206,6:206
20261001T112414,108135.587328,100.0,True,9,136,9:136
20261001T112416,58194.592256,100.0,True,1,171,1:171
20261001T112416,114316.302336,100.0,True,11,145,11:145
20261001T112417,63938.881024,100.0,True,8,206,8:206
20261001T112417,61861.88928,100.0,True,10,200,10:200
20261001T112417,112862.289408,100.0,True,13,186,13:186
20261001T112418,49615.800576,100.0,True,4,212,4:212
20261001T112419,55027.762176,100.0,True,7,153,7:153
20261001T112420,61786.566912,100.0,True,10,201,10:201
20261001T112420,51700.559104,100.0,True,11,159,11:159
20261001T112420,66238.144512,100.0,True,14,178,14:178
20261001T112421,50223.957248,100.0,True,0,193,0:193
20261001T112421,55655.700736,100.0,True,4,211,4:211
20261001T112421,61910.847744,100.0,True,6,205,6:205
20261001T112421,58311.096576,100.0,True,8,209,8:209
20261001T112421,92299.66592,100.0,True,10,193,10:193
20261001T112422,61446.857728,100.0,True,1,172,1:172
20261001T112422,102192.647424,100.0,True,5,152,5:152
20261001T112422,53528.408064,100.0,True,13,203,13:203
20261001T112423,63990.717952,100.0,True,0,190,0:190
20261001T112423,56501.251584,100.0,True,6,207,6:207
20261001T112423,54862.89408,100.0,True,8,210,8:210
20261001T112424,65603.127296,100.0,True,4,209,4:209
20261001T112424,65765.02656,100.0,True,7,152,7:152
20261001T112424,60839.295744,100.0,True,10,202,10:202
20261001T112424,66046.898688,100.0,True,14,179,14:179
20261001T112425,56026.319872,100.0,True,7,154,7:154
20261001T112425,114941.51424,100.0,True,14,168,14:168
20261001T112426,52218.900992,100.0,True,3,188,3:188
20261001T112426,61944.120064,100.0,True,11,158,11:158
20261001T112427,57512.610304,100.0,True,3,187,3:187
20261001T112427,47981.703168,100.0,True,6,210,6:210
20261001T112427,49651.501824,100.0,True,7,156,7:156
20261001T112427,60809.1584,100.0,True,14,181,14:181
20261001T112428,99761.807616,100.0,True,4,200,4:200
20261001T112428,111261.332992,100.0,True,11,148,11:148
20261001T112429,50432.831232,100.0,True,3,189,3:189
20261001T112429,67684.716032,100.0,True,4,210,4:210
20261001T112429,94048.626944,100.0,True,9,141,9:141
20261001T112429,56441.739008,100.0,True,11,160,11:160
20261001T112429,57716.266752,100.0,True,12,162,12:162
20261001T112430,95964.952576,100.0,True,0,183,0:183
20261001T112430,65781.727232,100.0,True,1,173,1:173
20261001T112430,109302.287872,100.0,True,8,197,8:197
20261001T112430,52052.914944,100.0,True,8,213,8:213
20261001T112431,56945.282304,100.0,True,6,209,6:209
20261001T112431,56758.557952,100.0,True,9,148,9:148
20261001T112431,59156.568064,100.0,True,13,204,13:204
20261001T112432,64634.303232,100.0,True,0,192,0:192
20261001T112432,96814.093824,100.0,True,1,166,1:166
20261001T112432,112984.241152,100.0,True,4,197,4:197
20261001T112432,60467.77344,100.0,True,8,211,8:211
20261001T112432,53092.968192,100.0,True,12,164,12:164
20261001T112432,51674.961152,100.0,True,13,206,13:206
20261001T112433,60792.478976,100.0,True,2,180,2:180
20261001T112433,55748.452864,100.0,True,2,181,2:181
20261001T112433,95533.873408,100.0,True,12,155,12:155
20261001T112434,52245.193472,100.0,True,3,190,3:190
20261001T112434,60889.954304,100.0,True,7,155,7:155
20261001T112434,59757.775616,100.0,True,8,212,8:212
20261001T112434,93398.637312,100.0,True,11,153,11:153
20261001T112434,57774.2784,100.0,True,13,205,13:205
20261001T112435,105556.634368,100.0,True,2,170,2:170
20261001T112436,58584.082944,100.0,True,0,195,0:195
20261001T112436,57208.362752,100.0,True,9,149,9:149
20261001T112436,59280.48768,100.0,True,10,206,10:206
20261001T112436,56467.950592,100.0,True,10,207,10:207
20261001T112437,63803.992832,100.0,True,1,175,1:175
20261001T112437,59793.211392,100.0,True,11,161,11:161
20261001T112437,53177.144832,100.0,True,13,207,13:207
20261001T112438,58583.806976,100.0,True,1,176,1:176
20261001T112438,58845.870592,100.0,True,5,165,5:165
20261001T112438,54526.155264,100.0,True,10,208,10:208
20261001T112438,112565.625344,100.0,True,14,172,14:172
20261001T112438,63148.908032,100.0,True,14,183,14:183
20261001T112439,55104.854016,100.0,True,2,183,2:183
20261001T112439,64404.50944,100.0,True,4,214,4:214
20261001T112439,57021.302272,100.0,True,4,216,4:216
20261001T112439,117533.491456,100.0,True,12,152,12:152
20261001T112439,55981.842944,100.0,True,14,185,14:185
20261001T112440,105265.692416,100.0,True,4,202,4:202
20261001T112440,105812.270848,100.0,True,5,155,5:155
20261001T112441,53699.012864,100.0,True,1,178,1:178
20261001T112441,59809.787392,100.0,True,2,182,2:182
20261001T112441,59030.398976,100.0,True,11,162,11:162
20261001T112442,64182.149376,100.0,True,4,215,4:215
20261001T112442,99191.490816,100.0,True,7,149,7:149
20261001T112442,95487.084032,100.0,True,9,143,9:143
20261001T112443,106535.47136,100.0,True,0,184,0:184
20261001T112443,54357.62688,100.0,True,2,184,2:184
20261001T112443,61906.56768,100.0,True,8,214,8:214
20261001T112443,54561.051136,100.0,True,9,151,9:151
20261001T112444,55654.351616,100.0,True,4,218,4:218
20261001T112444,60029.166592,100.0,True,5,166,5:166
20261001T112445,62725.86496,100.0,True,0,196,0:196
20261001T112445,101168.308992,100.0,True,2,173,2:173
20261001T112445,58031.135744,100.0,True,8,216,8:216
20261001T112445,60718.527232,100.0,True,12,165,12:165
20261001T112446,97969.019648,100.0,True,1,169,1:169
20261001T112446,91466.35904,100.0,True,4,208,4:208
20261001T112446,61713.732096,100.0,True,8,215,8:215
20261001T112447,64244.712704,100.0,True,6,211,6:211
20261001T112447,60377.75488,100.0,True,6,212,6:212
20261001T112448,56864.072704,100.0,True,1,179,1:179
20261001T112448,106309.174016,100.0,True,6,200,6:200
20261001T112448,61579.943424,100.0,True,11,163,11:163
20261001T112448,55992.314112,100.0,True,14,187,14:187
20261001T112449,102400.812032,100.0,True,5,158,5:158
20261001T112449,58754.732288,100.0,True,6,213,6:213
20261001T112449,92298.546688,100.0,True,9,145,9:145
20261001T112449,61079.304448,100.0,True,14,186,14:186
20261001T112450,110380.664832,100.0,True,0,185,0:185
20261001T112450,65123.580672,100.0,True,0,197,0:197
20261001T112450,67060.576,100.0,True,7,157,7:157
20261001T112450,110413.81248,100.0,True,10,196,10:196
20261001T112450,54097.526272,100.0,True,11,165,11:165
20261001T112450,63441.112576,100.0,True,13,208,13:208
20261001T112451,62801.536512,100.0,True,12,166,12:166
20261001T112451,61492.505088,100.0,True,13,209,13:209
20261001T112452,92037.006848,100.0,True,5,161,5:161
20261001T112452,64667.309312,100.0,True,7,158,7:158
20261001T112453,114176.960256,100.0,True,8,202,8:202
20261001T112453,90614.646016,100.0,True,9,146,9:146
20261001T112453,65867.858688,100.0,True,10,209,10:209
20261001T112454,58787.887616,100.0,True,1,180,1:180
20261001T112454,57474.94656,100.0,True,3,194,3:194
20261001T112454,94622.882304,100.0,True,13,201,13:201
20261001T112455,70573.48736,100.0,True,4,217,4:217
20261001T112455,100197.34656,100.0,True,6,204,6:204
20261001T112456,60903.611904,100.0,True,2,186,2:186
20261001T112456,62582.922496,100.0,True,4,219,4:219
20261001T112456,56558.621952,100.0,True,6,216,6:216
20261001T112456,52712.488448,100.0,True,6,217,6:217
20261001T112457,56944.25728,100.0,True,4,221,4:221
20261001T112457,90861.72288,100.0,True,10,203,10:203
20261001T112457,109040.783616,100.0,True,13,198,13:198
20261001T112457,61389.277184,100.0,True,14,188,14:188
20261001T112458,58255.78112,100.0,True,2,187,2:187
20261001T112458,110461.334784,100.0,True,7,150,7:150
20261001T112459,103537.145088,100.0,True,0,189,0:189
20261001T112459,66342.369024,100.0,True,3,193,3:193
20261001T112459,59562.527488,100.0,True,7,161,7:161
20261001T112459,55080.311808,100.0,True,7,162,7:162
20261001T112500,65662.635008,100.0,True,0,199,0:199
20261001T112500,100279.337216,100.0,True,2,177,2:177
20261001T112500,70380.734464,100.0,True,3,192,3:192
20261001T112500,55646.031104,100.0,True,3,196,3:196
20261001T112500,66206.113024,100.0,True,8,218,8:218
20261001T112500,62004.93952,100.0,True,13,211,13:211
20261001T112501,67979.341824,100.0,True,5,168,5:168
20261001T112501,54010.850816,100.0,True,5,171,5:171
20261001T112501,63547.502848,100.0,True,8,219,8:219
20261001T112501,60269.94048,100.0,True,9,153,9:153
20261001T112502,115919.558656,100.0,True,8,204,8:204
20261001T112502,71121.0048,100.0,True,11,164,11:164
20261001T112502,61349.060864,100.0,True,12,169,12:169
20261001T112502,97600.247552,100.0,True,13,202,13:202
20261001T112503,63145.90208,100.0,True,1,181,1:181
20261001T112503,100312.850688,100.0,True,2,178,2:178
20261001T112503,70351.648256,100.0,True,12,167,12:167
20261001T112504,59828.291584,100.0,True,4,222,4:222
20261001T112504,67002.249216,100.0,True,5,169,5:169
20261001T112504,56254.082304,100.0,True,7,163,7:163
20261001T112504,59802.173696,100.0,True,10,214,10:214
20261001T112504,66664.937472,100.0,True,12,168,12:168
20261001T112505,57338.362112,100.0,True,1,183,1:183
20261001T112505,64695.538176,100.0,True,3,195,3:195
20261001T112505,56077.732608,100.0,True,11,168,11:168
20261001T112505,61378.655232,100.0,True,14,190,14:190
20261001T112506,55610.565632,100.0,True,4,224,4:224
20261001T112506,94896.923648,100.0,True,14,182,14:182
20261001T112507,55661.744128,100.0,True,0,203,0:203
20261001T112507,59083.951872,100.0,True,2,189,2:189
20261001T112507,69419.437568,100.0,True,4,220,4:220
20261001T112507,55131.520512,100.0,True,12,171,12:171
20261001T112507,60258.260992,100.0,True,13,213,13:213
20261001T112507,67252.30848,100.0,True,14,189,14:189
20261001T112508,112024.048384,100.0,True,2,176,2:176
20261001T112508,109664.691968,100.0,True,3,184,3:184
20261001T112508,57141.681664,100.0,True,5,172,5:172
20261001T112509,70789.482752,100.0,True,0,200,0:200
20261001T112509,61000.646144,100.0,True,8,222,8:222
20261001T112509,58983.469056,100.0,True,14,192,14:192
20261001T112510,62161.649152,100.0,True,4,223,4:223
20261001T112510,109816.565248,100.0,True,11,157,11:157
20261001T112511,96405.829632,100.0,True,0,194,0:194
20261001T112511,56730.773504,100.0,True,8,224,8:224
20261001T112511,65931.128064,100.0,True,9,154,9:154
20261001T112511,105496.196864,100.0,True,12,161,12:161
20261001T112511,68998.484992,100.0,True,13,212,13:212
20261001T112511,56787.01824,100.0,True,13,215,13:215
20261001T112512,56089.40032,100.0,True,1,185,1:185
20261001T112512,55895.838208,100.0,True,3,199,3:199
20261001T112512,106593.883136,100.0,True,5,162,5:162
20261001T112512,60087.901952,100.0,True,8,223,8:223
20261001T112512,57997.326592,100.0,True,9,156,9:156
20261001T112512,67533.122048,100.0,True,11,167,11:167
20261001T112513,69457.992704,100.0,True,2,188,2:188
20261001T112513,68445.001472,100.0,True,8,221,8:221
20261001T112513,98353.844224,100.0,True,12,163,12:163
20261001T112514,61413.605888,100.0,True,10,216,10:216
20261001T112514,112163.390976,100.0,True,14,180,14:180
20261001T112515,56817.211648,100.0,True,2,191,2:191
20261001T112515,58554.659584,100.0,True,12,172,12:172
20261001T112516,63221.634816,100.0,True,2,190,2:190
20261001T112516,117103.32032,100.0,True,8,208,8:208
20261001T112517,56363.915776,100.0,True,1,186,1:186
20261001T112517,57869.511936,100.0,True,6,221,6:221
20261001T112518,55718.917632,100.0,True,2,192,2:192
20261001T112518,60925.029632,100.0,True,9,157,9:157
20261001T112518,107635.468544,100.0,True,10,204,10:204
20261001T112519,66774.606336,100.0,True,1,184,1:184
20261001T112519,115500.140544,100.0,True,3,185,3:185
20261001T112519,93126.32832,100.0,True,3,191,3:191
20261001T112520,112877.203712,100.0,True,2,179,2:179
20261001T112520,63338.07872,100.0,True,5,173,5:173
20261001T112520,61467.218176,100.0,True,11,170,11:170
20261001T112521,65907.359232,100.0,True,6,220,6:220
20261001T112521,66913.497856,100.0,True,11,169,11:169
20261001T112521,71248.409856,100.0,True,13,214,13:214
20261001T112522,115845.852416,100.0,True,3,186,3:186
20261001T112522,111056.371456,100.0,True,5,163,5:163
20261001T112522,70404.079872,100.0,True,6,219,6:219
20261001T112523,68002.713088,100.0,True,0,204,0:204
20261001T112523,114873.264384,100.0,True,1,174,1:174
20261001T112523,63950.908416,100.0,True,3,200,3:200
20261001T112523,107735.605504,100.0,True,5,164,5:164
20261001T112523,62412.70784,100.0,True,8,226,8:226
20261001T112523,113492.81024,100.0,True,9,147,9:147
20261001T112524,55388.704256,100.0,True,4,229,4:229
20261001T112524,65871.652864,100.0,True,7,165,7:165
20261001T112524,110652.749056,100.0,True,10,205,10:205
20261001T112524,65729.398528,100.0,True,14,194,14:194
20261001T112525,68367.519488,100.0,True,4,226,4:226
20261001T112525,106754.180864,100.0,True,14,184,14:184
20261001T112526,63090.313216,100.0,True,3,201,3:201
20261001T112526,115762.319616,100.0,True,6,208,6:208
20261001T112526,102661.586176,100.0,True,9,150,9:150
20261001T112526,71603.127296,100.0,True,14,193,14:193
20261001T112527,96910.29376,100.0,True,8,217,8:217
20261001T112527,69666.001152,100.0,True,13,216,13:216
20261001T112527,65825.059072,100.0,True,13,217,13:217
20261001T112527,56078.660864,100.0,True,13,220,13:220
20261001T112528,63205.214464,100.0,True,0,206,0:206
20261001T112528,65237.664,100.0,True,6,222,6:222
20261001T112528,63238.838272,100.0,True,6,223,6:223
20261001T112528,66289.174016,100.0,True,14,195,14:195
20261001T112529,100289.449728,100.0,True,0,198,0:198
20261001T112529,117006.71744,100.0,True,4,213,4:213
20261001T112530,63583.386368,100.0,True,2,193,2:193
20261001T112530,57667.352064,100.0,True,8,229,8:229
20261001T112533,72476.93184,100.0,True,0,205,0:205
20261001T112533,60119.192576,100.0,True,3,203,3:203
20261001T112533,71850.119168,100.0,True,4,227,4:227
20261001T112533,60597.359104,100.0,True,9,160,9:160
20261001T112533,56430.040576,100.0,True,9,161,9:161
20261001T112533,98839.537152,100.0,True,10,211,10:211
20261001T112533,66982.59456,100.0,True,10,219,10:219
20261001T112533,61516.857344,100.0,True,11,173,11:173
20261001T112533,64576.36224,100.0,True,13,219,13:219
20261001T112534,98273.79328,100.0,True,7,160,7:160
20261001T112534,65917.579776,100.0,True,8,228,8:228
20261001T112534,71171.147264,100.0,True,11,171,11:171
20261001T112534,64244.630528,100.0,True,12,175,12:175
20261001T112534,65563.309824,100.0,True,14,197,14:197
20261001T112535,70142.225664,100.0,True,4,228,4:228
20261001T112535,56960.77056,100.0,True,4,232,4:232
20261001T112535,65835.612928,100.0,True,5,176,5:176
20261001T112535,63091.114496,100.0,True,14,198,14:198
20261001T112536,64836.334848,100.0,True,1,188,1:188
20261001T112536,72024.992768,100.0,True,5,175,5:175
20261001T112536,68922.1056,100.0,True,9,159,9:159
20261001T112536,69764.353024,100.0,True,11,172,11:172
20261001T112537,97064.712192,100.0,True,10,213,10:213
20261001T112537,65057.613056,100.0,True,10,221,10:221
20261001T112538,66781.414656,100.0,True,2,194,2:194
20261001T112538,70199.131392,100.0,True,3,202,3:202
20261001T112538,69285.718528,100.0,True,10,220,10:220
20261001T112539,96998.475008,100.0,True,0,201,0:201
20261001T112539,69222.363904,100.0,True,7,167,7:167
20261001T112539,57645.842432,100.0,True,8,231,8:231
20261001T112539,57152.037632,100.0,True,10,223,10:223
20261001T112539,64916.377088,100.0,True,12,176,12:176
20261001T112539,63995.952896,100.0,True,13,221,13:221
20261001T112540,95620.018944,100.0,True,1,182,1:182
20261001T112540,59047.175168,100.0,True,4,233,4:233
20261001T112541,72059.51616,100.0,True,0,207,0:207
20261001T112541,64481.99168,100.0,True,3,204,3:204
20261001T112541,100673.921536,100.0,True,11,166,11:166
20261001T112542,107750.288896,100.0,True,13,210,13:210
20261001T112543,118543.927552,100.0,True,1,177,1:177
20261001T112543,68792.945152,100.0,True,4,231,4:231
20261001T112543,95326.23104,100.0,True,6,218,6:218
20261001T112543,64856.900096,100.0,True,13,222,13:222
20261001T112544,68689.523456,100.0,True,1,189,1:189
20261001T112544,62870.783744,100.0,True,9,162,9:162
20261001T112544,62083.319552,100.0,True,13,223,13:223
20261001T112545,65522.432,100.0,True,0,210,0:210
20261001T112545,61100.529152,100.0,True,1,191,1:191
20261001T112545,70348.154112,100.0,True,6,226,6:226
20261001T112545,110426.83136,100.0,True,9,152,9:152
20261001T112546,66465.577984,100.0,True,1,190,1:190
20261001T112546,69430.167296,100.0,True,10,222,10:222
20261001T112546,59895.067648,100.0,True,14,201,14:201
20261001T112547,63366.653184,100.0,True,4,234,4:234
20261001T112547,98627.687424,100.0,True,9,155,9:155
20261001T112547,115555.4944,100.0,True,10,210,10:210
20261001T112548,114914.557696,100.0,True,6,214,6:214
20261001T112548,68490.44224,100.0,True,6,227,6:227
20261001T112548,58909.847808,100.0,True,8,233,8:233
20261001T112548,57456.835072,100.0,True,10,225,10:225
20261001T112549,69076.06528,100.0,True,2,196,2:196
20261001T112549,71569.666304,100.0,True,5,178,5:178
20261001T112549,64739.659008,100.0,True,7,170,7:170
20261001T112549,61051.801344,100.0,True,7,171,7:171
20261001T112549,71424.794368,100.0,True,8,230,8:230
20261001T112549,64461.964288,100.0,True,13,224,13:224
20261001T112550,59321.394944,100.0,True,4,236,4:236
20261001T112550,121451.934976,100.0,True,5,167,5:167
20261001T112550,119648.521216,100.0,True,7,159,7:159
20261001T112551,61685.27616,100.0,True,1,192,1:192
20261001T112551,58943.180544,100.0,True,1,193,1:193
20261001T112551,62242.836224,100.0,True,13,225,13:225
20261001T112552,116304.863488,100.0,True,6,215,6:215
20261001T112552,110668.598528,100.0,True,8,220,8:220
20261001T112552,66764.650496,100.0,True,8,232,8:232
20261001T112552,70641.176832,100.0,True,11,175,11:175
20261001T112552,71499.19872,100.0,True,12,177,12:177
20261001T112553,121918.156288,100.0,True,2,185,2:185
20261001T112553,69362.284032,100.0,True,2,197,2:197
20261001T112553,61013.744384,100.0,True,3,208,3:208
20261001T112553,66500.036864,100.0,True,6,229,6:229
20261001T112553,65759.429376,100.0,True,9,163,9:163
20261001T112553,57702.931712,100.0,True,14,203,14:203
20261001T112554,106124.406272,100.0,True,3,197,3:197
20261001T112554,67629.086208,100.0,True,4,235,4:235
20261001T112554,58059.61472,100.0,True,13,227,13:227
20261001T112555,72050.816,100.0,True,5,179,5:179
20261001T112555,63176.51072,100.0,True,9,164,9:164
20261001T112556,66857.145344,100.0,True,0,212,0:212
20261001T112556,72314.849536,100.0,True,3,206,3:206
20261001T112556,113621.115392,100.0,True,5,170,5:170
20261001T112556,103231.236608,100.0,True,7,164,7:164
20261001T112556,60936.15744,100.0,True,9,165,9:165
20261001T112556,118720.967424,100.0,True,10,212,10:212
20261001T112557,61964.544256,100.0,True,0,214,0:214
20261001T112557,70231.47904,100.0,True,3,207,3:207
20261001T112557,97104.0384,100.0,True,5,174,5:174
20261001T112558,64145.358336,100.0,True,4,237,4:237
20261001T112558,65413.683456,100.0,True,8,234,8:234
20261001T112558,59767.043072,100.0,True,8,236,8:236
20261001T112558,111468.990208,100.0,True,12,170,12:170
20261001T112558,67607.293184,100.0,True,12,179,12:179
20261001T112559,62389.715712,100.0,True,4,238,4:238
20261001T112559,69432.747776,100.0,True,6,230,6:230
20261001T112559,58837.815808,100.0,True,6,233,6:233
20261001T112559,97212.27136,100.0,True,10,218,10:218
20261001T112559,111815.352832,100.0,True,14,191,14:191
20261001T112600,96017.411584,100.0,True,7,166,7:166
20261001T112600,73906.004224,100.0,True,10,224,10:224
20261001T112600,98202.594816,100.0,True,12,173,12:173
20261001T112600,65356.238336,100.0,True,12,180,12:180
20261001T112600,69011.42656,100.0,True,14,202,14:202
20261001T112601,71363.2256,100.0,True,2,198,2:198
20261001T112601,59876.896768,100.0,True,4,239,4:239
20261001T112601,103467.9808,100.0,True,10,217,10:217
20261001T112601,67559.156224,100.0,True,10,226,10:226
20261001T112601,63786.742784,100.0,True,10,227,10:227
20261001T112601,73561.068288,100.0,True,11,176,11:176
20261001T112602,60064.187136,100.0,True,8,237,8:237
20261001T112602,61847.86816,100.0,True,12,181,12:181
20261001T112603,116971.191552,100.0,True,0,202,0:202
20261001T112603,66776.905472,100.0,True,1,194,1:194
20261001T112603,60862.412032,100.0,True,10,228,10:228
20261001T112604,97947.525888,100.0,True,1,187,1:187
20261001T112604,64812.150016,100.0,True,3,210,3:210
20261001T112604,110013.935872,100.0,True,4,225,4:225
20261001T112605,71898.520576,100.0,True,6,231,6:231
20261001T112605,71690.97472,100.0,True,11,177,11:177
20261001T112605,61534.02624,100.0,True,13,229,13:229
20261001T112606,66496.632576,100.0,True,7,173,7:173
20261001T112606,100624.720384,100.0,True,8,227,8:227
20261001T112607,74544.473856,100.0,True,0,213,0:213
20261001T112607,62193.577728,100.0,True,4,240,4:240
20261001T112607,59744.26752,100.0,True,6,235,6:235
20261001T112607,67588.293632,100.0,True,9,166,9:166
20261001T112608,63348.70144,100.0,True,0,216,0:216
20261001T112608,72057.981952,100.0,True,3,209,3:209
20261001T112608,102870.116608,100.0,True,14,196,14:196
20261001T112609,74126.473472,100.0,True,5,182,5:182
20261001T112609,69073.234176,100.0,True,14,204,14:204
20261001T112609,64062.264576,100.0,True,14,205,14:205
20261001T112610,70605.22624,100.0,True,0,215,0:215
20261001T112610,60694.640128,100.0,True,4,241,4:241
20261001T112610,63928.657152,100.0,True,5,184,5:184
20261001T112610,112038.29888,100.0,True,8,225,8:225
20261001T112611,66683.8336,100.0,True,1,196,1:196
20261001T112611,58655.321344,100.0,True,3,213,3:213
20261001T112611,60319.049216,100.0,True,8,239,8:239
20261001T112611,64924.703744,100.0,True,10,229,10:229
20261001T112612,63697.87648,100.0,True,2,203,2:203
20261001T112612,66479.264512,100.0,True,7,174,7:174
20261001T112612,62424.344064,100.0,True,9,168,9:168
20261001T112612,123638.944256,100.0,True,10,215,10:215
20261001T112612,64878.862848,100.0,True,11,180,11:180
20261001T112613,71516.648192,100.0,True,5,183,5:183
20261001T112613,75185.58848,100.0,True,6,232,6:232
20261001T112614,60961.344256,100.0,True,1,198,1:198
20261001T112614,63809.966848,100.0,True,5,185,5:185
20261001T112614,65499.461376,100.0,True,12,183,12:183
20261001T112614,97205.056,100.0,True,14,199,14:199
20261001T112615,122845.772544,100.0,True,3,198,3:198
20261001T112615,59677.313792,100.0,True,3,214,3:214
20261001T112615,71858.01728,100.0,True,11,179,11:179
20261001T112615,63770.822656,100.0,True,13,231,13:231
20261001T112616,61497.467648,100.0,True,9,169,9:169
20261001T112616,67186.570496,100.0,True,14,206,14:206
20261001T112617,69256.825344,100.0,True,0,217,0:217
20261001T112617,56033.4016,100.0,True,2,206,2:206
20261001T112617,63561.313536,100.0,True,4,242,4:242
20261001T112617,62699.868928,100.0,True,12,184,12:184
20261001T112618,55848.927744,100.0,True,7,177,7:177
20261001T112618,58350.727936,100.0,True,13,233,13:233
20261001T112619,107385.828864,100.0,True,4,230,4:230
20261001T112619,102055.709952,100.0,True,11,174,11:174
20261001T112620,57414.587392,100.0,True,1,200,1:200
20261001T112620,64602.944256,100.0,True,6,237,6:237
20261001T112620,60526.685696,100.0,True,8,241,8:241
20261001T112620,117565.9584,100.0,True,9,158,9:158
20261001T112620,75988.43904,100.0,True,9,167,9:167
20261001T112621,97768.87168,100.0,True,0,211,0:211
20261001T112621,64347.669248,100.0,True,0,219,0:219
20261001T112621,70322.669824,100.0,True,7,175,7:175
20261001T112621,54569.748224,100.0,True,7,178,7:178
20261001T112621,59390.918144,100.0,True,11,183,11:183
20261001T112621,73636.9024,100.0,True,13,230,13:230
20261001T112621,66241.51296,100.0,True,13,232,13:232
20261001T112622,64590.237952,100.0,True,4,243,4:243
20261001T112623,71491.67744,100.0,True,0,218,0:218
20261001T112623,59530.414592,100.0,True,3,216,3:216
20261001T112623,110090.127872,100.0,True,6,225,6:225
20261001T112623,67340.884736,100.0,True,8,240,8:240
20261001T112623,73335.285504,100.0,True,10,230,10:230
20261001T112623,67286.42816,100.0,True,14,208,14:208
20261001T112624,108659.66208,100.0,True,2,195,2:195
20261001T112624,104523.3728,100.0,True,3,205,3:205
20261001T112624,68375.520512,100.0,True,5,186,5:186
20261001T112624,109020.509696,100.0,True,7,168,7:168
20261001T112624,67123.45984,100.0,True,11,182,11:182
20261001T112625,63279.163904,100.0,True,8,242,8:242
20261001T112625,119398.134784,100.0,True,12,174,12:174
20261001T112625,64817.881344,100.0,True,12,185,12:185
20261001T112625,72645.491968,100.0,True,14,207,14:207
20261001T112625,63369.64608,100.0,True,14,209,14:209
20261001T112626,64990.564608,100.0,True,0,220,0:220
20261001T112626,60142.688256,100.0,True,12,186,12:186
20261001T112627,110578.22208,100.0,True,0,209,0:209
20261001T112627,70544.800512,100.0,True,2,205,2:205
20261001T112627,65908.789248,100.0,True,4,244,4:244
20261001T112627,63750.427392,100.0,True,5,188,5:188
20261001T112628,114326.468864,100.0,True,5,177,5:177
20261001T112628,61005.863936,100.0,True,6,240,6:240
20261001T112629,63919.437824,100.0,True,0,221,0:221
20261001T112629,72510.776832,100.0,True,1,199,1:199
20261001T112629,119535.172096,100.0,True,6,224,6:224
20261001T112629,123757.466624,100.0,True,13,218,13:218
20261001T112629,63339.170048,100.0,True,14,210,14:210
20261001T112630,69766.957568,100.0,True,9,170,9:170
20261001T112630,64170.468096,100.0,True,9,171,9:171
20261001T112631,118766.73408,100.0,True,0,208,0:208
20261001T112631,104543.656192,100.0,True,5,180,5:180
20261001T112631,56559.236352,100.0,True,10,236,10:236
20261001T112631,56250.847744,100.0,True,11,186,11:186
20261001T112632,68200.758272,100.0,True,4,245,4:245
20261001T112632,64353.145088,100.0,True,4,246,4:246
20261001T112632,65168.677376,100.0,True,10,234,10:234
20261001T112634,57212.750336,100.0,True,3,219,3:219
20261001T112634,69115.149824,100.0,True,6,239,6:239
20261001T112634,57225.83296,100.0,True,14,213,14:213
20261001T112635,62659.54048,100.0,True,0,223,0:223
20261001T112635,97406.714368,100.0,True,2,200,2:200
20261001T112635,62233.201664,100.0,True,2,208,2:208
20261001T112636,60988.112128,100.0,True,4,248,4:248
20261001T112636,59737.078528,100.0,True,5,191,5:191
20261001T112636,56869.95968,100.0,True,6,244,6:244
20261001T112636,66589.259776,100.0,True,8,244,8:244
20261001T112637,67166.169856,100.0,True,6,241,6:241
20261001T112637,116859.455488,100.0,True,7,169,7:169
20261001T112637,67528.2496,100.0,True,12,187,12:187
20261001T112638,104125.010432,100.0,True,2,199,2:199
20261001T112638,70604.050944,100.0,True,3,217,3:217
20261001T112638,71675.45856,100.0,True,5,189,5:189
20261001T112638,70421.819136,100.0,True,11,184,11:184
20261001T112638,57833.444352,100.0,True,11,187,11:187
20261001T112638,69228.114432,100.0,True,13,235,13:235
20261001T112638,58568.632832,100.0,True,13,238,13:238
20261001T112638,64725.46048,100.0,True,14,212,14:212
20261001T112639,114313.523712,100.0,True,12,178,12:178
20261001T112640,100523.503872,100.0,True,1,195,1:195
20261001T112640,67368.843264,100.0,True,11,185,11:185
20261001T112640,99691.367168,100.0,True,13,228,13:228
20261001T112640,56753.637376,100.0,True,13,239,13:239
20261001T112641,118604.89344,100.0,True,6,228,6:228
20261001T112641,63133.734912,100.0,True,7,180,7:180
20261001T112641,70927.50464,100.0,True,14,211,14:211
20261001T112642,63906.9312,100.0,True,0,225,0:225
20261001T112642,119802.021632,100.0,True,14,200,14:200
20261001T112643,70174.866944,100.0,True,1,202,1:202
20261001T112643,56834.939392,100.0,True,1,205,1:205
20261001T112643,101941.964544,100.0,True,2,201,2:201
20261001T112643,62105.231104,100.0,True,2,210,2:210
20261001T112643,70661.408,100.0,True,4,247,4:247
20261001T112643,56970.808576,100.0,True,7,182,7:182
20261001T112644,66643.234048,100.0,True,1,203,1:203
20261001T112644,70980.260096,100.0,True,5,190,5:190
20261001T112644,62380.875776,100.0,True,7,181,7:181
20261001T112645,69992.665344,100.0,True,12,188,12:188
20261001T112645,58822.15424,100.0,True,13,240,13:240
20261001T112646,66578.45888,100.0,True,5,192,5:192
20261001T112647,58927.54944,100.0,True,5,194,5:194
20261001T112647,67485.203968,100.0,True,9,174,9:174
20261001T112647,70255.5136,100.0,True,13,237,13:237
20261001T112648,68894.787072,100.0,True,4,249,4:249
20261001T112648,72172.157184,100.0,True,6,243,6:243
20261001T112648,57736.393728,100.0,True,8,250,8:250
20261001T112649,62835.828992,100.0,True,0,227,0:227
20261001T112649,58356.038144,100.0,True,0,228,0:228
20261001T112649,55974.479104,100.0,True,8,251,8:251
20261001T112650,58250.497792,100.0,True,3,222,3:222
20261001T112650,119232.61056,100.0,True,5,181,5:181
20261001T112650,115326.089216,100.0,True,7,172,7:172
20261001T112651,68299.261696,100.0,True,1,204,1:204
20261001T112651,68860.98048,100.0,True,4,250,4:250
20261001T112651,114699.335168,100.0,True,8,235,8:235
20261001T112651,61193.071104,100.0,True,9,176,9:176
20261001T112652,58749.496576,100.0,True,2,213,2:213
20261001T112652,66240.575744,100.0,True,4,251,4:251
20261001T112652,100858.308608,100.0,True,11,181,11:181
20261001T112653,109216.589312,100.0,True,3,211,3:211
20261001T112653,68337.421056,100.0,True,5,193,5:193
20261001T112653,63167.445504,100.0,True,10,240,10:240
20261001T112653,67586.893312,100.0,True,14,215,14:215
20261001T112654,71077.588224,100.0,True,6,245,6:245
20261001T112654,69250.704128,100.0,True,9,175,9:175
20261001T112654,121182.831872,100.0,True,13,226,13:226
20261001T112655,106889.122816,100.0,True,3,212,3:212
20261001T112655,61199.502336,100.0,True,6,248,6:248
20261001T112655,116354.688256,100.0,True,11,178,11:178
20261001T112656,62127.165184,100.0,True,1,207,1:207
20261001T112656,71323.067136,100.0,True,2,211,2:211
20261001T112656,58687.99744,100.0,True,6,249,6:249
20261001T112657,66186.0416,100.0,True,1,206,1:206
20261001T112657,64211.357952,100.0,True,4,253,4:253
20261001T112657,71193.66144,100.0,True,11,188,11:188
20261001T112657,61939.561216,100.0,True,11,190,11:190
20261001T112657,66247.118336,100.0,True,12,191,12:191
20261001T112658,106391.527936,100.0,True,6,236,6:236
20261001T112658,61198.408448,100.0,True,13,243,13:243
20261001T112659,71668.01024,100.0,True,3,221,3:221
20261001T112659,59474.739712,100.0,True,12,193,12:193
20261001T112700,65137.477632,100.0,True,0,229,0:229
20261001T112700,60475.261696,100.0,True,0,230,0:230
20261001T112700,59474.793472,100.0,True,3,224,3:224
20261001T112700,70497.396992,100.0,True,13,241,13:241
20261001T112701,112599.855616,100.0,True,1,197,1:197
20261001T112701,67037.556992,100.0,True,5,195,5:195
20261001T112701,70191.744256,100.0,True,6,247,6:247
20261001T112702,116939.862016,100.0,True,2,202,2:202
20261001T112702,71171.121664,100.0,True,11,189,11:189
20261001T112702,67425.148928,100.0,True,12,192,12:192
20261001T112703,69149.869824,100.0,True,10,241,10:241
20261001T112703,69445.504512,100.0,True,13,242,13:242
20261001T112704,96970.637568,100.0,True,1,201,1:201
20261001T112704,60737.25056,100.0,True,4,256,4:256
20261001T112704,120625.367552,100.0,True,6,234,6:234
20261001T112704,63474.678272,100.0,True,10,243,10:243
20261001T112704,69124.973312,100.0,True,14,217,14:217
20261001T112704,60407.680768,100.0,True,14,219,14:219
20261001T112705,66200.45824,100.0,True,5,196,5:196
20261001T112706,106061.19552,100.0,True,3,215,3:215
20261001T112706,62593.061376,100.0,True,8,254,8:254
20261001T112706,103154.20032,100.0,True,10,233,10:233
20261001T112706,121019.067392,100.0,True,12,182,12:182
20261001T112707,94771.532032,100.0,True,3,218,3:218
20261001T112707,70590.256896,100.0,True,8,252,8:252
20261001T112708,63440.647424,100.0,True,7,186,7:186
20261001T112708,67856.688128,100.0,True,13,244,13:244
20261001T112709,70729.499648,100.0,True,1,208,1:208
20261001T112709,116353.673472,100.0,True,2,204,2:204
20261001T112709,65374.04928,100.0,True,6,251,6:251
20261001T112710,65453.216512,100.0,True,5,197,5:197
20261001T112711,69220.183296,100.0,True,1,209,1:209
20261001T112711,64288.619776,100.0,True,4,257,4:257
20261001T112711,60436.556288,100.0,True,4,258,4:258
20261001T112711,71188.32,100.0,True,14,218,14:218
20261001T112712,106649.896192,100.0,True,8,243,8:243
20261001T112712,72917.856512,100.0,True,8,253,8:253
20261001T112712,67227.154432,100.0,True,9,179,9:179
20261001T112713,63325.330688,100.0,True,1,211,1:211
20261001T112713,115760.871936,100.0,True,7,176,7:176
20261001T112713,125990.195712,100.0,True,8,238,8:238
20261001T112713,62512.91136,100.0,True,9,180,9:180
20261001T112713,69084.871168,100.0,True,13,245,13:245
20261001T112714,61842.252544,100.0,True,3,227,3:227
20261001T112714,63833.593344,100.0,True,12,195,12:195
20261001T112715,73589.267456,100.0,True,2,215,2:215
20261001T112715,60616.927488,100.0,True,4,259,4:259
20261001T112715,122180.988672,100.0,True,10,231,10:231
20261001T112715,66900.54912,100.0,True,10,245,10:245
20261001T112716,60921.172736,100.0,True,2,218,2:218
20261001T112716,98660.5952,100.0,True,8,246,8:246
20261001T112716,68320.788224,100.0,True,13,246,13:246
20261001T112716,64738.188032,100.0,True,13,247,13:247
20261001T112716,67132.686336,100.0,True,14,220,14:220
20261001T112717,66488.73856,100.0,True,2,217,2:217
20261001T112717,72240.124672,100.0,True,3,225,3:225
20261001T112718,110416.654336,100.0,True,0,222,0:222
20261001T112718,118256.70144,100.0,True,6,238,6:238
20261001T112718,67117.991168,100.0,True,6,253,6:253
20261001T112719,73471.368192,100.0,True,1,210,1:210
20261001T112719,60992.352768,100.0,True,6,255,6:255
20261001T112719,98499.38304,100.0,True,8,247,8:247
20261001T112719,73621.07136,100.0,True,11,192,11:192
20261001T112719,64274.806016,100.0,True,12,196,12:196
20261001T112719,114963.470848,100.0,True,13,234,13:234
20261001T112720,112931.726592,100.0,True,2,207,2:207
20261001T112720,63395.497216,100.0,True,9,181,9:181
20261001T112720,110117.563904,100.0,True,10,235,10:235
20261001T112720,62504.934144,100.0,True,11,195,11:195
20261001T112721,74216.832512,100.0,True,2,216,2:216
20261001T112721,121309.91104,100.0,True,5,187,5:187
20261001T112721,96349.4272,100.0,True,8,248,8:248
20261001T112721,123153.468672,100.0,True,10,232,10:232
20261001T112722,67402.866688,100.0,True,5,199,5:199
20261001T112722,109010.157824,100.0,True,7,179,7:179
20261001T112722,100531.410176,100.0,True,14,214,14:214
20261001T112723,75990.756864,100.0,True,0,232,0:232
20261001T112723,75238.904064,100.0,True,6,252,6:252
20261001T112723,61422.444032,100.0,True,9,182,9:182
20261001T112724,67044.988928,100.0,True,7,189,7:189
20261001T112724,73346.41536,100.0,True,8,256,8:256
20261001T112724,110698.537216,100.0,True,9,173,9:173
20261001T112724,67604.892928,100.0,True,13,248,13:248
20261001T112725,114846.616832,100.0,True,9,172,9:172
20261001T112725,65599.371776,100.0,True,14,223,14:223
20261001T112726,71269.905408,100.0,True,6,254,6:254
20261001T112726,63249.11744,100.0,True,11,196,11:196
20261001T112726,61641.860096,100.0,True,13,250,13:250
20261001T112727,61284.111872,100.0,True,7,191,7:191
20261001T112727,67501.65376,100.0,True,8,258,8:258
20261001T112727,74953.089024,100.0,True,10,246,10:246
20261001T112728,71574.580224,100.0,True,3,228,3:228
20261001T112728,67846.64064,100.0,True,13,249,13:249
20261001T112729,112746.340352,100.0,True,2,209,2:209
20261001T112729,73206.603776,100.0,True,8,257,8:257
20261001T112730,64511.585024,100.0,True,2,220,2:220
20261001T112730,69179.544064,100.0,True,3,229,3:229
20261001T112730,117285.605632,100.0,True,8,245,8:245
20261001T112730,64824.769024,100.0,True,12,198,12:198
20261001T112731,76590.756608,100.0,True,1,212,1:212
20261001T112731,67106.601472,100.0,True,3,230,3:230
20261001T112732,71537.024,100.0,True,2,219,2:219
20261001T112732,69016.27136,100.0,True,8,259,8:259
20261001T112732,65458.194432,100.0,True,8,260,8:260
20261001T112732,104760.492544,100.0,True,10,239,10:239
20261001T112732,65886.842368,100.0,True,10,249,10:249
20261001T112733,71402.166016,100.0,True,0,236,0:236
20261001T112733,104264.017408,100.0,True,4,252,4:252
20261001T112733,111819.40864,100.0,True,12,189,12:189
20261001T112733,74336.29056,100.0,True,12,197,12:197
20261001T112734,74245.929728,100.0,True,1,213,1:213
20261001T112734,74698.587648,100.0,True,4,260,4:260
20261001T112734,70570.685952,100.0,True,5,201,5:201
20261001T112734,64060.479232,100.0,True,6,258,6:258
20261001T112735,98349.816832,100.0,True,10,242,10:242
20261001T112735,122670.783232,100.0,True,13,236,13:236
20261001T112736,122242.336256,100.0,True,6,242,6:242
20261001T112736,73342.418432,100.0,True,6,256,6:256
20261001T112737,72102.578688,100.0,True,1,214,1:214
20261001T112737,70960.337408,100.0,True,4,262,4:262
20261001T112737,69195.472384,100.0,True,13,251,13:251
20261001T112737,106573.81248,100.0,True,14,216,14:216
20261001T112737,65759.89376,100.0,True,14,226,14:226
20261001T112738,122408.512512,100.0,True,0,224,0:224
20261001T112738,97688.4288,100.0,True,7,185,7:185
20261001T112738,115938.950656,100.0,True,10,238,10:238
20261001T112738,69644.919296,100.0,True,10,250,10:250
20261001T112739,72875.055104,100.0,True,0,237,0:237
20261001T112739,122044.6656,100.0,True,10,237,10:237
20261001T112740,68146.316544,100.0,True,5,203,5:203
20261001T112740,74186.626304,100.0,True,6,257,6:257
20261001T112740,68126.042112,100.0,True,13,252,13:252
20261001T112741,62746.604288,100.0,True,2,223,2:223
20261001T112741,72912.076288,100.0,True,4,263,4:263
20261001T112742,71735.161856,100.0,True,2,221,2:221
20261001T112742,114624.382464,100.0,True,8,249,8:249
20261001T112742,116850.815744,100.0,True,12,190,12:190
20261001T112742,74749.166336,100.0,True,14,225,14:225
20261001T112742,66220.778752,100.0,True,14,227,14:227
20261001T112743,100128.040704,100.0,True,0,231,0:231
20261001T112743,74039.727616,100.0,True,7,192,7:192
20261001T112743,66861.12384,100.0,True,11,199,11:199
20261001T112744,62926.007296,100.0,True,0,240,0:240
20261001T112744,68244.186624,100.0,True,9,185,9:185
20261001T112745,68232.562176,100.0,True,1,217,1:217
20261001T112745,116173.266944,100.0,True,2,212,2:212
20261001T112745,122966.243328,100.0,True,3,220,3:220
20261001T112745,107992.187136,100.0,True,4,254,4:254
20261001T112745,69416.131584,100.0,True,4,265,4:265
20261001T112745,63079.774976,100.0,True,5,205,5:205
20261001T112745,71859.451136,100.0,True,10,251,10:251
20261001T112746,76440.930304,100.0,True,1,215,1:215
20261001T112746,73996.308736,100.0,True,4,264,4:264
20261001T112747,71905.973504,100.0,True,2,222,2:222
20261001T112747,73109.108992,100.0,True,7,193,7:193
20261001T112747,80096.660992,100.0,True,11,197,11:197
20261001T112747,74428.5568,100.0,True,12,200,12:200
20261001T112748,125082.914816,100.0,True,0,226,0:226
20261001T112748,121300.90496,100.0,True,6,246,6:246
20261001T112748,68088.179456,100.0,True,8,263,8:263
20261001T112748,70030.472192,100.0,True,10,252,10:252
20261001T112749,112147.54048,100.0,True,2,214,2:214
20261001T112749,78371.027968,100.0,True,8,261,8:261
20261001T112749,70581.031424,100.0,True,12,201,12:201
20261001T112750,63875.695872,100.0,True,2,225,2:225
20261001T112750,68573.295616,100.0,True,9,186,9:186
20261001T112751,78602.944,100.0,True,1,216,1:216
20261001T112751,114251.440384,100.0,True,3,223,3:223
20261001T112751,70302.618112,100.0,True,3,234,3:234
20261001T112751,115546.643456,100.0,True,7,184,7:184
20261001T112751,66392.99968,100.0,True,8,264,8:264
20261001T112751,69366.373632,100.0,True,11,200,11:200
20261001T112752,122818.7264,100.0,True,7,183,7:183
20261001T112752,72864.323072,100.0,True,7,194,7:194
20261001T112752,66230.15296,100.0,True,10,254,10:254
20261001T112752,69029.732352,100.0,True,12,202,12:202
20261001T112752,75904.823552,100.0,True,13,253,13:253
20261001T112753,64121.02656,100.0,True,1,220,1:220
20261001T112753,69043.174656,100.0,True,7,195,7:195
20261001T112754,100577.331456,100.0,True,0,234,0:234
20261001T112754,68588.891904,100.0,True,0,241,0:241
20261001T112754,65791.928832,100.0,True,0,242,0:242
20261001T112754,72418.630656,100.0,True,1,218,1:218
20261001T112754,113563.407104,100.0,True,9,178,9:178
20261001T112755,78794.857216,100.0,True,0,239,0:239
20261001T112755,70183.319552,100.0,True,3,235,3:235
20261001T112755,63861.180416,100.0,True,8,266,8:266
20261001T112755,110382.691584,100.0,True,10,244,10:244
20261001T112755,115123.937536,100.0,True,11,191,11:191
20261001T112755,102738.310656,100.0,True,14,221,14:221
20261001T112756,77529.094656,100.0,True,4,266,4:266
20261001T112756,70463.408128,100.0,True,6,262,6:262
20261001T112756,73766.104832,100.0,True,10,253,10:253
20261001T112757,74720.538112,100.0,True,2,224,2:224
20261001T112757,78035.007744,100.0,True,6,260,6:260
20261001T112758,69909.784832,100.0,True,5,206,5:206
20261001T112758,117602.746624,100.0,True,6,250,6:250
20261001T112758,66591.39968,100.0,True,9,188,9:188
20261001T112759,69181.37984,100.0,True,2,226,2:226
20261001T112759,110169.897984,100.0,True,3,226,3:226
20261001T112759,70335.1872,100.0,True,4,269,4:269
20261001T112759,71697.70112,100.0,True,8,265,8:265
20261001T112759,67641.702912,100.0,True,10,256,10:256
20261001T112759,105609.184512,100.0,True,11,194,11:194
20261001T112800,120052.225536,100.0,True,4,255,4:255
20261001T112800,75072.801792,100.0,True,4,268,4:268
20261001T112800,71471.652096,100.0,True,10,255,10:255
20261001T112801,72414.403328,100.0,True,6,263,6:263
20261001T112801,65769.158656,100.0,True,8,267,8:267
20261001T112801,74525.310464,100.0,True,9,187,9:187
20261001T112801,73882.852352,100.0,True,13,256,13:256
20261001T112801,74547.76576,100.0,True,14,230,14:230
20261001T112802,76000.371456,100.0,True,1,219,1:219
20261001T112802,127131.005184,100.0,True,9,177,9:177
20261001T112803,71045.883136,100.0,True,12,204,12:204
20261001T112804,70875.694336,100.0,True,4,270,4:270
20261001T112804,71385.348608,100.0,True,11,202,11:202
20261001T112804,118109.137152,100.0,True,12,194,12:194
20261001T112804,63944.969984,100.0,True,14,233,14:233
20261001T112805,71848.530688,100.0,True,2,227,2:227
20261001T112805,116509.324032,100.0,True,5,198,5:198
20261001T112805,116103.322112,100.0,True,11,193,11:193
20261001T112805,73028.787456,100.0,True,13,257,13:257
20261001T112806,65684.518656,100.0,True,0,245,0:245
20261001T112806,73390.708224,100.0,True,3,237,3:237
20261001T112806,71246.717184,100.0,True,13,258,13:258
20261001T112807,78539.484672,100.0,True,12,203,12:203
20261001T112807,64726.512384,100.0,True,13,260,13:260
20261001T112808,68040.544768,100.0,True,2,229,2:229
20261001T112808,67465.829632,100.0,True,4,272,4:272
20261001T112808,73693.35936,100.0,True,10,257,10:257
20261001T112809,71826.512128,100.0,True,3,238,3:238
20261001T112809,122485.196544,100.0,True,8,255,8:255
20261001T112809,63425.993984,100.0,True,14,234,14:234
20261001T112810,63227.601408,100.0,True,1,224,1:224
20261001T112810,67633.471488,100.0,True,5,209,5:209
20261001T112810,69617.114624,100.0,True,6,266,6:266
20261001T112811,112775.586048,100.0,True,0,235,0:235
20261001T112811,103819.716608,100.0,True,5,202,5:202
20261001T112811,122041.92128,100.0,True,7,187,7:187
20261001T112811,71711.239424,100.0,True,10,258,10:258
20261001T112812,66145.18272,100.0,True,2,230,2:230
20261001T112813,79913.729536,100.0,True,0,243,0:243
20261001T112813,65355.927296,100.0,True,3,240,3:240
20261001T112813,62107.12576,100.0,True,4,275,4:275
20261001T112814,76949.742336,100.0,True,0,244,0:244
20261001T112814,75871.037696,100.0,True,1,222,1:222
20261001T112814,63076.172544,100.0,True,3,241,3:241
20261001T112814,78225.849088,100.0,True,7,197,7:197
20261001T112815,103816.941056,100.0,True,0,238,0:238
20261001T112815,76247.558912,100.0,True,5,208,5:208
20261001T112815,78737.979904,100.0,True,6,265,6:265
20261001T112815,118948.638208,100.0,True,14,222,14:222
20261001T112816,108822.988288,100.0,True,3,231,3:231
20261001T112816,67206.907904,100.0,True,6,268,6:268
20261001T112816,66021.684736,100.0,True,14,235,14:235
20261001T112817,126816.418048,100.0,True,0,233,0:233
20261001T112817,75363.733504,100.0,True,1,223,1:223
20261001T112817,76461.744128,100.0,True,7,198,7:198
20261001T112817,70531.586304,100.0,True,7,199,7:199
20261001T112817,79369.681152,100.0,True,12,205,12:205
20261001T112818,64172.35328,100.0,True,2,232,2:232
20261001T112818,76252.589312,100.0,True,11,204,11:204
20261001T112818,71769.817088,100.0,True,11,205,11:205
20261001T112818,69310.564864,100.0,True,13,262,13:262
20261001T112819,76323.521024,100.0,True,3,239,3:239
20261001T112819,125399.992576,100.0,True,7,188,7:188
20261001T112819,79514.385664,100.0,True,8,268,8:268
20261001T112819,71768.806912,100.0,True,9,191,9:191
20261001T112819,122450.929408,100.0,True,10,247,10:247
20261001T112820,63875.73504,100.0,True,3,242,3:242
20261001T112820,63714.025984,100.0,True,6,270,6:270
20261001T112820,79163.979008,100.0,True,9,190,9:190
20261001T112820,68835.101696,100.0,True,10,261,10:261
20261001T112820,69043.17824,100.0,True,12,208,12:208
20261001T112821,73737.560832,100.0,True,4,274,4:274
20261001T112821,101181.556224,100.0,True,13,254,13:254
20261001T112822,67203.161344,100.0,True,4,276,4:276
20261001T112822,63398.565888,100.0,True,4,277,4:277
20261001T112822,74966.326528,100.0,True,10,260,10:260
20261001T112822,112962.693376,100.0,True,12,199,12:199
20261001T112822,118318.262528,100.0,True,14,224,14:224
20261001T112823,79465.347584,100.0,True,0,246,0:246
20261001T112823,120400.33792,100.0,True,4,261,4:261
20261001T112823,61559.068928,100.0,True,7,202,7:202
20261001T112823,77005.540864,100.0,True,13,261,13:261
20261001T112824,76515.042816,100.0,True,0,247,0:247
20261001T112824,71713.052928,100.0,True,1,225,1:225
20261001T112824,62403.18848,100.0,True,8,274,8:274
20261001T112824,113773.45792,100.0,True,9,184,9:184
20261001T112825,74555.916544,100.0,True,11,206,11:206
20261001T112825,68910.276864,100.0,True,11,207,11:207
20261001T112825,77239.034368,100.0,True,12,207,12:207
20261001T112826,75469.166336,100.0,True,0,248,0:248
20261001T112826,128204.426752,100.0,True,5,200,5:200
20261001T112826,124601.05216,100.0,True,7,190,7:190
20261001T112826,119678.304256,100.0,True,9,183,9:183
20261001T112826,63852.447488,100.0,True,12,210,12:210
20261001T112826,107309.27744,100.0,True,14,228,14:228
20261001T112827,112621.305344,100.0,True,6,259,6:259
20261001T112827,74920.239104,100.0,True,6,269,6:269
20261001T112827,125381.254912,100.0,True,10,248,10:248
20261001T112827,67168.629248,100.0,True,14,237,14:237
20261001T112828,71796.963328,100.0,True,1,226,1:226
20261001T112828,68950.78272,100.0,True,6,271,6:271
20261001T112829,67433.352192,100.0,True,4,278,4:278
20261001T112829,66120.144128,100.0,True,6,272,6:272
20261001T112829,73519.416064,100.0,True,7,201,7:201
20261001T112830,114130.015488,100.0,True,3,233,3:233
20261001T112830,77161.3632,100.0,True,5,211,5:211
20261001T112830,107414.242816,100.0,True,6,261,6:261
20261001T112831,70102.83776,100.0,True,1,227,1:227
20261001T112831,108089.51168,100.0,True,4,267,4:267
20261001T112832,77192.786176,100.0,True,0,249,0:249
20261001T112832,69539.966208,100.0,True,5,213,5:213
20261001T112832,77604.149504,100.0,True,10,262,10:262
20261001T112832,119948.25472,100.0,True,11,198,11:198
20261001T112832,66983.287296,100.0,True,14,238,14:238
20261001T112833,68624.64384,100.0,True,1,228,1:228
20261001T112833,64338.401536,100.0,True,6,274,6:274
20261001T112834,65728.626688,100.0,True,1,229,1:229
20261001T112834,69537.161216,100.0,True,4,279,4:279
20261001T112834,77444.90752,100.0,True,12,209,12:209
20261001T112835,77110.708736,100.0,True,0,250,0:250
20261001T112835,76426.481408,100.0,True,2,233,2:233
20261001T112835,71278.93376,100.0,True,9,194,9:194
20261001T112835,76627.512576,100.0,True,10,263,10:263
20261001T112835,77681.430784,100.0,True,13,264,13:264
20261001T112836,73396.96,100.0,True,10,264,10:264
20261001T112837,74714.4128,100.0,True,0,251,0:251
20261001T112837,120265.689088,100.0,True,5,204,5:204
20261001T112837,120730.35136,100.0,True,8,262,8:262
20261001T112837,76012.086784,100.0,True,13,265,13:265
20261001T112837,71294.257408,100.0,True,13,266,13:266
20261001T112838,72379.171584,100.0,True,3,244,3:244
20261001T112838,64176.966144,100.0,True,4,282,4:282
20261001T112838,70785.376512,100.0,True,11,209,11:209
20261001T112839,74998.586368,100.0,True,2,234,2:234
20261001T112839,127106.743552,100.0,True,3,232,3:232
20261001T112839,68921.276672,100.0,True,8,276,8:276
20261001T112839,65257.942784,100.0,True,8,277,8:277
20261001T112839,73643.093248,100.0,True,10,265,10:265
20261001T112839,76989.070336,100.0,True,11,208,11:208
20261001T112839,70576.307456,100.0,True,12,211,12:211
20261001T112839,116076.616192,100.0,True,13,255,13:255
20261001T112840,70713.996288,100.0,True,2,235,2:235
20261001T112840,72597.455872,100.0,True,4,280,4:280
20261001T112840,66209.200896,100.0,True,13,268,13:268
20261001T112841,63952.766464,100.0,True,1,231,1:231
20261001T112841,67570.995456,100.0,True,2,236,2:236
20261001T112841,75030.983424,100.0,True,6,273,6:273
20261001T112841,61918.983424,100.0,True,6,277,6:277
20261001T112841,111187.147264,100.0,True,7,196,7:196
20261001T112842,64333.353216,100.0,True,0,254,0:254
20261001T112842,70408.946176,100.0,True,1,230,1:230
20261001T112842,68076.329728,100.0,True,3,246,3:246
20261001T112842,75330.253312,100.0,True,5,214,5:214
20261001T112842,74439.0656,100.0,True,9,195,9:195
20261001T112843,75255.410944,100.0,True,0,252,0:252
20261001T112843,70757.883648,100.0,True,0,253,0:253
20261001T112843,109280.697856,100.0,True,5,207,5:207
20261001T112844,69914.645504,100.0,True,10,267,10:267
20261001T112844,66785.339648,100.0,True,10,268,10:268
20261001T112844,121582.068992,100.0,True,14,229,14:229
20261001T112845,116640.617472,100.0,True,3,236,3:236
20261001T112845,62612.531456,100.0,True,11,212,11:212
20261001T112845,109689.884416,100.0,True,14,232,14:232
20261001T112845,70033.142272,100.0,True,14,240,14:240
20261001T112846,74945.565184,100.0,True,4,281,4:281
20261001T112846,108816.962048,100.0,True,13,259,13:259
20261001T112847,66956.548864,100.0,True,2,238,2:238
20261001T112847,77055.911168,100.0,True,10,266,10:266
20261001T112850,67814.608128,100.0,True,0,255,0:255
20261001T112850,63168.595456,100.0,True,1,233,1:233
20261001T112850,80811.529728,100.0,True,3,245,3:245
20261001T112850,118533.514496,100.0,True,6,264,6:264
20261001T112850,66835.05024,100.0,True,6,278,6:278
20261001T112850,68629.069568,100.0,True,8,279,8:279
20261001T112850,77296.663296,100.0,True,9,196,9:196
20261001T112850,72909.773312,100.0,True,9,197,9:197
20261001T112850,123052.610048,100.0,True,11,201,11:201
20261001T112850,71711.56864,100.0,True,11,211,11:211
20261001T112850,64646.230784,100.0,True,13,271,13:271
20261001T112850,80106.821888,100.0,True,14,239,14:239
20261001T112850,70468.015872,100.0,True,14,241,14:241
20261001T112851,64364.863232,100.0,True,0,256,0:256
20261001T112851,69449.213696,100.0,True,1,232,1:232
20261001T112851,107011.34336,100.0,True,8,269,8:269
20261001T112851,113032.201984,100.0,True,11,203,11:203
20261001T112851,78546.896128,100.0,True,11,210,11:210
20261001T112851,119166.654464,100.0,True,14,231,14:231
20261001T112852,71192.704512,100.0,True,3,248,3:248
20261001T112852,77404.539648,100.0,True,5,216,5:216
20261001T112852,71016.226048,100.0,True,7,206,7:206
20261001T112852,110425.59744,100.0,True,12,206,12:206
20261001T112853,67977.600512,100.0,True,7,207,7:207
20261001T112853,63781.45408,100.0,True,8,281,8:281
20261001T112853,71814.653184,100.0,True,10,269,10:269
20261001T112853,67444.147456,100.0,True,11,213,11:213
20261001T112854,76994.396416,100.0,True,2,237,2:237
20261001T112854,66298.41664,100.0,True,2,240,2:240
20261001T112854,110983.965952,100.0,True,4,273,4:273
20261001T112854,70017.239296,100.0,True,4,285,4:285
20261001T112854,73809.042688,100.0,True,5,217,5:217
20261001T112854,77080.51072,100.0,True,7,205,7:205
20261001T112854,76587.188992,100.0,True,8,278,8:278
20261001T112854,76924.317952,100.0,True,13,269,13:269
20261001T112855,120740.269824,100.0,True,1,221,1:221
20261001T112855,118044.78208,100.0,True,2,228,2:228
20261001T112855,74503.723264,100.0,True,13,270,13:270
20261001T112855,68068.59008,100.0,True,14,243,14:243
20261001T112856,114284.970496,100.0,True,10,259,10:259
20261001T112856,72942.794752,100.0,True,12,214,12:214
20261001T112857,72436.37504,100.0,True,2,239,2:239
20261001T112857,64586.308864,100.0,True,9,200,9:200
20261001T112857,78816.135424,100.0,True,12,213,12:213
20261001T112857,68551.628288,100.0,True,13,272,13:272
20261001T112858,65728.427008,100.0,True,5,220,5:220
20261001T112858,66685.445888,100.0,True,6,280,6:280
20261001T112859,109353.060864,100.0,True,2,231,2:231
20261001T112859,66515.095296,100.0,True,2,241,2:241
20261001T112859,122992.390912,100.0,True,4,271,4:271
20261001T112859,61646.555904,100.0,True,5,221,5:221
20261001T112859,123103.731968,100.0,True,9,189,9:189
20261001T112900,68408.311296,100.0,True,1,234,1:234
20261001T112900,69031.55072,100.0,True,4,287,4:287
20261001T112900,108608.235008,100.0,True,8,271,8:271
20261001T112900,102490.185728,100.0,True,8,273,8:273
20261001T112900,69551.95136,100.0,True,11,214,11:214
20261001T112900,75636.17152,100.0,True,14,242,14:242
20261001T112901,65317.4592,100.0,True,7,209,7:209
20261001T112901,77910.161664,100.0,True,9,198,9:198
20261001T112901,67946.96576,100.0,True,12,216,12:216
20261001T112902,117290.825984,100.0,True,6,267,6:267
20261001T112902,107495.321856,100.0,True,8,272,8:272
20261001T112902,109299.212032,100.0,True,13,263,13:263
20261001T112903,63054.892032,100.0,True,7,210,7:210
20261001T112903,77568.175616,100.0,True,10,270,10:270
20261001T112904,72157.854464,100.0,True,0,257,0:257
20261001T112904,65159.307776,100.0,True,11,216,11:216
20261001T112904,67495.432192,100.0,True,13,274,13:274
20261001T112905,64781.460992,100.0,True,0,259,0:259
20261001T112905,77160.989184,100.0,True,9,199,9:199
20261001T112906,118604.655104,100.0,True,5,210,5:210
20261001T112906,67478.375424,100.0,True,12,217,12:217
20261001T112907,72791.3088,100.0,True,3,251,3:251
20261001T112907,69324.640256,100.0,True,3,252,3:252
20261001T112907,79301.185024,100.0,True,4,286,4:286
20261001T112907,77888.814336,100.0,True,12,215,12:215
20261001T112908,63349.499392,100.0,True,1,237,1:237
20261001T112908,68665.894912,100.0,True,4,289,4:289
20261001T112908,76368.845056,100.0,True,14,244,14:244
20261001T112908,68337.26976,100.0,True,14,246,14:246
20261001T112909,60903.954944,100.0,True,1,238,1:238
20261001T112909,68042.418944,100.0,True,5,222,5:222
20261001T112909,64090.195968,100.0,True,8,285,8:285
20261001T112910,73822.924288,100.0,True,0,258,0:258
20261001T112910,70074.615296,100.0,True,2,243,2:243
20261001T112910,111567.077376,100.0,True,5,212,5:212
20261001T112910,103875.16928,100.0,True,8,275,8:275
20261001T112910,72697.093888,100.0,True,9,201,9:201
20261001T112911,67378.513152,100.0,True,0,260,0:260
20261001T112911,74094.964736,100.0,True,1,235,1:235
20261001T112911,68971.294976,100.0,True,4,290,4:290
20261001T112911,73194.74176,100.0,True,8,283,8:283
20261001T112911,62869.650944,100.0,True,8,286,8:286
20261001T112911,74174.865152,100.0,True,14,245,14:245
20261001T112912,64136.050944,100.0,True,5,224,5:224
20261001T112912,76796.118528,100.0,True,6,281,6:281
20261001T112912,123519.956736,100.0,True,8,270,8:270
20261001T112912,79014.090496,100.0,True,13,273,13:273
20261001T112913,64088.9792,100.0,True,4,292,4:292
20261001T112913,62892.430592,100.0,True,10,276,10:276
20261001T112913,59965.974528,100.0,True,13,278,13:278
20261001T112913,117991.69024,100.0,True,14,236,14:236
20261001T112914,77199.531264,100.0,True,10,273,10:273
20261001T112915,64903.129088,100.0,True,0,262,0:262
20261001T112915,61661.313536,100.0,True,3,256,3:256
20261001T112915,73087.82208,100.0,True,6,283,6:283
20261001T112915,60805.132544,100.0,True,9,204,9:204
20261001T112915,70052.744192,100.0,True,11,217,11:217
20261001T112915,61172.702464,100.0,True,11,219,11:219
20261001T112916,77149.24032,100.0,True,6,282,6:282
20261001T112916,63655.6672,100.0,True,14,249,14:249
20261001T112917,74059.106304,100.0,True,2,244,2:244
20261001T112917,124061.3952,100.0,True,9,192,9:192
20261001T112917,74423.539968,100.0,True,9,202,9:202
20261001T112917,68557.45664,100.0,True,11,218,11:218
20261001T112917,66709.6064,100.0,True,12,219,12:219
20261001T112917,61696.180992,100.0,True,13,279,13:279
20261001T112918,73254.496256,100.0,True,5,223,5:223
20261001T112918,69333.598976,100.0,True,6,285,6:285
20261001T112918,126271.124736,100.0,True,7,200,7:200
20261001T112919,72332.388608,100.0,True,0,261,0:261
20261001T112919,67115.362304,100.0,True,2,246,2:246
20261001T112919,74881.73312,100.0,True,13,276,13:276
20261001T112920,64273.845504,100.0,True,2,247,2:247
20261001T112920,77920.368128,100.0,True,3,253,3:253
20261001T112920,66380.805632,100.0,True,5,225,5:225
20261001T112920,68972.035072,100.0,True,7,212,7:212
20261001T112921,68626.951936,100.0,True,10,277,10:277
20261001T112921,108884.564736,100.0,True,12,212,12:212
20261001T112921,76920.572416,100.0,True,12,218,12:218
20261001T112922,120643.437568,100.0,True,3,243,3:243
20261001T112922,72728.694528,100.0,True,14,248,14:248
20261001T112923,77398.641152,100.0,True,6,284,6:284
20261001T112923,63269.159168,100.0,True,9,205,9:205
20261001T112924,71320.013824,100.0,True,0,263,0:263
20261001T112924,63057.851392,100.0,True,13,280,13:280
20261001T112925,110024.641024,100.0,True,6,276,6:276
20261001T112925,125779.068672,100.0,True,9,193,9:193
20261001T112925,70619.345152,100.0,True,12,220,12:220
20261001T112926,74558.619392,100.0,True,6,286,6:286
20261001T112926,66189.218304,100.0,True,11,220,11:220
20261001T112926,65177.819648,100.0,True,12,221,12:221
20261001T112927,75266.418944,100.0,True,4,293,4:293
20261001T112927,61899.838464,100.0,True,5,227,5:227
20261001T112927,120582.626304,100.0,True,7,203,7:203
20261001T112927,74820.625408,100.0,True,8,287,8:287
20261001T112927,62705.882624,100.0,True,9,206,9:206
20261001T112927,63293.127936,100.0,True,13,281,13:281
20261001T112927,62061.969152,100.0,True,14,252,14:252
20261001T112928,74529.572608,100.0,True,4,294,4:294
20261001T112928,104211.3024,100.0,True,5,218,5:218
20261001T112928,62256.7168,100.0,True,6,290,6:290
20261001T112928,62538.474752,100.0,True,7,215,7:215
20261001T112928,118625.4656,100.0,True,13,267,13:267
20261001T112929,71498.5856,100.0,True,0,264,0:264
20261001T112929,70589.493248,100.0,True,3,257,3:257
20261001T112929,117242.578176,100.0,True,6,275,6:275
20261001T112929,72504.200192,100.0,True,7,213,7:213
20261001T112930,63711.273728,100.0,True,0,266,0:266
20261001T112930,68785.047552,100.0,True,4,296,4:296
20261001T112930,74296.544,100.0,True,6,287,6:287
20261001T112930,70391.866368,100.0,True,6,288,6:288
20261001T112930,63864.600064,100.0,True,10,281,10:281
20261001T112931,64281.06624,100.0,True,3,259,3:259
20261001T112931,120375.180032,100.0,True,5,215,5:215
20261001T112931,69047.231232,100.0,True,6,289,6:289
20261001T112931,119713.390848,100.0,True,7,204,7:204
20261001T112932,74355.697408,100.0,True,1,240,1:240
20261001T112932,62353.638656,100.0,True,3,260,3:260
20261001T112932,71615.892736,100.0,True,8,289,8:289
20261001T112932,63642.964736,100.0,True,13,282,13:282
20261001T112933,63576.073472,100.0,True,0,267,0:267
20261001T112933,66995.315456,100.0,True,2,250,2:250
20261001T112933,63469.434368,100.0,True,2,251,2:251
20261001T112933,68991.647488,100.0,True,8,290,8:290
20261001T112933,63557.80224,100.0,True,12,223,12:223
20261001T112934,117067.762176,100.0,True,3,247,3:247
20261001T112934,73231.185664,100.0,True,7,214,7:214
20261001T112934,74115.759872,100.0,True,14,251,14:251
20261001T112935,65512.295424,100.0,True,6,291,6:291
20261001T112935,71497.350912,100.0,True,10,280,10:280
20261001T112935,100324.884224,100.0,True,11,215,11:215
20261001T112935,69953.289984,100.0,True,12,222,12:222
20261001T112936,70051.76192,100.0,True,1,242,1:242
20261001T112936,61679.228928,100.0,True,13,284,13:284
20261001T112937,69470.930944,100.0,True,4,298,4:298
20261001T112937,106938.31808,100.0,True,7,208,7:208
20261001T112937,68673.643776,100.0,True,8,291,8:291
20261001T112937,62077.570304,100.0,True,12,224,12:224
20261001T112938,63575.356672,100.0,True,0,268,0:268
20261001T112938,65518.498304,100.0,True,4,299,4:299
20261001T112939,59857.283328,100.0,True,1,245,1:245
20261001T112940,110136.087296,100.0,True,3,250,3:250
20261001T112940,118081.654784,100.0,True,4,284,4:284
20261001T112941,122873.455104,100.0,True,4,283,4:283
20261001T112941,73014.6112,100.0,True,5,228,5:228
20261001T112942,100875.000832,100.0,True,1,236,1:236
20261001T112942,65277.947392,100.0,True,6,293,6:293
20261001T112942,72646.884864,100.0,True,9,207,9:207
20261001T112943,68094.819584,100.0,True,3,261,3:261
20261001T112944,68396.593664,100.0,True,4,300,4:300
20261001T112944,62829.643008,100.0,True,6,294,6:294
20261001T112944,69508.818432,100.0,True,8,293,8:293
20261001T112944,65255.45856,100.0,True,8,294,8:294
20261001T112944,69583.18976,100.0,True,9,208,9:208
20261001T112945,72478.90176,100.0,True,2,252,2:252
20261001T112945,72527.70944,100.0,True,5,229,5:229
20261001T112945,64221.939712,100.0,True,9,209,9:209
20261001T112946,69566.626304,100.0,True,2,253,2:253
20261001T112946,64921.765888,100.0,True,12,225,12:225
20261001T112946,60014.654976,100.0,True,12,226,12:226
20261001T112946,75419.39456,100.0,True,13,283,13:283
20261001T112947,62141.733632,100.0,True,2,255,2:255
20261001T112947,120361.869312,100.0,True,6,279,6:279
20261001T112948,119558.3104,100.0,True,5,219,5:219
20261001T112948,75786.453504,100.0,True,8,292,8:292
20261001T112948,67313.583104,100.0,True,10,285,10:285
20261001T112949,67595.986176,100.0,True,7,218,7:218
20261001T112949,65137.34912,100.0,True,14,257,14:257
20261001T112950,63083.558144,100.0,True,0,271,0:271
20261001T112950,125075.754752,100.0,True,3,249,3:249
20261001T112950,64412.067328,100.0,True,5,232,5:232
20261001T112950,101093.347072,100.0,True,13,277,13:277
20261001T112950,72476.221184,100.0,True,13,285,13:285
20261001T112951,71997.529088,100.0,True,3,262,3:262
20261001T112951,68533.101824,100.0,True,4,302,4:302
20261001T112951,75147.597568,100.0,True,7,217,7:217
20261001T112951,67537.858304,100.0,True,11,225,11:225
20261001T112951,105975.384064,100.0,True,14,247,14:247
20261001T112952,75928.487936,100.0,True,1,244,1:244
20261001T112952,62071.515392,100.0,True,3,264,3:264
20261001T112952,59855.661056,100.0,True,7,220,7:220
20261001T112952,72324.919552,100.0,True,11,224,11:224
20261001T112953,74592.644352,100.0,True,4,301,4:301
20261001T112953,63254.897664,100.0,True,6,296,6:296
20261001T112953,120892.442112,100.0,True,10,272,10:272
20261001T112954,59755.555328,100.0,True,1,249,1:249
20261001T112954,128331.804672,100.0,True,8,280,8:280
20261001T112954,120395.175424,100.0,True,8,282,8:282
20261001T112954,72873.046016,100.0,True,13,286,13:286
20261001T112955,75515.489536,100.0,True,0,269,0:269
20261001T112955,69409.240576,100.0,True,8,296,8:296
20261001T112955,65479.94752,100.0,True,8,297,8:297
20261001T112955,113691.5264,100.0,True,10,274,10:274
20261001T112955,115469.04448,100.0,True,13,275,13:275
20261001T112956,119614.745344,100.0,True,2,242,2:242
20261001T112956,63757.729536,100.0,True,13,289,13:289
20261001T112957,74395.867904,100.0,True,0,270,0:270
20261001T112957,71838.249984,100.0,True,7,219,7:219
20261001T112957,67138.174208,100.0,True,13,288,13:288
20261001T112958,76140.987136,100.0,True,2,254,2:254
20261001T112958,123002.066944,100.0,True,4,288,4:288
20261001T112958,65643.864832,100.0,True,9,211,9:211
20261001T112958,129128.633344,100.0,True,10,271,10:271
20261001T112958,113453.425664,100.0,True,10,275,10:275
20261001T112959,65048.310016,100.0,True,3,266,3:266
20261001T112959,76707.390208,100.0,True,8,295,8:295
20261001T112959,65925.73952,100.0,True,11,227,11:227
20261001T112959,102969.523712,100.0,True,14,250,14:250
20261001T113000,103363.918336,100.0,True,8,288,8:288
20261001T113000,70574.58688,100.0,True,11,226,11:226
20261001T113000,78892.697088,100.0,True,14,256,14:256
20261001T113001,76612.903424,100.0,True,1,246,1:246
20261001T113001,68992.051712,100.0,True,6,297,6:297
20261001T113001,118636.264448,100.0,True,8,284,8:284
20261001T113001,67477.836544,100.0,True,8,298,8:298
20261001T113001,71390.4,100.0,True,10,287,10:287
20261001T113002,66705.615616,100.0,True,5,234,5:234
20261001T113002,72072.220416,100.0,True,14,258,14:258
20261001T113003,75778.541824,100.0,True,4,303,4:303
20261001T113003,65396.052736,100.0,True,4,306,4:306
20261001T113003,114310.556928,100.0,True,9,203,9:203
20261001T113003,76169.096448,100.0,True,9,210,9:210
20261001T113003,103275.846656,100.0,True,10,279,10:279
20261001T113003,66039.193088,100.0,True,14,260,14:260
20261001T113004,63036.193536,100.0,True,8,300,8:300
20261001T113004,70217.243904,100.0,True,10,288,10:288
20261001T113005,75005.075456,100.0,True,0,272,0:272
20261001T113005,71172.12928,100.0,True,0,273,0:273
20261001T113006,103770.857216,100.0,True,0,265,0:265
20261001T113006,75840.589056,100.0,True,1,247,1:247
20261001T113006,69953.152512,100.0,True,7,221,7:221
20261001T113007,121430.451456,100.0,True,7,211,7:211
20261001T113007,64085.1392,100.0,True,11,229,11:229
20261001T113008,66351.560704,100.0,True,4,307,4:307
20261001T113008,72267.07072,100.0,True,12,228,12:228
20261001T113008,99716.201472,100.0,True,14,253,14:253
20261001T113009,116262.919168,100.0,True,1,239,1:239
20261001T113009,69914.434816,100.0,True,1,250,1:250
20261001T113009,65388.35584,100.0,True,2,259,2:259
20261001T113009,74282.228736,100.0,True,6,298,6:298
20261001T113009,75304.670464,100.0,True,14,259,14:259
20261001T113010,75726.087424,100.0,True,4,305,4:305
20261001T113010,71182.525952,100.0,True,11,228,11:228
20261001T113011,122625.115648,100.0,True,3,255,3:255
20261001T113011,125638.267392,100.0,True,4,291,4:291
20261001T113011,70572.488704,100.0,True,5,235,5:235
20261001T113011,70465.509632,100.0,True,14,261,14:261
20261001T113012,127255.012608,100.0,True,3,254,3:254
20261001T113012,110209.923328,100.0,True,3,258,3:258
20261001T113012,62688.518912,100.0,True,9,214,9:214
20261001T113012,73680.57088,100.0,True,13,291,13:291
20261001T113013,98748.143872,100.0,True,6,292,6:292
20261001T113013,74372.976128,100.0,True,6,299,6:299
20261001T113013,69180.28288,100.0,True,10,291,10:291
20261001T113013,77668.303104,100.0,True,13,290,13:290
20261001T113014,74761.759744,100.0,True,0,274,0:274
20261001T113014,126850.533888,100.0,True,2,245,2:245
20261001T113014,67675.84128,100.0,True,7,223,7:223
20261001T113014,108231.446528,100.0,True,11,221,11:221
20261001T113014,102155.779328,100.0,True,14,254,14:254
20261001T113015,118445.829376,100.0,True,4,295,4:295
20261001T113015,70427.352832,100.0,True,6,301,6:301
20261001T113015,71203.762432,100.0,True,8,301,8:301
20261001T113015,68530.255872,100.0,True,8,302,8:302
20261001T113015,78328.0256,100.0,True,10,289,10:289
20261001T113015,66079.578368,100.0,True,10,292,10:292
20261001T113016,67719.107584,100.0,True,1,252,1:252
20261001T113016,78239.266816,100.0,True,3,267,3:267
20261001T113016,65786.67264,100.0,True,4,309,4:309
20261001T113016,78205.453312,100.0,True,9,212,9:212
20261001T113016,118428.861952,100.0,True,10,278,10:278
20261001T113016,75674.7264,100.0,True,12,229,12:229
20261001T113016,73982.65728,100.0,True,13,292,13:292
20261001T113017,118683.0144,100.0,True,2,248,2:248
20261001T113017,115083.361536,100.0,True,2,249,2:249
20261001T113017,74497.253632,100.0,True,7,222,7:222
20261001T113017,76703.69536,100.0,True,10,290,10:290
20261001T113018,70521.448448,100.0,True,0,276,0:276
20261001T113018,118411.308288,100.0,True,5,226,5:226
20261001T113018,74186.58304,100.0,True,9,213,9:213
20261001T113019,76069.102592,100.0,True,3,268,3:268
20261001T113019,115123.54688,100.0,True,4,297,4:297
20261001T113019,73121.263616,100.0,True,4,308,4:308
20261001T113019,65523.520256,100.0,True,4,310,4:310
20261001T113019,67170.313472,100.0,True,7,224,7:224
20261001T113020,77151.051776,100.0,True,1,251,1:251
20261001T113020,74391.09632,100.0,True,5,236,5:236
20261001T113020,62961.7024,100.0,True,11,232,11:232
20261001T113020,74793.627136,100.0,True,13,293,13:293
20261001T113020,67223.15264,100.0,True,14,264,14:264
20261001T113021,75254.477568,100.0,True,12,230,12:230
20261001T113021,68414.57536,100.0,True,12,232,12:232
20261001T113022,74149.266176,100.0,True,3,269,3:269
20261001T113022,65619.467776,100.0,True,3,271,3:271
20261001T113022,68803.335936,100.0,True,11,231,11:231
20261001T113022,73337.45536,100.0,True,13,294,13:294
20261001T113022,64084.733184,100.0,True,14,265,14:265
20261001T113023,79968.613888,100.0,True,0,275,0:275
20261001T113023,74333.206784,100.0,True,6,302,6:302
20261001T113023,79011.4944,100.0,True,14,262,14:262
20261001T113024,107381.311488,100.0,True,10,284,10:284
20261001T113024,74253.010432,100.0,True,12,231,12:231
20261001T113025,103483.764736,100.0,True,5,231,5:231
20261001T113025,73783.77344,100.0,True,6,303,6:303
20261001T113025,70136.059904,100.0,True,6,304,6:304
20261001T113025,114516.456192,100.0,True,10,282,10:282
20261001T113026,68421.414656,100.0,True,12,233,12:233
20261001T113026,73258.230784,100.0,True,13,295,13:295
20261001T113027,74767.383296,100.0,True,0,277,0:277
20261001T113027,104027.894528,100.0,True,3,263,3:263
20261001T113027,69824.920832,100.0,True,4,311,4:311
20261001T113027,68953.033216,100.0,True,6,305,6:305
20261001T113028,67130.437376,100.0,True,6,306,6:306
20261001T113028,78206.948352,100.0,True,8,303,8:303
20261001T113028,64077.56416,100.0,True,8,307,8:307
20261001T113028,66758.430464,100.0,True,13,297,13:297
20261001T113029,72948.773632,100.0,True,2,262,2:262
20261001T113029,71252.999936,100.0,True,7,225,7:225
20261001T113029,71508.249344,100.0,True,9,216,9:216
20261001T113029,119250.089984,100.0,True,11,222,11:222
20261001T113029,113773.536,100.0,True,11,223,11:223
20261001T113030,128140.358144,100.0,True,1,241,1:241
20261001T113030,111997.096704,100.0,True,5,230,5:230
20261001T113030,74184.1152,100.0,True,10,294,10:294
20261001T113031,66855.9232,100.0,True,0,280,0:280
20261001T113031,120679.07328,100.0,True,7,216,7:216
20261001T113032,75109.301248,100.0,True,0,278,0:278
20261001T113032,61490.681856,100.0,True,1,257,1:257
20261001T113032,71197.375488,100.0,True,8,306,8:306
20261001T113033,64286.98624,100.0,True,2,265,2:265
20261001T113033,109044.9472,100.0,True,6,295,6:295
20261001T113033,79046.317056,100.0,True,9,215,9:215
20261001T113033,62247.853568,100.0,True,10,298,10:298
20261001T113033,61138.075904,100.0,True,12,236,12:236
20261001T113034,104495.858688,100.0,True,5,233,5:233
20261001T113034,77365.7216,100.0,True,5,238,5:238
20261001T113034,77414.577664,100.0,True,8,305,8:305
20261001T113035,103347.31392,100.0,True,1,248,1:248
20261001T113035,73883.320832,100.0,True,3,272,3:272
20261001T113035,121946.487296,100.0,True,10,283,10:283
20261001T113035,119225.655808,100.0,True,14,255,14:255
20261001T113036,77128.455936,100.0,True,1,254,1:254
20261001T113036,75830.734592,100.0,True,4,312,4:312
20261001T113036,65052.973568,100.0,True,5,241,5:241
20261001T113036,62290.02752,100.0,True,7,228,7:228
20261001T113036,76138.256128,100.0,True,10,295,10:295
20261001T113037,126166.5664,100.0,True,1,243,1:243
20261001T113037,74958.323968,100.0,True,5,239,5:239
20261001T113037,73980.523264,100.0,True,7,226,7:226
20261001T113038,108206.651648,100.0,True,2,256,2:256
20261001T113038,75023.103744,100.0,True,2,264,2:264
20261001T113038,74114.746624,100.0,True,3,273,3:273
20261001T113038,70873.071616,100.0,True,4,314,4:314
20261001T113038,67858.562816,100.0,True,4,315,4:315
20261001T113038,74266.48832,100.0,True,10,296,10:296
20261001T113039,71105.572096,100.0,True,13,299,13:299
20261001T113040,68257.593856,100.0,True,6,309,6:309
20261001T113040,61097.2928,100.0,True,7,229,7:229
20261001T113040,74255.762944,100.0,True,12,235,12:235
20261001T113040,62136.373504,100.0,True,13,302,13:302
20261001T113040,65315.203584,100.0,True,14,269,14:269
20261001T113041,65277.36832,100.0,True,9,219,9:219
20261001T113041,115985.379584,100.0,True,10,286,10:286
20261001T113041,75295.020032,100.0,True,14,267,14:267
20261001T113042,68861.137152,100.0,True,2,266,2:266
20261001T113042,67969.990144,100.0,True,8,310,8:310
20261001T113042,79700.00128,100.0,True,11,233,11:233
20261001T113042,68005.99808,100.0,True,11,236,11:236
20261001T113043,76435.865344,100.0,True,1,256,1:256
20261001T113043,112182.487808,100.0,True,3,265,3:265
20261001T113043,77977.374976,100.0,True,6,307,6:307
20261001T113044,63426.754048,100.0,True,5,243,5:243
20261001T113044,102347.981824,100.0,True,6,300,6:300
20261001T113044,66546.4384,100.0,True,6,311,6:311
20261001T113044,77367.55712,100.0,True,10,297,10:297
20261001T113044,73082.110208,100.0,True,13,300,13:300
20261001T113045,113364.995072,100.0,True,12,227,12:227
20261001T113045,68250.570496,100.0,True,12,237,12:237
20261001T113045,79975.633408,100.0,True,13,298,13:298
20261001T113046,76818.775808,100.0,True,3,274,3:274
20261001T113046,67792.227328,100.0,True,3,276,3:276
20261001T113046,71498.390784,100.0,True,10,299,10:299
20261001T113046,69180.25856,100.0,True,11,237,11:237
20261001T113047,65607.546624,100.0,True,2,268,2:268
20261001T113047,61837.009152,100.0,True,3,278,3:278
20261001T113047,78907.547136,100.0,True,6,308,6:308
20261001T113048,69235.068672,100.0,True,4,317,4:317
20261001T113048,68113.639168,100.0,True,8,312,8:312
20261001T113048,66045.543936,100.0,True,10,301,10:301
20261001T113048,78813.530368,100.0,True,11,235,11:235
20261001T113048,122665.795072,100.0,True,13,287,13:287
20261001T113049,65584.444928,100.0,True,8,313,8:313
20261001T113050,67708.066816,100.0,True,3,277,3:277
20261001T113050,75530.722816,100.0,True,4,316,4:316
20261001T113050,68812.719872,100.0,True,6,312,6:312
20261001T113050,66027.610624,100.0,True,7,230,7:230
20261001T113051,64773.490432,100.0,True,6,313,6:313
20261001T113051,72681.190144,100.0,True,10,300,10:300
20261001T113051,61814.072064,100.0,True,13,305,13:305
20261001T113052,71120.381696,100.0,True,1,259,1:259
20261001T113052,115274.2784,100.0,True,8,299,8:299
20261001T113052,74764.222208,100.0,True,8,311,8:311
20261001T113052,70940.44544,100.0,True,11,238,11:238
20261001T113053,104885.454848,100.0,True,2,260,2:260
20261001T113053,122126.582784,100.0,True,4,304,4:304
20261001T113054,64017.62048,100.0,True,0,286,0:286
20261001T113054,114857.85728,100.0,True,2,258,2:258
20261001T113054,72296.527616,100.0,True,4,318,4:318
20261001T113054,67155.68384,100.0,True,8,314,8:314
20261001T113054,62630.587136,100.0,True,8,315,8:315
20261001T113055,72228.06144,100.0,True,14,271,14:271
20261001T113056,71055.210752,100.0,True,4,319,4:319
20261001T113056,61257.45024,100.0,True,14,274,14:274
20261001T113057,106098.298368,100.0,True,2,261,2:261
20261001T113057,61342.374912,100.0,True,8,316,8:316
20261001T113057,61342.161664,100.0,True,11,241,11:241
20261001T113057,66534.038016,100.0,True,12,240,12:240
20261001T113057,75128.498432,100.0,True,13,303,13:303
20261001T113058,123080.660736,100.0,True,2,257,2:257
20261001T113058,73383.837952,100.0,True,13,304,13:304
20261001T113059,74174.454016,100.0,True,9,221,9:221
20261001T113059,75308.235264,100.0,True,12,238,12:238
20261001T113059,72312.943616,100.0,True,12,239,12:239
20261001T113100,74683.951104,100.0,True,2,269,2:269
20261001T113100,67052.157696,100.0,True,13,306,13:306
20261001T113101,63251.473408,100.0,True,0,288,0:288
20261001T113101,68101.221632,100.0,True,1,262,1:262
20261001T113101,68057.694976,100.0,True,3,280,3:280
20261001T113101,113317.312768,100.0,True,11,230,11:230
20261001T113101,69300.130304,100.0,True,11,240,11:240
20261001T113101,74649.380608,100.0,True,14,272,14:272
20261001T113102,73855.337216,100.0,True,2,270,2:270
20261001T113102,72606.808576,100.0,True,4,320,4:320
20261001T113102,108782.149632,100.0,True,8,304,8:304
20261001T113102,72837.643776,100.0,True,9,222,9:222
20261001T113102,114150.652672,100.0,True,14,263,14:263
20261001T113103,73128.888064,100.0,True,1,261,1:261
20261001T113103,70097.756928,100.0,True,6,315,6:315
20261001T113103,63358.150144,100.0,True,7,233,7:233
20261001T113103,77327.002624,100.0,True,11,239,11:239
20261001T113104,63331.76832,100.0,True,1,264,1:264
20261001T113104,68673.24928,100.0,True,4,322,4:322
20261001T113104,77144.03328,100.0,True,5,244,5:244
20261001T113104,68334.060288,100.0,True,6,316,6:316
20261001T113104,62449.75232,100.0,True,13,308,13:308
20261001T113105,73994.938368,100.0,True,5,245,5:245
20261001T113105,75528.382464,100.0,True,6,314,6:314
20261001T113105,68153.362944,100.0,True,13,307,13:307
20261001T113106,75065.703424,100.0,True,10,303,10:303
20261001T113107,115273.191936,100.0,True,3,270,3:270
20261001T113107,77308.884992,100.0,True,3,279,3:279
20261001T113107,62248.906496,100.0,True,3,283,3:283
20261001T113107,74975.564032,100.0,True,4,321,4:321
20261001T113107,71303.616,100.0,True,10,304,10:304
20261001T113108,71536.799488,100.0,True,2,272,2:272
20261001T113108,68452.88192,100.0,True,4,323,4:323
20261001T113108,75319.270144,100.0,True,9,223,9:223
20261001T113108,64495.07456,100.0,True,10,306,10:306
20261001T113108,105372.643072,100.0,True,12,234,12:234
20261001T113108,69066.60608,100.0,True,14,275,14:275
20261001T113109,105230.102272,100.0,True,4,313,4:313
20261001T113109,65162.896384,100.0,True,8,318,8:318
20261001T113110,62102.966016,100.0,True,1,266,1:266
20261001T113110,72391.6224,100.0,True,3,281,3:281
20261001T113110,64165.500928,100.0,True,7,234,7:234
20261001T113110,72433.807872,100.0,True,9,224,9:224
20261001T113110,72291.802112,100.0,True,12,242,12:242
20261001T113110,64366.458624,100.0,True,14,277,14:277
20261001T113111,64452.276736,100.0,True,0,290,0:290
20261001T113111,64284.328704,100.0,True,4,325,4:325
20261001T113111,71601.230592,100.0,True,8,317,8:317
20261001T113111,104739.019008,100.0,True,11,234,11:234
20261001T113112,71483.386368,100.0,True,6,317,6:317
20261001T113112,107553.405184,100.0,True,9,217,9:217
20261001T113112,101798.459648,100.0,True,9,218,9:218
20261001T113113,71641.087232,100.0,True,3,282,3:282
20261001T113113,63508.004096,100.0,True,4,326,4:326
20261001T113113,65497.526016,100.0,True,10,307,10:307
20261001T113113,70828.122112,100.0,True,14,276,14:276
20261001T113114,110747.927296,100.0,True,1,255,1:255
20261001T113114,70001.562624,100.0,True,4,324,4:324
20261001T113114,67318.340352,100.0,True,11,243,11:243
20261001T113115,73361.81376,100.0,True,11,242,11:242
20261001T113116,62742.144768,100.0,True,6,321,6:321
20261001T113116,69024.93568,100.0,True,8,319,8:319
20261001T113117,75217.117952,100.0,True,0,289,0:289
20261001T113117,73793.625344,100.0,True,9,225,9:225
20261001T113117,73441.6064,100.0,True,12,243,12:243
20261001T113117,71838.01984,100.0,True,13,309,13:309
20261001T113118,64468.140288,100.0,True,10,309,10:309
20261001T113118,102791.323392,100.0,True,13,301,13:301
20261001T113118,67034.699264,100.0,True,14,278,14:278
20261001T113119,72253.399296,100.0,True,5,248,5:248
20261001T113119,100240.372224,100.0,True,14,270,14:270
20261001T113120,120070.83008,100.0,True,2,263,2:263
20261001T113120,77491.880192,100.0,True,2,273,2:273
20261001T113120,76197.637632,100.0,True,6,318,6:318
20261001T113121,127521.574144,100.0,True,1,253,1:253
20261001T113121,63526.422784,100.0,True,4,328,4:328
20261001T113121,73843.86048,100.0,True,6,319,6:319
20261001T113121,71413.374208,100.0,True,6,320,6:320
20261001T113121,63021.203456,100.0,True,12,246,12:246
20261001T113121,71826.898688,100.0,True,13,310,13:310
20261001T113121,66829.703936,100.0,True,14,279,14:279
20261001T113122,112647.243264,100.0,True,0,281,0:281
20261001T113122,65229.650944,100.0,True,1,268,1:268
20261001T113122,64631.982592,100.0,True,2,277,2:277
20261001T113122,129967.584256,100.0,True,5,237,5:237
20261001T113122,129112.376832,100.0,True,10,293,10:293
20261001T113123,64670.417152,100.0,True,5,251,5:251
20261001T113123,114194.440192,100.0,True,7,227,7:227
20261001T113123,76027.853056,100.0,True,9,226,9:226
20261001T113124,110117.368832,100.0,True,0,282,0:282
20261001T113124,70256.792576,100.0,True,9,227,9:227
20261001T113124,70650.134016,100.0,True,12,245,12:245
20261001T113125,106844.501504,100.0,True,0,283,0:283
20261001T113125,71743.97312,100.0,True,4,327,4:327
20261001T113125,72480.369152,100.0,True,11,244,11:244
20261001T113126,77357.491968,100.0,True,3,284,3:284
20261001T113126,68864.369408,100.0,True,7,236,7:236
20261001T113126,65962.496,100.0,True,9,228,9:228
20261001T113126,128695.77344,100.0,True,13,296,13:296
20261001T113127,69075.227648,100.0,True,0,293,0:293
20261001T113127,119599.835648,100.0,True,5,240,5:240
20261001T113127,68536.374272,100.0,True,10,310,10:310
20261001T113128,105239.427328,100.0,True,0,284,0:284
20261001T113128,73200.08192,100.0,True,0,292,0:292
20261001T113128,126492.516608,100.0,True,14,266,14:266
20261001T113129,78420.408832,100.0,True,10,308,10:308
20261001T113129,70988.33408,100.0,True,14,280,14:280
20261001T113130,75748.675072,100.0,True,2,276,2:276
20261001T113130,72640.126208,100.0,True,3,286,3:286
20261001T113130,76874.394624,100.0,True,13,311,13:311
20261001T113131,129485.473792,100.0,True,0,279,0:279
20261001T113131,62056.125696,100.0,True,2,280,2:280
20261001T113131,69091.581952,100.0,True,3,287,3:287
20261001T113131,61643.976192,100.0,True,8,325,8:325
20261001T113131,67615.079424,100.0,True,13,314,13:314
20261001T113132,118402.660864,100.0,True,3,275,3:275
20261001T113132,64950.23104,100.0,True,5,253,5:253
20261001T113132,117514.8096,100.0,True,6,310,6:310
20261001T113132,67960.162304,100.0,True,10,312,10:312
20261001T113132,66346.52928,100.0,True,14,282,14:282
20261001T113133,71474.465536,100.0,True,7,237,7:237
20261001T113134,79869.39776,100.0,True,3,285,3:285
20261001T113134,79026.988544,100.0,True,5,250,5:250
20261001T113134,76391.7568,100.0,True,6,322,6:322
20261001T113134,77224.380672,100.0,True,11,245,11:245
20261001T113135,128249.566464,100.0,True,8,308,8:308
20261001T113136,74782.404864,100.0,True,0,294,0:294
20261001T113136,66250.086912,100.0,True,0,296,0:296
20261001T113136,111662.468864,100.0,True,1,260,1:260
20261001T113136,118825.652224,100.0,True,2,267,2:267
20261001T113136,72161.0752,100.0,True,6,324,6:324
20261001T113136,126726.727936,100.0,True,8,309,8:309
20261001T113136,77469.330944,100.0,True,8,322,8:322
20261001T113137,120553.65376,100.0,True,1,258,1:258
20261001T113137,74078.708736,100.0,True,8,323,8:323
20261001T113138,77202.269952,100.0,True,1,269,1:269
20261001T113138,72141.526528,100.0,True,1,270,1:270
20261001T113138,103824.708608,100.0,True,7,232,7:232
20261001T113138,75922.412544,100.0,True,11,246,11:246
20261001T113139,77988.256512,100.0,True,6,323,6:323
20261001T113139,68831.427328,100.0,True,6,326,6:326
20261001T113139,72977.101824,100.0,True,8,324,8:324
20261001T113139,117095.004416,100.0,True,9,220,9:220
20261001T113139,72313.294592,100.0,True,9,229,9:229
20261001T113139,68049.571328,100.0,True,9,230,9:230
20261001T113139,71527.084288,100.0,True,13,315,13:315
20261001T113139,128664.971008,100.0,True,14,268,14:268
20261001T113140,67443.570432,100.0,True,5,254,5:254
20261001T113140,66892.879872,100.0,True,10,314,10:314
20261001T113140,63076.47616,100.0,True,10,315,10:315
20261001T113140,78210.67648,100.0,True,14,281,14:281
20261001T113141,67479.494144,100.0,True,1,272,1:272
20261001T113141,79884.816896,100.0,True,4,329,4:329
20261001T113141,69181.933568,100.0,True,7,239,7:239
20261001T113142,107300.223488,100.0,True,0,287,0:287
20261001T113142,77057.146368,100.0,True,2,279,2:279
20261001T113142,67858.299136,100.0,True,3,290,3:290
20261001T113142,64873.739264,100.0,True,5,255,5:255
20261001T113142,75828.353024,100.0,True,11,247,11:247
20261001T113143,105875.988736,100.0,True,1,263,1:263
20261001T113143,65226.230528,100.0,True,4,333,4:333
20261001T113143,126252.003328,100.0,True,5,242,5:242
20261001T113143,75870.071808,100.0,True,6,325,6:325
20261001T113143,62673.326336,100.0,True,6,329,6:329
20261001T113143,116087.341568,100.0,True,10,302,10:302
20261001T113143,73476.199168,100.0,True,10,313,10:313
20261001T113143,64834.289408,100.0,True,12,250,12:250
20261001T113144,76879.98976,100.0,True,7,238,7:238
20261001T113144,68104.528896,100.0,True,9,231,9:231
20261001T113145,118515.56736,100.0,True,0,285,0:285
20261001T113145,115618.648576,100.0,True,7,231,7:231
20261001T113145,71454.67776,100.0,True,8,326,8:326
20261001T113145,69142.445312,100.0,True,8,327,8:327
20261001T113145,65508.251136,100.0,True,8,328,8:328
20261001T113146,71814.023424,100.0,True,2,281,2:281
20261001T113146,68749.421056,100.0,True,7,240,7:240
20261001T113146,77440.7872,100.0,True,14,283,14:283
20261001T113147,102974.610432,100.0,True,1,265,1:265
20261001T113147,64490.49856,100.0,True,9,232,9:232
20261001T113148,70408.91264,100.0,True,0,298,0:298
20261001T113149,67684.118016,100.0,True,3,292,3:292
20261001T113149,62281.360896,100.0,True,8,330,8:330
20261001T113149,76746.781696,100.0,True,12,249,12:249
20261001T113149,65991.836928,100.0,True,13,319,13:319
20261001T113150,72494.083584,100.0,True,1,273,1:273
20261001T113150,117350.635776,100.0,True,2,271,2:271
20261001T113150,109671.391744,100.0,True,5,247,5:247
20261001T113150,110280.622848,100.0,True,10,305,10:305
20261001T113150,64341.635584,100.0,True,10,317,10:317
20261001T113151,69469.938176,100.0,True,0,299,0:299
20261001T113151,68078.483456,100.0,True,5,256,5:256
20261001T113151,67433.093376,100.0,True,8,329,8:329
20261001T113151,102416.763136,100.0,True,12,244,12:244
20261001T113152,68553.139456,100.0,True,6,330,6:330
20261001T113152,67227.10912,100.0,True,11,251,11:251
20261001T113152,122024.531968,100.0,True,14,273,14:273
20261001T113153,71277.421312,100.0,True,4,334,4:334
20261001T113153,74950.199296,100.0,True,6,328,6:328
20261001T113153,64769.782784,100.0,True,7,242,7:242
20261001T113153,75042.766592,100.0,True,13,318,13:318
20261001T113154,67156.723968,100.0,True,9,233,9:233
20261001T113154,77967.676928,100.0,True,11,249,11:249
20261001T113155,74600.815872,100.0,True,11,250,11:250
20261001T113155,65699.982592,100.0,True,11,252,11:252
20261001T113155,71728.841728,100.0,True,12,251,12:251
20261001T113156,77810.966784,100.0,True,3,291,3:291
20261001T113156,69644.732928,100.0,True,6,331,6:331
20261001T113157,106896.034304,100.0,True,5,249,5:249
20261001T113157,60878.320896,100.0,True,8,333,8:333
20261001T113158,72928.758016,100.0,True,4,335,4:335
20261001T113158,107897.530368,100.0,True,8,320,8:320
20261001T113158,123648.241408,100.0,True,12,241,12:241
20261001T113159,112397.75616,100.0,True,2,274,2:274
20261001T113159,68372.341504,100.0,True,6,332,6:332
20261001T113159,64991.89632,100.0,True,7,243,7:243
20261001T113159,104272.348928,100.0,True,8,321,8:321
20261001T113200,67401.733632,100.0,True,1,277,1:277
20261001T113200,70788.918016,100.0,True,12,252,12:252
20261001T113201,125752.224512,100.0,True,5,246,5:246
20261001T113201,67786.27968,100.0,True,8,332,8:332
20261001T113202,73924.818176,100.0,True,3,294,3:294
20261001T113202,70359.831296,100.0,True,9,234,9:234
20261001T113202,64365.079296,100.0,True,10,320,10:320
20261001T113202,67624.133888,100.0,True,12,253,12:253
20261001T113202,68733.481472,100.0,True,14,289,14:289
20261001T113203,60065.595648,100.0,True,0,304,0:304
20261001T113203,66098.123264,100.0,True,1,278,1:278
20261001T113203,73498.698752,100.0,True,2,284,2:284
20261001T113203,73094.751744,100.0,True,8,331,8:331
20261001T113203,63340.338688,100.0,True,11,254,11:254
20261001T113203,75086.742784,100.0,True,14,288,14:288
20261001T113204,77591.554816,100.0,True,5,257,5:257
20261001T113204,66156.957696,100.0,True,12,254,12:254
20261001T113205,61774.519296,100.0,True,2,287,2:287
20261001T113205,65273.780992,100.0,True,3,297,3:297
20261001T113205,105399.428864,100.0,True,13,313,13:313
20261001T113205,67545.030144,100.0,True,13,323,13:323
20261001T113206,73530.868736,100.0,True,3,295,3:295
20261001T113206,68012.73344,100.0,True,4,339,4:339
20261001T113206,78632.000256,100.0,True,13,320,13:320
20261001T113207,100995.134464,100.0,True,0,295,0:295
20261001T113207,73562.585344,100.0,True,6,333,6:333
20261001T113207,76728.158464,100.0,True,13,321,13:321
20261001T113208,72805.421312,100.0,True,0,302,0:302
20261001T113208,67204.41984,100.0,True,1,279,1:279
20261001T113208,70887.985408,100.0,True,6,334,6:334
20261001T113208,117217.00736,100.0,True,7,235,7:235
20261001T113209,67735.462912,100.0,True,5,260,5:260
20261001T113209,68094.909696,100.0,True,6,335,6:335
20261001T113210,119956.702976,100.0,True,2,275,2:275
20261001T113210,78083.470592,100.0,True,5,258,5:258
20261001T113210,63628.550656,100.0,True,14,292,14:292
20261001T113211,120103.52768,100.0,True,1,267,1:267
20261001T113211,63769.125376,100.0,True,7,246,7:246
20261001T113211,66224.638464,100.0,True,8,335,8:335
20261001T113211,106803.977984,100.0,True,12,247,12:247
20261001T113211,103068.148224,100.0,True,12,248,12:248
20261001T113211,68847.34848,100.0,True,14,291,14:291
20261001T113212,65341.539328,100.0,True,6,337,6:337
20261001T113212,64374.374144,100.0,True,8,336,8:336
20261001T113212,70440.526592,100.0,True,13,324,13:324
20261001T113213,73085.252096,100.0,True,0,303,0:303
20261001T113214,122385.693696,100.0,True,0,291,0:291
20261001T113214,69497.059584,100.0,True,12,255,12:255
20261001T113215,73876.35456,100.0,True,4,340,4:340
20261001T113216,68895.605248,100.0,True,0,305,0:305
20261001T113216,67876.554752,100.0,True,3,299,3:299
20261001T113216,72046.162688,100.0,True,11,255,11:255
20261001T113217,107714.44352,100.0,True,1,271,1:271
20261001T113217,63781.265152,100.0,True,3,300,3:300
20261001T113217,65180.059904,100.0,True,11,257,11:257
20261001T113218,72015.337216,100.0,True,1,280,1:280
20261001T113218,117965.237248,100.0,True,2,278,2:278
20261001T113218,72526.568704,100.0,True,3,298,3:298
20261001T113218,65474.334976,100.0,True,7,247,7:247
20261001T113218,76177.487616,100.0,True,10,321,10:321
20261001T113219,69159.531776,100.0,True,5,262,5:262
20261001T113219,67392.3584,100.0,True,8,337,8:337
20261001T113219,71486.09152,100.0,True,11,256,11:256
20261001T113219,69200.901632,100.0,True,12,256,12:256
20261001T113219,122938.509568,100.0,True,13,312,13:312
20261001T113220,106948.523776,100.0,True,0,297,0:297
20261001T113220,71248.865536,100.0,True,1,281,1:281
20261001T113220,67940.49664,100.0,True,2,289,2:289
20261001T113220,74599.522304,100.0,True,5,261,5:261
20261001T113220,105485.509888,100.0,True,13,317,13:317
20261001T113221,117403.358976,100.0,True,5,252,5:252
20261001T113221,76864.87296,100.0,True,6,336,6:336
20261001T113221,76264.762112,100.0,True,10,322,10:322
20261001T113221,110845.065728,100.0,True,11,248,11:248
20261001T113222,65415.440896,100.0,True,4,344,4:344
20261001T113222,72002.884608,100.0,True,10,323,10:323
20261001T113223,68583.40736,100.0,True,1,282,1:282
20261001T113223,67008.620288,100.0,True,2,290,2:290
20261001T113223,64004.460288,100.0,True,8,339,8:339
20261001T113223,65800.22272,100.0,True,12,258,12:258
20261001T113224,67980.687104,100.0,True,8,338,8:338
20261001T113224,68289.208832,100.0,True,13,328,13:328
20261001T113224,73529.370368,100.0,True,14,293,14:293
20261001T113225,105494.152448,100.0,True,2,282,2:282
20261001T113225,119482.684672,100.0,True,3,288,3:288
20261001T113225,112281.011712,100.0,True,6,327,6:327
20261001T113225,67893.806592,100.0,True,7,248,7:248
20261001T113225,64743.841024,100.0,True,13,329,13:329
20261001T113226,124311.376128,100.0,True,10,311,10:311
20261001T113226,71119.857152,100.0,True,10,324,10:324
20261001T113226,113619.288832,100.0,True,14,284,14:284
20261001T113227,120849.5296,100.0,True,4,330,4:330
20261001T113227,77560.808192,100.0,True,6,338,6:338
20261001T113228,70848.585472,100.0,True,0,307,0:307
20261001T113228,67275.43168,100.0,True,9,239,9:239
20261001T113228,68776.112384,100.0,True,10,325,10:325
20261001T113229,117713.87264,100.0,True,3,289,3:289
20261001T113229,68911.311872,100.0,True,6,341,6:341
20261001T113229,72664.593408,100.0,True,11,258,11:258
20261001T113229,118476.38016,100.0,True,13,316,13:316
20261001T113229,111667.325696,100.0,True,14,285,14:285
20261001T113230,78687.188736,100.0,True,0,306,0:306
20261001T113230,105407.412224,100.0,True,14,287,14:287
20261001T113231,110425.544704,100.0,True,1,274,1:274
20261001T113231,110907.441408,100.0,True,14,286,14:286
20261001T113232,74410.010368,100.0,True,1,283,1:283
20261001T113232,103962.539008,100.0,True,4,336,4:336
20261001T113233,69628.40832,100.0,True,3,302,3:302
20261001T113233,79401.400064,100.0,True,6,339,6:339
20261001T113233,76114.892032,100.0,True,6,340,6:340
20261001T113233,65850.989824,100.0,True,6,343,6:343
20261001T113233,111575.774464,100.0,True,10,316,10:316
20261001T113233,66260.027648,100.0,True,11,260,11:260
20261001T113235,121766.460672,100.0,True,4,332,4:332
20261001T113235,70397.479168,100.0,True,6,342,6:342
20261001T113235,72573.108224,100.0,True,7,249,7:249
20261001T113236,77960.45056,100.0,True,3,301,3:301
20261001T113236,125367.232768,100.0,True,4,331,4:331
20261001T113236,68555.611392,100.0,True,5,266,5:266
20261001T113236,114083.523328,100.0,True,7,241,7:241
20261001T113236,80409.349632,100.0,True,14,294,14:294
20261001T113237,70316.114432,100.0,True,4,347,4:347
20261001T113237,77822.540032,100.0,True,5,264,5:264
20261001T113237,65715.656192,100.0,True,5,267,5:267
20261001T113237,76141.586432,100.0,True,11,259,11:259
20261001T113237,76083.698944,100.0,True,12,259,12:259
20261001T113238,78780.530688,100.0,True,14,295,14:295
20261001T113239,66653.008896,100.0,True,13,332,13:332
20261001T113242,75304.608,100.0,True,0,309,0:309
20261001T113242,117084.397056,100.0,True,1,275,1:275
20261001T113242,113118.498816,100.0,True,1,276,1:276
20261001T113242,75850.752512,100.0,True,1,285,1:285
20261001T113242,108456.605952,100.0,True,2,285,2:285
20261001T113242,82242.593024,100.0,True,4,345,4:345
20261001T113242,72814.738688,100.0,True,4,348,4:348
20261001T113242,68369.097984,100.0,True,4,349,4:349
20261001T113242,74261.66272,100.0,True,7,250,7:250
20261001T113242,66136.0448,100.0,True,9,242,9:242
20261001T113242,80354.841856,100.0,True,10,326,10:326
20261001T113242,71187.044096,100.0,True,11,261,11:261
20261001T113242,65650.39616,100.0,True,12,262,12:262
20261001T113242,75527.745792,100.0,True,14,297,14:297
20261001T113242,67821.601536,100.0,True,14,299,14:299
20261001T113243,71390.68544,100.0,True,1,286,1:286
20261001T113243,66757.269248,100.0,True,4,350,4:350
20261001T113243,78760.175872,100.0,True,13,330,13:330
20261001T113244,106320.805888,100.0,True,14,290,14:290
20261001T113245,77453.256192,100.0,True,3,303,3:303
20261001T113245,66058.563072,100.0,True,5,269,5:269
20261001T113245,111533.304064,100.0,True,10,319,10:319
20261001T113245,78240.867584,100.0,True,12,260,12:260
20261001T113246,120785.891072,100.0,True,0,300,0:300
20261001T113246,72385.973248,100.0,True,10,329,10:329
20261001T113246,77244.044288,100.0,True,13,331,13:331
20261001T113247,72145.369088,100.0,True,5,268,5:268
20261001T113248,118606.846208,100.0,True,0,301,0:301
20261001T113248,77425.261056,100.0,True,6,344,6:344
20261001T113248,80545.528576,100.0,True,9,240,9:240
20261001T113249,74570.29504,100.0,True,1,287,1:287
20261001T113249,107841.320704,100.0,True,8,334,8:334
20261001T113249,75270.007808,100.0,True,8,343,8:343
20261001T113249,69896.965376,100.0,True,13,334,13:334
20261001T113250,72399.005696,100.0,True,2,295,2:295
20261001T113250,78241.278208,100.0,True,3,304,3:304
20261001T113250,66823.511296,100.0,True,5,270,5:270
20261001T113250,71174.377984,100.0,True,14,300,14:300
20261001T113251,126258.873344,100.0,True,2,283,2:283
20261001T113251,114621.864448,100.0,True,3,296,3:296
20261001T113251,76924.062976,100.0,True,6,345,6:345
20261001T113251,77171.922688,100.0,True,7,251,7:251
20261001T113252,114255.610112,100.0,True,2,286,2:286
20261001T113252,82939.985664,100.0,True,2,293,2:293
20261001T113252,118539.96544,100.0,True,4,338,4:338
20261001T113252,73585.356288,100.0,True,6,346,6:346
20261001T113252,109381.024,100.0,True,7,245,7:245
20261001T113253,83022.110464,100.0,True,0,310,0:310
20261001T113253,69410.736384,100.0,True,4,352,4:352
20261001T113253,110356.606976,100.0,True,9,236,9:236
20261001T113253,77124.008448,100.0,True,13,333,13:333
20261001T113254,75218.061312,100.0,True,0,312,0:312
20261001T113254,71244.370176,100.0,True,2,296,2:296
20261001T113254,128116.096,100.0,True,3,293,3:293
20261001T113254,71910.27456,100.0,True,6,347,6:347
20261001T113254,75692.329984,100.0,True,10,330,10:330
20261001T113255,80865.8368,100.0,True,0,311,0:311
20261001T113255,67942.109696,100.0,True,8,347,8:347
20261001T113255,72981.647104,100.0,True,14,301,14:301
20261001T113256,124658.633216,100.0,True,4,337,4:337
20261001T113256,67808.223232,100.0,True,9,244,9:244
20261001T113256,74051.898112,100.0,True,12,263,12:263
20261001T113256,103614.986496,100.0,True,13,327,13:327
20261001T113257,69866.394112,100.0,True,1,290,1:290
20261001T113257,70792.046848,100.0,True,6,348,6:348
20261001T113257,107195.80288,100.0,True,9,237,9:237
20261001T113257,67242.830592,100.0,True,14,303,14:303
20261001T113258,80768.460288,100.0,True,8,344,8:344
20261001T113258,129260.447232,100.0,True,10,318,10:318
20261001T113258,76841.170944,100.0,True,10,331,10:331
20261001T113258,71787.49952,100.0,True,14,302,14:302
20261001T113259,77210.63424,100.0,True,0,313,0:313
20261001T113259,119987.607552,100.0,True,7,244,7:244
20261001T113259,76998.02752,100.0,True,11,263,11:263
20261001T113300,76647.528192,100.0,True,1,289,1:289
20261001T113300,81158.673664,100.0,True,7,252,7:252
20261001T113300,67335.897856,100.0,True,9,245,9:245
20261001T113301,81306.298624,100.0,True,3,306,3:306
20261001T113301,78197.811456,100.0,True,9,243,9:243
20261001T113301,127057.937152,100.0,True,11,253,11:253
20261001T113302,71503.935232,100.0,True,13,337,13:337
20261001T113303,79237.468416,100.0,True,3,307,3:307
20261001T113303,113036.254208,100.0,True,4,342,4:342
20261001T113303,76464.691968,100.0,True,5,271,5:271
20261001T113303,129379.720448,100.0,True,13,322,13:322
20261001T113304,68295.030016,100.0,True,3,310,3:310
20261001T113304,76841.4144,100.0,True,4,353,4:353
20261001T113304,74579.266816,100.0,True,6,349,6:349
20261001T113304,80217.464064,100.0,True,8,346,8:346
20261001T113304,69230.808576,100.0,True,10,335,10:335
20261001T113304,68192.31488,100.0,True,11,266,11:266
20261001T113304,75957.216,100.0,True,13,336,13:336
20261001T113305,69458.686976,100.0,True,5,273,5:273
20261001T113305,73011.819264,100.0,True,10,334,10:334
20261001T113305,119438.504704,100.0,True,13,325,13:325
20261001T113306,128859.060224,100.0,True,5,259,5:259
20261001T113306,81390.259712,100.0,True,10,332,10:332
20261001T113306,116667.76448,100.0,True,13,326,13:326
20261001T113307,75401.085696,100.0,True,0,315,0:315
20261001T113307,74349.664768,100.0,True,3,309,3:309
20261001T113307,77520.557312,100.0,True,4,354,4:354
20261001T113307,105030.022144,100.0,True,8,340,8:340
20261001T113307,129584.812288,100.0,True,9,235,9:235
20261001T113307,112436.088832,100.0,True,9,238,9:238
20261001T113308,81195.89888,100.0,True,7,254,7:254
20261001T113308,81834.368512,100.0,True,11,264,11:264
20261001T113309,121432.346624,100.0,True,2,288,2:288
20261001T113309,80457.428992,100.0,True,3,308,3:308
20261001T113309,71508.59392,100.0,True,8,350,8:350
20261001T113309,116216.559872,100.0,True,12,257,12:257
20261001T113310,108320.519936,100.0,True,0,308,0:308
20261001T113310,67818.551808,100.0,True,1,293,1:293
20261001T113310,73928.372224,100.0,True,6,351,6:351
20261001T113310,78397.860864,100.0,True,7,255,7:255
20261001T113310,77387.811584,100.0,True,14,304,14:304
20261001T113311,74894.075648,100.0,True,2,299,2:299
20261001T113311,125066.532608,100.0,True,4,341,4:341
20261001T113311,70714.602496,100.0,True,6,352,6:352
20261001T113311,74264.12288,100.0,True,9,246,9:246
20261001T113312,77681.312256,100.0,True,4,355,4:355
20261001T113312,82070.50624,100.0,True,8,348,8:348
20261001T113313,112127.175424,100.0,True,2,291,2:291
20261001T113313,120157.588224,100.0,True,4,343,4:343
20261001T113313,70081.106688,100.0,True,6,353,6:353
20261001T113314,79690.028288,100.0,True,0,316,0:316
20261001T113314,83054.739712,100.0,True,2,298,2:298
20261001T113314,68364.293632,100.0,True,3,313,3:313
20261001T113314,81524.092416,100.0,True,6,350,6:350
20261001T113314,83660.857856,100.0,True,11,265,11:265
20261001T113314,73750.127616,100.0,True,11,267,11:267
20261001T113315,82403.568384,100.0,True,1,291,1:291
20261001T113315,68221.524736,100.0,True,1,294,1:294
20261001T113315,83477.55648,100.0,True,5,272,5:272
20261001T113315,68749.533696,100.0,True,5,275,5:275
20261001T113315,68403.64544,100.0,True,6,354,6:354
20261001T113315,75922.297344,100.0,True,10,336,10:336
20261001T113315,74192.527872,100.0,True,14,306,14:306
20261001T113316,80818.410496,100.0,True,8,349,8:349
20261001T113316,73610.989312,100.0,True,9,247,9:247
20261001T113316,83459.298816,100.0,True,12,265,12:265
20261001T113316,67566.05184,100.0,True,13,342,13:342
20261001T113317,75097.4848,100.0,True,7,257,7:257
20261001T113317,105843.5904,100.0,True,9,241,9:241
20261001T113317,72665.4528,100.0,True,11,268,11:268
20261001T113317,66900.815104,100.0,True,12,269,12:269
20261001T113317,80166.698752,100.0,True,14,305,14:305
20261001T113318,75619.327744,100.0,True,3,312,3:312
20261001T113319,77760.894464,100.0,True,0,318,0:318
20261001T113319,77467.132928,100.0,True,4,357,4:357
20261001T113320,71467.154688,100.0,True,2,302,2:302
20261001T113320,71543.768064,100.0,True,14,308,14:308
20261001T113321,82556.949248,100.0,True,0,317,0:317
20261001T113321,83069.375232,100.0,True,1,292,1:292
20261001T113321,77837.457152,100.0,True,10,337,10:337
20261001T113321,84095.697152,100.0,True,13,339,13:339
20261001T113322,76367.712,100.0,True,2,301,2:301
20261001T113322,69547.491072,100.0,True,2,303,2:303
20261001T113322,66709.33376,100.0,True,6,356,6:356
20261001T113322,75099.74016,100.0,True,10,338,10:338
20261001T113323,127658.90176,100.0,True,5,263,5:263
20261001T113323,79089.928192,100.0,True,8,352,8:352
20261001T113324,115328.418048,100.0,True,10,328,10:328
20261001T113324,80466.99392,100.0,True,14,307,14:307
20261001T113325,67311.596544,100.0,True,5,278,5:278
20261001T113325,78113.466368,100.0,True,7,258,7:258
20261001T113325,72747.757824,100.0,True,10,339,10:339
20261001T113325,121746.455552,100.0,True,14,296,14:296
20261001T113326,72441.308672,100.0,True,3,315,3:315
20261001T113326,70217.21984,100.0,True,10,340,10:340
20261001T113327,70354.96064,100.0,True,1,296,1:296
20261001T113327,106436.721664,100.0,True,4,351,4:351
20261001T113327,78766.477312,100.0,True,8,353,8:353
20261001T113327,77505.600768,100.0,True,11,269,11:269
20261001T113327,66678.866432,100.0,True,12,271,12:271
20261001T113328,67877.753856,100.0,True,1,297,1:297
20261001T113328,82868.342272,100.0,True,4,358,4:358
20261001T113328,73335.080192,100.0,True,5,277,5:277
20261001T113328,121688.34432,100.0,True,10,327,10:327
20261001T113328,71154.274304,100.0,True,13,344,13:344
20261001T113329,71162.379776,100.0,True,0,322,0:322
20261001T113329,70664.092416,100.0,True,3,316,3:316
20261001T113329,81466.706176,100.0,True,4,359,4:359
20261001T113329,123806.984192,100.0,True,8,341,8:341
20261001T113330,69621.856768,100.0,True,0,323,0:323
20261001T113330,78640.431616,100.0,True,1,295,1:295
20261001T113330,126947.1616,100.0,True,5,265,5:265
20261001T113330,76380.494592,100.0,True,7,259,7:259
20261001T113330,80670.083072,100.0,True,9,248,9:248
20261001T113331,121351.853824,100.0,True,8,342,8:342
20261001T113331,77847.325696,100.0,True,14,309,14:309
20261001T113332,130476.046848,100.0,True,1,284,1:284
20261001T113332,127815.288576,100.0,True,2,292,2:292
20261001T113332,75229.365504,100.0,True,8,355,8:355
20261001T113332,116129.658112,100.0,True,11,262,11:262
20261001T113333,130727.286272,100.0,True,4,346,4:346
20261001T113333,81809.271552,100.0,True,6,355,6:355
20261001T113333,80993.579008,100.0,True,8,354,8:354
20261001T113333,79011.662592,100.0,True,11,270,11:270
20261001T113333,70322.910208,100.0,True,11,272,11:272
20261001T113334,65220.929024,100.0,True,6,360,6:360
20261001T113335,107593.763584,100.0,True,0,314,0:314
20261001T113335,82674.0864,100.0,True,0,321,0:321
20261001T113335,75336.464384,100.0,True,2,305,2:305
20261001T113335,78828.782848,100.0,True,4,361,4:361
20261001T113336,121929.306368,100.0,True,2,294,2:294
20261001T113336,70960.28288,100.0,True,3,318,3:318
20261001T113336,76060.237568,100.0,True,4,362,4:362
20261001T113336,76709.899008,100.0,True,11,271,11:271
20261001T113337,75978.343936,100.0,True,9,250,9:250
20261001T113338,65443.548672,100.0,True,2,308,2:308
20261001T113338,71232.414208,100.0,True,8,358,8:358
20261001T113338,70449.9648,100.0,True,13,347,13:347
20261001T113339,75550.351872,100.0,True,2,306,2:306
20261001T113339,76682.845952,100.0,True,5,279,5:279
20261001T113339,78789.860608,100.0,True,10,341,10:341
20261001T113339,70392.888832,100.0,True,10,343,10:343
20261001T113339,76166.496768,100.0,True,14,311,14:311
20261001T113340,125310.07616,100.0,True,3,305,3:305
20261001T113340,72001.276416,100.0,True,7,262,7:262
20261001T113340,68326.71104,100.0,True,9,252,9:252
20261001T113340,78627.377152,100.0,True,13,345,13:345
20261001T113340,81340.512,100.0,True,14,310,14:310
20261001T113341,72227.456768,100.0,True,3,319,3:319
20261001T113341,70349.033728,100.0,True,4,365,4:365
20261001T113341,78531.126784,100.0,True,6,358,6:358
20261001T113341,68825.959424,100.0,True,11,274,11:274
20261001T113341,130197.662976,100.0,True,14,298,14:298
20261001T113341,74002.047488,100.0,True,14,312,14:312
20261001T113342,121791.05024,100.0,True,1,288,1:288
20261001T113342,119106.84416,100.0,True,7,253,7:253
20261001T113342,81325.565952,100.0,True,8,356,8:356
20261001T113342,76525.438208,100.0,True,9,251,9:251
20261001T113342,77828.552704,100.0,True,10,342,10:342
20261001T113343,116118.8928,100.0,True,2,297,2:297
20261001T113343,77877.382656,100.0,True,12,272,12:272
20261001T113343,109917.13536,100.0,True,13,338,13:338
20261001T113344,80357.930496,100.0,True,4,363,4:363
20261001T113344,72593.77792,100.0,True,5,281,5:281
20261001T113344,78327.734528,100.0,True,6,359,6:359
20261001T113344,67122.300928,100.0,True,9,253,9:253
20261001T113344,131248.324352,100.0,True,12,261,12:261
20261001T113345,77082.307072,100.0,True,1,299,1:299
20261001T113345,68272.515584,100.0,True,3,321,3:321
20261001T113345,70614.2528,100.0,True,4,366,4:366
20261001T113345,66763.883776,100.0,True,6,363,6:363
20261001T113345,71554.024192,100.0,True,8,360,8:360
20261001T113346,117397.217024,100.0,True,10,333,10:333
20261001T113346,78017.733888,100.0,True,11,273,11:273
20261001T113346,69083.717376,100.0,True,11,275,11:275
20261001T113346,80466.178304,100.0,True,13,346,13:346
20261001T113347,65362.042368,100.0,True,1,302,1:302
20261001T113347,80487.269888,100.0,True,4,364,4:364
20261001T113347,82949.346304,100.0,True,8,357,8:357
20261001T113348,107233.328384,100.0,True,5,274,5:274
20261001T113348,80089.122048,100.0,True,5,280,5:280
20261001T113348,107013.427968,100.0,True,8,351,8:351
20261001T113348,70483.560448,100.0,True,12,275,12:275
20261001T113348,76945.420288,100.0,True,14,313,14:313
20261001T113349,73207.235328,100.0,True,2,309,2:309
20261001T113349,129954.079744,100.0,True,8,345,8:345
20261001T113349,75935.691264,100.0,True,13,348,13:348
20261001T113350,68359.073536,100.0,True,11,276,11:276
20261001T113350,75156.696064,100.0,True,12,274,12:274
20261001T113350,126770.274816,100.0,True,13,335,13:335
20261001T113351,68526.929408,100.0,True,7,264,7:264
20261001T113351,73325.634304,100.0,True,8,361,8:361
20261001T113351,78518.314496,100.0,True,10,344,10:344
20261001T113351,110504.024832,100.0,True,12,267,12:267
20261001T113351,75659.230464,100.0,True,14,314,14:314
20261001T113352,69531.106048,100.0,True,5,283,5:283
20261001T113353,80195.3024,100.0,True,0,326,0:326
20261001T113353,71133.241088,100.0,True,3,322,3:322
20261001T113353,67419.123456,100.0,True,3,323,3:323
20261001T113353,71302.387712,100.0,True,4,368,4:368
20261001T113353,74052.1344,100.0,True,14,315,14:315
20261001T113354,117754.4768,100.0,True,7,256,7:256
20261001T113354,72482.555904,100.0,True,8,362,8:362
20261001T113354,72186.92352,100.0,True,9,254,9:254
20261001T113355,67861.218048,100.0,True,0,330,0:330
20261001T113355,115749.89952,100.0,True,3,311,3:311
20261001T113355,73254.154752,100.0,True,6,364,6:364
20261001T113355,109129.705984,100.0,True,12,268,12:268
20261001T113356,74077.527808,100.0,True,2,310,2:310
20261001T113356,106586.97728,100.0,True,3,314,3:314
20261001T113356,70425.462272,100.0,True,10,347,10:347
20261001T113356,111628.253184,100.0,True,13,341,13:341
20261001T113357,78719.116544,100.0,True,0,327,0:327
20261001T113357,81969.048576,100.0,True,6,362,6:362
20261001T113357,74247.062272,100.0,True,13,351,13:351
20261001T113357,69202.332672,100.0,True,13,352,13:352
20261001T113358,68340.30976,100.0,True,1,304,1:304
20261001T113358,70260.425728,100.0,True,2,312,2:312
20261001T113358,66122.972672,100.0,True,6,367,6:367
20261001T113358,74366.225152,100.0,True,8,363,8:363
20261001T113358,120888.746752,100.0,True,12,266,12:266
20261001T113359,72540.16896,100.0,True,1,303,1:303
20261001T113359,82124.271104,100.0,True,5,282,5:282
20261001T113359,68537.851904,100.0,True,7,266,7:266
20261001T113359,66429.99424,100.0,True,10,349,10:349
20261001T113400,66858.398208,100.0,True,1,305,1:305
20261001T113400,74206.388736,100.0,True,11,277,11:277
20261001T113400,67511.242496,100.0,True,14,319,14:319
20261001T113401,122536.753664,100.0,True,4,356,4:356
20261001T113401,108910.810624,100.0,True,4,360,4:360
20261001T113401,67723.900416,100.0,True,5,285,5:285
20261001T113401,75082.412032,100.0,True,7,265,7:265
20261001T113401,78830.026752,100.0,True,10,346,10:346
20261001T113401,133521.84704,100.0,True,12,264,12:264
20261001T113402,70969.307904,100.0,True,3,324,3:324
20261001T113402,72757.670912,100.0,True,14,318,14:318
20261001T113403,68922.706944,100.0,True,0,332,0:332
20261001T113403,67675.055104,100.0,True,9,257,9:257
20261001T113403,66809.321728,100.0,True,13,354,13:354
20261001T113404,115259.434752,100.0,True,0,320,0:320
20261001T113404,80091.377664,100.0,True,0,329,0:329
20261001T113404,70058.027776,100.0,True,8,366,8:366
20261001T113404,67111.658496,100.0,True,12,279,12:279
20261001T113405,66638.377216,100.0,True,2,315,2:315
20261001T113405,71919.743744,100.0,True,11,279,11:279
20261001T113405,81048.00512,100.0,True,12,276,12:276
20261001T113405,123567.515392,100.0,True,13,340,13:340
20261001T113406,124369.193216,100.0,True,2,300,2:300
20261001T113406,82064.745216,100.0,True,2,311,2:311
20261001T113406,70427.386112,100.0,True,2,314,2:314
20261001T113406,67560.41984,100.0,True,3,326,3:326
20261001T113406,76679.716608,100.0,True,8,365,8:365
20261001T113407,70842.993408,100.0,True,4,372,4:372
20261001T113407,111219.888384,100.0,True,9,249,9:249
20261001T113407,66792.5312,100.0,True,9,258,9:258
20261001T113408,66647.858944,100.0,True,0,334,0:334
20261001T113408,111168.663552,100.0,True,2,304,2:304
20261001T113408,67234.161152,100.0,True,13,355,13:355
20261001T113409,65786.6624,100.0,True,6,370,6:370
20261001T113409,69685.820416,100.0,True,7,268,7:268
20261001T113409,68437.410816,100.0,True,8,368,8:368
20261001T113409,82825.021696,100.0,True,9,255,9:255
20261001T113410,120741.696256,100.0,True,5,276,5:276
20261001T113410,80154.959104,100.0,True,10,348,10:348
20261001T113410,77291.690496,100.0,True,13,353,13:353
20261001T113411,105867.808,100.0,True,1,298,1:298
20261001T113411,66386.58048,100.0,True,2,316,2:316
20261001T113411,66688.582144,100.0,True,3,328,3:328
20261001T113411,69378.684928,100.0,True,12,280,12:280
20261001T113411,73954.303232,100.0,True,14,320,14:320
20261001T113412,74161.214976,100.0,True,0,333,0:333
20261001T113412,79146.41792,100.0,True,4,371,4:371
20261001T113412,83932.890368,100.0,True,6,366,6:366
20261001T113412,81572.114688,100.0,True,9,256,9:256
20261001T113413,68987.54048,100.0,True,7,269,7:269
20261001T113413,75921.7728,100.0,True,8,367,8:367
20261001T113413,83115.48928,100.0,True,11,278,11:278
20261001T113414,109479.380992,100.0,True,0,324,0:324
20261001T113414,75988.582144,100.0,True,11,280,11:280
20261001T113415,72495.233536,100.0,True,1,307,1:307
20261001T113415,65148.806144,100.0,True,1,309,1:309
20261001T113415,67566.321664,100.0,True,8,370,8:370
20261001T113415,81955.91424,100.0,True,12,278,12:278
20261001T113416,72762.372096,100.0,True,5,287,5:287
20261001T113416,69236.36736,100.0,True,6,371,6:371
20261001T113416,71256.996352,100.0,True,8,369,8:369
20261001T113416,66247.985664,100.0,True,8,371,8:371
20261001T113416,70276.720128,100.0,True,9,259,9:259
20261001T113416,121116.032512,100.0,True,12,270,12:270
20261001T113417,68439.0208,100.0,True,2,317,2:317
20261001T113417,75383.060992,100.0,True,14,321,14:321
20261001T113418,66561.70752,100.0,True,12,282,12:282
20261001T113419,133325.761536,100.0,True,0,319,0:319
20261001T113419,80769.546752,100.0,True,1,306,1:306
20261001T113419,79656.610304,100.0,True,5,286,5:286
20261001T113420,122558.024704,100.0,True,7,260,7:260
20261001T113421,66474.697216,100.0,True,4,377,4:377
20261001T113421,69950.902528,100.0,True,6,372,6:372
20261001T113421,65919.444992,100.0,True,9,261,9:261
20261001T113422,72628.050944,100.0,True,9,260,9:260
20261001T113422,71752.319744,100.0,True,10,354,10:354
20261001T113422,77846.336768,100.0,True,11,281,11:281
20261001T113423,114767.343104,100.0,True,0,325,0:325
20261001T113423,65210.96704,100.0,True,1,311,1:311
20261001T113423,76716.55424,100.0,True,12,281,12:281
20261001T113423,77568.68352,100.0,True,14,322,14:322
20261001T113424,77690.723072,100.0,True,0,335,0:335
20261001T113424,65312.04736,100.0,True,2,319,2:319
20261001T113424,81078.001664,100.0,True,4,374,4:374
20261001T113424,64566.463744,100.0,True,4,378,4:378
20261001T113424,126459.872768,100.0,True,6,357,6:357
20261001T113425,112940.531456,100.0,True,3,320,3:320
20261001T113425,65780.758528,100.0,True,5,290,5:290
20261001T113425,76084.313344,100.0,True,11,282,11:282
20261001T113425,115449.78688,100.0,True,12,273,12:273
20261001T113426,107989.585152,100.0,True,4,367,4:367
20261001T113426,132658.347264,100.0,True,13,343,13:343
20261001T113427,124079.46752,100.0,True,3,317,3:317
20261001T113427,66375.07456,100.0,True,7,272,7:272
20261001T113427,80199.268352,100.0,True,10,353,10:353
20261001T113428,74040.82176,100.0,True,14,324,14:324
20261001T113429,64615.192576,100.0,True,0,339,0:339
20261001T113429,77257.58208,100.0,True,4,376,4:376
20261001T113429,75958.274048,100.0,True,6,373,6:373
20261001T113430,74420.773376,100.0,True,5,289,5:289
20261001T113430,117490.144256,100.0,True,6,361,6:361
20261001T113430,72854.657792,100.0,True,8,373,8:373
20261001T113430,75158.710528,100.0,True,10,355,10:355
20261001T113431,71741.767936,100.0,True,0,338,0:338
20261001T113432,73510.404864,100.0,True,3,331,3:331
20261001T113432,68269.59488,100.0,True,5,291,5:291
20261001T113432,70263.203072,100.0,True,12,284,12:284
20261001T113433,66000.663296,100.0,True,1,313,1:313
20261001T113433,75221.77792,100.0,True,6,374,6:374
20261001T113433,78557.141504,100.0,True,7,271,7:271
20261001T113434,108764.0256,100.0,True,4,369,4:369
20261001T113434,131345.322496,100.0,True,7,261,7:261
20261001T113434,68399.026432,100.0,True,12,285,12:285
20261001T113434,117817.22752,100.0,True,13,349,13:349
20261001T113435,78414.137088,100.0,True,0,337,0:337
20261001T113435,121938.656256,100.0,True,1,300,1:300
20261001T113435,71410.303744,100.0,True,8,375,8:375
20261001T113435,77068.081152,100.0,True,10,356,10:356
20261001T113435,65748.563456,100.0,True,10,359,10:359
20261001T113435,65655.134976,100.0,True,12,286,12:286
20261001T113436,64807.162112,100.0,True,0,341,0:341
20261001T113436,126800.996096,100.0,True,8,359,8:359
20261001T113436,74272.29056,100.0,True,9,262,9:262
20261001T113436,113966.940928,100.0,True,13,350,13:350
20261001T113436,71774.333952,100.0,True,13,362,13:362
20261001T113437,108492.65536,100.0,True,5,284,5:284
20261001T113437,67525.699072,100.0,True,5,292,5:292
20261001T113437,68786.934784,100.0,True,13,363,13:363
20261001T113438,70138.33088,100.0,True,6,377,6:377
20261001T113438,67377.28896,100.0,True,11,287,11:287
20261001T113438,79463.193856,100.0,True,14,325,14:325
20261001T113438,75999.345152,100.0,True,14,326,14:326
20261001T113439,75884.209664,100.0,True,4,379,4:379
20261001T113439,113135.537408,100.0,True,14,317,14:317
20261001T113440,72222.035456,100.0,True,0,340,0:340
20261001T113440,131358.267904,100.0,True,2,307,2:307
20261001T113440,126204.56064,100.0,True,7,263,7:263
20261001T113440,73982.937088,100.0,True,7,273,7:273
20261001T113440,113925.395968,100.0,True,8,364,8:364
20261001T113441,77885.127936,100.0,True,11,285,11:285
20261001T113441,73563.852032,100.0,True,11,286,11:286
20261001T113442,66402.441472,100.0,True,3,335,3:335
20261001T113442,75569.492736,100.0,True,4,380,4:380
20261001T113442,70694.636544,100.0,True,7,274,7:274
20261001T113442,79749.67808,100.0,True,10,357,10:357
20261001T113442,114104.79104,100.0,True,12,277,12:277
20261001T113442,75485.573376,100.0,True,14,327,14:327
20261001T113443,79591.52384,100.0,True,1,312,1:312
20261001T113443,69024.86528,100.0,True,2,323,2:323
20261001T113443,80441.386496,100.0,True,3,332,3:332
20261001T113444,69795.958528,100.0,True,0,342,0:342
20261001T113444,71814.291712,100.0,True,14,328,14:328
20261001T113445,80664.98816,100.0,True,2,320,2:320
20261001T113445,76529.367552,100.0,True,8,376,8:376
20261001T113445,79271.211264,100.0,True,10,358,10:358
20261001T113446,129018.939648,100.0,True,1,301,1:301
20261001T113446,78092.659968,100.0,True,2,321,2:321
20261001T113446,109534.3424,100.0,True,10,350,10:350
20261001T113447,124942.94272,100.0,True,0,328,0:328
20261001T113447,111342.90944,100.0,True,7,267,7:267
20261001T113447,107854.34624,100.0,True,10,351,10:351
20261001T113448,108258.20544,100.0,True,6,369,6:369
20261001T113448,67666.433536,100.0,True,8,379,8:379
20261001T113449,68398.130432,100.0,True,1,316,1:316
20261001T113449,68152.009216,100.0,True,5,295,5:295
20261001T113449,124396.088064,100.0,True,6,365,6:365
20261001T113449,132205.094144,100.0,True,10,345,10:345
20261001T113449,76161.223424,100.0,True,13,364,13:364
20261001T113449,72833.752832,100.0,True,14,329,14:329
20261001T113450,73535.482368,100.0,True,1,315,1:315
20261001T113451,71695.277056,100.0,True,2,324,2:324
20261001T113451,77070.650368,100.0,True,9,264,9:264
20261001T113451,127837.036544,100.0,True,14,316,14:316
20261001T113452,75978.306048,100.0,True,6,380,6:380
20261001T113452,68644.312832,100.0,True,11,290,11:290
20261001T113453,69495.60576,100.0,True,5,296,5:296
20261001T113453,78022.857984,100.0,True,12,287,12:287
20261001T113454,67874.369536,100.0,True,3,338,3:338
20261001T113455,82789.521152,100.0,True,3,334,3:334
20261001T113455,81214.501632,100.0,True,4,382,4:382
20261001T113455,81438.305536,100.0,True,5,293,5:293
20261001T113455,69852.25856,100.0,True,6,383,6:383
20261001T113455,79361.913088,100.0,True,8,378,8:378
20261001T113455,79647.761664,100.0,True,13,365,13:365
20261001T113456,72469.170432,100.0,True,1,317,1:317
20261001T113456,81701.044992,100.0,True,6,379,6:379
20261001T113456,69371.204096,100.0,True,8,381,8:381
20261001T113456,71757.75616,100.0,True,12,289,12:289
20261001T113457,122769.456128,100.0,True,3,325,3:325
20261001T113457,107400.001792,100.0,True,5,288,5:288
20261001T113457,77562.016512,100.0,True,12,288,12:288
20261001T113457,110366.38592,100.0,True,13,357,13:357
20261001T113458,128857.23392,100.0,True,4,370,4:370
20261001T113458,117846.924288,100.0,True,4,373,4:373
20261001T113458,81300.982016,100.0,True,5,294,5:294
20261001T113458,74173.154048,100.0,True,13,367,13:367
20261001T113459,81872.372736,100.0,True,4,383,4:383
20261001T113459,71178.501888,100.0,True,10,364,10:364
20261001T113459,68856.380672,100.0,True,13,369,13:369
20261001T113500,67169.836032,100.0,True,0,347,0:347
20261001T113500,73046.215168,100.0,True,1,318,1:318
20261001T113500,71312.991744,100.0,True,6,384,6:384
20261001T113501,76499.510016,100.0,True,2,325,2:325
20261001T113501,76148.703232,100.0,True,10,363,10:363
20261001T113501,103398.01088,100.0,True,13,360,13:360
20261001T113501,80847.332608,100.0,True,14,330,14:330
20261001T113502,77534.410496,100.0,True,0,345,0:345
20261001T113502,130677.029376,100.0,True,2,313,2:313
20261001T113502,71340.060928,100.0,True,14,332,14:332
20261001T113503,132627.101184,100.0,True,0,331,0:331
20261001T113503,111864.25088,100.0,True,0,336,0:336
20261001T113503,74455.47008,100.0,True,0,346,0:346
20261001T113503,71671.75808,100.0,True,3,339,3:339
20261001T113503,70728.540672,100.0,True,9,267,9:267
20261001T113504,109989.852416,100.0,True,8,372,8:372
20261001T113504,79326.8224,100.0,True,8,380,8:380
20261001T113504,82669.306624,100.0,True,10,362,10:362
20261001T113504,74415.205632,100.0,True,12,290,12:290
20261001T113504,83872.052992,100.0,True,13,366,13:366
20261001T113505,73392.433152,100.0,True,1,319,1:319
20261001T113505,111419.238144,100.0,True,2,318,2:318
20261001T113505,72402.688512,100.0,True,4,387,4:387
20261001T113505,112366.65344,100.0,True,11,283,11:283
20261001T113506,76244.000768,100.0,True,2,326,2:326
20261001T113506,69683.193344,100.0,True,4,388,4:388
20261001T113506,130222.098688,100.0,True,6,368,6:368
20261001T113506,73088.678144,100.0,True,11,292,11:292
20261001T113506,67950.116864,100.0,True,11,293,11:293
20261001T113506,80111.250176,100.0,True,14,331,14:331
20261001T113507,72033.593344,100.0,True,7,278,7:278
20261001T113507,124384.096256,100.0,True,10,352,10:352
20261001T113507,116685.305856,100.0,True,13,358,13:358
20261001T113508,74436.24576,100.0,True,2,327,2:327
20261001T113508,76148.270592,100.0,True,6,385,6:385
20261001T113508,124480.366592,100.0,True,13,356,13:356
20261001T113508,73897.9712,100.0,True,14,333,14:333
20261001T113509,70588.981504,100.0,True,8,384,8:384
20261001T113510,115553.820416,100.0,True,3,330,3:330
20261001T113510,73767.517184,100.0,True,3,340,3:340
20261001T113510,81324.14592,100.0,True,7,277,7:277
20261001T113510,84006.301952,100.0,True,9,266,9:266
20261001T113510,73064.386048,100.0,True,10,366,10:366
20261001T113511,74721.93792,100.0,True,1,320,1:320
20261001T113511,70371.96672,100.0,True,4,389,4:389
20261001T113512,130881.498624,100.0,True,3,327,3:327
20261001T113512,82505.830656,100.0,True,5,297,5:297
20261001T113512,78055.465472,100.0,True,5,298,5:298
20261001T113513,71999.708672,100.0,True,6,388,6:388
20261001T113513,124245.003264,100.0,True,7,270,7:270
20261001T113513,78694.360064,100.0,True,8,383,8:383
20261001T113513,123538.563584,100.0,True,14,323,14:323
20261001T113514,128269.686272,100.0,True,1,308,1:308
20261001T113514,124259.636736,100.0,True,3,329,3:329
20261001T113514,113371.4112,100.0,True,6,375,6:375
20261001T113515,75549.321216,100.0,True,3,341,3:341
20261001T113516,122479.198208,100.0,True,1,310,1:310
20261001T113516,80284.938496,100.0,True,9,268,9:268
20261001T113517,72975.077632,100.0,True,4,390,4:390
20261001T113517,105447.962368,100.0,True,8,377,8:377
20261001T113518,76942.126592,100.0,True,2,329,2:329
20261001T113518,106789.952512,100.0,True,6,378,6:378
20261001T113518,70995.735552,100.0,True,7,280,7:280
20261001T113518,83382.525696,100.0,True,12,291,12:291
20261001T113518,77160.767744,100.0,True,12,292,12:292
20261001T113518,117182.888448,100.0,True,13,361,13:361
20261001T113519,82349.212672,100.0,True,2,328,2:328
20261001T113519,131340.625152,100.0,True,4,375,4:375
20261001T113519,81204.772096,100.0,True,6,387,6:387
20261001T113519,74121.243648,100.0,True,6,389,6:389
20261001T113520,79961.07392,100.0,True,1,321,1:321
20261001T113520,118989.564928,100.0,True,8,374,8:374
20261001T113521,78146.198272,100.0,True,0,350,0:350
20261001T113521,77857.16864,100.0,True,8,385,8:385
20261001T113521,74910.857984,100.0,True,11,295,11:295
20261001T113521,70214.05184,100.0,True,11,296,11:296
20261001T113522,82992.016128,100.0,True,5,299,5:299
20261001T113522,71899.521024,100.0,True,8,387,8:387
20261001T113522,106070.089728,100.0,True,11,288,11:288
20261001T113522,125740.837376,100.0,True,12,283,12:283
20261001T113523,83096.811264,100.0,True,0,349,0:349
20261001T113523,70554.243584,100.0,True,5,302,5:302
20261001T113523,118710.8928,100.0,True,6,376,6:376
20261001T113523,76346.258176,100.0,True,8,386,8:386
20261001T113523,105987.015936,100.0,True,10,361,10:361
20261001T113523,128623.777536,100.0,True,13,359,13:359
20261001T113523,83858.01472,100.0,True,13,371,13:371
20261001T113524,71198.111744,100.0,True,9,271,9:271
20261001T113524,83501.236736,100.0,True,10,367,10:367
20261001T113524,68781.562112,100.0,True,13,375,13:375
20261001T113525,117724.969984,100.0,True,3,333,3:333
20261001T113526,74865.761024,100.0,True,3,344,3:344
20261001T113526,75736.64256,100.0,True,4,392,4:392
20261001T113526,80560.10112,100.0,True,12,293,12:293
20261001T113526,76658.784768,100.0,True,14,337,14:337
20261001T113527,81540.603904,100.0,True,3,342,3:342
20261001T113527,70129.810432,100.0,True,7,282,7:282
20261001T113527,85293.140736,100.0,True,9,269,9:269
20261001T113527,130148.159488,100.0,True,11,284,11:284
20261001T113527,80163.92448,100.0,True,13,373,13:373
20261001T113528,76107.196928,100.0,True,1,324,1:324
20261001T113528,81387.703296,100.0,True,4,391,4:391
20261001T113528,113720.487424,100.0,True,10,360,10:360
20261001T113528,69049.05728,100.0,True,13,376,13:376
20261001T113529,110407.64288,100.0,True,0,343,0:343
20261001T113529,77913.015808,100.0,True,13,374,13:374
20261001T113529,87137.410816,100.0,True,14,335,14:335
20261001T113530,71386.878976,100.0,True,4,394,4:394
20261001T113531,81217.842944,100.0,True,2,331,2:331
20261001T113531,83222.437888,100.0,True,3,343,3:343
20261001T113532,83222.705664,100.0,True,1,323,1:323
20261001T113532,84680.113664,100.0,True,5,301,5:301
20261001T113532,76310.046464,100.0,True,5,303,5:303
20261001T113532,71440.449024,100.0,True,6,393,6:393
20261001T113532,76114.793728,100.0,True,10,371,10:371
20261001T113532,78925.280512,100.0,True,12,295,12:295
20261001T113532,79957.79328,100.0,True,14,338,14:338
20261001T113533,72422.511104,100.0,True,1,326,1:326
20261001T113533,123627.85792,100.0,True,4,381,4:381
20261001T113533,83737.107712,100.0,True,6,390,6:390
20261001T113533,113314.518272,100.0,True,9,265,9:265
20261001T113533,77082.123776,100.0,True,14,339,14:339
20261001T113534,122947.713792,100.0,True,2,322,2:322
20261001T113535,82303.316992,100.0,True,0,353,0:353
20261001T113535,79519.231488,100.0,True,1,325,1:325
20261001T113535,82844.217088,100.0,True,6,391,6:391
20261001T113535,73917.947136,100.0,True,7,283,7:283
20261001T113535,78145.068288,100.0,True,11,297,11:297
20261001T113536,73237.335296,100.0,True,0,355,0:355
20261001T113536,71400.927232,100.0,True,3,347,3:347
20261001T113536,111041.963776,100.0,True,4,385,4:385
20261001T113536,113162.339584,100.0,True,7,276,7:276
20261001T113537,79290.282752,100.0,True,0,354,0:354
20261001T113537,82623.235328,100.0,True,4,393,4:393
20261001T113538,129176.069376,100.0,True,9,263,9:263
20261001T113538,76661.976064,100.0,True,9,273,9:273
20261001T113538,74773.631488,100.0,True,10,373,10:373
20261001T113539,77145.056512,100.0,True,4,395,4:395
20261001T113540,70675.853056,100.0,True,4,397,4:397
20261001T113540,120015.508736,100.0,True,11,289,11:289
20261001T113540,70690.466816,100.0,True,11,300,11:300
20261001T113540,81376.538368,100.0,True,12,296,12:296
20261001T113541,71829.106688,100.0,True,6,395,6:395
20261001T113541,79540.745216,100.0,True,8,390,8:390
20261001T113541,80991.159552,100.0,True,11,298,11:298
20261001T113541,81632.448768,100.0,True,14,340,14:340
20261001T113542,129596.630528,100.0,True,1,314,1:314
20261001T113542,76163.191296,100.0,True,1,327,1:327
20261001T113542,77438.49088,100.0,True,7,284,7:284
20261001T113542,73259.807488,100.0,True,7,285,7:285
20261001T113542,81440.288256,100.0,True,10,372,10:372
20261001T113543,78263.563264,100.0,True,6,394,6:394
20261001T113543,74086.295296,100.0,True,10,374,10:374
20261001T113543,79605.56672,100.0,True,12,297,12:297
20261001T113543,70930.715136,100.0,True,14,343,14:343
20261001T113544,120490.397952,100.0,True,3,337,3:337
20261001T113544,115437.440512,100.0,True,4,386,4:386
20261001T113544,77407.629568,100.0,True,9,274,9:274
20261001T113545,85565.61536,100.0,True,3,346,3:346
20261001T113545,122678.208512,100.0,True,6,382,6:382
20261001T113545,117067.539712,100.0,True,13,368,13:368
20261001T113546,109730.219776,100.0,True,0,348,0:348
20261001T113546,77394.318336,100.0,True,3,348,3:348
20261001T113546,125807.199488,100.0,True,4,384,4:384
20261001T113546,69140.16128,100.0,True,7,287,7:287
20261001T113547,83000.0448,100.0,True,11,299,11:299
20261001T113547,83277.622528,100.0,True,13,377,13:377
20261001T113547,79797.575168,100.0,True,13,378,13:378
20261001T113547,77671.70176,100.0,True,14,342,14:342
20261001T113548,84527.08096,100.0,True,5,305,5:305
20261001T113549,77161.348352,100.0,True,0,357,0:357
20261001T113549,78933.612288,100.0,True,1,328,1:328
20261001T113549,75297.741056,100.0,True,4,398,4:398
20261001T113549,129838.098432,100.0,True,6,381,6:381
20261001T113549,132077.627904,100.0,True,7,275,7:275
20261001T113550,73356.147712,100.0,True,10,376,10:376
20261001T113550,76894.607872,100.0,True,13,380,13:380
20261001T113551,82789.157632,100.0,True,2,335,2:335
20261001T113551,70674.557184,100.0,True,10,377,10:377
20261001T113551,83800.775168,100.0,True,12,298,12:298
20261001T113551,73928.795136,100.0,True,14,344,14:344
20261001T113552,108586.181632,100.0,True,1,322,1:322
20261001T113552,71108.496896,100.0,True,4,400,4:400
20261001T113552,80207.211008,100.0,True,5,307,5:307
20261001T113552,83795.098368,100.0,True,8,392,8:392
20261001T113552,74665.532672,100.0,True,13,381,13:381
20261001T113553,80406.110208,100.0,True,3,349,3:349
20261001T113553,123370.872064,100.0,True,8,382,8:382
20261001T113553,111481.662208,100.0,True,11,294,11:294
20261001T113554,78662.213888,100.0,True,2,337,2:337
20261001T113554,111186.215936,100.0,True,5,300,5:300
20261001T113554,83289.946368,100.0,True,13,379,13:379
20261001T113555,74750.832128,100.0,True,1,330,1:330
20261001T113555,134879.077632,100.0,True,3,336,3:336
20261001T113555,77375.03744,100.0,True,3,350,3:350
20261001T113555,70895.34336,100.0,True,4,401,4:401
20261001T113555,80234.025472,100.0,True,11,301,11:301
20261001T113555,113474.579712,100.0,True,13,372,13:372
20261001T113556,134151.83872,100.0,True,0,344,0:344
20261001T113556,81280.669952,100.0,True,1,329,1:329
20261001T113556,82446.817536,100.0,True,6,396,6:396
20261001T113556,84265.699072,100.0,True,8,393,8:393
20261001T113557,76737.02784,100.0,True,0,359,0:359
20261001T113557,75310.321664,100.0,True,7,288,7:288
20261001T113557,84191.46496,100.0,True,9,275,9:275
20261001T113557,83609.119744,100.0,True,10,375,10:375
20261001T113558,112072.434432,100.0,True,0,351,0:351
20261001T113558,72621.509632,100.0,True,1,331,1:331
20261001T113558,74430.516736,100.0,True,2,339,2:339
20261001T113558,76868.676352,100.0,True,8,396,8:396
20261001T113558,79236.671744,100.0,True,11,302,11:302
20261001T113558,71787.268096,100.0,True,12,302,12:302
20261001T113559,78800.55168,100.0,True,5,309,5:309
20261001T113559,71379.705088,100.0,True,10,379,10:379
20261001T113600,132721.0048,100.0,True,11,291,11:291
20261001T113600,76706.132736,100.0,True,11,303,11:303
20261001T113601,85128.602368,100.0,True,0,358,0:358
20261001T113601,75648.549888,100.0,True,0,360,0:360
20261001T113601,73137.398784,100.0,True,4,402,4:402
20261001T113601,84264.909824,100.0,True,5,308,5:308
20261001T113601,83119.753984,100.0,True,8,395,8:395
20261001T113602,80882.166528,100.0,True,13,382,13:382
20261001T113602,74675.183104,100.0,True,13,384,13:384
20261001T113603,74755.22304,100.0,True,3,353,3:353
20261001T113603,130663.424512,100.0,True,10,365,10:365
20261001T113603,127791.33568,100.0,True,13,370,13:370
20261001T113603,78319.63136,100.0,True,14,346,14:346
20261001T113604,119622.847488,100.0,True,2,330,2:330
20261001T113604,78544.531712,100.0,True,5,310,5:310
20261001T113604,74615.97312,100.0,True,5,311,5:311
20261001T113604,117959.687168,100.0,True,14,336,14:336
20261001T113604,84400.942848,100.0,True,14,345,14:345
20261001T113605,80293.436416,100.0,True,9,277,9:277
20261001T113606,71090.822144,100.0,True,5,312,5:312
20261001T113606,83814.565632,100.0,True,6,399,6:399
20261001T113606,81972.270848,100.0,True,8,397,8:397
20261001T113606,82514.188544,100.0,True,10,378,10:378
20261001T113607,71638.697216,100.0,True,4,404,4:404
20261001T113607,132117.319168,100.0,True,6,386,6:386
20261001T113607,122094.626816,100.0,True,10,368,10:368
20261001T113607,78186.413824,100.0,True,11,304,11:304
20261001T113607,84934.416384,100.0,True,12,301,12:301
20261001T113608,86670.755328,100.0,True,3,351,3:351
20261001T113608,83768.108544,100.0,True,13,383,13:383
20261001T113608,73553.077248,100.0,True,13,386,13:386
20261001T113610,72629.302784,100.0,True,2,342,2:342
20261001T113610,131409.044224,100.0,True,14,334,14:334
20261001T113610,70950.6688,100.0,True,14,350,14:350
20261001T113611,116789.225984,100.0,True,2,332,2:332
20261001T113611,79057.472,100.0,True,10,380,10:380
20261001T113612,83525.524992,100.0,True,2,340,2:340
20261001T113612,79786.100992,100.0,True,3,354,3:354
20261001T113612,112142.427392,100.0,True,5,304,5:304
20261001T113612,116102.12224,100.0,True,6,392,6:392
20261001T113613,85232.749568,100.0,True,0,361,0:361
20261001T113613,125392.087296,100.0,True,9,270,9:270
20261001T113613,80534.978304,100.0,True,11,305,11:305
20261001T113614,75363.531264,100.0,True,4,405,4:405
20261001T113614,87188.18432,100.0,True,6,400,6:400
20261001T113614,86391.96032,100.0,True,7,289,7:289
20261001T113614,75964.35968,100.0,True,7,291,7:291
20261001T113615,125005.345024,100.0,True,0,352,0:352
20261001T113615,125074.649344,100.0,True,12,294,12:294
20261001T113615,71414.459648,100.0,True,12,305,12:305
20261001T113616,87668.759296,100.0,True,1,332,1:332
20261001T113616,75631.038464,100.0,True,1,335,1:335
20261001T113616,73064.399872,100.0,True,2,343,2:343
20261001T113616,84168.814336,100.0,True,4,403,4:403
20261001T113616,70507.245568,100.0,True,4,407,4:407
20261001T113616,118572.156672,100.0,True,8,389,8:389
20261001T113616,118705.740544,100.0,True,9,272,9:272
20261001T113616,78117.430016,100.0,True,12,304,12:304
20261001T113617,85252.365824,100.0,True,1,333,1:333
20261001T113617,122306.00064,100.0,True,3,345,3:345
20261001T113617,87406.467584,100.0,True,6,401,6:401
20261001T113617,136057.90464,100.0,True,7,279,7:279
20261001T113617,74525.893632,100.0,True,10,383,10:383
20261001T113617,70877.453824,100.0,True,13,389,13:389
20261001T113618,117834.632704,100.0,True,2,333,2:333
20261001T113618,71762.053376,100.0,True,10,384,10:384
20261001T113619,71128.791808,100.0,True,0,366,0:366
20261001T113619,87041.382912,100.0,True,2,341,2:341
20261001T113619,75564.855552,100.0,True,8,402,8:402
20261001T113619,130740.491264,100.0,True,10,369,10:369
20261001T113619,82786.467072,100.0,True,14,349,14:349
20261001T113620,87158.012928,100.0,True,0,362,0:362
20261001T113620,72914.252544,100.0,True,8,403,8:403
20261001T113620,80555.684096,100.0,True,10,382,10:382
20261001T113620,84757.827328,100.0,True,11,306,11:306
20261001T113621,85081.23776,100.0,True,6,403,6:403
20261001T113621,84599.641088,100.0,True,8,400,8:400
20261001T113621,78706.712064,100.0,True,14,351,14:351
20261001T113622,86270.194944,100.0,True,9,279,9:279
20261001T113622,86284.27136,100.0,True,10,381,10:381
20261001T113622,73451.733504,100.0,True,11,309,11:309
20261001T113623,82910.230784,100.0,True,0,364,0:364
20261001T113623,117669.60896,100.0,True,8,391,8:391
20261001T113623,81402.442752,100.0,True,8,401,8:401
20261001T113624,81978.300672,100.0,True,7,292,7:292
20261001T113624,85250.304256,100.0,True,11,307,11:307
20261001T113625,121186.87872,100.0,True,2,334,2:334
20261001T113625,131119.064064,100.0,True,8,388,8:388
20261001T113625,77899.29856,100.0,True,9,281,9:281
20261001T113625,75271.939328,100.0,True,14,353,14:353
20261001T113626,80397.377792,100.0,True,1,336,1:336
20261001T113626,83454.141952,100.0,True,5,314,5:314
20261001T113627,74250.4,100.0,True,0,367,0:367
20261001T113627,82219.676672,100.0,True,6,405,6:405
20261001T113627,135538.704896,100.0,True,7,281,7:281
20261001T113627,78211.06432,100.0,True,10,385,10:385
20261001T113627,84381.53856,100.0,True,13,388,13:388
20261001T113628,86042.004224,100.0,True,4,406,4:406
20261001T113629,81940.383744,100.0,True,2,344,2:344
20261001T113629,74532.133888,100.0,True,2,346,2:346
20261001T113629,79547.28192,100.0,True,3,358,3:358
20261001T113629,74699.901184,100.0,True,4,410,4:410
20261001T113629,79178.844416,100.0,True,6,407,6:407
20261001T113629,136072.764672,100.0,True,10,370,10:370
20261001T113630,117985.655552,100.0,True,12,299,12:299
20261001T113630,84034.136064,100.0,True,14,352,14:352
20261001T113631,80081.808896,100.0,True,5,316,5:316
20261001T113631,77605.087232,100.0,True,10,386,10:386
20261001T113632,73689.095936,100.0,True,10,387,10:387
20261001T113632,127902.18624,100.0,True,14,341,14:341
20261001T113633,77783.5584,100.0,True,0,368,0:368
20261001T113633,114666.796032,100.0,True,9,276,9:276
20261001T113633,75297.765376,100.0,True,13,392,13:392
20261001T113634,127357.90976,100.0,True,5,306,5:306
20261001T113634,85654.964992,100.0,True,12,306,12:306
20261001T113635,127914.815744,100.0,True,0,356,0:356
20261001T113635,83044.254976,100.0,True,3,359,3:359
20261001T113635,129780.706816,100.0,True,4,396,4:396
20261001T113635,80146.781952,100.0,True,8,405,8:405
20261001T113635,71769.509888,100.0,True,11,312,11:312
20261001T113635,75741.320704,100.0,True,14,355,14:355
20261001T113636,71445.488896,100.0,True,0,370,0:370
20261001T113636,118929.242624,100.0,True,6,397,6:397
20261001T113636,77332.425728,100.0,True,9,283,9:283
20261001T113636,81164.955136,100.0,True,11,310,11:310
20261001T113636,81699.060992,100.0,True,12,307,12:307
20261001T113637,74429.985792,100.0,True,1,340,1:340
20261001T113637,75555.610624,100.0,True,6,410,6:410
20261001T113638,124763.87712,100.0,True,7,286,7:286
20261001T113638,85385.56544,100.0,True,9,282,9:282
20261001T113638,79492.805632,100.0,True,11,311,11:311
20261001T113639,74099.20896,100.0,True,9,284,9:284
20261001T113639,77001.89568,100.0,True,10,388,10:388
20261001T113639,77985.758464,100.0,True,13,393,13:393
20261001T113640,86577.843456,100.0,True,1,338,1:338
20261001T113640,121829.187072,100.0,True,4,399,4:399
20261001T113640,80506.876416,100.0,True,5,318,5:318
20261001T113640,83650.445568,100.0,True,6,409,6:409
20261001T113640,112525.92768,100.0,True,8,398,8:398
20261001T113641,72855.458048,100.0,True,0,371,0:371
20261001T113641,86306.778112,100.0,True,5,317,5:317
20261001T113641,71870.770432,100.0,True,13,395,13:395
20261001T113642,123628.438272,100.0,True,12,300,12:300
20261001T113642,77230.717696,100.0,True,13,394,13:394
20261001T113643,130753.341952,100.0,True,2,336,2:336
20261001T113643,87291.037952,100.0,True,3,360,3:360
20261001T113643,123470.403072,100.0,True,6,398,6:398
20261001T113644,85345.09312,100.0,True,4,411,4:411
20261001T113644,129501.728768,100.0,True,8,394,8:394
20261001T113644,74746.642432,100.0,True,12,310,12:310
20261001T113645,80215.122176,100.0,True,6,411,6:411
20261001T113645,71813.042944,100.0,True,6,413,6:413
20261001T113645,86548.725504,100.0,True,8,406,8:406
20261001T113645,78708.598784,100.0,True,11,313,11:313
20261001T113646,120696.627456,100.0,True,3,352,3:352
20261001T113646,80909.835776,100.0,True,14,356,14:356
20261001T113647,84941.099776,100.0,True,4,412,4:412
20261001T113647,114277.234688,100.0,True,8,399,8:399
20261001T113647,72120.468224,100.0,True,12,311,12:311
20261001T113648,75298.56256,100.0,True,0,372,0:372
20261001T113648,128893.104128,100.0,True,2,338,2:338
20261001T113648,76163.184128,100.0,True,2,350,2:350
20261001T113648,111763.451392,100.0,True,3,355,3:355
20261001T113648,87405.537792,100.0,True,3,361,3:361
20261001T113648,84710.486784,100.0,True,5,319,5:319
20261001T113648,77236.965376,100.0,True,7,298,7:298
20261001T113648,83118.00064,100.0,True,8,408,8:408
20261001T113648,75264.288768,100.0,True,10,391,10:391
20261001T113649,76210.217984,100.0,True,5,321,5:321
20261001T113650,77602.55104,100.0,True,3,364,3:364
20261001T113650,85044.611072,100.0,True,7,297,7:297
20261001T113650,86387.10272,100.0,True,12,309,12:309
20261001T113650,122444.777984,100.0,True,14,347,14:347
20261001T113650,76557.211648,100.0,True,14,358,14:358
20261001T113651,79568.064768,100.0,True,1,342,1:342
20261001T113651,74308.717824,100.0,True,6,414,6:414
20261001T113651,121907.29216,100.0,True,9,278,9:278
20261001T113651,118856.822272,100.0,True,12,303,12:303
20261001T113652,84646.997248,100.0,True,5,320,5:320
20261001T113652,82548.81024,100.0,True,6,412,6:412
20261001T113653,87097.679872,100.0,True,2,349,2:349
20261001T113653,75952.16512,100.0,True,3,365,3:365
20261001T113653,75613.02016,100.0,True,4,417,4:417
20261001T113653,113980.7616,100.0,True,5,313,5:313
20261001T113653,72552.360448,100.0,True,12,312,12:312
20261001T113654,117422.82112,100.0,True,1,334,1:334
20261001T113654,74173.20192,100.0,True,8,412,8:412
20261001T113654,83072.809216,100.0,True,9,285,9:285
20261001T113655,77785.869824,100.0,True,2,351,2:351
20261001T113655,114496.152576,100.0,True,3,356,3:356
20261001T113655,77659.093504,100.0,True,11,315,11:315
20261001T113655,81213.192192,100.0,True,13,396,13:396
20261001T113657,74961.873408,100.0,True,2,352,2:352
20261001T113657,85887.6736,100.0,True,4,415,4:415
20261001T113657,76523.872,100.0,True,6,415,6:415
20261001T113657,125475.487744,100.0,True,7,290,7:290
20261001T113658,110264.281088,100.0,True,6,406,6:406
20261001T113658,83272.058624,100.0,True,7,299,7:299
20261001T113658,78572.360448,100.0,True,10,393,10:393
20261001T113659,114048.269312,100.0,True,3,357,3:357
20261001T113659,78052.833536,100.0,True,3,366,3:366
20261001T113700,83521.281024,100.0,True,0,373,0:373
20261001T113700,128001.440256,100.0,True,6,402,6:402
20261001T113700,76184.377856,100.0,True,10,394,10:394
20261001T113701,79336.90752,100.0,True,1,344,1:344
20261001T113701,74185.844224,100.0,True,2,353,2:353
20261001T113701,111761.056,100.0,True,4,408,4:408
20261001T113701,79099.890944,100.0,True,5,323,5:323
20261001T113701,84830.27456,100.0,True,10,392,10:392
20261001T113701,72851.398912,100.0,True,10,395,10:395
20261001T113702,116001.686272,100.0,True,7,293,7:293
20261001T113702,74917.655552,100.0,True,9,288,9:288
20261001T113702,74197.131264,100.0,True,13,400,13:400
20261001T113703,78887.2128,100.0,True,7,301,7:301
20261001T113703,79142.308352,100.0,True,13,399,13:399
20261001T113704,87338.149888,100.0,True,5,322,5:322
20261001T113704,120385.13408,100.0,True,11,308,11:308
20261001T113705,76846.910976,100.0,True,1,346,1:346
20261001T113705,81449.783552,100.0,True,11,316,11:316
20261001T113705,78449.674496,100.0,True,12,313,12:313
20261001T113706,128534.1888,100.0,True,0,363,0:363
20261001T113706,79006.341888,100.0,True,4,420,4:420
20261001T113706,83048.140544,100.0,True,9,287,9:287
20261001T113706,136335.763968,100.0,True,13,385,13:385
20261001T113706,128532.165888,100.0,True,13,387,13:387
20261001T113707,73688.529152,100.0,True,1,347,1:347
20261001T113707,119820.290048,100.0,True,5,315,5:315
20261001T113707,85725.725952,100.0,True,14,360,14:360
20261001T113708,116574.56896,100.0,True,2,345,2:345
20261001T113708,85101.315584,100.0,True,8,413,8:413
20261001T113708,76294.564864,100.0,True,9,289,9:289
20261001T113709,128128.924416,100.0,True,6,404,6:404
20261001T113709,113845.874944,100.0,True,7,295,7:295
20261001T113709,83562.136832,100.0,True,8,414,8:414
20261001T113710,75882.747392,100.0,True,3,369,3:369
20261001T113710,86263.967488,100.0,True,4,419,4:419
20261001T113710,87392.198144,100.0,True,6,416,6:416
20261001T113710,73202.735872,100.0,True,10,398,10:398
20261001T113711,114286.729472,100.0,True,1,339,1:339
20261001T113711,81354.843904,100.0,True,5,325,5:325
20261001T113711,82175.56352,100.0,True,6,418,6:418
20261001T113711,75394.002176,100.0,True,12,315,12:315
20261001T113711,138140.349952,100.0,True,14,348,14:348
20261001T113712,82544.837888,100.0,True,7,302,7:302
20261001T113712,120117.474816,100.0,True,8,404,8:404
20261001T113713,77674.937344,100.0,True,8,417,8:417
20261001T113714,88407.655936,100.0,True,0,375,0:375
20261001T113714,76329.087232,100.0,True,6,421,6:421
20261001T113714,85201.287936,100.0,True,11,317,11:317
20261001T113714,77829.20832,100.0,True,13,402,13:402
20261001T113715,131779.68384,100.0,True,0,365,0:365
20261001T113715,88277.35936,100.0,True,3,367,3:367
20261001T113715,124026.723328,100.0,True,4,409,4:409
20261001T113715,114306.44352,100.0,True,7,296,7:296
20261001T113715,88657.848832,100.0,True,14,361,14:361
20261001T113716,78694.23232,100.0,True,3,370,3:370
20261001T113716,124825.095424,100.0,True,13,390,13:390
20261001T113721,86796.274432,100.0,True,0,377,0:377
20261001T113721,89948.134912,100.0,True,4,421,4:421
20261001T113721,86199.041792,100.0,True,4,422,4:422
20261001T113721,85260.109056,100.0,True,5,326,5:326
20261001T113721,126609.317376,100.0,True,6,408,6:408
20261001T113721,76050.358272,100.0,True,6,423,6:423
20261001T113721,129735.364096,100.0,True,7,294,7:294
20261001T113721,82037.360896,100.0,True,7,304,7:304
20261001T113721,91159.717376,100.0,True,8,415,8:415
20261001T113721,138968.080896,100.0,True,9,280,9:280
20261001T113721,81258.890496,100.0,True,10,399,10:399
20261001T113721,90932.833536,100.0,True,12,314,12:314
20261001T113721,88204.79232,100.0,True,13,401,13:401
20261001T113722,81273.364992,100.0,True,3,371,3:371
20261001T113722,90352.190208,100.0,True,6,419,6:419
20261001T113722,78704.914944,100.0,True,7,305,7:305
20261001T113723,86514.184192,100.0,True,1,348,1:348
20261001T113723,78132.357632,100.0,True,13,404,13:404
20261001T113724,119461.715968,100.0,True,4,413,4:413
20261001T113724,84778.068992,100.0,True,5,327,5:327
20261001T113724,77469.472256,100.0,True,8,420,8:420
20261001T113724,83164.40064,100.0,True,12,316,12:316
20261001T113724,129525.806336,100.0,True,14,354,14:354
20261001T113725,125215.209472,100.0,True,2,347,2:347
20261001T113725,87370.498816,100.0,True,2,356,2:356
20261001T113725,80568.375296,100.0,True,5,328,5:328
20261001T113725,81983.311616,100.0,True,8,419,8:419
20261001T113725,89126.154752,100.0,True,14,363,14:363
20261001T113726,136523.62624,100.0,True,1,337,1:337
20261001T113726,86792.440576,100.0,True,8,418,8:418
20261001T113727,80185.346048,100.0,True,4,425,4:425
20261001T113727,79957.488128,100.0,True,11,321,11:321
20261001T113727,133352.396032,100.0,True,13,391,13:391
20261001T113728,81786.336768,100.0,True,2,358,2:358
20261001T113728,85717.070592,100.0,True,10,400,10:400
20261001T113728,77748.108032,100.0,True,12,318,12:318
20261001T113728,80007.798016,100.0,True,13,405,13:405
20261001T113729,84000.927744,100.0,True,14,365,14:365
20261001T113730,87571.602432,100.0,True,2,357,2:357
20261001T113731,130113.757696,100.0,True,0,369,0:369
20261001T113731,114817.341952,100.0,True,1,343,1:343
20261001T113731,82322.925824,100.0,True,6,424,6:424
20261001T113731,114730.235136,100.0,True,9,286,9:286
20261001T113731,79612.991232,100.0,True,9,293,9:293
20261001T113731,133154.782208,100.0,True,12,308,12:308
20261001T113731,89488.163072,100.0,True,14,364,14:364
20261001T113732,130793.063168,100.0,True,8,407,8:407
20261001T113732,127459.967744,100.0,True,10,389,10:389
20261001T113732,80826.050304,100.0,True,10,402,10:402
20261001T113733,79825.59744,100.0,True,3,374,3:374
20261001T113733,91244.610816,100.0,True,6,422,6:422
20261001T113733,79282.930176,100.0,True,8,422,8:422
20261001T113733,115368.537088,100.0,True,14,359,14:359
20261001T113734,78670.368256,100.0,True,13,407,13:407
20261001T113735,126553.079552,100.0,True,10,390,10:390
20261001T113736,85702.161408,100.0,True,4,426,4:426
20261001T113736,80904.544768,100.0,True,10,403,10:403
20261001T113737,131370.72256,100.0,True,3,362,3:362
20261001T113737,123327.91552,100.0,True,4,416,4:416
20261001T113737,86632.436736,100.0,True,8,421,8:421
20261001T113737,127785.14944,100.0,True,14,357,14:357
20261001T113738,77848.85888,100.0,True,9,295,9:295
20261001T113738,91458.464256,100.0,True,10,401,10:401
20261001T113738,86041.161216,100.0,True,11,322,11:322
20261001T113739,136810.418688,100.0,True,2,348,2:348
20261001T113739,83239.20384,100.0,True,2,360,2:360
20261001T113739,89065.8944,100.0,True,3,373,3:373
20261001T113739,89196.719104,100.0,True,5,329,5:329
20261001T113739,122502.247168,100.0,True,8,411,8:411
20261001T113740,81301.914112,100.0,True,6,427,6:427
20261001T113740,92814.631936,100.0,True,7,306,7:306
20261001T113741,84031.38304,100.0,True,1,353,1:353
20261001T113741,132079.182592,100.0,True,4,414,4:414
20261001T113741,87785.271808,100.0,True,4,427,4:427
20261001T113741,80499.376896,100.0,True,5,331,5:331
20261001T113741,85333.964032,100.0,True,9,294,9:294
20261001T113742,133053.267456,100.0,True,3,363,3:363
20261001T113742,86179.862528,100.0,True,12,319,12:319
20261001T113743,91358.425088,100.0,True,0,381,0:381
20261001T113743,135851.059456,100.0,True,1,341,1:341
20261001T113743,85803.752448,100.0,True,4,428,4:428
20261001T113744,81999.256064,100.0,True,3,376,3:376
20261001T113744,79265.36704,100.0,True,4,430,4:430
20261001T113744,132017.272064,100.0,True,8,410,8:410
20261001T113744,81031.762944,100.0,True,13,409,13:409
20261001T113745,84176.725248,100.0,True,1,354,1:354
20261001T113745,114520.720896,100.0,True,3,368,3:368
20261001T113745,90011.903488,100.0,True,5,330,5:330
20261001T113745,86503.126272,100.0,True,7,308,7:308
20261001T113746,124271.93216,100.0,True,4,418,4:418
20261001T113746,88403.144448,100.0,True,8,423,8:423
20261001T113746,84028.548864,100.0,True,8,424,8:424
20261001T113746,80158.90432,100.0,True,10,406,10:406
20261001T113747,122449.733376,100.0,True,1,345,1:345
20261001T113747,121466.45248,100.0,True,6,417,6:417
20261001T113748,84890.830336,100.0,True,6,428,6:428
20261001T113748,138463.101184,100.0,True,8,409,8:409
20261001T113748,92442.760704,100.0,True,11,323,11:323
20261001T113748,131708.175104,100.0,True,13,397,13:397
20261001T113749,83146.201344,100.0,True,6,429,6:429
20261001T113749,79130.18112,100.0,True,10,407,10:407
20261001T113750,82181.037824,100.0,True,2,363,2:363
20261001T113750,115625.299456,100.0,True,7,303,7:303
20261001T113750,91508.440064,100.0,True,13,408,13:408
20261001T113750,83284.994816,100.0,True,13,410,13:410
20261001T113751,87930.274304,100.0,True,0,384,0:384
20261001T113751,138473.987584,100.0,True,11,314,11:314
20261001T113752,83483.838208,100.0,True,4,431,4:431
20261001T113752,120947.198464,100.0,True,14,362,14:362
20261001T113752,87538.106112,100.0,True,14,370,14:370
20261001T113753,94331.848192,100.0,True,0,383,0:383
20261001T113753,81097.165824,100.0,True,5,333,5:333
20261001T113753,132982.399744,100.0,True,13,398,13:398
20261001T113753,82689.398016,100.0,True,14,372,14:372
20261001T113754,133693.993728,100.0,True,0,374,0:374
20261001T113754,82519.329792,100.0,True,0,386,0:386
20261001T113754,89063.40224,100.0,True,3,377,3:377
20261001T113755,128860.702464,100.0,True,5,324,5:324
20261001T113755,89504.128512,100.0,True,5,332,5:332
20261001T113755,134766.887424,100.0,True,7,300,7:300
20261001T113755,88936.257536,100.0,True,9,296,9:296
20261001T113755,125016.683264,100.0,True,10,396,10:396
20261001T113755,81956.385024,100.0,True,13,412,13:412
20261001T113756,91294.413824,100.0,True,2,362,2:362
20261001T113756,91634.767616,100.0,True,7,309,7:309
20261001T113756,123539.919872,100.0,True,8,416,8:416
20261001T113756,95045.520128,100.0,True,10,405,10:405
20261001T113757,127917.0368,100.0,True,0,376,0:376
20261001T113757,119261.098496,100.0,True,0,378,0:378
20261001T113757,85995.491584,100.0,True,1,356,1:356
20261001T113757,119518.126848,100.0,True,11,319,11:319
20261001T113758,82311.035648,100.0,True,4,433,4:433
20261001T113758,92785.534208,100.0,True,8,425,8:425
20261001T113758,120217.717248,100.0,True,9,290,9:290
20261001T113758,87760.587776,100.0,True,13,411,13:411
20261001T113759,81542.822144,100.0,True,2,365,2:365
20261001T113759,94698.72384,100.0,True,11,325,11:325
20261001T113800,85445.587712,100.0,True,6,431,6:431
20261001T113800,89534.236928,100.0,True,9,297,9:297
20261001T113800,125855.991808,100.0,True,11,318,11:318
20261001T113800,81107.272192,100.0,True,11,328,11:328
20261001T113801,80749.337088,100.0,True,1,358,1:358
20261001T113801,91546.237184,100.0,True,3,378,3:378
20261001T113802,94805.561344,100.0,True,0,385,0:385
20261001T113802,85103.075328,100.0,True,6,432,6:432
20261001T113802,81643.85792,100.0,True,9,299,9:299
20261001T113803,119155.390208,100.0,True,1,350,1:350
20261001T113803,87526.491904,100.0,True,7,311,7:311
20261001T113804,91026.351616,100.0,True,2,364,2:364
20261001T113804,91325.32352,100.0,True,4,432,4:432
20261001T113804,81426.13888,100.0,True,4,435,4:435
20261001T113804,89010.7072,100.0,True,8,428,8:428
20261001T113804,85264.443648,100.0,True,10,410,10:410
20261001T113804,118156.034304,100.0,True,12,317,12:317
20261001T113805,94448.216064,100.0,True,7,310,7:310
20261001T113805,95385.429248,100.0,True,8,426,8:426
20261001T113805,93237.608192,100.0,True,8,427,8:427
20261001T113805,89741.542144,100.0,True,10,409,10:409
20261001T113805,80556.866816,100.0,True,13,415,13:415
20261001T113806,127480.476672,100.0,True,4,423,4:423
20261001T113806,124124.785408,100.0,True,11,320,11:320
20261001T113807,132907.108608,100.0,True,2,355,2:355
20261001T113807,81870.15296,100.0,True,6,434,6:434
20261001T113808,92331.494912,100.0,True,1,357,1:357
20261001T113808,122807.757056,100.0,True,3,372,3:372
20261001T113808,128400.64896,100.0,True,13,403,13:403
20261001T113809,83788.048384,100.0,True,8,431,8:431
20261001T113809,135227.282944,100.0,True,10,397,10:397
20261001T113809,94652.973312,100.0,True,11,327,11:327
20261001T113809,96028.030208,100.0,True,14,373,14:373
20261001T113810,88644.262144,100.0,True,2,366,2:366
20261001T113810,83292.882688,100.0,True,3,382,3:382
20261001T113810,89064.10368,100.0,True,6,433,6:433
20261001T113810,117894.212096,100.0,True,13,406,13:406
20261001T113811,95864.955648,100.0,True,3,379,3:379
20261001T113811,124812.034816,100.0,True,9,292,9:292
20261001T113811,86939.538176,100.0,True,12,324,12:324
20261001T113812,116793.665792,100.0,True,0,382,0:382
20261001T113812,141045.348352,100.0,True,2,354,2:354
20261001T113812,130204.59648,100.0,True,9,291,9:291
20261001T113812,83473.937664,100.0,True,12,325,12:325
20261001T113813,85146.336,100.0,True,6,435,6:435
20261001T113813,83862.984448,100.0,True,8,432,8:432
20261001T113813,97657.109248,100.0,True,9,298,9:298
20261001T113813,95491.76704,100.0,True,12,323,12:323
20261001T113813,91070.610688,100.0,True,14,375,14:375
20261001T113814,94866.221056,100.0,True,0,388,0:388
20261001T113814,89881.518592,100.0,True,0,389,0:389
20261001T113814,85093.986816,100.0,True,1,360,1:360
20261001T113814,85080.505344,100.0,True,5,336,5:336
20261001T113814,139218.954752,100.0,True,6,420,6:420
20261001T113814,95999.622656,100.0,True,8,429,8:429
20261001T113814,82977.18016,100.0,True,10,413,10:413
20261001T113814,96316.68096,100.0,True,13,413,13:413
20261001T113815,87256.041728,100.0,True,13,416,13:416
20261001T113816,88758.830592,100.0,True,7,313,7:313
20261001T113816,92305.347072,100.0,True,11,329,11:329
20261001T113817,125097.824512,100.0,True,1,352,1:352
20261001T113817,93591.474688,100.0,True,3,381,3:381
20261001T113817,84435.047424,100.0,True,8,433,8:433
20261001T113817,86852.525824,100.0,True,9,301,9:301
20261001T113817,120412.451328,100.0,True,14,368,14:368
20261001T113818,84690.900736,100.0,True,1,361,1:361
20261001T113818,92474.19008,100.0,True,2,367,2:367
20261001T113818,87567.730432,100.0,True,2,368,2:368
20261001T113818,124975.043328,100.0,True,7,307,7:307
20261001T113818,85665.279744,100.0,True,7,314,7:314
20261001T113818,117747.752448,100.0,True,11,324,11:324
20261001T113818,88310.74688,100.0,True,14,377,14:377
20261001T113819,89876.830464,100.0,True,0,390,0:390
20261001T113819,131570.373632,100.0,True,1,351,1:351
20261001T113819,136509.814784,100.0,True,4,424,4:424
20261001T113819,82098.219776,100.0,True,7,315,7:315
20261001T113819,83800.43136,100.0,True,8,434,8:434
20261001T113819,94297.485824,100.0,True,9,300,9:300
20261001T113819,84356.241408,100.0,True,10,414,10:414
20261001T113819,84073.899008,100.0,True,12,326,12:326
20261001T113820,130044.81408,100.0,True,2,359,2:359
20261001T113820,93935.927552,100.0,True,10,412,10:412
20261001T113821,137730.064384,100.0,True,0,379,0:379
20261001T113821,89360.107776,100.0,True,4,438,4:438
20261001T113821,86607.928064,100.0,True,13,418,13:418
20261001T113822,141933.152768,100.0,True,1,349,1:349
20261001T113822,95535.60576,100.0,True,4,436,4:436
20261001T113823,83898.716928,100.0,True,0,392,0:392
20261001T113823,81818.030592,100.0,True,8,436,8:436
20261001T113823,83662.147072,100.0,True,10,415,10:415
20261001T113824,89892.571904,100.0,True,0,391,0:391
20261001T113824,123253.76,100.0,True,14,369,14:369
20261001T113825,89460.884224,100.0,True,4,439,4:439
20261001T113825,133081.973504,100.0,True,6,425,6:425
20261001T113825,136344.909824,100.0,True,14,366,14:366
20261001T113826,87645.126912,100.0,True,1,362,1:362
20261001T113826,92186.541056,100.0,True,5,337,5:337
20261001T113826,94191.104768,100.0,True,6,436,6:436
20261001T113826,85378.423552,100.0,True,9,303,9:303
20261001T113826,97473.967104,100.0,True,11,330,11:330
20261001T113827,81228.729088,100.0,True,9,304,9:304
20261001T113827,125172.804352,100.0,True,12,320,12:320
20261001T113827,120110.407936,100.0,True,12,321,12:321
20261001T113827,93579.258368,100.0,True,14,378,14:378
20261001T113828,88674.286848,100.0,True,6,438,6:438
20261001T113828,91738.01344,100.0,True,9,302,9:302
20261001T113828,85971.569408,100.0,True,14,380,14:380
20261001T113829,142006.585856,100.0,True,0,380,0:380
20261001T113829,129225.288704,100.0,True,2,361,2:361
20261001T113829,132112.8192,100.0,True,3,375,3:375
20261001T113829,93519.884032,100.0,True,6,437,6:437
20261001T113829,86909.033728,100.0,True,6,439,6:439
20261001T113829,131089.601536,100.0,True,10,404,10:404
20261001T113829,120501.439744,100.0,True,11,326,11:326
20261001T113830,93988.077824,100.0,True,2,369,2:369
20261001T113830,87953.925888,100.0,True,4,441,4:441
20261001T113830,120134.476544,100.0,True,6,430,6:430
20261001T113831,135880.488704,100.0,True,6,426,6:426
20261001T113831,81372.916992,100.0,True,9,305,9:305
20261001T113832,96405.093376,100.0,True,3,384,3:384
20261001T113832,80765.561344,100.0,True,3,388,3:388
20261001T113832,93695.051264,100.0,True,4,440,4:440
20261001T113834,91967.84384,100.0,True,1,363,1:363
20261001T113834,91268.495104,100.0,True,13,420,13:420
20261001T113835,88593.593088,100.0,True,6,440,6:440
20261001T113835,143039.593728,100.0,True,14,367,14:367
20261001T113836,80284.38528,100.0,True,3,389,3:389
20261001T113836,89103.966464,100.0,True,5,340,5:340
20261001T113836,92171.714304,100.0,True,12,328,12:328
20261001T113836,83621.366016,100.0,True,13,423,13:423
20261001T113837,84349.312512,100.0,True,0,395,0:395
20261001T113837,86034.274304,100.0,True,1,365,1:365
20261001T113837,96241.407232,100.0,True,2,370,2:370
20261001T113837,95085.648384,100.0,True,5,339,5:339
20261001T113837,83596.986624,100.0,True,6,442,6:442
20261001T113837,92840.144128,100.0,True,8,437,8:437
20261001T113837,86363.790848,100.0,True,11,334,11:334
20261001T113837,83260.951296,100.0,True,12,330,12:330
20261001T113838,82386.726912,100.0,True,6,443,6:443
20261001T113838,130657.765632,100.0,True,14,371,14:371
20261001T113839,78262.480896,100.0,True,1,367,1:367
20261001T113839,121824.02944,100.0,True,5,334,5:334
20261001T113839,87581.923584,100.0,True,10,418,10:418
20261001T113840,79443.475712,100.0,True,8,442,8:442
20261001T113841,95436.41472,100.0,True,1,364,1:364
20261001T113841,121550.443264,100.0,True,3,380,3:380
20261001T113841,89750.647552,100.0,True,4,444,4:444
20261001T113841,85015.4432,100.0,True,5,342,5:342
20261001T113841,90338.848512,100.0,True,6,441,6:441
20261001T113841,79218.978304,100.0,True,9,307,9:307
20261001T113841,93247.191296,100.0,True,10,417,10:417
20261001T113841,92491.385088,100.0,True,13,422,13:422
20261001T113842,86976.479232,100.0,True,2,373,2:373
20261001T113842,122134.857728,100.0,True,4,434,4:434
20261001T113843,88751.285248,100.0,True,1,366,1:366
20261001T113843,94645.117952,100.0,True,4,443,4:443
20261001T113843,119321.238528,100.0,True,5,335,5:335
20261001T113843,90834.590464,100.0,True,5,341,5:341
20261001T113843,95808.462848,100.0,True,7,317,7:317
20261001T113844,143338.794496,100.0,True,4,429,4:429
20261001T113844,83724.187904,100.0,True,4,446,4:446
20261001T113844,122828.659456,100.0,True,7,312,7:312
20261001T113844,93105.10592,100.0,True,8,439,8:439
20261001T113844,88124.532992,100.0,True,9,306,9:306
20261001T113844,87804.3648,100.0,True,13,424,13:424
20261001T113845,83874.803712,100.0,True,0,397,0:397
20261001T113846,84854.318848,100.0,True,2,374,2:374
20261001T113846,80667.420672,100.0,True,3,391,3:391
20261001T113846,90458.960128,100.0,True,11,335,11:335
20261001T113847,86292.23552,100.0,True,3,390,3:390
20261001T113847,83054.541312,100.0,True,8,443,8:443
20261001T113847,134540.17024,100.0,True,10,408,10:408
20261001T113847,82398.739712,100.0,True,13,426,13:426
20261001T113847,85406.158592,100.0,True,14,384,14:384
20261001T113848,94742.169856,100.0,True,7,318,7:318
20261001T113848,126476.851712,100.0,True,8,430,8:430
20261001T113848,80066.38592,100.0,True,13,427,13:427
20261001T113848,95099.589888,100.0,True,14,382,14:382
20261001T113849,134963.63392,100.0,True,0,387,0:387
20261001T113849,80109.464832,100.0,True,14,386,14:386
20261001T113850,93136.85376,100.0,True,8,441,8:441
20261001T113850,81910.314496,100.0,True,8,444,8:444
20261001T113850,86501.12,100.0,True,10,421,10:421
20261001T113850,83575.375104,100.0,True,10,422,10:422
20261001T113850,89256.24192,100.0,True,12,331,12:331
20261001T113850,89058.155264,100.0,True,14,383,14:383
20261001T113851,90443.85792,100.0,True,0,396,0:396
20261001T113851,144247.50592,100.0,True,1,355,1:355
20261001T113851,82185.618176,100.0,True,3,392,3:392
20261001T113851,84598.778368,100.0,True,9,308,9:308
20261001T113851,95489.492224,100.0,True,10,419,10:419
20261001T113852,86710.657024,100.0,True,0,398,0:398
20261001T113852,88768.231424,100.0,True,2,375,2:375
20261001T113852,88397.072128,100.0,True,12,332,12:332
20261001T113852,82065.173504,100.0,True,12,333,12:333
20261001T113853,90067.624192,100.0,True,1,368,1:368
20261001T113853,87042.820352,100.0,True,4,448,4:448
20261001T113853,91934.184704,100.0,True,6,444,6:444
20261001T113853,82894.433792,100.0,True,6,447,6:447
20261001T113853,141349.858304,100.0,True,12,322,12:322
20261001T113853,132697.398272,100.0,True,13,414,13:414
20261001T113853,91760.186368,100.0,True,13,425,13:425
20261001T113853,135878.179584,100.0,True,14,374,14:374
20261001T113855,89271.378432,100.0,True,5,344,5:344
20261001T113855,92170.40384,100.0,True,6,445,6:445
20261001T113855,94058.10304,100.0,True,7,319,7:319
20261001T113855,84120.241152,100.0,True,8,445,8:445
20261001T113856,83341.56544,100.0,True,9,309,9:309
20261001T113856,129209.735424,100.0,True,14,376,14:376
20261001T113857,80750.419456,100.0,True,0,401,0:401
20261001T113857,88282.97472,100.0,True,7,322,7:322
20261001T113858,86778.263808,100.0,True,2,377,2:377
20261001T113858,91668.614144,100.0,True,11,337,11:337
20261001T113858,84976.3584,100.0,True,14,387,14:387
20261001T113859,81329.069568,100.0,True,14,388,14:388
20261001T113900,86221.77024,100.0,True,8,446,8:446
20261001T113900,86790.917376,100.0,True,10,424,10:424
20261001T113901,120132.481536,100.0,True,3,385,3:385
20261001T113901,122424.448512,100.0,True,11,332,11:332
20261001T113902,138238.54976,100.0,True,1,359,1:359
20261001T113902,81839.607296,100.0,True,2,379,2:379
20261001T113902,95115.383808,100.0,True,6,446,6:446
20261001T113902,84522.953984,100.0,True,9,310,9:310
20261001T113902,86375.59168,100.0,True,13,429,13:429
20261001T113903,85729.362176,100.0,True,5,346,5:346
20261001T113903,79586.448384,100.0,True,5,347,5:347
20261001T113904,94552.275712,100.0,True,0,399,0:399
20261001T113904,132070.265856,100.0,True,3,383,3:383
20261001T113904,85938.711552,100.0,True,7,324,7:324
20261001T113904,82019.729664,100.0,True,9,311,9:311
20261001T113905,91948.433152,100.0,True,3,393,3:393
20261001T113905,93464.823296,100.0,True,5,345,5:345
20261001T113906,137182.109184,100.0,True,4,437,4:437
20261001T113906,81293.202432,100.0,True,6,451,6:451
20261001T113906,82081.089792,100.0,True,7,325,7:325
20261001T113906,88773.53216,100.0,True,10,425,10:425
20261001T113907,78759.967232,100.0,True,0,404,0:404
20261001T113907,92014.092544,100.0,True,4,451,4:451
20261001T113907,84651.06688,100.0,True,8,448,8:448
20261001T113907,144924.923392,100.0,True,10,411,10:411
20261001T113907,133377.19808,100.0,True,11,331,11:331
20261001T113907,81387.5008,100.0,True,11,341,11:341
20261001T113908,95889.897216,100.0,True,4,450,4:450
20261001T113908,90420.29056,100.0,True,4,452,4:452
20261001T113908,124639.908096,100.0,True,10,416,10:416
20261001T113908,95464.086528,100.0,True,13,428,13:428
20261001T113908,129605.578496,100.0,True,14,379,14:379
20261001T113908,85700.459264,100.0,True,14,389,14:389
20261001T113909,98051.143424,100.0,True,1,370,1:370
20261001T113909,78643.744,100.0,True,3,397,3:397
20261001T113909,91358.263296,100.0,True,6,449,6:449
20261001T113909,81553.115136,100.0,True,14,390,14:390
20261001T113910,94801.321216,100.0,True,2,378,2:378
20261001T113910,93792.361984,100.0,True,3,394,3:394
20261001T113910,89327.309056,100.0,True,6,450,6:450
20261001T113910,84343.810816,100.0,True,13,432,13:432
20261001T113911,97874.322176,100.0,True,0,400,0:400
20261001T113911,122463.478016,100.0,True,12,329,12:329
20261001T113912,80826.764544,100.0,True,2,381,2:381
20261001T113912,87334.081024,100.0,True,4,454,4:454
20261001T113912,87441.530624,100.0,True,12,336,12:336
20261001T113913,93549.4272,100.0,True,0,402,0:402
20261001T113913,93510.94656,100.0,True,1,372,1:372
20261001T113913,87352.699648,100.0,True,3,396,3:396
20261001T113913,79711.58144,100.0,True,7,327,7:327
20261001T113913,85909.834752,100.0,True,9,312,9:312
20261001T113914,90008.364032,100.0,True,1,373,1:373
20261001T113914,92299.470848,100.0,True,10,426,10:426
20261001T113914,92011.233792,100.0,True,11,340,11:340
20261001T113914,95247.983104,100.0,True,13,430,13:430
20261001T113915,137126.023424,100.0,True,5,338,5:338
20261001T113915,88927.870208,100.0,True,8,449,8:449
20261001T113915,90049.468416,100.0,True,10,427,10:427
20261001T113916,81657.34784,100.0,True,3,398,3:398
20261001T113917,83748.505856,100.0,True,9,313,9:313
20261001T113917,85808.957696,100.0,True,14,391,14:391
20261001T113918,92100.625664,100.0,True,2,380,2:380
20261001T113918,133570.219008,100.0,True,3,386,3:386
20261001T113918,85339.908352,100.0,True,6,453,6:453
20261001T113918,136447.038208,100.0,True,7,316,7:316
20261001T113918,85766.434304,100.0,True,11,342,11:342
20261001T113918,147724.750336,100.0,True,13,417,13:417
20261001T113919,129859.635968,100.0,True,0,394,0:394
20261001T113919,83399.265024,100.0,True,13,435,13:435
20261001T113920,87918.188544,100.0,True,0,405,0:405
20261001T113920,132171.102976,100.0,True,3,387,3:387
20261001T113920,135141.642496,100.0,True,11,333,11:333
20261001T113920,84330.008832,100.0,True,11,343,11:343
20261001T113921,96213.469184,100.0,True,0,403,0:403
20261001T113921,86855.917312,100.0,True,2,382,2:382
20261001T113921,84116.933376,100.0,True,7,328,7:328
20261001T113921,88408.16768,100.0,True,13,434,13:434
20261001T113921,133793.691904,100.0,True,14,381,14:381
20261001T113922,87189.882624,100.0,True,0,406,0:406
20261001T113922,135968.466944,100.0,True,2,371,2:371
20261001T113922,83904.295424,100.0,True,2,383,2:383
20261001T113922,93101.554176,100.0,True,4,455,4:455
20261001T113922,83915.422208,100.0,True,8,452,8:452
20261001T113922,93180.758272,100.0,True,12,337,12:337
20261001T113922,144163.19104,100.0,True,13,419,13:419
20261001T113923,90400.617216,100.0,True,1,375,1:375
20261001T113923,145095.454464,100.0,True,8,435,8:435
20261001T113923,94101.539584,100.0,True,10,428,10:428
20261001T113924,82940.685056,100.0,True,1,377,1:377
20261001T113924,95363.766016,100.0,True,7,326,7:326
20261001T113924,123405.741312,100.0,True,11,336,11:336
20261001T113924,138486.851072,100.0,True,13,421,13:421
20261001T113925,87539.514112,100.0,True,1,376,1:376
20261001T113925,86874.022912,100.0,True,3,399,3:399
20261001T113925,88261.724416,100.0,True,4,457,4:457
20261001T113925,86970.692352,100.0,True,6,455,6:455
20261001T113925,94961.17376,100.0,True,8,450,8:450
20261001T113925,145562.03648,100.0,True,12,327,12:327
20261001T113926,84685.658368,100.0,True,6,456,6:456
20261001T113926,138290.254592,100.0,True,8,438,8:438
20261001T113926,131962.413312,100.0,True,8,440,8:440
20261001T113926,91001.47072,100.0,True,8,451,8:451
20261001T113926,79744.160768,100.0,True,8,454,8:454
20261001T113928,120261.604864,100.0,True,2,376,2:376
20261001T113928,132442.922752,100.0,True,4,445,4:445
20261001T113928,94563.546112,100.0,True,4,456,4:456
20261001T113928,83278.347264,100.0,True,6,457,6:457
20261001T113928,80165.883392,100.0,True,9,316,9:316
20261001T113929,145120.4288,100.0,True,0,393,0:393
20261001T113929,142980.343808,100.0,True,4,442,4:442
20261001T113929,120037.010432,100.0,True,4,449,4:449
20261001T113929,89799.665152,100.0,True,10,431,10:431
20261001T113930,81634.463232,100.0,True,5,352,5:352
20261001T113930,93985.541632,100.0,True,6,454,6:454
20261001T113930,93841.836544,100.0,True,14,392,14:392
20261001T113931,88536.444416,100.0,True,5,351,5:351
20261001T113931,80297.139968,100.0,True,8,455,8:455
20261001T113932,88709.087744,100.0,True,10,432,10:432
20261001T113932,91351.289088,100.0,True,11,344,11:344
20261001T113932,92934.093568,100.0,True,13,436,13:436
20261001T113932,90975.771904,100.0,True,14,393,14:393
20261001T113933,143410.852864,100.0,True,2,372,2:372
20261001T113933,87739.099648,100.0,True,13,438,13:438
20261001T113934,95593.981952,100.0,True,0,407,0:407
20261001T113934,86361.491456,100.0,True,3,401,3:401
20261001T113934,131322.829568,100.0,True,4,447,4:447
20261001T113934,96926.82752,100.0,True,5,350,5:350
20261001T113934,120550.584576,100.0,True,7,323,7:323
20261001T113934,81975.396096,100.0,True,11,346,11:346
20261001T113935,91980.219648,100.0,True,9,315,9:315
20261001T113935,87739.005184,100.0,True,11,345,11:345
20261001T113936,131223.15648,100.0,True,7,321,7:321
20261001T113936,126653.95328,100.0,True,10,423,10:423
20261001T113937,129577.1968,100.0,True,1,369,1:369
20261001T113937,87513.855488,100.0,True,6,458,6:458
20261001T113937,84364.335872,100.0,True,7,331,7:331
20261001T113937,89811.163392,100.0,True,10,433,10:433
20261001T113938,85031.00032,100.0,True,5,353,5:353
20261001T113938,96534.087168,100.0,True,8,453,8:453
20261001T113938,94965.32736,100.0,True,12,340,12:340
20261001T113938,88754.405632,100.0,True,12,341,12:341
20261001T113939,90538.428928,100.0,True,1,379,1:379
20261001T113939,86210.201856,100.0,True,3,402,3:402
20261001T113939,97348.900864,100.0,True,7,329,7:329
20261001T113939,97926.274816,100.0,True,13,437,13:437
20261001T113939,133613.995008,100.0,True,14,385,14:385
20261001T113940,97199.828736,100.0,True,2,384,2:384
20261001T113940,84402.870272,100.0,True,10,435,10:435
20261001T113941,93526.3104,100.0,True,0,409,0:409
20261001T113941,96657.538304,100.0,True,1,378,1:378
20261001T113941,88381.33504,100.0,True,4,462,4:462
20261001T113941,81090.811392,100.0,True,4,464,4:464
20261001T113941,140585.711872,100.0,True,10,420,10:420
20261001T113941,86322.702592,100.0,True,12,342,12:342
20261001T113942,94552.291072,100.0,True,2,385,2:385
20261001T113942,89261.182208,100.0,True,2,386,2:386
20261001T113942,96988.093696,100.0,True,4,460,4:460
20261001T113942,141380.79488,100.0,True,5,343,5:343
20261001T113942,90611.92704,100.0,True,10,434,10:434
20261001T113942,79458.021632,100.0,True,10,437,10:437
20261001T113942,89454.452992,100.0,True,13,440,13:440
20261001T113942,82713.35808,100.0,True,13,442,13:442
20261001T113942,97186.674176,100.0,True,14,394,14:394
20261001T113943,78672.256,100.0,True,0,413,0:413
20261001T113943,86270.228224,100.0,True,6,460,6:460
20261001T113943,85975.089408,100.0,True,8,457,8:457
20261001T113944,90929.39648,100.0,True,1,380,1:380
20261001T113944,87044.847104,100.0,True,1,381,1:381
20261001T113944,87772.36096,100.0,True,4,463,4:463
20261001T113944,96027.884288,100.0,True,7,330,7:330
20261001T113945,144595.629312,100.0,True,7,320,7:320
20261001T113945,127028.799744,100.0,True,8,447,8:447
20261001T113946,118345.450496,100.0,True,1,374,1:374
20261001T113946,81663.250432,100.0,True,4,465,4:465
20261001T113946,92396.03968,100.0,True,8,456,8:456
20261001T113947,84810.424064,100.0,True,1,382,1:382
20261001T113948,86653.949696,100.0,True,0,412,0:412
20261001T113948,133136.4544,100.0,True,1,371,1:371
20261001T113948,80517.99168,100.0,True,8,460,8:460
20261001T113948,79844.344576,100.0,True,9,320,9:320
20261001T113949,120292.882432,100.0,True,5,348,5:348
20261001T113949,135308.88576,100.0,True,6,448,6:448
20261001T113949,87721.210624,100.0,True,14,398,14:398
20261001T113950,88584.071168,100.0,True,2,388,2:388
20261001T113950,87303.536896,100.0,True,5,355,5:355
20261001T113950,81411.611392,100.0,True,5,356,5:356
20261001T113950,89505.76768,100.0,True,6,461,6:461
20261001T113950,85244.528384,100.0,True,6,462,6:462
20261001T113950,93248.260352,100.0,True,9,318,9:318
20261001T113950,82288.400384,100.0,True,10,438,10:438
20261001T113951,91583.618048,100.0,True,10,436,10:436
20261001T113951,134259.433984,100.0,True,11,339,11:339
20261001T113951,131445.62048,100.0,True,12,335,12:335
20261001T113951,81773.577984,100.0,True,12,345,12:345
20261001T113951,97147.514112,100.0,True,14,396,14:396
20261001T113952,131332.95104,100.0,True,4,453,4:453
20261001T113952,83617.885696,100.0,True,6,463,6:463
20261001T113952,94811.147008,100.0,True,7,332,7:332
20261001T113952,88057.16608,100.0,True,8,459,8:459
20261001T113952,136332.16128,100.0,True,12,334,12:334
20261001T113953,140520.520192,100.0,True,11,338,11:338
20261001T113953,84256.559616,100.0,True,14,400,14:400
20261001T113954,82191.742464,100.0,True,6,464,6:464
20261001T113954,83226.053888,100.0,True,8,461,8:461
20261001T113954,96458.182144,100.0,True,11,347,11:347
20261001T113954,90270.924288,100.0,True,13,443,13:443
20261001T113955,86520.032,100.0,True,0,414,0:414
20261001T113955,81724.71808,100.0,True,4,467,4:467
20261001T113955,94652.336384,100.0,True,8,458,8:458
20261001T113955,93978.511872,100.0,True,12,343,12:343
20261001T113956,81485.667072,100.0,True,8,462,8:462
20261001T113956,92701.97248,100.0,True,11,348,11:348
20261001T113957,83823.141888,100.0,True,12,346,12:346
20261001T113957,92524.132608,100.0,True,14,399,14:399
20261001T113958,125741.566208,100.0,True,10,429,10:429
20261001T113958,83726.193152,100.0,True,11,350,11:350
20261001T113959,87453.360128,100.0,True,2,390,2:390
20261001T113959,78718.928896,100.0,True,10,442,10:442
20261001T114000,138566.97984,100.0,True,13,431,13:431
20261001T114000,82008.71168,100.0,True,13,447,13:447
20261001T114000,76971.645184,100.0,True,14,403,14:403
20261001T114001,83645.371648,100.0,True,4,468,4:468
20261001T114001,90829.054976,100.0,True,7,334,7:334
20261001T114001,87499.355392,100.0,True,10,440,10:440
20261001T114001,92227.861248,100.0,True,11,349,11:349
20261001T114002,87412.872704,100.0,True,3,408,3:408
20261001T114002,80192.382208,100.0,True,4,469,4:469
20261001T114002,85929.941248,100.0,True,6,465,6:465
20261001T114002,82530.640896,100.0,True,9,322,9:322
20261001T114002,89785.827328,100.0,True,14,401,14:401
20261001T114003,123296.929792,100.0,True,4,458,4:458
20261001T114003,77189.403392,100.0,True,4,470,4:470
20261001T114004,86416.461056,100.0,True,0,416,0:416
20261001T114004,91307.656192,100.0,True,1,385,1:385
20261001T114004,85038.029824,100.0,True,2,392,2:392
20261001T114004,88075.41632,100.0,True,7,335,7:335
20261001T114004,81324.776704,100.0,True,7,336,7:336
20261001T114004,87788.224768,100.0,True,10,441,10:441
20261001T114004,89110.893824,100.0,True,13,446,13:446
20261001T114005,85407.612416,100.0,True,3,409,3:409
20261001T114005,81682.036224,100.0,True,9,323,9:323
20261001T114005,79398.055424,100.0,True,13,449,13:449
20261001T114006,91609.35808,100.0,True,5,357,5:357
20261001T114006,86332.959488,100.0,True,6,466,6:466
20261001T114006,81820.688896,100.0,True,6,467,6:467
20261001T114006,88411.04128,100.0,True,11,351,11:351
20261001T114007,146417.868032,100.0,True,3,395,3:395
20261001T114007,83795.014912,100.0,True,3,410,3:410
20261001T114007,77049.24416,100.0,True,6,469,6:469
20261001T114007,80159.572992,100.0,True,8,465,8:465
20261001T114007,138030.64704,100.0,True,13,433,13:433
20261001T114008,84129.875456,100.0,True,10,443,10:443
20261001T114009,86081.513728,100.0,True,1,388,1:388
20261001T114009,83512.63104,100.0,True,1,389,1:389
20261001T114009,89182.814976,100.0,True,5,358,5:358
20261001T114009,82264.558336,100.0,True,7,337,7:337
20261001T114010,82752.177408,100.0,True,6,468,6:468
20261001T114010,86628.067584,100.0,True,8,464,8:464
20261001T114011,82207.337728,100.0,True,0,419,0:419
20261001T114011,94334.926336,100.0,True,1,386,1:386
20261001T114011,141881.020928,100.0,True,6,452,6:452
20261001T114011,81841.065472,100.0,True,13,450,13:450
20261001T114011,93297.441792,100.0,True,14,402,14:402
20261001T114011,84124.350976,100.0,True,14,404,14:404
20261001T114012,80043.695104,100.0,True,3,412,3:412
20261001T114012,139700.731904,100.0,True,12,338,12:338
20261001T114012,95075.291648,100.0,True,12,347,12:347
20261001T114012,88869.207552,100.0,True,12,348,12:348
20261001T114012,123120.013056,100.0,True,13,439,13:439
20261001T114013,130032.798464,100.0,True,3,400,3:400
20261001T114014,94295.731968,100.0,True,1,387,1:387
20261001T114014,77582.499072,100.0,True,1,391,1:391
20261001T114014,79957.895168,100.0,True,4,472,4:472
20261001T114014,82541.51552,100.0,True,10,445,10:445
20261001T114014,81818.017536,100.0,True,11,354,11:354
20261001T114015,131560.594688,100.0,True,0,408,0:408
20261001T114015,118510.861824,100.0,True,0,411,0:411
20261001T114015,92955.237376,100.0,True,0,417,0:417
20261001T114015,85191.005184,100.0,True,4,471,4:471
20261001T114015,79895.123456,100.0,True,10,446,10:446
20261001T114015,125309.3696,100.0,True,14,395,14:395
20261001T114016,80887.199232,100.0,True,3,413,3:413
20261001T114016,143449.800448,100.0,True,5,349,5:349
20261001T114016,138392.898048,100.0,True,9,314,9:314
20261001T114016,84810.64576,100.0,True,14,405,14:405
20261001T114017,91677.989888,100.0,True,0,418,0:418
20261001T114017,87658.79552,100.0,True,5,360,5:360
20261001T114017,124740.94592,100.0,True,6,459,6:459
20261001T114018,92914.061312,100.0,True,2,393,2:393
20261001T114018,129926.97856,100.0,True,4,461,4:461
20261001T114018,81514.566144,100.0,True,6,471,6:471
20261001T114019,91904.65408,100.0,True,11,353,11:353
20261001T114019,82276.973568,100.0,True,14,406,14:406
20261001T114020,79135.6864,100.0,True,6,472,6:472
20261001T114020,86027.885824,100.0,True,12,350,12:350
20261001T114021,89970.246656,100.0,True,1,390,1:390
20261001T114021,93752.248064,100.0,True,3,411,3:411
20261001T114021,123090.121472,100.0,True,5,354,5:354
20261001T114021,82007.224832,100.0,True,13,453,13:453
20261001T114022,82347.276032,100.0,True,0,422,0:422
20261001T114022,77996.748544,100.0,True,2,398,2:398
20261001T114022,84763.118336,100.0,True,8,468,8:468
20261001T114022,82913.954816,100.0,True,10,447,10:447
20261001T114023,146395.20512,100.0,True,10,430,10:430
20261001T114023,94815.564032,100.0,True,10,444,10:444
20261001T114023,146229.932288,100.0,True,12,339,12:339
20261001T114023,95015.913984,100.0,True,12,349,12:349
20261001T114023,90014.06848,100.0,True,13,451,13:451
20261001T114023,80946.057984,100.0,True,14,407,14:407
20261001T114024,90615.6288,100.0,True,0,420,0:420
20261001T114024,117769.687296,100.0,True,2,389,2:389
20261001T114024,78790.094336,100.0,True,14,408,14:408
20261001T114025,126888.067328,100.0,True,14,397,14:397
20261001T114026,88094.943744,100.0,True,4,473,4:473
20261001T114026,92980.87808,100.0,True,6,470,6:470
20261001T114026,92255.684864,100.0,True,7,338,7:338
20261001T114026,129494.07488,100.0,True,13,441,13:441
20261001T114027,89763.937536,100.0,True,2,396,2:396
20261001T114027,93550.585088,100.0,True,9,325,9:325
20261001T114027,81476.422144,100.0,True,13,455,13:455
20261001T114028,80567.618816,100.0,True,4,476,4:476
20261001T114028,89257.698816,100.0,True,9,326,9:326
20261001T114029,146551.573504,100.0,True,4,459,4:459
20261001T114029,84218.876416,100.0,True,8,470,8:470
20261001T114029,84590.27328,100.0,True,12,352,12:352
20261001T114030,93455.89248,100.0,True,0,421,0:421
20261001T114030,84853.416192,100.0,True,0,423,0:423
20261001T114030,84429.326336,100.0,True,1,393,1:393
20261001T114030,77522.028544,100.0,True,8,472,8:472
20261001T114031,138904.156416,100.0,True,0,410,0:410
20261001T114031,82051.713536,100.0,True,2,399,2:399
20261001T114031,119283.472128,100.0,True,3,407,3:407
20261001T114031,122167.593472,100.0,True,4,466,4:466
20261001T114031,88990.749696,100.0,True,4,474,4:474
20261001T114031,83041.6832,100.0,True,5,364,5:364
20261001T114031,91334.4064,100.0,True,7,339,7:339
20261001T114031,78926.158336,100.0,True,7,342,7:342
20261001T114031,81482.608128,100.0,True,12,353,12:353
20261001T114032,78727.657216,100.0,True,4,478,4:478
20261001T114033,124652.701184,100.0,True,1,384,1:384
20261001T114033,92298.815232,100.0,True,2,397,2:397
20261001T114033,77924.707584,100.0,True,2,401,2:401
20261001T114033,92906.159872,100.0,True,12,351,12:351
20261001T114033,78160.15744,100.0,True,12,354,12:354
20261001T114034,86257.266944,100.0,True,8,471,8:471
20261001T114034,91704.78208,100.0,True,10,448,10:448
20261001T114034,80334.546944,100.0,True,11,358,11:358
20261001T114035,138254.77248,100.0,True,2,387,2:387
20261001T114035,95703.710208,100.0,True,3,414,3:414
20261001T114035,91784.417792,100.0,True,3,415,3:415
20261001T114035,78824.333312,100.0,True,6,476,6:476
20261001T114036,120248.45056,100.0,True,2,391,2:391
20261001T114036,91804.238592,100.0,True,4,475,4:475
20261001T114036,85013.510144,100.0,True,6,475,6:475
20261001T114036,129149.448704,100.0,True,13,444,13:444
20261001T114037,133139.697152,100.0,True,7,333,7:333
20261001T114037,81060.069632,100.0,True,7,343,7:343
20261001T114038,96032.399872,100.0,True,5,363,5:363
20261001T114038,81495.705088,100.0,True,8,473,8:473
20261001T114038,146791.105536,100.0,True,9,317,9:317
20261001T114039,141996.405504,100.0,True,3,403,3:403
20261001T114039,82692.411136,100.0,True,3,418,3:418
20261001T114039,93948.855552,100.0,True,7,340,7:340
20261001T114039,135926.974208,100.0,True,9,319,9:319
20261001T114039,79020.388608,100.0,True,10,453,10:453
20261001T114040,80771.265536,100.0,True,4,480,4:480
20261001T114040,91413.36064,100.0,True,7,341,7:341
20261001T114040,82799.61984,100.0,True,14,411,14:411
20261001T114041,91182.074112,100.0,True,0,424,0:424
20261001T114041,92440.622592,100.0,True,6,474,6:474
20261001T114042,133981.403648,100.0,True,3,406,3:406
20261001T114043,84208.432896,100.0,True,5,366,5:366
20261001T114043,132286.21952,100.0,True,10,439,10:439
20261001T114043,94294.805504,100.0,True,11,357,11:357
20261001T114043,89820.240128,100.0,True,13,457,13:457
20261001T114043,94335.45856,100.0,True,14,409,14:409
20261001T114044,84380.582656,100.0,True,0,426,0:426
20261001T114044,142056.375552,100.0,True,3,404,3:404
20261001T114044,84810.872064,100.0,True,7,344,7:344
20261001T114044,84210.892032,100.0,True,11,359,11:359
20261001T114044,138977.38752,100.0,True,12,344,12:344
20261001T114044,78413.148928,100.0,True,13,461,13:461
20261001T114045,89421.644288,100.0,True,0,425,0:425
20261001T114045,139974.446336,100.0,True,3,405,3:405
20261001T114045,79172.38656,100.0,True,3,420,3:420
20261001T114045,95426.22208,100.0,True,13,456,13:456
20261001T114045,83924.029184,100.0,True,14,412,14:412
20261001T114046,92993.198848,100.0,True,5,365,5:365
20261001T114046,85498.991616,100.0,True,9,330,9:330
20261001T114047,85576.513792,100.0,True,3,419,3:419
20261001T114047,93646.345728,100.0,True,14,410,14:410
20261001T114048,135348.601856,100.0,True,0,415,0:415
20261001T114048,83140.478976,100.0,True,1,397,1:397
20261001T114048,118428.1664,100.0,True,2,394,2:394
20261001T114048,77776.383488,100.0,True,4,483,4:483
20261001T114048,124421.063936,100.0,True,5,359,5:359
20261001T114049,144262.15552,100.0,True,1,383,1:383
20261001T114049,92640.978688,100.0,True,4,479,4:479
20261001T114049,86207.139328,100.0,True,6,478,6:478
20261001T114049,92824.901376,100.0,True,9,329,9:329
20261001T114050,80447.965696,100.0,True,11,361,11:361
20261001T114050,139562.975232,100.0,True,13,445,13:445
20261001T114051,91179.756288,100.0,True,1,396,1:396
20261001T114051,137836.642816,100.0,True,9,321,9:321
20261001T114051,81640.349184,100.0,True,13,462,13:462
20261001T114052,86492.699392,100.0,True,7,345,7:345
20261001T114052,124130.347776,100.0,True,9,324,9:324
20261001T114052,85116.09728,100.0,True,10,455,10:455
20261001T114052,82678.54208,100.0,True,12,357,12:357
20261001T114053,86451.881728,100.0,True,4,482,4:482
20261001T114053,93086.265856,100.0,True,6,477,6:477
20261001T114053,89433.688832,100.0,True,13,460,13:460
20261001T114054,89510.816,100.0,True,8,475,8:475
20261001T114054,77980.950016,100.0,True,12,359,12:359
20261001T114054,132682.696704,100.0,True,13,448,13:448
20261001T114055,91743.067648,100.0,True,5,367,5:367
20261001T114055,82897.618688,100.0,True,7,346,7:346
20261001T114056,84369.382144,100.0,True,5,369,5:369
20261001T114056,78702.019584,100.0,True,13,464,13:464
20261001T114057,79283.942144,100.0,True,1,400,1:400
20261001T114057,86816.598784,100.0,True,10,456,10:456
20261001T114058,81891.87456,100.0,True,0,430,0:430
20261001T114058,90181.39392,100.0,True,2,404,2:404
20261001T114058,80295.903488,100.0,True,4,485,4:485
20261001T114059,87190.121728,100.0,True,0,429,0:429
20261001T114059,84354.757632,100.0,True,6,481,6:481
20261001T114059,80075.985408,100.0,True,6,482,6:482
20261001T114059,140084.137984,100.0,True,8,463,8:463
20261001T114059,83784.374016,100.0,True,9,333,9:333
20261001T114100,84352.948736,100.0,True,5,370,5:370
20261001T114100,78635.966208,100.0,True,8,479,8:479
20261001T114100,87489.50144,100.0,True,12,358,12:358
20261001T114101,93932.770816,100.0,True,5,368,5:368
20261001T114101,94666.020096,100.0,True,9,331,9:331
20261001T114101,86907.574272,100.0,True,11,362,11:362
20261001T114101,86898.935296,100.0,True,13,463,13:463
20261001T114102,80289.089792,100.0,True,2,407,2:407
20261001T114102,87987.225856,100.0,True,4,484,4:484
20261001T114102,79675.993344,100.0,True,9,334,9:334
20261001T114102,83255.272448,100.0,True,14,416,14:416
20261001T114103,90257.380096,100.0,True,2,405,2:405
20261001T114103,93022.341632,100.0,True,3,421,3:421
20261001T114103,87956.953088,100.0,True,10,457,10:457
20261001T114103,141107.317248,100.0,True,11,352,11:352
20261001T114104,81762.125824,100.0,True,1,401,1:401
20261001T114104,90653.99552,100.0,True,8,477,8:477
20261001T114104,127733.123072,100.0,True,13,452,13:452
20261001T114105,80456.572672,100.0,True,4,487,4:487
20261001T114106,86569.943552,100.0,True,3,423,3:423
20261001T114106,82868.474624,100.0,True,14,417,14:417
20261001T114107,121955.21408,100.0,True,6,473,6:473
20261001T114107,137279.402752,100.0,True,8,466,8:466
20261001T114107,78431.529472,100.0,True,8,481,8:481
20261001T114107,80458.65216,100.0,True,10,460,10:460
20261001T114107,89071.71584,100.0,True,11,363,11:363
20261001T114108,127527.39968,100.0,True,8,469,8:469
20261001T114108,87280.590592,100.0,True,13,465,13:465
20261001T114109,127619.209728,100.0,True,1,392,1:392
20261001T114109,121406.195712,100.0,True,3,416,3:416
20261001T114109,80646.072576,100.0,True,4,488,4:488
20261001T114109,92673.316352,100.0,True,8,478,8:478
20261001T114109,123824.209152,100.0,True,9,327,9:327
20261001T114109,122206.313728,100.0,True,10,449,10:449
20261001T114110,81647.775744,100.0,True,0,433,0:433
20261001T114110,92621.846272,100.0,True,2,406,2:406
20261001T114110,79435.31648,100.0,True,2,409,2:409
20261001T114110,87490.335488,100.0,True,6,483,6:483
20261001T114110,90755.561472,100.0,True,10,458,10:458
20261001T114110,80368.358656,100.0,True,11,365,11:365
20261001T114111,138764.85632,100.0,True,2,395,2:395
20261001T114111,83239.843072,100.0,True,3,425,3:425
20261001T114111,81523.320576,100.0,True,5,373,5:373
20261001T114111,77953.278976,100.0,True,8,482,8:482
20261001T114111,133465.745152,100.0,True,11,355,11:355
20261001T114112,93682.09408,100.0,True,7,347,7:347
20261001T114112,87001.293312,100.0,True,8,480,8:480
20261001T114113,80405.451264,100.0,True,0,434,0:434
20261001T114113,85567.688704,100.0,True,12,361,12:361
20261001T114114,86702.880768,100.0,True,1,402,1:402
20261001T114114,88698.83648,100.0,True,2,408,2:408
20261001T114114,92350.558464,100.0,True,5,371,5:371
20261001T114114,80301.945856,100.0,True,7,350,7:350
20261001T114114,118367.211264,100.0,True,13,458,13:458
20261001T114115,92250.372352,100.0,True,3,424,3:424
20261001T114115,140770.22208,100.0,True,5,361,5:361
20261001T114115,124849.449472,100.0,True,9,328,9:328
20261001T114115,125415.55328,100.0,True,10,450,10:450
20261001T114115,80820.82432,100.0,True,11,366,11:366
20261001T114116,91930.1504,100.0,True,0,432,0:432
20261001T114116,79769.028352,100.0,True,0,435,0:435
20261001T114116,85674.42816,100.0,True,14,419,14:419
20261001T114117,143082.267904,100.0,True,8,467,8:467
20261001T114117,92691.451392,100.0,True,11,364,11:364
20261001T114118,87020.589568,100.0,True,4,489,4:489
20261001T114118,91690.203136,100.0,True,6,484,6:484
20261001T114119,122863.585024,100.0,True,10,452,10:452
20261001T114119,88397.61024,100.0,True,10,461,10:461
20261001T114119,81592.226048,100.0,True,14,421,14:421
20261001T114120,87521.143296,100.0,True,1,403,1:403
20261001T114120,129060.122112,100.0,True,4,477,4:477
20261001T114120,84545.215488,100.0,True,10,462,10:462
20261001T114121,143035.111936,100.0,True,5,362,5:362
20261001T114121,137828.647936,100.0,True,11,356,11:356
20261001T114121,122373.485312,100.0,True,12,355,12:355
20261001T114121,93369.487104,100.0,True,14,418,14:418
20261001T114122,129389.409792,100.0,True,3,417,3:417
20261001T114123,91682.221056,100.0,True,3,426,3:426
20261001T114123,92099.182336,100.0,True,6,485,6:485
20261001T114123,83305.937664,100.0,True,8,484,8:484
20261001T114123,84607.429888,100.0,True,11,367,11:367
20261001T114124,85829.35552,100.0,True,1,404,1:404
20261001T114124,80512.63232,100.0,True,3,429,3:429
20261001T114124,91541.884416,100.0,True,12,362,12:362
20261001T114125,122878.555392,100.0,True,0,427,0:427
20261001T114125,86188.910592,100.0,True,7,351,7:351
20261001T114125,119460.17408,100.0,True,14,413,14:413
20261001T114126,80840.726016,100.0,True,1,406,1:406
20261001T114126,90710.216704,100.0,True,2,410,2:410
20261001T114126,125339.789824,100.0,True,8,474,8:474
20261001T114126,88879.37792,100.0,True,8,483,8:483
20261001T114126,143381.117696,100.0,True,13,454,13:454
20261001T114127,86930.093824,100.0,True,0,436,0:436
20261001T114127,80302.403072,100.0,True,6,489,6:489
20261001T114127,87289.551616,100.0,True,10,463,10:463
20261001T114128,137321.413632,100.0,True,1,394,1:394
20261001T114128,135669.01248,100.0,True,2,400,2:400
20261001T114128,93103.272704,100.0,True,4,490,4:490
20261001T114128,82526.431232,100.0,True,4,493,4:493
20261001T114128,88176.443648,100.0,True,6,487,6:487
20261001T114128,93650.73536,100.0,True,9,336,9:336
20261001T114128,124399.532288,100.0,True,12,356,12:356
20261001T114128,80208.71168,100.0,True,12,365,12:365
20261001T114129,81801.677824,100.0,True,2,413,2:413
20261001T114129,93572.550912,100.0,True,6,486,6:486
20261001T114129,94635.822592,100.0,True,14,420,14:420
20261001T114130,130348.103424,100.0,True,2,402,2:402
20261001T114130,90946.36544,100.0,True,3,428,3:428
20261001T114130,82119.1744,100.0,True,13,472,13:472
20261001T114131,89150.64192,100.0,True,1,405,1:405
20261001T114132,81780.13824,100.0,True,0,438,0:438
20261001T114132,135618.257152,100.0,True,1,395,1:395
20261001T114132,91079.463424,100.0,True,5,375,5:375
20261001T114132,82781.445888,100.0,True,7,353,7:353
20261001T114132,83925.440768,100.0,True,8,486,8:486
20261001T114132,79482.208512,100.0,True,10,467,10:467
20261001T114132,83281.26464,100.0,True,14,424,14:424
20261001T114133,83256.188672,100.0,True,5,377,5:377
20261001T114133,122263.8784,100.0,True,6,480,6:480
20261001T114133,130859.397376,100.0,True,10,454,10:454
20261001T114133,128251.529728,100.0,True,11,360,11:360
20261001T114134,95382.137088,100.0,True,2,411,2:411
20261001T114134,141774.47168,100.0,True,10,451,10:451
20261001T114134,90764.039424,100.0,True,12,364,12:364
20261001T114134,88952.648448,100.0,True,13,471,13:471
20261001T114135,85148.34176,100.0,True,9,339,9:339
20261001T114135,82775.940352,100.0,True,14,425,14:425
20261001T114136,87376.47488,100.0,True,1,407,1:407
20261001T114136,85545.69856,100.0,True,2,414,2:414
20261001T114136,82278.956544,100.0,True,2,415,2:415
20261001T114136,84413.863424,100.0,True,3,431,3:431
20261001T114136,91693.54624,100.0,True,5,376,5:376
20261001T114136,137047.86304,100.0,True,13,459,13:459
20261001T114137,93949.723136,100.0,True,2,412,2:412
20261001T114137,133427.327744,100.0,True,4,481,4:481
20261001T114137,130428.018176,100.0,True,6,479,6:479
20261001T114137,91776.48512,100.0,True,10,465,10:465
20261001T114137,92775.117568,100.0,True,11,368,11:368
20261001T114138,81462.457856,100.0,True,2,416,2:416
20261001T114139,85509.829888,100.0,True,4,495,4:495
20261001T114139,95380.449024,100.0,True,8,485,8:485
20261001T114139,85261.250048,100.0,True,12,366,12:366
20261001T114140,132743.968768,100.0,True,0,428,0:428
20261001T114140,84724.059648,100.0,True,5,378,5:378
20261001T114140,131274.180608,100.0,True,8,476,8:476
20261001T114141,94903.528704,100.0,True,0,437,0:437
20261001T114141,127440.931072,100.0,True,1,399,1:399
20261001T114141,81571.377152,100.0,True,3,433,3:433
20261001T114141,81064.10112,100.0,True,8,489,8:489
20261001T114141,95897.84448,100.0,True,9,338,9:338
20261001T114142,86690.074112,100.0,True,6,492,6:492
20261001T114143,89465.921792,100.0,True,0,439,0:439
20261001T114143,139779.568384,100.0,True,2,403,2:403
20261001T114143,91030.35264,100.0,True,11,370,11:370
20261001T114143,128490.97728,100.0,True,14,415,14:415
20261001T114144,82912.335104,100.0,True,2,417,2:417
20261001T114144,79979.545856,100.0,True,6,494,6:494
20261001T114144,121386.059264,100.0,True,7,348,7:348
20261001T114145,135855.277568,100.0,True,1,398,1:398
20261001T114145,82303.200512,100.0,True,4,498,4:498
20261001T114146,80485.26208,100.0,True,0,442,0:442
20261001T114146,130854.168064,100.0,True,3,422,3:422
20261001T114146,135550.224384,100.0,True,9,332,9:332
20261001T114146,85386.432,100.0,True,9,341,9:341
20261001T114146,88059.267072,100.0,True,12,367,12:367
20261001T114146,115780.297984,100.0,True,13,467,13:467
20261001T114146,91331.134976,100.0,True,13,474,13:474
20261001T114146,136737.899264,100.0,True,14,414,14:414
20261001T114147,94073.772544,100.0,True,1,408,1:408
20261001T114147,83565.134848,100.0,True,3,434,3:434
20261001T114147,91532.608256,100.0,True,8,488,8:488
20261001T114147,121680.099072,100.0,True,13,466,13:466
20261001T114148,88518.375168,100.0,True,6,493,6:493
20261001T114148,87153.046272,100.0,True,7,355,7:355
20261001T114148,120513.95328,100.0,True,9,335,9:335
20261001T114148,90208.615424,100.0,True,11,371,11:371
20261001T114149,92262.605824,100.0,True,0,440,0:440
20261001T114149,86742.269696,100.0,True,1,410,1:410
20261001T114149,93475.38688,100.0,True,3,432,3:432
20261001T114149,82227.636736,100.0,True,10,471,10:471
20261001T114149,86825.403648,100.0,True,13,476,13:476
20261001T114150,79986.512896,100.0,True,0,443,0:443
20261001T114150,93964.52224,100.0,True,4,496,4:496
20261001T114150,86014.08128,100.0,True,8,490,8:490
20261001T114150,82188.39552,100.0,True,8,491,8:491
20261001T114150,90571.521024,100.0,True,10,469,10:469
20261001T114150,82707.732736,100.0,True,11,373,11:373
20261001T114150,78933.823744,100.0,True,11,374,11:374
20261001T114150,128911.278848,100.0,True,12,360,12:360
20261001T114151,84631.43168,100.0,True,4,499,4:499
20261001T114151,84342.341888,100.0,True,5,381,5:381
20261001T114151,123354.359296,100.0,True,7,349,7:349
20261001T114151,80838.722048,100.0,True,7,357,7:357
20261001T114151,84740.52992,100.0,True,13,477,13:477
20261001T114152,84714.477824,100.0,True,3,435,3:435
20261001T114152,92935.441408,100.0,True,5,379,5:379
20261001T114152,89355.912448,100.0,True,5,380,5:380
20261001T114152,83520.635392,100.0,True,14,429,14:429
20261001T114153,127303.58528,100.0,True,5,372,5:372
20261001T114153,90079.081728,100.0,True,10,470,10:470
20261001T114154,84033.389568,100.0,True,4,500,4:500
20261001T114154,81198.401024,100.0,True,5,382,5:382
20261001T114154,84540.360192,100.0,True,12,369,12:369
20261001T114155,94632.654848,100.0,True,14,427,14:427
20261001T114156,136251.0336,100.0,True,0,431,0:431
20261001T114156,90318.377728,100.0,True,2,418,2:418
20261001T114156,83491.604736,100.0,True,4,501,4:501
20261001T114156,80083.121152,100.0,True,4,502,4:502
20261001T114156,89789.812736,100.0,True,9,342,9:342
20261001T114156,78222.863104,100.0,True,13,480,13:480
20261001T114157,136517.83424,100.0,True,4,486,4:486
20261001T114157,77969.520128,100.0,True,6,498,6:498
20261001T114157,94076.205056,100.0,True,11,372,11:372
20261001T114157,119397.155328,100.0,True,12,363,12:363
20261001T114157,93178.072064,100.0,True,12,368,12:368
20261001T114157,85818.601984,100.0,True,13,478,13:478
20261001T114157,91736.750336,100.0,True,14,428,14:428
20261001T114158,83561.913088,100.0,True,2,420,2:420
20261001T114158,117049.916416,100.0,True,4,492,4:492
20261001T114158,78210.96448,100.0,True,11,376,11:376
20261001T114158,84990.606592,100.0,True,14,430,14:430
20261001T114159,90744.076032,100.0,True,6,495,6:495
20261001T114159,117018.489344,100.0,True,13,470,13:470
20261001T114200,92605.597696,100.0,True,1,411,1:411
20261001T114200,84893.589248,100.0,True,1,413,1:413
20261001T114200,80990.379008,100.0,True,2,421,2:421
20261001T114200,87758.823168,100.0,True,3,436,3:436
20261001T114200,88426.33728,100.0,True,6,496,6:496
20261001T114200,87792.2816,100.0,True,8,492,8:492
20261001T114200,88480.56832,100.0,True,9,343,9:343
20261001T114200,137550.156544,100.0,True,10,459,10:459
20261001T114200,90350.038528,100.0,True,10,472,10:472
20261001T114201,86304.508672,100.0,True,0,444,0:444
20261001T114201,74344.114688,100.0,True,3,440,3:440
20261001T114201,82041.862144,100.0,True,4,503,4:503
20261001T114201,84920.0384,100.0,True,5,383,5:383
20261001T114201,76043.225088,100.0,True,5,385,5:385
20261001T114201,116813.109248,100.0,True,7,352,7:352
20261001T114201,77131.8912,100.0,True,7,360,7:360
20261001T114201,81624.30592,100.0,True,8,494,8:494
20261001T114201,127073.164032,100.0,True,13,468,13:468
20261001T114202,90575.293952,100.0,True,1,412,1:412
20261001T114202,86665.477376,100.0,True,8,493,8:493
20261001T114202,122867.106816,100.0,True,9,337,9:337
20261001T114202,82606.185216,100.0,True,10,475,10:475
20261001T114202,78107.930112,100.0,True,10,476,10:476
20261001T114203,87053.263104,100.0,True,3,437,3:437
20261001T114203,80308.488704,100.0,True,4,504,4:504
20261001T114204,80631.456512,100.0,True,2,422,2:422
20261001T114204,81490.752512,100.0,True,8,495,8:495
20261001T114204,90499.885568,100.0,True,10,473,10:473
20261001T114204,88869.478912,100.0,True,12,370,12:370
20261001T114204,125883.402496,100.0,True,13,469,13:469
20261001T114204,80745.901056,100.0,True,13,481,13:481
20261001T114204,121966.406656,100.0,True,14,422,14:422
20261001T114204,119346.550272,100.0,True,14,423,14:423
20261001T114205,81897.17632,100.0,True,9,346,9:346
20261001T114206,86823.582976,100.0,True,3,438,3:438
20261001T114206,82872.735232,100.0,True,3,439,3:439
20261001T114206,86556.401664,100.0,True,7,359,7:359
20261001T114206,86607.65696,100.0,True,9,345,9:345
20261001T114206,89070.579968,100.0,True,10,474,10:474
20261001T114206,85798.461952,100.0,True,12,371,12:371
20261001T114206,79750.524928,100.0,True,14,433,14:433
20261001T114207,111738.805504,100.0,True,7,354,7:354
20261001T114207,82713.180672,100.0,True,12,372,12:372
20261001T114208,132741.571072,100.0,True,5,374,5:374
20261001T114208,124542.631168,100.0,True,6,488,6:488
20261001T114208,81519.620352,100.0,True,8,496,8:496
20261001T114208,119266.350336,100.0,True,11,369,11:369
20261001T114209,132919.596032,100.0,True,3,427,3:427
20261001T114209,85566.825216,100.0,True,6,499,6:499
20261001T114209,118530.217472,100.0,True,8,487,8:487
20261001T114209,126189.216,100.0,True,10,464,10:464
20261001T114209,119995.860992,100.0,True,10,466,10:466
20261001T114209,111396.150784,100.0,True,13,475,13:475
20261001T114210,83642.500352,100.0,True,6,500,6:500
20261001T114210,84716.016896,100.0,True,11,377,11:377
20261001T114211,132833.353728,100.0,True,4,491,4:491
20261001T114211,121146.06336,100.0,True,6,490,6:490
20261001T114211,115422.126336,100.0,True,10,468,10:468
20261001T114211,119585.252608,100.0,True,13,473,13:473
20261001T114212,123096.403968,100.0,True,4,494,4:494
20261001T114215,122790.546432,100.0,True,6,491,6:491
20261001T114216,128765.902336,100.0,True,3,430,3:430
20261001T114216,119845.970176,100.0,True,9,340,9:340
20261001T114217,119121.391872,100.0,True,1,409,1:409
20261001T114219,120315.351808,100.0,True,4,497,4:497
20261001T114219,103538.44096,100.0,True,6,497,6:497
20261001T114219,122984.45184,100.0,True,14,426,14:426
20261001T114220,117626.991104,100.0,True,0,441,0:441
20261001T114220,105695.820544,100.0,True,7,358,7:358
20261001T114221,106477.281536,100.0,True,11,375,11:375
20261001T114222,111578.380032,100.0,True,2,419,2:419
20261001T114222,118048.27136,100.0,True,7,356,7:356
20261001T114222,106831.0848,100.0,True,9,344,9:344
20261001T114223,100795.143168,100.0,True,0,446,0:446
20261001T114223,103895.575296,100.0,True,1,414,1:414
20261001T114225,104305.051648,100.0,True,5,384,5:384
20261001T114227,100179.121664,100.0,True,4,505,4:505
20261001T114229,106087.131136,100.0,True,1,415,1:415
20261001T114230,116021.920256,100.0,True,13,479,13:479
20261001T114231,113232.256768,100.0,True,0,445,0:445
20261001T114231,113087.097856,100.0,True,14,431,14:431
20261001T114232,109577.613056,100.0,True,14,432,14:432
20261001T114237,111165.586688,100.0,True,0,447,0:447
20261001T114237,110652.109824,100.0,True,13,482,13:482
