received_timestamp,complete_response_time,success_rate,success,worker_idx,request_idx,global_request_id
20260928T200616,848.265472,69.11103003769914,True,5,0,5:0
20260928T200616,300.12928,69.11103003769914,True,12,0,12:0
20260928T200616,297.41056,69.11103003769914,True,28,0,28:0
20260928T200616,380.36096,69.11103003769914,True,38,0,38:0
20260928T200616,341.156864,69.11103003769914,True,44,0,44:0
20260928T200616,650.208768,69.11103003769914,True,49,0,49:0
20260928T200617,1569.37472,69.11103003769914,True,10,0,10:0
20260928T200617,1567.29984,69.11103003769914,True,14,0,14:0
20260928T200617,1561.824512,69.11103003769914,True,15,0,15:0
20260928T200617,976.996352,69.11103003769914,True,19,0,19:0
20260928T200617,844.285952,69.11103003769914,True,24,0,24:0
20260928T200617,1242.496512,69.11103003769914,True,25,0,25:0
20260928T200617,474.64832,69.11103003769914,True,25,1,25:1
20260928T200617,1391.549696,69.11103003769914,True,30,0,30:0
20260928T200617,424.63744,69.11103003769914,True,30,1,30:1
20260928T200617,440.142592,69.11103003769914,True,32,1,32:1
20260928T200617,1071.343104,69.11103003769914,True,46,0,46:0
20260928T200617,560.1664,69.11103003769914,True,50,1,50:1
20260928T200617,1285.047808,69.11103003769914,True,53,0,53:0
20260928T200617,746.595328,69.11103003769914,True,56,0,56:0
20260928T200617,1203.498496,69.11103003769914,True,58,0,58:0
20260928T200618,2693.48352,69.11103003769914,True,2,0,2:0
20260928T200618,518.306816,69.11103003769914,True,14,2,14:2
20260928T200618,1314.903808,69.11103003769914,True,16,1,16:1
20260928T200618,1781.339392,69.11103003769914,True,19,1,19:1
20260928T200618,2126.375936,69.11103003769914,True,21,0,21:0
20260928T200618,1248.041216,69.11103003769914,True,22,1,22:1
20260928T200618,1091.245824,69.11103003769914,True,23,2,23:2
20260928T200618,529.093376,69.11103003769914,True,25,2,25:2
20260928T200618,2282.87872,69.11103003769914,True,27,0,27:0
20260928T200618,655.049728,69.11103003769914,True,27,2,27:2
20260928T200618,1267.170048,69.11103003769914,True,28,1,28:1
20260928T200618,2634.4896,69.11103003769914,True,29,0,29:0
20260928T200618,1219.233536,69.11103003769914,True,33,1,33:1
20260928T200618,1859.88736,69.11103003769914,True,44,1,44:1
20260928T200618,1166.824448,69.11103003769914,True,52,1,52:1
20260928T200618,683.773184,69.11103003769914,True,54,1,54:1
20260928T200618,1039.180032,69.11103003769914,True,56,2,56:2
20260928T200618,2153.640448,69.11103003769914,True,61,0,61:0
20260928T200618,2038.900992,69.11103003769914,True,63,0,63:0
20260928T200619,1615.475968,69.11103003769914,True,3,2,3:2
20260928T200619,2138.851328,69.11103003769914,True,5,1,5:1
20260928T200619,1194.116608,69.11103003769914,True,8,2,8:2
20260928T200619,3551.727616,69.11103003769914,True,9,0,9:0
20260928T200619,1377.311744,69.11103003769914,True,10,2,10:2
20260928T200619,3464.401152,69.11103003769914,True,11,0,11:0
20260928T200619,1921.785344,69.11103003769914,True,11,1,11:1
20260928T200619,2058.04672,69.11103003769914,True,14,1,14:1
20260928T200619,3133.7664,69.11103003769914,True,18,0,18:0
20260928T200619,2245.050624,69.11103003769914,True,34,1,34:1
20260928T200619,3512.191744,69.11103003769914,True,37,0,37:0
20260928T200619,3311.816192,69.11103003769914,True,40,0,40:0
20260928T200619,2378.450688,69.11103003769914,True,40,1,40:1
20260928T200619,3133.694464,69.11103003769914,True,48,0,48:0
20260928T200619,1564.971776,69.11103003769914,True,49,1,49:1
20260928T200619,2832.369408,69.11103003769914,True,58,1,58:1
20260928T200620,4241.620224,69.11103003769914,True,0,0,0:0
20260928T200620,3683.82592,69.11103003769914,True,2,1,2:1
20260928T200620,2446.285312,69.11103003769914,True,2,2,2:2
20260928T200620,4775.226624,69.11103003769914,True,3,0,3:0
20260928T200620,3116.06912,69.11103003769914,True,3,1,3:1
20260928T200620,1751.641344,69.11103003769914,True,4,3,4:3
20260928T200620,2442.598144,69.11103003769914,True,7,2,7:2
20260928T200620,4533.0816,69.11103003769914,True,16,0,16:0
20260928T200620,3710.373888,69.11103003769914,True,17,0,17:0
20260928T200620,2955.526144,69.11103003769914,True,17,1,17:1
20260928T200620,2453.261824,69.11103003769914,True,17,2,17:2
20260928T200620,2629.981184,69.11103003769914,True,20,1,20:1
20260928T200620,2284.000512,69.11103003769914,True,20,2,20:2
20260928T200620,3466.239744,69.11103003769914,True,26,1,26:1
20260928T200620,4672.18304,69.11103003769914,True,34,0,34:0
20260928T200620,4259.731968,69.11103003769914,True,35,0,35:0
20260928T200620,2723.771904,69.11103003769914,True,36,2,36:2
20260928T200620,4415.147008,69.11103003769914,True,41,0,41:0
20260928T200620,2107.586816,69.11103003769914,True,42,2,42:2
20260928T200620,3877.3888,69.11103003769914,True,43,0,43:0
20260928T200620,2621.515264,69.11103003769914,True,49,2,49:2
20260928T200620,2883.650304,69.11103003769914,True,51,1,51:1
20260928T200620,2183.835648,69.11103003769914,True,51,2,51:2
20260928T200620,2527.598592,69.11103003769914,True,54,2,54:2
20260928T200620,3399.94496,69.11103003769914,True,61,1,61:1
20260928T200620,3857.065984,69.11103003769914,True,62,0,62:0
20260928T200620,2888.279296,69.11103003769914,True,62,1,62:1
20260928T200620,2453.059072,69.11103003769914,True,63,2,63:2
20260928T200621,5026.883328,69.11103003769914,True,1,0,1:0
20260928T200621,3905.401344,69.11103003769914,True,4,2,4:2
20260928T200621,2697.244928,69.11103003769914,True,5,2,5:2
20260928T200621,5424.015104,69.11103003769914,True,6,0,6:0
20260928T200621,5699.794688,69.11103003769914,True,7,0,7:0
20260928T200621,4034.643968,69.11103003769914,True,9,1,9:1
20260928T200621,3310.993408,69.11103003769914,True,9,2,9:2
20260928T200621,4042.094336,69.11103003769914,True,12,1,12:1
20260928T200621,3168.53632,69.11103003769914,True,16,2,16:2
20260928T200621,2936.242432,69.11103003769914,True,29,2,29:2
20260928T200621,5080.720384,69.11103003769914,True,33,0,33:0
20260928T200621,3127.017984,69.11103003769914,True,34,2,34:2
20260928T200621,4227.406592,69.11103003769914,True,35,1,35:1
20260928T200621,4833.491712,69.11103003769914,True,39,0,39:0
20260928T200621,3461.948672,69.11103003769914,True,39,2,39:2
20260928T200621,4315.666176,69.11103003769914,True,41,1,41:1
20260928T200621,4848.38272,69.11103003769914,True,45,1,45:1
20260928T200621,4729.510144,69.11103003769914,True,51,0,51:0
20260928T200621,4469.972992,69.11103003769914,True,53,1,53:1
20260928T200621,4335.2704,69.11103003769914,True,56,1,56:1
20260928T200621,5490.060544,69.11103003769914,True,59,0,59:0
20260928T200621,4815.613184,69.11103003769914,True,59,1,59:1
20260928T200621,3759.369472,69.11103003769914,True,59,2,59:2
20260928T200621,2324.105216,69.11103003769914,True,62,2,62:2
20260928T200622,5997.360128,69.11103003769914,True,4,0,4:0
20260928T200622,5573.47456,69.11103003769914,True,10,1,10:1
20260928T200622,4077.109248,69.11103003769914,True,11,2,11:2
20260928T200622,4955.248128,69.11103003769914,True,15,2,15:2
20260928T200622,6245.537792,69.11103003769914,True,20,0,20:0
20260928T200622,5547.445504,69.11103003769914,True,21,1,21:1
20260928T200622,5750.564096,69.11103003769914,True,22,0,22:0
20260928T200622,4136.132608,69.11103003769914,True,22,2,22:2
20260928T200622,3125.523456,69.11103003769914,True,22,3,22:3
20260928T200622,5701.618432,69.11103003769914,True,26,0,26:0
20260928T200622,4842.10304,69.11103003769914,True,27,1,27:1
20260928T200622,3708.072704,69.11103003769914,True,31,2,31:2
20260928T200622,6227.648256,69.11103003769914,True,32,0,32:0
20260928T200622,6380.574208,69.11103003769914,True,36,0,36:0
20260928T200622,4933.586176,69.11103003769914,True,36,1,36:1
20260928T200622,4854.117888,69.11103003769914,True,37,2,37:2
20260928T200622,5749.540608,69.11103003769914,True,39,1,39:1
20260928T200622,5118.896384,69.11103003769914,True,43,1,43:1
20260928T200622,3635.03744,69.11103003769914,True,45,3,45:3
20260928T200622,4297.913344,69.11103003769914,True,46,2,46:2
20260928T200622,5524.23936,69.11103003769914,True,47,1,47:1
20260928T200622,6044.416768,69.11103003769914,True,52,0,52:0
20260928T200622,4220.511744,69.11103003769914,True,55,1,55:1
20260928T200622,4536.463616,69.11103003769914,True,60,2,60:2
20260928T200622,4720.97792,69.11103003769914,True,63,1,63:1
20260928T200623,6740.196608,69.11103003769914,True,0,1,0:1
20260928T200623,5973.995264,69.11103003769914,True,1,1,1:1
20260928T200623,4637.222656,69.11103003769914,True,1,2,1:2
20260928T200623,4302.85952,69.11103003769914,True,1,3,1:3
20260928T200623,4939.401728,69.11103003769914,True,2,3,2:3
20260928T200623,5283.101696,69.11103003769914,True,6,2,6:2
20260928T200623,4205.064448,69.11103003769914,True,6,4,6:4
20260928T200623,6470.678016,69.11103003769914,True,8,1,8:1
20260928T200623,4303.25888,69.11103003769914,True,8,4,8:4
20260928T200623,3714.401536,69.11103003769914,True,11,3,11:3
20260928T200623,6829.581568,69.11103003769914,True,13,0,13:0
20260928T200623,4914.565376,69.11103003769914,True,13,3,13:3
20260928T200623,4580.782336,69.11103003769914,True,18,3,18:3
20260928T200623,3974.714624,69.11103003769914,True,18,4,18:4
20260928T200623,5291.534336,69.11103003769914,True,19,2,19:2
20260928T200623,5704.492544,69.11103003769914,True,24,2,24:2
20260928T200623,5295.664384,69.11103003769914,True,26,2,26:2
20260928T200623,6521.500928,69.11103003769914,True,29,1,29:1
20260928T200623,4877.30688,69.11103003769914,True,30,2,30:2
20260928T200623,3841.46688,69.11103003769914,True,36,3,36:3
20260928T200623,6624.520704,69.11103003769914,True,37,1,37:1
20260928T200623,5742.569984,69.11103003769914,True,40,2,40:2
20260928T200623,5356.842496,69.11103003769914,True,44,2,44:2
20260928T200623,6784.90112,69.11103003769914,True,45,0,45:0
20260928T200623,6223.145728,69.11103003769914,True,46,1,46:1
20260928T200623,6256.17792,69.11103003769914,True,48,1,48:1
20260928T200623,4523.856896,69.11103003769914,True,49,3,49:3
20260928T200623,6696.163584,69.11103003769914,True,50,0,50:0
20260928T200623,4513.445632,69.11103003769914,True,51,3,51:3
20260928T200623,6934.439936,69.11103003769914,True,54,0,54:0
20260928T200623,4617.047808,69.11103003769914,True,54,3,54:3
20260928T200623,7020.55808,69.11103003769914,True,57,0,57:0
20260928T200623,5589.773568,69.11103003769914,True,57,1,57:1
20260928T200623,5147.005952,69.11103003769914,True,58,2,58:2
20260928T200623,3604.231936,69.11103003769914,True,59,4,59:4
20260928T200623,7094.515712,69.11103003769914,True,60,0,60:0
20260928T200624,7248.557568,69.11103003769914,True,4,1,4:1
20260928T200624,4765.685248,69.11103003769914,True,9,4,9:4
20260928T200624,6550.311168,69.11103003769914,True,13,2,13:2
20260928T200624,7290.194944,69.11103003769914,True,15,1,15:1
20260928T200624,5206.25024,69.11103003769914,True,15,3,15:3
20260928T200624,7551.504384,69.11103003769914,True,18,1,18:1
20260928T200624,5571.05024,69.11103003769914,True,21,2,21:2
20260928T200624,4677.423104,69.11103003769914,True,21,3,21:3
20260928T200624,6962.886656,69.11103003769914,True,23,1,23:1
20260928T200624,7600.858112,69.11103003769914,True,24,1,24:1
20260928T200624,5031.25632,69.11103003769914,True,24,4,24:4
20260928T200624,5588.020992,69.11103003769914,True,29,3,29:3
20260928T200624,7212.53248,69.11103003769914,True,31,1,31:1
20260928T200624,6704.80768,69.11103003769914,True,32,2,32:2
20260928T200624,5644.645376,69.11103003769914,True,32,3,32:3
20260928T200624,4835.313152,69.11103003769914,True,33,4,33:4
20260928T200624,7342.86464,69.11103003769914,True,38,1,38:1
20260928T200624,6692.861184,69.11103003769914,True,42,1,42:1
20260928T200624,5053.963776,69.11103003769914,True,42,3,42:3
20260928T200624,5585.118976,69.11103003769914,True,43,2,43:2
20260928T200624,6851.478528,69.11103003769914,True,45,2,45:2
20260928T200624,5500.683776,69.11103003769914,True,45,4,45:4
20260928T200624,5828.272384,69.11103003769914,True,48,2,48:2
20260928T200624,4844.071424,69.11103003769914,True,48,3,48:3
20260928T200624,5935.837184,69.11103003769914,True,50,2,50:2
20260928T200624,6254.376704,69.11103003769914,True,52,3,52:3
20260928T200624,5017.142272,69.11103003769914,True,56,4,56:4
20260928T200624,6840.8832,69.11103003769914,True,60,1,60:1
20260928T200625,5958.8864,69.11103003769914,True,4,4,4:4
20260928T200625,6817.5168,69.11103003769914,True,8,3,8:3
20260928T200625,7006.685952,69.11103003769914,True,10,3,10:3
20260928T200625,5171.129856,69.11103003769914,True,10,5,10:5
20260928T200625,7340.13056,69.11103003769914,True,12,2,12:2
20260928T200625,4918.369792,69.11103003769914,True,14,5,14:5
20260928T200625,4770.455552,69.11103003769914,True,15,5,15:5
20260928T200625,4733.446656,69.11103003769914,True,18,5,18:5
20260928T200625,7078.671872,69.11103003769914,True,23,3,23:3
20260928T200625,6105.885696,69.11103003769914,True,26,3,26:3
20260928T200625,4669.1968,69.11103003769914,True,29,5,29:5
20260928T200625,5812.275712,69.11103003769914,True,31,3,31:3
20260928T200625,7445.501696,69.11103003769914,True,35,2,35:2
20260928T200625,5251.171328,69.11103003769914,True,35,4,35:4
20260928T200625,6110.068992,69.11103003769914,True,38,3,38:3
20260928T200625,5049.843968,69.11103003769914,True,39,4,39:4
20260928T200625,6369.967872,69.11103003769914,True,40,3,40:3
20260928T200625,5864.337664,69.11103003769914,True,43,3,43:3
20260928T200625,6531.439872,69.11103003769914,True,44,3,44:3
20260928T200625,6906.97856,69.11103003769914,True,47,2,47:2
20260928T200625,6171.371008,69.11103003769914,True,51,4,51:4
20260928T200625,7337.818112,69.11103003769914,True,53,2,53:2
20260928T200625,6009.310976,69.11103003769914,True,55,3,55:3
20260928T200625,5816.75648,69.11103003769914,True,56,5,56:5
20260928T200625,6455.424512,69.11103003769914,True,58,3,58:3
20260928T200625,5960.398848,69.11103003769914,True,60,3,60:3
20260928T200625,4733.986048,69.11103003769914,True,62,3,62:3
20260928T200626,6103.81184,69.11103003769914,True,0,4,0:4
20260928T200626,7130.270976,69.11103003769914,True,2,4,2:4
20260928T200626,7857.13792,69.11103003769914,True,3,3,3:3
20260928T200626,7483.340288,69.11103003769914,True,3,4,3:4
20260928T200626,6029.842944,69.11103003769914,True,4,5,4:5
20260928T200626,6853.663232,69.11103003769914,True,5,3,5:3
20260928T200626,6887.324672,69.11103003769914,True,7,3,7:3
20260928T200626,6222.56512,69.11103003769914,True,7,4,7:4
20260928T200626,5877.499904,69.11103003769914,True,8,6,8:6
20260928T200626,7401.986816,69.11103003769914,True,9,3,9:3
20260928T200626,6905.820928,69.11103003769914,True,10,4,10:4
20260928T200626,6516.3648,69.11103003769914,True,19,3,19:3
20260928T200626,7104.227584,69.11103003769914,True,20,3,20:3
20260928T200626,6251.503104,69.11103003769914,True,20,5,20:5
20260928T200626,6092.709632,69.11103003769914,True,21,4,21:4
20260928T200626,7905.054976,69.11103003769914,True,24,3,24:3
20260928T200626,8246.903552,69.11103003769914,True,25,3,25:3
20260928T200626,6996.590592,69.11103003769914,True,25,4,25:4
20260928T200626,6068.164864,69.11103003769914,True,28,5,28:5
20260928T200626,7048.33536,69.11103003769914,True,30,4,30:4
20260928T200626,5616.989952,69.11103003769914,True,30,5,30:5
20260928T200626,7192.85376,69.11103003769914,True,35,3,35:3
20260928T200626,8580.574208,69.11103003769914,True,38,2,38:2
20260928T200626,6145.933312,69.11103003769914,True,38,4,38:4
20260928T200626,7677.34912,69.11103003769914,True,41,2,41:2
20260928T200626,6138.529024,69.11103003769914,True,42,4,42:4
20260928T200626,6581.907456,69.11103003769914,True,44,5,44:5
20260928T200626,5637.474048,69.11103003769914,True,45,6,45:6
20260928T200626,7178.957312,69.11103003769914,True,46,4,46:4
20260928T200626,5944.318464,69.11103003769914,True,52,5,52:5
20260928T200626,8095.644928,69.11103003769914,True,55,2,55:2
20260928T200626,7875.697152,69.11103003769914,True,56,3,56:3
20260928T200626,7547.648256,69.11103003769914,True,59,3,59:3
20260928T200626,7183.667456,69.11103003769914,True,61,3,61:3
20260928T200626,6572.986368,69.11103003769914,True,61,4,61:4
20260928T200626,5586.345728,69.11103003769914,True,61,5,61:5
20260928T200626,6853.893632,69.11103003769914,True,63,4,63:4
20260928T200627,6208.852736,69.11103003769914,True,3,6,3:6
20260928T200627,8932.544768,69.11103003769914,True,6,3,6:3
20260928T200627,7656.755456,69.11103003769914,True,6,5,6:5
20260928T200627,6206.178816,69.11103003769914,True,10,6,10:6
20260928T200627,7234.329856,69.11103003769914,True,12,4,12:4
20260928T200627,8544.245504,69.11103003769914,True,14,3,14:3
20260928T200627,6154.852096,69.11103003769914,True,18,6,18:6
20260928T200627,7673.954048,69.11103003769914,True,25,5,25:5
20260928T200627,7868.53376,69.11103003769914,True,26,4,26:4
20260928T200627,6358.607616,69.11103003769914,True,26,5,26:5
20260928T200627,8778.384128,69.11103003769914,True,27,3,27:3
20260928T200627,6212.747264,69.11103003769914,True,28,6,28:6
20260928T200627,7966.892032,69.11103003769914,True,29,4,29:4
20260928T200627,6578.648064,69.11103003769914,True,29,6,29:6
20260928T200627,8650.09024,69.11103003769914,True,30,3,30:3
20260928T200627,7382.959616,69.11103003769914,True,34,3,34:3
20260928T200627,5803.14112,69.11103003769914,True,35,6,35:6
20260928T200627,7352.786944,69.11103003769914,True,36,4,36:4
20260928T200627,8775.963648,69.11103003769914,True,37,3,37:3
20260928T200627,8010.172416,69.11103003769914,True,40,4,40:4
20260928T200627,8322.26304,69.11103003769914,True,47,3,47:3
20260928T200627,6583.819776,69.11103003769914,True,48,4,48:4
20260928T200627,7368.36992,69.11103003769914,True,51,5,51:5
20260928T200627,7675.315968,69.11103003769914,True,52,4,52:4
20260928T200627,8854.60736,69.11103003769914,True,53,3,53:3
20260928T200627,5802.95296,69.11103003769914,True,63,5,63:5
20260928T200628,9238.892032,69.11103003769914,True,0,3,0:3
20260928T200628,8052.462336,69.11103003769914,True,1,4,1:4
20260928T200628,6985.489152,69.11103003769914,True,8,7,8:7
20260928T200628,9233.451776,69.11103003769914,True,12,3,12:3
20260928T200628,7587.497728,69.11103003769914,True,13,5,13:5
20260928T200628,8588.955392,69.11103003769914,True,14,4,14:4
20260928T200628,7056.435712,69.11103003769914,True,16,5,16:5
20260928T200628,8316.736256,69.11103003769914,True,17,4,17:4
20260928T200628,8002.416896,69.11103003769914,True,32,4,32:4
20260928T200628,9601.379072,69.11103003769914,True,39,3,39:3
20260928T200628,6780.17152,69.11103003769914,True,40,6,40:6
20260928T200628,9290.170112,69.11103003769914,True,41,3,41:3
20260928T200628,9516.101632,69.11103003769914,True,46,3,46:3
20260928T200628,6726.231552,69.11103003769914,True,49,5,49:5
20260928T200628,9616.785152,69.11103003769914,True,50,3,50:3
20260928T200628,6974.903808,69.11103003769914,True,50,5,50:5
20260928T200628,7762.676992,69.11103003769914,True,52,6,52:6
20260928T200628,6800.53632,69.11103003769914,True,53,6,53:6
20260928T200628,8010.585088,69.11103003769914,True,54,4,54:4
20260928T200628,9643.200256,69.11103003769914,True,57,2,57:2
20260928T200628,7277.379584,69.11103003769914,True,57,4,57:4
20260928T200628,9613.561088,69.11103003769914,True,63,3,63:3
20260928T200629,9283.065088,69.11103003769914,True,2,5,2:5
20260928T200629,7268.027136,69.11103003769914,True,10,7,10:7
20260928T200629,9144.617728,69.11103003769914,True,13,4,13:4
20260928T200629,9419.459584,69.11103003769914,True,15,4,15:4
20260928T200629,9843.440384,69.11103003769914,True,16,3,16:3
20260928T200629,8647.506176,69.11103003769914,True,16,4,16:4
20260928T200629,7426.396672,69.11103003769914,True,20,7,20:7
20260928T200629,7970.435072,69.11103003769914,True,23,5,23:5
20260928T200629,7396.37888,69.11103003769914,True,23,6,23:6
20260928T200629,9589.701376,69.11103003769914,True,24,5,24:5
20260928T200629,7154.650368,69.11103003769914,True,33,6,33:6
20260928T200629,8636.7488,69.11103003769914,True,36,5,36:5
20260928T200629,9807.829248,69.11103003769914,True,44,4,44:4
20260928T200629,9165.627904,69.11103003769914,True,46,5,46:5
20260928T200629,9297.429504,69.11103003769914,True,47,4,47:4
20260928T200629,8935.740416,69.11103003769914,True,49,4,49:4
20260928T200629,9837.977088,69.11103003769914,True,53,4,53:4
20260928T200629,9488.601088,69.11103003769914,True,59,5,59:5
20260928T200629,7225.414144,69.11103003769914,True,60,5,60:5
20260928T200630,8888.873728,69.11103003769914,True,0,5,0:5
20260928T200630,8333.505792,69.11103003769914,True,4,7,4:7
20260928T200630,8535.664128,69.11103003769914,True,5,5,5:5
20260928T200630,9514.5792,69.11103003769914,True,6,6,6:6
20260928T200630,8890.968576,69.11103003769914,True,6,7,6:7
20260928T200630,8160.623104,69.11103003769914,True,7,5,7:5
20260928T200630,8343.112704,69.11103003769914,True,10,8,10:8
20260928T200630,9159.62624,69.11103003769914,True,14,6,14:6
20260928T200630,9108.141568,69.11103003769914,True,17,5,17:5
20260928T200630,7764.261376,69.11103003769914,True,17,6,17:6
20260928T200630,10787.249408,69.11103003769914,True,20,4,20:4
20260928T200630,10320.551424,69.11103003769914,True,22,4,22:4
20260928T200630,10151.281664,69.11103003769914,True,23,4,23:4
20260928T200630,9734.810368,69.11103003769914,True,25,6,25:6
20260928T200630,9739.507712,69.11103003769914,True,27,4,27:4
20260928T200630,8817.2416,69.11103003769914,True,29,7,29:7
20260928T200630,7982.75968,69.11103003769914,True,29,8,29:8
20260928T200630,9484.615936,69.11103003769914,True,32,5,32:5
20260928T200630,9762.413312,69.11103003769914,True,40,5,40:5
20260928T200630,9417.784064,69.11103003769914,True,41,5,41:5
20260928T200630,8281.212672,69.11103003769914,True,43,5,43:5
20260928T200630,10330.959104,69.11103003769914,True,45,5,45:5
20260928T200630,10496.093952,69.11103003769914,True,50,4,50:4
20260928T200630,8591.685376,69.11103003769914,True,50,6,50:6
20260928T200630,10002.399488,69.11103003769914,True,53,5,53:5
20260928T200630,7872.646144,69.11103003769914,True,53,7,53:7
20260928T200630,8849.958144,69.11103003769914,True,54,5,54:5
20260928T200630,9921.654528,69.11103003769914,True,55,4,55:4
20260928T200630,9025.14176,69.11103003769914,True,56,7,56:7
20260928T200630,10402.937088,69.11103003769914,True,57,3,57:3
20260928T200630,10788.163072,69.11103003769914,True,58,4,58:4
20260928T200630,10121.115392,69.11103003769914,True,59,6,59:6
20260928T200630,8552.929024,69.11103003769914,True,61,6,61:6
20260928T200631,9400.616192,69.11103003769914,True,0,6,0:6
20260928T200631,10565.97632,69.11103003769914,True,5,4,5:4
20260928T200631,8879.112704,69.11103003769914,True,5,6,5:6
20260928T200631,9601.05216,69.11103003769914,True,6,8,6:8
20260928T200631,9480.492032,69.11103003769914,True,8,8,8:8
20260928T200631,10971.726336,69.11103003769914,True,11,4,11:4
20260928T200631,8633.729792,69.11103003769914,True,18,8,18:8
20260928T200631,10986.002176,69.11103003769914,True,19,4,19:4
20260928T200631,9632.438016,69.11103003769914,True,21,5,21:5
20260928T200631,10438.799616,69.11103003769914,True,22,5,22:5
20260928T200631,10055.770624,69.11103003769914,True,27,5,27:5
20260928T200631,10771.163904,69.11103003769914,True,31,4,31:4
20260928T200631,9006.108416,69.11103003769914,True,31,5,31:5
20260928T200631,10646.059008,69.11103003769914,True,33,5,33:5
20260928T200631,10392.224768,69.11103003769914,True,34,4,34:4
20260928T200631,9193.215232,69.11103003769914,True,35,7,35:7
20260928T200631,9729.655296,69.11103003769914,True,36,6,36:6
20260928T200631,11142.912256,69.11103003769914,True,37,5,37:5
20260928T200631,10919.172608,69.11103003769914,True,41,4,41:4
20260928T200631,8457.869824,69.11103003769914,True,41,7,41:7
20260928T200631,10760.50688,69.11103003769914,True,44,6,44:6
20260928T200631,9801.274624,69.11103003769914,True,44,7,44:7
20260928T200631,9697.926912,69.11103003769914,True,45,7,45:7
20260928T200631,9230.764544,69.11103003769914,True,47,5,47:5
20260928T200631,9722.65728,69.11103003769914,True,51,6,51:6
20260928T200631,9798.7776,69.11103003769914,True,55,5,55:5
20260928T200631,10512.16,69.11103003769914,True,56,6,56:6
20260928T200631,8713.596416,69.11103003769914,True,57,5,57:5
20260928T200631,9857.189376,69.11103003769914,True,58,5,58:5
20260928T200632,10591.918848,69.11103003769914,True,2,7,2:7
20260928T200632,10236.989952,69.11103003769914,True,3,7,3:7
20260928T200632,8900.332032,69.11103003769914,True,5,7,5:7
20260928T200632,10127.512832,69.11103003769914,True,15,7,15:7
20260928T200632,10143.015424,69.11103003769914,True,19,5,19:5
20260928T200632,9656.364288,69.11103003769914,True,20,8,20:8
20260928T200632,10024.323072,69.11103003769914,True,23,7,23:7
20260928T200632,11478.833408,69.11103003769914,True,24,6,24:6
20260928T200632,10398.186752,69.11103003769914,True,27,6,27:6
20260928T200632,9799.102208,69.11103003769914,True,33,7,33:7
20260928T200632,8878.554624,69.11103003769914,True,35,8,35:8
20260928T200632,9511.30624,69.11103003769914,True,36,7,36:7
20260928T200632,11599.772672,69.11103003769914,True,37,6,37:6
20260928T200632,11136.911616,69.11103003769914,True,38,5,38:5
20260928T200632,10880.26496,69.11103003769914,True,39,5,39:5
20260928T200632,10691.522048,69.11103003769914,True,41,6,41:6
20260928T200632,11427.476224,69.11103003769914,True,42,5,42:5
20260928T200632,11815.771392,69.11103003769914,True,46,6,46:6
20260928T200632,10537.021184,69.11103003769914,True,46,7,46:7
20260928T200632,10783.25504,69.11103003769914,True,48,5,48:5
20260928T200632,11244.730112,69.11103003769914,True,62,4,62:4
20260928T200632,9651.213568,69.11103003769914,True,62,6,62:6
20260928T200633,12453.852928,69.11103003769914,True,2,6,2:6
20260928T200633,10228.297984,69.11103003769914,True,10,9,10:9
20260928T200633,11741.807616,69.11103003769914,True,11,5,11:5
20260928T200633,10811.46496,69.11103003769914,True,16,6,16:6
20260928T200633,10475.598848,69.11103003769914,True,18,9,18:9
20260928T200633,11703.595008,69.11103003769914,True,20,6,20:6
20260928T200633,9895.81696,69.11103003769914,True,22,7,22:7
20260928T200633,10797.650176,69.11103003769914,True,24,8,24:8
20260928T200633,10721.854464,69.11103003769914,True,25,8,25:8
20260928T200633,11531.126272,69.11103003769914,True,28,7,28:7
20260928T200633,10670.691584,69.11103003769914,True,30,7,30:7
20260928T200633,11638.665728,69.11103003769914,True,37,7,37:7
20260928T200633,9986.473984,69.11103003769914,True,38,7,38:7
20260928T200633,10938.202112,69.11103003769914,True,45,8,45:8
20260928T200633,9941.360128,69.11103003769914,True,50,8,50:8
20260928T200633,10612.690176,69.11103003769914,True,51,8,51:8
20260928T200633,9939.68512,69.11103003769914,True,51,9,51:9
20260928T200633,11258.083072,69.11103003769914,True,52,7,52:7
20260928T200633,12463.343104,69.11103003769914,True,59,7,59:7
20260928T200633,12041.960192,69.11103003769914,True,60,4,60:4
20260928T200634,12847.164928,69.11103003769914,True,1,5,1:5
20260928T200634,10681.983232,69.11103003769914,True,2,9,2:9
20260928T200634,12976.374016,69.11103003769914,True,9,5,9:5
20260928T200634,12332.23552,69.11103003769914,True,12,5,12:5
20260928T200634,12198.588416,69.11103003769914,True,14,7,14:7
20260928T200634,10943.417344,69.11103003769914,True,17,7,17:7
20260928T200634,10397.950464,69.11103003769914,True,21,7,21:7
20260928T200634,10513.735424,69.11103003769914,True,25,9,25:9
20260928T200634,10629.989888,69.11103003769914,True,28,9,28:9
20260928T200634,12557.191168,69.11103003769914,True,30,6,30:6
20260928T200634,10942.674688,69.11103003769914,True,30,8,30:8
20260928T200634,12906.503424,69.11103003769914,True,32,6,32:6
20260928T200634,11201.606912,69.11103003769914,True,37,9,37:9
20260928T200634,12462.171648,69.11103003769914,True,39,6,39:6
20260928T200634,11030.316544,69.11103003769914,True,41,8,41:8
20260928T200634,12502.699264,69.11103003769914,True,42,6,42:6
20260928T200634,11552.692992,69.11103003769914,True,42,7,42:7
20260928T200634,10411.891456,69.11103003769914,True,42,8,42:8
20260928T200634,11866.637824,69.11103003769914,True,43,6,43:6
20260928T200634,12324.14848,69.11103003769914,True,44,8,44:8
20260928T200634,11685.198592,69.11103003769914,True,46,8,46:8
20260928T200634,11819.673344,69.11103003769914,True,48,6,48:6
20260928T200634,10721.781504,69.11103003769914,True,48,7,48:7
20260928T200634,12518.666496,69.11103003769914,True,54,6,54:6
20260928T200634,11877.217024,69.11103003769914,True,56,9,56:9
20260928T200634,11762.063872,69.11103003769914,True,59,8,59:8
20260928T200634,11624.033024,69.11103003769914,True,59,9,59:9
20260928T200634,11156.098048,69.11103003769914,True,60,6,60:6
20260928T200634,10435.110144,69.11103003769914,True,60,7,60:7
20260928T200634,11193.563904,69.11103003769914,True,61,8,61:8
20260928T200634,12190.851328,69.11103003769914,True,62,5,62:5
20260928T200635,12326.919424,69.11103003769914,True,1,6,1:6
20260928T200635,12823.402752,69.11103003769914,True,7,6,7:6
20260928T200635,10975.38816,69.11103003769914,True,7,7,7:7
20260928T200635,11705.736192,69.11103003769914,True,10,10,10:10
20260928T200635,11046.20672,69.11103003769914,True,11,7,11:7
20260928T200635,12982.69056,69.11103003769914,True,12,6,12:6
20260928T200635,13338.259968,69.11103003769914,True,13,7,13:7
20260928T200635,11609.301504,69.11103003769914,True,14,9,14:9
20260928T200635,11295.713536,69.11103003769914,True,17,8,17:8
20260928T200635,12848.82816,69.11103003769914,True,19,6,19:6
20260928T200635,13046.51648,69.11103003769914,True,26,6,26:6
20260928T200635,13245.159424,69.11103003769914,True,34,5,34:5
20260928T200635,12346.043136,69.11103003769914,True,34,6,34:6
20260928T200635,11873.620992,69.11103003769914,True,36,8,36:8
20260928T200635,12382.473472,69.11103003769914,True,40,8,40:8
20260928T200635,10924.588544,69.11103003769914,True,40,9,40:9
20260928T200635,12876.688128,69.11103003769914,True,50,7,50:7
20260928T200635,13422.036736,69.11103003769914,True,51,7,51:7
20260928T200635,12375.423488,69.11103003769914,True,54,7,54:7
20260928T200635,11349.070336,69.11103003769914,True,54,8,54:8
20260928T200635,12749.054464,69.11103003769914,True,56,8,56:8
20260928T200635,11309.932544,69.11103003769914,True,56,10,56:10
20260928T200635,12517.351168,69.11103003769914,True,58,6,58:6
20260928T200635,13298.136576,69.11103003769914,True,61,7,61:7
20260928T200635,11382.272,69.11103003769914,True,61,9,61:9
20260928T200636,13437.593088,69.11103003769914,True,0,7,0:7
20260928T200636,13119.197952,69.11103003769914,True,1,7,1:7
20260928T200636,12882.585344,69.11103003769914,True,2,8,2:8
20260928T200636,11564.887296,69.11103003769914,True,2,10,2:10
20260928T200636,13579.035136,69.11103003769914,True,3,8,3:8
20260928T200636,13457.89824,69.11103003769914,True,3,9,3:9
20260928T200636,12448.978944,69.11103003769914,True,6,10,6:10
20260928T200636,12802.15296,69.11103003769914,True,8,10,8:10
20260928T200636,13636.971264,69.11103003769914,True,9,6,9:6
20260928T200636,12341.71264,69.11103003769914,True,12,7,12:7
20260928T200636,13351.501312,69.11103003769914,True,13,8,13:8
20260928T200636,11611.431936,69.11103003769914,True,21,8,21:8
20260928T200636,12490.855936,69.11103003769914,True,24,10,24:10
20260928T200636,13101.945088,69.11103003769914,True,28,8,28:8
20260928T200636,13393.662208,69.11103003769914,True,29,9,29:9
20260928T200636,12580.96,69.11103003769914,True,29,10,29:10
20260928T200636,14149.563136,69.11103003769914,True,31,6,31:6
20260928T200636,12879.656704,69.11103003769914,True,31,7,31:7
20260928T200636,12064.55552,69.11103003769914,True,37,10,37:10
20260928T200636,13451.308544,69.11103003769914,True,39,7,39:7
20260928T200636,12643.875072,69.11103003769914,True,45,10,45:10
20260928T200636,13495.605248,69.11103003769914,True,49,6,49:6
20260928T200636,12199.290624,69.11103003769914,True,58,9,58:9
20260928T200636,14119.129088,69.11103003769914,True,63,6,63:6
20260928T200636,12537.716992,69.11103003769914,True,63,7,63:7
20260928T200637,14543.736064,69.11103003769914,True,4,8,4:8
20260928T200637,14830.457344,69.11103003769914,True,11,6,11:6
20260928T200637,13751.56736,69.11103003769914,True,14,8,14:8
20260928T200637,14040.067584,69.11103003769914,True,15,8,15:8
20260928T200637,12496.758016,69.11103003769914,True,16,8,16:8
20260928T200637,14332.936704,69.11103003769914,True,21,6,21:6
20260928T200637,13049.556736,69.11103003769914,True,23,9,23:9
20260928T200637,14335.00032,69.11103003769914,True,24,9,24:9
20260928T200637,14143.383296,69.11103003769914,True,26,7,26:7
20260928T200637,13200.269824,69.11103003769914,True,30,9,30:9
20260928T200637,14632.070656,69.11103003769914,True,32,7,32:7
20260928T200637,13684.606464,69.11103003769914,True,35,9,35:9
20260928T200637,14283.496704,69.11103003769914,True,44,9,44:9
20260928T200637,13163.364096,69.11103003769914,True,44,10,44:10
20260928T200637,13235.888384,69.11103003769914,True,47,7,47:7
20260928T200637,14112.22784,69.11103003769914,True,52,8,52:8
20260928T200637,14806.725888,69.11103003769914,True,53,8,53:8
20260928T200637,13944.12288,69.11103003769914,True,55,7,55:7
20260928T200637,13135.098624,69.11103003769914,True,56,11,56:11
20260928T200638,14363.59296,69.11103003769914,True,9,7,9:7
20260928T200638,12911.203072,69.11103003769914,True,11,8,11:8
20260928T200638,13724.132864,69.11103003769914,True,12,8,12:8
20260928T200638,14464.877824,69.11103003769914,True,15,9,15:9
20260928T200638,13232.429312,69.11103003769914,True,18,11,18:11
20260928T200638,14596.28032,69.11103003769914,True,25,10,25:10
20260928T200638,15132.249344,69.11103003769914,True,27,7,27:7
20260928T200638,14849.441792,69.11103003769914,True,32,8,32:8
20260928T200638,13926.740224,69.11103003769914,True,32,9,32:9
20260928T200638,13217.585408,69.11103003769914,True,37,11,37:11
20260928T200638,15166.047488,69.11103003769914,True,45,9,45:9
20260928T200638,14718.70976,69.11103003769914,True,46,9,46:9
20260928T200638,14827.935232,69.11103003769914,True,47,6,47:6
20260928T200638,13240.34048,69.11103003769914,True,50,9,50:9
20260928T200638,13697.29152,69.11103003769914,True,52,10,52:10
20260928T200638,13088.658176,69.11103003769914,True,57,8,57:8
20260928T200638,12819.723008,69.11103003769914,True,62,8,62:8
20260928T200639,14563.254272,69.11103003769914,True,3,10,3:10
20260928T200639,15260.724992,69.11103003769914,True,4,10,4:10
20260928T200639,14708.302848,69.11103003769914,True,6,11,6:11
20260928T200639,13825.425408,69.11103003769914,True,10,12,10:12
20260928T200639,15663.895808,69.11103003769914,True,13,9,13:9
20260928T200639,15020.104448,69.11103003769914,True,15,10,15:10
20260928T200639,15179.58272,69.11103003769914,True,16,7,16:7
20260928T200639,15713.932544,69.11103003769914,True,19,7,19:7
20260928T200639,13880.460032,69.11103003769914,True,19,8,19:8
20260928T200639,15878.356224,69.11103003769914,True,20,9,20:9
20260928T200639,14474.21696,69.11103003769914,True,20,10,20:10
20260928T200639,15815.940096,69.11103003769914,True,23,8,23:8
20260928T200639,14835.981568,69.11103003769914,True,24,11,24:11
20260928T200639,15172.753152,69.11103003769914,True,26,8,26:8
20260928T200639,13866.273536,69.11103003769914,True,27,9,27:9
20260928T200639,14087.66336,69.11103003769914,True,34,7,34:7
20260928T200639,14951.77088,69.11103003769914,True,36,9,36:9
20260928T200639,14607.183616,69.11103003769914,True,39,8,39:8
20260928T200639,13673.558272,69.11103003769914,True,39,9,39:9
20260928T200639,14492.164096,69.11103003769914,True,43,8,43:8
20260928T200639,14783.602688,69.11103003769914,True,44,11,44:11
20260928T200639,14496.134144,69.11103003769914,True,45,11,45:11
20260928T200639,13889.720064,69.11103003769914,True,45,12,45:12
20260928T200639,13832.560384,69.11103003769914,True,46,11,46:11
20260928T200639,14582.293248,69.11103003769914,True,49,8,49:8
20260928T200639,15889.624832,69.11103003769914,True,52,9,52:9
20260928T200639,15050.09664,69.11103003769914,True,53,9,53:9
20260928T200639,13811.97696,69.11103003769914,True,53,11,53:11
20260928T200640,15217.847552,69.11103003769914,True,0,9,0:9
20260928T200640,15682.023424,69.11103003769914,True,1,8,1:8
20260928T200640,14905.275648,69.11103003769914,True,3,11,3:11
20260928T200640,15293.859072,69.11103003769914,True,4,11,4:11
20260928T200640,16183.728896,69.11103003769914,True,18,10,18:10
20260928T200640,14326.173184,69.11103003769914,True,21,9,21:9
20260928T200640,14835.100928,69.11103003769914,True,26,9,26:9
20260928T200640,16439.345408,69.11103003769914,True,28,10,28:10
20260928T200640,14517.240576,69.11103003769914,True,28,12,28:12
20260928T200640,15422.43968,69.11103003769914,True,32,10,32:10
20260928T200640,15792.0192,69.11103003769914,True,36,10,36:10
20260928T200640,14898.152448,69.11103003769914,True,40,11,40:11
20260928T200640,14915.994112,69.11103003769914,True,42,9,42:9
20260928T200640,15505.284352,69.11103003769914,True,51,10,51:10
20260928T200640,14904.8256,69.11103003769914,True,51,11,51:11
20260928T200640,15746.672384,69.11103003769914,True,53,10,53:10
20260928T200640,16411.93472,69.11103003769914,True,57,6,57:6
20260928T200640,16074.889472,69.11103003769914,True,57,7,57:7
20260928T200640,16234.263296,69.11103003769914,True,58,8,58:8
20260928T200640,15085.688832,69.11103003769914,True,59,11,59:11
20260928T200640,15696.114176,69.11103003769914,True,61,10,61:10
20260928T200640,15851.679744,69.11103003769914,True,63,8,63:8
20260928T200640,14444.3968,69.11103003769914,True,63,10,63:10
20260928T200641,15752.676608,69.11103003769914,True,1,9,1:9
20260928T200641,15837.089792,69.11103003769914,True,9,8,9:8
20260928T200641,16577.80608,69.11103003769914,True,10,11,10:11
20260928T200641,15516.99072,69.11103003769914,True,23,10,23:10
20260928T200641,15181.03296,69.11103003769914,True,25,12,25:12
20260928T200641,16837.417728,69.11103003769914,True,27,8,27:8
20260928T200641,16282.746624,69.11103003769914,True,29,11,29:11
20260928T200641,16441.342976,69.11103003769914,True,31,8,31:8
20260928T200641,16895.630848,69.11103003769914,True,33,9,33:9
20260928T200641,16497.0752,69.11103003769914,True,35,10,35:10
20260928T200641,14686.395392,69.11103003769914,True,39,10,39:10
20260928T200641,16916.365056,69.11103003769914,True,41,9,41:9
20260928T200641,15027.34592,69.11103003769914,True,51,12,51:12
20260928T200641,16042.317056,69.11103003769914,True,54,9,54:9
20260928T200641,15575.292672,69.11103003769914,True,56,12,56:12
20260928T200642,16832.912128,69.11103003769914,True,0,10,0:10
20260928T200642,17100.785152,69.11103003769914,True,6,12,6:12
20260928T200642,17188.561152,69.11103003769914,True,8,11,8:11
20260928T200642,16096.282368,69.11103003769914,True,11,9,11:9
20260928T200642,16970.217472,69.11103003769914,True,13,11,13:11
20260928T200642,16060.065024,69.11103003769914,True,14,12,14:12
20260928T200642,16347.101696,69.11103003769914,True,15,11,15:11
20260928T200642,16539.614976,69.11103003769914,True,15,12,15:12
20260928T200642,16634.623744,69.11103003769914,True,16,9,16:9
20260928T200642,16790.473984,69.11103003769914,True,17,9,17:9
20260928T200642,16831.535104,69.11103003769914,True,22,9,22:9
20260928T200642,17195.580416,69.11103003769914,True,25,11,25:11
20260928T200642,16132.129024,69.11103003769914,True,27,10,27:10
20260928T200642,17704.299264,69.11103003769914,True,30,10,30:10
20260928T200642,16780.190208,69.11103003769914,True,30,11,30:11
20260928T200642,16541.352192,69.11103003769914,True,34,8,34:8
20260928T200642,16474.353664,69.11103003769914,True,35,11,35:11
20260928T200642,17203.547648,69.11103003769914,True,38,9,38:9
20260928T200642,17931.985408,69.11103003769914,True,40,10,40:10
20260928T200642,16026.406656,69.11103003769914,True,43,9,43:9
20260928T200642,15830.199808,69.11103003769914,True,50,11,50:11
20260928T200642,16201.102848,69.11103003769914,True,52,12,52:12
20260928T200642,16158.63424,69.11103003769914,True,54,10,54:10
20260928T200642,17195.245568,69.11103003769914,True,55,8,55:8
20260928T200642,16574.611456,69.11103003769914,True,58,10,58:10
20260928T200642,16635.536128,69.11103003769914,True,61,11,61:11
20260928T200642,15712.237568,69.11103003769914,True,62,9,62:9
20260928T200643,17209.551872,69.11103003769914,True,2,11,2:11
20260928T200643,17608.583424,69.11103003769914,True,4,12,4:12
20260928T200643,17033.92256,69.11103003769914,True,5,10,5:10
20260928T200643,16534.189312,69.11103003769914,True,6,14,6:14
20260928T200643,17938.965248,69.11103003769914,True,7,8,7:8
20260928T200643,17828.05248,69.11103003769914,True,8,12,8:12
20260928T200643,16632.216064,69.11103003769914,True,13,13,13:13
20260928T200643,17315.131136,69.11103003769914,True,18,12,18:12
20260928T200643,17177.617152,69.11103003769914,True,26,10,26:10
20260928T200643,16695.255808,69.11103003769914,True,27,11,27:11
20260928T200643,18410.292992,69.11103003769914,True,28,11,28:11
20260928T200643,17834.81216,69.11103003769914,True,29,12,29:12
20260928T200643,17182.875392,69.11103003769914,True,33,10,33:10
20260928T200643,16151.104256,69.11103003769914,True,37,13,37:13
20260928T200643,16845.810944,69.11103003769914,True,44,13,44:13
20260928T200643,17582.448384,69.11103003769914,True,47,8,47:8
20260928T200643,16709.445888,69.11103003769914,True,47,9,47:9
20260928T200643,18249.410816,69.11103003769914,True,48,8,48:8
20260928T200643,16937.223168,69.11103003769914,True,53,13,53:13
20260928T200643,16842.376448,69.11103003769914,True,56,13,56:13
20260928T200643,17090.899968,69.11103003769914,True,59,13,59:13
20260928T200644,17210.980096,69.11103003769914,True,3,13,3:13
20260928T200644,17901.984512,69.11103003769914,True,7,9,7:9
20260928T200644,17612.640256,69.11103003769914,True,8,13,8:13
20260928T200644,17631.253504,69.11103003769914,True,9,10,9:10
20260928T200644,18488.348416,69.11103003769914,True,12,9,12:9
20260928T200644,18993.7152,69.11103003769914,True,14,11,14:11
20260928T200644,17191.91168,69.11103003769914,True,20,12,20:12
20260928T200644,17355.579392,69.11103003769914,True,31,10,31:10
20260928T200644,18153.732608,69.11103003769914,True,32,11,32:11
20260928T200644,18830.774272,69.11103003769914,True,36,11,36:11
20260928T200644,18418.235904,69.11103003769914,True,44,12,44:12
20260928T200644,17415.190784,69.11103003769914,True,48,9,48:9
20260928T200644,19116.08576,69.11103003769914,True,49,9,49:9
20260928T200644,18457.643776,69.11103003769914,True,52,11,52:11
20260928T200644,18137.978624,69.11103003769914,True,53,12,53:12
20260928T200644,17540.119296,69.11103003769914,True,54,11,54:11
20260928T200644,18242.72128,69.11103003769914,True,55,9,55:9
20260928T200644,18710.415104,69.11103003769914,True,59,12,59:12
20260928T200645,17940.188672,69.11103003769914,True,0,12,0:12
20260928T200645,19267.375616,69.11103003769914,True,1,10,1:10
20260928T200645,18602.469376,69.11103003769914,True,10,13,10:13
20260928T200645,18748.165888,69.11103003769914,True,16,10,16:10
20260928T200645,17500.080384,69.11103003769914,True,20,13,20:13
20260928T200645,19679.50848,69.11103003769914,True,24,12,24:12
20260928T200645,17897.041664,69.11103003769914,True,26,11,26:11
20260928T200645,18173.39776,69.11103003769914,True,32,13,32:13
20260928T200645,17983.721472,69.11103003769914,True,35,12,35:12
20260928T200645,18981.483008,69.11103003769914,True,36,12,36:12
20260928T200645,17997.383936,69.11103003769914,True,39,11,39:11
20260928T200645,18665.825792,69.11103003769914,True,40,12,40:12
20260928T200645,18022.48576,69.11103003769914,True,41,12,41:12
20260928T200645,18185.37856,69.11103003769914,True,45,15,45:15
20260928T200645,18459.670272,69.11103003769914,True,46,13,46:13
20260928T200645,17840.918784,69.11103003769914,True,59,14,59:14
20260928T200646,19799.22688,69.11103003769914,True,0,11,0:11
20260928T200646,20705.5936,69.11103003769914,True,3,12,3:12
20260928T200646,20119.22048,69.11103003769914,True,4,13,4:13
20260928T200646,19525.655552,69.11103003769914,True,4,14,4:14
20260928T200646,20740.98816,69.11103003769914,True,9,9,9:9
20260928T200646,18673.774336,69.11103003769914,True,10,14,10:14
20260928T200646,20012.623872,69.11103003769914,True,13,12,13:12
20260928T200646,20025.961984,69.11103003769914,True,17,10,17:10
20260928T200646,19620.600576,69.11103003769914,True,17,11,17:11
20260928T200646,19769.738752,69.11103003769914,True,18,13,18:13
20260928T200646,19331.186688,69.11103003769914,True,19,9,19:9
20260928T200646,20035.08992,69.11103003769914,True,20,11,20:11
20260928T200646,18625.503744,69.11103003769914,True,21,10,21:10
20260928T200646,20011.496448,69.11103003769914,True,23,11,23:11
20260928T200646,19533.993728,69.11103003769914,True,24,13,24:13
20260928T200646,19712.110848,69.11103003769914,True,29,13,29:13
20260928T200646,20243.09632,69.11103003769914,True,30,12,30:12
20260928T200646,19405.293312,69.11103003769914,True,30,13,30:13
20260928T200646,20260.797952,69.11103003769914,True,31,9,31:9
20260928T200646,19375.298304,69.11103003769914,True,32,12,32:12
20260928T200646,19138.947328,69.11103003769914,True,33,11,33:11
20260928T200646,18873.352192,69.11103003769914,True,33,12,33:12
20260928T200646,18589.490688,69.11103003769914,True,36,13,36:13
20260928T200646,20314.052352,69.11103003769914,True,37,12,37:12
20260928T200646,20160.651008,69.11103003769914,True,38,10,38:10
20260928T200646,18497.563904,69.11103003769914,True,42,12,42:12
20260928T200646,19964.431872,69.11103003769914,True,45,13,45:13
20260928T200646,20071.024128,69.11103003769914,True,45,14,45:14
20260928T200646,20053.70496,69.11103003769914,True,50,10,50:10
20260928T200646,18419.19872,69.11103003769914,True,52,13,52:13
20260928T200646,19307.506944,69.11103003769914,True,57,9,57:9
20260928T200646,18321.157632,69.11103003769914,True,58,12,58:12
20260928T200647,20455.424768,69.11103003769914,True,2,12,2:12
20260928T200647,19737.268992,69.11103003769914,True,7,10,7:10
20260928T200647,20349.535744,69.11103003769914,True,11,10,11:10
20260928T200647,19435.075072,69.11103003769914,True,11,11,11:11
20260928T200647,19152.002816,69.11103003769914,True,13,14,13:14
20260928T200647,19112.170496,69.11103003769914,True,14,13,14:13
20260928T200647,20939.366144,69.11103003769914,True,25,13,25:13
20260928T200647,20118.209536,69.11103003769914,True,25,14,25:14
20260928T200647,18973.019904,69.11103003769914,True,36,14,36:14
20260928T200647,19666.24384,69.11103003769914,True,39,12,39:12
20260928T200647,21084.648704,69.11103003769914,True,41,11,41:11
20260928T200647,19363.783936,69.11103003769914,True,45,16,45:16
20260928T200647,20525.308928,69.11103003769914,True,49,10,49:10
20260928T200647,19993.0752,69.11103003769914,True,55,10,55:10
20260928T200647,21257.522944,69.11103003769914,True,58,11,58:11
20260928T200647,20582.905344,69.11103003769914,True,61,12,61:12
20260928T200647,19913.046272,69.11103003769914,True,63,12,63:12
20260928T200648,20754.812672,69.11103003769914,True,5,11,5:11
20260928T200648,20852.384,69.11103003769914,True,6,15,6:15
20260928T200648,20900.496128,69.11103003769914,True,12,10,12:10
20260928T200648,21448.48384,69.11103003769914,True,15,13,15:13
20260928T200648,19877.113856,69.11103003769914,True,16,11,16:11
20260928T200648,22033.942784,69.11103003769914,True,22,10,22:10
20260928T200648,20321.062144,69.11103003769914,True,30,14,30:14
20260928T200648,21902.49344,69.11103003769914,True,34,9,34:9
20260928T200648,20475.975424,69.11103003769914,True,35,13,35:13
20260928T200648,21451.836928,69.11103003769914,True,42,11,42:11
20260928T200648,20627.322112,69.11103003769914,True,44,14,44:14
20260928T200648,20337.37728,69.11103003769914,True,46,14,46:14
20260928T200648,20493.006592,69.11103003769914,True,47,10,47:10
20260928T200648,20308.3072,69.11103003769914,True,52,14,52:14
20260928T200648,20600.370944,69.11103003769914,True,53,14,53:14
20260928T200648,20809.511936,69.11103003769914,True,54,12,54:12
20260928T200648,21085.604352,69.11103003769914,True,56,14,56:14
20260928T200649,20538.181632,69.11103003769914,True,0,13,0:13
20260928T200649,22420.588288,69.11103003769914,True,1,11,1:11
20260928T200649,21555.97312,69.11103003769914,True,4,15,4:15
20260928T200649,21176.486912,69.11103003769914,True,8,15,8:15
20260928T200649,20822.18368,69.11103003769914,True,9,11,9:11
20260928T200649,20872.145152,69.11103003769914,True,10,15,10:15
20260928T200649,20770.362624,69.11103003769914,True,13,15,13:15
20260928T200649,21046.047232,69.11103003769914,True,22,12,22:12
20260928T200649,20662.863616,69.11103003769914,True,25,15,25:15
20260928T200649,21320.442112,69.11103003769914,True,27,12,27:12
20260928T200649,20633.917952,69.11103003769914,True,27,13,27:13
20260928T200649,21911.341312,69.11103003769914,True,28,13,28:13
20260928T200649,21432.701952,69.11103003769914,True,31,11,31:11
20260928T200649,21983.15264,69.11103003769914,True,37,14,37:14
20260928T200649,22157.799936,69.11103003769914,True,40,13,40:13
20260928T200649,22187.087104,69.11103003769914,True,43,10,43:10
20260928T200649,20758.044416,69.11103003769914,True,43,11,43:11
20260928T200649,20624.057856,69.11103003769914,True,44,15,44:15
20260928T200649,21787.53664,69.11103003769914,True,49,11,49:11
20260928T200649,22084.529408,69.11103003769914,True,50,12,50:12
20260928T200649,20926.0032,69.11103003769914,True,53,15,53:15
20260928T200649,20792.567296,69.11103003769914,True,56,15,56:15
20260928T200649,20897.801472,69.11103003769914,True,56,16,56:16
20260928T200649,21672.376064,69.11103003769914,True,59,15,59:15
20260928T200649,22071.62752,69.11103003769914,True,60,10,60:10
20260928T200649,21896.946432,69.11103003769914,True,62,10,62:10
20260928T200649,22519.196416,69.11103003769914,True,63,11,63:11
20260928T200649,21467.878656,69.11103003769914,True,63,13,63:13
20260928T200650,22686.508032,69.11103003769914,True,2,14,2:14
20260928T200650,21942.945792,69.11103003769914,True,3,15,3:15
20260928T200650,21105.316864,69.11103003769914,True,7,11,7:11
20260928T200650,22673.742592,69.11103003769914,True,12,11,12:11
20260928T200650,22238.244352,69.11103003769914,True,19,10,19:10
20260928T200650,22568.107264,69.11103003769914,True,23,12,23:12
20260928T200650,21335.635968,69.11103003769914,True,23,14,23:14
20260928T200650,22085.657856,69.11103003769914,True,26,12,26:12
20260928T200650,22230.436352,69.11103003769914,True,28,14,28:14
20260928T200650,22571.735552,69.11103003769914,True,32,14,32:14
20260928T200650,22537.143808,69.11103003769914,True,38,11,38:11
20260928T200650,22428.813312,69.11103003769914,True,42,13,42:13
20260928T200650,21014.600704,69.11103003769914,True,44,16,44:16
20260928T200650,22461.56672,69.11103003769914,True,48,10,48:10
20260928T200650,21319.768064,69.11103003769914,True,58,13,58:13
20260928T200650,21419.43168,69.11103003769914,True,59,16,59:16
20260928T200650,21559.99872,69.11103003769914,True,60,12,60:12
20260928T200650,22138.508032,69.11103003769914,True,61,14,61:14
20260928T200651,22660.515584,69.11103003769914,True,5,12,5:12
20260928T200651,23773.640192,69.11103003769914,True,15,14,15:14
20260928T200651,23571.24736,69.11103003769914,True,18,14,18:14
20260928T200651,22436.912896,69.11103003769914,True,19,11,19:11
20260928T200651,22884.190208,69.11103003769914,True,20,15,20:15
20260928T200651,22285.78304,69.11103003769914,True,26,13,26:13
20260928T200651,21968.849408,69.11103003769914,True,41,14,41:14
20260928T200651,22743.198208,69.11103003769914,True,48,11,48:11
20260928T200651,22376.48896,69.11103003769914,True,50,13,50:13
20260928T200651,23466.920448,69.11103003769914,True,51,13,51:13
20260928T200651,23234.570752,69.11103003769914,True,51,14,51:14
20260928T200651,22130.49088,69.11103003769914,True,55,11,55:11
20260928T200651,23806.882816,69.11103003769914,True,60,11,60:11
20260928T200651,23637.883136,69.11103003769914,True,61,13,61:13
20260928T200652,24553.432576,69.11103003769914,True,3,14,3:14
20260928T200652,24307.651584,69.11103003769914,True,4,16,4:16
20260928T200652,24243.849728,69.11103003769914,True,6,16,6:16
20260928T200652,23951.613696,69.11103003769914,True,20,14,20:14
20260928T200652,23875.38048,69.11103003769914,True,21,11,21:11
20260928T200652,24302.815232,69.11103003769914,True,23,13,23:13
20260928T200652,23196.769024,69.11103003769914,True,25,16,25:16
20260928T200652,24377.931008,69.11103003769914,True,29,14,29:14
20260928T200652,23309.256704,69.11103003769914,True,29,16,29:16
20260928T200652,23433.166336,69.11103003769914,True,35,14,35:14
20260928T200652,23536.107776,69.11103003769914,True,40,14,40:14
20260928T200652,23656.204288,69.11103003769914,True,46,15,46:15
20260928T200652,23492.33536,69.11103003769914,True,47,11,47:11
20260928T200652,24132.25984,69.11103003769914,True,57,10,57:10
20260928T200652,23084.369152,69.11103003769914,True,62,12,62:12
20260928T200653,23813.943552,69.11103003769914,True,6,17,6:17
20260928T200653,24568.069632,69.11103003769914,True,13,16,13:16
20260928T200653,25383.90144,69.11103003769914,True,15,15,15:15
20260928T200653,24201.476608,69.11103003769914,True,18,15,18:15
20260928T200653,24146.421504,69.11103003769914,True,28,16,28:16
20260928T200653,24427.791872,69.11103003769914,True,31,12,31:12
20260928T200653,23905.052672,69.11103003769914,True,33,14,33:14
20260928T200653,23874.144768,69.11103003769914,True,34,11,34:11
20260928T200653,23670.05824,69.11103003769914,True,37,16,37:16
20260928T200653,24720.154624,69.11103003769914,True,38,12,38:12
20260928T200653,24362.158336,69.11103003769914,True,45,17,45:17
20260928T200653,24278.243328,69.11103003769914,True,47,12,47:12
20260928T200653,23982.65856,69.11103003769914,True,52,15,52:15
20260928T200653,24997.982464,69.11103003769914,True,54,13,54:13
20260928T200653,23583.546368,69.11103003769914,True,58,14,58:14
20260928T200654,24401.654528,69.11103003769914,True,1,13,1:13
20260928T200654,25640.954112,69.11103003769914,True,2,15,2:15
20260928T200654,24652.28288,69.11103003769914,True,3,16,3:16
20260928T200654,25738.940928,69.11103003769914,True,8,16,8:16
20260928T200654,24166.840576,69.11103003769914,True,8,17,8:17
20260928T200654,24965.101824,69.11103003769914,True,10,16,10:16
20260928T200654,25502.851584,69.11103003769914,True,17,12,17:12
20260928T200654,24459.129344,69.11103003769914,True,32,16,32:16
20260928T200654,25887.587072,69.11103003769914,True,33,13,33:13
20260928T200654,25523.06048,69.11103003769914,True,36,15,36:15
20260928T200654,24458.249472,69.11103003769914,True,36,16,36:16
20260928T200654,25486.968576,69.11103003769914,True,37,15,37:15
20260928T200654,25947.940608,69.11103003769914,True,41,13,41:13
20260928T200654,25254.456576,69.11103003769914,True,42,14,42:14
20260928T200654,24998.458368,69.11103003769914,True,44,17,44:17
20260928T200654,24841.796608,69.11103003769914,True,56,17,56:17
20260928T200654,24744.850432,69.11103003769914,True,59,17,59:17
20260928T200654,24665.529088,69.11103003769914,True,61,16,61:16
20260928T200655,26674.842368,69.11103003769914,True,1,12,1:12
20260928T200655,25136.324096,69.11103003769914,True,5,13,5:13
20260928T200655,25559.048192,69.11103003769914,True,7,12,7:12
20260928T200655,25815.207168,69.11103003769914,True,12,12,12:12
20260928T200655,25201.881856,69.11103003769914,True,14,15,14:15
20260928T200655,26714.185728,69.11103003769914,True,15,16,15:16
20260928T200655,25711.503616,69.11103003769914,True,17,13,17:13
20260928T200655,25500.48,69.11103003769914,True,20,16,20:16
20260928T200655,25435.05152,69.11103003769914,True,24,17,24:17
20260928T200655,25271.94624,69.11103003769914,True,25,17,25:17
20260928T200655,26352.306176,69.11103003769914,True,28,15,28:15
20260928T200655,26234.575616,69.11103003769914,True,29,15,29:15
20260928T200655,26174.873088,69.11103003769914,True,30,15,30:15
20260928T200655,26274.82112,69.11103003769914,True,32,15,32:15
20260928T200655,25794.747904,69.11103003769914,True,35,15,35:15
20260928T200655,26616.50304,69.11103003769914,True,39,13,39:13
20260928T200655,25540.327936,69.11103003769914,True,43,12,43:12
20260928T200655,25155.222016,69.11103003769914,True,45,18,45:18
20260928T200655,26289.454848,69.11103003769914,True,46,16,46:16
20260928T200655,25367.039744,69.11103003769914,True,50,14,50:14
20260928T200655,25727.51616,69.11103003769914,True,53,16,53:16
20260928T200656,26745.541888,69.11103003769914,True,4,17,4:17
20260928T200656,26484.997888,69.11103003769914,True,6,18,6:18
20260928T200656,26108.73856,69.11103003769914,True,8,18,8:18
20260928T200656,26750.235136,69.11103003769914,True,9,12,9:12
20260928T200656,27091.30368,69.11103003769914,True,11,12,11:12
20260928T200656,27145.516288,69.11103003769914,True,16,12,16:12
20260928T200656,26153.909248,69.11103003769914,True,16,13,16:13
20260928T200656,26778.536192,69.11103003769914,True,19,12,19:12
20260928T200656,26871.917312,69.11103003769914,True,38,13,38:13
20260928T200656,25876.016128,69.11103003769914,True,42,15,42:15
20260928T200656,25888.65792,69.11103003769914,True,44,18,44:18
20260928T200656,27157.355776,69.11103003769914,True,46,17,46:17
20260928T200656,26411.934208,69.11103003769914,True,49,13,49:13
20260928T200656,26942.87488,69.11103003769914,True,54,14,54:14
20260928T200656,26271.863808,69.11103003769914,True,56,18,56:18
20260928T200656,27587.894272,69.11103003769914,True,57,11,57:11
20260928T200656,25871.008256,69.11103003769914,True,57,12,57:12
20260928T200656,26955.630336,69.11103003769914,True,61,15,61:15
20260928T200656,26270.440192,69.11103003769914,True,62,13,62:13
20260928T200656,27347.10272,69.11103003769914,True,63,14,63:14
20260928T200657,28075.429376,69.11103003769914,True,0,14,0:14
20260928T200657,27729.94176,69.11103003769914,True,4,18,4:18
20260928T200657,26920.975104,69.11103003769914,True,10,17,10:17
20260928T200657,26433.014784,69.11103003769914,True,17,14,17:14
20260928T200657,27801.70496,69.11103003769914,True,21,12,21:12
20260928T200657,27537.948416,69.11103003769914,True,22,13,22:13
20260928T200657,27776.350208,69.11103003769914,True,23,15,23:15
20260928T200657,27916.348672,69.11103003769914,True,27,14,27:14
20260928T200657,27431.228928,69.11103003769914,True,40,15,40:15
20260928T200657,27561.564672,69.11103003769914,True,41,15,41:15
20260928T200657,26655.794944,69.11103003769914,True,49,14,49:14
20260928T200657,26724.87808,69.11103003769914,True,54,15,54:15
20260928T200657,26680.419328,69.11103003769914,True,59,19,59:19
20260928T200658,27533.632512,69.11103003769914,True,7,13,7:13
20260928T200658,28263.342848,69.11103003769914,True,11,13,11:13
20260928T200658,27668.337408,69.11103003769914,True,11,14,11:14
20260928T200658,28180.886272,69.11103003769914,True,15,17,15:17
20260928T200658,27500.61824,69.11103003769914,True,16,14,16:14
20260928T200658,28959.721216,69.11103003769914,True,18,16,18:16
20260928T200658,27614.6816,69.11103003769914,True,24,18,24:18
20260928T200658,27580.273152,69.11103003769914,True,29,17,29:17
20260928T200658,27336.110848,69.11103003769914,True,36,17,36:17
20260928T200658,27638.967808,69.11103003769914,True,37,17,37:17
20260928T200658,28084.049408,69.11103003769914,True,48,12,48:12
20260928T200658,29112.556288,69.11103003769914,True,51,15,51:15
20260928T200658,28200.110848,69.11103003769914,True,52,16,52:16
20260928T200659,29288.753408,69.11103003769914,True,0,15,0:15
20260928T200659,27945.972992,69.11103003769914,True,1,14,1:14
20260928T200659,28756.17792,69.11103003769914,True,3,17,3:17
20260928T200659,28760.166656,69.11103003769914,True,4,19,4:19
20260928T200659,29027.51232,69.11103003769914,True,10,18,10:18
20260928T200659,27911.778816,69.11103003769914,True,13,18,13:18
20260928T200659,28513.659904,69.11103003769914,True,26,14,26:14
20260928T200659,28976.297472,69.11103003769914,True,30,16,30:16
20260928T200659,28467.563776,69.11103003769914,True,30,17,30:17
20260928T200659,27830.956288,69.11103003769914,True,43,13,43:13
20260928T200659,28482.105856,69.11103003769914,True,45,19,45:19
20260928T200659,28184.649472,69.11103003769914,True,46,19,46:19
20260928T200659,29713.535488,69.11103003769914,True,55,12,55:12
20260928T200659,29393.884672,69.11103003769914,True,59,18,59:18
20260928T200659,28779.827712,69.11103003769914,True,63,15,63:15
20260928T200700,30067.458816,69.11103003769914,True,14,16,14:16
20260928T200700,28992.637696,69.11103003769914,True,15,18,15:18
20260928T200700,29541.786624,69.11103003769914,True,18,17,18:17
20260928T200700,29475.729664,69.11103003769914,True,23,16,23:16
20260928T200700,28588.78208,69.11103003769914,True,25,18,25:18
20260928T200700,30200.208896,69.11103003769914,True,31,13,31:13
20260928T200700,29245.310464,69.11103003769914,True,31,14,31:14
20260928T200700,30194.63552,69.11103003769914,True,32,17,32:17
20260928T200700,30610.64576,69.11103003769914,True,34,12,34:12
20260928T200700,29643.435776,69.11103003769914,True,35,16,35:16
20260928T200700,29109.105152,69.11103003769914,True,40,17,40:17
20260928T200700,28884.696576,69.11103003769914,True,41,16,41:16
20260928T200700,29845.69856,69.11103003769914,True,47,13,47:13
20260928T200700,29126.906368,69.11103003769914,True,47,14,47:14
20260928T200700,29153.719808,69.11103003769914,True,48,13,48:13
20260928T200700,30073.518848,69.11103003769914,True,50,15,50:15
20260928T200700,30347.462912,69.11103003769914,True,51,16,51:16
20260928T200700,29404.279808,69.11103003769914,True,52,17,52:17
20260928T200700,28747.288576,69.11103003769914,True,52,18,52:18
20260928T200700,29429.57312,69.11103003769914,True,53,17,53:17
20260928T200700,28732.752128,69.11103003769914,True,53,18,53:18
20260928T200700,29019.33952,69.11103003769914,True,60,14,60:14
20260928T200700,29002.227712,69.11103003769914,True,61,18,61:18
20260928T200701,29978.624768,69.11103003769914,True,3,18,3:18
20260928T200701,29969.806592,69.11103003769914,True,4,20,4:20
20260928T200701,31052.290304,69.11103003769914,True,9,13,9:13
20260928T200701,29884.10496,69.11103003769914,True,10,19,10:19
20260928T200701,30412.879872,69.11103003769914,True,12,13,12:13
20260928T200701,30810.274304,69.11103003769914,True,13,17,13:17
20260928T200701,29569.281792,69.11103003769914,True,13,19,13:19
20260928T200701,29543.77216,69.11103003769914,True,17,15,17:15
20260928T200701,30149.008128,69.11103003769914,True,22,15,22:15
20260928T200701,31067.232256,69.11103003769914,True,28,17,28:17
20260928T200701,29832.700416,69.11103003769914,True,32,18,32:18
20260928T200701,31165.265408,69.11103003769914,True,33,15,33:15
20260928T200701,29964.498432,69.11103003769914,True,34,13,34:13
20260928T200701,29827.869184,69.11103003769914,True,35,17,35:17
20260928T200701,30513.02528,69.11103003769914,True,38,14,38:14
20260928T200701,31208.465664,69.11103003769914,True,39,14,39:14
20260928T200701,29707.369472,69.11103003769914,True,39,15,39:15
20260928T200701,29685.349376,69.11103003769914,True,45,20,45:20
20260928T200701,29863.555072,69.11103003769914,True,45,21,45:21
20260928T200701,30850.640128,69.11103003769914,True,46,18,46:18
20260928T200701,30239.584,69.11103003769914,True,54,16,54:16
20260928T200701,30225.699584,69.11103003769914,True,56,19,56:19
20260928T200702,30844.342784,69.11103003769914,True,1,15,1:15
20260928T200702,31422.836224,69.11103003769914,True,6,19,6:19
20260928T200702,30837.8496,69.11103003769914,True,18,18,18:18
20260928T200702,30047.524352,69.11103003769914,True,26,16,26:16
20260928T200702,31471.80032,69.11103003769914,True,27,15,27:15
20260928T200702,30072.790016,69.11103003769914,True,30,18,30:18
20260928T200702,30529.316608,69.11103003769914,True,31,15,31:15
20260928T200702,31279.846656,69.11103003769914,True,57,13,57:13
20260928T200702,30719.619072,69.11103003769914,True,58,16,58:16
20260928T200703,31604.17664,69.11103003769914,True,5,15,5:15
20260928T200703,31373.889536,69.11103003769914,True,11,15,11:15
20260928T200703,31416.001792,69.11103003769914,True,14,17,14:17
20260928T200703,31203.506432,69.11103003769914,True,18,19,18:19
20260928T200703,32008.543232,69.11103003769914,True,22,14,22:14
20260928T200703,31494.170112,69.11103003769914,True,24,19,24:19
20260928T200703,32285.1776,69.11103003769914,True,26,15,26:15
20260928T200703,31236.525568,69.11103003769914,True,27,16,27:16
20260928T200703,31080.13312,69.11103003769914,True,29,19,29:19
20260928T200703,31449.433344,69.11103003769914,True,37,19,37:19
20260928T200703,32400.61952,69.11103003769914,True,40,16,40:16
20260928T200703,31370.656512,69.11103003769914,True,41,17,41:17
20260928T200703,31447.901184,69.11103003769914,True,46,20,46:20
20260928T200703,31163.885312,69.11103003769914,True,60,15,60:15
20260928T200703,31760.515328,69.11103003769914,True,63,16,63:16
20260928T200704,33005.091584,69.11103003769914,True,0,16,0:16
20260928T200704,31960.428288,69.11103003769914,True,0,17,0:17
20260928T200704,33470.293504,69.11103003769914,True,2,17,2:17
20260928T200704,32254.222336,69.11103003769914,True,9,14,9:14
20260928T200704,33196.755712,69.11103003769914,True,21,13,21:13
20260928T200704,32471.32288,69.11103003769914,True,23,17,23:17
20260928T200704,32322.261248,69.11103003769914,True,25,19,25:19
20260928T200704,32958.920192,69.11103003769914,True,28,18,28:18
20260928T200704,32367.596288,69.11103003769914,True,28,19,28:19
20260928T200704,32312.138496,69.11103003769914,True,33,16,33:16
20260928T200704,33270.865152,69.11103003769914,True,44,19,44:19
20260928T200704,32629.169408,69.11103003769914,True,51,17,51:17
20260928T200704,32121.878784,69.11103003769914,True,52,19,52:19
20260928T200704,32937.033472,69.11103003769914,True,55,13,55:13
20260928T200704,32149.286144,69.11103003769914,True,58,17,58:17
20260928T200704,32752.01152,69.11103003769914,True,62,14,62:14
20260928T200704,31936.679168,69.11103003769914,True,62,15,62:15
20260928T200705,33242.929664,69.11103003769914,True,3,19,3:19
20260928T200705,33800.954624,69.11103003769914,True,6,20,6:20
20260928T200705,33275.872256,69.11103003769914,True,19,14,19:14
20260928T200705,33118.275328,69.11103003769914,True,21,14,21:14
20260928T200705,33805.841664,69.11103003769914,True,29,18,29:18
20260928T200705,32669.098496,69.11103003769914,True,33,17,33:17
20260928T200705,32572.50816,69.11103003769914,True,36,19,36:19
20260928T200705,33797.732096,69.11103003769914,True,37,18,37:18
20260928T200705,32803.453952,69.11103003769914,True,39,16,39:16
20260928T200705,33737.575424,69.11103003769914,True,50,16,50:16
20260928T200705,33111.243264,69.11103003769914,True,50,17,50:17
20260928T200705,33268.320256,69.11103003769914,True,51,18,51:18
20260928T200705,33393.071872,69.11103003769914,True,56,20,56:20
20260928T200706,34383.501056,69.11103003769914,True,7,14,7:14
20260928T200706,35130.374656,69.11103003769914,True,8,19,8:19
20260928T200706,33918.211584,69.11103003769914,True,8,20,8:20
20260928T200706,35032.545536,69.11103003769914,True,15,19,15:19
20260928T200706,33501.106176,69.11103003769914,True,19,15,19:15
20260928T200706,34778.613504,69.11103003769914,True,20,18,20:18
20260928T200706,33446.34112,69.11103003769914,True,37,20,37:20
20260928T200706,34217.005056,69.11103003769914,True,38,15,38:15
20260928T200706,34348.97664,69.11103003769914,True,40,18,40:18
20260928T200706,33964.686336,69.11103003769914,True,43,14,43:14
20260928T200706,33826.007552,69.11103003769914,True,46,21,46:21
20260928T200706,33308.176128,69.11103003769914,True,47,15,47:15
20260928T200706,34692.70528,69.11103003769914,True,49,15,49:15
20260928T200706,34099.433728,69.11103003769914,True,54,17,54:17
20260928T200706,33591.06688,69.11103003769914,True,59,21,59:21
20260928T200707,35579.699968,69.11103003769914,True,10,20,10:20
20260928T200707,35600.746496,69.11103003769914,True,12,14,12:14
20260928T200707,34862.774528,69.11103003769914,True,13,20,13:20
20260928T200707,34683.64288,69.11103003769914,True,15,20,15:20
20260928T200707,35701.49888,69.11103003769914,True,16,15,16:15
20260928T200707,35648.389888,69.11103003769914,True,36,18,36:18
20260928T200707,35186.95168,69.11103003769914,True,44,20,44:20
20260928T200707,35351.176448,69.11103003769914,True,53,19,53:19
20260928T200707,34810.798592,69.11103003769914,True,59,20,59:20
20260928T200707,35031.378944,69.11103003769914,True,61,19,61:19
20260928T200708,36078.085376,69.11103003769914,True,4,21,4:21
20260928T200708,35808.83968,69.11103003769914,True,5,16,5:16
20260928T200708,35609.46048,69.11103003769914,True,12,15,12:15
20260928T200708,35254.140928,69.11103003769914,True,16,16,16:16
20260928T200708,35096.141568,69.11103003769914,True,29,20,29:20
20260928T200708,35315.542016,69.11103003769914,True,30,19,30:19
20260928T200708,36035.757056,69.11103003769914,True,32,19,32:19
20260928T200708,35079.996672,69.11103003769914,True,32,20,32:20
20260928T200708,36268.74496,69.11103003769914,True,34,14,34:14
20260928T200708,35666.360576,69.11103003769914,True,44,21,44:21
20260928T200708,35664.184576,69.11103003769914,True,45,22,45:22
20260928T200708,35302.005248,69.11103003769914,True,49,16,49:16
20260928T200708,35202.575616,69.11103003769914,True,51,19,51:19
20260928T200708,35594.18368,69.11103003769914,True,56,21,56:21
20260928T200709,36776.437504,69.11103003769914,True,1,16,1:16
20260928T200709,36727.144448,69.11103003769914,True,10,21,10:21
20260928T200709,36806.291968,69.11103003769914,True,14,18,14:18
20260928T200709,36261.511936,69.11103003769914,True,20,19,20:19
20260928T200709,36884.688384,69.11103003769914,True,24,21,24:21
20260928T200709,36295.430144,69.11103003769914,True,35,18,35:18
20260928T200709,36521.30944,69.11103003769914,True,42,17,42:17
20260928T200709,36809.737216,69.11103003769914,True,48,14,48:14
20260928T200709,35819.890176,69.11103003769914,True,50,18,50:18
20260928T200709,36450.087936,69.11103003769914,True,52,20,52:20
20260928T200710,36931.19872,69.11103003769914,True,7,15,7:15
20260928T200710,36991.54944,69.11103003769914,True,8,21,8:21
20260928T200710,37646.148352,69.11103003769914,True,9,15,9:15
20260928T200710,37590.394368,69.11103003769914,True,14,19,14:19
20260928T200710,36792.747264,69.11103003769914,True,17,16,17:16
20260928T200710,37230.312704,69.11103003769914,True,22,16,22:16
20260928T200710,38089.513472,69.11103003769914,True,28,20,28:20
20260928T200710,37143.238144,69.11103003769914,True,38,17,38:17
20260928T200710,37543.027968,69.11103003769914,True,39,17,39:17
20260928T200710,37620.355072,69.11103003769914,True,53,20,53:20
20260928T200710,37049.182208,69.11103003769914,True,53,21,53:21
20260928T200710,37647.51232,69.11103003769914,True,55,14,55:14
20260928T200710,37914.41152,69.11103003769914,True,57,14,57:14
20260928T200710,36795.47648,69.11103003769914,True,60,16,60:16
20260928T200711,37535.572736,69.11103003769914,True,2,20,2:20
20260928T200711,38700.692992,69.11103003769914,True,6,21,6:21
20260928T200711,37669.65376,69.11103003769914,True,13,21,13:21
20260928T200711,38228.147712,69.11103003769914,True,21,15,21:15
20260928T200711,38672.896768,69.11103003769914,True,27,17,27:17
20260928T200711,38008.975872,69.11103003769914,True,33,18,33:18
20260928T200711,37880.096256,69.11103003769914,True,35,19,35:19
20260928T200711,38177.165824,69.11103003769914,True,38,16,38:16
20260928T200711,37918.633472,69.11103003769914,True,45,23,45:23
20260928T200711,37111.25248,69.11103003769914,True,51,20,51:20
20260928T200711,38218.248704,69.11103003769914,True,58,18,58:18
20260928T200711,37684.929792,69.11103003769914,True,63,19,63:19
20260928T200712,39337.214208,69.11103003769914,True,0,18,0:18
20260928T200712,39222.227968,69.11103003769914,True,1,17,1:17
20260928T200712,39828.78848,69.11103003769914,True,2,19,2:19
20260928T200712,38118.130944,69.11103003769914,True,8,22,8:22
20260928T200712,38881.086208,69.11103003769914,True,9,16,9:16
20260928T200712,38309.54496,69.11103003769914,True,10,22,10:22
20260928T200712,38313.286144,69.11103003769914,True,24,22,24:22
20260928T200712,38670.951936,69.11103003769914,True,28,21,28:21
20260928T200712,38405.69088,69.11103003769914,True,31,17,31:17
20260928T200712,38743.9808,69.11103003769914,True,55,15,55:15
20260928T200712,39420.746496,69.11103003769914,True,63,18,63:18
20260928T200713,40330.846208,69.11103003769914,True,3,20,3:20
20260928T200713,40118.614016,69.11103003769914,True,11,16,11:16
20260928T200713,40274.46784,69.11103003769914,True,15,21,15:21
20260928T200713,39178.004224,69.11103003769914,True,22,17,22:17
20260928T200713,40102.843904,69.11103003769914,True,25,20,25:20
20260928T200713,40037.948416,69.11103003769914,True,30,20,30:20
20260928T200713,39416.381696,69.11103003769914,True,39,18,39:18
20260928T200713,40247.14368,69.11103003769914,True,40,19,40:19
20260928T200713,40409.735168,69.11103003769914,True,43,15,43:15
20260928T200713,39577.085696,69.11103003769914,True,46,22,46:22
20260928T200713,39361.889024,69.11103003769914,True,49,17,49:17
20260928T200713,39160.263424,69.11103003769914,True,50,19,50:19
20260928T200714,39782.233088,69.11103003769914,True,6,23,6:23
20260928T200714,40636.644352,69.11103003769914,True,15,22,15:22
20260928T200714,40223.265536,69.11103003769914,True,26,18,26:18
20260928T200714,40899.934208,69.11103003769914,True,36,20,36:20
20260928T200714,40961.444352,69.11103003769914,True,37,21,37:21
20260928T200714,40831.37408,69.11103003769914,True,42,18,42:18
20260928T200714,41299.12192,69.11103003769914,True,54,18,54:18
20260928T200714,40375.741952,69.11103003769914,True,56,22,56:22
20260928T200715,41600.9664,69.11103003769914,True,0,19,0:19
20260928T200715,41484.146432,69.11103003769914,True,4,24,4:24
20260928T200715,41905.08544,69.11103003769914,True,6,22,6:22
20260928T200715,41300.961536,69.11103003769914,True,16,17,16:17
20260928T200715,41561.35936,69.11103003769914,True,20,20,20:20
20260928T200715,40567.413504,69.11103003769914,True,36,21,36:21
20260928T200715,40631.227904,69.11103003769914,True,42,19,42:19
20260928T200715,41157.963264,69.11103003769914,True,43,16,43:16
20260928T200715,40985.876736,69.11103003769914,True,45,24,45:24
20260928T200715,41336.946688,69.11103003769914,True,48,15,48:15
20260928T200715,41705.652224,69.11103003769914,True,59,22,59:22
20260928T200716,41979.48672,69.11103003769914,True,12,16,12:16
20260928T200716,41269.588992,69.11103003769914,True,21,16,21:16
20260928T200716,41363.235584,69.11103003769914,True,24,23,24:23
20260928T200716,42792.310784,69.11103003769914,True,29,21,29:21
20260928T200716,42726.239232,69.11103003769914,True,34,15,34:15
20260928T200716,41882.052608,69.11103003769914,True,37,22,37:22
20260928T200716,42391.73888,69.11103003769914,True,44,22,44:22
20260928T200716,42457.870336,69.11103003769914,True,52,21,52:21
20260928T200716,42400.938496,69.11103003769914,True,57,15,57:15
20260928T200716,41883.389696,69.11103003769914,True,60,17,60:17
20260928T200716,42121.189888,69.11103003769914,True,62,16,62:16
20260928T200717,43208.798976,69.11103003769914,True,3,21,3:21
20260928T200717,42548.766976,69.11103003769914,True,3,22,3:22
20260928T200717,43323.554816,69.11103003769914,True,14,20,14:20
20260928T200717,42700.944384,69.11103003769914,True,25,21,25:21
20260928T200717,42594.394368,69.11103003769914,True,27,19,27:19
20260928T200717,42375.527424,69.11103003769914,True,29,22,29:22
20260928T200717,42904.529152,69.11103003769914,True,30,21,30:21
20260928T200717,42780.443392,69.11103003769914,True,40,20,40:20
20260928T200717,42811.482624,69.11103003769914,True,51,21,51:21
20260928T200717,42800.937984,69.11103003769914,True,53,22,53:22
20260928T200717,43044.548096,69.11103003769914,True,58,19,58:19
20260928T200718,43917.361152,69.11103003769914,True,5,17,5:17
20260928T200718,43722.446848,69.11103003769914,True,18,21,18:21
20260928T200718,43795.660288,69.11103003769914,True,19,16,19:16
20260928T200718,43445.22496,69.11103003769914,True,20,21,20:21
20260928T200718,43348.705792,69.11103003769914,True,26,19,26:19
20260928T200718,43045.269504,69.11103003769914,True,31,18,31:18
20260928T200718,43690.008576,69.11103003769914,True,37,23,37:23
20260928T200718,43454.605824,69.11103003769914,True,55,16,55:16
20260928T200718,43759.2896,69.11103003769914,True,63,20,63:20
20260928T200719,44669.58208,69.11103003769914,True,0,20,0:20
20260928T200719,44455.538944,69.11103003769914,True,1,18,1:18
20260928T200719,44718.167552,69.11103003769914,True,9,17,9:17
20260928T200719,45115.463168,69.11103003769914,True,10,23,10:23
20260928T200719,44148.128,69.11103003769914,True,14,21,14:21
20260928T200719,44542.509312,69.11103003769914,True,17,18,17:18
20260928T200719,45055.675136,69.11103003769914,True,23,19,23:19
20260928T200719,44637.123584,69.11103003769914,True,33,19,33:19
20260928T200719,45000.824576,69.11103003769914,True,41,19,41:19
20260928T200719,44770.804992,69.11103003769914,True,56,23,56:23
20260928T200720,45657.399552,69.11103003769914,True,4,25,4:25
20260928T200720,45759.034368,69.11103003769914,True,8,23,8:23
20260928T200720,45524.006144,69.11103003769914,True,32,21,32:21
20260928T200720,46143.641856,69.11103003769914,True,38,18,38:18
20260928T200720,45388.217088,69.11103003769914,True,44,23,44:23
20260928T200720,45331.10784,69.11103003769914,True,48,16,48:16
20260928T200720,45265.880576,69.11103003769914,True,50,20,50:20
20260928T200720,44883.781632,69.11103003769914,True,52,22,52:22
20260928T200721,46672.625664,69.11103003769914,True,2,21,2:21
20260928T200721,46402.531584,69.11103003769914,True,13,22,13:22
20260928T200721,45966.203904,69.11103003769914,True,32,22,32:22
20260928T200721,46046.71488,69.11103003769914,True,33,20,33:20
20260928T200721,46211.812864,69.11103003769914,True,34,16,34:16
20260928T200721,46181.675264,69.11103003769914,True,36,22,36:22
20260928T200721,45991.088896,69.11103003769914,True,39,19,39:19
20260928T200721,46225.582592,69.11103003769914,True,42,20,42:20
20260928T200721,46671.560192,69.11103003769914,True,54,19,54:19
20260928T200721,46514.678528,69.11103003769914,True,59,23,59:23
20260928T200722,46537.025024,69.11103003769914,True,1,19,1:19
20260928T200722,47175.911936,69.11103003769914,True,7,16,7:16
20260928T200722,46600.450048,69.11103003769914,True,8,24,8:24
20260928T200722,47032.774912,69.11103003769914,True,10,24,10:24
20260928T200722,46945.821184,69.11103003769914,True,12,17,12:17
20260928T200722,46876.741376,69.11103003769914,True,20,22,20:22
20260928T200722,46675.057408,69.11103003769914,True,25,22,25:22
20260928T200722,46807.49568,69.11103003769914,True,27,20,27:20
20260928T200722,47008.785408,69.11103003769914,True,40,21,40:21
20260928T200722,46507.168512,69.11103003769914,True,41,20,41:20
20260928T200722,47435.20384,69.11103003769914,True,46,23,46:23
20260928T200722,46848.488704,69.11103003769914,True,49,18,49:18
20260928T200722,47154.317056,69.11103003769914,True,51,22,51:22
20260928T200723,48034.353408,69.11103003769914,True,3,23,3:23
20260928T200723,47571.170304,69.11103003769914,True,5,18,5:18
20260928T200723,47740.937472,69.11103003769914,True,6,24,6:24
20260928T200723,48433.414656,69.11103003769914,True,15,23,15:23
20260928T200723,48033.055744,69.11103003769914,True,28,23,28:23
20260928T200723,47522.33088,69.11103003769914,True,55,17,55:17
20260928T200723,48142.901248,69.11103003769914,True,59,24,59:24
20260928T200723,48222.680576,69.11103003769914,True,62,17,62:17
20260928T200724,49318.524672,69.11103003769914,True,18,22,18:22
20260928T200724,48814.306816,69.11103003769914,True,22,18,22:18
20260928T200724,48529.847296,69.11103003769914,True,24,24,24:24
20260928T200724,48346.716416,69.11103003769914,True,34,17,34:17
20260928T200724,48781.963008,69.11103003769914,True,50,21,50:21
20260928T200724,48687.214848,69.11103003769914,True,56,24,56:24
20260928T200724,49212.958208,69.11103003769914,True,60,18,60:18
20260928T200725,49902.219776,69.11103003769914,True,4,26,4:26
20260928T200725,49258.144,69.11103003769914,True,7,17,7:17
20260928T200725,49381.173248,69.11103003769914,True,17,19,17:19
20260928T200725,49943.683072,69.11103003769914,True,19,17,19:17
20260928T200725,49969.920256,69.11103003769914,True,23,20,23:20
20260928T200725,49496.790528,69.11103003769914,True,23,21,23:21
20260928T200725,49399.056896,69.11103003769914,True,35,21,35:21
20260928T200725,49069.963264,69.11103003769914,True,38,19,38:19
20260928T200725,49572.776192,69.11103003769914,True,57,16,57:16
20260928T200726,68594.7008,69.11103003769914,True,7,1,7:1
20260928T200726,50603.883008,69.11103003769914,True,11,18,11:18
20260928T200726,50833.71264,69.11103003769914,True,13,23,13:23
20260928T200726,50606.088192,69.11103003769914,True,14,22,14:22
20260928T200726,50040.630016,69.11103003769914,True,26,20,26:20
20260928T200726,51030.871808,69.11103003769914,True,30,22,30:22
20260928T200726,50141.475072,69.11103003769914,True,53,23,53:23
20260928T200726,50927.600128,69.11103003769914,True,54,20,54:20
20260928T200726,50957.3952,69.11103003769914,True,58,20,58:20
20260928T200726,50296.19456,69.11103003769914,True,61,22,61:22
20260928T200727,50918.715136,69.11103003769914,True,25,23,25:23
20260928T200727,52138.96064,69.11103003769914,True,29,23,29:23
20260928T200727,51274.237184,69.11103003769914,True,39,20,39:20
20260928T200727,71041.622528,69.11103003769914,True,42,0,42:0
20260928T200727,51773.795328,69.11103003769914,True,43,17,43:17
20260928T200727,51080.567808,69.11103003769914,True,51,23,51:23
20260928T200727,51956.392704,69.11103003769914,True,52,23,52:23
20260928T200728,71595.986432,69.11103003769914,True,6,1,6:1
20260928T200728,51925.365248,69.11103003769914,True,10,25,10:25
20260928T200728,52069.28384,69.11103003769914,True,19,18,19:18
20260928T200728,52618.592,69.11103003769914,True,31,19,31:19
20260928T200728,52687.669248,69.11103003769914,True,37,24,37:24
20260928T200729,53036.032512,69.11103003769914,True,2,22,2:22
20260928T200729,53561.123584,69.11103003769914,True,3,24,3:24
20260928T200729,53303.769344,69.11103003769914,True,6,25,6:25
20260928T200729,53389.759744,69.11103003769914,True,9,18,9:18
20260928T200729,53677.2672,69.11103003769914,True,18,23,18:23
20260928T200729,53111.849984,69.11103003769914,True,22,19,22:19
20260928T200729,53698.924544,69.11103003769914,True,42,21,42:21
20260928T200729,52799.6096,69.11103003769914,True,57,17,57:17
20260928T200730,53415.963648,69.11103003769914,True,8,25,8:25
20260928T200730,54028.241664,69.11103003769914,True,15,24,15:24
20260928T200730,54050.209792,69.11103003769914,True,28,24,28:24
20260928T200730,53544.203776,69.11103003769914,True,29,24,29:24
20260928T200730,53777.99168,69.11103003769914,True,41,21,41:21
20260928T200730,54004.536576,69.11103003769914,True,46,25,46:25
20260928T200730,53823.844864,69.11103003769914,True,49,19,49:19
20260928T200730,53596.920576,69.11103003769914,True,56,25,56:25
20260928T200731,54887.81824,69.11103003769914,True,5,19,5:19
20260928T200731,55184.6144,69.11103003769914,True,12,18,12:18
20260928T200731,54894.940672,69.11103003769914,True,20,23,20:23
20260928T200731,55279.167744,69.11103003769914,True,21,17,21:17
20260928T200731,55286.755584,69.11103003769914,True,32,23,32:23
20260928T200731,55227.425024,69.11103003769914,True,36,23,36:23
20260928T200731,54973.97504,69.11103003769914,True,45,26,45:26
20260928T200731,54536.19584,69.11103003769914,True,52,24,52:24
20260928T200731,55357.942016,69.11103003769914,True,58,21,58:21
20260928T200731,54696.2112,69.11103003769914,True,59,25,59:25
20260928T200731,54464.431104,69.11103003769914,True,61,23,61:23
20260928T200732,55206.318848,69.11103003769914,True,0,22,0:22
20260928T200732,76178.958592,69.11103003769914,True,31,0,31:0
20260928T200732,55680.738048,69.11103003769914,True,48,17,48:17
20260928T200732,55292.395008,69.11103003769914,True,62,18,62:18
20260928T200732,55632.612608,69.11103003769914,True,63,22,63:22
20260928T200733,56675.05024,69.11103003769914,True,2,23,2:23
20260928T200733,56485.874176,69.11103003769914,True,4,27,4:27
20260928T200733,56280.23552,69.11103003769914,True,25,24,25:24
20260928T200733,56640.806656,69.11103003769914,True,29,25,29:25
20260928T200733,56197.450752,69.11103003769914,True,30,24,30:24
20260928T200733,56270.054144,69.11103003769914,True,33,21,33:21
20260928T200733,56755.640832,69.11103003769914,True,40,22,40:22
20260928T200733,56672.014336,69.11103003769914,True,47,18,47:18
20260928T200733,56556.600064,69.11103003769914,True,50,22,50:22
20260928T200734,57505.690112,69.11103003769914,True,6,26,6:26
20260928T200734,58178.647296,69.11103003769914,True,37,25,37:25
20260928T200734,77887.781632,69.11103003769914,True,47,0,47:0
20260928T200734,57812.919808,69.11103003769914,True,53,24,53:24
20260928T200734,57200.267008,69.11103003769914,True,55,18,55:18
20260928T200735,58867.570688,69.11103003769914,True,10,26,10:26
20260928T200735,58273.255936,69.11103003769914,True,17,20,17:20
20260928T200735,58280.126208,69.11103003769914,True,18,24,18:24
20260928T200735,58503.605248,69.11103003769914,True,27,21,27:21
20260928T200735,58476.73216,69.11103003769914,True,31,20,31:20
20260928T200735,58870.196224,69.11103003769914,True,34,18,34:18
20260928T200735,58741.090304,69.11103003769914,True,38,20,38:20
20260928T200735,57927.940096,69.11103003769914,True,43,18,43:18
20260928T200735,59219.396096,69.11103003769914,True,51,24,51:24
20260928T200735,58889.296384,69.11103003769914,True,54,21,54:21
20260928T200736,59841.35296,69.11103003769914,True,1,20,1:20
20260928T200736,59123.510528,69.11103003769914,True,14,23,14:23
20260928T200736,59016.647936,69.11103003769914,True,24,26,24:26
20260928T200736,59401.935104,69.11103003769914,True,39,21,39:21
20260928T200736,59424.86016,69.11103003769914,True,44,25,44:25
20260928T200736,59275.236096,69.11103003769914,True,45,27,45:27
20260928T200736,59328.287488,69.11103003769914,True,59,26,59:26
20260928T200737,77218.003712,69.11103003769914,True,3,5,3:5
20260928T200737,60396.891904,69.11103003769914,True,8,26,8:26
20260928T200737,60831.8208,69.11103003769914,True,23,22,23:22
20260928T200737,59558.895616,69.11103003769914,True,41,22,41:22
20260928T200737,60355.363584,69.11103003769914,True,47,19,47:19
20260928T200737,59958.99264,69.11103003769914,True,58,22,58:22
20260928T200738,79792.310784,69.11103003769914,True,0,2,0:2
20260928T200738,61022.79296,69.11103003769914,True,7,18,7:18
20260928T200738,75465.966848,69.11103003769914,True,8,9,8:9
20260928T200738,60895.532544,69.11103003769914,True,9,19,9:19
20260928T200738,61446.88128,69.11103003769914,True,13,25,13:25
20260928T200738,60844.485632,69.11103003769914,True,21,18,21:18
20260928T200738,61364.87424,69.11103003769914,True,28,25,28:25
20260928T200738,61439.547136,69.11103003769914,True,32,24,32:24
20260928T200738,60556.717056,69.11103003769914,True,51,25,51:25
20260928T200739,62025.15456,69.11103003769914,True,16,19,16:19
20260928T200739,62103.189504,69.11103003769914,True,37,26,37:26
20260928T200739,62078.477824,69.11103003769914,True,42,22,42:22
20260928T200739,61583.219712,69.11103003769914,True,48,18,48:18
20260928T200739,61758.405888,69.11103003769914,True,49,20,49:20
20260928T200739,81877.331968,69.11103003769914,True,52,2,52:2
20260928T200739,76455.953152,69.11103003769914,True,55,6,55:6
20260928T200739,61544.60032,69.11103003769914,True,60,20,60:20
20260928T200740,62431.061248,69.11103003769914,True,2,24,2:24
20260928T200740,63452.90624,69.11103003769914,True,3,25,3:25
20260928T200740,83064.109568,69.11103003769914,True,13,1,13:1
20260928T200740,63031.895296,69.11103003769914,True,14,24,14:24
20260928T200740,63140.628992,69.11103003769914,True,15,25,15:25
20260928T200740,82235.031552,69.11103003769914,True,18,2,18:2
20260928T200740,62755.719936,69.11103003769914,True,19,19,19:19
20260928T200740,63266.208256,69.11103003769914,True,26,21,26:21
20260928T200740,62581.728512,69.11103003769914,True,33,22,33:22
20260928T200740,62796.87552,69.11103003769914,True,52,25,52:25
20260928T200740,63277.993728,69.11103003769914,True,56,26,56:26
20260928T200740,62365.912576,69.11103003769914,True,62,19,62:19
20260928T200741,64106.64832,69.11103003769914,True,20,24,20:24
20260928T200741,82614.849792,69.11103003769914,True,28,3,28:3
20260928T200741,63754.967296,69.11103003769914,True,31,21,31:21
20260928T200741,63913.302016,69.11103003769914,True,32,25,32:25
20260928T200741,63939.305216,69.11103003769914,True,38,21,38:21
20260928T200741,63663.2384,69.11103003769914,True,42,23,42:23
20260928T200741,64141.06624,69.11103003769914,True,54,22,54:22
20260928T200742,65159.542784,69.11103003769914,True,12,19,12:19
20260928T200742,64429.701376,69.11103003769914,True,17,21,17:21
20260928T200742,64868.516096,69.11103003769914,True,22,20,22:20
20260928T200742,65223.488,69.11103003769914,True,40,23,40:23
20260928T200742,64550.714368,69.11103003769914,True,50,23,50:23
20260928T200742,64966.844672,69.11103003769914,True,57,18,57:18
20260928T200742,64096.228608,69.11103003769914,True,61,25,61:25
20260928T200743,65858.47296,69.11103003769914,True,4,28,4:28
20260928T200743,65160.732928,69.11103003769914,True,5,20,5:20
20260928T200743,65668.647936,69.11103003769914,True,6,27,6:27
20260928T200743,78146.317056,69.11103003769914,True,14,10,14:10
20260928T200743,66042.513152,69.11103003769914,True,18,25,18:25
20260928T200743,66011.166464,69.11103003769914,True,24,27,24:27
20260928T200743,66296.684288,69.11103003769914,True,25,25,25:25
20260928T200743,64987.880704,69.11103003769914,True,37,27,37:27
20260928T200743,65532.933888,69.11103003769914,True,43,19,43:19
20260928T200743,66091.48416,69.11103003769914,True,44,26,44:26
20260928T200743,65996.512256,69.11103003769914,True,46,26,46:26
20260928T200743,66029.973504,69.11103003769914,True,53,25,53:25
20260928T200744,66474.345984,69.11103003769914,True,13,26,13:26
20260928T200744,66681.417216,69.11103003769914,True,16,20,16:20
20260928T200744,66878.760192,69.11103003769914,True,28,26,28:26
20260928T200744,65846.30528,69.11103003769914,True,28,27,28:27
20260928T200744,66471.856384,69.11103003769914,True,51,26,51:26
20260928T200745,67724.474624,69.11103003769914,True,1,21,1:21
20260928T200745,67301.478656,69.11103003769914,True,10,27,10:27
20260928T200745,67655.582976,69.11103003769914,True,11,20,11:20
20260928T200745,67948.847872,69.11103003769914,True,15,26,15:26
20260928T200745,86334.976,69.11103003769914,True,28,4,28:4
20260928T200745,66944.722944,69.11103003769914,True,46,27,46:27
20260928T200745,66821.28768,69.11103003769914,True,55,19,55:19
20260928T200745,67430.534656,69.11103003769914,True,63,24,63:24
20260928T200746,67912.443392,69.11103003769914,True,25,26,25:26
20260928T200746,68756.003328,69.11103003769914,True,27,22,27:22
20260928T200746,68600.987904,69.11103003769914,True,34,19,34:19
20260928T200746,83855.154176,69.11103003769914,True,38,6,38:6
20260928T200746,68184.2816,69.11103003769914,True,47,20,47:20
20260928T200746,68337.6704,69.11103003769914,True,57,19,57:19
20260928T200746,67746.737664,69.11103003769914,True,58,23,58:23
20260928T200747,68906.054144,69.11103003769914,True,1,22,1:22
20260928T200747,69278.915584,69.11103003769914,True,6,28,6:28
20260928T200747,68626.432512,69.11103003769914,True,19,20,19:20
20260928T200747,69098.447872,69.11103003769914,True,23,24,23:24
20260928T200747,68571.211008,69.11103003769914,True,31,22,31:22
20260928T200747,89319.950848,69.11103003769914,True,33,2,33:2
20260928T200747,69358.681856,69.11103003769914,True,35,23,35:23
20260928T200747,69639.725056,69.11103003769914,True,36,25,36:25
20260928T200747,69418.222592,69.11103003769914,True,50,24,50:24
20260928T200747,69050.463744,69.11103003769914,True,52,26,52:26
20260928T200747,69203.413248,69.11103003769914,True,56,27,56:27
20260928T200748,70312.239872,69.11103003769914,True,2,25,2:25
20260928T200748,69328.283136,69.11103003769914,True,7,19,7:19
20260928T200748,69742.04928,69.11103003769914,True,8,27,8:27
20260928T200748,69433.286656,69.11103003769914,True,18,26,18:26
20260928T200748,69584.747776,69.11103003769914,True,20,25,20:25
20260928T200748,70353.074176,69.11103003769914,True,29,26,29:26
20260928T200748,88697.193216,69.11103003769914,True,37,4,37:4
20260928T200748,70438.031872,69.11103003769914,True,39,22,39:22
20260928T200748,70484.34304,69.11103003769914,True,53,26,53:26
20260928T200749,71586.135552,69.11103003769914,True,9,20,9:20
20260928T200749,70742.783232,69.11103003769914,True,11,21,11:21
20260928T200749,70543.95264,69.11103003769914,True,13,27,13:27
20260928T200749,90719.789312,69.11103003769914,True,17,3,17:3
20260928T200749,71099.374592,69.11103003769914,True,29,27,29:27
20260928T200749,70620.68608,69.11103003769914,True,38,22,38:22
20260928T200749,84940.863488,69.11103003769914,True,43,7,43:7
20260928T200749,70843.676416,69.11103003769914,True,59,27,59:27
20260928T200749,70513.5488,69.11103003769914,True,60,21,60:21
20260928T200750,71878.661888,69.11103003769914,True,0,24,0:24
20260928T200750,72471.3216,69.11103003769914,True,3,26,3:26
20260928T200750,71477.872384,69.11103003769914,True,14,25,14:25
20260928T200750,71963.59552,69.11103003769914,True,62,20,62:20
20260928T200751,86515.512576,69.11103003769914,True,13,10,13:10
20260928T200751,72729.155328,69.11103003769914,True,17,22,17:22
20260928T200751,72945.085184,69.11103003769914,True,33,23,33:23
20260928T200751,72922.561536,69.11103003769914,True,37,28,37:28
20260928T200751,72699.125248,69.11103003769914,True,39,23,39:23
20260928T200751,90488.670976,69.11103003769914,True,43,4,43:4
20260928T200751,73249.18016,69.11103003769914,True,44,27,44:27
20260928T200751,72793.912576,69.11103003769914,True,54,23,54:23
20260928T200752,72950.750208,69.11103003769914,True,3,27,3:27
20260928T200752,92014.69312,69.11103003769914,True,8,5,8:5
20260928T200752,73319.1168,69.11103003769914,True,12,20,12:20
20260928T200752,73634.140672,69.11103003769914,True,20,26,20:26
20260928T200752,73535.833856,69.11103003769914,True,21,19,21:19
20260928T200752,89883.387648,69.11103003769914,True,22,6,22:6
20260928T200752,73783.651072,69.11103003769914,True,24,28,24:28
20260928T200752,73687.265536,69.11103003769914,True,32,26,32:26
20260928T200752,73528.600064,69.11103003769914,True,35,24,35:24
20260928T200752,72957.097728,69.11103003769914,True,36,26,36:26
20260928T200752,73614.321152,69.11103003769914,True,42,24,42:24
20260928T200752,74209.635328,69.11103003769914,True,48,19,48:19
20260928T200752,73142.872832,69.11103003769914,True,59,28,59:28
20260928T200753,74087.520512,69.11103003769914,True,2,26,2:26
20260928T200753,74825.562112,69.11103003769914,True,4,29,4:29
20260928T200753,74744.172032,69.11103003769914,True,5,21,5:21
20260928T200753,74229.324288,69.11103003769914,True,15,28,15:28
20260928T200753,74732.178944,69.11103003769914,True,25,27,25:27
20260928T200753,74584.353536,69.11103003769914,True,27,23,27:23
20260928T200753,74265.566208,69.11103003769914,True,28,28,28:28
20260928T200753,74135.15008,69.11103003769914,True,33,24,33:24
20260928T200753,74541.908224,69.11103003769914,True,34,20,34:20
20260928T200753,74262.067456,69.11103003769914,True,37,29,37:29
20260928T200753,97217.002752,69.11103003769914,True,55,0,55:0
20260928T200753,75206.82112,69.11103003769914,True,61,26,61:26
20260928T200754,90250.379264,69.11103003769914,True,0,8,0:8
20260928T200754,91276.956416,69.11103003769914,True,4,9,4:9
20260928T200754,74799.246848,69.11103003769914,True,8,28,8:28
20260928T200754,75685.800704,69.11103003769914,True,15,27,15:27
20260928T200754,75345.7152,69.11103003769914,True,22,21,22:21
20260928T200754,75234.49728,69.11103003769914,True,25,28,25:28
20260928T200754,75847.00672,69.11103003769914,True,26,22,26:22
20260928T200754,75148.015616,69.11103003769914,True,39,24,39:24
20260928T200754,76037.446144,69.11103003769914,True,45,29,45:29
20260928T200754,74995.910144,69.11103003769914,True,46,28,46:28
20260928T200754,75169.62944,69.11103003769914,True,63,25,63:25
20260928T200755,75971.597824,69.11103003769914,True,6,29,6:29
20260928T200755,99334.142208,69.11103003769914,True,8,0,8:0
20260928T200755,96875.245056,69.11103003769914,True,28,2,28:2
20260928T200755,75686.100224,69.11103003769914,True,31,23,31:23
20260928T200755,96302.075392,69.11103003769914,True,33,3,33:3
20260928T200755,75542.722048,69.11103003769914,True,36,27,36:27
20260928T200755,76443.068672,69.11103003769914,True,56,28,56:28
20260928T200756,77502.151936,69.11103003769914,True,4,30,4:30
20260928T200756,93102.088448,69.11103003769914,True,6,9,6:9
20260928T200756,94857.587456,69.11103003769914,True,15,6,15:6
20260928T200756,76966.65088,69.11103003769914,True,17,23,17:23
20260928T200756,100211.013376,69.11103003769914,True,23,0,23:0
20260928T200756,77074.621184,69.11103003769914,True,23,25,23:25
20260928T200756,87895.35872,69.11103003769914,True,24,15,24:15
20260928T200756,77006.040832,69.11103003769914,True,26,23,26:23
20260928T200756,76909.702912,69.11103003769914,True,32,27,32:27
20260928T200756,76823.064832,69.11103003769914,True,35,25,35:25
20260928T200756,77699.803648,69.11103003769914,True,40,25,40:25
20260928T200756,77136.506624,69.11103003769914,True,49,21,49:21
20260928T200756,76975.976704,69.11103003769914,True,52,27,52:27
20260928T200756,77151.566848,69.11103003769914,True,53,27,53:27
20260928T200756,77058.777856,69.11103003769914,True,58,24,58:24
20260928T200756,98081.215232,69.11103003769914,True,61,2,61:2
20260928T200757,77798.239488,69.11103003769914,True,3,28,3:28
20260928T200757,78278.57536,69.11103003769914,True,16,21,16:21
20260928T200757,77589.682944,69.11103003769914,True,19,21,19:21
20260928T200757,77592.445952,69.11103003769914,True,23,26,23:26
20260928T200757,78410.26176,69.11103003769914,True,24,29,24:29
20260928T200757,77283.241472,69.11103003769914,True,32,28,32:28
20260928T200757,77543.666944,69.11103003769914,True,34,21,34:21
20260928T200757,77512.152576,69.11103003769914,True,38,23,38:23
20260928T200757,77080.446464,69.11103003769914,True,40,26,40:26
20260928T200757,77628.870656,69.11103003769914,True,43,20,43:20
20260928T200757,78284.329472,69.11103003769914,True,44,28,44:28
20260928T200757,78089.27232,69.11103003769914,True,45,30,45:30
20260928T200757,77158.74688,69.11103003769914,True,59,29,59:29
20260928T200757,77787.536896,69.11103003769914,True,62,21,62:21
20260928T200758,78921.472,69.11103003769914,True,7,20,7:20
20260928T200758,79273.771264,69.11103003769914,True,14,26,14:26
20260928T200758,79252.644864,69.11103003769914,True,18,27,18:27
20260928T200758,94444.337664,69.11103003769914,True,22,8,22:8
20260928T200758,79104.96,69.11103003769914,True,41,24,41:24
20260928T200758,92264.113664,69.11103003769914,True,46,12,46:12
20260928T200758,78861.420032,69.11103003769914,True,51,27,51:27
20260928T200758,78090.601728,69.11103003769914,True,51,28,51:28
20260928T200758,79132.390656,69.11103003769914,True,53,28,53:28
20260928T200758,78712.096768,69.11103003769914,True,54,24,54:24
20260928T200758,94858.937088,69.11103003769914,True,59,10,59:10
20260928T200758,78759.707904,69.11103003769914,True,61,27,61:27
20260928T200758,93939.3792,69.11103003769914,True,62,7,62:7
20260928T200759,79447.905792,69.11103003769914,True,5,22,5:22
20260928T200759,79189.115648,69.11103003769914,True,12,21,12:21
20260928T200759,98107.764992,69.11103003769914,True,13,6,13:6
20260928T200759,80149.216512,69.11103003769914,True,13,28,13:28
20260928T200759,78972.218368,69.11103003769914,True,19,22,19:22
20260928T200759,79851.506176,69.11103003769914,True,22,22,22:22
20260928T200759,79337.53856,69.11103003769914,True,31,24,31:24
20260928T200759,78813.931008,69.11103003769914,True,33,25,33:25
20260928T200759,94925.998592,69.11103003769914,True,46,10,46:10
20260928T200759,80158.761216,69.11103003769914,True,55,20,55:20
20260928T200800,79810.406656,69.11103003769914,True,4,31,4:31
20260928T200800,80860.587776,69.11103003769914,True,9,21,9:21
20260928T200800,81226.107136,69.11103003769914,True,29,28,29:28
20260928T200800,79930.263552,69.11103003769914,True,42,25,42:25
20260928T200800,80335.49568,69.11103003769914,True,43,21,43:21
20260928T200800,80759.318272,69.11103003769914,True,48,20,48:20
20260928T200800,80325.177856,69.11103003769914,True,49,22,49:22
20260928T200800,80979.501312,69.11103003769914,True,50,25,50:25
20260928T200800,80080.495872,69.11103003769914,True,54,25,54:25
20260928T200801,80798.911232,69.11103003769914,True,1,24,1:24
20260928T200801,100192.088576,69.11103003769914,True,4,6,4:6
20260928T200801,97134.354432,69.11103003769914,True,5,8,5:8
20260928T200801,81574.168064,69.11103003769914,True,8,29,8:29
20260928T200801,81328.601344,69.11103003769914,True,13,29,13:29
20260928T200801,81156.679168,69.11103003769914,True,14,27,14:27
20260928T200801,81146.657024,69.11103003769914,True,15,29,15:29
20260928T200801,99857.454592,69.11103003769914,True,18,7,18:7
20260928T200801,80215.373824,69.11103003769914,True,22,23,22:23
20260928T200801,81092.346624,69.11103003769914,True,24,30,24:30
20260928T200801,80858.020608,69.11103003769914,True,32,29,32:29
20260928T200801,81646.35392,69.11103003769914,True,37,30,37:30
20260928T200801,81253.495552,69.11103003769914,True,46,29,46:29
20260928T200801,81738.629888,69.11103003769914,True,47,21,47:21
20260928T200801,80539.523328,69.11103003769914,True,50,26,50:26
20260928T200802,82495.439872,69.11103003769914,True,1,23,1:23
20260928T200802,81090.873088,69.11103003769914,True,7,21,7:21
20260928T200802,81309.250816,69.11103003769914,True,8,30,8:30
20260928T200802,82022.573312,69.11103003769914,True,18,28,18:28
20260928T200802,81642.20672,69.11103003769914,True,20,27,20:27
20260928T200802,82214.823936,69.11103003769914,True,30,27,30:27
20260928T200802,82018.413568,69.11103003769914,True,36,28,36:28
20260928T200802,82526.530304,69.11103003769914,True,56,29,56:29
20260928T200802,98870.552832,69.11103003769914,True,58,7,58:7
20260928T200803,83437.217536,69.11103003769914,True,0,25,0:25
20260928T200803,98124.54272,69.11103003769914,True,5,9,5:9
20260928T200803,82481.915392,69.11103003769914,True,5,23,5:23
20260928T200803,82751.738112,69.11103003769914,True,6,30,6:30
20260928T200803,83535.748608,69.11103003769914,True,9,22,9:22
20260928T200803,82106.88128,69.11103003769914,True,13,30,13:30
20260928T200803,82546.599936,69.11103003769914,True,23,27,23:27
20260928T200803,83155.43808,69.11103003769914,True,25,29,25:29
20260928T200803,82338.54336,69.11103003769914,True,26,24,26:24
20260928T200803,83193.05728,69.11103003769914,True,27,24,27:24
20260928T200803,82854.042368,69.11103003769914,True,29,29,29:29
20260928T200803,83060.861184,69.11103003769914,True,30,28,30:28
20260928T200803,102726.678272,69.11103003769914,True,35,5,35:5
20260928T200803,82697.317888,69.11103003769914,True,37,31,37:31
20260928T200803,97060.317952,69.11103003769914,True,42,10,42:10
20260928T200803,82374.553088,69.11103003769914,True,44,30,44:30
20260928T200803,82919.10144,69.11103003769914,True,53,29,53:29
20260928T200803,83046.349824,69.11103003769914,True,55,21,55:21
20260928T200803,82777.682176,69.11103003769914,True,63,26,63:26
20260928T200804,84637.143296,69.11103003769914,True,2,27,2:27
20260928T200804,83055.459328,69.11103003769914,True,3,29,3:29
20260928T200804,84120.315904,69.11103003769914,True,10,30,10:30
20260928T200804,83881.753856,69.11103003769914,True,28,29,28:29
20260928T200804,83021.310208,69.11103003769914,True,33,26,33:26
20260928T200804,83460.57088,69.11103003769914,True,41,25,41:25
20260928T200804,84116.963584,69.11103003769914,True,44,29,44:29
20260928T200804,83849.787136,69.11103003769914,True,48,21,48:21
20260928T200804,82941.310976,69.11103003769914,True,48,22,48:22
20260928T200804,83782.833664,69.11103003769914,True,51,29,51:29
20260928T200804,84026.840576,69.11103003769914,True,56,30,56:30
20260928T200804,83848.68992,69.11103003769914,True,60,22,60:22
20260928T200805,84395.702784,69.11103003769914,True,0,26,0:26
20260928T200805,84761.481216,69.11103003769914,True,2,28,2:28
20260928T200805,103199.32544,69.11103003769914,True,25,7,25:7
20260928T200805,101087.49952,69.11103003769914,True,38,8,38:8
20260928T200805,84673.197312,69.11103003769914,True,45,31,45:31
20260928T200805,84165.15456,69.11103003769914,True,45,32,45:32
20260928T200805,84141.957888,69.11103003769914,True,52,29,52:29
20260928T200806,100426.287104,69.11103003769914,True,6,13,6:13
20260928T200806,85226.910976,69.11103003769914,True,15,30,15:30
20260928T200806,85993.507072,69.11103003769914,True,17,24,17:24
20260928T200806,85211.09376,69.11103003769914,True,20,29,20:29
20260928T200806,85571.542016,69.11103003769914,True,24,32,24:32
20260928T200806,84724.481024,69.11103003769914,True,30,29,30:29
20260928T200806,85323.857664,69.11103003769914,True,32,30,32:30
20260928T200806,85246.311936,69.11103003769914,True,36,29,36:29
20260928T200806,85101.047296,69.11103003769914,True,39,25,39:25
20260928T200806,84554.011904,69.11103003769914,True,43,22,43:22
20260928T200806,86181.866752,69.11103003769914,True,46,30,46:30
20260928T200806,84830.982912,69.11103003769914,True,47,22,47:22
20260928T200806,85371.101696,69.11103003769914,True,50,27,50:27
20260928T200806,84676.195584,69.11103003769914,True,54,26,54:26
20260928T200806,85240.839168,69.11103003769914,True,59,30,59:30
20260928T200806,86143.806976,69.11103003769914,True,62,22,62:22
20260928T200807,86643.538688,69.11103003769914,True,4,32,4:32
20260928T200807,86139.517184,69.11103003769914,True,12,22,12:22
20260928T200807,85602.213888,69.11103003769914,True,13,31,13:31
20260928T200807,85961.550848,69.11103003769914,True,19,23,19:23
20260928T200807,86244.947712,69.11103003769914,True,20,28,20:28
20260928T200807,86589.830656,69.11103003769914,True,24,31,24:31
20260928T200807,86747.20128,69.11103003769914,True,27,25,27:25
20260928T200807,86616.701696,69.11103003769914,True,35,26,35:26
20260928T200807,86313.534464,69.11103003769914,True,49,23,49:23
20260928T200807,86472.50176,69.11103003769914,True,57,21,57:21
20260928T200807,86843.036416,69.11103003769914,True,58,26,58:26
20260928T200808,87004.852992,69.11103003769914,True,6,31,6:31
20260928T200808,87017.522944,69.11103003769914,True,8,31,8:31
20260928T200808,86854.930944,69.11103003769914,True,10,32,10:32
20260928T200808,87489.76,69.11103003769914,True,18,29,18:29
20260928T200808,106317.583616,69.11103003769914,True,24,7,24:7
20260928T200808,87214.070528,69.11103003769914,True,35,27,35:27
20260928T200808,86435.645696,69.11103003769914,True,38,25,38:25
20260928T200808,105943.6096,69.11103003769914,True,40,7,40:7
20260928T200808,87033.167872,69.11103003769914,True,40,27,40:27
20260928T200808,86433.992192,69.11103003769914,True,40,28,40:28
20260928T200808,87298.013184,69.11103003769914,True,42,26,42:26
20260928T200808,87482.283264,69.11103003769914,True,53,30,53:30
20260928T200808,86121.000704,69.11103003769914,True,57,22,57:22
20260928T200809,87802.029568,69.11103003769914,True,1,25,1:25
20260928T200809,87445.024512,69.11103003769914,True,7,22,7:22
20260928T200809,88844.047872,69.11103003769914,True,10,31,10:31
20260928T200809,88337.97376,69.11103003769914,True,28,30,28:30
20260928T200809,87792.436224,69.11103003769914,True,33,27,33:27
20260928T200809,107214.535424,69.11103003769914,True,37,8,37:8
20260928T200809,87922.823424,69.11103003769914,True,38,24,38:24
20260928T200809,87619.992064,69.11103003769914,True,44,31,44:31
20260928T200809,87914.496256,69.11103003769914,True,46,31,46:31
20260928T200809,87442.601728,69.11103003769914,True,54,27,54:27
20260928T200809,87782.8224,69.11103003769914,True,56,31,56:31
20260928T200809,102974.801152,69.11103003769914,True,60,9,60:9
20260928T200809,88115.110144,69.11103003769914,True,60,23,60:23
20260928T200810,88483.074816,69.11103003769914,True,9,23,9:23
20260928T200810,88259.782144,69.11103003769914,True,12,23,12:23
20260928T200810,89019.830528,69.11103003769914,True,15,31,15:31
20260928T200810,89188.624384,69.11103003769914,True,18,30,18:30
20260928T200810,88204.13696,69.11103003769914,True,21,23,21:23
20260928T200810,106594.432512,69.11103003769914,True,33,8,33:8
20260928T200810,89510.509312,69.11103003769914,True,34,22,34:22
20260928T200810,106448.648704,69.11103003769914,True,49,7,49:7
20260928T200810,88510.010368,69.11103003769914,True,59,31,59:31
20260928T200810,89321.834496,69.11103003769914,True,61,29,61:29
20260928T200810,88547.863296,69.11103003769914,True,61,30,61:30
20260928T200810,89257.604608,69.11103003769914,True,63,27,63:27
20260928T200810,88794.898944,69.11103003769914,True,63,28,63:28
20260928T200811,89942.0352,69.11103003769914,True,4,33,4:33
20260928T200811,90093.153536,69.11103003769914,True,16,23,16:23
20260928T200811,90219.366656,69.11103003769914,True,25,30,25:30
20260928T200811,89197.77152,69.11103003769914,True,25,31,25:31
20260928T200811,89220.189184,69.11103003769914,True,37,32,37:32
20260928T200811,89202.428416,69.11103003769914,True,43,23,43:23
20260928T200811,88928.770304,69.11103003769914,True,44,32,44:32
20260928T200811,89211.241216,69.11103003769914,True,52,31,52:31
20260928T200811,90100.171264,69.11103003769914,True,62,23,62:23
20260928T200811,105927.719168,69.11103003769914,True,63,9,63:9
20260928T200812,89858.479872,69.11103003769914,True,0,27,0:27
20260928T200812,89890.387968,69.11103003769914,True,4,34,4:34
20260928T200812,91168.151552,69.11103003769914,True,6,32,6:32
20260928T200812,90350.05312,69.11103003769914,True,21,22,21:22
20260928T200812,89729.261824,69.11103003769914,True,24,34,24:34
20260928T200812,90670.672896,69.11103003769914,True,27,26,27:26
20260928T200812,89392.305664,69.11103003769914,True,28,32,28:32
20260928T200812,90452.27136,69.11103003769914,True,30,30,30:30
20260928T200812,90959.783424,69.11103003769914,True,31,25,31:25
20260928T200812,90829.815552,69.11103003769914,True,39,26,39:26
20260928T200812,89483.441408,69.11103003769914,True,47,23,47:23
20260928T200812,90359.418624,69.11103003769914,True,48,23,48:23
20260928T200812,90326.386176,69.11103003769914,True,51,30,51:30
20260928T200812,91072.103936,69.11103003769914,True,52,30,52:30
20260928T200812,90279.029248,69.11103003769914,True,59,32,59:32
20260928T200813,90492.3584,69.11103003769914,True,17,26,17:26
20260928T200813,90332.589568,69.11103003769914,True,18,31,18:31
20260928T200813,90959.491328,69.11103003769914,True,24,33,24:33
20260928T200813,91008.372736,69.11103003769914,True,36,30,36:30
20260928T200813,107429.590528,69.11103003769914,True,41,10,41:10
20260928T200813,91550.325504,69.11103003769914,True,46,32,46:32
20260928T200813,91070.505216,69.11103003769914,True,49,24,49:24
20260928T200813,91160.940544,69.11103003769914,True,50,28,50:28
20260928T200813,91446.370048,69.11103003769914,True,55,22,55:22
20260928T200814,92025.494272,69.11103003769914,True,0,28,0:28
20260928T200814,104377.816832,69.11103003769914,True,2,16,2:16
20260928T200814,91428.374784,69.11103003769914,True,6,33,6:33
20260928T200814,91839.959808,69.11103003769914,True,9,24,9:24
20260928T200814,91921.691648,69.11103003769914,True,11,24,11:24
20260928T200814,91666.820352,69.11103003769914,True,16,24,16:24
20260928T200814,92331.663616,69.11103003769914,True,17,25,17:25
20260928T200814,92396.549888,69.11103003769914,True,26,25,26:25
20260928T200814,92691.855616,69.11103003769914,True,28,31,28:31
20260928T200814,91700.997632,69.11103003769914,True,29,32,29:32
20260928T200814,91745.48352,69.11103003769914,True,32,32,32:32
20260928T200814,92213.481472,69.11103003769914,True,34,23,34:23
20260928T200814,91604.13696,69.11103003769914,True,35,28,35:28
20260928T200814,91810.962688,69.11103003769914,True,37,33,37:33
20260928T200814,91340.4096,69.11103003769914,True,41,27,41:27
20260928T200814,92732.286208,69.11103003769914,True,42,27,42:27
20260928T200814,92142.347776,69.11103003769914,True,56,32,56:32
20260928T200814,91575.43552,69.11103003769914,True,57,23,57:23
20260928T200814,92515.338752,69.11103003769914,True,58,27,58:27
20260928T200814,101436.179968,69.11103003769914,True,63,17,63:17
20260928T200815,92321.217792,69.11103003769914,True,1,26,1:26
20260928T200815,93591.230208,69.11103003769914,True,3,30,3:30
20260928T200815,92447.312128,69.11103003769914,True,3,31,3:31
20260928T200815,91967.127296,69.11103003769914,True,6,34,6:34
20260928T200815,93266.768384,69.11103003769914,True,23,28,23:28
20260928T200815,93625.06624,69.11103003769914,True,29,31,29:31
20260928T200815,92076.7424,69.11103003769914,True,36,31,36:31
20260928T200815,92577.994496,69.11103003769914,True,38,26,38:26
20260928T200815,92498.235392,69.11103003769914,True,49,25,49:25
20260928T200815,93110.355968,69.11103003769914,True,60,24,60:24
20260928T200815,92943.565312,69.11103003769914,True,61,31,61:31
20260928T200816,93949.48224,69.11103003769914,True,2,29,2:29
20260928T200816,93814.579712,69.11103003769914,True,10,33,10:33
20260928T200816,94174.853888,69.11103003769914,True,13,32,13:32
20260928T200816,93995.560448,69.11103003769914,True,20,30,20:30
20260928T200816,92892.18432,69.11103003769914,True,20,31,20:31
20260928T200816,93216.95616,69.11103003769914,True,22,25,22:25
20260928T200816,93721.295872,69.11103003769914,True,32,31,32:31
20260928T200816,92808.00896,69.11103003769914,True,34,24,34:24
20260928T200816,93185.068544,69.11103003769914,True,40,29,40:29
20260928T200816,93511.02592,69.11103003769914,True,44,33,44:33
20260928T200816,93941.184256,69.11103003769914,True,45,34,45:34
20260928T200816,92862.957312,69.11103003769914,True,54,28,54:28
20260928T200816,93260.4288,69.11103003769914,True,56,33,56:33
20260928T200816,92752.594432,69.11103003769914,True,56,34,56:34
20260928T200817,93956.570624,69.11103003769914,True,5,26,5:26
20260928T200817,94541.778688,69.11103003769914,True,7,23,7:23
20260928T200817,93510.150912,69.11103003769914,True,10,35,10:35
20260928T200817,110559.565568,69.11103003769914,True,24,14,24:14
20260928T200817,94309.014784,69.11103003769914,True,26,26,26:26
20260928T200817,93904.574464,69.11103003769914,True,27,28,27:28
20260928T200817,94538.8288,69.11103003769914,True,37,34,37:34
20260928T200817,94663.289344,69.11103003769914,True,46,33,46:33
20260928T200817,109139.862016,69.11103003769914,True,49,12,49:12
20260928T200817,94801.570304,69.11103003769914,True,51,31,51:31
20260928T200817,93676.064256,69.11103003769914,True,53,33,53:33
20260928T200817,94743.20128,69.11103003769914,True,55,23,55:23
20260928T200817,94523.355392,69.11103003769914,True,59,33,59:33
20260928T200817,112964.362496,69.11103003769914,True,60,8,60:8
20260928T200818,94608.842752,69.11103003769914,True,9,25,9:25
20260928T200818,95661.088256,69.11103003769914,True,14,29,14:29
20260928T200818,95829.734912,69.11103003769914,True,19,24,19:24
20260928T200818,95578.83904,69.11103003769914,True,27,27,27:27
20260928T200818,94472.7872,69.11103003769914,True,27,29,27:29
20260928T200818,95870.726144,69.11103003769914,True,39,27,39:27
20260928T200818,94893.877504,69.11103003769914,True,49,26,49:26
20260928T200818,95476.267008,69.11103003769914,True,52,32,52:32
20260928T200818,95446.321408,69.11103003769914,True,62,24,62:24
20260928T200819,111902.084096,69.11103003769914,True,2,13,2:13
20260928T200819,95772.175616,69.11103003769914,True,2,30,2:30
20260928T200819,96057.657088,69.11103003769914,True,5,25,5:25
20260928T200819,95991.089152,69.11103003769914,True,8,33,8:33
20260928T200819,96453.997056,69.11103003769914,True,10,34,10:34
20260928T200819,96031.488512,69.11103003769914,True,14,30,14:30
20260928T200819,96425.262848,69.11103003769914,True,30,31,30:31
20260928T200819,95827.350016,69.11103003769914,True,32,33,32:33
20260928T200819,95928.277248,69.11103003769914,True,42,28,42:28
20260928T200819,96163.793408,69.11103003769914,True,51,32,51:32
20260928T200819,108675.286528,69.11103003769914,True,61,17,61:17
20260928T200819,95868.292864,69.11103003769914,True,63,29,63:29
20260928T200820,97186.424832,69.11103003769914,True,4,35,4:35
20260928T200820,97537.613312,69.11103003769914,True,12,24,12:24
20260928T200820,97436.520704,69.11103003769914,True,13,33,13:33
20260928T200820,96079.015424,69.11103003769914,True,13,34,13:34
20260928T200820,96590.323712,69.11103003769914,True,16,25,16:25
20260928T200820,97574.47296,69.11103003769914,True,23,29,23:29
20260928T200820,97293.64224,69.11103003769914,True,28,33,28:33
20260928T200820,97242.322176,69.11103003769914,True,31,26,31:26
20260928T200820,96543.365888,69.11103003769914,True,33,28,33:28
20260928T200820,96900.0,69.11103003769914,True,45,35,45:35
20260928T200820,96091.542528,69.11103003769914,True,45,36,45:36
20260928T200820,109737.269504,69.11103003769914,True,60,13,60:13
20260928T200821,97158.662912,69.11103003769914,True,0,29,0:29
20260928T200821,97888.176896,69.11103003769914,True,11,25,11:25
20260928T200821,97479.473408,69.11103003769914,True,15,33,15:33
20260928T200821,97527.255808,69.11103003769914,True,21,24,21:24
20260928T200821,113334.999808,69.11103003769914,True,22,11,22:11
20260928T200821,97543.269376,69.11103003769914,True,31,27,31:27
20260928T200821,98011.689984,69.11103003769914,True,36,32,36:32
20260928T200821,97731.803648,69.11103003769914,True,38,27,38:27
20260928T200821,97316.919552,69.11103003769914,True,42,29,42:29
20260928T200821,98160.58112,69.11103003769914,True,43,24,43:24
20260928T200821,97465.055488,69.11103003769914,True,50,29,50:29
20260928T200821,97612.660736,69.11103003769914,True,61,32,61:32
20260928T200822,97949.939968,69.11103003769914,True,15,34,15:34
20260928T200822,98654.401792,69.11103003769914,True,23,30,23:30
20260928T200822,98581.57184,69.11103003769914,True,24,35,24:35
20260928T200822,98665.048064,69.11103003769914,True,25,32,25:32
20260928T200822,98372.582656,69.11103003769914,True,26,27,26:27
20260928T200822,98046.416384,69.11103003769914,True,30,32,30:32
20260928T200822,99143.172608,69.11103003769914,True,39,28,39:28
20260928T200822,97896.15744,69.11103003769914,True,41,28,41:28
20260928T200822,98399.196672,69.11103003769914,True,46,34,46:34
20260928T200822,98282.613248,69.11103003769914,True,52,33,52:33
20260928T200822,98198.943744,69.11103003769914,True,57,24,57:24
20260928T200822,98671.996672,69.11103003769914,True,58,29,58:29
20260928T200822,97762.621696,69.11103003769914,True,58,30,58:30
20260928T200823,99124.631552,69.11103003769914,True,3,32,3:32
20260928T200823,111125.882368,69.11103003769914,True,4,22,4:22
20260928T200823,98502.634752,69.11103003769914,True,17,28,17:28
20260928T200823,109801.990656,69.11103003769914,True,18,20,18:20
20260928T200823,99624.612864,69.11103003769914,True,18,32,18:32
20260928T200823,99594.653952,69.11103003769914,True,19,25,19:25
20260928T200823,98786.653952,69.11103003769914,True,24,36,24:36
20260928T200823,99429.485056,69.11103003769914,True,25,33,25:33
20260928T200823,99548.387584,69.11103003769914,True,28,34,28:34
20260928T200823,99008.109568,69.11103003769914,True,29,33,29:33
20260928T200823,98290.800128,69.11103003769914,True,30,33,30:33
20260928T200823,99895.411456,69.11103003769914,True,48,24,48:24
20260928T200823,99060.828416,69.11103003769914,True,50,30,50:30
20260928T200823,99065.493504,69.11103003769914,True,63,30,63:30
20260928T200824,99819.104256,69.11103003769914,True,5,27,5:27
20260928T200824,100127.0464,69.11103003769914,True,6,35,6:35
20260928T200824,100700.7616,69.11103003769914,True,17,27,17:27
20260928T200824,114386.691328,69.11103003769914,True,20,17,20:17
20260928T200824,100210.899712,69.11103003769914,True,22,26,22:26
20260928T200824,99855.626496,69.11103003769914,True,32,34,32:34
20260928T200824,116630.413824,69.11103003769914,True,34,10,34:10
20260928T200824,99362.766592,69.11103003769914,True,35,30,35:30
20260928T200824,100393.661696,69.11103003769914,True,37,35,37:35
20260928T200824,100600.577536,69.11103003769914,True,44,34,44:34
20260928T200824,99761.812992,69.11103003769914,True,53,35,53:35
20260928T200824,100504.606976,69.11103003769914,True,60,25,60:25
20260928T200824,99840.00128,69.11103003769914,True,60,26,60:26
20260928T200825,101054.757632,69.11103003769914,True,0,30,0:30
20260928T200825,101310.99904,69.11103003769914,True,7,24,7:24
20260928T200825,100631.078656,69.11103003769914,True,10,36,10:36
20260928T200825,101592.95232,69.11103003769914,True,11,26,11:26
20260928T200825,101107.007232,69.11103003769914,True,12,25,12:25
20260928T200825,100220.952576,69.11103003769914,True,27,30,27:30
20260928T200825,101168.072448,69.11103003769914,True,38,28,38:28
20260928T200825,101052.214784,69.11103003769914,True,40,31,40:31
20260928T200825,99952.520704,69.11103003769914,True,49,27,49:27
20260928T200825,100693.39648,69.11103003769914,True,54,29,54:29
20260928T200825,101362.414336,69.11103003769914,True,55,24,55:24
20260928T200825,101017.52192,69.11103003769914,True,56,35,56:35
20260928T200825,101426.919168,69.11103003769914,True,59,34,59:34
20260928T200825,101555.219712,69.11103003769914,True,62,25,62:25
20260928T200826,102129.47072,69.11103003769914,True,1,27,1:27
20260928T200826,101439.048192,69.11103003769914,True,6,36,6:36
20260928T200826,119196.513536,69.11103003769914,True,8,14,8:14
20260928T200826,101859.260416,69.11103003769914,True,18,33,18:33
20260928T200826,101901.724928,69.11103003769914,True,21,25,21:25
20260928T200826,101139.105792,69.11103003769914,True,30,34,30:34
20260928T200826,101858.331392,69.11103003769914,True,31,28,31:28
20260928T200826,101342.936832,69.11103003769914,True,41,29,41:29
20260928T200826,102079.068416,69.11103003769914,True,59,35,59:35
20260928T200826,101258.640384,69.11103003769914,True,61,34,61:34
20260928T200826,100988.54528,69.11103003769914,True,62,26,62:26
20260928T200826,100781.649664,69.11103003769914,True,63,31,63:31
20260928T200827,102825.934592,69.11103003769914,True,2,31,2:31
20260928T200827,102922.052864,69.11103003769914,True,4,36,4:36
20260928T200827,102380.524288,69.11103003769914,True,8,35,8:35
20260928T200827,102345.101312,69.11103003769914,True,13,35,13:35
20260928T200827,118729.522944,69.11103003769914,True,14,14,14:14
20260928T200827,102955.880448,69.11103003769914,True,15,35,15:35
20260928T200827,102624.853248,69.11103003769914,True,16,26,16:26
20260928T200827,103110.814976,69.11103003769914,True,20,32,20:32
20260928T200827,115001.370624,69.11103003769914,True,24,20,24:20
20260928T200827,102858.783488,69.11103003769914,True,26,28,26:28
20260928T200827,101560.065792,69.11103003769914,True,32,35,32:35
20260928T200827,112590.579968,69.11103003769914,True,35,20,35:20
20260928T200827,103080.671744,69.11103003769914,True,37,36,37:36
20260928T200827,103240.521216,69.11103003769914,True,39,29,39:29
20260928T200827,103067.1296,69.11103003769914,True,46,35,46:35
20260928T200827,102846.765568,69.11103003769914,True,53,34,53:34
20260928T200827,101532.051712,69.11103003769914,True,58,31,58:31
20260928T200828,114485.06496,69.11103003769914,True,4,23,4:23
20260928T200828,102488.611328,69.11103003769914,True,22,28,22:28
20260928T200828,104365.223424,69.11103003769914,True,33,29,33:29
20260928T200828,102342.564096,69.11103003769914,True,37,38,37:38
20260928T200828,102670.479872,69.11103003769914,True,38,29,38:29
20260928T200828,102826.053376,69.11103003769914,True,44,36,44:36
20260928T200828,103621.996288,69.11103003769914,True,45,37,45:37
20260928T200828,102649.458432,69.11103003769914,True,45,38,45:38
20260928T200828,103832.965888,69.11103003769914,True,48,25,48:25
20260928T200828,103382.957568,69.11103003769914,True,50,31,50:31
20260928T200828,102423.146752,69.11103003769914,True,51,34,51:34
20260928T200828,103590.18752,69.11103003769914,True,61,33,61:33
20260928T200829,104200.547328,69.11103003769914,True,3,33,3:33
20260928T200829,105109.926656,69.11103003769914,True,14,31,14:31
20260928T200829,103319.151872,69.11103003769914,True,26,29,26:29
20260928T200829,104136.141568,69.11103003769914,True,29,34,29:34
20260928T200829,103733.34272,69.11103003769914,True,34,26,34:26
20260928T200829,103379.139328,69.11103003769914,True,35,31,35:31
20260928T200829,104352.987136,69.11103003769914,True,36,33,36:33
20260928T200829,104477.352704,69.11103003769914,True,37,37,37:37
20260928T200829,104522.025984,69.11103003769914,True,43,25,43:25
20260928T200829,104317.745408,69.11103003769914,True,44,35,44:35
20260928T200829,104407.96032,69.11103003769914,True,54,30,54:30
20260928T200829,103040.000256,69.11103003769914,True,61,35,61:35
20260928T200829,121136.92416,69.11103003769914,True,62,11,62:11
20260928T200830,104475.995904,69.11103003769914,True,6,37,6:37
20260928T200830,105310.082816,69.11103003769914,True,9,26,9:26
20260928T200830,105244.945664,69.11103003769914,True,10,37,10:37
20260928T200830,104339.971584,69.11103003769914,True,14,32,14:32
20260928T200830,104719.816704,69.11103003769914,True,20,33,20:33
20260928T200830,104726.320384,69.11103003769914,True,20,34,20:34
20260928T200830,105290.834432,69.11103003769914,True,22,27,22:27
20260928T200830,105198.761728,69.11103003769914,True,24,37,24:37
20260928T200830,105431.69408,69.11103003769914,True,28,35,28:35
20260928T200830,104452.029952,69.11103003769914,True,29,35,29:35
20260928T200830,105333.008896,69.11103003769914,True,40,32,40:32
20260928T200830,104945.073408,69.11103003769914,True,47,25,47:25
20260928T200830,105078.33216,69.11103003769914,True,57,25,57:25
20260928T200830,105511.796992,69.11103003769914,True,59,36,59:36
20260928T200831,106008.308992,69.11103003769914,True,4,37,4:37
20260928T200831,105087.90528,69.11103003769914,True,8,36,8:36
20260928T200831,105398.141696,69.11103003769914,True,9,27,9:27
20260928T200831,106568.164096,69.11103003769914,True,11,27,11:27
20260928T200831,104999.742976,69.11103003769914,True,11,28,11:28
20260928T200831,106021.809408,69.11103003769914,True,16,27,16:27
20260928T200831,104991.753984,69.11103003769914,True,18,35,18:35
20260928T200831,105947.730432,69.11103003769914,True,25,34,25:34
20260928T200831,117885.83552,69.11103003769914,True,27,18,27:18
20260928T200831,105314.7584,69.11103003769914,True,36,34,36:34
20260928T200831,105495.04512,69.11103003769914,True,39,30,39:30
20260928T200831,106068.009984,69.11103003769914,True,42,30,42:30
20260928T200831,105771.394048,69.11103003769914,True,46,37,46:37
20260928T200831,116733.704192,69.11103003769914,True,47,17,47:17
20260928T200831,104994.53952,69.11103003769914,True,47,26,47:26
20260928T200831,106209.941248,69.11103003769914,True,52,34,52:34
20260928T200831,105561.176832,69.11103003769914,True,55,26,55:26
20260928T200831,105413.841152,69.11103003769914,True,57,26,57:26
20260928T200831,105357.662208,69.11103003769914,True,59,37,59:37
20260928T200831,105608.412416,69.11103003769914,True,63,32,63:32
20260928T200832,106352.848128,69.11103003769914,True,0,32,0:32
20260928T200832,106793.636096,69.11103003769914,True,1,28,1:28
20260928T200832,120241.959168,69.11103003769914,True,2,18,2:18
20260928T200832,105807.345152,69.11103003769914,True,5,28,5:28
20260928T200832,106229.892096,69.11103003769914,True,13,37,13:37
20260928T200832,106224.339712,69.11103003769914,True,15,37,15:37
20260928T200832,107074.420992,69.11103003769914,True,18,34,18:34
20260928T200832,107176.481536,69.11103003769914,True,19,26,19:26
20260928T200832,106611.659776,69.11103003769914,True,31,29,31:29
20260928T200832,107321.291776,69.11103003769914,True,33,30,33:30
20260928T200832,106965.276672,69.11103003769914,True,46,36,46:36
20260928T200832,105922.733568,69.11103003769914,True,48,27,48:27
20260928T200832,106086.344192,69.11103003769914,True,52,36,52:36
20260928T200832,106034.595328,69.11103003769914,True,54,31,54:31
20260928T200832,106158.265088,69.11103003769914,True,58,32,58:32
20260928T200833,108285.475584,69.11103003769914,True,2,32,2:32
20260928T200833,107663.048192,69.11103003769914,True,3,34,3:34
20260928T200833,107382.738176,69.11103003769914,True,6,38,6:38
20260928T200833,106769.41312,69.11103003769914,True,7,26,7:26
20260928T200833,106409.632256,69.11103003769914,True,12,27,12:27
20260928T200833,108037.995776,69.11103003769914,True,13,36,13:36
20260928T200833,106376.603904,69.11103003769914,True,14,33,14:33
20260928T200833,107713.445888,69.11103003769914,True,21,26,21:26
20260928T200833,107915.899904,69.11103003769914,True,23,31,23:31
20260928T200833,107560.173568,69.11103003769914,True,23,32,23:32
20260928T200833,124704.992,69.11103003769914,True,24,16,24:16
20260928T200833,107200.126208,69.11103003769914,True,32,36,32:36
20260928T200833,106665.752064,69.11103003769914,True,35,32,35:32
20260928T200833,106992.438528,69.11103003769914,True,39,31,39:31
20260928T200833,106689.17248,69.11103003769914,True,41,30,41:30
20260928T200833,106998.214656,69.11103003769914,True,42,31,42:31
20260928T200833,107557.788928,69.11103003769914,True,49,28,49:28
20260928T200833,108147.206912,69.11103003769914,True,55,25,55:25
20260928T200833,107449.106432,69.11103003769914,True,56,36,56:36
20260928T200834,109270.537472,69.11103003769914,True,0,31,0:31
20260928T200834,108140.768,69.11103003769914,True,1,29,1:29
20260928T200834,107884.882176,69.11103003769914,True,9,28,9:28
20260928T200834,107515.52384,69.11103003769914,True,16,28,16:28
20260928T200834,107896.689664,69.11103003769914,True,22,29,22:29
20260928T200834,108383.27296,69.11103003769914,True,24,38,24:38
20260928T200834,108643.560704,69.11103003769914,True,27,31,27:31
20260928T200834,107404.731392,69.11103003769914,True,36,35,36:35
20260928T200834,107603.55712,69.11103003769914,True,37,39,37:39
20260928T200834,107407.78752,69.11103003769914,True,47,27,47:27
20260928T200834,108744.431872,69.11103003769914,True,52,35,52:35
20260928T200834,123838.113536,69.11103003769914,True,58,15,58:15
20260928T200834,107586.25024,69.11103003769914,True,61,36,61:36
20260928T200835,108348.678912,69.11103003769914,True,1,30,1:30
20260928T200835,124398.149376,69.11103003769914,True,5,14,5:14
20260928T200835,109250.592512,69.11103003769914,True,12,26,12:26
20260928T200835,124190.41664,69.11103003769914,True,19,13,19:13
20260928T200835,108884.515072,69.11103003769914,True,33,31,33:31
20260928T200835,108491.900928,69.11103003769914,True,38,30,38:30
20260928T200835,109051.630848,69.11103003769914,True,40,33,40:33
20260928T200835,108396.942592,69.11103003769914,True,42,32,42:32
20260928T200835,108766.924032,69.11103003769914,True,51,35,51:35
20260928T200835,108282.92352,69.11103003769914,True,53,37,53:37
20260928T200835,109056.790016,69.11103003769914,True,57,27,57:27
20260928T200835,108022.194176,69.11103003769914,True,59,38,59:38
20260928T200835,109127.025408,69.11103003769914,True,62,27,62:27
20260928T200836,108684.096768,69.11103003769914,True,5,29,5:29
20260928T200836,109595.670016,69.11103003769914,True,6,39,6:39
20260928T200836,109977.36192,69.11103003769914,True,18,36,18:36
20260928T200836,110614.995712,69.11103003769914,True,19,27,19:27
20260928T200836,109713.35296,69.11103003769914,True,26,30,26:30
20260928T200836,110351.952384,69.11103003769914,True,28,36,28:36
20260928T200836,109580.802816,69.11103003769914,True,29,37,29:37
20260928T200836,110267.105792,69.11103003769914,True,30,35,30:35
20260928T200836,109398.505728,69.11103003769914,True,32,37,32:37
20260928T200836,109146.223872,69.11103003769914,True,33,32,33:32
20260928T200836,109964.543488,69.11103003769914,True,44,37,44:37
20260928T200836,108971.354112,69.11103003769914,True,46,38,46:38
20260928T200836,121967.645184,69.11103003769914,True,47,16,47:16
20260928T200836,109332.338432,69.11103003769914,True,49,29,49:29
20260928T200836,109959.59296,69.11103003769914,True,50,32,50:32
20260928T200836,110450.503168,69.11103003769914,True,53,36,53:36
20260928T200836,109066.731776,69.11103003769914,True,55,27,55:27
20260928T200836,110013.992192,69.11103003769914,True,56,37,56:37
20260928T200836,108977.960448,69.11103003769914,True,56,38,56:38
20260928T200837,110410.332672,69.11103003769914,True,2,33,2:33
20260928T200837,110283.475712,69.11103003769914,True,19,28,19:28
20260928T200837,109442.336256,69.11103003769914,True,36,36,36:36
20260928T200837,110912.484352,69.11103003769914,True,60,27,60:27
20260928T200838,122313.08288,69.11103003769914,True,0,21,0:21
20260928T200838,111862.457856,69.11103003769914,True,4,38,4:38
20260928T200838,110646.247424,69.11103003769914,True,9,29,9:29
20260928T200838,111046.861824,69.11103003769914,True,10,39,10:39
20260928T200838,110140.158464,69.11103003769914,True,14,34,14:34
20260928T200838,111589.019904,69.11103003769914,True,17,30,17:30
20260928T200838,110450.640128,69.11103003769914,True,22,30,22:30
20260928T200838,124919.523584,69.11103003769914,True,23,18,23:18
20260928T200838,111872.23296,69.11103003769914,True,25,35,25:35
20260928T200838,110447.641856,69.11103003769914,True,28,38,28:38
20260928T200838,111767.455488,69.11103003769914,True,29,36,29:36
20260928T200838,111877.959424,69.11103003769914,True,31,30,31:30
20260928T200838,111442.926848,69.11103003769914,True,34,27,34:27
20260928T200838,110918.117632,69.11103003769914,True,38,31,38:31
20260928T200838,111673.585152,69.11103003769914,True,43,27,43:27
20260928T200838,110528.937472,69.11103003769914,True,43,28,43:28
20260928T200838,111607.027456,69.11103003769914,True,44,38,44:38
20260928T200838,110752.758272,69.11103003769914,True,52,37,52:37
20260928T200838,110571.262208,69.11103003769914,True,60,28,60:28
20260928T200838,123339.366144,69.11103003769914,True,61,21,61:21
20260928T200838,111792.799744,69.11103003769914,True,63,33,63:33
20260928T200838,110578.593024,69.11103003769914,True,63,34,63:34
20260928T200839,112315.539456,69.11103003769914,True,0,33,0:33
20260928T200839,112905.42848,69.11103003769914,True,3,35,3:35
20260928T200839,112643.8272,69.11103003769914,True,4,39,4:39
20260928T200839,111852.103424,69.11103003769914,True,6,40,6:40
20260928T200839,112581.46944,69.11103003769914,True,20,35,20:35
20260928T200839,112173.437952,69.11103003769914,True,23,33,23:33
20260928T200839,111187.29216,69.11103003769914,True,23,34,23:34
20260928T200839,112171.331328,69.11103003769914,True,30,36,30:36
20260928T200839,126451.84512,69.11103003769914,True,31,16,31:16
20260928T200839,112201.75488,69.11103003769914,True,40,34,40:34
20260928T200839,111954.679808,69.11103003769914,True,41,31,41:31
20260928T200839,112575.356928,69.11103003769914,True,45,39,45:39
20260928T200839,111627.631872,69.11103003769914,True,45,40,45:40
20260928T200839,111490.3296,69.11103003769914,True,47,28,47:28
20260928T200839,112242.10304,69.11103003769914,True,53,38,53:38
20260928T200840,112961.323264,69.11103003769914,True,4,40,4:40
20260928T200840,113304.27136,69.11103003769914,True,8,37,8:37
20260928T200840,112814.917888,69.11103003769914,True,8,38,8:38
20260928T200840,113486.15168,69.11103003769914,True,13,38,13:38
20260928T200840,112978.36544,69.11103003769914,True,18,37,18:37
20260928T200840,113508.202496,69.11103003769914,True,25,36,25:36
20260928T200840,113313.307904,69.11103003769914,True,27,32,27:32
20260928T200840,113232.590592,69.11103003769914,True,28,37,28:37
20260928T200840,112347.26272,69.11103003769914,True,28,39,28:39
20260928T200840,112792.795392,69.11103003769914,True,39,32,39:32
20260928T200840,125080.57344,69.11103003769914,True,45,25,45:25
20260928T200840,112202.827008,69.11103003769914,True,46,39,46:39
20260928T200840,112274.458624,69.11103003769914,True,50,33,50:33
20260928T200840,112545.711872,69.11103003769914,True,51,37,51:37
20260928T200840,112824.532224,69.11103003769914,True,54,32,54:32
20260928T200840,113342.034688,69.11103003769914,True,62,28,62:28
20260928T200840,111798.455552,69.11103003769914,True,62,29,62:29
20260928T200841,113625.318656,69.11103003769914,True,17,31,17:31
20260928T200841,113049.292288,69.11103003769914,True,19,29,19:29
20260928T200841,113772.9024,69.11103003769914,True,21,28,21:28
20260928T200841,113063.05024,69.11103003769914,True,35,33,35:33
20260928T200841,112679.5648,69.11103003769914,True,36,37,36:37
20260928T200841,113228.709632,69.11103003769914,True,37,40,37:40
20260928T200841,112532.174592,69.11103003769914,True,37,41,37:41
20260928T200841,113171.76448,69.11103003769914,True,42,33,42:33
20260928T200841,112770.48704,69.11103003769914,True,43,29,43:29
20260928T200841,114164.803072,69.11103003769914,True,48,28,48:28
20260928T200841,113220.333312,69.11103003769914,True,56,40,56:40
20260928T200841,113881.899264,69.11103003769914,True,58,33,58:33
20260928T200841,112578.62912,69.11103003769914,True,63,35,63:35
20260928T200842,113919.712768,69.11103003769914,True,3,37,3:37
20260928T200842,114762.434048,69.11103003769914,True,10,40,10:40
20260928T200842,114440.181248,69.11103003769914,True,11,29,11:29
20260928T200842,113177.740288,69.11103003769914,True,17,32,17:32
20260928T200842,126288.379392,69.11103003769914,True,24,25,24:25
20260928T200842,114912.6464,69.11103003769914,True,25,37,25:37
20260928T200842,114022.432,69.11103003769914,True,29,38,29:38
20260928T200842,114044.186624,69.11103003769914,True,44,39,44:39
20260928T200842,113650.472448,69.11103003769914,True,45,42,45:42
20260928T200842,114580.957184,69.11103003769914,True,51,36,51:36
20260928T200842,114446.934016,69.11103003769914,True,56,39,56:39
20260928T200842,114795.119872,69.11103003769914,True,57,28,57:28
20260928T200843,115324.66688,69.11103003769914,True,2,34,2:34
20260928T200843,114021.811968,69.11103003769914,True,4,42,4:42
20260928T200843,115694.180096,69.11103003769914,True,7,27,7:27
20260928T200843,114605.177856,69.11103003769914,True,13,40,13:40
20260928T200843,114298.307328,69.11103003769914,True,14,35,14:35
20260928T200843,115035.421952,69.11103003769914,True,20,36,20:36
20260928T200843,114563.649536,69.11103003769914,True,22,31,22:31
20260928T200843,115810.308352,69.11103003769914,True,24,40,24:40
20260928T200843,115251.254016,69.11103003769914,True,30,37,30:37
20260928T200843,114760.260864,69.11103003769914,True,39,34,39:34
20260928T200843,115108.822784,69.11103003769914,True,40,35,40:35
20260928T200843,114853.155072,69.11103003769914,True,41,32,41:32
20260928T200843,114780.03584,69.11103003769914,True,49,30,49:30
20260928T200843,114492.567808,69.11103003769914,True,60,29,60:29
20260928T200843,115190.832896,69.11103003769914,True,61,38,61:38
20260928T200844,116025.139456,69.11103003769914,True,0,34,0:34
20260928T200844,116786.34112,69.11103003769914,True,3,36,3:36
20260928T200844,116162.860032,69.11103003769914,True,5,30,5:30
20260928T200844,116017.849856,69.11103003769914,True,13,39,13:39
20260928T200844,114933.420288,69.11103003769914,True,15,40,15:40
20260928T200844,116298.090752,69.11103003769914,True,16,29,16:29
20260928T200844,115632.04608,69.11103003769914,True,16,30,16:30
20260928T200844,115958.377216,69.11103003769914,True,21,29,21:29
20260928T200844,115411.966464,69.11103003769914,True,24,41,24:41
20260928T200844,114639.113472,69.11103003769914,True,24,42,24:42
20260928T200844,115876.38272,69.11103003769914,True,31,32,31:32
20260928T200844,116541.5808,69.11103003769914,True,39,33,39:33
20260928T200844,133122.775552,69.11103003769914,True,42,16,42:16
20260928T200844,116068.973312,69.11103003769914,True,45,41,45:41
20260928T200844,116024.50048,69.11103003769914,True,52,38,52:38
20260928T200844,116223.695616,69.11103003769914,True,55,28,55:28
20260928T200845,117503.262464,69.11103003769914,True,1,31,1:31
20260928T200845,116726.262016,69.11103003769914,True,8,39,8:39
20260928T200845,116074.432256,69.11103003769914,True,8,40,8:40
20260928T200845,116334.160128,69.11103003769914,True,11,30,11:30
20260928T200845,116904.632576,69.11103003769914,True,15,39,15:39
20260928T200845,116244.890112,69.11103003769914,True,18,38,18:38
20260928T200845,131842.787584,69.11103003769914,True,26,17,26:17
20260928T200845,117441.002496,69.11103003769914,True,27,33,27:33
20260928T200845,115543.321344,69.11103003769914,True,41,33,41:33
20260928T200845,116488.444672,69.11103003769914,True,42,34,42:34
20260928T200845,116070.742272,69.11103003769914,True,49,31,49:31
20260928T200845,116173.13792,69.11103003769914,True,57,29,57:29
20260928T200845,117046.94656,69.11103003769914,True,59,39,59:39
20260928T200845,116221.886464,69.11103003769914,True,61,39,61:39
20260928T200845,129236.409856,69.11103003769914,True,63,21,63:21
20260928T200845,115428.041216,69.11103003769914,True,63,36,63:36
20260928T200846,116920.950272,69.11103003769914,True,2,36,2:36
20260928T200846,132010.9952,69.11103003769914,True,17,17,17:17
20260928T200846,118037.27104,69.11103003769914,True,26,31,26:31
20260928T200846,116667.90784,69.11103003769914,True,26,32,26:32
20260928T200846,117628.821248,69.11103003769914,True,32,39,32:39
20260928T200846,117228.166144,69.11103003769914,True,35,34,35:34
20260928T200846,132609.37344,69.11103003769914,True,41,18,41:18
20260928T200846,117757.883392,69.11103003769914,True,44,40,44:40
20260928T200846,116496.340992,69.11103003769914,True,44,41,44:41
20260928T200846,117903.494912,69.11103003769914,True,48,29,48:29
20260928T200846,117227.193088,69.11103003769914,True,51,38,51:38
20260928T200846,118136.228096,69.11103003769914,True,53,39,53:39
20260928T200846,117375.758592,69.11103003769914,True,53,40,53:40
20260928T200846,117367.830528,69.11103003769914,True,54,33,54:33
20260928T200846,116828.595712,69.11103003769914,True,54,34,54:34
20260928T200846,117296.113152,69.11103003769914,True,58,34,58:34
20260928T200847,118252.339712,69.11103003769914,True,9,30,9:30
20260928T200847,117863.471104,69.11103003769914,True,10,42,10:42
20260928T200847,133082.875136,69.11103003769914,True,11,17,11:17
20260928T200847,117583.382528,69.11103003769914,True,13,41,13:41
20260928T200847,118871.747328,69.11103003769914,True,20,37,20:37
20260928T200847,117734.559744,69.11103003769914,True,20,38,20:38
20260928T200847,118384.74112,69.11103003769914,True,25,39,25:39
20260928T200847,119048.638208,69.11103003769914,True,29,39,29:39
20260928T200847,118852.931584,69.11103003769914,True,30,38,30:38
20260928T200847,119104.313856,69.11103003769914,True,33,33,33:33
20260928T200847,117866.330368,69.11103003769914,True,43,30,43:30
20260928T200847,118591.225344,69.11103003769914,True,46,40,46:40
20260928T200847,118438.104064,69.11103003769914,True,50,34,50:34
20260928T200847,118217.8304,69.11103003769914,True,55,29,55:29
20260928T200847,118021.289728,69.11103003769914,True,59,40,59:40
20260928T200848,118866.930432,69.11103003769914,True,1,32,1:32
20260928T200848,118552.649216,69.11103003769914,True,4,43,4:43
20260928T200848,119559.539456,69.11103003769914,True,6,41,6:41
20260928T200848,119829.662464,69.11103003769914,True,10,41,10:41
20260928T200848,118584.954624,69.11103003769914,True,24,43,24:43
20260928T200848,118294.662144,69.11103003769914,True,29,40,29:40
20260928T200848,118515.150592,69.11103003769914,True,34,29,34:29
20260928T200848,118137.945088,69.11103003769914,True,36,39,36:39
20260928T200848,119629.256704,69.11103003769914,True,38,32,38:32
20260928T200848,118375.770368,69.11103003769914,True,39,35,39:35
20260928T200848,119051.363584,69.11103003769914,True,40,36,40:36
20260928T200848,119409.181696,69.11103003769914,True,47,29,47:29
20260928T200848,118788.445184,69.11103003769914,True,60,30,60:30
20260928T200849,120026.70336,69.11103003769914,True,5,31,5:31
20260928T200849,118892.507648,69.11103003769914,True,13,42,13:42
20260928T200849,119047.64928,69.11103003769914,True,18,39,18:39
20260928T200849,119980.725248,69.11103003769914,True,22,32,22:32
20260928T200849,119656.704512,69.11103003769914,True,30,39,30:39
20260928T200849,119843.030784,69.11103003769914,True,32,40,32:40
20260928T200849,119336.875776,69.11103003769914,True,32,41,32:41
20260928T200849,119156.914176,69.11103003769914,True,42,35,42:35
20260928T200849,119950.62272,69.11103003769914,True,45,43,45:43
20260928T200849,119271.145984,69.11103003769914,True,53,41,53:41
20260928T200850,120486.4128,69.11103003769914,True,0,35,0:35
20260928T200850,120603.546624,69.11103003769914,True,6,42,6:42
20260928T200850,120683.392768,69.11103003769914,True,8,41,8:41
20260928T200850,121282.444032,69.11103003769914,True,12,29,12:29
20260928T200850,133954.163456,69.11103003769914,True,13,24,13:24
20260928T200850,120076.731648,69.11103003769914,True,14,36,14:36
20260928T200850,120237.297408,69.11103003769914,True,15,41,15:41
20260928T200850,119967.986432,69.11103003769914,True,15,42,15:42
20260928T200850,121470.165504,69.11103003769914,True,23,35,23:35
20260928T200850,120143.628288,69.11103003769914,True,26,33,26:33
20260928T200850,121162.946304,69.11103003769914,True,27,34,27:34
20260928T200850,121000.026624,69.11103003769914,True,28,40,28:40
20260928T200850,121213.33248,69.11103003769914,True,36,38,36:38
20260928T200850,119776.051712,69.11103003769914,True,39,36,39:36
20260928T200850,121195.044352,69.11103003769914,True,52,39,52:39
20260928T200850,120493.110784,69.11103003769914,True,52,40,52:40
20260928T200850,120591.033856,69.11103003769914,True,56,41,56:41
20260928T200850,121414.051072,69.11103003769914,True,62,30,62:30
20260928T200851,120543.468544,69.11103003769914,True,0,36,0:36
20260928T200851,120705.0368,69.11103003769914,True,5,32,5:32
20260928T200851,120944.419328,69.11103003769914,True,6,43,6:43
20260928T200851,121156.734208,69.11103003769914,True,9,31,9:31
20260928T200851,122093.12512,69.11103003769914,True,17,33,17:33
20260928T200851,121744.069376,69.11103003769914,True,23,36,23:36
20260928T200851,120579.507712,69.11103003769914,True,29,41,29:41
20260928T200851,120314.00192,69.11103003769914,True,30,40,30:40
20260928T200851,121866.326272,69.11103003769914,True,31,33,31:33
20260928T200851,135206.5344,69.11103003769914,True,44,24,44:24
20260928T200851,120913.877248,69.11103003769914,True,48,30,48:30
20260928T200851,121802.6176,69.11103003769914,True,50,35,50:35
20260928T200851,121385.054208,69.11103003769914,True,56,42,56:42
20260928T200851,121003.5264,69.11103003769914,True,57,30,57:30
20260928T200851,121931.27168,69.11103003769914,True,61,40,61:40
20260928T200852,122189.4336,69.11103003769914,True,2,37,2:37
20260928T200852,122795.665152,69.11103003769914,True,3,38,3:38
20260928T200852,122097.874176,69.11103003769914,True,7,29,7:29
20260928T200852,122891.041792,69.11103003769914,True,11,31,11:31
20260928T200852,122880.483584,69.11103003769914,True,16,31,16:31
20260928T200852,121219.328,69.11103003769914,True,18,40,18:40
20260928T200852,123184.65664,69.11103003769914,True,19,30,19:30
20260928T200852,122209.120768,69.11103003769914,True,22,33,22:33
20260928T200852,122264.504832,69.11103003769914,True,25,40,25:40
20260928T200852,122322.482688,69.11103003769914,True,28,41,28:41
20260928T200852,121831.99872,69.11103003769914,True,35,35,35:35
20260928T200852,121398.378752,69.11103003769914,True,36,40,36:40
20260928T200852,122496.920576,69.11103003769914,True,37,42,37:42
20260928T200852,121819.762176,69.11103003769914,True,37,43,37:43
20260928T200852,121717.11744,69.11103003769914,True,41,34,41:34
20260928T200852,121651.861504,69.11103003769914,True,45,45,45:45
20260928T200852,122162.051072,69.11103003769914,True,46,42,46:42
20260928T200852,122348.578304,69.11103003769914,True,47,30,47:30
20260928T200852,121368.379136,69.11103003769914,True,53,42,53:42
20260928T200852,122567.31776,69.11103003769914,True,59,41,59:41
20260928T200852,121387.773952,69.11103003769914,True,60,31,60:31
20260928T200853,123190.861824,69.11103003769914,True,4,44,4:44
20260928T200853,121680.385792,69.11103003769914,True,6,44,6:44
20260928T200853,136559.505408,69.11103003769914,True,11,19,11:19
20260928T200853,122512.589568,69.11103003769914,True,11,32,11:32
20260928T200853,123397.196288,69.11103003769914,True,21,30,21:30
20260928T200853,122124.093184,69.11103003769914,True,23,37,23:37
20260928T200853,123510.180864,69.11103003769914,True,33,34,33:34
20260928T200853,123125.603584,69.11103003769914,True,38,33,38:33
20260928T200853,122721.005824,69.11103003769914,True,44,42,44:42
20260928T200853,123717.339648,69.11103003769914,True,46,41,46:41
20260928T200853,122494.876928,69.11103003769914,True,50,36,50:36
20260928T200853,121880.068352,69.11103003769914,True,51,40,51:40
20260928T200853,122869.235456,69.11103003769914,True,55,30,55:30
20260928T200853,123787.447808,69.11103003769914,True,58,35,58:35
20260928T200853,135799.707904,69.11103003769914,True,61,24,61:24
20260928T200853,123298.70336,69.11103003769914,True,63,37,63:37
20260928T200854,124303.599616,69.11103003769914,True,1,33,1:33
20260928T200854,123749.813248,69.11103003769914,True,12,30,12:30
20260928T200854,123370.877952,69.11103003769914,True,25,41,25:41
20260928T200854,123483.08864,69.11103003769914,True,29,42,29:42
20260928T200854,123841.744384,69.11103003769914,True,35,36,35:36
20260928T200854,122443.308032,69.11103003769914,True,39,37,39:37
20260928T200854,123930.761472,69.11103003769914,True,45,44,45:44
20260928T200854,123958.82752,69.11103003769914,True,49,32,49:32
20260928T200854,124282.418944,69.11103003769914,True,51,39,51:39
20260928T200854,123096.487424,69.11103003769914,True,56,43,56:43
20260928T200854,140361.793792,69.11103003769914,True,61,20,61:20
20260928T200854,124212.774912,69.11103003769914,True,62,31,62:31
20260928T200855,124255.322112,69.11103003769914,True,1,34,1:34
20260928T200855,123157.797632,69.11103003769914,True,5,33,5:33
20260928T200855,123188.103168,69.11103003769914,True,7,30,7:30
20260928T200855,125060.060672,69.11103003769914,True,8,42,8:42
20260928T200855,123837.98784,69.11103003769914,True,8,43,8:43
20260928T200855,124591.150592,69.11103003769914,True,9,32,9:32
20260928T200855,123942.704384,69.11103003769914,True,13,43,13:43
20260928T200855,124029.300224,69.11103003769914,True,18,41,18:41
20260928T200855,123372.528384,69.11103003769914,True,20,40,20:40
20260928T200855,141244.240896,69.11103003769914,True,28,22,28:22
20260928T200855,124347.287296,69.11103003769914,True,31,34,31:34
20260928T200855,123798.87744,69.11103003769914,True,31,35,31:35
20260928T200855,124567.69792,69.11103003769914,True,33,35,33:35
20260928T200855,124015.115008,69.11103003769914,True,36,41,36:41
20260928T200855,123735.83104,69.11103003769914,True,42,36,42:36
20260928T200855,140149.716736,69.11103003769914,True,46,24,46:24
20260928T200855,123685.696768,69.11103003769914,True,57,31,57:31
20260928T200855,124683.101184,69.11103003769914,True,61,41,61:41
20260928T200856,138998.736384,69.11103003769914,True,0,23,0:23
20260928T200856,125509.123584,69.11103003769914,True,3,40,3:40
20260928T200856,125415.286528,69.11103003769914,True,4,45,4:45
20260928T200856,124508.005632,69.11103003769914,True,8,44,8:44
20260928T200856,125426.797568,69.11103003769914,True,10,43,10:43
20260928T200856,124829.554944,69.11103003769914,True,11,33,11:33
20260928T200856,125197.997824,69.11103003769914,True,12,31,12:31
20260928T200856,125990.674432,69.11103003769914,True,14,37,14:37
20260928T200856,125100.029952,69.11103003769914,True,16,32,16:32
20260928T200856,124351.416064,69.11103003769914,True,24,45,24:45
20260928T200856,126032.515328,69.11103003769914,True,27,36,27:36
20260928T200856,125410.226688,69.11103003769914,True,28,42,28:42
20260928T200856,125245.274624,69.11103003769914,True,32,43,32:43
20260928T200856,124733.2416,69.11103003769914,True,35,37,35:37
20260928T200856,124594.424064,69.11103003769914,True,47,31,47:31
20260928T200856,125052.392704,69.11103003769914,True,55,31,55:31
20260928T200856,124728.591104,69.11103003769914,True,56,44,56:44
20260928T200856,125276.852224,69.11103003769914,True,58,36,58:36
20260928T200856,125734.978048,69.11103003769914,True,59,42,59:42
20260928T200857,125372.914176,69.11103003769914,True,1,35,1:35
20260928T200857,125103.386368,69.11103003769914,True,6,45,6:45
20260928T200857,125524.535296,69.11103003769914,True,13,44,13:44
20260928T200857,126140.32384,69.11103003769914,True,27,37,27:37
20260928T200857,125234.610176,69.11103003769914,True,29,43,29:43
20260928T200857,125639.480832,69.11103003769914,True,38,35,38:35
20260928T200857,126450.002688,69.11103003769914,True,43,31,43:31
20260928T200857,125348.827648,69.11103003769914,True,48,32,48:32
20260928T200857,125628.421888,69.11103003769914,True,49,33,49:33
20260928T200857,126437.270784,69.11103003769914,True,54,35,54:35
20260928T200857,125669.613824,69.11103003769914,True,54,36,54:36
20260928T200857,126230.441472,69.11103003769914,True,63,38,63:38
20260928T200857,125493.663232,69.11103003769914,True,63,39,63:39
20260928T200858,126025.272832,69.11103003769914,True,10,45,10:45
20260928T200858,126673.175296,69.11103003769914,True,17,35,17:35
20260928T200858,125925.565184,69.11103003769914,True,21,32,21:32
20260928T200858,126262.654464,69.11103003769914,True,22,35,22:35
20260928T200858,126224.553472,69.11103003769914,True,23,38,23:38
20260928T200858,126993.949184,69.11103003769914,True,25,42,25:42
20260928T200858,127575.209728,69.11103003769914,True,34,30,34:30
20260928T200858,126493.702144,69.11103003769914,True,34,31,34:31
20260928T200858,127109.322752,69.11103003769914,True,37,44,37:44
20260928T200858,126073.215488,69.11103003769914,True,43,32,43:32
20260928T200858,126711.090944,69.11103003769914,True,45,46,45:46
20260928T200858,127131.740416,69.11103003769914,True,48,31,48:31
20260928T200858,126924.063488,69.11103003769914,True,52,41,52:41
20260928T200858,126862.15808,69.11103003769914,True,59,43,59:43
20260928T200858,126708.558592,69.11103003769914,True,61,42,61:42
20260928T200858,126549.119744,69.11103003769914,True,61,43,61:43
20260928T200859,127916.272128,69.11103003769914,True,0,37,0:37
20260928T200859,127976.701184,69.11103003769914,True,2,38,2:38
20260928T200859,128196.630016,69.11103003769914,True,15,43,15:43
20260928T200859,126446.920704,69.11103003769914,True,17,36,17:36
20260928T200859,128061.520384,69.11103003769914,True,21,31,21:31
20260928T200859,128695.529216,69.11103003769914,True,24,44,24:44
20260928T200859,126541.945344,69.11103003769914,True,26,35,26:35
20260928T200859,127861.344,69.11103003769914,True,28,43,28:43
20260928T200859,127557.277696,69.11103003769914,True,30,41,30:41
20260928T200859,127123.315968,69.11103003769914,True,31,36,31:36
20260928T200859,127989.178368,69.11103003769914,True,37,45,37:45
20260928T200859,128060.602368,69.11103003769914,True,41,35,41:35
20260928T200859,127770.795008,69.11103003769914,True,44,43,44:43
20260928T200859,127044.481024,69.11103003769914,True,44,44,44:44
20260928T200859,127760.212992,69.11103003769914,True,53,43,53:43
20260928T200859,127512.624384,69.11103003769914,True,58,37,58:37
20260928T200859,127469.44128,69.11103003769914,True,62,32,62:32
20260928T200900,127975.749888,69.11103003769914,True,2,39,2:39
20260928T200900,127887.62496,69.11103003769914,True,3,41,3:41
20260928T200900,128015.391744,69.11103003769914,True,4,47,4:47
20260928T200900,127731.610624,69.11103003769914,True,12,32,12:32
20260928T200900,128614.27456,69.11103003769914,True,19,32,19:32
20260928T200900,128757.181696,69.11103003769914,True,26,34,26:34
20260928T200900,128436.296704,69.11103003769914,True,40,38,40:38
20260928T200900,127884.299008,69.11103003769914,True,40,39,40:39
20260928T200900,127545.279488,69.11103003769914,True,41,36,41:36
20260928T200900,127307.867648,69.11103003769914,True,47,32,47:32
20260928T200900,128298.079232,69.11103003769914,True,55,32,55:32
20260928T200900,128020.753408,69.11103003769914,True,60,33,60:33
20260928T200901,128353.354752,69.11103003769914,True,5,34,5:34
20260928T200901,129627.035136,69.11103003769914,True,10,44,10:44
20260928T200901,130064.783872,69.11103003769914,True,14,38,14:38
20260928T200901,128901.04832,69.11103003769914,True,15,45,15:45
20260928T200901,129323.10016,69.11103003769914,True,22,34,22:34
20260928T200901,128677.658112,69.11103003769914,True,30,42,30:42
20260928T200901,128669.233408,69.11103003769914,True,32,44,32:44
20260928T200901,128603.76832,69.11103003769914,True,45,48,45:48
20260928T200901,129625.927936,69.11103003769914,True,46,43,46:43
20260928T200901,128778.225664,69.11103003769914,True,49,34,49:34
20260928T200901,129142.414592,69.11103003769914,True,52,42,52:42
20260928T200901,129063.798272,69.11103003769914,True,52,43,52:43
20260928T200901,144460.771072,69.11103003769914,True,60,19,60:19
20260928T200901,129273.130496,69.11103003769914,True,60,32,60:32
20260928T200902,130013.881856,69.11103003769914,True,9,33,9:33
20260928T200902,128982.603264,69.11103003769914,True,10,46,10:46
20260928T200902,129995.629568,69.11103003769914,True,14,39,14:39
20260928T200902,130788.30848,69.11103003769914,True,15,44,15:44
20260928T200902,129998.7712,69.11103003769914,True,16,33,16:33
20260928T200902,130328.8128,69.11103003769914,True,33,36,33:36
20260928T200902,129752.922624,69.11103003769914,True,43,33,43:33
20260928T200902,144270.225664,69.11103003769914,True,45,28,45:28
20260928T200902,129517.174272,69.11103003769914,True,48,33,48:33
20260928T200902,130633.37856,69.11103003769914,True,51,41,51:41
20260928T200902,129688.250624,69.11103003769914,True,56,45,56:45
20260928T200902,129680.94464,69.11103003769914,True,59,45,59:45
20260928T200902,129212.127744,69.11103003769914,True,61,44,61:44
20260928T200903,131008.63744,69.11103003769914,True,1,36,1:36
20260928T200903,131352.462336,69.11103003769914,True,4,46,4:46
20260928T200903,130490.309376,69.11103003769914,True,8,45,8:45
20260928T200903,130098.018304,69.11103003769914,True,19,33,19:33
20260928T200903,130515.852288,69.11103003769914,True,23,39,23:39
20260928T200903,130490.9696,69.11103003769914,True,27,38,27:38
20260928T200903,130570.814976,69.11103003769914,True,28,44,28:44
20260928T200903,131350.425856,69.11103003769914,True,35,38,35:38
20260928T200903,131038.851584,69.11103003769914,True,36,42,36:42
20260928T200903,131254.2336,69.11103003769914,True,37,46,37:46
20260928T200903,129759.5136,69.11103003769914,True,40,40,40:40
20260928T200903,130770.604288,69.11103003769914,True,45,47,45:47
20260928T200903,131214.140928,69.11103003769914,True,50,38,50:38
20260928T200903,130605.333504,69.11103003769914,True,54,37,54:37
20260928T200903,129798.33728,69.11103003769914,True,54,38,54:38
20260928T200903,130612.279296,69.11103003769914,True,56,46,56:46
20260928T200903,130863.244288,69.11103003769914,True,57,32,57:32
20260928T200903,130586.680576,69.11103003769914,True,62,33,62:33
20260928T200904,131606.313472,69.11103003769914,True,0,38,0:38
20260928T200904,148702.079232,69.11103003769914,True,16,18,16:18
20260928T200904,131418.558464,69.11103003769914,True,18,42,18:42
20260928T200904,131936.235776,69.11103003769914,True,20,41,20:41
20260928T200904,131953.336064,69.11103003769914,True,24,46,24:46
20260928T200904,130425.905152,69.11103003769914,True,29,45,29:45
20260928T200904,147970.734592,69.11103003769914,True,35,22,35:22
20260928T200904,131158.799104,69.11103003769914,True,36,43,36:43
20260928T200904,131585.614848,69.11103003769914,True,39,38,39:38
20260928T200904,130869.106176,69.11103003769914,True,46,45,46:45
20260928T200904,131979.844352,69.11103003769914,True,53,44,53:44
20260928T200904,131595.229184,69.11103003769914,True,58,38,58:38
20260928T200904,130723.268352,69.11103003769914,True,59,46,59:46
20260928T200904,130448.722688,69.11103003769914,True,60,34,60:34
20260928T200905,131947.248896,69.11103003769914,True,16,34,16:34
20260928T200905,132452.073472,69.11103003769914,True,25,43,25:43
20260928T200905,132552.990208,69.11103003769914,True,33,37,33:37
20260928T200905,132887.402752,69.11103003769914,True,38,36,38:36
20260928T200905,132889.939712,69.11103003769914,True,42,37,42:37
20260928T200905,131637.81888,69.11103003769914,True,44,46,44:46
20260928T200905,132048.7488,69.11103003769914,True,45,49,45:49
20260928T200905,131541.357568,69.11103003769914,True,49,35,49:35
20260928T200905,131875.442944,69.11103003769914,True,51,42,51:42
20260928T200905,132324.0576,69.11103003769914,True,52,44,52:44
20260928T200905,131874.048512,69.11103003769914,True,53,45,53:45
20260928T200905,132107.070976,69.11103003769914,True,61,45,61:45
20260928T200906,132848.652544,69.11103003769914,True,2,40,2:40
20260928T200906,133827.663616,69.11103003769914,True,7,31,7:31
20260928T200906,133394.013952,69.11103003769914,True,11,34,11:34
20260928T200906,133025.226752,69.11103003769914,True,13,45,13:45
20260928T200906,132414.440448,69.11103003769914,True,15,47,15:47
20260928T200906,132766.93632,69.11103003769914,True,18,43,18:43
20260928T200906,132325.73824,69.11103003769914,True,21,33,21:33
20260928T200906,131994.976512,69.11103003769914,True,27,39,27:39
20260928T200906,133754.87232,69.11103003769914,True,28,45,28:45
20260928T200906,133912.386304,69.11103003769914,True,29,44,29:44
20260928T200906,133228.022528,69.11103003769914,True,44,45,44:45
20260928T200906,132585.415168,69.11103003769914,True,54,39,54:39
20260928T200906,133381.30944,69.11103003769914,True,57,33,57:33
20260928T200906,131906.410752,69.11103003769914,True,63,41,63:41
20260928T200907,133532.651776,69.11103003769914,True,2,41,2:41
20260928T200907,134486.316032,69.11103003769914,True,3,42,3:42
20260928T200907,133253.781504,69.11103003769914,True,3,43,3:43
20260928T200907,133585.750528,69.11103003769914,True,4,48,4:48
20260928T200907,134096.594688,69.11103003769914,True,5,35,5:35
20260928T200907,134239.200256,69.11103003769914,True,12,33,12:33
20260928T200907,133183.45472,69.11103003769914,True,13,46,13:46
20260928T200907,133234.829056,69.11103003769914,True,30,43,30:43
20260928T200907,133793.416192,69.11103003769914,True,31,37,31:37
20260928T200907,133710.414592,69.11103003769914,True,32,45,32:45
20260928T200907,134380.438016,69.11103003769914,True,34,32,34:32
20260928T200907,133299.810048,69.11103003769914,True,34,33,34:33
20260928T200907,133004.0064,69.11103003769914,True,37,48,37:48
20260928T200907,134429.38624,69.11103003769914,True,39,39,39:39
20260928T200907,134242.212864,69.11103003769914,True,42,38,42:38
20260928T200907,133005.868288,69.11103003769914,True,61,46,61:46
20260928T200908,134005.48224,69.11103003769914,True,0,40,0:40
20260928T200908,135278.72768,69.11103003769914,True,1,37,1:37
20260928T200908,134420.032,69.11103003769914,True,6,47,6:47
20260928T200908,134520.839168,69.11103003769914,True,15,46,15:46
20260928T200908,134929.651712,69.11103003769914,True,20,42,20:42
20260928T200908,135233.418496,69.11103003769914,True,24,47,24:47
20260928T200908,148904.598016,69.11103003769914,True,30,26,30:26
20260928T200908,133641.969408,69.11103003769914,True,31,38,31:38
20260928T200908,134124.605184,69.11103003769914,True,32,46,32:46
20260928T200908,134869.76128,69.11103003769914,True,47,33,47:33
20260928T200908,134674.384384,69.11103003769914,True,50,40,50:40
20260928T200908,134193.799936,69.11103003769914,True,59,47,59:47
20260928T200908,134626.71744,69.11103003769914,True,62,34,62:34
20260928T200909,135382.289408,69.11103003769914,True,0,39,0:39
20260928T200909,134859.301888,69.11103003769914,True,1,38,1:38
20260928T200909,135908.694272,69.11103003769914,True,8,46,8:46
20260928T200909,135088.720128,69.11103003769914,True,17,37,17:37
20260928T200909,136259.14496,69.11103003769914,True,22,36,22:36
20260928T200909,135889.43744,69.11103003769914,True,25,44,25:44
20260928T200909,134603.822848,69.11103003769914,True,30,44,30:44
20260928T200909,135047.844096,69.11103003769914,True,39,40,39:40
20260928T200909,134902.285312,69.11103003769914,True,40,41,40:41
20260928T200909,135505.839616,69.11103003769914,True,46,46,46:46
20260928T200909,134910.039552,69.11103003769914,True,48,34,48:34
20260928T200909,134820.542976,69.11103003769914,True,54,40,54:40
20260928T200909,136298.009088,69.11103003769914,True,55,33,55:33
20260928T200909,134586.59072,69.11103003769914,True,55,34,55:34
20260928T200909,135689.160704,69.11103003769914,True,58,39,58:39
20260928T200910,135137.729536,69.11103003769914,True,9,35,9:35
20260928T200910,136643.703808,69.11103003769914,True,11,35,11:35
20260928T200910,135774.62528,69.11103003769914,True,12,34,12:34
20260928T200910,136424.23808,69.11103003769914,True,14,40,14:40
20260928T200910,135559.24608,69.11103003769914,True,21,34,21:34
20260928T200910,152739.319552,69.11103003769914,True,23,23,23:23
20260928T200910,136515.893248,69.11103003769914,True,35,39,35:39
20260928T200910,135810.114048,69.11103003769914,True,41,38,41:38
20260928T200910,135514.535936,69.11103003769914,True,45,50,45:50
20260928T200910,136696.179456,69.11103003769914,True,52,45,52:45
20260928T200910,136301.417984,69.11103003769914,True,53,46,53:46
20260928T200910,136084.028416,69.11103003769914,True,60,35,60:35
20260928T200910,136586.286592,69.11103003769914,True,63,40,63:40
20260928T200911,136446.537728,69.11103003769914,True,2,42,2:42
20260928T200911,136358.246912,69.11103003769914,True,4,49,4:49
20260928T200911,136530.266624,69.11103003769914,True,8,47,8:47
20260928T200911,137305.037568,69.11103003769914,True,14,41,14:41
20260928T200911,136602.583296,69.11103003769914,True,16,35,16:35
20260928T200911,136529.063168,69.11103003769914,True,20,43,20:43
20260928T200911,137581.243648,69.11103003769914,True,23,40,23:40
20260928T200911,137158.631424,69.11103003769914,True,24,48,24:48
20260928T200911,136870.649856,69.11103003769914,True,26,37,26:37
20260928T200911,137711.337216,69.11103003769914,True,28,46,28:46
20260928T200911,136595.085056,69.11103003769914,True,29,46,29:46
20260928T200911,136933.486848,69.11103003769914,True,37,49,37:49
20260928T200911,136270.658816,69.11103003769914,True,39,41,39:41
20260928T200911,137125.368832,69.11103003769914,True,42,39,42:39
20260928T200911,136269.60896,69.11103003769914,True,47,34,47:34
20260928T200911,137430.2016,69.11103003769914,True,51,43,51:43
20260928T200911,136838.523392,69.11103003769914,True,52,46,52:46
20260928T200911,136385.894144,69.11103003769914,True,58,40,58:40
20260928T200912,137876.18304,69.11103003769914,True,18,44,18:44
20260928T200912,137986.411776,69.11103003769914,True,19,34,19:34
20260928T200912,137777.3312,69.11103003769914,True,24,49,24:49
20260928T200912,137476.287488,69.11103003769914,True,25,46,25:46
20260928T200912,137283.950848,69.11103003769914,True,28,47,28:47
20260928T200912,136910.222848,69.11103003769914,True,40,42,40:42
20260928T200912,137358.867968,69.11103003769914,True,48,35,48:35
20260928T200912,137706.547968,69.11103003769914,True,50,41,50:41
20260928T200912,136900.410368,69.11103003769914,True,56,48,56:48
20260928T200913,138741.2544,69.11103003769914,True,10,47,10:47
20260928T200913,139004.344576,69.11103003769914,True,25,45,25:45
20260928T200913,137966.207744,69.11103003769914,True,30,45,30:45
20260928T200913,138444.754432,69.11103003769914,True,32,47,32:47
20260928T200913,138867.308544,69.11103003769914,True,38,38,38:38
20260928T200913,138079.297792,69.11103003769914,True,44,48,44:48
20260928T200913,139164.47744,69.11103003769914,True,53,47,53:47
20260928T200913,138712.90752,69.11103003769914,True,56,47,56:47
20260928T200913,137852.664832,69.11103003769914,True,60,36,60:36
20260928T200913,138360.393472,69.11103003769914,True,61,47,61:47
20260928T200914,140154.200832,69.11103003769914,True,6,48,6:48
20260928T200914,139860.81536,69.11103003769914,True,7,33,7:33
20260928T200914,138936.464128,69.11103003769914,True,8,48,8:48
20260928T200914,138952.519168,69.11103003769914,True,12,35,12:35
20260928T200914,139646.167296,69.11103003769914,True,13,47,13:47
20260928T200914,139091.913472,69.11103003769914,True,13,48,13:48
20260928T200914,139116.428032,69.11103003769914,True,15,49,15:49
20260928T200914,138606.766592,69.11103003769914,True,16,36,16:36
20260928T200914,139715.544832,69.11103003769914,True,22,37,22:37
20260928T200914,138673.952768,69.11103003769914,True,22,38,22:38
20260928T200914,139025.414144,69.11103003769914,True,27,40,27:40
20260928T200914,158366.509056,69.11103003769914,True,30,23,30:23
20260928T200914,139763.705088,69.11103003769914,True,36,44,36:44
20260928T200914,138863.41632,69.11103003769914,True,45,51,45:51
20260928T200914,139857.883904,69.11103003769914,True,46,47,46:47
20260928T200914,138583.451904,69.11103003769914,True,53,48,53:48
20260928T200914,138929.987328,69.11103003769914,True,59,48,59:48
20260928T200914,139395.820544,69.11103003769914,True,63,42,63:42
20260928T200915,139731.997952,69.11103003769914,True,1,39,1:39
20260928T200915,140027.275264,69.11103003769914,True,6,49,6:49
20260928T200915,139347.229184,69.11103003769914,True,14,42,14:42
20260928T200915,140460.616192,69.11103003769914,True,17,38,17:38
20260928T200915,140436.281088,69.11103003769914,True,23,41,23:41
20260928T200915,139114.29376,69.11103003769914,True,25,47,25:47
20260928T200915,139817.693184,69.11103003769914,True,26,38,26:38
20260928T200915,140401.488896,69.11103003769914,True,34,34,34:34
20260928T200915,140490.312192,69.11103003769914,True,35,40,35:40
20260928T200915,139367.595776,69.11103003769914,True,35,41,35:41
20260928T200915,140123.076352,69.11103003769914,True,36,45,36:45
20260928T200915,140566.740224,69.11103003769914,True,44,47,44:47
20260928T200915,139409.470208,69.11103003769914,True,49,37,49:37
20260928T200915,139595.843584,69.11103003769914,True,58,41,58:41
20260928T200916,140808.463104,69.11103003769914,True,9,36,9:36
20260928T200916,141065.643008,69.11103003769914,True,10,48,10:48
20260928T200916,140901.88928,69.11103003769914,True,32,48,32:48
20260928T200916,140541.677824,69.11103003769914,True,40,43,40:43
20260928T200916,140489.395968,69.11103003769914,True,41,39,41:39
20260928T200916,140301.246208,69.11103003769914,True,48,36,48:36
20260928T200916,141396.841984,69.11103003769914,True,49,36,49:36
20260928T200916,140672.161536,69.11103003769914,True,50,42,50:42
20260928T200916,141564.246272,69.11103003769914,True,51,44,51:44
20260928T200916,139892.63744,69.11103003769914,True,52,48,52:48
20260928T200916,140144.436224,69.11103003769914,True,54,41,54:41
20260928T200916,140235.866368,69.11103003769914,True,55,35,55:35
20260928T200916,140377.34144,69.11103003769914,True,56,49,56:49
20260928T200917,142422.286336,69.11103003769914,True,0,41,0:41
20260928T200917,141817.590528,69.11103003769914,True,4,50,4:50
20260928T200917,141393.915392,69.11103003769914,True,7,34,7:34
20260928T200917,158971.501824,69.11103003769914,True,10,28,10:28
20260928T200917,141877.664512,69.11103003769914,True,11,36,11:36
20260928T200917,140652.828928,69.11103003769914,True,14,43,14:43
20260928T200917,141024.233472,69.11103003769914,True,38,39,38:39
20260928T200917,142387.500544,69.11103003769914,True,42,40,42:40
20260928T200917,141873.331968,69.11103003769914,True,43,35,43:35
20260928T200917,141764.555008,69.11103003769914,True,52,47,52:47
20260928T200917,141131.740672,69.11103003769914,True,53,49,53:49
20260928T200918,141792.129536,69.11103003769914,True,2,43,2:43
20260928T200918,142465.50784,69.11103003769914,True,3,44,3:44
20260928T200918,142177.762304,69.11103003769914,True,8,49,8:49
20260928T200918,142968.670208,69.11103003769914,True,18,45,18:45
20260928T200918,142755.516416,69.11103003769914,True,19,35,19:35
20260928T200918,142754.873856,69.11103003769914,True,20,44,20:44
20260928T200918,142640.27264,69.11103003769914,True,23,42,23:42
20260928T200918,142615.347456,69.11103003769914,True,24,51,24:51
20260928T200918,141863.716864,69.11103003769914,True,27,41,27:41
20260928T200918,141652.834304,69.11103003769914,True,32,49,32:49
20260928T200918,142202.025472,69.11103003769914,True,36,46,36:46
20260928T200918,143105.114624,69.11103003769914,True,39,42,39:42
20260928T200918,142788.405248,69.11103003769914,True,42,41,42:41
20260928T200918,143126.94912,69.11103003769914,True,46,48,46:48
20260928T200918,142421.912832,69.11103003769914,True,59,49,59:49
20260928T200918,143253.786112,69.11103003769914,True,62,35,62:35
20260928T200918,141523.094016,69.11103003769914,True,63,43,63:43
20260928T200919,142874.167296,69.11103003769914,True,11,37,11:37
20260928T200919,142774.231552,69.11103003769914,True,12,36,12:36
20260928T200919,143514.469632,69.11103003769914,True,21,35,21:35
20260928T200919,142152.288768,69.11103003769914,True,26,39,26:39
20260928T200919,144171.643904,69.11103003769914,True,29,47,29:47
20260928T200919,143841.82144,69.11103003769914,True,31,39,31:39
20260928T200919,144160.7104,69.11103003769914,True,33,39,33:39
20260928T200919,143426.3488,69.11103003769914,True,37,50,37:50
20260928T200919,142268.049664,69.11103003769914,True,38,40,38:40
20260928T200919,142425.423616,69.11103003769914,True,43,36,43:36
20260928T200919,143617.259008,69.11103003769914,True,44,49,44:49
20260928T200919,143598.990848,69.11103003769914,True,47,35,47:35
20260928T200919,159674.892544,69.11103003769914,True,52,28,52:28
20260928T200919,142495.73888,69.11103003769914,True,56,50,56:50
20260928T200919,143769.329664,69.11103003769914,True,57,35,57:35
20260928T200920,144115.211008,69.11103003769914,True,0,43,0:43
20260928T200920,144052.159744,69.11103003769914,True,3,45,3:45
20260928T200920,144666.592256,69.11103003769914,True,5,37,5:37
20260928T200920,143211.671552,69.11103003769914,True,20,45,20:45
20260928T200920,142963.865344,69.11103003769914,True,21,36,21:36
20260928T200920,143584.068608,69.11103003769914,True,27,42,27:42
20260928T200920,143728.09216,69.11103003769914,True,31,40,31:40
20260928T200920,163530.420224,69.11103003769914,True,36,24,36:24
20260928T200920,143644.388608,69.11103003769914,True,40,44,40:44
20260928T200920,143851.535104,69.11103003769914,True,47,36,47:36
20260928T200920,143676.192768,69.11103003769914,True,49,38,49:38
20260928T200920,144189.917184,69.11103003769914,True,50,43,50:43
20260928T200921,145099.424512,69.11103003769914,True,6,50,6:50
20260928T200921,144080.85888,69.11103003769914,True,13,50,13:50
20260928T200921,144521.11104,69.11103003769914,True,24,52,24:52
20260928T200921,145024.254208,69.11103003769914,True,28,49,28:49
20260928T200921,144841.2224,69.11103003769914,True,29,48,29:48
20260928T200921,144621.244928,69.11103003769914,True,30,46,30:46
20260928T200921,145025.362944,69.11103003769914,True,35,42,35:42
20260928T200921,145284.943872,69.11103003769914,True,51,45,51:45
20260928T200921,145483.458048,69.11103003769914,True,61,48,61:48
20260928T200921,144011.690496,69.11103003769914,True,63,44,63:44
20260928T200922,146156.48384,69.11103003769914,True,7,35,7:35
20260928T200922,145944.423168,69.11103003769914,True,10,49,10:49
20260928T200922,145324.158976,69.11103003769914,True,14,44,14:44
20260928T200922,145172.65792,69.11103003769914,True,16,38,16:38
20260928T200922,162778.485504,69.11103003769914,True,21,20,21:20
20260928T200922,146486.956288,69.11103003769914,True,22,39,22:39
20260928T200922,145616.327424,69.11103003769914,True,42,42,42:42
20260928T200922,146021.947648,69.11103003769914,True,44,50,44:50
20260928T200922,144969.338368,69.11103003769914,True,57,36,57:36
20260928T200922,146133.420032,69.11103003769914,True,58,42,58:42
20260928T200922,145483.862272,69.11103003769914,True,59,50,59:50
20260928T200923,146103.735296,69.11103003769914,True,3,46,3:46
20260928T200923,146656.17792,69.11103003769914,True,4,51,4:51
20260928T200923,146471.530496,69.11103003769914,True,4,52,4:52
20260928T200923,146535.738112,69.11103003769914,True,6,51,6:51
20260928T200923,146440.388864,69.11103003769914,True,13,49,13:49
20260928T200923,146569.868288,69.11103003769914,True,15,50,15:50
20260928T200923,146961.01376,69.11103003769914,True,16,37,16:37
20260928T200923,146487.088128,69.11103003769914,True,37,51,37:51
20260928T200923,147081.394432,69.11103003769914,True,39,43,39:43
20260928T200923,164569.993472,69.11103003769914,True,41,23,41:23
20260928T200923,146062.039552,69.11103003769914,True,45,53,45:53
20260928T200923,145661.050368,69.11103003769914,True,49,39,49:39
20260928T200923,146100.798208,69.11103003769914,True,54,42,54:42
20260928T200923,146020.001792,69.11103003769914,True,55,36,55:36
20260928T200923,146322.458624,69.11103003769914,True,58,43,58:43
20260928T200923,145738.097408,69.11103003769914,True,61,49,61:49
20260928T200924,147677.103872,69.11103003769914,True,8,50,8:50
20260928T200924,146051.606016,69.11103003769914,True,8,51,8:51
20260928T200924,146845.382912,69.11103003769914,True,9,37,9:37
20260928T200924,146631.00416,69.11103003769914,True,10,51,10:51
20260928T200924,146270.210304,69.11103003769914,True,20,46,20:46
20260928T200924,162907.87584,69.11103003769914,True,29,30,29:30
20260928T200924,147381.185792,69.11103003769914,True,33,40,33:40
20260928T200924,147141.926912,69.11103003769914,True,34,35,34:35
20260928T200924,166020.659456,69.11103003769914,True,40,24,40:24
20260928T200924,147775.695616,69.11103003769914,True,41,40,41:40
20260928T200924,147419.234304,69.11103003769914,True,46,50,46:50
20260928T200924,147741.878016,69.11103003769914,True,48,37,48:37
20260928T200924,147878.2336,69.11103003769914,True,51,46,51:46
20260928T200924,162288.570368,69.11103003769914,True,53,31,53:31
20260928T200924,146903.78112,69.11103003769914,True,60,38,60:38
20260928T200925,146984.062976,69.11103003769914,True,5,39,5:39
20260928T200925,147170.976,69.11103003769914,True,6,52,6:52
20260928T200925,148534.106624,69.11103003769914,True,10,50,10:50
20260928T200925,147856.2688,69.11103003769914,True,11,38,11:38
20260928T200925,162895.984128,69.11103003769914,True,15,32,15:32
20260928T200925,147868.572928,69.11103003769914,True,34,36,34:36
20260928T200925,147992.191488,69.11103003769914,True,38,41,38:41
20260928T200925,147990.65984,69.11103003769914,True,44,51,44:51
20260928T200925,147311.83616,69.11103003769914,True,51,47,51:47
20260928T200925,148580.96384,69.11103003769914,True,60,37,60:37
20260928T200925,147303.614208,69.11103003769914,True,62,37,62:37
20260928T200926,148909.183488,69.11103003769914,True,0,44,0:44
20260928T200926,148064.461568,69.11103003769914,True,4,53,4:53
20260928T200926,148370.594304,69.11103003769914,True,7,36,7:36
20260928T200926,167001.680128,69.11103003769914,True,10,29,10:29
20260928T200926,149353.236992,69.11103003769914,True,17,40,17:40
20260928T200926,148573.700864,69.11103003769914,True,18,48,18:48
20260928T200926,149361.45792,69.11103003769914,True,19,36,19:36
20260928T200926,148086.832128,69.11103003769914,True,27,43,27:43
20260928T200926,148969.950976,69.11103003769914,True,28,50,28:50
20260928T200926,149552.79104,69.11103003769914,True,29,49,29:49
20260928T200926,148362.61248,69.11103003769914,True,33,41,33:41
20260928T200926,148682.33472,69.11103003769914,True,39,44,39:44
20260928T200926,148751.586816,69.11103003769914,True,50,44,50:44
20260928T200926,149403.122432,69.11103003769914,True,53,50,53:50
20260928T200926,148205.930496,69.11103003769914,True,61,50,61:50
20260928T200926,168777.64224,69.11103003769914,True,63,23,63:23
20260928T200927,150253.419264,69.11103003769914,True,1,41,1:41
20260928T200927,149999.662336,69.11103003769914,True,12,37,12:37
20260928T200927,150014.386432,69.11103003769914,True,15,51,15:51
20260928T200927,149569.065984,69.11103003769914,True,15,52,15:52
20260928T200927,150400.347392,69.11103003769914,True,23,44,23:44
20260928T200927,150104.873216,69.11103003769914,True,36,47,36:47
20260928T200927,149803.940096,69.11103003769914,True,37,52,37:52
20260928T200927,149329.760512,69.11103003769914,True,37,53,37:53
20260928T200927,148733.952512,69.11103003769914,True,52,50,52:50
20260928T200927,149587.118592,69.11103003769914,True,56,52,56:52
20260928T200927,149371.068672,69.11103003769914,True,57,37,57:37
20260928T200927,149324.558592,69.11103003769914,True,58,44,58:44
20260928T200928,151178.775552,69.11103003769914,True,2,44,2:44
20260928T200928,149733.744384,69.11103003769914,True,2,45,2:45
20260928T200928,167646.329856,69.11103003769914,True,21,21,21:21
20260928T200928,150265.086208,69.11103003769914,True,24,53,24:53
20260928T200928,150691.392512,69.11103003769914,True,25,49,25:49
20260928T200928,150358.27968,69.11103003769914,True,25,50,25:50
20260928T200928,150791.089664,69.11103003769914,True,26,40,26:40
20260928T200928,170188.917248,69.11103003769914,True,30,25,30:25
20260928T200928,150615.890688,69.11103003769914,True,31,41,31:41
20260928T200928,150182.601984,69.11103003769914,True,44,52,44:52
20260928T200928,150342.230784,69.11103003769914,True,45,55,45:55
20260928T200928,151423.751424,69.11103003769914,True,52,49,52:49
20260928T200928,149836.194304,69.11103003769914,True,55,37,55:37
20260928T200929,150988.226048,69.11103003769914,True,8,52,8:52
20260928T200929,151488.189952,69.11103003769914,True,17,41,17:41
20260928T200929,151905.89696,69.11103003769914,True,22,40,22:40
20260928T200929,150712.004096,69.11103003769914,True,27,44,27:44
20260928T200929,151438.66624,69.11103003769914,True,32,50,32:50
20260928T200929,151559.31776,69.11103003769914,True,39,45,39:45
20260928T200929,151553.434112,69.11103003769914,True,40,45,40:45
20260928T200929,151883.802624,69.11103003769914,True,48,38,48:38
20260928T200929,150736.586752,69.11103003769914,True,53,51,53:51
20260928T200929,151580.32256,69.11103003769914,True,59,51,59:51
20260928T200929,151726.798848,69.11103003769914,True,63,45,63:45
20260928T200930,152248.761856,69.11103003769914,True,1,42,1:42
20260928T200930,151599.952384,69.11103003769914,True,9,38,9:38
20260928T200930,152237.687808,69.11103003769914,True,32,51,32:51
20260928T200930,151965.634048,69.11103003769914,True,36,48,36:48
20260928T200930,152519.942656,69.11103003769914,True,41,41,41:41
20260928T200930,152307.14752,69.11103003769914,True,43,37,43:37
20260928T200930,152123.660032,69.11103003769914,True,43,38,43:38
20260928T200930,151543.569664,69.11103003769914,True,48,39,48:39
20260928T200930,170808.577024,69.11103003769914,True,57,20,57:20
20260928T200931,152976.9728,69.11103003769914,True,0,45,0:45
20260928T200931,152945.664256,69.11103003769914,True,3,47,3:47
20260928T200931,152569.032448,69.11103003769914,True,11,39,11:39
20260928T200931,152462.819328,69.11103003769914,True,12,38,12:38
20260928T200931,152711.673344,69.11103003769914,True,14,45,14:45
20260928T200931,152949.070592,69.11103003769914,True,22,41,22:41
20260928T200931,153457.78944,69.11103003769914,True,29,50,29:50
20260928T200931,152175.616256,69.11103003769914,True,29,51,29:51
20260928T200931,153340.670976,69.11103003769914,True,30,48,30:48
20260928T200931,152934.500096,69.11103003769914,True,35,43,35:43
20260928T200931,152873.001984,69.11103003769914,True,37,54,37:54
20260928T200931,152222.286592,69.11103003769914,True,44,53,44:53
20260928T200931,153034.622976,69.11103003769914,True,47,37,47:37
20260928T200931,152870.846464,69.11103003769914,True,50,45,50:45
20260928T200931,152824.502528,69.11103003769914,True,55,38,55:38
20260928T200931,152667.075328,69.11103003769914,True,56,54,56:54
20260928T200932,153506.43584,69.11103003769914,True,13,52,13:52
20260928T200932,153805.79584,69.11103003769914,True,20,47,20:47
20260928T200932,153780.081152,69.11103003769914,True,26,41,26:41
20260928T200932,153176.512768,69.11103003769914,True,31,42,31:42
20260928T200932,153832.717056,69.11103003769914,True,35,44,35:44
20260928T200932,153264.466688,69.11103003769914,True,41,42,41:42
20260928T200932,153211.839232,69.11103003769914,True,42,44,42:44
20260928T200932,153767.636736,69.11103003769914,True,46,51,46:51
20260928T200932,153471.823872,69.11103003769914,True,46,52,46:52
20260928T200932,153650.994688,69.11103003769914,True,54,43,54:43
20260928T200932,153278.202368,69.11103003769914,True,54,44,54:44
20260928T200932,153755.31136,69.11103003769914,True,56,53,56:53
20260928T200932,153282.410752,69.11103003769914,True,60,39,60:39
20260928T200932,171682.271232,69.11103003769914,True,61,28,61:28
20260928T200933,154844.362496,69.11103003769914,True,6,53,6:53
20260928T200933,154022.575616,69.11103003769914,True,8,53,8:53
20260928T200933,154937.284096,69.11103003769914,True,13,51,13:51
20260928T200933,154563.724288,69.11103003769914,True,18,49,18:49
20260928T200933,155004.94336,69.11103003769914,True,21,37,21:37
20260928T200933,155035.565312,69.11103003769914,True,23,45,23:45
20260928T200933,154319.266048,69.11103003769914,True,23,46,23:46
20260928T200933,154651.521536,69.11103003769914,True,28,51,28:51
20260928T200933,154780.257024,69.11103003769914,True,40,46,40:46
20260928T200933,154572.158208,69.11103003769914,True,49,40,49:40
20260928T200933,153967.799808,69.11103003769914,True,58,45,58:45
20260928T200933,154982.223872,69.11103003769914,True,59,52,59:52
20260928T200934,154367.563008,69.11103003769914,True,0,46,0:46
20260928T200934,155074.788864,69.11103003769914,True,7,37,7:37
20260928T200934,155505.867008,69.11103003769914,True,10,52,10:52
20260928T200934,172863.61344,69.11103003769914,True,14,28,14:28
20260928T200934,174095.036416,69.11103003769914,True,16,22,16:22
20260928T200934,155267.182592,69.11103003769914,True,19,37,19:37
20260928T200934,155106.467072,69.11103003769914,True,33,42,33:42
20260928T200934,155233.132032,69.11103003769914,True,37,55,37:55
20260928T200934,154863.24608,69.11103003769914,True,47,38,47:38
20260928T200934,154650.139648,69.11103003769914,True,49,41,49:41
20260928T200934,155915.859712,69.11103003769914,True,51,48,51:48
20260928T200934,155573.229824,69.11103003769914,True,53,52,53:52
20260928T200934,155484.467712,69.11103003769914,True,62,38,62:38
20260928T200935,155914.923008,69.11103003769914,True,1,43,1:43
20260928T200935,155892.4416,69.11103003769914,True,3,48,3:48
20260928T200935,156775.177984,69.11103003769914,True,25,51,25:51
20260928T200935,155797.074432,69.11103003769914,True,27,45,27:45
20260928T200935,156432.322048,69.11103003769914,True,32,52,32:52
20260928T200935,155108.959488,69.11103003769914,True,33,43,33:43
20260928T200935,156993.371136,69.11103003769914,True,36,49,36:49
20260928T200935,156222.745344,69.11103003769914,True,38,42,38:42
20260928T200935,156264.222464,69.11103003769914,True,39,46,39:46
20260928T200935,155707.575552,69.11103003769914,True,59,53,59:53
20260928T200935,156532.242688,69.11103003769914,True,61,51,61:51
20260928T200935,155755.696896,69.11103003769914,True,61,52,61:52
20260928T200935,156086.542848,69.11103003769914,True,63,46,63:46
20260928T200936,157510.614784,69.11103003769914,True,5,40,5:40
20260928T200936,157373.289984,69.11103003769914,True,15,53,15:53
20260928T200936,157063.39456,69.11103003769914,True,19,38,19:38
20260928T200936,174406.565376,69.11103003769914,True,22,24,22:24
20260928T200936,156653.718016,69.11103003769914,True,22,42,22:42
20260928T200936,157235.731712,69.11103003769914,True,28,52,28:52
20260928T200936,156887.142144,69.11103003769914,True,30,49,30:49
20260928T200936,156331.373568,69.11103003769914,True,34,38,34:38
20260928T200936,155895.98592,69.11103003769914,True,42,46,42:46
20260928T200936,157195.495424,69.11103003769914,True,50,46,50:46
20260928T200936,156860.3776,69.11103003769914,True,57,38,57:38
20260928T200937,157542.65216,69.11103003769914,True,2,46,2:46
20260928T200937,157796.859648,69.11103003769914,True,4,54,4:54
20260928T200937,157428.674048,69.11103003769914,True,6,54,6:54
20260928T200937,157038.15296,69.11103003769914,True,6,55,6:55
20260928T200937,157696.853504,69.11103003769914,True,18,50,18:50
20260928T200937,158163.212544,69.11103003769914,True,24,55,24:55
20260928T200937,157963.570432,69.11103003769914,True,36,50,36:50
20260928T200937,157984.4352,69.11103003769914,True,40,47,40:47
20260928T200937,174987.4432,69.11103003769914,True,41,26,41:26
20260928T200937,157047.39328,69.11103003769914,True,44,54,44:54
20260928T200937,157125.645312,69.11103003769914,True,46,53,46:53
20260928T200937,157438.181888,69.11103003769914,True,51,49,51:49
20260928T200937,158643.141632,69.11103003769914,True,52,51,52:51
20260928T200937,177623.506688,69.11103003769914,True,58,25,58:25
20260928T200938,157860.331008,69.11103003769914,True,13,53,13:53
20260928T200938,158546.008832,69.11103003769914,True,16,41,16:41
20260928T200938,158103.338496,69.11103003769914,True,20,49,20:49
20260928T200938,158363.426048,69.11103003769914,True,21,39,21:39
20260928T200938,158887.9936,69.11103003769914,True,25,52,25:52
20260928T200938,158464.416256,69.11103003769914,True,28,53,28:53
20260928T200938,159196.266496,69.11103003769914,True,42,45,42:45
20260928T200938,158002.169088,69.11103003769914,True,49,42,49:42
20260928T200938,158956.683776,69.11103003769914,True,53,53,53:53
20260928T200939,159970.998016,69.11103003769914,True,4,55,4:55
20260928T200939,159562.97344,69.11103003769914,True,7,38,7:38
20260928T200939,159933.1456,69.11103003769914,True,10,53,10:53
20260928T200939,159533.007616,69.11103003769914,True,27,46,27:46
20260928T200939,159807.729152,69.11103003769914,True,29,52,29:52
20260928T200939,159751.236096,69.11103003769914,True,31,43,31:43
20260928T200939,159120.598784,69.11103003769914,True,35,45,35:45
20260928T200939,159332.7104,69.11103003769914,True,37,56,37:56
20260928T200939,159533.183488,69.11103003769914,True,39,47,39:47
20260928T200939,160313.12896,69.11103003769914,True,45,56,45:56
20260928T200939,158912.253696,69.11103003769914,True,45,57,45:57
20260928T200939,159072.837376,69.11103003769914,True,47,39,47:39
20260928T200939,159849.668608,69.11103003769914,True,48,40,48:40
20260928T200939,159292.83328,69.11103003769914,True,58,46,58:46
20260928T200940,160285.79456,69.11103003769914,True,4,56,4:56
20260928T200940,159789.759488,69.11103003769914,True,9,40,9:40
20260928T200940,159470.58048,69.11103003769914,True,16,42,16:42
20260928T200940,160121.628416,69.11103003769914,True,24,56,24:56
20260928T200940,160669.63584,69.11103003769914,True,26,42,26:42
20260928T200940,159956.476416,69.11103003769914,True,26,43,26:43
20260928T200940,160053.9968,69.11103003769914,True,38,43,38:43
20260928T200940,178737.465856,69.11103003769914,True,45,33,45:33
20260928T200940,160137.647872,69.11103003769914,True,52,52,52:52
20260928T200940,160405.732096,69.11103003769914,True,54,45,54:45
20260928T200940,160360.731392,69.11103003769914,True,55,39,55:39
20260928T200940,159788.467712,69.11103003769914,True,61,53,61:53
20260928T200941,161214.926336,69.11103003769914,True,5,41,5:41
20260928T200941,160186.840832,69.11103003769914,True,10,54,10:54
20260928T200941,161399.77728,69.11103003769914,True,12,39,12:39
20260928T200941,161044.5184,69.11103003769914,True,14,47,14:47
20260928T200941,160398.234112,69.11103003769914,True,25,53,25:53
20260928T200941,161374.289408,69.11103003769914,True,30,50,30:50
20260928T200941,160730.930432,69.11103003769914,True,30,51,30:51
20260928T200941,160637.916928,69.11103003769914,True,32,53,32:53
20260928T200941,160322.326016,69.11103003769914,True,36,51,36:51
20260928T200941,160849.858304,69.11103003769914,True,37,57,37:57
20260928T200941,161185.563648,69.11103003769914,True,41,43,41:43
20260928T200941,161212.158976,69.11103003769914,True,51,50,51:50
20260928T200941,161452.510464,69.11103003769914,True,57,39,57:39
20260928T200941,161438.027008,69.11103003769914,True,60,40,60:40
20260928T200942,162059.693568,69.11103003769914,True,15,55,15:55
20260928T200942,161796.81792,69.11103003769914,True,19,39,19:39
20260928T200942,161986.193408,69.11103003769914,True,28,54,28:54
20260928T200942,162485.479168,69.11103003769914,True,29,53,29:53
20260928T200942,162382.74048,69.11103003769914,True,43,39,43:39
20260928T200942,161288.89728,69.11103003769914,True,44,55,44:55
20260928T200942,161430.21184,69.11103003769914,True,45,58,45:58
20260928T200942,162114.11456,69.11103003769914,True,56,55,56:55
20260928T200942,179001.370624,69.11103003769914,True,58,28,58:28
20260928T200942,161877.526528,69.11103003769914,True,59,54,59:54
20260928T200942,162091.07584,69.11103003769914,True,62,39,62:39
20260928T200942,162004.824576,69.11103003769914,True,63,47,63:47
20260928T200943,162873.857024,69.11103003769914,True,0,47,0:47
20260928T200943,163504.578304,69.11103003769914,True,1,44,1:44
20260928T200943,162752.36096,69.11103003769914,True,8,55,8:55
20260928T200943,162157.228288,69.11103003769914,True,14,48,14:48
20260928T200943,162163.431424,69.11103003769914,True,29,54,29:54
20260928T200943,162673.085696,69.11103003769914,True,34,39,34:39
20260928T200943,162418.209024,69.11103003769914,True,61,54,61:54
20260928T200943,161713.410304,69.11103003769914,True,62,40,62:40
20260928T200944,163104.084992,69.11103003769914,True,11,41,11:41
20260928T200944,164351.97056,69.11103003769914,True,17,43,17:43
20260928T200944,163201.035008,69.11103003769914,True,19,40,19:40
20260928T200944,177841.555712,69.11103003769914,True,21,27,21:27
20260928T200944,163285.988864,69.11103003769914,True,22,43,22:43
20260928T200944,163656.508672,69.11103003769914,True,23,47,23:47
20260928T200944,163304.363008,69.11103003769914,True,32,54,32:54
20260928T200944,163601.64224,69.11103003769914,True,38,44,38:44
20260928T200944,163838.041856,69.11103003769914,True,46,54,46:54
20260928T200944,178138.1888,69.11103003769914,True,48,26,48:26
20260928T200944,163097.670912,69.11103003769914,True,48,41,48:41
20260928T200944,163567.390464,69.11103003769914,True,50,47,50:47
20260928T200944,163045.43488,69.11103003769914,True,51,52,51:52
20260928T200944,163255.454976,69.11103003769914,True,53,54,53:54
20260928T200944,163087.596032,69.11103003769914,True,60,41,60:41
20260928T200945,163848.47488,69.11103003769914,True,7,39,7:39
20260928T200945,163426.393856,69.11103003769914,True,8,56,8:56
20260928T200945,185655.759104,69.11103003769914,True,11,22,11:22
20260928T200945,164294.477568,69.11103003769914,True,12,40,12:40
20260928T200945,164358.699776,69.11103003769914,True,33,44,33:44
20260928T200945,164024.86272,69.11103003769914,True,36,52,36:52
20260928T200945,164730.541056,69.11103003769914,True,40,49,40:49
20260928T200945,163206.60736,69.11103003769914,True,44,56,44:56
20260928T200945,164517.042432,69.11103003769914,True,55,40,55:40
20260928T200945,164145.490432,69.11103003769914,True,56,56,56:56
20260928T200946,165278.669568,69.11103003769914,True,1,45,1:45
20260928T200946,165644.358656,69.11103003769914,True,2,47,2:47
20260928T200946,164578.809344,69.11103003769914,True,2,48,2:48
20260928T200946,165698.737152,69.11103003769914,True,5,42,5:42
20260928T200946,164925.93024,69.11103003769914,True,10,55,10:55
20260928T200946,165231.835136,69.11103003769914,True,18,51,18:51
20260928T200946,164763.890176,69.11103003769914,True,23,48,23:48
20260928T200946,165523.122944,69.11103003769914,True,47,40,47:40
20260928T200946,165792.889856,69.11103003769914,True,51,51,51:51
20260928T200947,165715.4368,69.11103003769914,True,4,58,4:58
20260928T200947,180120.325632,69.11103003769914,True,15,38,15:38
20260928T200947,165855.456768,69.11103003769914,True,20,50,20:50
20260928T200947,165003.430656,69.11103003769914,True,28,55,28:55
20260928T200947,166793.730048,69.11103003769914,True,31,44,31:44
20260928T200947,166076.1408,69.11103003769914,True,35,46,35:46
20260928T200947,166502.4256,69.11103003769914,True,39,48,39:48
20260928T200947,165976.367104,69.11103003769914,True,42,47,42:47
20260928T200947,165343.439872,69.11103003769914,True,46,55,46:55
20260928T200947,184094.071552,69.11103003769914,True,53,32,53:32
20260928T200947,165204.639744,69.11103003769914,True,57,40,57:40
20260928T200947,166189.28,69.11103003769914,True,59,55,59:55
20260928T200948,166119.419136,69.11103003769914,True,0,48,0:48
20260928T200948,166499.411456,69.11103003769914,True,1,46,1:46
20260928T200948,166941.812224,69.11103003769914,True,4,57,4:57
20260928T200948,186453.802752,69.11103003769914,True,5,24,5:24
20260928T200948,167322.943744,69.11103003769914,True,13,54,13:54
20260928T200948,167079.306752,69.11103003769914,True,24,57,24:57
20260928T200948,166308.692736,69.11103003769914,True,29,55,29:55
20260928T200948,166089.275392,69.11103003769914,True,31,45,31:45
20260928T200948,166805.536,69.11103003769914,True,56,57,56:57
20260928T200948,166249.58464,69.11103003769914,True,58,47,58:47
20260928T200948,167160.892672,69.11103003769914,True,63,48,63:48
20260928T200949,167614.411008,69.11103003769914,True,2,49,2:49
20260928T200949,167760.415488,69.11103003769914,True,6,56,6:56
20260928T200949,166795.343616,69.11103003769914,True,6,57,6:57
20260928T200949,167271.651328,69.11103003769914,True,9,41,9:41
20260928T200949,168096.2304,69.11103003769914,True,18,52,18:52
20260928T200949,166931.5136,69.11103003769914,True,18,53,18:53
20260928T200949,167744.405248,69.11103003769914,True,22,44,22:44
20260928T200949,182463.034624,69.11103003769914,True,24,39,24:39
20260928T200949,167868.87168,69.11103003769914,True,25,54,25:54
20260928T200949,167648.699904,69.11103003769914,True,30,52,30:52
20260928T200949,167777.062144,69.11103003769914,True,40,50,40:50
20260928T200949,167169.566208,69.11103003769914,True,50,48,50:48
20260928T200949,166868.917248,69.11103003769914,True,62,41,62:41
20260928T200950,168833.298432,69.11103003769914,True,3,50,3:50
20260928T200950,167718.765568,69.11103003769914,True,10,56,10:56
20260928T200950,189443.337216,69.11103003769914,True,11,23,11:23
20260928T200950,168049.958656,69.11103003769914,True,12,41,12:41
20260928T200950,168906.303744,69.11103003769914,True,15,57,15:57
20260928T200950,168799.139072,69.11103003769914,True,21,40,21:40
20260928T200950,168976.076288,69.11103003769914,True,27,47,27:47
20260928T200950,167968.073728,69.11103003769914,True,39,49,39:49
20260928T200950,168537.66912,69.11103003769914,True,45,59,45:59
20260928T200950,168411.394304,69.11103003769914,True,48,42,48:42
20260928T200950,167566.235904,69.11103003769914,True,49,44,49:44
20260928T200950,168359.551488,69.11103003769914,True,61,55,61:55
20260928T200951,169617.392128,69.11103003769914,True,16,43,16:43
20260928T200951,169456.729856,69.11103003769914,True,17,45,17:45
20260928T200951,169312.376832,69.11103003769914,True,20,51,20:51
20260928T200951,169295.51104,69.11103003769914,True,23,49,23:49
20260928T200951,169529.000704,69.11103003769914,True,26,44,26:44
20260928T200951,168994.447872,69.11103003769914,True,32,55,32:55
20260928T200951,169895.90784,69.11103003769914,True,33,45,33:45
20260928T200951,169481.082368,69.11103003769914,True,37,58,37:58
20260928T200951,168651.958528,69.11103003769914,True,46,56,46:56
20260928T200951,169487.644672,69.11103003769914,True,49,43,49:43
20260928T200951,168566.70976,69.11103003769914,True,50,49,50:49
20260928T200951,169490.475776,69.11103003769914,True,53,56,53:56
20260928T200951,169488.181504,69.11103003769914,True,63,49,63:49
20260928T200952,170331.207936,69.11103003769914,True,3,51,3:51
20260928T200952,170544.895488,69.11103003769914,True,14,49,14:49
20260928T200952,170339.947008,69.11103003769914,True,19,41,19:41
20260928T200952,169653.451008,69.11103003769914,True,22,45,22:45
20260928T200952,169649.135104,69.11103003769914,True,34,40,34:40
20260928T200952,170195.903232,69.11103003769914,True,38,45,38:45
20260928T200952,170337.996544,69.11103003769914,True,42,48,42:48
20260928T200952,170183.533056,69.11103003769914,True,43,41,43:41
20260928T200952,170191.807744,69.11103003769914,True,55,41,55:41
20260928T200952,169841.554944,69.11103003769914,True,58,48,58:48
20260928T200952,170023.260416,69.11103003769914,True,60,42,60:42
20260928T200952,169883.411712,69.11103003769914,True,63,50,63:50
20260928T200953,171204.493056,69.11103003769914,True,5,43,5:43
20260928T200953,189403.5328,69.11103003769914,True,8,34,8:34
20260928T200953,170275.563008,69.11103003769914,True,10,57,10:57
20260928T200953,171784.716288,69.11103003769914,True,11,42,11:42
20260928T200953,171409.71648,69.11103003769914,True,13,55,13:55
20260928T200953,171398.686976,69.11103003769914,True,25,55,25:55
20260928T200953,170594.6816,69.11103003769914,True,27,48,27:48
20260928T200953,170827.314176,69.11103003769914,True,41,45,41:45
20260928T200953,170017.659392,69.11103003769914,True,57,41,57:41
20260928T200953,170812.634112,69.11103003769914,True,59,57,59:57
20260928T200953,170922.077952,69.11103003769914,True,61,56,61:56
20260928T200954,171311.6736,69.11103003769914,True,1,47,1:47
20260928T200954,191731.22432,69.11103003769914,True,8,32,8:32
20260928T200954,171277.8752,69.11103003769914,True,15,58,15:58
20260928T200954,171197.412352,69.11103003769914,True,24,59,24:59
20260928T200954,171802.088192,69.11103003769914,True,25,56,25:56
20260928T200954,171559.900416,69.11103003769914,True,35,48,35:48
20260928T200954,171876.407552,69.11103003769914,True,44,57,44:57
20260928T200954,171843.253248,69.11103003769914,True,47,41,47:41
20260928T200954,172606.660608,69.11103003769914,True,59,56,59:56
20260928T200955,173127.287808,69.11103003769914,True,16,44,16:44
20260928T200955,172428.986112,69.11103003769914,True,28,56,28:56
20260928T200955,172851.249664,69.11103003769914,True,31,46,31:46
20260928T200955,172193.888512,69.11103003769914,True,32,56,32:56
20260928T200955,172310.248704,69.11103003769914,True,38,46,38:46
20260928T200955,172432.697856,69.11103003769914,True,52,55,52:55
20260928T200955,172443.282688,69.11103003769914,True,56,58,56:58
20260928T200955,172233.933312,69.11103003769914,True,63,51,63:51
20260928T200956,173562.508288,69.11103003769914,True,6,58,6:58
20260928T200956,187354.476544,69.11103003769914,True,7,28,7:28
20260928T200956,173984.773888,69.11103003769914,True,8,57,8:57
20260928T200956,188134.753536,69.11103003769914,True,12,28,12:28
20260928T200956,172995.123712,69.11103003769914,True,13,56,13:56
20260928T200956,173277.777664,69.11103003769914,True,26,45,26:45
20260928T200956,173210.33856,69.11103003769914,True,31,47,31:47
20260928T200956,173352.060672,69.11103003769914,True,42,49,42:49
20260928T200956,173725.777408,69.11103003769914,True,45,60,45:60
20260928T200956,173366.098944,69.11103003769914,True,45,61,45:61
20260928T200956,173089.867008,69.11103003769914,True,60,43,60:43
20260928T200957,173750.807808,69.11103003769914,True,0,50,0:50
20260928T200957,174847.43552,69.11103003769914,True,11,43,11:43
20260928T200957,174537.071872,69.11103003769914,True,18,54,18:54
20260928T200957,174747.400448,69.11103003769914,True,33,46,33:46
20260928T200957,173766.096384,69.11103003769914,True,38,47,38:47
20260928T200957,173754.386176,69.11103003769914,True,43,42,43:42
20260928T200957,173994.602496,69.11103003769914,True,44,58,44:58
20260928T200957,173751.199744,69.11103003769914,True,49,45,49:45
20260928T200957,174200.0448,69.11103003769914,True,53,57,53:57
20260928T200958,175318.382336,69.11103003769914,True,4,59,4:59
20260928T200958,175066.920192,69.11103003769914,True,5,44,5:44
20260928T200958,175053.472256,69.11103003769914,True,12,42,12:42
20260928T200958,175597.991424,69.11103003769914,True,14,50,14:50
20260928T200958,174934.363904,69.11103003769914,True,14,51,14:51
20260928T200958,175816.838656,69.11103003769914,True,21,41,21:41
20260928T200958,175045.249024,69.11103003769914,True,23,50,23:50
20260928T200958,174313.488896,69.11103003769914,True,25,57,25:57
20260928T200958,175487.716608,69.11103003769914,True,29,56,29:56
20260928T200958,191180.33664,69.11103003769914,True,31,31,31:31
20260928T200958,175242.94912,69.11103003769914,True,48,43,48:43
20260928T200958,175487.949568,69.11103003769914,True,54,48,54:48
20260928T200959,175960.845824,69.11103003769914,True,6,59,6:59
20260928T200959,193576.108288,69.11103003769914,True,7,25,7:25
20260928T200959,175531.155456,69.11103003769914,True,28,57,28:57
20260928T200959,175283.638272,69.11103003769914,True,33,47,33:47
20260928T200959,176457.54496,69.11103003769914,True,41,46,41:46
20260928T200959,176327.435008,69.11103003769914,True,46,57,46:57
20260928T200959,195645.392384,69.11103003769914,True,47,24,47:24
20260928T200959,175373.08928,69.11103003769914,True,50,50,50:50
20260928T200959,175205.537536,69.11103003769914,True,61,57,61:57
20260928T201000,177000.620032,69.11103003769914,True,2,50,2:50
20260928T201000,176416.451328,69.11103003769914,True,6,60,6:60
20260928T201000,194047.773696,69.11103003769914,True,15,36,15:36
20260928T201000,191828.645632,69.11103003769914,True,25,38,25:38
20260928T201000,177210.03008,69.11103003769914,True,27,49,27:49
20260928T201000,176241.406464,69.11103003769914,True,30,54,30:54
20260928T201000,189816.1408,69.11103003769914,True,38,34,38:34
20260928T201000,177371.321344,69.11103003769914,True,39,50,39:50
20260928T201000,176954.57152,69.11103003769914,True,52,56,52:56
20260928T201000,176903.617024,69.11103003769914,True,56,59,56:59
20260928T201000,176137.841408,69.11103003769914,True,57,42,57:42
20260928T201000,176863.785472,69.11103003769914,True,62,42,62:42
20260928T201001,178063.76192,69.11103003769914,True,3,52,3:52
20260928T201001,177450.519552,69.11103003769914,True,8,58,8:58
20260928T201001,177905.84192,69.11103003769914,True,12,43,12:43
20260928T201001,177901.713664,69.11103003769914,True,13,57,13:57
20260928T201001,177277.396224,69.11103003769914,True,15,59,15:59
20260928T201001,176918.659072,69.11103003769914,True,21,42,21:42
20260928T201001,177923.498496,69.11103003769914,True,22,46,22:46
20260928T201001,196575.735808,69.11103003769914,True,34,25,34:25
20260928T201001,197694.41152,69.11103003769914,True,35,29,35:29
20260928T201001,178078.24128,69.11103003769914,True,35,49,35:49
20260928T201001,197150.349824,69.11103003769914,True,51,33,51:33
20260928T201001,176945.434624,69.11103003769914,True,60,44,60:44
20260928T201002,178635.8272,69.11103003769914,True,0,51,0:51
20260928T201002,178862.0032,69.11103003769914,True,4,60,4:60
20260928T201002,178492.988672,69.11103003769914,True,9,42,9:42
20260928T201002,178146.895104,69.11103003769914,True,16,45,16:45
20260928T201002,178185.474816,69.11103003769914,True,17,47,17:47
20260928T201002,177545.350656,69.11103003769914,True,22,47,22:47
20260928T201002,178323.838976,69.11103003769914,True,26,46,26:46
20260928T201002,198088.547584,69.11103003769914,True,40,30,40:30
20260928T201002,178331.396864,69.11103003769914,True,40,52,40:52
20260928T201002,178526.793472,69.11103003769914,True,47,42,47:42
20260928T201002,178900.443904,69.11103003769914,True,51,54,51:54
20260928T201002,178331.6096,69.11103003769914,True,59,58,59:58
20260928T201002,178747.874816,69.11103003769914,True,63,52,63:52
20260928T201003,179130.270464,69.11103003769914,True,8,59,8:59
20260928T201003,179918.690816,69.11103003769914,True,10,58,10:58
20260928T201003,178932.521728,69.11103003769914,True,18,55,18:55
20260928T201003,180089.56672,69.11103003769914,True,24,60,24:60
20260928T201003,179912.6464,69.11103003769914,True,29,57,29:57
20260928T201003,179254.69568,69.11103003769914,True,30,55,30:55
20260928T201003,179221.954304,69.11103003769914,True,31,48,31:48
20260928T201003,179355.52512,69.11103003769914,True,37,61,37:61
20260928T201003,179110.672128,69.11103003769914,True,49,46,49:46
20260928T201003,179300.41728,69.11103003769914,True,55,42,55:42
20260928T201004,179752.687616,69.11103003769914,True,1,49,1:49
20260928T201004,180817.335552,69.11103003769914,True,2,51,2:51
20260928T201004,179413.295872,69.11103003769914,True,6,61,6:61
20260928T201004,179771.497472,69.11103003769914,True,10,59,10:59
20260928T201004,179691.912192,69.11103003769914,True,12,44,12:44
20260928T201004,181049.581312,69.11103003769914,True,34,41,34:41
20260928T201004,179436.692224,69.11103003769914,True,43,43,43:43
20260928T201004,179964.58624,69.11103003769914,True,62,43,62:43
20260928T201005,180926.856448,69.11103003769914,True,3,53,3:53
20260928T201005,180760.072448,69.11103003769914,True,13,58,13:58
20260928T201005,180139.575808,69.11103003769914,True,15,60,15:60
20260928T201005,180225.184256,69.11103003769914,True,16,46,16:46
20260928T201005,181481.586176,69.11103003769914,True,19,42,19:42
20260928T201005,181150.346496,69.11103003769914,True,24,61,24:61
20260928T201005,180879.197696,69.11103003769914,True,24,62,24:62
20260928T201005,181062.515968,69.11103003769914,True,32,58,32:58
20260928T201005,181275.260416,69.11103003769914,True,44,59,44:59
20260928T201005,180533.229568,69.11103003769914,True,50,51,50:51
20260928T201005,181637.970944,69.11103003769914,True,51,55,51:55
20260928T201005,180777.007872,69.11103003769914,True,52,57,52:57
20260928T201005,181436.439552,69.11103003769914,True,53,58,53:58
20260928T201005,181764.335104,69.11103003769914,True,54,49,54:49
20260928T201005,181542.83904,69.11103003769914,True,58,49,58:49
20260928T201006,181366.470656,69.11103003769914,True,6,62,6:62
20260928T201006,181454.70848,69.11103003769914,True,8,60,8:60
20260928T201006,181255.215616,69.11103003769914,True,11,45,11:45
20260928T201006,182095.779584,69.11103003769914,True,23,51,23:51
20260928T201006,181604.982784,69.11103003769914,True,39,51,39:51
20260928T201006,181971.636992,69.11103003769914,True,45,62,45:62
20260928T201006,181585.659648,69.11103003769914,True,47,43,47:43
20260928T201006,181929.324544,69.11103003769914,True,48,44,48:44
20260928T201006,181924.402176,69.11103003769914,True,56,60,56:60
20260928T201006,181309.966336,69.11103003769914,True,57,43,57:43
20260928T201006,181607.341824,69.11103003769914,True,61,58,61:58
20260928T201006,181518.610688,69.11103003769914,True,63,53,63:53
20260928T201007,182917.69088,69.11103003769914,True,11,44,11:44
20260928T201007,181973.658624,69.11103003769914,True,14,52,14:52
20260928T201007,197121.742336,69.11103003769914,True,17,34,17:34
20260928T201007,182539.042816,69.11103003769914,True,20,53,20:53
20260928T201007,182706.170112,69.11103003769914,True,23,52,23:52
20260928T201007,182891.1296,69.11103003769914,True,27,50,27:50
20260928T201007,182777.0048,69.11103003769914,True,28,58,28:58
20260928T201007,181928.067072,69.11103003769914,True,32,59,32:59
20260928T201007,182371.92576,69.11103003769914,True,40,53,40:53
20260928T201007,182615.863296,69.11103003769914,True,46,58,46:58
20260928T201007,182578.669824,69.11103003769914,True,49,47,49:47
20260928T201007,195650.855936,69.11103003769914,True,50,37,50:37
20260928T201007,182287.311104,69.11103003769914,True,56,61,56:61
20260928T201007,182306.770432,69.11103003769914,True,58,50,58:50
20260928T201007,182277.684736,69.11103003769914,True,61,59,61:59
20260928T201008,183048.720384,69.11103003769914,True,0,52,0:52
20260928T201008,183641.34528,69.11103003769914,True,5,45,5:45
20260928T201008,183283.237888,69.11103003769914,True,10,60,10:60
20260928T201008,183369.813248,69.11103003769914,True,13,59,13:59
20260928T201008,183807.378688,69.11103003769914,True,33,48,33:48
20260928T201008,183536.841472,69.11103003769914,True,36,55,36:55
20260928T201008,183543.19232,69.11103003769914,True,38,48,38:48
20260928T201008,184157.071616,69.11103003769914,True,41,47,41:47
20260928T201008,183521.042944,69.11103003769914,True,46,59,46:59
20260928T201008,183347.8528,69.11103003769914,True,55,43,55:43
20260928T201008,183487.359232,69.11103003769914,True,59,59,59:59
20260928T201009,184171.877632,69.11103003769914,True,17,48,17:48
20260928T201009,184112.553984,69.11103003769914,True,19,43,19:43
20260928T201009,201471.570944,69.11103003769914,True,32,38,32:38
20260928T201009,184554.994688,69.11103003769914,True,37,62,37:62
20260928T201009,184795.502336,69.11103003769914,True,37,63,37:63
20260928T201009,183998.313216,69.11103003769914,True,50,52,50:52
20260928T201009,184159.678208,69.11103003769914,True,51,56,51:56
20260928T201009,184594.739456,69.11103003769914,True,60,45,60:45
20260928T201010,185339.81056,69.11103003769914,True,4,61,4:61
20260928T201010,185483.10784,69.11103003769914,True,7,42,7:42
20260928T201010,185254.853376,69.11103003769914,True,9,43,9:43
20260928T201010,184676.752384,69.11103003769914,True,15,61,15:61
20260928T201010,199886.763264,69.11103003769914,True,20,39,20:39
20260928T201010,184578.881792,69.11103003769914,True,21,43,21:43
20260928T201010,185588.913408,69.11103003769914,True,25,58,25:58
20260928T201010,185535.799296,69.11103003769914,True,27,51,27:51
20260928T201010,185291.395072,69.11103003769914,True,34,42,34:42
20260928T201010,184974.831872,69.11103003769914,True,38,49,38:49
20260928T201010,185259.840256,69.11103003769914,True,54,50,54:50
20260928T201011,186124.297472,69.11103003769914,True,2,52,2:52
20260928T201011,186233.599232,69.11103003769914,True,3,54,3:54
20260928T201011,185828.658176,69.11103003769914,True,3,55,3:55
20260928T201011,186073.705728,69.11103003769914,True,22,48,22:48
20260928T201011,186358.498816,69.11103003769914,True,29,58,29:58
20260928T201011,186552.852992,69.11103003769914,True,35,50,35:50
20260928T201011,205457.740544,69.11103003769914,True,43,26,43:26
20260928T201011,186383.128832,69.11103003769914,True,43,44,43:44
20260928T201011,186353.085952,69.11103003769914,True,44,60,44:60
20260928T201011,186642.567936,69.11103003769914,True,45,63,45:63
20260928T201011,186216.33152,69.11103003769914,True,56,62,56:62
20260928T201011,185608.47872,69.11103003769914,True,57,44,57:44
20260928T201012,185954.643968,69.11103003769914,True,0,53,0:53
20260928T201012,185952.867584,69.11103003769914,True,2,53,2:53
20260928T201012,186640.534784,69.11103003769914,True,12,45,12:45
20260928T201012,206316.549376,69.11103003769914,True,17,29,17:29
20260928T201012,186848.890112,69.11103003769914,True,25,59,25:59
20260928T201012,203634.87744,69.11103003769914,True,34,28,34:28
20260928T201012,187176.051712,69.11103003769914,True,36,56,36:56
20260928T201012,186737.64608,69.11103003769914,True,42,51,42:51
20260928T201012,186729.742336,69.11103003769914,True,45,64,45:64
20260928T201012,186305.897216,69.11103003769914,True,52,59,52:59
20260928T201012,186401.563392,69.11103003769914,True,53,60,53:60
20260928T201012,187003.18848,69.11103003769914,True,59,60,59:60
20260928T201013,187760.777472,69.11103003769914,True,4,62,4:62
20260928T201013,187155.008768,69.11103003769914,True,14,53,14:53
20260928T201013,187729.490688,69.11103003769914,True,29,59,29:59
20260928T201013,187895.722496,69.11103003769914,True,30,56,30:56
20260928T201013,187259.25888,69.11103003769914,True,39,52,39:52
20260928T201013,187851.581696,69.11103003769914,True,48,45,48:45
20260928T201013,187689.84576,69.11103003769914,True,51,57,51:57
20260928T201013,188280.137984,69.11103003769914,True,62,44,62:44
20260928T201013,188373.85216,69.11103003769914,True,63,54,63:54
20260928T201014,188154.155264,69.11103003769914,True,5,46,5:46
20260928T201014,188395.830016,69.11103003769914,True,6,63,6:63
20260928T201014,188382.368,69.11103003769914,True,17,49,17:49
20260928T201014,187832.6144,69.11103003769914,True,19,44,19:44
20260928T201014,189132.857344,69.11103003769914,True,20,54,20:54
20260928T201014,188325.341184,69.11103003769914,True,23,53,23:53
20260928T201014,189086.95808,69.11103003769914,True,24,63,24:63
20260928T201014,187899.19744,69.11103003769914,True,25,60,25:60
20260928T201014,188262.952192,69.11103003769914,True,26,48,26:48
20260928T201014,188766.055936,69.11103003769914,True,28,59,28:59
20260928T201014,188692.367616,69.11103003769914,True,52,58,52:58
20260928T201015,190040.188928,69.11103003769914,True,1,50,1:50
20260928T201015,189226.51136,69.11103003769914,True,9,44,9:44
20260928T201015,189035.619072,69.11103003769914,True,16,47,16:47
20260928T201015,189126.408704,69.11103003769914,True,27,52,27:52
20260928T201015,189068.576768,69.11103003769914,True,31,50,31:50
20260928T201015,189325.716992,69.11103003769914,True,33,49,33:49
20260928T201015,189496.523264,69.11103003769914,True,41,48,41:48
20260928T201015,188759.615488,69.11103003769914,True,45,65,45:65
20260928T201015,189284.690688,69.11103003769914,True,49,48,49:48
20260928T201015,189123.423744,69.11103003769914,True,54,51,54:51
20260928T201016,205360.49024,69.11103003769914,True,3,39,3:39
20260928T201016,189793.318144,69.11103003769914,True,7,43,7:43
20260928T201016,210040.773632,69.11103003769914,True,10,38,10:38
20260928T201016,189517.542144,69.11103003769914,True,10,61,10:61
20260928T201016,190733.899264,69.11103003769914,True,11,46,11:46
20260928T201016,190132.030208,69.11103003769914,True,13,60,13:60
20260928T201016,189891.692544,69.11103003769914,True,18,57,18:57
20260928T201016,205980.916992,69.11103003769914,True,19,31,19:31
20260928T201016,189899.548928,69.11103003769914,True,29,60,29:60
20260928T201016,190119.502848,69.11103003769914,True,30,57,30:57
20260928T201016,190526.433536,69.11103003769914,True,34,43,34:43
20260928T201016,190500.822528,69.11103003769914,True,46,60,46:60
20260928T201017,191527.26016,69.11103003769914,True,1,51,1:51
20260928T201017,209204.996352,69.11103003769914,True,4,41,4:41
20260928T201017,191218.027008,69.11103003769914,True,4,63,4:63
20260928T201017,190950.181376,69.11103003769914,True,18,58,18:58
20260928T201017,190791.133952,69.11103003769914,True,20,55,20:55
20260928T201017,191170.62656,69.11103003769914,True,32,60,32:60
20260928T201017,190658.36416,69.11103003769914,True,32,61,32:61
20260928T201017,191941.349632,69.11103003769914,True,35,51,35:51
20260928T201017,190786.60992,69.11103003769914,True,42,52,42:52
20260928T201017,190763.215616,69.11103003769914,True,50,53,50:53
20260928T201017,190095.947776,69.11103003769914,True,56,64,56:64
20260928T201018,191843.496448,69.11103003769914,True,16,48,16:48
20260928T201018,191089.592832,69.11103003769914,True,17,50,17:50
20260928T201018,191742.849024,69.11103003769914,True,19,45,19:45
20260928T201018,192049.05984,69.11103003769914,True,28,60,28:60
20260928T201018,192080.311296,69.11103003769914,True,37,64,37:64
20260928T201018,192502.033408,69.11103003769914,True,40,54,40:54
20260928T201018,191973.41184,69.11103003769914,True,47,44,47:44
20260928T201018,191388.009728,69.11103003769914,True,51,58,51:58
20260928T201018,192394.992128,69.11103003769914,True,53,61,53:61
20260928T201018,191969.760768,69.11103003769914,True,59,61,59:61
20260928T201019,192563.620096,69.11103003769914,True,5,47,5:47
20260928T201019,192884.373248,69.11103003769914,True,8,61,8:61
20260928T201019,192990.864128,69.11103003769914,True,14,54,14:54
20260928T201019,192309.112064,69.11103003769914,True,24,65,24:65
20260928T201019,192448.112896,69.11103003769914,True,34,44,34:44
20260928T201019,192684.157184,69.11103003769914,True,37,65,37:65
20260928T201019,192609.192448,69.11103003769914,True,40,55,40:55
20260928T201019,192496.173312,69.11103003769914,True,44,61,44:61
20260928T201019,192887.029504,69.11103003769914,True,52,60,52:60
20260928T201019,192524.100352,69.11103003769914,True,55,44,55:44
20260928T201019,193030.704896,69.11103003769914,True,56,63,56:63
20260928T201019,192987.768832,69.11103003769914,True,60,46,60:46
20260928T201019,192610.118656,69.11103003769914,True,63,55,63:55
20260928T201020,193177.031424,69.11103003769914,True,4,64,4:64
20260928T201020,207703.568896,69.11103003769914,True,6,46,6:46
20260928T201020,193156.235264,69.11103003769914,True,11,47,11:47
20260928T201020,193563.411712,69.11103003769914,True,15,62,15:62
20260928T201020,193808.600064,69.11103003769914,True,21,44,21:44
20260928T201020,193216.789504,69.11103003769914,True,23,54,23:54
20260928T201020,193028.023808,69.11103003769914,True,42,53,42:53
20260928T201020,193373.27872,69.11103003769914,True,45,66,45:66
20260928T201020,193961.40416,69.11103003769914,True,57,45,57:45
20260928T201020,212503.885312,69.11103003769914,True,61,37,61:37
20260928T201021,193522.471424,69.11103003769914,True,9,45,9:45
20260928T201021,193972.51584,69.11103003769914,True,10,62,10:62
20260928T201021,194486.912256,69.11103003769914,True,15,63,15:63
20260928T201021,193827.045632,69.11103003769914,True,21,45,21:45
20260928T201021,194328.107776,69.11103003769914,True,27,53,27:53
20260928T201021,194708.042496,69.11103003769914,True,36,57,36:57
20260928T201021,208011.162112,69.11103003769914,True,37,47,37:47
20260928T201021,194873.451264,69.11103003769914,True,38,50,38:50
20260928T201021,194872.162048,69.11103003769914,True,39,53,39:53
20260928T201021,194175.884544,69.11103003769914,True,41,49,41:49
20260928T201021,194853.132288,69.11103003769914,True,58,51,58:51
20260928T201021,194476.843776,69.11103003769914,True,61,61,61:61
20260928T201021,194556.941312,69.11103003769914,True,63,56,63:56
20260928T201022,213214.101504,69.11103003769914,True,2,35,2:35
20260928T201022,195940.112896,69.11103003769914,True,2,54,2:54
20260928T201022,194774.759936,69.11103003769914,True,4,65,4:65
20260928T201022,195394.5408,69.11103003769914,True,12,46,12:46
20260928T201022,209288.035584,69.11103003769914,True,26,36,26:36
20260928T201022,195253.571584,69.11103003769914,True,35,52,35:52
20260928T201022,194954.983168,69.11103003769914,True,36,58,36:58
20260928T201022,195769.523712,69.11103003769914,True,43,45,43:45
20260928T201022,195270.356736,69.11103003769914,True,46,61,46:61
20260928T201022,195433.069824,69.11103003769914,True,48,46,48:46
20260928T201022,195362.73664,69.11103003769914,True,58,52,58:52
20260928T201022,195454.46656,69.11103003769914,True,59,62,59:62
20260928T201022,195054.316032,69.11103003769914,True,62,45,62:45
20260928T201023,196056.269568,69.11103003769914,True,2,55,2:55
20260928T201023,196404.66944,69.11103003769914,True,6,64,6:64
20260928T201023,196470.327552,69.11103003769914,True,8,62,8:62
20260928T201023,195526.499328,69.11103003769914,True,11,48,11:48
20260928T201023,195370.502912,69.11103003769914,True,29,61,29:61
20260928T201023,196186.342912,69.11103003769914,True,31,51,31:51
20260928T201023,196551.73632,69.11103003769914,True,33,50,33:50
20260928T201023,195529.307648,69.11103003769914,True,35,53,35:53
20260928T201023,195644.078848,69.11103003769914,True,46,62,46:62
20260928T201023,196300.621312,69.11103003769914,True,51,59,51:59
20260928T201023,195482.135808,69.11103003769914,True,52,61,52:61
20260928T201024,197432.562432,69.11103003769914,True,1,52,1:52
20260928T201024,196447.888128,69.11103003769914,True,16,49,16:49
20260928T201024,197641.296128,69.11103003769914,True,25,61,25:61
20260928T201024,196531.559168,69.11103003769914,True,32,62,32:62
20260928T201024,196741.74464,69.11103003769914,True,37,66,37:66
20260928T201024,196973.576704,69.11103003769914,True,43,46,43:46
20260928T201024,196434.096896,69.11103003769914,True,44,63,44:63
20260928T201024,196949.81888,69.11103003769914,True,49,49,49:49
20260928T201024,197033.170944,69.11103003769914,True,50,54,50:54
20260928T201025,197995.312896,69.11103003769914,True,0,54,0:54
20260928T201025,197772.229376,69.11103003769914,True,6,65,6:65
20260928T201025,197619.635712,69.11103003769914,True,28,61,28:61
20260928T201025,198533.76768,69.11103003769914,True,30,58,30:58
20260928T201025,211366.683904,69.11103003769914,True,33,38,33:38
20260928T201025,197813.062912,69.11103003769914,True,33,51,33:51
20260928T201025,214653.55264,69.11103003769914,True,40,37,40:37
20260928T201025,198135.729408,69.11103003769914,True,40,56,40:56
20260928T201025,212186.427392,69.11103003769914,True,50,39,50:39
20260928T201025,198395.63392,69.11103003769914,True,54,52,54:52
20260928T201025,211113.101824,69.11103003769914,True,57,34,57:34
20260928T201025,197661.035008,69.11103003769914,True,63,57,63:57
20260928T201026,198688.058368,69.11103003769914,True,13,61,13:61
20260928T201026,198775.543808,69.11103003769914,True,23,55,23:55
20260928T201026,198839.751936,69.11103003769914,True,24,66,24:66
20260928T201026,197740.578048,69.11103003769914,True,37,67,37:67
20260928T201026,198665.731072,69.11103003769914,True,41,50,41:50
20260928T201026,198770.822912,69.11103003769914,True,44,62,44:62
20260928T201026,198160.43264,69.11103003769914,True,49,50,49:50
20260928T201026,198419.653888,69.11103003769914,True,52,62,52:62
20260928T201026,198909.30816,69.11103003769914,True,53,62,53:62
20260928T201026,198103.645184,69.11103003769914,True,53,63,53:63
20260928T201026,198935.320576,69.11103003769914,True,59,63,59:63
20260928T201026,199529.138176,69.11103003769914,True,60,47,60:47
20260928T201027,198896.151808,69.11103003769914,True,0,55,0:55
20260928T201027,198810.045184,69.11103003769914,True,2,56,2:56
20260928T201027,199029.759744,69.11103003769914,True,3,58,3:58
20260928T201027,199482.16832,69.11103003769914,True,5,48,5:48
20260928T201027,199689.926144,69.11103003769914,True,8,63,8:63
20260928T201027,199085.168896,69.11103003769914,True,15,64,15:64
20260928T201027,200100.121856,69.11103003769914,True,18,59,18:59
20260928T201027,199219.773696,69.11103003769914,True,20,57,20:57
20260928T201027,200052.32768,69.11103003769914,True,22,50,22:50
20260928T201027,210544.498688,69.11103003769914,True,23,43,23:43
20260928T201027,198900.572672,69.11103003769914,True,25,63,25:63
20260928T201027,199452.428288,69.11103003769914,True,30,59,30:59
20260928T201027,199690.813696,69.11103003769914,True,48,47,48:47
20260928T201027,199599.684352,69.11103003769914,True,54,53,54:53
20260928T201027,199126.490368,69.11103003769914,True,56,66,56:66
20260928T201027,199233.752832,69.11103003769914,True,57,46,57:46
20260928T201027,199035.242752,69.11103003769914,True,60,48,60:48
20260928T201028,200844.215296,69.11103003769914,True,7,44,7:44
20260928T201028,199284.331008,69.11103003769914,True,11,49,11:49
20260928T201028,199823.076864,69.11103003769914,True,12,47,12:47
20260928T201028,200417.160192,69.11103003769914,True,13,62,13:62
20260928T201028,200308.959232,69.11103003769914,True,14,55,14:55
20260928T201028,200732.093696,69.11103003769914,True,19,46,19:46
20260928T201028,200037.87264,69.11103003769914,True,25,62,25:62
20260928T201028,200254.199808,69.11103003769914,True,36,59,36:59
20260928T201028,200427.951616,69.11103003769914,True,38,51,38:51
20260928T201028,200362.059008,69.11103003769914,True,39,54,39:54
20260928T201028,199888.32896,69.11103003769914,True,42,54,42:54
20260928T201028,199886.334464,69.11103003769914,True,43,47,43:47
20260928T201028,200395.50336,69.11103003769914,True,45,67,45:67
20260928T201028,201070.952448,69.11103003769914,True,47,45,47:45
20260928T201028,200184.322304,69.11103003769914,True,58,53,58:53
20260928T201028,200968.688384,69.11103003769914,True,61,62,61:62
20260928T201029,200989.008384,69.11103003769914,True,8,64,8:64
20260928T201029,200933.676288,69.11103003769914,True,16,50,16:50
20260928T201029,201519.495168,69.11103003769914,True,18,60,18:60
20260928T201029,200754.613248,69.11103003769914,True,21,46,21:46
20260928T201029,200466.165504,69.11103003769914,True,29,62,29:62
20260928T201029,200695.647744,69.11103003769914,True,45,68,45:68
20260928T201029,201591.511552,69.11103003769914,True,55,45,55:45
20260928T201029,200424.541184,69.11103003769914,True,59,64,59:64
20260928T201029,201385.07648,69.11103003769914,True,62,46,62:46
20260928T201030,214182.785792,69.11103003769914,True,0,42,0:42
20260928T201030,201158.341376,69.11103003769914,True,4,66,4:66
20260928T201030,201426.559488,69.11103003769914,True,5,49,5:49
20260928T201030,201872.34688,69.11103003769914,True,17,51,17:51
20260928T201030,201327.14368,69.11103003769914,True,24,67,24:67
20260928T201030,202062.207488,69.11103003769914,True,26,50,26:50
20260928T201030,202345.617664,69.11103003769914,True,28,62,28:62
20260928T201030,201793.216256,69.11103003769914,True,34,45,34:45
20260928T201030,201162.428672,69.11103003769914,True,42,55,42:55
20260928T201030,218048.491008,69.11103003769914,True,46,44,46:44
20260928T201030,202165.716992,69.11103003769914,True,50,55,50:55
20260928T201030,201451.646464,69.11103003769914,True,53,64,53:64
20260928T201030,202250.595072,69.11103003769914,True,55,46,55:46
20260928T201030,202562.1568,69.11103003769914,True,56,65,56:65
20260928T201030,201527.349248,69.11103003769914,True,56,67,56:67
20260928T201031,202862.897408,69.11103003769914,True,1,53,1:53
20260928T201031,202201.421312,69.11103003769914,True,9,46,9:46
20260928T201031,203450.3744,69.11103003769914,True,10,63,10:63
20260928T201031,203293.64736,69.11103003769914,True,22,51,22:51
20260928T201031,202649.7088,69.11103003769914,True,23,56,23:56
20260928T201031,221430.989056,69.11103003769914,True,27,35,27:35
20260928T201031,202574.94144,69.11103003769914,True,30,60,30:60
20260928T201031,202650.384128,69.11103003769914,True,38,52,38:52
20260928T201031,202525.814272,69.11103003769914,True,40,57,40:57
20260928T201031,202677.403904,69.11103003769914,True,46,63,46:63
20260928T201031,202368.98432,69.11103003769914,True,58,54,58:54
20260928T201031,201872.674304,69.11103003769914,True,61,64,61:64
20260928T201031,202684.84096,69.11103003769914,True,63,58,63:58
20260928T201032,204593.544448,69.11103003769914,True,6,66,6:66
20260928T201032,219373.240576,69.11103003769914,True,9,34,9:34
20260928T201032,217644.005632,69.11103003769914,True,15,48,15:48
20260928T201032,203296.243456,69.11103003769914,True,19,47,19:47
20260928T201032,202704.783872,69.11103003769914,True,31,53,31:53
20260928T201032,203495.124992,69.11103003769914,True,36,60,36:60
20260928T201032,202819.681536,69.11103003769914,True,43,48,43:48
20260928T201032,203074.723072,69.11103003769914,True,49,51,49:51
20260928T201032,203932.584192,69.11103003769914,True,51,60,51:60
20260928T201032,202865.703936,69.11103003769914,True,57,47,57:47
20260928T201033,203886.306304,69.11103003769914,True,0,56,0:56
20260928T201033,204297.192448,69.11103003769914,True,1,54,1:54
20260928T201033,204485.37344,69.11103003769914,True,17,52,17:52
20260928T201033,203723.157504,69.11103003769914,True,24,68,24:68
20260928T201033,204898.214144,69.11103003769914,True,32,63,32:63
20260928T201033,203951.323648,69.11103003769914,True,32,64,32:64
20260928T201033,204026.099456,69.11103003769914,True,40,58,40:58
20260928T201033,203797.384704,69.11103003769914,True,46,64,46:64
20260928T201033,204808.063232,69.11103003769914,True,54,54,54:54
20260928T201033,204272.075008,69.11103003769914,True,60,49,60:49
20260928T201033,203631.712,69.11103003769914,True,62,47,62:47
20260928T201034,217236.114944,69.11103003769914,True,5,38,5:38
20260928T201034,205578.847488,69.11103003769914,True,7,45,7:45
20260928T201034,204888.719104,69.11103003769914,True,7,46,7:46
20260928T201034,205098.998272,69.11103003769914,True,9,47,9:47
20260928T201034,204558.823424,69.11103003769914,True,10,65,10:65
20260928T201034,205453.499648,69.11103003769914,True,12,48,12:48
20260928T201034,205700.636672,69.11103003769914,True,15,65,15:65
20260928T201034,205348.16384,69.11103003769914,True,18,61,18:61
20260928T201034,205038.734592,69.11103003769914,True,22,52,22:52
20260928T201034,204836.384256,69.11103003769914,True,23,57,23:57
20260928T201034,204721.392384,69.11103003769914,True,26,51,26:51
20260928T201034,205418.294528,69.11103003769914,True,27,54,27:54
20260928T201034,205225.3312,69.11103003769914,True,28,63,28:63
20260928T201034,205885.814528,69.11103003769914,True,35,54,35:54
20260928T201034,220304.981248,69.11103003769914,True,38,37,38:37
20260928T201034,205655.464448,69.11103003769914,True,39,55,39:55
20260928T201034,204696.370432,69.11103003769914,True,39,56,39:56
20260928T201034,205059.518976,69.11103003769914,True,47,46,47:46
20260928T201034,204715.330816,69.11103003769914,True,52,64,52:64
20260928T201035,205549.697536,69.11103003769914,True,11,50,11:50
20260928T201035,205848.690688,69.11103003769914,True,12,49,12:49
20260928T201035,205933.322496,69.11103003769914,True,14,56,14:56
20260928T201035,205669.581824,69.11103003769914,True,15,66,15:66
20260928T201035,205888.466176,69.11103003769914,True,18,62,18:62
20260928T201035,206041.462272,69.11103003769914,True,20,58,20:58
20260928T201035,205804.989184,69.11103003769914,True,27,55,27:55
20260928T201035,205623.759616,69.11103003769914,True,28,64,28:64
20260928T201035,206335.135232,69.11103003769914,True,31,52,31:52
20260928T201035,205631.794688,69.11103003769914,True,41,51,41:51
20260928T201035,205932.367104,69.11103003769914,True,50,56,50:56
20260928T201035,205993.507584,69.11103003769914,True,52,63,52:63
20260928T201035,204879.26272,69.11103003769914,True,53,66,53:66
20260928T201036,206655.636736,69.11103003769914,True,3,59,3:59
20260928T201036,206207.333888,69.11103003769914,True,5,50,5:50
20260928T201036,206848.589568,69.11103003769914,True,6,67,6:67
20260928T201036,206254.881792,69.11103003769914,True,8,66,8:66
20260928T201036,206627.64672,69.11103003769914,True,16,51,16:51
20260928T201036,207400.377856,69.11103003769914,True,25,64,25:64
20260928T201036,225524.094976,69.11103003769914,True,32,42,32:42
20260928T201036,206831.849472,69.11103003769914,True,42,56,42:56
20260928T201036,205961.519104,69.11103003769914,True,62,48,62:48
20260928T201037,222904.123136,69.11103003769914,True,5,36,5:36
20260928T201037,208337.002752,69.11103003769914,True,10,64,10:64
20260928T201037,208149.076992,69.11103003769914,True,13,63,13:63
20260928T201037,207080.144128,69.11103003769914,True,20,59,20:59
20260928T201037,207835.523072,69.11103003769914,True,21,47,21:47
20260928T201037,208158.513408,69.11103003769914,True,33,53,33:53
20260928T201037,207578.960896,69.11103003769914,True,37,68,37:68
20260928T201037,206748.626432,69.11103003769914,True,41,52,41:52
20260928T201037,206993.02272,69.11103003769914,True,44,66,44:66
20260928T201037,207266.937856,69.11103003769914,True,45,69,45:69
20260928T201037,208130.249984,69.11103003769914,True,48,48,48:48
20260928T201037,207137.4592,69.11103003769914,True,51,62,51:62
20260928T201037,207592.050176,69.11103003769914,True,53,65,53:65
20260928T201037,207989.86496,69.11103003769914,True,55,47,55:47
20260928T201037,207896.712448,69.11103003769914,True,63,59,63:59
20260928T201038,207973.301504,69.11103003769914,True,0,57,0:57
20260928T201038,208776.32256,69.11103003769914,True,2,57,2:57
20260928T201038,207507.635712,69.11103003769914,True,10,66,10:66
20260928T201038,208355.348992,69.11103003769914,True,24,69,24:69
20260928T201038,207798.816256,69.11103003769914,True,24,70,24:70
20260928T201038,208312.40064,69.11103003769914,True,30,61,30:61
20260928T201038,208093.537792,69.11103003769914,True,33,54,33:54
20260928T201038,208790.06592,69.11103003769914,True,51,61,51:61
20260928T201038,208227.501056,69.11103003769914,True,56,68,56:68
20260928T201038,207806.199808,69.11103003769914,True,58,55,58:55
20260928T201038,208641.059584,69.11103003769914,True,59,65,59:65
20260928T201038,207477.808384,69.11103003769914,True,59,66,59:66
20260928T201038,208758.937344,69.11103003769914,True,60,50,60:50
20260928T201039,208476.44672,69.11103003769914,True,2,58,2:58
20260928T201039,209096.362496,69.11103003769914,True,4,68,4:68
20260928T201039,225222.604544,69.11103003769914,True,7,32,7:32
20260928T201039,209263.686912,69.11103003769914,True,34,46,34:46
20260928T201039,208300.129024,69.11103003769914,True,34,47,34:47
20260928T201039,210028.297216,69.11103003769914,True,35,55,35:55
20260928T201039,209006.542592,69.11103003769914,True,36,62,36:62
20260928T201039,209141.344,69.11103003769914,True,38,53,38:53
20260928T201039,208533.25184,69.11103003769914,True,45,70,45:70
20260928T201039,208524.747776,69.11103003769914,True,56,69,56:69
20260928T201040,209800.974592,69.11103003769914,True,6,69,6:69
20260928T201040,210618.036736,69.11103003769914,True,14,57,14:57
20260928T201040,209203.474432,69.11103003769914,True,17,53,17:53
20260928T201040,209205.31072,69.11103003769914,True,21,48,21:48
20260928T201040,209213.017856,69.11103003769914,True,31,54,31:54
20260928T201040,209148.540672,69.11103003769914,True,32,66,32:66
20260928T201040,209687.80544,69.11103003769914,True,35,56,35:56
20260928T201040,210003.159808,69.11103003769914,True,37,69,37:69
20260928T201040,210425.812224,69.11103003769914,True,44,65,44:65
20260928T201040,209144.06528,69.11103003769914,True,46,66,46:66
20260928T201040,210838.42048,69.11103003769914,True,54,55,54:55
20260928T201040,227743.348224,69.11103003769914,True,59,44,59:44
20260928T201040,209559.147008,69.11103003769914,True,63,60,63:60
20260928T201041,210844.768,69.11103003769914,True,1,55,1:55
20260928T201041,211574.226944,69.11103003769914,True,6,68,6:68
20260928T201041,210655.283968,69.11103003769914,True,7,48,7:48
20260928T201041,210275.709952,69.11103003769914,True,8,67,8:67
20260928T201041,210418.664704,69.11103003769914,True,12,50,12:50
20260928T201041,210112.393472,69.11103003769914,True,14,58,14:58
20260928T201041,210481.865216,69.11103003769914,True,19,48,19:48
20260928T201041,211215.76064,69.11103003769914,True,25,65,25:65
20260928T201041,210833.193216,69.11103003769914,True,29,64,29:64
20260928T201041,210163.36256,69.11103003769914,True,30,62,30:62
20260928T201041,211093.571328,69.11103003769914,True,36,61,36:61
20260928T201041,210997.470976,69.11103003769914,True,37,70,37:70
20260928T201041,211016.456192,69.11103003769914,True,48,49,48:49
20260928T201041,210208.302592,69.11103003769914,True,49,52,49:52
20260928T201041,211512.795392,69.11103003769914,True,50,57,50:57
20260928T201041,210740.8256,69.11103003769914,True,52,65,52:65
20260928T201041,210351.689216,69.11103003769914,True,55,48,55:48
20260928T201042,212501.875712,69.11103003769914,True,7,47,7:47
20260928T201042,212590.140416,69.11103003769914,True,13,64,13:64
20260928T201042,211223.859712,69.11103003769914,True,22,53,22:53
20260928T201042,210903.06944,69.11103003769914,True,22,54,22:54
20260928T201042,211891.09504,69.11103003769914,True,27,56,27:56
20260928T201042,211423.971584,69.11103003769914,True,28,65,28:65
20260928T201042,211547.958784,69.11103003769914,True,32,65,32:65
20260928T201042,211064.534528,69.11103003769914,True,36,63,36:63
20260928T201042,211396.220672,69.11103003769914,True,39,57,39:57
20260928T201042,210652.164864,69.11103003769914,True,40,60,40:60
20260928T201042,211645.384448,69.11103003769914,True,43,49,43:49
20260928T201042,212204.792832,69.11103003769914,True,47,47,47:47
20260928T201042,211034.475008,69.11103003769914,True,48,50,48:50
20260928T201042,212485.610752,69.11103003769914,True,61,65,61:65
20260928T201043,212267.83104,69.11103003769914,True,1,56,1:56
20260928T201043,211677.167104,69.11103003769914,True,1,57,1:57
20260928T201043,213114.933248,69.11103003769914,True,3,60,3:60
20260928T201043,211989.988352,69.11103003769914,True,4,69,4:69
20260928T201043,211492.333056,69.11103003769914,True,8,68,8:68
20260928T201043,211697.954304,69.11103003769914,True,11,51,11:51
20260928T201043,212353.15328,69.11103003769914,True,13,65,13:65
20260928T201043,212165.099776,69.11103003769914,True,17,54,17:54
20260928T201043,211954.057728,69.11103003769914,True,19,49,19:49
20260928T201043,212570.673408,69.11103003769914,True,20,60,20:60
20260928T201043,211284.040192,69.11103003769914,True,33,55,33:55
20260928T201043,212529.44512,69.11103003769914,True,40,59,40:59
20260928T201043,212532.304128,69.11103003769914,True,46,65,46:65
20260928T201043,211607.95904,69.11103003769914,True,46,67,46:67
20260928T201043,211595.661056,69.11103003769914,True,49,53,49:53
20260928T201044,213000.834048,69.11103003769914,True,3,61,3:61
20260928T201044,213869.443328,69.11103003769914,True,5,51,5:51
20260928T201044,212249.983744,69.11103003769914,True,5,52,5:52
20260928T201044,225389.290752,69.11103003769914,True,16,40,16:40
20260928T201044,213912.185344,69.11103003769914,True,18,63,18:63
20260928T201044,212730.34368,69.11103003769914,True,25,67,25:67
20260928T201044,212883.437312,69.11103003769914,True,34,48,34:48
20260928T201044,213296.995584,69.11103003769914,True,51,63,51:63
20260928T201044,227016.130816,69.11103003769914,True,56,51,56:51
20260928T201044,213405.548288,69.11103003769914,True,57,48,57:48
20260928T201045,213656.460288,69.11103003769914,True,0,59,0:59
20260928T201045,213882.535168,69.11103003769914,True,6,70,6:70
20260928T201045,213937.160448,69.11103003769914,True,9,48,9:48
20260928T201045,214195.93984,69.11103003769914,True,10,67,10:67
20260928T201045,214572.232448,69.11103003769914,True,15,67,15:67
20260928T201045,227181.397248,69.11103003769914,True,16,39,16:39
20260928T201045,213763.231488,69.11103003769914,True,24,71,24:71
20260928T201045,213424.333824,69.11103003769914,True,31,56,31:56
20260928T201045,213006.384896,69.11103003769914,True,32,67,32:67
20260928T201045,213917.087488,69.11103003769914,True,35,57,35:57
20260928T201045,213242.670336,69.11103003769914,True,36,64,36:64
20260928T201045,214346.905856,69.11103003769914,True,38,54,38:54
20260928T201045,231275.875584,69.11103003769914,True,41,37,41:37
20260928T201045,213552.817152,69.11103003769914,True,43,50,43:50
20260928T201045,213487.986432,69.11103003769914,True,47,48,47:48
20260928T201045,213400.649984,69.11103003769914,True,49,54,49:54
20260928T201045,214595.527424,69.11103003769914,True,54,56,54:56
20260928T201045,213741.39008,69.11103003769914,True,55,49,55:49
20260928T201046,214064.115456,69.11103003769914,True,13,66,13:66
20260928T201046,215000.736768,69.11103003769914,True,18,64,18:64
20260928T201046,215639.35616,69.11103003769914,True,23,58,23:58
20260928T201046,214234.986496,69.11103003769914,True,23,60,23:60
20260928T201046,215623.105024,69.11103003769914,True,25,66,25:66
20260928T201046,215199.518208,69.11103003769914,True,26,52,26:52
20260928T201046,215202.059008,69.11103003769914,True,27,57,27:57
20260928T201046,230684.600832,69.11103003769914,True,28,48,28:48
20260928T201046,228709.924864,69.11103003769914,True,30,47,30:47
20260928T201046,214686.128896,69.11103003769914,True,31,55,31:55
20260928T201046,215210.93888,69.11103003769914,True,39,58,39:58
20260928T201046,213938.859776,69.11103003769914,True,42,58,42:58
20260928T201046,214629.084928,69.11103003769914,True,44,67,44:67
20260928T201046,214226.61504,69.11103003769914,True,44,68,44:68
20260928T201046,214082.468096,69.11103003769914,True,48,51,48:51
20260928T201046,215238.549504,69.11103003769914,True,50,58,50:58
20260928T201046,214331.30496,69.11103003769914,True,50,59,50:59
20260928T201046,214979.1872,69.11103003769914,True,53,67,53:67
20260928T201046,214198.72896,69.11103003769914,True,55,50,55:50
20260928T201046,215002.129664,69.11103003769914,True,57,49,57:49
20260928T201046,214155.145472,69.11103003769914,True,58,57,58:57
20260928T201047,215303.122176,69.11103003769914,True,2,59,2:59
20260928T201047,215418.952192,69.11103003769914,True,15,68,15:68
20260928T201047,216549.144576,69.11103003769914,True,16,52,16:52
20260928T201047,215585.265408,69.11103003769914,True,18,65,18:65
20260928T201047,214996.11392,69.11103003769914,True,25,68,25:68
20260928T201047,215228.549376,69.11103003769914,True,26,54,26:54
20260928T201047,215911.131904,69.11103003769914,True,29,65,29:65
20260928T201047,215191.553024,69.11103003769914,True,30,64,30:64
20260928T201047,215335.311872,69.11103003769914,True,41,53,41:53
20260928T201047,216577.638144,69.11103003769914,True,42,57,42:57
20260928T201047,215404.936192,69.11103003769914,True,47,49,47:49
20260928T201047,216348.42112,69.11103003769914,True,60,51,60:51
20260928T201048,216747.24864,69.11103003769914,True,4,70,4:70
20260928T201048,216199.319552,69.11103003769914,True,10,68,10:68
20260928T201048,216767.789568,69.11103003769914,True,21,49,21:49
20260928T201048,216028.5696,69.11103003769914,True,22,55,22:55
20260928T201048,215477.764864,69.11103003769914,True,24,72,24:72
20260928T201048,216117.297152,69.11103003769914,True,37,71,37:71
20260928T201048,233864.534784,69.11103003769914,True,43,34,43:34
20260928T201048,216346.406912,69.11103003769914,True,45,71,45:71
20260928T201048,216582.991104,69.11103003769914,True,52,66,52:66
20260928T201048,215672.734208,69.11103003769914,True,53,68,53:68
20260928T201048,216623.06176,69.11103003769914,True,54,57,54:57
20260928T201048,216021.272576,69.11103003769914,True,59,68,59:68
20260928T201048,215263.067648,69.11103003769914,True,61,68,61:68
20260928T201048,217176.915456,69.11103003769914,True,63,61,63:61
20260928T201048,215621.928448,69.11103003769914,True,63,62,63:62
20260928T201049,217054.328064,69.11103003769914,True,11,52,11:52
20260928T201049,216939.01312,69.11103003769914,True,16,53,16:53
20260928T201049,217081.25568,69.11103003769914,True,23,59,23:59
20260928T201049,233819.492864,69.11103003769914,True,24,50,24:50
20260928T201049,230400.667904,69.11103003769914,True,24,54,24:54
20260928T201049,216674.112256,69.11103003769914,True,25,69,25:69
20260928T201049,217687.926272,69.11103003769914,True,28,66,28:66
20260928T201049,216340.642048,69.11103003769914,True,32,68,32:68
20260928T201049,217644.757504,69.11103003769914,True,38,55,38:55
20260928T201049,216887.15264,69.11103003769914,True,50,60,50:60
20260928T201049,217493.826048,69.11103003769914,True,56,70,56:70
20260928T201049,216437.083136,69.11103003769914,True,59,69,59:69
20260928T201049,217815.831552,69.11103003769914,True,62,49,62:49
20260928T201050,217461.684224,69.11103003769914,True,3,63,3:63
20260928T201050,217793.401088,69.11103003769914,True,10,69,10:69
20260928T201050,218135.869696,69.11103003769914,True,15,69,15:69
20260928T201050,217593.760768,69.11103003769914,True,15,70,15:70
20260928T201050,217343.173632,69.11103003769914,True,17,55,17:55
20260928T201050,217923.332864,69.11103003769914,True,33,56,33:56
20260928T201050,217995.77472,69.11103003769914,True,39,59,39:59
20260928T201050,218048.692736,69.11103003769914,True,40,61,40:61
20260928T201050,217604.717824,69.11103003769914,True,46,68,46:68
20260928T201050,217466.57408,69.11103003769914,True,51,65,51:65
20260928T201050,217564.804352,69.11103003769914,True,54,58,54:58
20260928T201050,218538.52288,69.11103003769914,True,61,67,61:67
20260928T201051,218242.194688,69.11103003769914,True,4,71,4:71
20260928T201051,219354.990592,69.11103003769914,True,8,69,8:69
20260928T201051,219535.946496,69.11103003769914,True,12,51,12:51
20260928T201051,218903.853568,69.11103003769914,True,20,61,20:61
20260928T201051,218044.383744,69.11103003769914,True,21,50,21:50
20260928T201051,218544.183296,69.11103003769914,True,27,58,27:58
20260928T201051,219226.250752,69.11103003769914,True,29,66,29:66
20260928T201051,218748.469504,69.11103003769914,True,37,72,37:72
20260928T201051,217616.231936,69.11103003769914,True,37,73,37:73
20260928T201051,217730.726144,69.11103003769914,True,47,50,47:50
20260928T201051,218909.743872,69.11103003769914,True,51,64,51:64
20260928T201051,218223.119616,69.11103003769914,True,52,67,52:67
20260928T201051,217581.724416,69.11103003769914,True,55,51,55:51
20260928T201051,219232.240896,69.11103003769914,True,56,71,56:71
20260928T201051,218590.060288,69.11103003769914,True,58,58,58:58
20260928T201051,218556.010752,69.11103003769914,True,62,50,62:50
20260928T201052,220318.966016,69.11103003769914,True,3,62,3:62
20260928T201052,219048.490496,69.11103003769914,True,12,52,12:52
20260928T201052,218540.061184,69.11103003769914,True,16,54,16:54
20260928T201052,233094.656512,69.11103003769914,True,21,38,21:38
20260928T201052,218459.660288,69.11103003769914,True,27,59,27:59
20260928T201052,218479.71072,69.11103003769914,True,32,69,32:69
20260928T201052,219911.0208,69.11103003769914,True,35,58,35:58
20260928T201052,218948.267264,69.11103003769914,True,36,65,36:65
20260928T201052,219764.765696,69.11103003769914,True,38,56,38:56
20260928T201052,219424.173056,69.11103003769914,True,45,72,45:72
20260928T201052,220116.582144,69.11103003769914,True,57,50,57:50
20260928T201052,218496.714496,69.11103003769914,True,57,51,57:51
20260928T201053,232887.437312,69.11103003769914,True,3,49,3:49
20260928T201053,220654.698752,69.11103003769914,True,6,71,6:71
20260928T201053,219768.720896,69.11103003769914,True,8,70,8:70
20260928T201053,220236.52608,69.11103003769914,True,13,67,13:67
20260928T201053,220900.36224,69.11103003769914,True,14,59,14:59
20260928T201053,219825.057024,69.11103003769914,True,15,71,15:71
20260928T201053,219943.788544,69.11103003769914,True,17,56,17:56
20260928T201053,219279.207424,69.11103003769914,True,19,51,19:51
20260928T201053,220539.383296,69.11103003769914,True,28,67,28:67
20260928T201053,220067.111168,69.11103003769914,True,30,65,30:65
20260928T201053,220424.769024,69.11103003769914,True,40,62,40:62
20260928T201053,220176.391424,69.11103003769914,True,41,54,41:54
20260928T201053,219830.376704,69.11103003769914,True,49,55,49:55
20260928T201054,220312.92928,69.11103003769914,True,1,59,1:59
20260928T201054,221935.712768,69.11103003769914,True,2,60,2:60
20260928T201054,220695.759104,69.11103003769914,True,2,61,2:61
20260928T201054,221586.707456,69.11103003769914,True,5,53,5:53
20260928T201054,221148.048384,69.11103003769914,True,7,50,7:50
20260928T201054,220776.643072,69.11103003769914,True,13,68,13:68
20260928T201054,221819.004672,69.11103003769914,True,18,66,18:66
20260928T201054,220575.208704,69.11103003769914,True,18,67,18:67
20260928T201054,221364.803072,69.11103003769914,True,19,50,19:50
20260928T201054,235337.233152,69.11103003769914,True,20,48,20:48
20260928T201054,237397.478656,69.11103003769914,True,25,48,25:48
20260928T201054,221382.014464,69.11103003769914,True,31,57,31:57
20260928T201054,220866.15936,69.11103003769914,True,43,51,43:51
20260928T201054,220104.064,69.11103003769914,True,44,70,44:70
20260928T201054,236980.458496,69.11103003769914,True,45,54,45:54
20260928T201054,221353.883648,69.11103003769914,True,48,52,48:52
20260928T201054,219981.578752,69.11103003769914,True,50,61,50:61
20260928T201054,220782.612736,69.11103003769914,True,59,70,59:70
20260928T201054,221466.719232,69.11103003769914,True,60,52,60:52
20260928T201055,222291.916288,69.11103003769914,True,0,60,0:60
20260928T201055,222370.995968,69.11103003769914,True,1,58,1:58
20260928T201055,221298.83904,69.11103003769914,True,4,73,4:73
20260928T201055,221220.371456,69.11103003769914,True,11,54,11:54
20260928T201055,221558.58048,69.11103003769914,True,14,60,14:60
20260928T201055,222063.990528,69.11103003769914,True,24,73,24:73
20260928T201055,220933.004544,69.11103003769914,True,31,58,31:58
20260928T201055,222558.6432,69.11103003769914,True,34,49,34:49
20260928T201055,222069.078528,69.11103003769914,True,35,59,35:59
20260928T201055,221762.273792,69.11103003769914,True,40,63,40:63
20260928T201055,222308.000512,69.11103003769914,True,45,73,45:73
20260928T201055,221888.19584,69.11103003769914,True,52,68,52:68
20260928T201055,222182.939136,69.11103003769914,True,53,69,53:69
20260928T201055,220926.30144,69.11103003769914,True,60,54,60:54
20260928T201055,221371.284224,69.11103003769914,True,61,70,61:70
20260928T201055,238626.522368,69.11103003769914,True,62,36,62:36
20260928T201056,222462.835712,69.11103003769914,True,0,61,0:61
20260928T201056,222004.827392,69.11103003769914,True,2,62,2:62
20260928T201056,222518.916096,69.11103003769914,True,4,72,4:72
20260928T201056,222922.231552,69.11103003769914,True,6,72,6:72
20260928T201056,222595.887616,69.11103003769914,True,11,53,11:53
20260928T201056,222453.359104,69.11103003769914,True,17,57,17:57
20260928T201056,222744.243456,69.11103003769914,True,20,62,20:62
20260928T201056,222608.3456,69.11103003769914,True,20,63,20:63
20260928T201056,238364.909824,69.11103003769914,True,42,43,42:43
20260928T201056,223490.195968,69.11103003769914,True,44,69,44:69
20260928T201056,222376.043264,69.11103003769914,True,46,69,46:69
20260928T201056,221595.922688,69.11103003769914,True,56,74,56:74
20260928T201056,223028.863488,69.11103003769914,True,61,69,61:69
20260928T201056,221898.895104,69.11103003769914,True,63,64,63:64
20260928T201057,223079.61984,69.11103003769914,True,6,73,6:73
20260928T201057,222766.178048,69.11103003769914,True,7,51,7:51
20260928T201057,223212.19712,69.11103003769914,True,9,51,9:51
20260928T201057,222932.187136,69.11103003769914,True,13,69,13:69
20260928T201057,236254.383104,69.11103003769914,True,15,56,15:56
20260928T201057,223521.490688,69.11103003769914,True,22,56,22:56
20260928T201057,223462.523136,69.11103003769914,True,25,70,25:70
20260928T201057,224026.74176,69.11103003769914,True,28,68,28:68
20260928T201057,223776.07936,69.11103003769914,True,29,67,29:67
20260928T201057,223984.197376,69.11103003769914,True,29,68,29:68
20260928T201057,223920.22272,69.11103003769914,True,33,57,33:57
20260928T201057,222356.371456,69.11103003769914,True,54,60,54:60
20260928T201057,223746.299136,69.11103003769914,True,63,63,63:63
20260928T201058,241881.999104,69.11103003769914,True,1,40,1:40
20260928T201058,225056.723712,69.11103003769914,True,9,50,9:50
20260928T201058,225282.445568,69.11103003769914,True,10,70,10:70
20260928T201058,224272.76928,69.11103003769914,True,24,74,24:74
20260928T201058,223541.053184,69.11103003769914,True,28,70,28:70
20260928T201058,224708.155136,69.11103003769914,True,30,66,30:66
20260928T201058,224424.311552,69.11103003769914,True,32,70,32:70
20260928T201058,224098.400512,69.11103003769914,True,33,58,33:58
20260928T201058,224620.556032,69.11103003769914,True,34,50,34:50
20260928T201058,224545.664,69.11103003769914,True,36,66,36:66
20260928T201058,223493.682688,69.11103003769914,True,38,58,38:58
20260928T201058,241630.890752,69.11103003769914,True,45,52,45:52
20260928T201058,241367.113728,69.11103003769914,True,46,49,46:49
20260928T201058,223336.70656,69.11103003769914,True,48,53,48:53
20260928T201058,223733.984,69.11103003769914,True,50,62,50:62
20260928T201058,225146.033664,69.11103003769914,True,54,59,54:59
20260928T201058,225205.70752,69.11103003769914,True,60,53,60:53
20260928T201059,240534.531072,69.11103003769914,True,14,46,14:46
20260928T201059,225140.597504,69.11103003769914,True,14,61,14:61
20260928T201059,224899.171328,69.11103003769914,True,18,68,18:68
20260928T201059,224667.43168,69.11103003769914,True,25,71,25:71
20260928T201059,224371.499008,69.11103003769914,True,29,69,29:69
20260928T201059,240236.962048,69.11103003769914,True,34,37,34:37
20260928T201059,226063.570432,69.11103003769914,True,38,57,38:57
20260928T201059,224703.9488,69.11103003769914,True,39,61,39:61
20260928T201059,225347.197184,69.11103003769914,True,51,66,51:66
20260928T201059,238725.179904,69.11103003769914,True,54,46,54:46
20260928T201059,223907.830016,69.11103003769914,True,58,60,58:60
20260928T201100,226635.189248,69.11103003769914,True,5,54,5:54
20260928T201100,225032.27264,69.11103003769914,True,9,52,9:52
20260928T201100,225377.675008,69.11103003769914,True,10,71,10:71
20260928T201100,226348.80256,69.11103003769914,True,12,53,12:53
20260928T201100,225290.21568,69.11103003769914,True,21,52,21:52
20260928T201100,226746.683136,69.11103003769914,True,26,55,26:55
20260928T201100,225765.927936,69.11103003769914,True,27,60,27:60
20260928T201100,225547.799808,69.11103003769914,True,28,69,28:69
20260928T201100,225115.238656,69.11103003769914,True,29,70,29:70
20260928T201100,225451.567104,69.11103003769914,True,31,59,31:59
20260928T201100,225507.268352,69.11103003769914,True,43,52,43:52
20260928T201100,224858.612992,69.11103003769914,True,44,71,44:71
20260928T201100,226128.010496,69.11103003769914,True,45,75,45:75
20260928T201100,226080.889344,69.11103003769914,True,49,56,49:56
20260928T201100,225808.268544,69.11103003769914,True,52,69,52:69
20260928T201100,226208.438528,69.11103003769914,True,56,73,56:73
20260928T201100,225695.943424,69.11103003769914,True,58,59,58:59
20260928T201100,225935.132416,69.11103003769914,True,59,71,59:71
20260928T201101,226600.69248,69.11103003769914,True,0,62,0:62
20260928T201101,226715.36128,69.11103003769914,True,3,65,3:65
20260928T201101,225946.370048,69.11103003769914,True,6,74,6:74
20260928T201101,226925.987072,69.11103003769914,True,16,55,16:55
20260928T201101,225879.323904,69.11103003769914,True,23,63,23:63
20260928T201101,226715.69536,69.11103003769914,True,24,75,24:75
20260928T201101,225315.789568,69.11103003769914,True,27,61,27:61
20260928T201101,226000.902656,69.11103003769914,True,32,71,32:71
20260928T201101,227639.151104,69.11103003769914,True,53,70,53:70
20260928T201101,226430.106112,69.11103003769914,True,53,71,53:71
20260928T201101,226620.916224,69.11103003769914,True,55,52,55:52
20260928T201101,226947.81696,69.11103003769914,True,62,51,62:51
20260928T201101,225906.660864,69.11103003769914,True,63,65,63:65
20260928T201102,227240.200448,69.11103003769914,True,1,60,1:60
20260928T201102,227403.750144,69.11103003769914,True,4,74,4:74
20260928T201102,226674.872576,69.11103003769914,True,4,75,4:75
20260928T201102,227201.0432,69.11103003769914,True,5,55,5:55
20260928T201102,226724.748544,69.11103003769914,True,5,56,5:56
20260928T201102,226703.02464,69.11103003769914,True,15,73,15:73
20260928T201102,227172.896256,69.11103003769914,True,19,52,19:52
20260928T201102,227485.920256,69.11103003769914,True,20,64,20:64
20260928T201102,228021.257216,69.11103003769914,True,37,75,37:75
20260928T201102,226703.081216,69.11103003769914,True,39,62,39:62
20260928T201102,226519.638784,69.11103003769914,True,45,76,45:76
20260928T201102,226718.028032,69.11103003769914,True,47,52,47:52
20260928T201102,226547.089152,69.11103003769914,True,52,70,52:70
20260928T201102,226500.70784,69.11103003769914,True,55,53,55:53
20260928T201102,227457.946624,69.11103003769914,True,57,52,57:52
20260928T201103,227914.905088,69.11103003769914,True,0,63,0:63
20260928T201103,226847.122432,69.11103003769914,True,8,73,8:73
20260928T201103,227732.87552,69.11103003769914,True,10,72,10:72
20260928T201103,228251.014912,69.11103003769914,True,13,70,13:70
20260928T201103,229262.930944,69.11103003769914,True,15,72,15:72
20260928T201103,246749.836544,69.11103003769914,True,18,46,18:46
20260928T201103,228598.758144,69.11103003769914,True,18,69,18:69
20260928T201103,227437.412096,69.11103003769914,True,20,65,20:65
20260928T201103,228659.785216,69.11103003769914,True,23,62,23:62
20260928T201103,227754.36544,69.11103003769914,True,24,77,24:77
20260928T201103,227509.950464,69.11103003769914,True,26,57,26:57
20260928T201103,228808.151808,69.11103003769914,True,35,60,35:60
20260928T201103,227960.76544,69.11103003769914,True,35,61,35:61
20260928T201103,227018.662656,69.11103003769914,True,38,59,38:59
20260928T201103,227919.00032,69.11103003769914,True,40,65,40:65
20260928T201103,229142.307072,69.11103003769914,True,47,51,47:51
20260928T201103,227748.926208,69.11103003769914,True,50,63,50:63
20260928T201103,228016.93184,69.11103003769914,True,62,52,62:52
20260928T201104,229556.82432,69.11103003769914,True,8,72,8:72
20260928T201104,228307.79008,69.11103003769914,True,13,71,13:71
20260928T201104,229127.968,69.11103003769914,True,14,62,14:62
20260928T201104,228514.714624,69.11103003769914,True,14,63,14:63
20260928T201104,248530.42176,69.11103003769914,True,17,39,17:39
20260928T201104,230037.311744,69.11103003769914,True,26,56,26:56
20260928T201104,228193.593856,69.11103003769914,True,30,68,30:68
20260928T201104,228565.278464,69.11103003769914,True,32,72,32:72
20260928T201104,229627.658752,69.11103003769914,True,36,67,36:67
20260928T201104,229408.695552,69.11103003769914,True,40,64,40:64
20260928T201104,228607.500032,69.11103003769914,True,42,61,42:61
20260928T201104,228029.752832,69.11103003769914,True,44,72,44:72
20260928T201104,227671.013888,69.11103003769914,True,46,72,46:72
20260928T201104,228792.111872,69.11103003769914,True,53,72,53:72
20260928T201104,228644.4992,69.11103003769914,True,54,61,54:61
20260928T201104,228289.830912,69.11103003769914,True,61,72,61:72
20260928T201105,229845.324544,69.11103003769914,True,2,63,2:63
20260928T201105,245050.875392,69.11103003769914,True,8,54,8:54
20260928T201105,229294.373632,69.11103003769914,True,10,73,10:73
20260928T201105,228894.857472,69.11103003769914,True,16,56,16:56
20260928T201105,229381.006592,69.11103003769914,True,21,53,21:53
20260928T201105,229621.360896,69.11103003769914,True,22,58,22:58
20260928T201105,230280.096256,69.11103003769914,True,30,67,30:67
20260928T201105,229817.56928,69.11103003769914,True,34,51,34:51
20260928T201105,230292.389632,69.11103003769914,True,46,71,46:71
20260928T201105,228700.525824,69.11103003769914,True,55,54,55:54
20260928T201105,230301.069056,69.11103003769914,True,56,75,56:75
20260928T201105,229831.81824,69.11103003769914,True,56,76,56:76
20260928T201106,231022.841088,69.11103003769914,True,1,61,1:61
20260928T201106,229984.905216,69.11103003769914,True,2,64,2:64
20260928T201106,230352.962816,69.11103003769914,True,15,74,15:74
20260928T201106,231046.313728,69.11103003769914,True,18,70,18:70
20260928T201106,229707.004416,69.11103003769914,True,18,71,18:71
20260928T201106,230426.088704,69.11103003769914,True,25,72,25:72
20260928T201106,243458.92864,69.11103003769914,True,30,53,30:53
20260928T201106,230509.994496,69.11103003769914,True,33,59,33:59
20260928T201106,229552.768512,69.11103003769914,True,33,60,33:60
20260928T201106,230281.37088,69.11103003769914,True,37,76,37:76
20260928T201106,230401.899008,69.11103003769914,True,41,56,41:56
20260928T201106,231249.579776,69.11103003769914,True,42,60,42:60
20260928T201106,231457.204992,69.11103003769914,True,49,57,49:57
20260928T201106,229996.624384,69.11103003769914,True,52,71,52:71
20260928T201106,230276.391424,69.11103003769914,True,53,73,53:73
20260928T201106,229538.367488,69.11103003769914,True,54,62,54:62
20260928T201106,230744.052736,69.11103003769914,True,59,72,59:72
20260928T201107,231780.266496,69.11103003769914,True,6,75,6:75
20260928T201107,230689.704704,69.11103003769914,True,9,53,9:53
20260928T201107,230710.481152,69.11103003769914,True,12,55,12:55
20260928T201107,230885.626624,69.11103003769914,True,13,72,13:72
20260928T201107,232143.208192,69.11103003769914,True,17,58,17:58
20260928T201107,231396.3584,69.11103003769914,True,19,53,19:53
20260928T201107,230706.92096,69.11103003769914,True,22,59,22:59
20260928T201107,231356.8384,69.11103003769914,True,29,71,29:71
20260928T201107,231307.11936,69.11103003769914,True,31,60,31:60
20260928T201107,230690.26944,69.11103003769914,True,41,57,41:57
20260928T201107,230288.10624,69.11103003769914,True,43,54,43:54
20260928T201108,232627.945472,69.11103003769914,True,3,66,3:66
20260928T201108,232013.728,69.11103003769914,True,6,76,6:76
20260928T201108,231211.487744,69.11103003769914,True,10,74,10:74
20260928T201108,231256.935168,69.11103003769914,True,14,64,14:64
20260928T201108,251510.730496,69.11103003769914,True,18,47,18:47
20260928T201108,231653.75616,69.11103003769914,True,23,64,23:64
20260928T201108,231836.005632,69.11103003769914,True,40,66,40:66
20260928T201108,232387.178496,69.11103003769914,True,48,54,48:54
20260928T201108,247047.383552,69.11103003769914,True,52,54,52:54
20260928T201108,232011.179776,69.11103003769914,True,58,61,58:61
20260928T201108,232679.573504,69.11103003769914,True,59,73,59:73
20260928T201108,231783.122944,69.11103003769914,True,59,74,59:74
20260928T201109,233103.814912,69.11103003769914,True,3,67,3:67
20260928T201109,233391.928832,69.11103003769914,True,4,76,4:76
20260928T201109,232845.453312,69.11103003769914,True,7,52,7:52
20260928T201109,249492.322816,69.11103003769914,True,17,42,17:42
20260928T201109,232430.770432,69.11103003769914,True,19,54,19:54
20260928T201109,233007.368704,69.11103003769914,True,25,73,25:73
20260928T201109,233090.199296,69.11103003769914,True,36,68,36:68
20260928T201109,233183.329792,69.11103003769914,True,37,77,37:77
20260928T201109,231640.510208,69.11103003769914,True,47,53,47:53
20260928T201109,233088.85376,69.11103003769914,True,48,55,48:55
20260928T201109,232762.751744,69.11103003769914,True,50,64,50:64
20260928T201109,232495.228416,69.11103003769914,True,61,73,61:73
20260928T201109,231995.556096,69.11103003769914,True,61,74,61:74
20260928T201109,233251.163904,69.11103003769914,True,63,66,63:66
20260928T201110,233526.10688,69.11103003769914,True,1,62,1:62
20260928T201110,233263.236864,69.11103003769914,True,5,57,5:57
20260928T201110,250872.057856,69.11103003769914,True,11,40,11:40
20260928T201110,232962.33856,69.11103003769914,True,15,75,15:75
20260928T201110,233930.666752,69.11103003769914,True,27,62,27:62
20260928T201110,233599.304448,69.11103003769914,True,35,62,35:62
20260928T201110,250217.599232,69.11103003769914,True,40,48,40:48
20260928T201110,234527.671296,69.11103003769914,True,45,77,45:77
20260928T201110,234291.347456,69.11103003769914,True,49,58,49:58
20260928T201110,233131.15776,69.11103003769914,True,52,72,52:72
20260928T201110,232992.450048,69.11103003769914,True,63,67,63:67
20260928T201111,234616.722688,69.11103003769914,True,8,74,8:74
20260928T201111,233927.756288,69.11103003769914,True,16,57,16:57
20260928T201111,234581.349888,69.11103003769914,True,17,59,17:59
20260928T201111,247868.732416,69.11103003769914,True,20,52,20:52
20260928T201111,234109.603072,69.11103003769914,True,20,66,20:66
20260928T201111,234304.246528,69.11103003769914,True,21,54,21:54
20260928T201111,234239.5456,69.11103003769914,True,24,79,24:79
20260928T201111,234421.765632,69.11103003769914,True,25,74,25:74
20260928T201111,233490.6496,69.11103003769914,True,27,63,27:63
20260928T201111,234739.218688,69.11103003769914,True,28,72,28:72
20260928T201111,233677.476352,69.11103003769914,True,29,73,29:73
20260928T201111,234447.631104,69.11103003769914,True,34,52,34:52
20260928T201111,234336.763648,69.11103003769914,True,44,73,44:73
20260928T201111,234620.512768,69.11103003769914,True,45,78,45:78
20260928T201111,249985.833216,69.11103003769914,True,54,47,54:47
20260928T201111,233490.444544,69.11103003769914,True,55,55,55:55
20260928T201111,234700.490496,69.11103003769914,True,56,77,56:77
20260928T201111,234004.004608,69.11103003769914,True,62,54,62:54
20260928T201112,234345.834496,69.11103003769914,True,0,65,0:65
20260928T201112,235062.70208,69.11103003769914,True,4,77,4:77
20260928T201112,235136.066816,69.11103003769914,True,6,77,6:77
20260928T201112,235395.783168,69.11103003769914,True,7,53,7:53
20260928T201112,235180.962048,69.11103003769914,True,8,75,8:75
20260928T201112,235965.315072,69.11103003769914,True,11,56,11:56
20260928T201112,234376.696064,69.11103003769914,True,12,56,12:56
20260928T201112,235081.133568,69.11103003769914,True,18,72,18:72
20260928T201112,234870.573568,69.11103003769914,True,29,72,29:72
20260928T201112,235396.461312,69.11103003769914,True,32,73,32:73
20260928T201112,234221.919744,69.11103003769914,True,35,63,35:63
20260928T201112,235667.973632,69.11103003769914,True,36,69,36:69
20260928T201112,236159.88736,69.11103003769914,True,39,63,39:63
20260928T201112,235542.811136,69.11103003769914,True,46,73,46:73
20260928T201112,249694.97984,69.11103003769914,True,51,53,51:53
20260928T201112,235391.674368,69.11103003769914,True,51,70,51:70
20260928T201112,235041.98656,69.11103003769914,True,56,78,56:78
20260928T201112,235521.424384,69.11103003769914,True,60,56,60:56
20260928T201113,235946.265856,69.11103003769914,True,0,64,0:64
20260928T201113,235646.010368,69.11103003769914,True,5,58,5:58
20260928T201113,235149.531392,69.11103003769914,True,11,57,11:57
20260928T201113,250249.186816,69.11103003769914,True,17,46,17:46
20260928T201113,235705.91104,69.11103003769914,True,17,60,17:60
20260928T201113,235864.397824,69.11103003769914,True,28,73,28:73
20260928T201113,236635.524096,69.11103003769914,True,30,69,30:69
20260928T201113,235962.94784,69.11103003769914,True,30,70,30:70
20260928T201113,235848.529408,69.11103003769914,True,37,79,37:79
20260928T201113,236119.417088,69.11103003769914,True,42,62,42:62
20260928T201113,235761.479168,69.11103003769914,True,60,57,60:57
20260928T201114,236310.755584,69.11103003769914,True,1,63,1:63
20260928T201114,236824.02944,69.11103003769914,True,7,54,7:54
20260928T201114,236574.738176,69.11103003769914,True,16,58,16:58
20260928T201114,236072.71424,69.11103003769914,True,17,61,17:61
20260928T201114,236979.295488,69.11103003769914,True,20,67,20:67
20260928T201114,237392.929024,69.11103003769914,True,23,65,23:65
20260928T201114,236553.216,69.11103003769914,True,26,59,26:59
20260928T201114,236786.525696,69.11103003769914,True,45,79,45:79
20260928T201114,236520.549888,69.11103003769914,True,50,65,50:65
20260928T201114,236606.971136,69.11103003769914,True,53,74,53:74
20260928T201114,236541.880832,69.11103003769914,True,56,79,56:79
20260928T201114,237106.475264,69.11103003769914,True,58,62,58:62
20260928T201115,236820.930048,69.11103003769914,True,3,69,3:69
20260928T201115,237717.623552,69.11103003769914,True,14,65,14:65
20260928T201115,236830.92224,69.11103003769914,True,24,80,24:80
20260928T201115,237153.711872,69.11103003769914,True,27,64,27:64
20260928T201115,237155.105024,69.11103003769914,True,34,53,34:53
20260928T201115,236958.290688,69.11103003769914,True,38,62,38:62
20260928T201115,237825.821696,69.11103003769914,True,39,64,39:64
20260928T201115,236773.039616,69.11103003769914,True,47,54,47:54
20260928T201115,237016.855552,69.11103003769914,True,52,73,52:73
20260928T201115,236960.21632,69.11103003769914,True,59,75,59:75
20260928T201116,238566.548224,69.11103003769914,True,9,54,9:54
20260928T201116,238819.55328,69.11103003769914,True,15,76,15:76
20260928T201116,238478.889728,69.11103003769914,True,23,66,23:66
20260928T201116,238534.820096,69.11103003769914,True,26,60,26:60
20260928T201116,238088.536832,69.11103003769914,True,31,62,31:62
20260928T201116,252654.805248,69.11103003769914,True,32,57,32:57
20260928T201116,238858.91328,69.11103003769914,True,33,61,33:61
20260928T201116,238970.547968,69.11103003769914,True,36,70,36:70
20260928T201116,238140.625664,69.11103003769914,True,36,71,36:71
20260928T201116,238165.433856,69.11103003769914,True,39,65,39:65
20260928T201116,238824.60416,69.11103003769914,True,40,67,40:67
20260928T201116,238137.507328,69.11103003769914,True,40,68,40:68
20260928T201116,238637.651968,69.11103003769914,True,43,55,43:55
20260928T201116,238728.938752,69.11103003769914,True,44,74,44:74
20260928T201116,238218.016512,69.11103003769914,True,50,66,50:66
20260928T201116,239062.418176,69.11103003769914,True,54,63,54:63
20260928T201116,238301.155072,69.11103003769914,True,54,64,54:64
20260928T201116,238003.59936,69.11103003769914,True,55,56,55:56
20260928T201116,239223.340544,69.11103003769914,True,57,54,57:54
20260928T201116,238213.993216,69.11103003769914,True,57,55,57:55
20260928T201117,238196.776448,69.11103003769914,True,2,66,2:66
20260928T201117,238803.90784,69.11103003769914,True,3,70,3:70
20260928T201117,258038.456832,69.11103003769914,True,9,39,9:39
20260928T201117,239941.782016,69.11103003769914,True,10,75,10:75
20260928T201117,257683.458816,69.11103003769914,True,15,54,15:54
20260928T201117,255065.580544,69.11103003769914,True,24,58,24:58
20260928T201117,238354.6048,69.11103003769914,True,30,71,30:71
20260928T201117,239779.226112,69.11103003769914,True,32,74,32:74
20260928T201117,238773.254912,69.11103003769914,True,34,54,34:54
20260928T201117,238389.501184,69.11103003769914,True,35,64,35:64
20260928T201117,238440.940288,69.11103003769914,True,37,80,37:80
20260928T201117,239930.000128,69.11103003769914,True,38,61,38:61
20260928T201117,239688.936448,69.11103003769914,True,48,56,48:56
20260928T201117,239066.515968,69.11103003769914,True,48,57,48:57
20260928T201117,239452.140544,69.11103003769914,True,49,59,49:59
20260928T201117,239071.72096,69.11103003769914,True,58,63,58:63
20260928T201117,238506.582528,69.11103003769914,True,60,58,60:58
20260928T201118,239752.972032,69.11103003769914,True,4,79,4:79
20260928T201118,240100.231424,69.11103003769914,True,6,78,6:78
20260928T201118,239145.254912,69.11103003769914,True,12,57,12:57
20260928T201118,240593.268736,69.11103003769914,True,13,73,13:73
20260928T201118,240035.812096,69.11103003769914,True,22,60,22:60
20260928T201118,239796.621056,69.11103003769914,True,23,67,23:67
20260928T201118,239861.416704,69.11103003769914,True,25,75,25:75
20260928T201118,239119.392256,69.11103003769914,True,36,72,36:72
20260928T201118,240482.196224,69.11103003769914,True,41,58,41:58
20260928T201118,257071.547648,69.11103003769914,True,43,40,43:40
20260928T201118,238689.044736,69.11103003769914,True,50,67,50:67
20260928T201118,240081.286144,69.11103003769914,True,56,80,56:80
20260928T201118,239631.500032,69.11103003769914,True,61,76,61:76
20260928T201118,239238.492416,69.11103003769914,True,62,55,62:55
20260928T201119,240944.10368,69.11103003769914,True,4,78,4:78
20260928T201119,240134.496768,69.11103003769914,True,14,66,14:66
20260928T201119,240666.1248,69.11103003769914,True,18,73,18:73
20260928T201119,240158.646784,69.11103003769914,True,19,55,19:55
20260928T201119,240538.492928,69.11103003769914,True,24,81,24:81
20260928T201119,240131.824896,69.11103003769914,True,28,74,28:74
20260928T201119,239907.655424,69.11103003769914,True,38,63,38:63
20260928T201119,239573.084928,69.11103003769914,True,39,66,39:66
20260928T201119,240342.499584,69.11103003769914,True,41,59,41:59
20260928T201119,241312.198656,69.11103003769914,True,42,63,42:63
20260928T201119,240669.232128,69.11103003769914,True,46,74,46:74
20260928T201119,239709.630464,69.11103003769914,True,57,56,57:56
20260928T201119,239790.457088,69.11103003769914,True,59,77,59:77
20260928T201119,240906.267904,69.11103003769914,True,61,75,61:75
20260928T201119,240700.974592,69.11103003769914,True,63,68,63:68
20260928T201119,239695.112704,69.11103003769914,True,63,69,63:69
20260928T201120,240402.932736,69.11103003769914,True,0,67,0:67
20260928T201120,241520.090624,69.11103003769914,True,6,79,6:79
20260928T201120,241132.422656,69.11103003769914,True,6,80,6:80
20260928T201120,258484.36352,69.11103003769914,True,17,44,17:44
20260928T201120,241671.72096,69.11103003769914,True,20,68,20:68
20260928T201120,241344.365312,69.11103003769914,True,25,76,25:76
20260928T201120,241428.209664,69.11103003769914,True,27,65,27:65
20260928T201120,241017.430784,69.11103003769914,True,32,75,32:75
20260928T201120,240972.67456,69.11103003769914,True,37,81,37:81
20260928T201120,241248.889344,69.11103003769914,True,44,75,44:75
20260928T201120,241176.639232,69.11103003769914,True,44,76,44:76
20260928T201120,241369.470976,69.11103003769914,True,45,81,45:81
20260928T201120,242380.564224,69.11103003769914,True,49,60,49:60
20260928T201120,242028.443392,69.11103003769914,True,51,71,51:71
20260928T201120,241217.329152,69.11103003769914,True,52,74,52:74
20260928T201120,241769.139712,69.11103003769914,True,53,75,53:75
20260928T201120,241200.39552,69.11103003769914,True,53,76,53:76
20260928T201121,242315.656448,69.11103003769914,True,1,64,1:64
20260928T201121,242117.295104,69.11103003769914,True,5,59,5:59
20260928T201121,242709.469184,69.11103003769914,True,8,76,8:76
20260928T201121,242161.668608,69.11103003769914,True,11,59,11:59
20260928T201121,242088.640256,69.11103003769914,True,13,75,13:75
20260928T201121,241940.232704,69.11103003769914,True,15,78,15:78
20260928T201121,242510.404096,69.11103003769914,True,16,59,16:59
20260928T201121,241782.240768,69.11103003769914,True,21,56,21:56
20260928T201121,242683.54688,69.11103003769914,True,26,61,26:61
20260928T201121,242572.882432,69.11103003769914,True,29,74,29:74
20260928T201121,260141.847808,69.11103003769914,True,41,44,41:44
20260928T201121,242371.309312,69.11103003769914,True,59,76,59:76
20260928T201122,243622.55104,69.11103003769914,True,13,74,13:74
20260928T201122,242500.355328,69.11103003769914,True,16,60,16:60
20260928T201122,243211.607808,69.11103003769914,True,18,74,18:74
20260928T201122,242638.80704,69.11103003769914,True,20,69,20:69
20260928T201122,243581.193728,69.11103003769914,True,22,61,22:61
20260928T201122,260972.924928,69.11103003769914,True,53,55,53:55
20260928T201122,242706.013952,69.11103003769914,True,58,64,58:64
20260928T201122,242669.227008,69.11103003769914,True,59,78,59:78
20260928T201122,243115.796992,69.11103003769914,True,61,77,61:77
20260928T201123,244264.339456,69.11103003769914,True,0,66,0:66
20260928T201123,244116.029696,69.11103003769914,True,8,77,8:77
20260928T201123,243763.322112,69.11103003769914,True,9,55,9:55
20260928T201123,243851.449344,69.11103003769914,True,10,77,10:77
20260928T201123,244465.904128,69.11103003769914,True,11,58,11:58
20260928T201123,243421.767424,69.11103003769914,True,17,63,17:63
20260928T201123,243696.609536,69.11103003769914,True,19,56,19:56
20260928T201123,243765.398272,69.11103003769914,True,23,68,23:68
20260928T201123,257843.84256,69.11103003769914,True,31,49,31:49
20260928T201123,243444.022272,69.11103003769914,True,40,69,40:69
20260928T201123,244496.959744,69.11103003769914,True,42,64,42:64
20260928T201123,244284.722944,69.11103003769914,True,43,56,43:56
20260928T201124,244536.702464,69.11103003769914,True,1,65,1:65
20260928T201124,244582.002432,69.11103003769914,True,3,71,3:71
20260928T201124,245016.155904,69.11103003769914,True,7,55,7:55
20260928T201124,244535.891456,69.11103003769914,True,9,56,9:56
20260928T201124,244622.790912,69.11103003769914,True,12,58,12:58
20260928T201124,245051.728384,69.11103003769914,True,31,63,31:63
20260928T201124,244960.726784,69.11103003769914,True,33,62,33:62
20260928T201124,244048.678656,69.11103003769914,True,34,55,34:55
20260928T201124,244842.042368,69.11103003769914,True,46,75,46:75
20260928T201124,244113.975296,69.11103003769914,True,48,58,48:58
20260928T201124,244546.92608,69.11103003769914,True,51,72,51:72
20260928T201124,243666.567168,69.11103003769914,True,52,75,52:75
20260928T201124,244978.714624,69.11103003769914,True,55,57,55:57
20260928T201124,245300.658688,69.11103003769914,True,56,81,56:81
20260928T201125,245171.536384,69.11103003769914,True,2,67,2:67
20260928T201125,244720.59008,69.11103003769914,True,10,79,10:79
20260928T201125,244903.635712,69.11103003769914,True,13,76,13:76
20260928T201125,245329.877248,69.11103003769914,True,15,79,15:79
20260928T201125,245697.585152,69.11103003769914,True,18,75,18:75
20260928T201125,245253.799424,69.11103003769914,True,28,75,28:75
20260928T201125,244615.352576,69.11103003769914,True,28,76,28:76
20260928T201125,245517.405952,69.11103003769914,True,29,76,29:76
20260928T201125,244976.97408,69.11103003769914,True,45,82,45:82
20260928T201125,245911.017472,69.11103003769914,True,47,55,47:55
20260928T201125,246039.011584,69.11103003769914,True,49,61,49:61
20260928T201126,246137.095424,69.11103003769914,True,1,66,1:66
20260928T201126,246420.77696,69.11103003769914,True,4,80,4:80
20260928T201126,246763.108352,69.11103003769914,True,10,78,10:78
20260928T201126,245761.07776,69.11103003769914,True,12,59,12:59
20260928T201126,246250.908928,69.11103003769914,True,21,57,21:57
20260928T201126,245738.856448,69.11103003769914,True,31,64,31:64
20260928T201126,246517.953792,69.11103003769914,True,35,65,35:65
20260928T201126,245409.625856,69.11103003769914,True,40,70,40:70
20260928T201126,245699.233792,69.11103003769914,True,42,65,42:65
20260928T201126,245772.16512,69.11103003769914,True,46,76,46:76
20260928T201126,246059.41504,69.11103003769914,True,49,62,49:62
20260928T201126,246593.496832,69.11103003769914,True,54,66,54:66
20260928T201126,246180.630528,69.11103003769914,True,56,82,56:82
20260928T201126,245478.191872,69.11103003769914,True,63,70,63:70
20260928T201127,246033.929472,69.11103003769914,True,3,72,3:72
20260928T201127,247352.526336,69.11103003769914,True,6,81,6:81
20260928T201127,264685.668352,69.11103003769914,True,7,40,7:40
20260928T201127,247654.311936,69.11103003769914,True,8,78,8:78
20260928T201127,246459.4944,69.11103003769914,True,14,68,14:68
20260928T201127,246930.39744,69.11103003769914,True,23,69,23:69
20260928T201127,246574.058752,69.11103003769914,True,25,78,25:78
20260928T201127,246872.99968,69.11103003769914,True,26,63,26:63
20260928T201127,247087.490048,69.11103003769914,True,30,72,30:72
20260928T201127,247148.460544,69.11103003769914,True,32,76,32:76
20260928T201127,247335.61472,69.11103003769914,True,33,63,33:63
20260928T201127,247841.074176,69.11103003769914,True,36,73,36:73
20260928T201127,247508.46208,69.11103003769914,True,37,82,37:82
20260928T201127,246397.80992,69.11103003769914,True,39,67,39:67
20260928T201127,247300.73088,69.11103003769914,True,50,68,50:68
20260928T201127,247620.09216,69.11103003769914,True,53,77,53:77
20260928T201127,246862.240512,69.11103003769914,True,53,78,53:78
20260928T201127,246918.664448,69.11103003769914,True,58,65,58:65
20260928T201127,247189.96608,69.11103003769914,True,60,60,60:60
20260928T201127,261228.452352,69.11103003769914,True,61,60,61:60
20260928T201128,247560.069632,69.11103003769914,True,0,69,0:69
20260928T201128,248418.748416,69.11103003769914,True,7,56,7:56
20260928T201128,248193.763328,69.11103003769914,True,11,60,11:60
20260928T201128,263070.316288,69.11103003769914,True,18,56,18:56
20260928T201128,248325.381632,69.11103003769914,True,18,76,18:76
20260928T201128,248367.60192,69.11103003769914,True,24,82,24:82
20260928T201128,247146.629888,69.11103003769914,True,27,67,27:67
20260928T201128,248011.958016,69.11103003769914,True,36,74,36:74
20260928T201128,247552.278272,69.11103003769914,True,42,66,42:66
20260928T201128,247733.216256,69.11103003769914,True,46,77,46:77
20260928T201128,248187.822336,69.11103003769914,True,57,57,57:57
20260928T201128,247625.582848,69.11103003769914,True,59,79,59:79
20260928T201128,247742.244352,69.11103003769914,True,62,56,62:56
20260928T201129,265921.078016,69.11103003769914,True,1,48,1:48
20260928T201129,249140.990464,69.11103003769914,True,4,81,4:81
20260928T201129,249443.60704,69.11103003769914,True,5,60,5:60
20260928T201129,247944.299008,69.11103003769914,True,13,77,13:77
20260928T201129,247727.08096,69.11103003769914,True,22,63,22:63
20260928T201129,248262.399232,69.11103003769914,True,26,64,26:64
20260928T201129,248802.67392,69.11103003769914,True,27,66,27:66
20260928T201129,248854.877952,69.11103003769914,True,29,77,29:77
20260928T201129,267489.692672,69.11103003769914,True,35,47,35:47
20260928T201129,266047.98208,69.11103003769914,True,36,54,36:54
20260928T201129,247954.320896,69.11103003769914,True,39,68,39:68
20260928T201129,248824.412672,69.11103003769914,True,47,56,47:56
20260928T201129,248545.98144,69.11103003769914,True,51,74,51:74
20260928T201129,268342.630656,69.11103003769914,True,52,53,52:53
20260928T201129,247825.15712,69.11103003769914,True,52,76,52:76
20260928T201129,248191.913728,69.11103003769914,True,56,83,56:83
20260928T201129,248293.485568,69.11103003769914,True,60,61,60:61
20260928T201130,249450.760192,69.11103003769914,True,2,68,2:68
20260928T201130,249992.303104,69.11103003769914,True,8,79,8:79
20260928T201130,249976.825856,69.11103003769914,True,32,77,32:77
20260928T201130,249342.17984,69.11103003769914,True,34,56,34:56
20260928T201130,249862.618368,69.11103003769914,True,35,66,35:66
20260928T201130,248879.328768,69.11103003769914,True,36,75,36:75
20260928T201130,266967.116288,69.11103003769914,True,37,60,37:60
20260928T201130,249580.554752,69.11103003769914,True,45,83,45:83
20260928T201130,249517.324544,69.11103003769914,True,51,73,51:73
20260928T201131,250723.790592,69.11103003769914,True,0,68,0:68
20260928T201131,264939.954176,69.11103003769914,True,3,56,3:56
20260928T201131,249824.641536,69.11103003769914,True,5,61,5:61
20260928T201131,249822.395392,69.11103003769914,True,8,80,8:80
20260928T201131,249393.138432,69.11103003769914,True,13,78,13:78
20260928T201131,249596.257792,69.11103003769914,True,16,61,16:61
20260928T201131,250357.075456,69.11103003769914,True,20,70,20:70
20260928T201131,250265.34272,69.11103003769914,True,20,71,20:71
20260928T201131,250055.853312,69.11103003769914,True,30,73,30:73
20260928T201131,268793.15328,69.11103003769914,True,36,53,36:53
20260928T201131,268770.748672,69.11103003769914,True,37,59,37:59
20260928T201131,250425.00096,69.11103003769914,True,38,64,38:64
20260928T201131,249823.947008,69.11103003769914,True,42,67,42:67
20260928T201131,250383.068416,69.11103003769914,True,44,77,44:77
20260928T201131,249792.4288,69.11103003769914,True,58,66,58:66
20260928T201131,250432.96768,69.11103003769914,True,62,57,62:57
20260928T201132,270396.02944,69.11103003769914,True,0,49,0:49
20260928T201132,250586.306048,69.11103003769914,True,4,82,4:82
20260928T201132,250229.631744,69.11103003769914,True,12,60,12:60
20260928T201132,251080.503808,69.11103003769914,True,15,80,15:80
20260928T201132,250394.414336,69.11103003769914,True,15,81,15:81
20260928T201132,250970.713856,69.11103003769914,True,23,70,23:70
20260928T201132,250947.30496,69.11103003769914,True,24,83,24:83
20260928T201132,250298.427648,69.11103003769914,True,25,79,25:79
20260928T201132,250331.927296,69.11103003769914,True,28,77,28:77
20260928T201132,251229.560064,69.11103003769914,True,33,64,33:64
20260928T201132,251603.723776,69.11103003769914,True,37,83,37:83
20260928T201132,251136.325376,69.11103003769914,True,40,71,40:71
20260928T201132,251780.730624,69.11103003769914,True,43,57,43:57
20260928T201132,251323.523328,69.11103003769914,True,54,67,54:67
20260928T201132,250594.837504,69.11103003769914,True,58,67,58:67
20260928T201132,250719.438848,69.11103003769914,True,61,79,61:79
20260928T201133,252104.69632,69.11103003769914,True,2,69,2:69
20260928T201133,250770.485248,69.11103003769914,True,5,62,5:62
20260928T201133,252546.03136,69.11103003769914,True,19,57,19:57
20260928T201133,251335.96288,69.11103003769914,True,19,58,19:58
20260928T201133,251615.713024,69.11103003769914,True,27,68,27:68
20260928T201133,252240.621568,69.11103003769914,True,41,61,41:61
20260928T201133,251579.783424,69.11103003769914,True,46,78,46:78
20260928T201133,251947.508224,69.11103003769914,True,48,59,48:59
20260928T201133,251662.765312,69.11103003769914,True,50,70,50:70
20260928T201133,251964.276992,69.11103003769914,True,53,79,53:79
20260928T201133,252416.428288,69.11103003769914,True,55,58,55:58
20260928T201133,251122.556416,69.11103003769914,True,59,80,59:80
20260928T201133,252472.809216,69.11103003769914,True,63,71,63:71
20260928T201133,251376.958976,69.11103003769914,True,63,72,63:72
20260928T201134,252912.930816,69.11103003769914,True,1,68,1:68
20260928T201134,252105.223168,69.11103003769914,True,2,70,2:70
20260928T201134,252964.32384,69.11103003769914,True,6,82,6:82
20260928T201134,252614.967296,69.11103003769914,True,6,83,6:83
20260928T201134,253090.14528,69.11103003769914,True,10,80,10:80
20260928T201134,252250.145536,69.11103003769914,True,10,81,10:81
20260928T201134,252733.739776,69.11103003769914,True,14,69,14:69
20260928T201134,252258.940672,69.11103003769914,True,15,82,15:82
20260928T201134,252042.040832,69.11103003769914,True,18,78,18:78
20260928T201134,252358.0736,69.11103003769914,True,20,72,20:72
20260928T201134,252758.536448,69.11103003769914,True,21,58,21:58
20260928T201134,251999.217408,69.11103003769914,True,39,69,39:69
20260928T201134,253153.153024,69.11103003769914,True,45,84,45:84
20260928T201134,252320.81152,69.11103003769914,True,45,85,45:85
20260928T201134,252309.552128,69.11103003769914,True,49,63,49:63
20260928T201134,252348.249856,69.11103003769914,True,53,80,53:80
20260928T201134,252652.6912,69.11103003769914,True,55,59,55:59
20260928T201134,252882.22464,69.11103003769914,True,56,84,56:84
20260928T201134,252758.238208,69.11103003769914,True,57,58,57:58
20260928T201134,251827.166208,69.11103003769914,True,61,80,61:80
20260928T201135,253656.363008,69.11103003769914,True,3,73,3:73
20260928T201135,252803.78496,69.11103003769914,True,3,74,3:74
20260928T201135,254065.360896,69.11103003769914,True,9,57,9:57
20260928T201135,254013.548544,69.11103003769914,True,18,77,18:77
20260928T201135,252718.6752,69.11103003769914,True,19,59,19:59
20260928T201135,252649.42208,69.11103003769914,True,28,78,28:78
20260928T201135,253554.215936,69.11103003769914,True,35,67,35:67
20260928T201135,253551.676416,69.11103003769914,True,37,84,37:84
20260928T201135,253470.417152,69.11103003769914,True,41,62,41:62
20260928T201135,252818.664704,69.11103003769914,True,43,59,43:59
20260928T201135,253973.798656,69.11103003769914,True,44,78,44:78
20260928T201135,253071.055104,69.11103003769914,True,51,75,51:75
20260928T201135,253913.585152,69.11103003769914,True,52,77,52:77
20260928T201135,253735.339008,69.11103003769914,True,54,68,54:68
20260928T201135,252388.021248,69.11103003769914,True,62,58,62:58
20260928T201136,253584.675584,69.11103003769914,True,5,63,5:63
20260928T201136,254843.524864,69.11103003769914,True,7,57,7:57
20260928T201136,253464.503808,69.11103003769914,True,9,58,9:58
20260928T201136,254082.589952,69.11103003769914,True,22,64,22:64
20260928T201136,254636.49792,69.11103003769914,True,24,84,24:84
20260928T201136,254168.518144,69.11103003769914,True,26,65,26:65
20260928T201136,254432.678912,69.11103003769914,True,30,74,30:74
20260928T201136,254600.5952,69.11103003769914,True,31,65,31:65
20260928T201136,254637.30048,69.11103003769914,True,32,78,32:78
20260928T201136,254001.424896,69.11103003769914,True,34,57,34:57
20260928T201136,253316.523264,69.11103003769914,True,35,68,35:68
20260928T201136,254004.503808,69.11103003769914,True,36,77,36:77
20260928T201136,252983.00416,69.11103003769914,True,37,85,37:85
20260928T201136,254945.52576,69.11103003769914,True,38,65,38:65
20260928T201136,273860.052992,69.11103003769914,True,40,51,40:51
20260928T201136,254316.706048,69.11103003769914,True,43,58,43:58
20260928T201136,253791.922688,69.11103003769914,True,47,57,47:57
20260928T201136,253880.96512,69.11103003769914,True,48,60,48:60
20260928T201137,255262.597376,69.11103003769914,True,11,61,11:61
20260928T201137,254412.104704,69.11103003769914,True,20,73,20:73
20260928T201137,255110.316032,69.11103003769914,True,25,80,25:80
20260928T201137,255111.884032,69.11103003769914,True,32,79,32:79
20260928T201137,255217.458432,69.11103003769914,True,38,66,38:66
20260928T201137,254087.927808,69.11103003769914,True,54,69,54:69
20260928T201137,255017.506816,69.11103003769914,True,56,85,56:85
20260928T201137,254628.79616,69.11103003769914,True,59,81,59:81
20260928T201137,254773.901568,69.11103003769914,True,60,62,60:62
20260928T201137,254828.681216,69.11103003769914,True,61,81,61:81
20260928T201138,255770.519808,69.11103003769914,True,0,70,0:70
20260928T201138,255675.66848,69.11103003769914,True,4,83,4:83
20260928T201138,255246.984192,69.11103003769914,True,8,82,8:82
20260928T201138,255970.212352,69.11103003769914,True,11,62,11:62
20260928T201138,255283.044864,69.11103003769914,True,12,61,12:61
20260928T201138,255725.80992,69.11103003769914,True,29,79,29:79
20260928T201138,255766.874368,69.11103003769914,True,33,65,33:65
20260928T201138,255740.985856,69.11103003769914,True,39,70,39:70
20260928T201138,255934.059008,69.11103003769914,True,40,72,40:72
20260928T201138,256059.563264,69.11103003769914,True,44,79,44:79
20260928T201138,255305.133312,69.11103003769914,True,45,86,45:86
20260928T201138,255195.344128,69.11103003769914,True,50,71,50:71
20260928T201139,256348.269568,69.11103003769914,True,0,71,0:71
20260928T201139,256056.547584,69.11103003769914,True,4,84,4:84
20260928T201139,256329.819136,69.11103003769914,True,17,65,17:65
20260928T201139,256379.051776,69.11103003769914,True,19,60,19:60
20260928T201139,256884.21632,69.11103003769914,True,24,85,24:85
20260928T201139,256438.264576,69.11103003769914,True,27,69,27:69
20260928T201139,255862.187264,69.11103003769914,True,40,73,40:73
20260928T201139,256162.059008,69.11103003769914,True,41,63,41:63
20260928T201139,256458.283776,69.11103003769914,True,46,79,46:79
20260928T201139,255518.7008,69.11103003769914,True,46,80,46:80
20260928T201139,255643.884544,69.11103003769914,True,51,76,51:76
20260928T201139,256566.448384,69.11103003769914,True,58,68,58:68
20260928T201140,257966.930944,69.11103003769914,True,1,69,1:69
20260928T201140,258018.541056,69.11103003769914,True,8,81,8:81
20260928T201140,256663.162624,69.11103003769914,True,14,71,14:71
20260928T201140,257030.228736,69.11103003769914,True,16,63,16:63
20260928T201140,257321.942016,69.11103003769914,True,18,79,18:79
20260928T201140,256718.1312,69.11103003769914,True,26,66,26:66
20260928T201140,256843.6544,69.11103003769914,True,28,79,28:79
20260928T201140,258219.970304,69.11103003769914,True,31,66,31:66
20260928T201140,256819.064576,69.11103003769914,True,33,66,33:66
20260928T201140,257332.775424,69.11103003769914,True,35,69,35:69
20260928T201140,256533.125632,69.11103003769914,True,36,78,36:78
20260928T201140,257783.190272,69.11103003769914,True,42,68,42:68
20260928T201140,257759.10912,69.11103003769914,True,49,64,49:64
20260928T201140,256763.628288,69.11103003769914,True,56,86,56:86
20260928T201141,258675.52256,69.11103003769914,True,6,84,6:84
20260928T201141,258051.866624,69.11103003769914,True,6,85,6:85
20260928T201141,258817.198336,69.11103003769914,True,7,58,7:58
20260928T201141,258286.142464,69.11103003769914,True,13,79,13:79
20260928T201141,274109.368832,69.11103003769914,True,20,56,20:56
20260928T201141,258206.715648,69.11103003769914,True,22,65,22:65
20260928T201141,258643.539968,69.11103003769914,True,23,71,23:71
20260928T201141,257887.377152,69.11103003769914,True,23,72,23:72
20260928T201141,257317.169664,69.11103003769914,True,26,67,26:67
20260928T201141,258325.254656,69.11103003769914,True,30,75,30:75
20260928T201141,258574.51136,69.11103003769914,True,34,58,34:58
20260928T201141,257925.98016,69.11103003769914,True,61,82,61:82
20260928T201142,258673.015552,69.11103003769914,True,1,70,1:70
20260928T201142,258822.975488,69.11103003769914,True,9,59,9:59
20260928T201142,258429.134336,69.11103003769914,True,10,83,10:83
20260928T201142,258539.12704,69.11103003769914,True,14,72,14:72
20260928T201142,258757.266944,69.11103003769914,True,15,83,15:83
20260928T201142,258686.80448,69.11103003769914,True,25,81,25:81
20260928T201142,258451.18592,69.11103003769914,True,29,80,29:80
20260928T201142,258153.443072,69.11103003769914,True,37,86,37:86
20260928T201142,259045.998336,69.11103003769914,True,38,67,38:67
20260928T201142,259215.539968,69.11103003769914,True,39,71,39:71
20260928T201142,258690.230272,69.11103003769914,True,42,69,42:69
20260928T201142,258655.373568,69.11103003769914,True,44,81,44:81
20260928T201142,259682.649088,69.11103003769914,True,47,58,47:58
20260928T201142,258110.650624,69.11103003769914,True,47,59,47:59
20260928T201142,259045.636608,69.11103003769914,True,52,78,52:78
20260928T201142,259422.620416,69.11103003769914,True,55,60,55:60
20260928T201142,258892.069632,69.11103003769914,True,57,59,57:59
20260928T201142,274124.571136,69.11103003769914,True,61,63,61:63
20260928T201142,259101.846784,69.11103003769914,True,63,73,63:73
20260928T201143,260358.20928,69.11103003769914,True,3,75,3:75
20260928T201143,260068.608,69.11103003769914,True,10,82,10:82
20260928T201143,259116.367104,69.11103003769914,True,19,61,19:61
20260928T201143,259039.319808,69.11103003769914,True,21,60,21:60
20260928T201143,259781.561344,69.11103003769914,True,24,86,24:86
20260928T201143,258738.567936,69.11103003769914,True,28,80,28:80
20260928T201143,259264.455168,69.11103003769914,True,30,76,30:76
20260928T201143,259313.338112,69.11103003769914,True,31,67,31:67
20260928T201143,259740.235008,69.11103003769914,True,45,87,45:87
20260928T201143,259902.16832,69.11103003769914,True,52,79,52:79
20260928T201143,259196.079616,69.11103003769914,True,56,87,56:87
20260928T201143,258889.942016,69.11103003769914,True,63,74,63:74
20260928T201144,260521.931008,69.11103003769914,True,4,85,4:85
20260928T201144,260515.428864,69.11103003769914,True,7,59,7:59
20260928T201144,260597.025024,69.11103003769914,True,11,63,11:63
20260928T201144,260971.805184,69.11103003769914,True,17,66,17:66
20260928T201144,259895.577344,69.11103003769914,True,31,68,31:68
20260928T201144,261011.65184,69.11103003769914,True,32,80,32:80
20260928T201144,259698.862336,69.11103003769914,True,37,87,37:87
20260928T201144,259976.772864,69.11103003769914,True,40,74,40:74
20260928T201144,260762.343424,69.11103003769914,True,41,64,41:64
20260928T201144,260177.624576,69.11103003769914,True,43,60,43:60
20260928T201144,260432.537344,69.11103003769914,True,46,81,46:81
20260928T201144,259845.658368,69.11103003769914,True,48,61,48:61
20260928T201144,261304.236544,69.11103003769914,True,60,63,60:63
20260928T201144,260957.885696,69.11103003769914,True,62,59,62:59
20260928T201145,261630.034688,69.11103003769914,True,2,71,2:71
20260928T201145,260802.913792,69.11103003769914,True,8,83,8:83
20260928T201145,261257.17504,69.11103003769914,True,13,81,13:81
20260928T201145,261312.008448,69.11103003769914,True,20,74,20:74
20260928T201145,280707.398144,69.11103003769914,True,26,47,26:47
20260928T201145,261062.409472,69.11103003769914,True,27,70,27:70
20260928T201145,260968.0896,69.11103003769914,True,34,59,34:59
20260928T201145,260753.036288,69.11103003769914,True,39,72,39:72
20260928T201145,280674.506752,69.11103003769914,True,42,50,42:50
20260928T201145,261303.16928,69.11103003769914,True,49,66,49:66
20260928T201145,260769.719808,69.11103003769914,True,50,73,50:73
20260928T201145,261355.47008,69.11103003769914,True,55,61,55:61
20260928T201145,261621.683456,69.11103003769914,True,59,82,59:82
20260928T201145,260881.086976,69.11103003769914,True,60,64,60:64
20260928T201145,260872.802816,69.11103003769914,True,62,60,62:60
20260928T201146,262200.973312,69.11103003769914,True,12,62,12:62
20260928T201146,261377.29792,69.11103003769914,True,18,81,18:81
20260928T201146,261487.888128,69.11103003769914,True,29,81,29:81
20260928T201146,262090.598912,69.11103003769914,True,35,70,35:70
20260928T201146,261164.953344,69.11103003769914,True,41,65,41:65
20260928T201146,261365.524224,69.11103003769914,True,46,82,46:82
20260928T201146,262581.582336,69.11103003769914,True,51,77,51:77
20260928T201146,261634.097664,69.11103003769914,True,53,83,53:83
20260928T201146,261330.324224,69.11103003769914,True,54,71,54:71
20260928T201147,263080.637952,69.11103003769914,True,0,72,0:72
20260928T201147,263097.945344,69.11103003769914,True,3,76,3:76
20260928T201147,263134.398208,69.11103003769914,True,5,64,5:64
20260928T201147,262500.188416,69.11103003769914,True,8,84,8:84
20260928T201147,263202.680064,69.11103003769914,True,15,84,15:84
20260928T201147,262806.60352,69.11103003769914,True,16,64,16:64
20260928T201147,263493.625856,69.11103003769914,True,24,87,24:87
20260928T201147,263373.522176,69.11103003769914,True,32,81,32:81
20260928T201147,262744.142336,69.11103003769914,True,36,79,36:79
20260928T201147,263069.315328,69.11103003769914,True,38,68,38:68
20260928T201147,261755.032832,69.11103003769914,True,42,70,42:70
20260928T201147,263029.93664,69.11103003769914,True,53,82,53:82
20260928T201148,263887.318784,69.11103003769914,True,6,86,6:86
20260928T201148,263352.434688,69.11103003769914,True,6,87,6:87
20260928T201148,263590.359552,69.11103003769914,True,9,60,9:60
20260928T201148,263571.163136,69.11103003769914,True,11,64,11:64
20260928T201148,263217.586432,69.11103003769914,True,20,75,20:75
20260928T201148,263304.544512,69.11103003769914,True,23,73,23:73
20260928T201148,281720.574208,69.11103003769914,True,24,64,24:64
20260928T201148,280897.577216,69.11103003769914,True,26,49,26:49
20260928T201148,263978.098432,69.11103003769914,True,33,67,33:67
20260928T201148,263623.426816,69.11103003769914,True,35,71,35:71
20260928T201148,264166.097152,69.11103003769914,True,58,69,58:69
20260928T201148,264068.545536,69.11103003769914,True,61,83,61:83
20260928T201149,264807.400704,69.11103003769914,True,1,72,1:72
20260928T201149,264063.677696,69.11103003769914,True,15,85,15:85
20260928T201149,264701.08416,69.11103003769914,True,17,67,17:67
20260928T201149,264990.856704,69.11103003769914,True,18,80,18:80
20260928T201149,265196.382208,69.11103003769914,True,22,66,22:66
20260928T201149,264006.786304,69.11103003769914,True,24,88,24:88
20260928T201149,265001.187328,69.11103003769914,True,26,68,26:68
20260928T201149,279704.246016,69.11103003769914,True,29,63,29:63
20260928T201149,265105.494528,69.11103003769914,True,30,77,30:77
20260928T201149,264121.69472,69.11103003769914,True,39,73,39:73
20260928T201149,264634.85824,69.11103003769914,True,57,60,57:60
20260928T201149,264063.449856,69.11103003769914,True,57,61,57:61
20260928T201150,282761.015552,69.11103003769914,True,3,57,3:57
20260928T201150,281228.496896,69.11103003769914,True,4,67,4:67
20260928T201150,265018.988032,69.11103003769914,True,4,87,4:87
20260928T201150,265024.614144,69.11103003769914,True,5,65,5:65
20260928T201150,286159.819264,69.11103003769914,True,7,41,7:41
20260928T201150,266048.155648,69.11103003769914,True,10,84,10:84
20260928T201150,265146.025472,69.11103003769914,True,10,85,10:85
20260928T201150,265408.916224,69.11103003769914,True,12,63,12:63
20260928T201150,265548.873472,69.11103003769914,True,14,73,14:73
20260928T201150,264706.433536,69.11103003769914,True,31,69,31:69
20260928T201150,265211.658752,69.11103003769914,True,32,82,32:82
20260928T201150,265581.896448,69.11103003769914,True,44,82,44:82
20260928T201150,265474.99648,69.11103003769914,True,45,88,45:88
20260928T201150,264868.57344,69.11103003769914,True,49,67,49:67
20260928T201150,265018.18496,69.11103003769914,True,51,78,51:78
20260928T201150,265854.571776,69.11103003769914,True,52,80,52:80
20260928T201150,264512.417024,69.11103003769914,True,52,81,52:81
20260928T201150,265070.676224,69.11103003769914,True,56,88,56:88
20260928T201150,265510.566656,69.11103003769914,True,58,70,58:70
20260928T201150,264813.730304,69.11103003769914,True,58,71,58:71
20260928T201151,266514.463744,69.11103003769914,True,3,77,3:77
20260928T201151,266788.943104,69.11103003769914,True,4,86,4:86
20260928T201151,265675.634688,69.11103003769914,True,8,85,8:85
20260928T201151,265939.565056,69.11103003769914,True,21,61,21:61
20260928T201151,266030.55488,69.11103003769914,True,22,67,22:67
20260928T201151,266093.42336,69.11103003769914,True,24,89,24:89
20260928T201151,266580.913664,69.11103003769914,True,25,83,25:83
20260928T201151,265580.758016,69.11103003769914,True,25,84,25:84
20260928T201151,265545.617152,69.11103003769914,True,26,69,26:69
20260928T201151,265539.300864,69.11103003769914,True,30,78,30:78
20260928T201151,265739.107584,69.11103003769914,True,38,69,38:69
20260928T201151,265386.546688,69.11103003769914,True,44,83,44:83
20260928T201151,266038.448384,69.11103003769914,True,45,89,45:89
20260928T201151,265280.396032,69.11103003769914,True,46,83,46:83
20260928T201152,267156.097024,69.11103003769914,True,2,72,2:72
20260928T201152,266968.381952,69.11103003769914,True,2,73,2:73
20260928T201152,266641.138688,69.11103003769914,True,7,60,7:60
20260928T201152,266595.842048,69.11103003769914,True,17,68,17:68
20260928T201152,266834.608384,69.11103003769914,True,27,72,27:72
20260928T201152,265958.117888,69.11103003769914,True,28,82,28:82
20260928T201152,267193.384192,69.11103003769914,True,37,88,37:88
20260928T201152,267178.91072,69.11103003769914,True,40,75,40:75
20260928T201152,266984.262144,69.11103003769914,True,43,61,43:61
20260928T201152,267387.090688,69.11103003769914,True,47,60,47:60
20260928T201152,288207.739904,69.11103003769914,True,53,59,53:59
20260928T201152,266172.208384,69.11103003769914,True,59,85,59:85
20260928T201152,267058.039808,69.11103003769914,True,60,65,60:65
20260928T201153,267609.510912,69.11103003769914,True,0,73,0:73
20260928T201153,267756.858368,69.11103003769914,True,13,82,13:82
20260928T201153,267006.611456,69.11103003769914,True,14,74,14:74
20260928T201153,266541.242368,69.11103003769914,True,15,86,15:86
20260928T201153,268093.801216,69.11103003769914,True,16,65,16:65
20260928T201153,268147.676928,69.11103003769914,True,19,62,19:62
20260928T201153,267531.795968,69.11103003769914,True,33,68,33:68
20260928T201153,267591.778304,69.11103003769914,True,35,72,35:72
20260928T201153,266987.143936,69.11103003769914,True,37,89,37:89
20260928T201153,267510.697472,69.11103003769914,True,41,66,41:66
20260928T201153,267879.162368,69.11103003769914,True,50,74,50:74
20260928T201153,268278.20288,69.11103003769914,True,59,84,59:84
20260928T201153,267699.164416,69.11103003769914,True,61,84,61:84
20260928T201154,267547.486976,69.11103003769914,True,2,74,2:74
20260928T201154,267439.391488,69.11103003769914,True,6,88,6:88
20260928T201154,268389.513984,69.11103003769914,True,13,83,13:83
20260928T201154,267296.023552,69.11103003769914,True,16,66,16:66
20260928T201154,267835.05536,69.11103003769914,True,18,82,18:82
20260928T201154,287955.01696,69.11103003769914,True,22,49,22:49
20260928T201154,267486.31936,69.11103003769914,True,22,68,22:68
20260928T201154,268644.403968,69.11103003769914,True,28,81,28:81
20260928T201154,268782.984704,69.11103003769914,True,32,83,32:83
20260928T201154,268559.151872,69.11103003769914,True,33,69,33:69
20260928T201154,268684.2048,69.11103003769914,True,36,80,36:80
20260928T201154,267526.014976,69.11103003769914,True,44,84,44:84
20260928T201154,268495.739648,69.11103003769914,True,52,82,52:82
20260928T201154,267674.772736,69.11103003769914,True,58,72,58:72
20260928T201154,267597.418496,69.11103003769914,True,60,66,60:66
20260928T201154,269029.209344,69.11103003769914,True,63,75,63:75
20260928T201155,269040.370944,69.11103003769914,True,10,86,10:86
20260928T201155,269405.62432,69.11103003769914,True,11,65,11:65
20260928T201155,269705.76,69.11103003769914,True,20,76,20:76
20260928T201155,269010.859776,69.11103003769914,True,23,75,23:75
20260928T201155,269479.592448,69.11103003769914,True,29,82,29:82
20260928T201155,268260.098304,69.11103003769914,True,36,81,36:81
20260928T201155,269307.049472,69.11103003769914,True,40,76,40:76
20260928T201155,269254.282496,69.11103003769914,True,47,61,47:61
20260928T201155,268846.809856,69.11103003769914,True,49,68,49:68
20260928T201155,270071.319808,69.11103003769914,True,53,84,53:84
20260928T201155,269308.021504,69.11103003769914,True,63,76,63:76
20260928T201156,270202.47936,69.11103003769914,True,1,73,1:73
20260928T201156,269432.414208,69.11103003769914,True,12,64,12:64
20260928T201156,269425.47456,69.11103003769914,True,18,83,18:83
20260928T201156,270521.646336,69.11103003769914,True,24,90,24:90
20260928T201156,270611.40096,69.11103003769914,True,51,79,51:79
20260928T201156,271176.08064,69.11103003769914,True,55,62,55:62
20260928T201156,269738.31296,69.11103003769914,True,61,85,61:85
20260928T201156,270274.297856,69.11103003769914,True,62,61,62:61
20260928T201157,271130.067968,69.11103003769914,True,4,88,4:88
20260928T201157,269938.9632,69.11103003769914,True,13,84,13:84
20260928T201157,270483.101696,69.11103003769914,True,14,75,14:75
20260928T201157,271727.126528,69.11103003769914,True,23,74,23:74
20260928T201157,270747.455488,69.11103003769914,True,25,85,25:85
20260928T201157,271031.697664,69.11103003769914,True,29,83,29:83
20260928T201157,271051.994112,69.11103003769914,True,34,61,34:61
20260928T201157,270557.57568,69.11103003769914,True,43,62,43:62
20260928T201157,270883.09248,69.11103003769914,True,45,90,45:90
20260928T201157,271140.8704,69.11103003769914,True,46,84,46:84
20260928T201157,271516.141824,69.11103003769914,True,48,63,48:63
20260928T201157,270671.127296,69.11103003769914,True,55,63,55:63
20260928T201157,271610.531072,69.11103003769914,True,56,89,56:89
20260928T201157,269888.777472,69.11103003769914,True,56,90,56:90
20260928T201158,272173.274368,69.11103003769914,True,0,74,0:74
20260928T201158,272017.14688,69.11103003769914,True,3,78,3:78
20260928T201158,271388.832,69.11103003769914,True,3,79,3:79
20260928T201158,272248.169984,69.11103003769914,True,5,66,5:66
20260928T201158,271107.939328,69.11103003769914,True,7,62,7:62
20260928T201158,271435.44704,69.11103003769914,True,11,66,11:66
20260928T201158,271685.420032,69.11103003769914,True,19,63,19:63
20260928T201158,270716.603648,69.11103003769914,True,20,78,20:78
20260928T201158,272341.799168,69.11103003769914,True,21,62,21:62
20260928T201158,271255.640576,69.11103003769914,True,25,86,25:86
20260928T201158,271091.00672,69.11103003769914,True,37,90,37:90
20260928T201158,272578.571008,69.11103003769914,True,39,74,39:74
20260928T201158,288987.070464,69.11103003769914,True,44,64,44:64
20260928T201158,272470.647552,69.11103003769914,True,54,72,54:72
20260928T201159,271638.099456,69.11103003769914,True,5,67,5:67
20260928T201159,272512.880384,69.11103003769914,True,8,86,8:86
20260928T201159,272290.640896,69.11103003769914,True,17,69,17:69
20260928T201159,272562.505728,69.11103003769914,True,20,77,20:77
20260928T201159,272266.382336,69.11103003769914,True,38,70,38:70
20260928T201159,272206.423808,69.11103003769914,True,41,67,41:67
20260928T201159,273230.408704,69.11103003769914,True,42,71,42:71
20260928T201159,272220.546304,69.11103003769914,True,47,62,47:62
20260928T201159,271968.114432,69.11103003769914,True,48,64,48:64
20260928T201159,271467.443712,69.11103003769914,True,49,69,49:69
20260928T201159,273256.039168,69.11103003769914,True,53,85,53:85
20260928T201159,272505.427968,69.11103003769914,True,57,62,57:62
20260928T201159,272834.129664,69.11103003769914,True,63,77,63:77
20260928T201200,272869.243904,69.11103003769914,True,1,74,1:74
20260928T201200,272640.482304,69.11103003769914,True,2,75,2:75
20260928T201200,272960.8832,69.11103003769914,True,6,89,6:89
20260928T201200,272457.642752,69.11103003769914,True,10,88,10:88
20260928T201200,272428.715776,69.11103003769914,True,13,85,13:85
20260928T201200,273188.243712,69.11103003769914,True,15,87,15:87
20260928T201200,272723.537152,69.11103003769914,True,21,63,21:63
20260928T201200,273077.61024,69.11103003769914,True,24,91,24:91
20260928T201200,273383.15008,69.11103003769914,True,26,70,26:70
20260928T201200,272409.69472,69.11103003769914,True,40,77,40:77
20260928T201200,273101.633536,69.11103003769914,True,45,91,45:91
20260928T201200,272355.771392,69.11103003769914,True,46,85,46:85
20260928T201200,273730.333184,69.11103003769914,True,50,75,50:75
20260928T201200,274113.296128,69.11103003769914,True,51,80,51:80
20260928T201200,273030.57152,69.11103003769914,True,52,83,52:83
20260928T201200,272789.34656,69.11103003769914,True,52,84,52:84
20260928T201200,272206.857216,69.11103003769914,True,59,87,59:87
20260928T201201,274300.179712,69.11103003769914,True,9,62,9:62
20260928T201201,273869.510912,69.11103003769914,True,24,92,24:92
20260928T201201,273189.312256,69.11103003769914,True,28,84,28:84
20260928T201201,273956.965632,69.11103003769914,True,29,84,29:84
20260928T201201,274895.12192,69.11103003769914,True,30,79,30:79
20260928T201201,274538.081024,69.11103003769914,True,32,84,32:84
20260928T201201,273741.099776,69.11103003769914,True,33,70,33:70
20260928T201201,273176.40832,69.11103003769914,True,34,62,34:62
20260928T201201,273630.345216,69.11103003769914,True,37,91,37:91
20260928T201201,273371.12704,69.11103003769914,True,50,76,50:76
20260928T201201,274054.087936,69.11103003769914,True,51,81,51:81
20260928T201202,274379.674112,69.11103003769914,True,3,80,3:80
20260928T201202,289508.428288,69.11103003769914,True,7,49,7:49
20260928T201202,274472.111616,69.11103003769914,True,11,67,11:67
20260928T201202,274365.81504,69.11103003769914,True,15,88,15:88
20260928T201202,274650.238464,69.11103003769914,True,30,81,30:81
20260928T201202,274854.989824,69.11103003769914,True,31,70,31:70
20260928T201202,274917.703936,69.11103003769914,True,32,85,32:85
20260928T201202,275597.192192,69.11103003769914,True,35,73,35:73
20260928T201202,275301.795584,69.11103003769914,True,39,75,39:75
20260928T201202,274760.378112,69.11103003769914,True,42,72,42:72
20260928T201202,275231.426304,69.11103003769914,True,54,73,54:73
20260928T201202,274368.955392,69.11103003769914,True,63,78,63:78
20260928T201203,276454.221568,69.11103003769914,True,0,75,0:75
20260928T201203,275944.244736,69.11103003769914,True,6,90,6:90
20260928T201203,275243.000576,69.11103003769914,True,10,89,10:89
20260928T201203,275668.873728,69.11103003769914,True,12,65,12:65
20260928T201203,275582.54464,69.11103003769914,True,18,84,18:84
20260928T201203,275322.996736,69.11103003769914,True,25,87,25:87
20260928T201203,276008.311552,69.11103003769914,True,38,71,38:71
20260928T201203,275517.272832,69.11103003769914,True,39,76,39:76
20260928T201203,275129.670144,69.11103003769914,True,56,91,56:91
20260928T201203,275774.35392,69.11103003769914,True,57,63,57:63
20260928T201203,276214.640128,69.11103003769914,True,58,73,58:73
20260928T201203,292149.279488,69.11103003769914,True,59,67,59:67
20260928T201203,276025.199104,69.11103003769914,True,60,67,60:67
20260928T201204,276187.917568,69.11103003769914,True,4,90,4:90
20260928T201204,277251.592448,69.11103003769914,True,14,76,14:76
20260928T201204,276739.890432,69.11103003769914,True,16,67,16:67
20260928T201204,276418.666752,69.11103003769914,True,17,70,17:70
20260928T201204,275415.1232,69.11103003769914,True,23,77,23:77
20260928T201204,277137.966592,69.11103003769914,True,30,80,30:80
20260928T201204,276511.427328,69.11103003769914,True,36,82,36:82
20260928T201204,275942.702336,69.11103003769914,True,44,86,44:86
20260928T201204,275756.771584,69.11103003769914,True,49,70,49:70
20260928T201204,275481.715456,69.11103003769914,True,50,77,50:77
20260928T201204,276414.748416,69.11103003769914,True,51,82,51:82
20260928T201204,276729.596672,69.11103003769914,True,53,86,53:86
20260928T201204,276759.149568,69.11103003769914,True,61,86,61:86
20260928T201205,277123.298816,69.11103003769914,True,0,76,0:76
20260928T201205,277232.320768,69.11103003769914,True,14,77,14:77
20260928T201205,277594.12096,69.11103003769914,True,19,64,19:64
20260928T201205,277724.314624,69.11103003769914,True,22,69,22:69
20260928T201205,277785.970944,69.11103003769914,True,23,76,23:76
20260928T201205,277909.099264,69.11103003769914,True,27,74,27:74
20260928T201205,277522.58176,69.11103003769914,True,42,73,42:73
20260928T201205,277955.154944,69.11103003769914,True,54,74,54:74
20260928T201205,292311.739136,69.11103003769914,True,56,72,56:72
20260928T201205,276808.834048,69.11103003769914,True,58,74,58:74
20260928T201206,278608.176128,69.11103003769914,True,1,75,1:75
20260928T201206,277415.298816,69.11103003769914,True,6,91,6:91
20260928T201206,278075.25248,69.11103003769914,True,18,85,18:85
20260928T201206,278587.094272,69.11103003769914,True,20,79,20:79
20260928T201206,277402.894592,69.11103003769914,True,21,64,21:64
20260928T201206,277714.206208,69.11103003769914,True,29,85,29:85
20260928T201206,278353.592832,69.11103003769914,True,33,71,33:71
20260928T201206,278462.339328,69.11103003769914,True,37,92,37:92
20260928T201206,278037.761792,69.11103003769914,True,45,92,45:92
20260928T201206,278232.466944,69.11103003769914,True,48,65,48:65
20260928T201206,277912.6208,69.11103003769914,True,60,68,60:68
20260928T201206,277370.066688,69.11103003769914,True,61,88,61:88
20260928T201207,298609.925632,69.11103003769914,True,8,65,8:65
20260928T201207,278815.822336,69.11103003769914,True,8,88,8:88
20260928T201207,278297.3952,69.11103003769914,True,8,89,8:89
20260928T201207,278569.681408,69.11103003769914,True,13,86,13:86
20260928T201207,279563.42912,69.11103003769914,True,16,68,16:68
20260928T201207,279409.392896,69.11103003769914,True,32,86,32:86
20260928T201207,278558.761984,69.11103003769914,True,37,93,37:93
20260928T201207,278319.836928,69.11103003769914,True,39,77,39:77
20260928T201207,278974.028544,69.11103003769914,True,41,68,41:68
20260928T201207,293892.8896,69.11103003769914,True,42,59,42:59
20260928T201207,278586.909952,69.11103003769914,True,48,66,48:66
20260928T201207,278990.367744,69.11103003769914,True,54,75,54:75
20260928T201207,279519.596032,69.11103003769914,True,55,64,55:64
20260928T201207,278884.845824,69.11103003769914,True,61,87,61:87
20260928T201208,279144.04352,69.11103003769914,True,4,91,4:91
20260928T201208,279851.920896,69.11103003769914,True,7,63,7:63
20260928T201208,296177.570048,69.11103003769914,True,9,49,9:49
20260928T201208,279664.184064,69.11103003769914,True,17,71,17:71
20260928T201208,280237.46944,69.11103003769914,True,19,65,19:65
20260928T201208,279771.586304,69.11103003769914,True,24,93,24:93
20260928T201208,279391.547904,69.11103003769914,True,25,88,25:88
20260928T201208,279804.710912,69.11103003769914,True,27,75,27:75
20260928T201208,280340.311552,69.11103003769914,True,31,71,31:71
20260928T201208,300006.295296,69.11103003769914,False,33,52,33:52
20260928T201208,280094.498304,69.11103003769914,True,38,72,38:72
20260928T201208,279344.868864,69.11103003769914,True,46,86,46:86
20260928T201208,279613.88032,69.11103003769914,True,59,88,59:88
20260928T201209,280458.6304,69.11103003769914,True,1,76,1:76
20260928T201209,279857.94816,69.11103003769914,True,22,70,22:70
20260928T201209,281102.245632,69.11103003769914,True,28,85,28:85
20260928T201209,280100.384,69.11103003769914,True,34,63,34:63
20260928T201209,280026.586112,69.11103003769914,True,44,87,44:87
20260928T201209,295146.273024,69.11103003769914,True,45,74,45:74
20260928T201209,280196.393728,69.11103003769914,True,45,93,45:93
20260928T201209,279757.893888,69.11103003769914,True,54,76,54:76
20260928T201209,280848.288768,69.11103003769914,True,56,92,56:92
20260928T201209,280446.64448,69.11103003769914,True,57,64,57:64
20260928T201209,279625.272832,69.11103003769914,True,58,75,58:75
20260928T201210,299284.769536,69.11103003769914,True,0,58,0:58
20260928T201210,281552.009728,69.11103003769914,True,5,68,5:68
20260928T201210,281072.657408,69.11103003769914,True,7,64,7:64
20260928T201210,281384.143104,69.11103003769914,True,9,63,9:63
20260928T201210,281007.352576,69.11103003769914,True,10,90,10:90
20260928T201210,280800.384256,69.11103003769914,True,25,89,25:89
20260928T201210,281194.832384,69.11103003769914,True,47,64,47:64
20260928T201210,281960.181504,69.11103003769914,True,53,87,53:87
20260928T201210,281743.288832,69.11103003769914,True,63,79,63:79
20260928T201211,281667.894784,69.11103003769914,True,0,77,0:77
20260928T201211,281851.0144,69.11103003769914,True,9,64,9:64
20260928T201211,282327.5136,69.11103003769914,True,12,66,12:66
20260928T201211,282332.64,69.11103003769914,True,16,69,16:69
20260928T201211,282438.940416,69.11103003769914,True,18,86,18:86
20260928T201211,281762.069504,69.11103003769914,True,20,80,20:80
20260928T201211,282138.541312,69.11103003769914,True,24,94,24:94
20260928T201211,300016.587264,69.11103003769914,False,26,53,26:53
20260928T201211,300078.281472,69.11103003769914,False,30,63,30:63
20260928T201211,282121.826816,69.11103003769914,True,30,82,30:82
20260928T201211,281414.162944,69.11103003769914,True,35,76,35:76
20260928T201211,282276.057088,69.11103003769914,True,41,69,41:69
20260928T201211,282672.909568,69.11103003769914,True,51,83,51:83
20260928T201211,282617.993728,69.11103003769914,True,52,85,52:85
20260928T201211,282264.269056,69.11103003769914,True,56,93,56:93
20260928T201211,300021.751296,69.11103003769914,False,58,56,58:56
20260928T201211,300061.324544,69.11103003769914,False,61,66,61:66
20260928T201211,282097.222656,69.11103003769914,True,62,63,62:63
20260928T201211,281938.649344,69.11103003769914,True,63,80,63:80
20260928T201212,282109.457408,69.11103003769914,True,10,91,10:91
20260928T201212,282750.837504,69.11103003769914,True,11,69,11:69
20260928T201212,283098.976,69.11103003769914,True,13,87,13:87
20260928T201212,282767.319296,69.11103003769914,True,14,78,14:78
20260928T201212,283633.660416,69.11103003769914,True,35,75,35:75
20260928T201212,283999.08352,69.11103003769914,True,36,83,36:83
20260928T201212,282515.942656,69.11103003769914,True,57,65,57:65
20260928T201213,284083.881984,69.11103003769914,True,6,92,6:92
20260928T201213,284422.521088,69.11103003769914,True,15,89,15:89
20260928T201213,300002.931712,69.11103003769914,False,21,51,21:51
20260928T201213,300090.805504,69.11103003769914,False,23,61,23:61
20260928T201213,284268.462592,69.11103003769914,True,23,78,23:78
20260928T201213,284385.278976,69.11103003769914,True,26,72,26:72
20260928T201213,284004.768768,69.11103003769914,True,29,86,29:86
20260928T201213,283101.255424,69.11103003769914,True,30,83,30:83
20260928T201213,284076.132608,69.11103003769914,True,33,72,33:72
20260928T201213,300065.665536,69.11103003769914,False,39,60,39:60
20260928T201213,284365.62176,69.11103003769914,True,40,78,40:78
20260928T201213,284269.09952,69.11103003769914,True,43,64,43:64
20260928T201213,284244.344064,69.11103003769914,True,46,87,46:87
20260928T201213,284124.946944,69.11103003769914,True,49,71,49:71
20260928T201213,283964.474112,69.11103003769914,True,51,84,51:84
20260928T201213,283614.097408,69.11103003769914,True,52,86,52:86
20260928T201214,300170.988288,69.11103003769914,False,3,64,3:64
20260928T201214,285211.877888,69.11103003769914,True,3,81,3:81
20260928T201214,284271.742464,69.11103003769914,True,3,82,3:82
20260928T201214,300043.858944,69.11103003769914,False,8,71,8:71
20260928T201214,300076.338176,69.11103003769914,False,22,57,22:57
20260928T201214,284049.591552,69.11103003769914,True,25,90,25:90
20260928T201214,284884.336896,69.11103003769914,True,32,87,32:87
20260928T201214,300123.762176,69.11103003769914,False,37,74,37:74
20260928T201214,285043.085056,69.11103003769914,True,37,94,37:94
20260928T201214,300043.788032,69.11103003769914,False,41,55,41:55
20260928T201214,284812.73088,69.11103003769914,True,41,70,41:70
20260928T201214,284365.36704,69.11103003769914,True,42,75,42:75
20260928T201214,300024.326144,69.11103003769914,False,46,70,46:70
20260928T201214,285127.606528,69.11103003769914,True,50,78,50:78
20260928T201214,300056.134656,69.11103003769914,False,51,67,51:67
20260928T201214,285321.157376,69.11103003769914,True,53,88,53:88
20260928T201214,285075.937024,69.11103003769914,True,55,65,55:65
20260928T201215,285192.47488,69.11103003769914,True,5,69,5:69
20260928T201215,300033.947392,69.11103003769914,False,11,55,11:55
20260928T201215,300007.3216,69.11103003769914,False,12,54,12:54
20260928T201215,285792.45312,69.11103003769914,True,21,65,21:65
20260928T201215,300095.149568,69.11103003769914,False,24,76,24:76
20260928T201215,284892.102912,69.11103003769914,True,24,95,24:95
20260928T201215,285010.520064,69.11103003769914,True,29,87,29:87
20260928T201215,286073.943808,69.11103003769914,True,31,72,31:72
20260928T201215,285203.68,69.11103003769914,True,32,88,32:88
20260928T201215,300063.089664,69.11103003769914,False,43,53,43:53
20260928T201215,285386.011904,69.11103003769914,True,47,65,47:65
20260928T201215,285172.00768,69.11103003769914,True,50,79,50:79
20260928T201215,300042.367232,69.11103003769914,False,51,68,51:68
20260928T201215,285132.852736,69.11103003769914,True,54,77,54:77
20260928T201215,286045.46816,69.11103003769914,True,59,89,59:89
20260928T201215,300040.108032,69.11103003769914,False,60,55,60:55
20260928T201215,300074.4128,69.11103003769914,False,61,71,61:71
20260928T201215,284967.909888,69.11103003769914,True,61,90,61:90
20260928T201215,284862.928384,69.11103003769914,True,62,64,62:64
20260928T201216,286451.5072,69.11103003769914,True,0,78,0:78
20260928T201216,287180.45312,69.11103003769914,True,4,92,4:92
20260928T201216,286859.834624,69.11103003769914,True,8,90,8:90
20260928T201216,286060.68352,69.11103003769914,True,13,88,13:88
20260928T201216,286266.353408,69.11103003769914,True,15,90,15:90
20260928T201216,300051.4432,69.11103003769914,False,24,78,24:78
20260928T201216,300041.400576,69.11103003769914,False,26,58,26:58
20260928T201216,300088.780544,69.11103003769914,False,28,71,28:71
20260928T201216,285785.965824,69.11103003769914,True,29,88,29:88
20260928T201216,286689.692672,69.11103003769914,True,36,84,36:84
20260928T201216,300037.096192,69.11103003769914,False,38,60,38:60
20260928T201216,285963.872256,69.11103003769914,True,40,79,40:79
20260928T201216,300031.411712,69.11103003769914,False,51,69,51:69
20260928T201216,286102.364416,69.11103003769914,True,52,87,52:87
20260928T201216,300026.446848,69.11103003769914,False,57,53,57:53
20260928T201216,300066.556416,69.11103003769914,False,62,53,62:53
20260928T201217,287581.627136,69.11103003769914,True,1,77,1:77
20260928T201217,287398.82368,69.11103003769914,True,2,77,2:77
20260928T201217,300058.023936,69.11103003769914,False,3,68,3:68
20260928T201217,287143.64288,69.11103003769914,True,12,67,12:67
20260928T201217,286433.952512,69.11103003769914,True,14,79,14:79
20260928T201217,287904.933376,69.11103003769914,True,19,66,19:66
20260928T201217,287689.563904,69.11103003769914,True,20,81,20:81
20260928T201217,286910.359296,69.11103003769914,True,26,73,26:73
20260928T201217,287469.625344,69.11103003769914,True,28,86,28:86
20260928T201217,300018.987008,69.11103003769914,False,31,61,31:61
20260928T201217,287294.375424,69.11103003769914,True,33,73,33:73
20260928T201217,300011.368192,69.11103003769914,False,37,78,37:78
20260928T201217,287548.921088,69.11103003769914,True,38,73,38:73
20260928T201217,286972.827904,69.11103003769914,True,39,78,39:78
20260928T201217,287459.067392,69.11103003769914,True,61,89,61:89
20260928T201218,300018.394624,69.11103003769914,False,2,65,2:65
20260928T201218,287086.559488,69.11103003769914,True,7,65,7:65
20260928T201218,300092.261376,69.11103003769914,False,10,76,10:76
20260928T201218,300077.663232,69.11103003769914,False,15,77,15:77
20260928T201218,287505.9264,69.11103003769914,True,15,91,15:91
20260928T201218,288367.3728,69.11103003769914,True,16,70,16:70
20260928T201218,288716.937984,69.11103003769914,True,17,72,17:72
20260928T201218,287679.209984,69.11103003769914,True,19,67,19:67
20260928T201218,300079.337216,69.11103003769914,False,21,55,21:55
20260928T201218,287683.675392,69.11103003769914,True,22,71,22:71
20260928T201218,287949.625856,69.11103003769914,True,23,79,23:79
20260928T201218,287916.70656,69.11103003769914,True,30,84,30:84
20260928T201218,287569.774848,69.11103003769914,True,34,65,34:65
20260928T201218,287863.756288,69.11103003769914,True,37,95,37:95
20260928T201218,287799.435264,69.11103003769914,True,43,65,43:65
20260928T201218,300077.744896,69.11103003769914,False,45,80,45:80
20260928T201218,288818.577152,69.11103003769914,True,53,89,53:89
20260928T201218,288447.031808,69.11103003769914,True,56,94,56:94
20260928T201218,287776.811264,69.11103003769914,True,56,95,56:95
20260928T201218,287760.926464,69.11103003769914,True,58,76,58:76
20260928T201218,287184.101376,69.11103003769914,True,58,77,58:77
20260928T201219,288181.04832,69.11103003769914,True,3,84,3:84
20260928T201219,287656.901376,69.11103003769914,True,8,92,8:92
20260928T201219,287923.236864,69.11103003769914,True,14,80,14:80
20260928T201219,300045.611264,69.11103003769914,False,17,62,17:62
20260928T201219,288123.044864,69.11103003769914,True,22,72,22:72
20260928T201219,300080.162048,69.11103003769914,False,25,77,25:77
20260928T201219,288008.422912,69.11103003769914,True,25,91,25:91
20260928T201219,300022.312192,69.11103003769914,False,26,62,26:62
20260928T201219,300062.325504,69.11103003769914,False,29,75,29:75
20260928T201219,288437.784832,69.11103003769914,True,29,89,29:89
20260928T201219,288629.485056,69.11103003769914,True,35,77,35:77
20260928T201219,289138.522112,69.11103003769914,True,36,85,36:85
20260928T201219,287576.2368,69.11103003769914,True,37,96,37:96
20260928T201219,288966.875904,69.11103003769914,True,44,88,44:88
20260928T201219,288910.408448,69.11103003769914,True,45,95,45:95
20260928T201219,288350.390528,69.11103003769914,True,53,91,53:91
20260928T201219,300016.576768,69.11103003769914,False,54,65,54:65
20260928T201219,287587.739648,69.11103003769914,True,55,67,55:67
20260928T201219,289075.79648,69.11103003769914,True,59,90,59:90
20260928T201219,288342.465792,69.11103003769914,True,59,91,59:91
20260928T201219,300027.220736,69.11103003769914,False,60,59,60:59
20260928T201219,288781.114112,69.11103003769914,True,60,70,60:70
20260928T201220,289965.529088,69.11103003769914,True,4,93,4:93
20260928T201220,289572.325376,69.11103003769914,True,5,70,5:70
20260928T201220,290279.136,69.11103003769914,True,9,65,9:65
20260928T201220,290047.378432,69.11103003769914,True,10,92,10:92
20260928T201220,289765.354752,69.11103003769914,True,12,68,12:68
20260928T201220,300082.268928,69.11103003769914,False,14,67,14:67
20260928T201220,288285.967616,69.11103003769914,True,17,74,17:74
20260928T201220,288336.998656,69.11103003769914,True,19,68,19:68
20260928T201220,289629.156352,69.11103003769914,True,20,82,20:82
20260928T201220,300058.235136,69.11103003769914,False,22,62,22:62
20260928T201220,289450.547968,69.11103003769914,True,27,77,27:77
20260928T201220,290032.257792,69.11103003769914,True,28,87,28:87
20260928T201220,289962.139648,69.11103003769914,True,38,74,38:74
20260928T201220,288475.106048,69.11103003769914,True,38,75,38:75
20260928T201220,300010.43456,69.11103003769914,False,41,60,41:60
20260928T201220,289453.140992,69.11103003769914,True,41,71,41:71
20260928T201220,289229.113856,69.11103003769914,True,47,66,47:66
20260928T201220,290122.957056,69.11103003769914,True,48,67,48:67
20260928T201220,289232.494848,69.11103003769914,True,49,72,49:72
20260928T201220,288649.005312,69.11103003769914,True,49,73,49:73
20260928T201220,288686.73408,69.11103003769914,True,50,81,50:81
20260928T201220,300066.551552,69.11103003769914,False,61,78,61:78
20260928T201220,289609.419264,69.11103003769914,True,63,81,63:81
20260928T201221,300075.536384,69.11103003769914,False,1,67,1:67
20260928T201221,289651.783424,69.11103003769914,True,1,79,1:79
20260928T201221,291060.8512,69.11103003769914,True,2,78,2:78
20260928T201221,289340.754432,69.11103003769914,True,10,93,10:93
20260928T201221,289682.880768,69.11103003769914,True,15,92,15:92
20260928T201221,300030.374656,69.11103003769914,False,17,64,17:64
20260928T201221,290704.425216,69.11103003769914,True,18,87,18:87
20260928T201221,290254.690816,69.11103003769914,True,21,66,21:66
20260928T201221,290492.375808,69.11103003769914,True,31,73,31:73
20260928T201221,290473.744128,69.11103003769914,True,33,74,33:74
20260928T201221,290050.213632,69.11103003769914,True,39,79,39:79
20260928T201221,290989.504512,69.11103003769914,True,46,88,46:88
20260928T201221,290293.81632,69.11103003769914,True,48,68,48:68
20260928T201221,300017.999616,69.11103003769914,False,50,69,50:69
20260928T201221,290407.01696,69.11103003769914,True,50,80,50:80
20260928T201221,290568.030976,69.11103003769914,True,52,88,52:88
20260928T201221,290750.899712,69.11103003769914,True,53,90,53:90
20260928T201221,291077.065728,69.11103003769914,True,55,66,55:66
20260928T201221,289676.236032,69.11103003769914,True,60,71,60:71
20260928T201222,291144.074496,69.11103003769914,True,0,79,0:79
20260928T201222,290532.395264,69.11103003769914,True,2,79,2:79
20260928T201222,289904.112384,69.11103003769914,True,2,80,2:80
20260928T201222,290333.805312,69.11103003769914,True,5,71,5:71
20260928T201222,292101.487616,69.11103003769914,True,6,94,6:94
20260928T201222,290506.296064,69.11103003769914,True,6,95,6:95
20260928T201222,291797.919488,69.11103003769914,True,8,91,8:91
20260928T201222,290112.479488,69.11103003769914,True,9,67,9:67
20260928T201222,290747.608832,69.11103003769914,True,11,70,11:70
20260928T201222,291397.118976,69.11103003769914,True,13,89,13:89
20260928T201222,300066.042624,69.11103003769914,False,14,70,14:70
20260928T201222,300052.509952,69.11103003769914,False,16,62,16:62
20260928T201222,290541.994496,69.11103003769914,True,20,83,20:83
20260928T201222,300034.491392,69.11103003769914,False,21,59,21:59
20260928T201222,289931.787008,69.11103003769914,True,24,98,24:98
20260928T201222,290951.166208,69.11103003769914,True,27,78,27:78
20260928T201222,300377.737216,69.11103003769914,False,29,78,29:78
20260928T201222,300122.79296,69.11103003769914,False,36,76,36:76
20260928T201222,290491.579648,69.11103003769914,True,37,97,37:97
20260928T201222,291355.022848,69.11103003769914,True,51,86,51:86
20260928T201223,292172.685824,69.11103003769914,True,1,78,1:78
20260928T201223,292623.540224,69.11103003769914,True,3,83,3:83
20260928T201223,292178.652416,69.11103003769914,True,4,95,4:95
20260928T201223,290831.134976,69.11103003769914,True,11,71,11:71
20260928T201223,300076.248576,69.11103003769914,False,13,80,13:80
20260928T201223,290813.952,69.11103003769914,True,16,72,16:72
20260928T201223,292063.29216,69.11103003769914,True,18,88,18:88
20260928T201223,291151.724032,69.11103003769914,True,23,81,23:81
20260928T201223,292434.512896,69.11103003769914,True,24,96,24:96
20260928T201223,292595.818752,69.11103003769914,True,26,74,26:74
20260928T201223,291916.723968,69.11103003769914,True,28,88,28:88
20260928T201223,292665.69088,69.11103003769914,True,32,89,32:89
20260928T201223,291613.983488,69.11103003769914,True,40,81,40:81
20260928T201223,300011.099392,69.11103003769914,False,44,80,44:80
20260928T201223,291355.09248,69.11103003769914,True,44,90,44:90
20260928T201223,290924.878336,69.11103003769914,True,44,91,44:91
20260928T201223,292482.142976,69.11103003769914,True,45,96,45:96
20260928T201223,291188.5504,69.11103003769914,True,45,97,45:97
20260928T201223,300077.821952,69.11103003769914,False,49,65,49:65
20260928T201223,290775.129856,69.11103003769914,True,49,74,49:74
20260928T201223,291349.295616,69.11103003769914,True,51,87,51:87
20260928T201223,300053.397248,69.11103003769914,False,53,81,53:81
20260928T201223,291874.350592,69.11103003769914,True,54,78,54:78
20260928T201223,292122.693632,69.11103003769914,True,56,96,56:96
20260928T201223,291806.680064,69.11103003769914,True,61,92,61:92
20260928T201224,300078.797312,69.11103003769914,False,1,71,1:71
20260928T201224,291728.4672,69.11103003769914,True,4,96,4:96
20260928T201224,293236.549888,69.11103003769914,True,9,66,9:66
20260928T201224,290941.296896,69.11103003769914,True,14,81,14:81
20260928T201224,291860.040704,69.11103003769914,True,21,67,21:67
20260928T201224,300023.826688,69.11103003769914,False,25,82,25:82
20260928T201224,292349.772288,69.11103003769914,True,25,93,25:93
20260928T201224,300004.381696,69.11103003769914,False,27,71,27:71
20260928T201224,291194.146816,69.11103003769914,True,27,79,27:79
20260928T201224,292235.024384,69.11103003769914,True,31,74,31:74
20260928T201224,292360.453632,69.11103003769914,True,32,90,32:90
20260928T201224,293120.465408,69.11103003769914,True,35,78,35:78
20260928T201224,291677.487872,69.11103003769914,True,38,76,38:76
20260928T201224,293065.747456,69.11103003769914,True,40,80,40:80
20260928T201224,292579.098368,69.11103003769914,True,41,72,41:72
20260928T201224,293566.15808,69.11103003769914,True,42,76,42:76
20260928T201224,293083.26016,69.11103003769914,True,44,89,44:89
20260928T201224,293444.69248,69.11103003769914,True,46,89,46:89
20260928T201224,300064.299008,69.11103003769914,False,50,72,50:72
20260928T201224,292149.440768,69.11103003769914,True,52,89,52:89
20260928T201224,300022.990592,69.11103003769914,False,54,70,54:70
20260928T201224,292707.53536,69.11103003769914,True,54,79,54:79
20260928T201224,291038.182912,69.11103003769914,True,54,80,54:80
20260928T201224,291385.009664,69.11103003769914,True,55,68,55:68
20260928T201224,291703.039232,69.11103003769914,True,56,97,56:97
20260928T201224,292845.423616,69.11103003769914,True,57,66,57:66
20260928T201224,300028.804608,69.11103003769914,False,59,83,59:83
20260928T201224,293191.481088,69.11103003769914,True,61,91,61:91
20260928T201225,293200.501504,69.11103003769914,True,0,80,0:80
20260928T201225,292123.644928,69.11103003769914,True,1,80,1:80
20260928T201225,292901.964544,69.11103003769914,True,6,96,6:96
20260928T201225,292036.137472,69.11103003769914,True,6,97,6:97
20260928T201225,292092.64,69.11103003769914,True,10,95,10:95
20260928T201225,293138.97088,69.11103003769914,True,12,69,12:69
20260928T201225,291872.87424,69.11103003769914,True,21,68,21:68
20260928T201225,293671.28448,69.11103003769914,True,24,97,24:97
20260928T201225,293471.651584,69.11103003769914,True,25,92,25:92
20260928T201225,292157.107968,69.11103003769914,True,25,94,25:94
20260928T201225,292354.962432,69.11103003769914,True,32,91,32:91
20260928T201225,300015.7696,69.11103003769914,False,34,60,34:60
20260928T201225,294026.934784,69.11103003769914,True,36,86,36:86
20260928T201225,292357.563136,69.11103003769914,True,36,88,36:88
20260928T201225,292112.004096,69.11103003769914,True,42,78,42:78
20260928T201225,291909.55392,69.11103003769914,True,45,99,45:99
20260928T201225,293450.982656,69.11103003769914,True,46,90,46:90
20260928T201225,300056.128256,69.11103003769914,False,48,62,48:62
20260928T201225,292315.688448,69.11103003769914,True,53,93,53:93
20260928T201225,291878.107904,69.11103003769914,True,54,81,54:81
20260928T201225,293157.515776,69.11103003769914,True,57,67,57:67
20260928T201225,292972.288768,69.11103003769914,True,58,78,58:78
20260928T201225,293723.977728,69.11103003769914,True,59,92,59:92
20260928T201225,291809.6832,69.11103003769914,True,60,73,60:73
20260928T201225,292641.965824,69.11103003769914,True,62,66,62:66
20260928T201225,293352.1536,69.11103003769914,True,63,83,63:83
20260928T201226,293735.738112,69.11103003769914,True,3,85,3:85
20260928T201226,293487.742464,69.11103003769914,True,5,72,5:72
20260928T201226,300030.318848,69.11103003769914,False,7,61,7:61
20260928T201226,293789.64864,69.11103003769914,True,8,93,8:93
20260928T201226,300084.058368,69.11103003769914,False,9,61,9:61
20260928T201226,294257.76512,69.11103003769914,True,13,90,13:90
20260928T201226,294507.574784,69.11103003769914,True,15,93,15:93
20260928T201226,293593.56928,69.11103003769914,True,23,82,23:82
20260928T201226,293595.192832,69.11103003769914,True,26,75,26:75
20260928T201226,292655.452928,69.11103003769914,True,27,81,27:81
20260928T201226,294183.033856,69.11103003769914,True,29,90,29:90
20260928T201226,294163.693824,69.11103003769914,True,30,86,30:86
20260928T201226,293861.26592,69.11103003769914,True,34,66,34:66
20260928T201226,293172.900096,69.11103003769914,True,34,67,34:67
20260928T201226,293886.658304,69.11103003769914,True,39,80,39:80
20260928T201226,292585.529856,69.11103003769914,True,39,82,39:82
20260928T201226,293722.146816,69.11103003769914,True,40,82,40:82
20260928T201226,292751.50336,69.11103003769914,True,44,92,44:92
20260928T201226,294516.770048,69.11103003769914,True,48,69,48:69
20260928T201226,292810.366976,69.11103003769914,True,52,91,52:91
20260928T201226,293506.086656,69.11103003769914,True,53,92,53:92
20260928T201226,293204.435968,69.11103003769914,True,58,79,58:79
20260928T201226,300013.29664,69.11103003769914,False,59,86,59:86
20260928T201226,292994.513152,69.11103003769914,True,60,72,60:72
20260928T201226,292544.432384,69.11103003769914,True,62,67,62:67
20260928T201227,300060.680192,69.11103003769914,False,4,89,4:89
20260928T201227,293495.683072,69.11103003769914,True,4,98,4:98
20260928T201227,293240.66688,69.11103003769914,True,6,98,6:98
20260928T201227,300031.907584,69.11103003769914,False,8,87,8:87
20260928T201227,300082.907392,69.11103003769914,False,10,87,10:87
20260928T201227,293775.951616,69.11103003769914,True,11,73,11:73
20260928T201227,293402.966016,69.11103003769914,True,14,83,14:83
20260928T201227,294836.857856,69.11103003769914,True,18,89,18:89
20260928T201227,294710.91712,69.11103003769914,True,19,69,19:69
20260928T201227,293259.750656,69.11103003769914,True,21,69,21:69
20260928T201227,294038.836736,69.11103003769914,True,22,73,22:73
20260928T201227,300089.133312,69.11103003769914,False,27,73,27:73
20260928T201227,294104.659968,69.11103003769914,True,27,80,27:80
20260928T201227,300030.778112,69.11103003769914,False,28,83,28:83
20260928T201227,292879.186432,69.11103003769914,True,29,92,29:92
20260928T201227,300012.55808,69.11103003769914,False,35,74,35:74
20260928T201227,294319.151872,69.11103003769914,True,37,98,37:98
20260928T201227,293300.771072,69.11103003769914,True,40,83,40:83
20260928T201227,295059.697152,69.11103003769914,True,42,77,42:77
20260928T201227,300060.992512,69.11103003769914,False,44,85,44:85
20260928T201227,293013.700352,69.11103003769914,True,44,93,44:93
20260928T201227,300019.877888,69.11103003769914,False,62,62,62:62
20260928T201228,294748.735232,69.11103003769914,True,0,82,0:82
20260928T201228,300087.131136,69.11103003769914,False,2,76,2:76
20260928T201228,295462.583552,69.11103003769914,True,2,81,2:81
20260928T201228,295364.82816,69.11103003769914,True,9,68,9:68
20260928T201228,295483.468288,69.11103003769914,True,10,94,10:94
20260928T201228,295942.76736,69.11103003769914,True,13,91,13:91
20260928T201228,294594.236416,69.11103003769914,True,23,83,23:83
20260928T201228,294754.071808,69.11103003769914,True,24,99,24:99
20260928T201228,300008.741632,69.11103003769914,False,26,71,26:71
20260928T201228,295111.443968,69.11103003769914,True,28,89,28:89
20260928T201228,295083.351808,69.11103003769914,True,29,91,29:91
20260928T201228,295708.862464,69.11103003769914,True,36,87,36:87
20260928T201228,293950.08384,69.11103003769914,True,38,78,38:78
20260928T201228,300012.137728,69.11103003769914,False,43,63,43:63
20260928T201228,300079.276544,69.11103003769914,False,47,63,47:63
20260928T201228,295694.585344,69.11103003769914,True,47,67,47:67
20260928T201228,295696.563456,69.11103003769914,True,52,90,52:90
20260928T201228,295184.786688,69.11103003769914,True,57,68,57:68
20260928T201228,295419.777536,69.11103003769914,True,59,94,59:94
20260928T201228,295874.676992,69.11103003769914,True,61,93,61:93
20260928T201228,293899.371264,69.11103003769914,True,63,85,63:85
20260928T201229,296435.657984,69.11103003769914,True,4,97,4:97
20260928T201229,300028.953344,69.11103003769914,False,6,93,6:93
20260928T201229,294994.550016,69.11103003769914,True,6,99,6:99
20260928T201229,296120.65792,69.11103003769914,True,7,67,7:67
20260928T201229,294780.540416,69.11103003769914,True,7,68,7:68
20260928T201229,294854.315776,69.11103003769914,True,8,95,8:95
20260928T201229,300011.266304,69.11103003769914,False,11,68,11:68
20260928T201229,294692.460032,69.11103003769914,True,13,94,13:94
20260928T201229,296243.254784,69.11103003769914,True,14,82,14:82
20260928T201229,296099.68128,69.11103003769914,True,15,94,15:94
20260928T201229,294543.109632,69.11103003769914,True,15,96,15:96
20260928T201229,295952.943104,69.11103003769914,True,16,73,16:73
20260928T201229,296329.527808,69.11103003769914,True,18,90,18:90
20260928T201229,296257.288192,69.11103003769914,True,20,84,20:84
20260928T201229,300052.791552,69.11103003769914,False,27,76,27:76
20260928T201229,294480.327424,69.11103003769914,True,29,93,29:93
20260928T201229,295737.759488,69.11103003769914,True,30,87,30:87
20260928T201229,295759.515136,69.11103003769914,True,31,75,31:75
20260928T201229,295992.485376,69.11103003769914,True,32,92,32:92
20260928T201229,295161.931008,69.11103003769914,True,33,76,33:76
20260928T201229,294926.37824,69.11103003769914,True,34,68,34:68
20260928T201229,295963.171328,69.11103003769914,True,35,79,35:79
20260928T201229,296068.70144,69.11103003769914,True,41,74,41:74
20260928T201229,300044.371712,69.11103003769914,False,42,74,42:74
20260928T201229,295897.211904,69.11103003769914,True,43,67,43:67
20260928T201229,294529.473024,69.11103003769914,True,43,69,43:69
20260928T201229,300015.141376,69.11103003769914,False,45,94,45:94
20260928T201229,295735.971584,69.11103003769914,True,46,92,46:92
20260928T201229,294959.042304,69.11103003769914,True,49,75,49:75
20260928T201229,294170.105856,69.11103003769914,True,50,84,50:84
20260928T201229,296117.41568,69.11103003769914,True,56,98,56:98
20260928T201229,294550.80192,69.11103003769914,True,57,70,57:70
20260928T201229,300064.063488,69.11103003769914,False,60,69,60:69
20260928T201229,294127.190016,69.11103003769914,True,60,74,60:74
20260928T201229,295586.115584,69.11103003769914,True,61,94,61:94
20260928T201230,296678.441472,69.11103003769914,True,2,82,2:82
20260928T201230,295098.306304,69.11103003769914,True,3,88,3:88
20260928T201230,296349.138432,69.11103003769914,True,5,73,5:73
20260928T201230,295608.552704,69.11103003769914,True,9,69,9:69
20260928T201230,296556.84608,69.11103003769914,True,12,70,12:70
20260928T201230,297016.436992,69.11103003769914,True,13,92,13:92
20260928T201230,297360.382464,69.11103003769914,True,17,75,17:75
20260928T201230,296600.644608,69.11103003769914,True,17,76,17:76
20260928T201230,295175.82336,69.11103003769914,True,20,87,20:87
20260928T201230,295119.637504,69.11103003769914,True,21,70,21:70
20260928T201230,296739.973376,69.11103003769914,True,26,76,26:76
20260928T201230,295784.065536,69.11103003769914,True,26,77,26:77
20260928T201230,296835.836672,69.11103003769914,True,28,90,28:90
20260928T201230,294994.2912,69.11103003769914,True,28,92,28:92
20260928T201230,297241.855488,69.11103003769914,True,33,75,33:75
20260928T201230,300019.136512,69.11103003769914,False,34,64,34:64
20260928T201230,294828.02432,69.11103003769914,True,36,90,36:90
20260928T201230,295732.25216,69.11103003769914,True,37,100,37:100
20260928T201230,297658.186752,69.11103003769914,True,39,81,39:81
20260928T201230,295837.239296,69.11103003769914,True,41,75,41:75
20260928T201230,296511.227136,69.11103003769914,True,47,68,47:68
20260928T201230,295987.300864,69.11103003769914,True,47,69,47:69
20260928T201230,300037.158912,69.11103003769914,False,51,85,51:85
20260928T201230,297210.971392,69.11103003769914,True,51,88,51:88
20260928T201230,296155.660288,69.11103003769914,True,56,100,56:100
20260928T201230,296364.483584,69.11103003769914,True,57,69,57:69
20260928T201230,295761.18144,69.11103003769914,True,59,95,59:95
20260928T201231,295528.063488,69.11103003769914,True,0,84,0:84
20260928T201231,298402.630144,69.11103003769914,True,3,86,3:86
20260928T201231,300192.785408,69.11103003769914,False,4,94,4:94
20260928T201231,296280.762112,69.11103003769914,True,13,95,13:95
20260928T201231,296977.059072,69.11103003769914,True,15,95,15:95
20260928T201231,300092.407296,69.11103003769914,False,16,71,16:71
20260928T201231,296820.461824,69.11103003769914,True,16,74,16:74
20260928T201231,296511.434496,69.11103003769914,True,16,75,16:75
20260928T201231,300121.943552,69.11103003769914,False,17,73,17:73
20260928T201231,296660.298496,69.11103003769914,True,18,92,18:92
20260928T201231,297736.595968,69.11103003769914,True,20,85,20:85
20260928T201231,295942.726144,69.11103003769914,True,22,75,22:75
20260928T201231,300051.791104,69.11103003769914,False,23,80,23:80
20260928T201231,300006.8736,69.11103003769914,False,30,85,30:85
20260928T201231,297476.110592,69.11103003769914,True,31,76,31:76
20260928T201231,296641.451008,69.11103003769914,True,31,77,31:77
20260928T201231,296548.857088,69.11103003769914,True,32,94,32:94
20260928T201231,295974.304256,69.11103003769914,True,32,95,32:95
20260928T201231,296760.618752,69.11103003769914,True,35,81,35:81
20260928T201231,297118.747648,69.11103003769914,True,39,83,39:83
20260928T201231,296294.426624,69.11103003769914,True,40,85,40:85
20260928T201231,297441.233408,69.11103003769914,True,42,79,42:79
20260928T201231,300024.956672,69.11103003769914,False,43,66,43:66
20260928T201231,297742.727424,69.11103003769914,True,43,68,43:68
20260928T201231,296213.302016,69.11103003769914,True,53,95,53:95
20260928T201231,296685.142272,69.11103003769914,True,54,82,54:82
20260928T201231,298212.867584,69.11103003769914,True,55,69,55:69
20260928T201231,296024.571392,69.11103003769914,True,55,70,55:70
20260928T201231,295728.125952,69.11103003769914,True,55,71,55:71
20260928T201231,297449.037312,69.11103003769914,True,58,80,58:80
20260928T201231,295724.321536,69.11103003769914,True,59,97,59:97
20260928T201231,300070.51776,69.11103003769914,False,62,65,62:65
20260928T201231,300073.335552,69.11103003769914,False,63,82,63:82
20260928T201231,296534.618112,69.11103003769914,True,63,86,63:86
20260928T201232,298861.82528,69.11103003769914,True,1,81,1:81
20260928T201232,300062.821632,69.11103003769914,False,7,66,7:66
20260928T201232,296770.938624,69.11103003769914,True,7,69,7:69
20260928T201232,297288.649216,69.11103003769914,True,8,97,8:97
20260928T201232,298240.841216,69.11103003769914,True,10,96,10:96
20260928T201232,297888.493568,69.11103003769914,True,10,97,10:97
20260928T201232,297295.92576,69.11103003769914,True,12,72,12:72
20260928T201232,297818.19136,69.11103003769914,True,17,77,17:77
20260928T201232,298469.513728,69.11103003769914,True,18,91,18:91
20260928T201232,298352.964864,69.11103003769914,True,22,74,22:74
20260928T201232,298315.847168,69.11103003769914,True,25,95,25:95
20260928T201232,297460.164096,69.11103003769914,True,27,82,27:82
20260928T201232,297890.369024,69.11103003769914,True,30,88,30:88
20260928T201232,298966.607872,69.11103003769914,True,32,93,32:93
20260928T201232,296141.903616,69.11103003769914,True,33,78,33:78
20260928T201232,296429.26464,69.11103003769914,True,34,69,34:69
20260928T201232,298878.645248,69.11103003769914,True,35,80,35:80
20260928T201232,298552.81792,69.11103003769914,True,36,89,36:89
20260928T201232,298548.90112,69.11103003769914,True,37,99,37:99
20260928T201232,298445.50144,69.11103003769914,True,38,77,38:77
20260928T201232,296529.168896,69.11103003769914,True,39,85,39:85
20260928T201232,297288.937216,69.11103003769914,True,40,84,40:84
20260928T201232,296254.624512,69.11103003769914,True,42,81,42:81
20260928T201232,297043.191808,69.11103003769914,True,44,94,44:94
20260928T201232,298436.974336,69.11103003769914,True,48,70,48:70
20260928T201232,298833.222656,69.11103003769914,True,51,89,51:89
20260928T201232,297791.275264,69.11103003769914,True,51,90,51:90
20260928T201232,300008.992,69.11103003769914,False,59,93,59:93
20260928T201233,300064.004352,69.11103003769914,False,0,81,0:81
20260928T201233,298168.932608,69.11103003769914,True,4,100,4:100
20260928T201233,300054.110464,69.11103003769914,False,8,94,8:94
20260928T201233,300039.104768,69.11103003769914,False,11,72,11:72
20260928T201233,297219.44832,69.11103003769914,True,11,75,11:75
20260928T201233,299206.919168,69.11103003769914,True,12,71,12:71
20260928T201233,297631.082752,69.11103003769914,True,15,97,15:97
20260928T201233,296469.778432,69.11103003769914,True,19,72,19:72
20260928T201233,297377.15456,69.11103003769914,True,21,71,21:71
20260928T201233,298702.02496,69.11103003769914,True,24,100,24:100
20260928T201233,297986.70592,69.11103003769914,True,25,97,25:97
20260928T201233,299584.953088,69.11103003769914,True,28,91,28:91
20260928T201233,298328.734464,69.11103003769914,True,30,89,30:89
20260928T201233,300064.4544,69.11103003769914,False,41,73,41:73
20260928T201233,298053.310976,69.11103003769914,True,42,80,42:80
20260928T201233,300120.668672,69.11103003769914,False,45,98,45:98
20260928T201233,298502.134528,69.11103003769914,True,45,101,45:101
20260928T201233,297101.65376,69.11103003769914,True,45,102,45:102
20260928T201233,300075.768832,69.11103003769914,False,46,91,46:91
20260928T201233,298407.505664,69.11103003769914,True,46,93,46:93
20260928T201233,297743.484928,69.11103003769914,True,46,95,46:95
20260928T201233,298960.374528,69.11103003769914,True,48,71,48:71
20260928T201233,298219.250176,69.11103003769914,True,49,76,49:76
20260928T201233,300120.767232,69.11103003769914,False,50,82,50:82
20260928T201233,297827.337728,69.11103003769914,True,52,93,52:93
20260928T201233,298837.413888,69.11103003769914,True,53,94,53:94
20260928T201233,297567.793664,69.11103003769914,True,57,71,57:71
20260928T201233,300055.74528,69.11103003769914,False,63,84,63:84
20260928T201233,297364.465408,69.11103003769914,True,63,87,63:87
20260928T201234,299767.365888,69.11103003769914,True,0,83,0:83
20260928T201234,300060.0512,69.11103003769914,False,1,82,1:82
20260928T201234,298000.937728,69.11103003769914,True,1,84,1:84
20260928T201234,299822.05696,69.11103003769914,True,2,83,2:83
20260928T201234,300055.522304,69.11103003769914,False,3,87,3:87
20260928T201234,300020.208384,69.11103003769914,False,4,99,4:99
20260928T201234,299525.176832,69.11103003769914,True,6,100,6:100
20260928T201234,298513.34656,69.11103003769914,True,6,101,6:101
20260928T201234,300004.387072,69.11103003769914,False,13,93,13:93
20260928T201234,297510.735616,69.11103003769914,True,15,98,15:98
20260928T201234,298345.059584,69.11103003769914,True,17,78,17:78
20260928T201234,299318.05952,69.11103003769914,True,18,93,18:93
20260928T201234,298603.520512,69.11103003769914,True,18,94,18:94
20260928T201234,300089.434112,69.11103003769914,False,19,70,19:70
20260928T201234,298563.475712,69.11103003769914,True,19,71,19:71
20260928T201234,297590.65088,69.11103003769914,True,20,88,20:88
20260928T201234,298532.626432,69.11103003769914,True,24,102,24:102
20260928T201234,300085.434624,69.11103003769914,False,25,96,25:96
20260928T201234,298787.807488,69.11103003769914,True,26,78,26:78
20260928T201234,298719.250176,69.11103003769914,True,29,94,29:94
20260928T201234,298130.915328,69.11103003769914,True,30,90,30:90
20260928T201234,298329.448448,69.11103003769914,True,31,78,31:78
20260928T201234,298033.64864,69.11103003769914,True,32,96,32:96
20260928T201234,297697.60128,69.11103003769914,True,32,97,32:97
20260928T201234,299309.050112,69.11103003769914,True,33,77,33:77
20260928T201234,298161.424128,69.11103003769914,True,38,79,38:79
20260928T201234,298730.594048,69.11103003769914,True,41,76,41:76
20260928T201234,297946.484224,69.11103003769914,True,43,70,43:70
20260928T201234,300039.590912,69.11103003769914,False,45,100,45:100
20260928T201234,298518.81984,69.11103003769914,True,48,72,48:72
20260928T201234,300016.14848,69.11103003769914,False,50,83,50:83
20260928T201234,300062.781952,69.11103003769914,False,52,92,52:92
20260928T201234,297648.472064,69.11103003769914,True,55,72,55:72
20260928T201234,300029.519616,69.11103003769914,False,56,99,56:99
20260928T201234,299686.029056,69.11103003769914,True,59,96,59:96
20260928T201234,298646.94272,69.11103003769914,True,60,75,60:75
20260928T201234,300028.2496,69.11103003769914,False,61,95,61:95
20260928T201234,299203.469824,69.11103003769914,True,61,96,61:96
20260928T201234,300082.906368,69.11103003769914,False,62,68,62:68
20260928T201234,298828.57728,69.11103003769914,True,62,69,62:69
20260928T201235,300034.188288,69.11103003769914,False,1,83,1:83
20260928T201235,299528.731648,69.11103003769914,True,2,84,2:84
20260928T201235,299051.60704,69.11103003769914,True,4,101,4:101
20260928T201235,300077.417984,69.11103003769914,False,5,74,5:74
20260928T201235,298314.704384,69.11103003769914,True,7,70,7:70
20260928T201235,300050.015232,69.11103003769914,False,8,96,8:96
20260928T201235,299768.927744,69.11103003769914,True,9,70,9:70
20260928T201235,300038.825216,69.11103003769914,False,10,98,10:98
20260928T201235,298276.986368,69.11103003769914,True,10,99,10:99
20260928T201235,300071.169024,69.11103003769914,False,11,74,11:74
20260928T201235,298334.557184,69.11103003769914,True,11,76,11:76
20260928T201235,300060.06528,69.11103003769914,False,14,84,14:84
20260928T201235,298058.42176,69.11103003769914,True,14,86,14:86
20260928T201235,299905.184256,69.11103003769914,True,20,86,20:86
20260928T201235,300042.782208,69.11103003769914,False,23,84,23:84
20260928T201235,298566.530048,69.11103003769914,True,23,86,23:86
20260928T201235,300090.469376,69.11103003769914,False,24,101,24:101
20260928T201235,299515.519232,69.11103003769914,True,26,79,26:79
20260928T201235,299548.660224,69.11103003769914,True,27,83,27:83
20260928T201235,299587.787264,69.11103003769914,True,28,93,28:93
20260928T201235,300060.722944,69.11103003769914,False,37,101,37:101
20260928T201235,300017.512448,69.11103003769914,False,39,84,39:84
20260928T201235,300052.348672,69.11103003769914,False,44,95,44:95
20260928T201235,300078.098944,69.11103003769914,False,46,94,46:94
20260928T201235,300051.057408,69.11103003769914,False,47,70,47:70
20260928T201235,298285.394176,69.11103003769914,True,47,71,47:71
20260928T201235,299627.446528,69.11103003769914,True,49,77,49:77
20260928T201235,298598.536192,69.11103003769914,True,49,78,49:78
20260928T201235,300018.665472,69.11103003769914,False,51,91,51:91
20260928T201235,298715.3408,69.11103003769914,True,53,97,53:97
20260928T201235,297809.620736,69.11103003769914,True,53,98,53:98
20260928T201235,300040.32256,69.11103003769914,False,54,83,54:83
20260928T201235,300021.799168,69.11103003769914,False,56,101,56:101
20260928T201235,300066.887168,69.11103003769914,False,58,81,58:81
20260928T201235,299481.704704,69.11103003769914,True,61,97,61:97
20260928T201236,300021.32992,69.11103003769914,False,0,85,0:85
20260928T201236,299085.390336,69.11103003769914,True,0,86,0:86
20260928T201236,299744.714496,69.11103003769914,True,2,85,2:85
20260928T201236,300077.669376,69.11103003769914,False,3,89,3:89
20260928T201236,299041.194752,69.11103003769914,True,4,102,4:102
20260928T201236,299003.667712,69.11103003769914,True,4,103,4:103
20260928T201236,300042.13888,69.11103003769914,False,5,75,5:75
20260928T201236,300015.816704,69.11103003769914,False,8,98,8:98
20260928T201236,300053.473024,69.11103003769914,False,8,99,8:99
20260928T201236,300039.26784,69.11103003769914,False,12,73,12:73
20260928T201236,300035.342592,69.11103003769914,False,13,96,13:96
20260928T201236,298863.25248,69.11103003769914,True,13,97,13:97
20260928T201236,300052.83968,69.11103003769914,False,14,85,14:85
20260928T201236,300053.18144,69.11103003769914,False,16,76,16:76
20260928T201236,298371.651584,69.11103003769914,True,18,96,18:96
20260928T201236,298953.330432,69.11103003769914,True,20,89,20:89
20260928T201236,300048.809472,69.11103003769914,False,22,76,22:76
20260928T201236,300110.12352,69.11103003769914,False,23,85,23:85
20260928T201236,300073.353984,69.11103003769914,False,25,98,25:98
20260928T201236,300043.26912,69.11103003769914,False,29,95,29:95
20260928T201236,299112.146176,69.11103003769914,True,31,79,31:79
20260928T201236,298848.109056,69.11103003769914,True,31,80,31:80
20260928T201236,299856.057088,69.11103003769914,True,34,70,34:70
20260928T201236,300100.102144,69.11103003769914,False,35,82,35:82
20260928T201236,298729.086976,69.11103003769914,True,35,83,35:83
20260928T201236,300020.69504,69.11103003769914,False,36,91,36:91
20260928T201236,300066.127104,69.11103003769914,False,37,102,37:102
20260928T201236,300078.833152,69.11103003769914,False,38,80,38:80
20260928T201236,299771.244032,69.11103003769914,True,40,86,40:86
20260928T201236,300010.51136,69.11103003769914,False,41,77,41:77
20260928T201236,300009.85984,69.11103003769914,False,43,71,43:71
20260928T201236,300070.18112,69.11103003769914,False,44,96,44:96
20260928T201236,299588.518912,69.11103003769914,True,46,96,46:96
20260928T201236,299231.419136,69.11103003769914,True,46,97,46:97
20260928T201236,300015.635712,69.11103003769914,False,48,73,48:73
20260928T201236,300015.829248,69.11103003769914,False,50,85,50:85
20260928T201236,300016.29952,69.11103003769914,False,51,92,51:92
20260928T201236,300060.197632,69.11103003769914,False,52,94,52:94
20260928T201236,300024.59008,69.11103003769914,False,53,96,53:96
20260928T201236,300014.55616,69.11103003769914,False,54,84,54:84
20260928T201236,300016.199168,69.11103003769914,False,56,102,56:102
20260928T201236,299752.82816,69.11103003769914,True,56,103,56:103
20260928T201236,299064.2432,69.11103003769914,True,56,104,56:104
20260928T201236,300051.501056,69.11103003769914,False,58,82,58:82
20260928T201236,300008.28928,69.11103003769914,False,59,98,59:98
20260928T201236,300072.41856,69.11103003769914,False,60,76,60:76
20260928T201236,300053.521664,69.11103003769914,False,61,98,61:98
20260928T201236,300029.3696,69.11103003769914,False,63,88,63:88
20260928T201237,300039.241216,69.11103003769914,False,1,85,1:85
20260928T201237,298942.463232,69.11103003769914,True,1,86,1:86
20260928T201237,300088.868864,69.11103003769914,False,2,86,2:86
20260928T201237,300025.170432,69.11103003769914,False,3,90,3:90
20260928T201237,299031.187456,69.11103003769914,True,3,91,3:91
20260928T201237,300072.725248,69.11103003769914,True,5,76,5:76
20260928T201237,299353.773312,69.11103003769914,True,5,77,5:77
20260928T201237,299029.704448,69.11103003769914,True,5,78,5:78
20260928T201237,300007.156736,69.11103003769914,False,6,102,6:102
20260928T201237,300047.862272,69.11103003769914,False,8,100,8:100
20260928T201237,300052.07808,69.11103003769914,False,9,71,9:71
20260928T201237,300038.84288,69.11103003769914,False,10,100,10:100
20260928T201237,300024.41216,69.11103003769914,False,12,74,12:74
20260928T201237,300081.94688,69.11103003769914,False,15,99,15:99
20260928T201237,300034.459136,69.11103003769914,False,16,77,16:77
20260928T201237,300015.638016,69.11103003769914,False,17,79,17:79
20260928T201237,300088.31488,69.11103003769914,False,18,95,18:95
20260928T201237,300050.769664,69.11103003769914,False,21,72,21:72
20260928T201237,300065.02144,69.11103003769914,False,22,77,22:77
20260928T201237,300078.14016,69.11103003769914,False,24,103,24:103
20260928T201237,300074.936832,69.11103003769914,False,24,104,24:104
20260928T201237,300018.395392,69.11103003769914,False,25,99,25:99
20260928T201237,300015.487488,69.11103003769914,False,26,80,26:80
20260928T201237,300068.732416,69.11103003769914,False,27,84,27:84
20260928T201237,300030.435072,69.11103003769914,False,28,94,28:94
20260928T201237,300021.235712,69.11103003769914,False,28,95,28:95
20260928T201237,300046.309376,69.11103003769914,False,29,96,29:96
20260928T201237,299142.923008,69.11103003769914,True,29,97,29:97
20260928T201237,300007.90528,69.11103003769914,False,30,91,30:91
20260928T201237,300009.646336,69.11103003769914,False,30,92,30:92
20260928T201237,300022.316288,69.11103003769914,False,32,98,32:98
20260928T201237,298687.840256,69.11103003769914,True,32,99,32:99
20260928T201237,300085.745408,69.11103003769914,False,33,79,33:79
20260928T201237,300089.172736,69.11103003769914,False,36,92,36:92
20260928T201237,300032.185344,69.11103003769914,False,37,103,37:103
20260928T201237,300020.975616,69.11103003769914,False,38,81,38:81
20260928T201237,300090.048,69.11103003769914,False,39,86,39:86
20260928T201237,300031.687936,69.11103003769914,False,40,87,40:87
20260928T201237,300069.81376,69.11103003769914,False,42,82,42:82
20260928T201237,300023.414016,69.11103003769914,False,44,97,44:97
20260928T201237,300081.382144,69.11103003769914,False,45,103,45:103
20260928T201237,300066.079232,69.11103003769914,False,45,104,45:104
20260928T201237,300086.661632,69.11103003769914,False,49,79,49:79
20260928T201237,300058.543616,69.11103003769914,False,50,86,50:86
20260928T201237,298696.854528,69.11103003769914,True,50,88,50:88
20260928T201237,300027.577344,69.11103003769914,False,51,93,51:93
20260928T201237,300030.809344,69.11103003769914,False,52,95,52:95
20260928T201237,299244.678656,69.11103003769914,True,52,96,52:96
20260928T201237,300034.562304,69.11103003769914,False,54,85,54:85
20260928T201237,299389.000192,69.11103003769914,True,57,72,57:72
20260928T201237,300072.058368,69.11103003769914,False,58,83,58:83
20260928T201237,300053.647616,69.11103003769914,False,58,84,58:84
20260928T201237,300039.196928,69.11103003769914,False,59,99,59:99
20260928T201237,299383.526144,69.11103003769914,True,59,100,59:100
20260928T201237,300076.550656,69.11103003769914,False,61,99,61:99
20260928T201237,300090.042112,69.11103003769914,False,62,70,62:70
20260928T201237,300051.756544,69.11103003769914,False,63,89,63:89
20260928T201238,300023.19616,69.11103003769914,False,0,87,0:87
20260928T201238,300083.652608,69.11103003769914,False,1,87,1:87
20260928T201238,300059.249152,69.11103003769914,False,2,87,2:87
20260928T201238,300019.979008,69.11103003769914,False,4,104,4:104
20260928T201238,300032.836352,69.11103003769914,False,6,103,6:103
20260928T201238,300083.300608,69.11103003769914,False,7,71,7:71
20260928T201238,300077.502208,69.11103003769914,False,8,101,8:101
20260928T201238,300073.111808,69.11103003769914,False,9,72,9:72
20260928T201238,300080.909312,69.11103003769914,False,10,101,10:101
20260928T201238,300040.773376,69.11103003769914,False,10,102,10:102
20260928T201238,300051.085824,69.11103003769914,False,11,77,11:77
20260928T201238,300087.911936,69.11103003769914,False,12,75,12:75
20260928T201238,300041.84832,69.11103003769914,False,13,98,13:98
20260928T201238,300016.467968,69.11103003769914,False,13,99,13:99
20260928T201238,300058.2272,69.11103003769914,False,14,87,14:87
20260928T201238,300090.294016,69.11103003769914,False,15,100,15:100
20260928T201238,300062.784768,69.11103003769914,False,16,78,16:78
20260928T201238,300040.429056,69.11103003769914,False,16,79,16:79
20260928T201238,300101.175552,69.11103003769914,False,17,80,17:80
20260928T201238,299642.863104,69.11103003769914,True,17,81,17:81
20260928T201238,300034.216704,69.11103003769914,False,18,97,18:97
20260928T201238,298869.872128,69.11103003769914,True,18,98,18:98
20260928T201238,300082.43328,69.11103003769914,False,19,73,19:73
20260928T201238,300042.712064,69.11103003769914,False,20,90,20:90
20260928T201238,300050.171392,69.11103003769914,False,22,78,22:78
20260928T201238,299997.3056,69.11103003769914,True,23,87,23:87
20260928T201238,300041.365504,69.11103003769914,False,24,105,24:105
20260928T201238,299783.341568,69.11103003769914,True,25,100,25:100
20260928T201238,300069.162752,69.11103003769914,False,26,81,26:81
20260928T201238,300043.857664,69.11103003769914,False,27,85,27:85
20260928T201238,300033.897216,69.11103003769914,False,28,96,28:96
20260928T201238,300017.378048,69.11103003769914,False,30,93,30:93
20260928T201238,300041.193472,69.11103003769914,False,33,80,33:80
20260928T201238,300019.38176,69.11103003769914,False,34,71,34:71
20260928T201238,300028.795904,69.11103003769914,False,35,84,35:84
20260928T201238,300074.732032,69.11103003769914,False,36,93,36:93
20260928T201238,300045.165824,69.11103003769914,False,37,104,37:104
20260928T201238,300018.073088,69.11103003769914,False,37,105,37:105
20260928T201238,299309.110272,69.11103003769914,True,37,106,37:106
20260928T201238,300030.210816,69.11103003769914,False,38,82,38:82
20260928T201238,299176.916992,69.11103003769914,True,38,83,38:83
20260928T201238,300061.841408,69.11103003769914,False,39,87,39:87
20260928T201238,300075.916288,69.11103003769914,False,40,88,40:88
20260928T201238,299247.514624,69.11103003769914,True,40,89,40:89
20260928T201238,300081.855232,69.11103003769914,False,41,78,41:78
20260928T201238,300011.779072,69.11103003769914,False,42,83,42:83
20260928T201238,300049.023232,69.11103003769914,False,43,72,43:72
20260928T201238,300097.600256,69.11103003769914,False,44,98,44:98
20260928T201238,300033.666048,69.11103003769914,False,45,105,45:105
20260928T201238,300102.0224,69.11103003769914,False,46,98,46:98
20260928T201238,300007.475968,69.11103003769914,False,47,72,47:72
20260928T201238,300008.1088,69.11103003769914,False,48,74,48:74
20260928T201238,299929.227264,69.11103003769914,True,49,80,49:80
20260928T201238,300103.179264,69.11103003769914,False,50,87,50:87
20260928T201238,300063.239424,69.11103003769914,False,51,94,51:94
20260928T201238,300039.610112,69.11103003769914,False,54,86,54:86
20260928T201238,300030.905856,69.11103003769914,False,55,73,55:73
20260928T201238,300105.688064,69.11103003769914,False,56,105,56:105
20260928T201238,300085.310464,69.11103003769914,False,57,73,57:73
20260928T201238,300081.2288,69.11103003769914,False,58,85,58:85
20260928T201238,299538.161408,69.11103003769914,True,59,101,59:101
20260928T201238,300102.03392,69.11103003769914,False,60,77,60:77
20260928T201238,300091.295232,69.11103003769914,False,61,100,61:100
20260928T201238,300035.64928,69.11103003769914,False,62,71,62:71
20260928T201238,299248.317184,69.11103003769914,True,62,72,62:72
20260928T201238,300090.590976,69.11103003769914,False,63,90,63:90
20260928T201239,300066.103808,69.11103003769914,False,0,88,0:88
20260928T201239,300010.013184,69.11103003769914,True,2,88,2:88
20260928T201239,300020.467712,69.11103003769914,False,3,92,3:92
20260928T201239,300038.982912,69.11103003769914,False,4,105,4:105
20260928T201239,300062.317312,69.11103003769914,False,6,104,6:104
20260928T201239,299595.360512,69.11103003769914,True,7,72,7:72
20260928T201239,300042.210048,69.11103003769914,False,8,102,8:102
20260928T201239,299135.590912,69.11103003769914,True,8,104,8:104
20260928T201239,300057.185536,69.11103003769914,False,9,73,9:73
20260928T201239,300067.235072,69.11103003769914,False,10,103,10:103
20260928T201239,300067.856896,69.11103003769914,False,11,78,11:78
20260928T201239,300024.776448,69.11103003769914,False,12,76,12:76
20260928T201239,300043.600384,69.11103003769914,False,13,100,13:100
20260928T201239,300046.263552,69.11103003769914,False,14,88,14:88
20260928T201239,300019.284224,69.11103003769914,True,15,101,15:101
20260928T201239,300065.64352,69.11103003769914,False,15,102,15:102
20260928T201239,300087.40736,69.11103003769914,False,16,80,16:80
20260928T201239,298931.712256,69.11103003769914,True,17,82,17:82
20260928T201239,300055.378176,69.11103003769914,False,19,74,19:74
20260928T201239,300034.74432,69.11103003769914,False,20,91,20:91
20260928T201239,300046.752256,69.11103003769914,False,21,73,21:73
20260928T201239,300057.36064,69.11103003769914,False,22,79,22:79
20260928T201239,300063.265024,69.11103003769914,False,23,88,23:88
20260928T201239,300068.755712,69.11103003769914,False,24,106,24:106
20260928T201239,300033.901056,69.11103003769914,False,25,101,25:101
20260928T201239,299590.268672,69.11103003769914,True,25,102,25:102
20260928T201239,299754.2208,69.11103003769914,True,26,82,26:82
20260928T201239,300075.160832,69.11103003769914,False,27,86,27:86
20260928T201239,300092.4224,69.11103003769914,False,28,97,28:97
20260928T201239,300061.5232,69.11103003769914,False,29,98,29:98
20260928T201239,300021.015808,69.11103003769914,False,29,99,29:99
20260928T201239,300012.916736,69.11103003769914,False,30,94,30:94
20260928T201239,300044.781056,69.11103003769914,False,31,81,31:81
20260928T201239,300063.977984,69.11103003769914,False,32,100,32:100
20260928T201239,300070.78144,69.11103003769914,False,33,81,33:81
20260928T201239,300091.352832,69.11103003769914,False,34,72,34:72
20260928T201239,300036.155648,69.11103003769914,False,35,85,35:85
20260928T201239,300058.598656,69.11103003769914,False,36,94,36:94
20260928T201239,300063.462656,69.11103003769914,False,36,95,36:95
20260928T201239,300054.843392,69.11103003769914,False,39,88,39:88
20260928T201239,300011.182592,69.11103003769914,False,41,79,41:79
20260928T201239,300006.535424,69.11103003769914,False,42,84,42:84
20260928T201239,300032.254976,69.11103003769914,False,43,73,43:73
20260928T201239,300033.536,69.11103003769914,False,44,99,44:99
20260928T201239,300071.405568,69.11103003769914,False,45,106,45:106
20260928T201239,300042.2592,69.11103003769914,False,45,107,45:107
20260928T201239,299205.331712,69.11103003769914,True,45,108,45:108
20260928T201239,300078.410752,69.11103003769914,False,46,99,46:99
20260928T201239,300072.38656,69.11103003769914,False,47,73,47:73
20260928T201239,300076.741888,69.11103003769914,False,48,75,48:75
20260928T201239,300057.948672,69.11103003769914,False,49,81,49:81
20260928T201239,300064.556544,69.11103003769914,False,51,95,51:95
20260928T201239,299739.784448,69.11103003769914,True,51,96,51:96
20260928T201239,300054.76992,69.11103003769914,False,52,97,52:97
20260928T201239,300060.306688,69.11103003769914,False,52,98,52:98
20260928T201239,300068.27904,69.11103003769914,False,53,99,53:99
20260928T201239,300065.52064,69.11103003769914,False,54,87,54:87
20260928T201239,299548.224,69.11103003769914,True,55,74,55:74
20260928T201239,300072.5184,69.11103003769914,False,56,106,56:106
20260928T201239,300055.583744,69.11103003769914,False,57,74,57:74
20260928T201239,300024.683776,69.11103003769914,False,58,86,58:86
20260928T201239,300011.525888,69.11103003769914,False,59,102,59:102
20260928T201239,300064.461824,69.11103003769914,False,60,78,60:78
20260928T201239,300013.672704,69.11103003769914,False,61,101,61:101
20260928T201239,300018.496512,69.11103003769914,False,63,91,63:91
20260928T201240,300043.796736,69.11103003769914,False,0,89,0:89
20260928T201240,300085.264896,69.11103003769914,False,1,88,1:88
20260928T201240,300052.706304,69.11103003769914,False,2,89,2:89
20260928T201240,300075.26912,69.11103003769914,False,3,93,3:93
20260928T201240,300018.807296,69.11103003769914,False,4,106,4:106
20260928T201240,300069.56416,69.11103003769914,False,5,79,5:79
20260928T201240,300034.51008,69.11103003769914,False,6,105,6:105
20260928T201240,299984.13952,69.11103003769914,True,6,106,6:106
20260928T201240,300025.530368,69.11103003769914,False,7,73,7:73
20260928T201240,300032.567552,69.11103003769914,False,8,103,8:103
20260928T201240,300021.108736,69.11103003769914,False,9,74,9:74
20260928T201240,300081.354752,69.11103003769914,False,10,104,10:104
20260928T201240,300054.08896,69.11103003769914,False,11,79,11:79
20260928T201240,300017.747968,69.11103003769914,False,13,101,13:101
20260928T201240,300061.836032,69.11103003769914,False,14,89,14:89
20260928T201240,300026.79552,69.11103003769914,False,15,103,15:103
20260928T201240,300077.177856,69.11103003769914,False,16,81,16:81
20260928T201240,300064.174336,69.11103003769914,False,18,99,18:99
20260928T201240,300032.009984,69.11103003769914,False,19,75,19:75
20260928T201240,300082.49344,69.11103003769914,False,20,92,20:92
20260928T201240,300049.372928,69.11103003769914,False,21,74,21:74
20260928T201240,300041.765632,69.11103003769914,False,23,89,23:89
20260928T201240,300082.169344,69.11103003769914,False,24,107,24:107
20260928T201240,300037.42848,69.11103003769914,False,26,83,26:83
20260928T201240,300086.927872,69.11103003769914,False,27,87,27:87
20260928T201240,300082.158848,69.11103003769914,False,28,98,28:98
20260928T201240,300095.271936,69.11103003769914,False,29,100,29:100
20260928T201240,299922.185472,69.11103003769914,True,30,95,30:95
20260928T201240,300080.548608,69.11103003769914,False,31,82,31:82
20260928T201240,300072.84992,69.11103003769914,False,32,101,32:101
20260928T201240,300016.461824,69.11103003769914,False,33,82,33:82
20260928T201240,300064.818944,69.11103003769914,False,34,73,34:73
20260928T201240,300073.61664,69.11103003769914,False,35,86,35:86
20260928T201240,300041.494784,69.11103003769914,False,36,96,36:96
20260928T201240,300057.407488,69.11103003769914,False,37,107,37:107
20260928T201240,300009.94688,69.11103003769914,False,37,108,37:108
20260928T201240,300064.785408,69.11103003769914,False,38,84,38:84
20260928T201240,300038.553088,69.11103003769914,False,39,89,39:89
20260928T201240,300061.368064,69.11103003769914,False,39,90,39:90
20260928T201240,300012.247296,69.11103003769914,False,40,90,40:90
20260928T201240,300067.462912,69.11103003769914,False,41,80,41:80
20260928T201240,300061.859072,69.11103003769914,False,42,85,42:85
20260928T201240,300010.811648,69.11103003769914,False,43,74,43:74
20260928T201240,300049.56032,69.11103003769914,False,44,100,44:100
20260928T201240,300024.505088,69.11103003769914,False,46,100,46:100
20260928T201240,300064.384768,69.11103003769914,False,46,101,46:101
20260928T201240,300043.24096,69.11103003769914,False,47,74,47:74
20260928T201240,300022.002176,69.11103003769914,False,48,76,48:76
20260928T201240,300015.433728,69.11103003769914,False,49,82,49:82
20260928T201240,300087.415552,69.11103003769914,False,50,89,50:89
20260928T201240,300032.635136,69.11103003769914,False,51,97,51:97
20260928T201240,300032.402432,69.11103003769914,False,52,99,52:99
20260928T201240,300034.927616,69.11103003769914,False,53,100,53:100
20260928T201240,299328.913664,69.11103003769914,True,53,101,53:101
20260928T201240,300083.583488,69.11103003769914,False,54,88,54:88
20260928T201240,300020.436736,69.11103003769914,False,55,75,55:75
20260928T201240,300083.190272,69.11103003769914,False,56,107,56:107
20260928T201240,299483.416832,69.11103003769914,True,57,75,57:75
20260928T201240,300067.515136,69.11103003769914,False,58,87,58:87
20260928T201240,300066.254336,69.11103003769914,False,59,103,59:103
20260928T201240,300040.037632,69.11103003769914,False,60,79,60:79
20260928T201240,300009.926144,69.11103003769914,False,61,102,61:102
20260928T201240,300085.04576,69.11103003769914,False,62,73,62:73
20260928T201240,300030.669312,69.11103003769914,False,63,92,63:92
20260928T201241,300020.987392,69.11103003769914,False,0,90,0:90
20260928T201241,300561.713152,69.11103003769914,False,1,89,1:89
20260928T201241,300018.232832,69.11103003769914,False,2,90,2:90
20260928T201241,300028.188416,69.11103003769914,False,3,94,3:94
20260928T201241,300174.315264,69.11103003769914,True,4,107,4:107
20260928T201241,300038.604544,69.11103003769914,False,4,108,4:108
20260928T201241,300216.147968,69.11103003769914,False,5,80,5:80
20260928T201241,300018.679296,69.11103003769914,False,6,107,6:107
20260928T201241,299897.432576,69.11103003769914,True,7,74,7:74
20260928T201241,300054.544128,69.11103003769914,False,8,105,8:105
20260928T201241,299489.255936,69.11103003769914,True,8,106,8:106
20260928T201241,300024.446464,69.11103003769914,False,9,75,9:75
20260928T201241,300050.097152,69.11103003769914,False,10,105,10:105
20260928T201241,300483.63264,69.11103003769914,False,12,77,12:77
20260928T201241,300186.313472,69.11103003769914,False,13,102,13:102
20260928T201241,300066.489856,69.11103003769914,False,14,90,14:90
20260928T201241,300139.441152,69.11103003769914,False,15,104,15:104
20260928T201241,300007.795712,69.11103003769914,False,16,82,16:82
20260928T201241,300056.946944,69.11103003769914,False,17,83,17:83
20260928T201241,300398.528512,69.11103003769914,False,18,100,18:100
20260928T201241,300084.852736,69.11103003769914,False,19,76,19:76
20260928T201241,299134.52672,69.11103003769914,True,19,77,19:77
20260928T201241,300144.369408,69.11103003769914,False,20,93,20:93
20260928T201241,300056.146176,69.11103003769914,False,21,75,21:75
20260928T201241,300579.314176,69.11103003769914,False,22,80,22:80
20260928T201241,300094.196224,69.11103003769914,False,22,81,22:81
20260928T201241,300093.94688,69.11103003769914,False,23,90,23:90
20260928T201241,300493.652224,69.11103003769914,False,24,108,24:108
20260928T201241,300502.903296,69.11103003769914,False,25,103,25:103
20260928T201241,300069.314816,69.11103003769914,False,25,104,25:104
20260928T201241,300114.891264,69.11103003769914,False,26,84,26:84
20260928T201241,299856.232704,69.11103003769914,True,27,88,27:88
20260928T201241,300528.2176,69.11103003769914,False,28,99,28:99
20260928T201241,299399.775232,69.11103003769914,True,28,100,28:100
20260928T201241,300174.300416,69.11103003769914,False,29,101,29:101
20260928T201241,300559.716096,69.11103003769914,False,30,96,30:96
20260928T201241,299401.612544,69.11103003769914,True,30,97,30:97
20260928T201241,300027.318784,69.11103003769914,False,31,83,31:83
20260928T201241,300657.904896,69.11103003769914,False,32,102,32:102
20260928T201241,300061.085952,69.11103003769914,False,32,103,32:103
20260928T201241,300009.96224,69.11103003769914,False,33,83,33:83
20260928T201241,300527.89504,69.11103003769914,False,35,87,35:87
20260928T201241,300083.756544,69.11103003769914,False,35,88,35:88
20260928T201241,300062.047744,69.11103003769914,False,36,97,36:97
20260928T201241,300053.7472,69.11103003769914,False,37,109,37:109
20260928T201241,300080.921856,69.11103003769914,True,38,85,38:85
20260928T201241,300042.541312,69.11103003769914,False,39,91,39:91
20260928T201241,300218.69824,69.11103003769914,False,40,91,40:91
20260928T201241,300058.515712,69.11103003769914,False,41,81,41:81
20260928T201241,300034.3488,69.11103003769914,False,42,86,42:86
20260928T201241,300161.832704,69.11103003769914,False,43,75,43:75
20260928T201241,300503.5712,69.11103003769914,False,44,101,44:101
20260928T201241,300082.537984,69.11103003769914,False,44,102,44:102
20260928T201241,300435.399168,69.11103003769914,False,45,109,45:109
20260928T201241,300041.20448,69.11103003769914,False,45,110,45:110
20260928T201241,300031.410688,69.11103003769914,False,46,102,46:102
20260928T201241,299595.161088,69.11103003769914,True,46,103,46:103
20260928T201241,300337.5424,69.11103003769914,True,47,75,47:75
20260928T201241,300040.608256,69.11103003769914,False,47,76,47:76
20260928T201241,300022.84032,69.11103003769914,False,48,77,48:77
20260928T201241,300498.32192,69.11103003769914,False,49,83,49:83
20260928T201241,299285.466624,69.11103003769914,True,49,84,49:84
20260928T201241,300511.61728,69.11103003769914,False,50,90,50:90
20260928T201241,300078.718208,69.11103003769914,False,50,91,50:91
20260928T201241,300043.46112,69.11103003769914,False,51,98,51:98
20260928T201241,299458.690048,69.11103003769914,True,52,100,52:100
20260928T201241,300043.294976,69.11103003769914,False,53,102,53:102
20260928T201241,300479.991296,69.11103003769914,False,54,89,54:89
20260928T201241,299411.82208,69.11103003769914,True,54,90,54:90
20260928T201241,300091.421184,69.11103003769914,False,55,76,55:76
20260928T201241,300523.070976,69.11103003769914,False,56,108,56:108
20260928T201241,300028.79616,69.11103003769914,False,56,109,56:109
20260928T201241,300083.66848,69.11103003769914,False,57,76,57:76
20260928T201241,299335.689472,69.11103003769914,True,58,88,58:88
20260928T201241,300163.402496,69.11103003769914,False,59,104,59:104
20260928T201241,300278.929408,69.11103003769914,False,60,80,60:80
20260928T201241,300408.225536,69.11103003769914,False,61,103,61:103
20260928T201241,300076.3072,69.11103003769914,False,62,74,62:74
20260928T201241,300293.06112,69.11103003769914,False,63,93,63:93
20260928T201242,300057.185536,69.11103003769914,False,0,91,0:91
20260928T201242,300050.302464,69.11103003769914,False,1,90,1:90
20260928T201242,299503.744256,69.11103003769914,True,2,91,2:91
20260928T201242,300066.205696,69.11103003769914,False,3,95,3:95
20260928T201242,300105.331712,69.11103003769914,False,4,109,4:109
20260928T201242,299941.563136,69.11103003769914,True,5,81,5:81
20260928T201242,299823.963392,69.11103003769914,True,6,108,6:108
20260928T201242,300023.153664,69.11103003769914,False,7,75,7:75
20260928T201242,300084.404736,69.11103003769914,False,9,76,9:76
20260928T201242,300032.551424,69.11103003769914,False,10,106,10:106
20260928T201242,300048.784384,69.11103003769914,False,11,80,11:80
20260928T201242,300008.719104,69.11103003769914,False,12,78,12:78
20260928T201242,300019.903232,69.11103003769914,False,13,103,13:103
20260928T201242,300077.832448,69.11103003769914,False,13,104,13:104
20260928T201242,300042.844928,69.11103003769914,False,14,91,14:91
20260928T201242,299970.07232,69.11103003769914,True,15,105,15:105
20260928T201242,300027.747072,69.11103003769914,False,17,84,17:84
20260928T201242,299331.507968,69.11103003769914,True,17,85,17:85
20260928T201242,300076.777472,69.11103003769914,False,18,101,18:101
20260928T201242,300098.224384,69.11103003769914,False,20,94,20:94
20260928T201242,300014.369024,69.11103003769914,False,22,82,22:82
20260928T201242,300075.171328,69.11103003769914,False,23,91,23:91
20260928T201242,300060.559104,69.11103003769914,False,24,109,24:109
20260928T201242,300084.018176,69.11103003769914,False,24,110,24:110
20260928T201242,300040.441088,69.11103003769914,False,25,105,25:105
20260928T201242,300044.389632,69.11103003769914,False,26,85,26:85
20260928T201242,300076.788992,69.11103003769914,False,27,89,27:89
20260928T201242,300042.146304,69.11103003769914,False,28,101,28:101
20260928T201242,300067.562496,69.11103003769914,False,29,102,29:102
20260928T201242,300048.955392,69.11103003769914,False,31,84,31:84
20260928T201242,300058.574592,69.11103003769914,False,32,104,32:104
20260928T201242,300089.644544,69.11103003769914,False,33,84,33:84
20260928T201242,300073.557504,69.11103003769914,False,34,74,34:74
20260928T201242,300058.033664,69.11103003769914,False,36,98,36:98
20260928T201242,300014.309376,69.11103003769914,False,37,110,37:110
20260928T201242,299845.224192,69.11103003769914,True,38,86,38:86
20260928T201242,300062.195968,69.11103003769914,False,39,92,39:92
20260928T201242,300083.927808,69.11103003769914,False,40,92,40:92
20260928T201242,299834.385152,69.11103003769914,True,41,82,41:82
20260928T201242,300045.741312,69.11103003769914,False,43,76,43:76
20260928T201242,299649.969664,69.11103003769914,True,44,103,44:103
20260928T201242,300044.280576,69.11103003769914,False,45,111,45:111
20260928T201242,300039.95904,69.11103003769914,False,47,77,47:77
20260928T201242,300109.461504,69.11103003769914,True,48,78,48:78
20260928T201242,300090.755328,69.11103003769914,False,50,92,50:92
20260928T201242,300032.081408,69.11103003769914,False,51,99,51:99
20260928T201242,300043.891456,69.11103003769914,False,51,100,51:100
20260928T201242,299035.233024,69.11103003769914,True,51,101,51:101
20260928T201242,299583.064064,69.11103003769914,True,52,101,52:101
20260928T201242,300022.0096,69.11103003769914,False,53,103,53:103
20260928T201242,300034.424064,69.11103003769914,False,55,77,55:77
20260928T201242,300056.393472,69.11103003769914,False,56,110,56:110
20260928T201242,300055.533824,69.11103003769914,False,57,77,57:77
20260928T201242,299639.598592,69.11103003769914,True,58,89,58:89
20260928T201242,300051.489536,69.11103003769914,False,59,105,59:105
20260928T201242,300044.682752,69.11103003769914,False,60,81,60:81
20260928T201242,300057.664,69.11103003769914,False,61,104,61:104
20260928T201242,300066.951168,69.11103003769914,False,62,75,62:75
20260928T201242,300074.58176,69.11103003769914,False,63,94,63:94
20260928T201242,300027.304704,69.11103003769914,False,63,95,63:95
20260928T201243,300048.03712,69.11103003769914,False,0,92,0:92
20260928T201243,300065.283072,69.11103003769914,False,1,91,1:91
20260928T201243,299818.912256,69.11103003769914,True,1,92,1:92
20260928T201243,300025.138432,69.11103003769914,False,2,92,2:92
20260928T201243,300033.096448,69.11103003769914,False,3,96,3:96
20260928T201243,300018.692864,69.11103003769914,False,4,110,4:110
20260928T201243,300054.588672,69.11103003769914,False,5,82,5:82
20260928T201243,299757.101824,69.11103003769914,True,6,109,6:109
20260928T201243,299972.764672,69.11103003769914,True,8,107,8:107
20260928T201243,300039.802624,69.11103003769914,False,9,77,9:77
20260928T201243,300079.351296,69.11103003769914,False,10,107,10:107
20260928T201243,299053.960448,69.11103003769914,True,10,108,10:108
20260928T201243,300013.4592,69.11103003769914,False,11,81,11:81
20260928T201243,300047.20384,69.11103003769914,False,12,79,12:79
20260928T201243,300039.447808,69.11103003769914,False,13,105,13:105
20260928T201243,300087.523072,69.11103003769914,False,14,92,14:92
20260928T201243,300066.516224,69.11103003769914,False,15,106,15:106
20260928T201243,300031.110912,69.11103003769914,False,16,83,16:83
20260928T201243,300052.993024,69.11103003769914,False,18,102,18:102
20260928T201243,299883.935232,69.11103003769914,True,19,78,19:78
20260928T201243,300012.064768,69.11103003769914,False,20,95,20:95
20260928T201243,300055.687168,69.11103003769914,False,21,76,21:76
20260928T201243,300065.329152,69.11103003769914,False,23,92,23:92
20260928T201243,300024.246528,69.11103003769914,False,24,111,24:111
20260928T201243,299991.033088,69.11103003769914,True,25,106,25:106
20260928T201243,299679.896576,69.11103003769914,True,25,107,25:107
20260928T201243,300029.785856,69.11103003769914,False,26,86,26:86
20260928T201243,300085.750272,69.11103003769914,False,27,90,27:90
20260928T201243,300056.865024,69.11103003769914,False,28,102,28:102
20260928T201243,300072.856064,69.11103003769914,False,29,103,29:103
20260928T201243,300051.381504,69.11103003769914,False,30,98,30:98
20260928T201243,300052.267008,69.11103003769914,False,30,99,30:99
20260928T201243,300035.623168,69.11103003769914,False,32,105,32:105
20260928T201243,300009.993728,69.11103003769914,False,32,106,32:106
20260928T201243,300045.2224,69.11103003769914,False,33,85,33:85
20260928T201243,300046.106624,69.11103003769914,False,34,75,34:75
20260928T201243,300078.491904,69.11103003769914,False,35,89,35:89
20260928T201243,300033.54368,69.11103003769914,False,35,90,35:90
20260928T201243,300064.082944,69.11103003769914,False,36,99,36:99
20260928T201243,300077.08672,69.11103003769914,False,37,111,37:111
20260928T201243,300028.315392,69.11103003769914,False,38,87,38:87
20260928T201243,300020.02432,69.11103003769914,False,39,93,39:93
20260928T201243,300081.209856,69.11103003769914,False,40,93,40:93
20260928T201243,299161.40672,69.11103003769914,True,40,94,40:94
20260928T201243,300015.775232,69.11103003769914,False,42,87,42:87
20260928T201243,300087.930368,69.11103003769914,False,42,88,42:88
20260928T201243,300024.29056,69.11103003769914,False,43,77,43:77
20260928T201243,300087.152896,69.11103003769914,False,44,104,44:104
20260928T201243,300083.261184,69.11103003769914,False,45,112,45:112
20260928T201243,300038.859264,69.11103003769914,False,46,104,46:104
20260928T201243,300013.794048,69.11103003769914,False,47,78,47:78
20260928T201243,300055.662592,69.11103003769914,False,49,85,49:85
20260928T201243,300066.611712,69.11103003769914,False,50,93,50:93
20260928T201243,300025.505024,69.11103003769914,False,52,102,52:102
20260928T201243,300054.18752,69.11103003769914,False,53,104,53:104
20260928T201243,300049.865984,69.11103003769914,False,53,105,53:105
20260928T201243,300009.818624,69.11103003769914,False,54,91,54:91
20260928T201243,300073.603072,69.11103003769914,False,55,78,55:78
20260928T201243,300033.906432,69.11103003769914,False,56,111,56:111
20260928T201243,300026.765568,69.11103003769914,False,58,90,58:90
20260928T201243,300042.548736,69.11103003769914,False,59,106,59:106
20260928T201243,300062.547712,69.11103003769914,True,59,107,59:107
20260928T201243,300075.668224,69.11103003769914,False,60,82,60:82
20260928T201243,300026.12992,69.11103003769914,False,61,105,61:105
20260928T201243,300074.166784,69.11103003769914,False,61,106,61:106
20260928T201243,300070.95936,69.11103003769914,False,62,76,62:76
20260928T201243,300034.802944,69.11103003769914,False,63,96,63:96
20260928T201244,300095.299584,69.11103003769914,False,0,93,0:93
20260928T201244,300044.83072,69.11103003769914,False,2,93,2:93
20260928T201244,300087.412992,69.11103003769914,False,3,97,3:97
20260928T201244,300050.461696,69.11103003769914,False,4,111,4:111
20260928T201244,299466.56512,69.11103003769914,True,5,83,5:83
20260928T201244,300066.095104,69.11103003769914,False,6,110,6:110
20260928T201244,299972.250368,69.11103003769914,True,7,76,7:76
20260928T201244,300055.065856,69.11103003769914,True,8,108,8:108
20260928T201244,300047.068416,69.11103003769914,False,10,109,10:109
20260928T201244,299928.392448,69.11103003769914,True,11,82,11:82
20260928T201244,299555.976192,69.11103003769914,True,11,83,11:83
20260928T201244,300022.704896,69.11103003769914,False,12,80,12:80
20260928T201244,300085.35296,69.11103003769914,False,13,106,13:106
20260928T201244,300026.267648,69.11103003769914,False,14,93,14:93
20260928T201244,300072.83968,69.11103003769914,False,15,107,15:107
20260928T201244,299261.51808,69.11103003769914,True,15,108,15:108
20260928T201244,300035.649792,69.11103003769914,False,16,84,16:84
20260928T201244,300053.770496,69.11103003769914,False,17,86,17:86
20260928T201244,300040.002048,69.11103003769914,False,18,103,18:103
20260928T201244,299280.174336,69.11103003769914,True,19,79,19:79
20260928T201244,300084.685824,69.11103003769914,False,20,96,20:96
20260928T201244,300057.836032,69.11103003769914,False,21,77,21:77
20260928T201244,300031.0784,69.11103003769914,False,22,83,22:83
20260928T201244,300038.518016,69.11103003769914,False,23,93,23:93
20260928T201244,300067.756288,69.11103003769914,False,24,112,24:112
20260928T201244,300039.43296,69.11103003769914,False,25,108,25:108
20260928T201244,300075.698176,69.11103003769914,False,26,87,26:87
20260928T201244,300053.171456,69.11103003769914,False,27,91,27:91
20260928T201244,299587.551488,69.11103003769914,True,27,92,27:92
20260928T201244,300012.294656,69.11103003769914,False,28,103,28:103
20260928T201244,300080.168448,69.11103003769914,False,29,104,29:104
20260928T201244,300070.67136,69.11103003769914,False,29,105,29:105
20260928T201244,300010.313728,69.11103003769914,False,30,100,30:100
20260928T201244,300088.60416,69.11103003769914,False,31,85,31:85
20260928T201244,300044.412928,69.11103003769914,False,31,86,31:86
20260928T201244,300049.26976,69.11103003769914,False,32,107,32:107
20260928T201244,299433.243392,69.11103003769914,True,33,86,33:86
20260928T201244,300032.255488,69.11103003769914,False,34,76,34:76
20260928T201244,300021.399552,69.11103003769914,False,35,91,35:91
20260928T201244,300013.471744,69.11103003769914,False,36,100,36:100
20260928T201244,300039.903488,69.11103003769914,False,37,112,37:112
20260928T201244,300059.365376,69.11103003769914,False,38,88,38:88
20260928T201244,300068.507648,69.11103003769914,False,39,94,39:94
20260928T201244,300087.418624,69.11103003769914,False,41,83,41:83
20260928T201244,300067.18336,69.11103003769914,False,41,84,41:84
20260928T201244,300025.343488,69.11103003769914,False,42,89,42:89
20260928T201244,300034.485248,69.11103003769914,False,43,78,43:78
20260928T201244,300029.885696,69.11103003769914,False,44,105,44:105
20260928T201244,300036.95232,69.11103003769914,False,45,113,45:113
20260928T201244,300059.648512,69.11103003769914,False,46,105,46:105
20260928T201244,300090.422784,69.11103003769914,False,46,106,46:106
20260928T201244,300077.958656,69.11103003769914,False,47,79,47:79
20260928T201244,300057.843456,69.11103003769914,False,48,79,48:79
20260928T201244,300075.830784,69.11103003769914,False,49,86,49:86
20260928T201244,300045.67296,69.11103003769914,False,49,87,49:87
20260928T201244,300022.506752,69.11103003769914,False,50,94,50:94
20260928T201244,300027.458816,69.11103003769914,False,51,102,51:102
20260928T201244,300014.330112,69.11103003769914,False,52,103,52:103
20260928T201244,300022.038528,69.11103003769914,False,53,106,53:106
20260928T201244,300084.568064,69.11103003769914,False,54,92,54:92
20260928T201244,299460.689152,69.11103003769914,True,54,93,54:93
20260928T201244,300062.323456,69.11103003769914,False,56,112,56:112
20260928T201244,300062.487552,69.11103003769914,False,57,78,57:78
20260928T201244,300070.62656,69.11103003769914,False,58,91,58:91
20260928T201244,300080.206592,69.11103003769914,False,59,108,59:108
20260928T201244,300080.611328,69.11103003769914,False,60,83,60:83
20260928T201244,300029.125888,69.11103003769914,False,61,107,61:107
20260928T201244,300053.558272,69.11103003769914,False,62,77,62:77
20260928T201244,300095.155968,69.11103003769914,False,63,97,63:97
20260928T201245,300051.595264,69.11103003769914,False,1,93,1:93
20260928T201245,300066.666752,69.11103003769914,False,2,94,2:94
20260928T201245,300007.159296,69.11103003769914,False,2,95,2:95
20260928T201245,300044.012288,69.11103003769914,False,3,98,3:98
20260928T201245,300079.46496,69.11103003769914,False,4,112,4:112
20260928T201245,300044.51072,69.11103003769914,False,4,113,4:113
20260928T201245,300042.250752,69.11103003769914,False,5,84,5:84
20260928T201245,300058.48832,69.11103003769914,False,6,111,6:111
20260928T201245,300032.806656,69.11103003769914,False,7,77,7:77
20260928T201245,300056.157184,69.11103003769914,False,8,109,8:109
20260928T201245,300081.393408,69.11103003769914,False,9,78,9:78
20260928T201245,300080.856576,69.11103003769914,False,12,81,12:81
20260928T201245,300067.767296,69.11103003769914,False,13,107,13:107
20260928T201245,300034.576896,69.11103003769914,False,14,94,14:94
20260928T201245,300067.551744,69.11103003769914,False,15,109,15:109
20260928T201245,300081.958656,69.11103003769914,False,16,85,16:85
20260928T201245,300032.983808,69.11103003769914,False,17,87,17:87
20260928T201245,300059.863296,69.11103003769914,False,18,104,18:104
20260928T201245,300065.146112,69.11103003769914,False,18,105,18:105
20260928T201245,299845.115392,69.11103003769914,True,20,97,20:97
20260928T201245,299778.75712,69.11103003769914,True,20,98,20:98
20260928T201245,300055.313408,69.11103003769914,False,21,78,21:78
20260928T201245,300046.665216,69.11103003769914,False,22,84,22:84
20260928T201245,300081.585152,69.11103003769914,False,22,85,22:85
20260928T201245,300007.125248,69.11103003769914,False,23,94,23:94
20260928T201245,299491.414272,69.11103003769914,True,24,113,24:113
20260928T201245,300027.722496,69.11103003769914,False,25,109,25:109
20260928T201245,300098.413824,69.11103003769914,False,26,88,26:88
20260928T201245,300051.26656,69.11103003769914,False,28,104,28:104
20260928T201245,300051.483392,69.11103003769914,False,29,106,29:106
20260928T201245,300024.609792,69.11103003769914,False,30,101,30:101
20260928T201245,300077.086208,69.11103003769914,False,31,87,31:87
20260928T201245,300063.462912,69.11103003769914,False,32,108,32:108
20260928T201245,300022.41408,69.11103003769914,False,33,87,33:87
20260928T201245,299238.912512,69.11103003769914,True,34,77,34:77
20260928T201245,300032.254208,69.11103003769914,False,35,92,35:92
20260928T201245,300062.652416,69.11103003769914,False,36,101,36:101
20260928T201245,300084.368128,69.11103003769914,False,37,113,37:113
20260928T201245,300077.564416,69.11103003769914,False,39,95,39:95
20260928T201245,300014.632192,69.11103003769914,False,40,95,40:95
20260928T201245,300040.430848,69.11103003769914,False,43,79,43:79
20260928T201245,300039.141888,69.11103003769914,False,44,106,44:106
20260928T201245,300077.575936,69.11103003769914,False,44,107,44:107
20260928T201245,299973.791744,69.11103003769914,True,45,114,45:114
20260928T201245,300087.013888,69.11103003769914,False,45,115,45:115
20260928T201245,300070.587648,69.11103003769914,False,46,107,46:107
20260928T201245,300062.207744,69.11103003769914,False,48,80,48:80
20260928T201245,300030.002688,69.11103003769914,False,49,88,49:88
20260928T201245,300010.153472,69.11103003769914,False,50,95,50:95
20260928T201245,300018.6176,69.11103003769914,False,51,103,51:103
20260928T201245,300085.09568,69.11103003769914,False,52,104,52:104
20260928T201245,300008.455936,69.11103003769914,False,53,107,53:107
20260928T201245,300065.32352,69.11103003769914,False,54,94,54:94
20260928T201245,300038.104576,69.11103003769914,False,55,79,55:79
20260928T201245,300081.426176,69.11103003769914,False,56,113,56:113
20260928T201245,300087.934208,69.11103003769914,False,57,79,57:79
20260928T201245,300018.531584,69.11103003769914,False,57,80,57:80
20260928T201245,300058.364672,69.11103003769914,False,58,92,58:92
20260928T201245,300045.32608,69.11103003769914,False,59,109,59:109
20260928T201245,300015.901952,69.11103003769914,False,60,84,60:84
20260928T201245,300077.728768,69.11103003769914,False,61,108,61:108
20260928T201245,300102.651136,69.11103003769914,False,62,78,62:78
20260928T201245,300058.994688,69.11103003769914,False,63,98,63:98
20260928T201246,300018.257408,69.11103003769914,False,0,94,0:94
20260928T201246,300046.140672,69.11103003769914,False,0,95,0:95
20260928T201246,300052.464128,69.11103003769914,False,1,94,1:94
20260928T201246,300025.619968,69.11103003769914,False,2,96,2:96
20260928T201246,300067.858944,69.11103003769914,False,3,99,3:99
20260928T201246,299662.697984,69.11103003769914,True,3,100,3:100
20260928T201246,300030.292224,69.11103003769914,False,4,114,4:114
20260928T201246,299613.070336,69.11103003769914,True,5,85,5:85
20260928T201246,300061.870848,69.11103003769914,False,6,112,6:112
20260928T201246,300086.489088,69.11103003769914,False,7,78,7:78
20260928T201246,300065.167872,69.11103003769914,False,8,110,8:110
20260928T201246,300029.595392,69.11103003769914,False,8,111,8:111
20260928T201246,300068.986112,69.11103003769914,False,9,79,9:79
20260928T201246,300089.792512,69.11103003769914,False,10,110,10:110
20260928T201246,299873.04832,69.11103003769914,True,10,111,10:111
20260928T201246,300042.263296,69.11103003769914,False,11,84,11:84
20260928T201246,300077.353216,69.11103003769914,False,12,82,12:82
20260928T201246,300062.629376,69.11103003769914,False,13,108,13:108
20260928T201246,300011.236864,69.11103003769914,False,13,109,13:109
20260928T201246,300049.912832,69.11103003769914,False,14,95,14:95
20260928T201246,300087.17056,69.11103003769914,False,15,110,15:110
20260928T201246,300066.169088,69.11103003769914,False,16,86,16:86
20260928T201246,300081.970432,69.11103003769914,False,17,88,17:88
20260928T201246,300039.426048,69.11103003769914,False,18,106,18:106
20260928T201246,300090.582016,69.11103003769914,False,19,80,19:80
20260928T201246,300087.292672,69.11103003769914,False,21,79,21:79
20260928T201246,300032.885248,69.11103003769914,False,22,86,22:86
20260928T201246,300070.905856,69.11103003769914,False,23,95,23:95
20260928T201246,300010.362624,69.11103003769914,False,24,114,24:114
20260928T201246,300088.420864,69.11103003769914,False,25,110,25:110
20260928T201246,300056.14592,69.11103003769914,False,26,89,26:89
20260928T201246,300011.346944,69.11103003769914,False,27,93,27:93
20260928T201246,300074.157312,69.11103003769914,True,28,105,28:105
20260928T201246,300088.57216,69.11103003769914,False,29,107,29:107
20260928T201246,299726.684672,69.11103003769914,True,29,108,29:108
20260928T201246,299893.178368,69.11103003769914,True,30,102,30:102
20260928T201246,300066.7584,69.11103003769914,False,32,109,32:109
20260928T201246,300040.141824,69.11103003769914,False,33,88,33:88
20260928T201246,300050.41792,69.11103003769914,False,35,93,35:93
20260928T201246,300066.10816,69.11103003769914,False,36,102,36:102
20260928T201246,300085.612544,69.11103003769914,False,37,114,37:114
20260928T201246,300079.151104,69.11103003769914,False,38,89,38:89
20260928T201246,300010.412288,69.11103003769914,False,38,90,38:90
20260928T201246,300015.177984,69.11103003769914,False,39,96,39:96
20260928T201246,300019.45984,69.11103003769914,False,40,96,40:96
20260928T201246,299557.261312,69.11103003769914,True,40,97,40:97
20260928T201246,300069.257472,69.11103003769914,False,41,85,41:85
20260928T201246,300086.500608,69.11103003769914,False,42,90,42:90
20260928T201246,300069.495808,69.11103003769914,False,42,91,42:91
20260928T201246,300014.034176,69.11103003769914,False,44,108,44:108
20260928T201246,299313.201152,69.11103003769914,True,44,109,44:109
20260928T201246,300043.447552,69.11103003769914,False,45,116,45:116
20260928T201246,300056.46848,69.11103003769914,False,46,108,46:108
20260928T201246,300041.940992,69.11103003769914,False,47,80,47:80
20260928T201246,300016.49408,69.11103003769914,False,48,81,48:81
20260928T201246,299603.191552,69.11103003769914,True,49,89,49:89
20260928T201246,300068.608,69.11103003769914,False,50,96,50:96
20260928T201246,300085.183232,69.11103003769914,False,51,104,51:104
20260928T201246,300049.969664,69.11103003769914,False,52,105,52:105
20260928T201246,300065.882624,69.11103003769914,False,52,106,52:106
20260928T201246,300049.51296,69.11103003769914,False,53,108,53:108
20260928T201246,300070.998784,69.11103003769914,False,54,95,54:95
20260928T201246,299851.474176,69.11103003769914,True,55,80,55:80
20260928T201246,300019.00032,69.11103003769914,False,56,114,56:114
20260928T201246,300032.408832,69.11103003769914,False,58,93,58:93
20260928T201246,300065.444352,69.11103003769914,False,59,110,59:110
20260928T201246,300029.019136,69.11103003769914,False,59,111,59:111
20260928T201246,300045.559808,69.11103003769914,False,61,109,61:109
20260928T201246,300034.008576,69.11103003769914,False,62,79,62:79
20260928T201246,300074.066688,69.11103003769914,False,63,99,63:99
20260928T201247,300021.613568,69.11103003769914,False,0,96,0:96
20260928T201247,300102.40512,69.11103003769914,False,1,95,1:95
20260928T201247,300087.004672,69.11103003769914,False,2,97,2:97
20260928T201247,300078.298112,69.11103003769914,False,3,101,3:101
20260928T201247,299799.473408,69.11103003769914,True,4,115,4:115
20260928T201247,300081.529856,69.11103003769914,False,5,86,5:86
20260928T201247,300081.313536,69.11103003769914,False,6,113,6:113
20260928T201247,300014.499072,69.11103003769914,False,7,79,7:79
20260928T201247,300003.248896,69.11103003769914,False,8,112,8:112
20260928T201247,300035.1616,69.11103003769914,False,9,80,9:80
20260928T201247,299731.516416,69.11103003769914,True,10,112,10:112
20260928T201247,300027.499008,69.11103003769914,False,11,85,11:85
20260928T201247,300023.903488,69.11103003769914,False,12,83,12:83
20260928T201247,299525.187072,69.11103003769914,True,13,110,13:110
20260928T201247,300084.15488,69.11103003769914,False,14,96,14:96
20260928T201247,300092.62592,69.11103003769914,False,15,111,15:111
20260928T201247,300081.865216,69.11103003769914,False,16,87,16:87
20260928T201247,300034.344192,69.11103003769914,False,18,107,18:107
20260928T201247,300069.576448,69.11103003769914,False,19,81,19:81
20260928T201247,300013.748224,69.11103003769914,False,20,99,20:99
20260928T201247,300018.363648,69.11103003769914,False,20,100,20:100
20260928T201247,300049.599232,69.11103003769914,False,21,80,21:80
20260928T201247,300024.587776,69.11103003769914,False,23,96,23:96
20260928T201247,300008.99584,69.11103003769914,False,23,97,23:97
20260928T201247,300042.850304,69.11103003769914,False,24,115,24:115
20260928T201247,300069.501696,69.11103003769914,False,25,111,25:111
20260928T201247,300058.28736,69.11103003769914,False,26,90,26:90
20260928T201247,300068.940544,69.11103003769914,False,26,91,26:91
20260928T201247,300087.672832,69.11103003769914,False,27,94,27:94
20260928T201247,300073.982464,69.11103003769914,False,28,106,28:106
20260928T201247,300042.12608,69.11103003769914,False,29,109,29:109
20260928T201247,300077.354752,69.11103003769914,False,30,103,30:103
20260928T201247,300071.381504,69.11103003769914,False,31,88,31:88
20260928T201247,300081.006592,69.11103003769914,False,31,89,31:89
20260928T201247,300086.983424,69.11103003769914,False,32,110,32:110
20260928T201247,300062.255104,69.11103003769914,False,33,89,33:89
20260928T201247,300051.044864,69.11103003769914,False,34,78,34:78
20260928T201247,300021.788416,69.11103003769914,False,35,94,35:94
20260928T201247,300065.773568,69.11103003769914,False,36,103,36:103
20260928T201247,300014.560512,69.11103003769914,False,37,115,37:115
20260928T201247,300035.110656,69.11103003769914,False,38,91,38:91
20260928T201247,300054.92608,69.11103003769914,False,39,97,39:97
20260928T201247,300065.284352,69.11103003769914,False,41,86,41:86
20260928T201247,299287.806208,69.11103003769914,True,41,87,41:87
20260928T201247,299467.186944,69.11103003769914,True,42,92,42:92
20260928T201247,300078.107904,69.11103003769914,False,43,80,43:80
20260928T201247,299446.464768,69.11103003769914,True,43,81,43:81
20260928T201247,300042.085376,69.11103003769914,False,45,117,45:117
20260928T201247,300026.824192,69.11103003769914,False,46,109,46:109
20260928T201247,300008.764416,69.11103003769914,False,47,81,47:81
20260928T201247,300030.648832,69.11103003769914,False,49,90,49:90
20260928T201247,300016.459264,69.11103003769914,False,50,97,50:97
20260928T201247,300021.254144,69.11103003769914,False,50,98,50:98
20260928T201247,300027.474432,69.11103003769914,False,51,105,51:105
20260928T201247,300093.985024,69.11103003769914,False,52,107,52:107
20260928T201247,300082.75968,69.11103003769914,False,53,109,53:109
20260928T201247,300054.116864,69.11103003769914,False,53,110,53:110
20260928T201247,300057.761024,69.11103003769914,False,54,96,54:96
20260928T201247,300031.14112,69.11103003769914,False,55,81,55:81
20260928T201247,300013.619712,69.11103003769914,False,56,115,56:115
20260928T201247,300061.79072,69.11103003769914,False,56,116,56:116
20260928T201247,300080.749312,69.11103003769914,False,57,81,57:81
20260928T201247,300041.806336,69.11103003769914,False,58,94,58:94
20260928T201247,300086.95168,69.11103003769914,False,59,112,59:112
20260928T201247,300070.439168,69.11103003769914,False,60,85,60:85
20260928T201247,300047.301632,69.11103003769914,False,61,110,61:110
20260928T201247,300033.133824,69.11103003769914,False,61,111,61:111
20260928T201247,300016.62464,69.11103003769914,False,62,80,62:80
20260928T201247,300073.837568,69.11103003769914,False,63,100,63:100
20260928T201248,299473.614848,69.11103003769914,True,0,97,0:97
20260928T201248,300039.39328,69.11103003769914,False,1,96,1:96
20260928T201248,300027.876608,69.11103003769914,False,1,97,1:97
20260928T201248,300089.002752,69.11103003769914,False,2,98,2:98
20260928T201248,300079.430656,69.11103003769914,False,3,102,3:102
20260928T201248,300090.325504,69.11103003769914,False,4,116,4:116
20260928T201248,300083.565568,69.11103003769914,False,4,117,4:117
20260928T201248,300075.3792,69.11103003769914,False,5,87,5:87
20260928T201248,300072.35456,69.11103003769914,False,6,114,6:114
20260928T201248,300047.290112,69.11103003769914,False,7,80,7:80
20260928T201248,300076.922368,69.11103003769914,False,8,113,8:113
20260928T201248,299925.70496,69.11103003769914,True,9,81,9:81
20260928T201248,300036.210432,69.11103003769914,False,10,113,10:113
20260928T201248,300089.520896,69.11103003769914,False,11,86,11:86
20260928T201248,300077.113344,69.11103003769914,False,12,84,12:84
20260928T201248,300037.198848,69.11103003769914,False,13,111,13:111
20260928T201248,300086.071808,69.11103003769914,False,14,97,14:97
20260928T201248,300037.138688,69.11103003769914,False,15,112,15:112
20260928T201248,300023.00416,69.11103003769914,False,15,113,15:113
20260928T201248,300023.95136,69.11103003769914,False,16,88,16:88
20260928T201248,300022.74048,69.11103003769914,False,17,89,17:89
20260928T201248,300087.59296,69.11103003769914,False,18,108,18:108
20260928T201248,300058.055424,69.11103003769914,False,19,82,19:82
20260928T201248,300043.532288,69.11103003769914,False,20,101,20:101
20260928T201248,299866.648064,69.11103003769914,True,21,81,21:81
20260928T201248,300036.837888,69.11103003769914,False,22,87,22:87
20260928T201248,300008.495616,69.11103003769914,False,23,98,23:98
20260928T201248,300044.968448,69.11103003769914,False,24,116,24:116
20260928T201248,300045.449984,69.11103003769914,False,24,117,24:117
20260928T201248,300053.528576,69.11103003769914,False,25,112,25:112
20260928T201248,299868.401152,69.11103003769914,True,26,92,26:92
20260928T201248,300064.01024,69.11103003769914,False,27,95,27:95
20260928T201248,300025.183488,69.11103003769914,False,28,107,28:107
20260928T201248,300047.889664,69.11103003769914,False,29,110,29:110
20260928T201248,300087.047936,69.11103003769914,False,30,104,30:104
20260928T201248,300083.412736,69.11103003769914,False,31,90,31:90
20260928T201248,299108.105728,69.11103003769914,True,31,91,31:91
20260928T201248,300042.237184,69.11103003769914,False,32,111,32:111
20260928T201248,300066.743552,69.11103003769914,False,33,90,33:90
20260928T201248,300042.685184,69.11103003769914,False,34,79,34:79
20260928T201248,300028.802816,69.11103003769914,False,35,95,35:95
20260928T201248,300066.044672,69.11103003769914,False,36,104,36:104
20260928T201248,300084.216064,69.11103003769914,False,37,116,37:116
20260928T201248,300012.258816,69.11103003769914,False,38,92,38:92
20260928T201248,299919.342336,69.11103003769914,True,39,98,39:98
20260928T201248,300075.689728,69.11103003769914,False,40,98,40:98
20260928T201248,299251.990528,69.11103003769914,True,41,88,41:88
20260928T201248,300048.271616,69.11103003769914,False,44,110,44:110
20260928T201248,299548.338176,69.11103003769914,True,44,111,44:111
20260928T201248,300042.755072,69.11103003769914,False,45,118,45:118
20260928T201248,300074.6624,69.11103003769914,False,46,110,46:110
20260928T201248,300072.539136,69.11103003769914,False,47,82,47:82
20260928T201248,300015.748096,69.11103003769914,False,48,82,48:82
20260928T201248,300059.10144,69.11103003769914,False,49,91,49:91
20260928T201248,300029.63456,69.11103003769914,False,50,99,50:99
20260928T201248,299151.957248,69.11103003769914,True,50,100,50:100
20260928T201248,300015.021056,69.11103003769914,False,51,106,51:106
20260928T201248,300038.349824,69.11103003769914,False,52,108,52:108
20260928T201248,300070.180608,69.11103003769914,False,53,111,53:111
20260928T201248,300059.832832,69.11103003769914,False,53,112,53:112
20260928T201248,300034.270208,69.11103003769914,False,54,97,54:97
20260928T201248,300022.656768,69.11103003769914,False,55,82,55:82
20260928T201248,299910.592256,69.11103003769914,True,56,117,56:117
20260928T201248,300082.426368,69.11103003769914,False,57,82,57:82
20260928T201248,300075.073792,69.11103003769914,False,58,95,58:95
20260928T201248,300019.843072,69.11103003769914,False,59,113,59:113
20260928T201248,300073.088,69.11103003769914,False,60,86,60:86
20260928T201248,300074.646528,69.11103003769914,False,61,112,61:112
20260928T201248,300017.275648,69.11103003769914,False,62,81,62:81
20260928T201248,300011.956992,69.11103003769914,False,63,101,63:101
20260928T201249,300021.94176,69.11103003769914,False,0,98,0:98
20260928T201249,299967.39456,69.11103003769914,True,1,98,1:98
20260928T201249,300091.203584,69.11103003769914,False,2,99,2:99
20260928T201249,300010.738432,69.11103003769914,False,4,118,4:118
20260928T201249,300079.756544,69.11103003769914,False,5,88,5:88
20260928T201249,300035.9552,69.11103003769914,False,6,115,6:115
20260928T201249,300045.919744,69.11103003769914,False,6,116,6:116
20260928T201249,300069.357312,69.11103003769914,False,7,81,7:81
20260928T201249,300058.172416,69.11103003769914,False,8,114,8:114
20260928T201249,300097.836032,69.11103003769914,False,9,82,9:82
20260928T201249,300087.600384,69.11103003769914,False,10,114,10:114
20260928T201249,300096.74752,69.11103003769914,False,10,115,10:115
20260928T201249,300070.888192,69.11103003769914,False,11,87,11:87
20260928T201249,300060.050176,69.11103003769914,False,12,85,12:85
20260928T201249,300018.898688,69.11103003769914,False,13,112,13:112
20260928T201249,300071.167744,69.11103003769914,False,14,98,14:98
20260928T201249,300079.84128,69.11103003769914,False,15,114,15:114
20260928T201249,300049.56032,69.11103003769914,False,16,89,16:89
20260928T201249,300060.748288,69.11103003769914,False,17,90,17:90
20260928T201249,300052.859648,69.11103003769914,False,18,109,18:109
20260928T201249,300084.17408,69.11103003769914,False,20,102,20:102
20260928T201249,299712.055808,69.11103003769914,True,21,82,21:82
20260928T201249,300074.142976,69.11103003769914,False,22,88,22:88
20260928T201249,300058.537984,69.11103003769914,False,23,99,23:99
20260928T201249,300027.015936,69.11103003769914,False,24,118,24:118
20260928T201249,300055.609344,69.11103003769914,False,25,113,25:113
20260928T201249,300024.734464,69.11103003769914,False,25,114,25:114
20260928T201249,300023.857664,69.11103003769914,False,27,96,27:96
20260928T201249,300053.962752,69.11103003769914,False,27,97,27:97
20260928T201249,300024.013056,69.11103003769914,False,28,108,28:108
20260928T201249,300026.702336,69.11103003769914,False,29,111,29:111
20260928T201249,300026.380032,69.11103003769914,False,30,105,30:105
20260928T201249,300003.642624,69.11103003769914,False,32,112,32:112
20260928T201249,299547.608832,69.11103003769914,True,32,113,32:113
20260928T201249,300034.370048,69.11103003769914,False,33,91,33:91
20260928T201249,300028.22016,69.11103003769914,False,34,80,34:80
20260928T201249,300017.614336,69.11103003769914,False,35,96,35:96
20260928T201249,300036.648704,69.11103003769914,False,36,105,36:105
20260928T201249,300024.008704,69.11103003769914,False,37,117,37:117
20260928T201249,300102.6688,69.11103003769914,False,37,118,37:118
20260928T201249,300050.957824,69.11103003769914,False,38,93,38:93
20260928T201249,300031.09248,69.11103003769914,False,39,99,39:99
20260928T201249,300060.508416,69.11103003769914,False,40,99,40:99
20260928T201249,300018.537728,69.11103003769914,False,42,93,42:93
20260928T201249,300030.976,69.11103003769914,False,43,82,43:82
20260928T201249,300028.016384,69.11103003769914,False,45,119,45:119
20260928T201249,300049.552896,69.11103003769914,False,45,120,45:120
20260928T201249,300010.781952,69.11103003769914,False,46,111,46:111
20260928T201249,300062.429952,69.11103003769914,False,48,83,48:83
20260928T201249,300091.095808,69.11103003769914,False,49,92,49:92
20260928T201249,300081.256704,69.11103003769914,False,51,107,51:107
20260928T201249,300078.597376,69.11103003769914,True,52,109,52:109
20260928T201249,300067.658752,69.11103003769914,False,52,110,52:110
20260928T201249,300024.182272,69.11103003769914,False,53,113,53:113
20260928T201249,300023.17312,69.11103003769914,False,54,98,54:98
20260928T201249,300098.475776,69.11103003769914,False,55,83,55:83
20260928T201249,300023.33312,69.11103003769914,False,56,118,56:118
20260928T201249,300051.285248,69.11103003769914,False,56,119,56:119
20260928T201249,300089.860352,69.11103003769914,False,57,83,57:83
20260928T201249,300056.770048,69.11103003769914,False,58,96,58:96
20260928T201249,299146.298112,69.11103003769914,True,58,97,58:97
20260928T201249,300040.02688,69.11103003769914,False,59,114,59:114
20260928T201249,300068.937984,69.11103003769914,False,59,115,59:115
20260928T201249,300062.345984,69.11103003769914,False,60,87,60:87
20260928T201249,300084.049664,69.11103003769914,False,61,113,61:113
20260928T201249,300053.489408,69.11103003769914,False,62,82,62:82
20260928T201249,300056.535296,69.11103003769914,False,63,102,63:102
20260928T201250,299637.852928,69.11103003769914,True,0,99,0:99
20260928T201250,300061.546752,69.11103003769914,False,1,99,1:99
20260928T201250,300025.804288,69.11103003769914,False,2,100,2:100
20260928T201250,300033.680896,69.11103003769914,False,3,103,3:103
20260928T201250,300020.337152,69.11103003769914,False,4,119,4:119
20260928T201250,300085.544704,69.11103003769914,False,5,89,5:89
20260928T201250,300093.176064,69.11103003769914,False,6,117,6:117
20260928T201250,300019.704576,69.11103003769914,False,7,82,7:82
20260928T201250,300050.95808,69.11103003769914,False,8,115,8:115
20260928T201250,300100.474112,69.11103003769914,False,8,116,8:116
20260928T201250,300027.081472,69.11103003769914,False,9,83,9:83
20260928T201250,300014.080256,69.11103003769914,False,10,116,10:116
20260928T201250,299828.01024,69.11103003769914,True,11,88,11:88
20260928T201250,300039.3024,69.11103003769914,False,12,86,12:86
20260928T201250,300021.821696,69.11103003769914,False,13,113,13:113
20260928T201250,300065.831424,69.11103003769914,False,13,114,13:114
20260928T201250,300086.843392,69.11103003769914,False,14,99,14:99
20260928T201250,300008.69888,69.11103003769914,False,15,115,15:115
20260928T201250,299465.35552,69.11103003769914,True,16,90,16:90
20260928T201250,300008.937216,69.11103003769914,False,17,91,17:91
20260928T201250,300088.04736,69.11103003769914,False,18,110,18:110
20260928T201250,300033.7344,69.11103003769914,False,19,83,19:83
20260928T201250,300045.06624,69.11103003769914,False,20,103,20:103
20260928T201250,300035.430656,69.11103003769914,False,22,89,22:89
20260928T201250,300026.58432,69.11103003769914,False,23,100,23:100
20260928T201250,300020.410624,69.11103003769914,False,24,119,24:119
20260928T201250,299885.893632,69.11103003769914,True,25,115,25:115
20260928T201250,300067.350016,69.11103003769914,False,26,93,26:93
20260928T201250,300017.949696,69.11103003769914,False,26,94,26:94
20260928T201250,300024.210688,69.11103003769914,False,27,98,27:98
20260928T201250,300093.331968,69.11103003769914,False,28,109,28:109
20260928T201250,300023.685632,69.11103003769914,False,28,110,28:110
20260928T201250,300081.483008,69.11103003769914,False,29,112,29:112
20260928T201250,300020.717312,69.11103003769914,False,30,106,30:106
20260928T201250,299548.968192,69.11103003769914,True,30,107,30:107
20260928T201250,300076.26624,69.11103003769914,False,31,92,31:92
20260928T201250,300034.689792,69.11103003769914,False,32,114,32:114
20260928T201250,299130.112,69.11103003769914,True,32,115,32:115
20260928T201250,300033.379072,69.11103003769914,False,33,92,33:92
20260928T201250,300047.155712,69.11103003769914,False,35,97,35:97
20260928T201250,300032.706816,69.11103003769914,False,36,106,36:106
20260928T201250,300076.649472,69.11103003769914,False,37,119,37:119
20260928T201250,300039.270912,69.11103003769914,False,38,94,38:94
20260928T201250,300016.679424,69.11103003769914,False,39,100,39:100
20260928T201250,300015.039232,69.11103003769914,False,40,100,40:100
20260928T201250,300081.449472,69.11103003769914,False,41,89,41:89
20260928T201250,299747.33056,69.11103003769914,True,41,90,41:90
20260928T201250,300036.38656,69.11103003769914,False,42,94,42:94
20260928T201250,300085.65248,69.11103003769914,False,43,83,43:83
20260928T201250,300065.42336,69.11103003769914,False,44,112,44:112
20260928T201250,300036.226048,69.11103003769914,False,44,113,44:113
20260928T201250,300026.253568,69.11103003769914,False,45,121,45:121
20260928T201250,300075.545856,69.11103003769914,False,46,112,46:112
20260928T201250,300081.376,69.11103003769914,False,47,83,47:83
20260928T201250,300047.045632,69.11103003769914,False,48,84,48:84
20260928T201250,300055.05152,69.11103003769914,False,49,93,49:93
20260928T201250,300048.928256,69.11103003769914,True,50,101,50:101
20260928T201250,300008.475904,69.11103003769914,False,51,108,51:108
20260928T201250,300072.572672,69.11103003769914,False,52,111,52:111
20260928T201250,300093.905152,69.11103003769914,False,53,114,53:114
20260928T201250,300031.8336,69.11103003769914,False,54,99,54:99
20260928T201250,300044.122624,69.11103003769914,False,55,84,55:84
20260928T201250,300048.96128,69.11103003769914,False,56,120,56:120
20260928T201250,300067.747584,69.11103003769914,False,57,84,57:84
20260928T201250,300036.252416,69.11103003769914,False,59,116,59:116
20260928T201250,300095.049728,69.11103003769914,False,60,88,60:88
20260928T201250,300014.26176,69.11103003769914,False,61,114,61:114
20260928T201250,300016.104704,69.11103003769914,False,62,83,62:83
20260928T201250,300052.636928,69.11103003769914,False,63,103,63:103
20260928T201251,300083.845888,69.11103003769914,False,0,100,0:100
20260928T201251,300022.075136,69.11103003769914,False,1,100,1:100
20260928T201251,300087.220992,69.11103003769914,False,2,101,2:101
20260928T201251,300059.931904,69.11103003769914,False,3,104,3:104
20260928T201251,300016.500992,69.11103003769914,False,3,105,3:105
20260928T201251,300097.78944,69.11103003769914,False,4,120,4:120
20260928T201251,299556.735488,69.11103003769914,True,4,121,4:121
20260928T201251,300013.57696,69.11103003769914,False,5,90,5:90
20260928T201251,300023.747328,69.11103003769914,False,6,118,6:118
20260928T201251,300037.65632,69.11103003769914,False,8,117,8:117
20260928T201251,300058.191104,69.11103003769914,False,10,117,10:117
20260928T201251,299784.707328,69.11103003769914,True,11,89,11:89
20260928T201251,300067.900928,69.11103003769914,False,12,87,12:87
20260928T201251,300084.71936,69.11103003769914,False,13,115,13:115
20260928T201251,300012.192768,69.11103003769914,False,14,100,14:100
20260928T201251,300050.622208,69.11103003769914,False,15,116,15:116
20260928T201251,300076.538624,69.11103003769914,False,16,91,16:91
20260928T201251,300087.547648,69.11103003769914,False,17,92,17:92
20260928T201251,300090.769408,69.11103003769914,False,18,111,18:111
20260928T201251,300050.563584,69.11103003769914,False,18,112,18:112
20260928T201251,300082.713088,69.11103003769914,False,19,84,19:84
20260928T201251,300096.855552,69.11103003769914,False,20,104,20:104
20260928T201251,300087.182848,69.11103003769914,False,21,83,21:83
20260928T201251,300018.3552,69.11103003769914,False,22,90,22:90
20260928T201251,300064.786176,69.11103003769914,False,23,101,23:101
20260928T201251,300045.226752,69.11103003769914,False,24,120,24:120
20260928T201251,300066.57152,69.11103003769914,False,25,116,25:116
20260928T201251,300072.438784,69.11103003769914,False,26,95,26:95
20260928T201251,300034.203648,69.11103003769914,False,28,111,28:111
20260928T201251,300037.120768,69.11103003769914,False,29,113,29:113
20260928T201251,300055.22816,69.11103003769914,False,29,114,29:114
20260928T201251,300025.923584,69.11103003769914,False,30,108,30:108
20260928T201251,299789.622528,69.11103003769914,True,31,93,31:93
20260928T201251,300031.255552,69.11103003769914,False,33,93,33:93
20260928T201251,300056.388352,69.11103003769914,False,34,81,34:81
20260928T201251,300031.215104,69.11103003769914,False,35,98,35:98
20260928T201251,300073.2608,69.11103003769914,False,36,107,36:107
20260928T201251,300008.668928,69.11103003769914,False,36,108,36:108
20260928T201251,300016.355584,69.11103003769914,False,37,120,37:120
20260928T201251,300072.882432,69.11103003769914,False,38,95,38:95
20260928T201251,300087.863296,69.11103003769914,False,39,101,39:101
20260928T201251,300091.900672,69.11103003769914,False,40,101,40:101
20260928T201251,300078.148352,69.11103003769914,False,42,95,42:95
20260928T201251,300077.293056,69.11103003769914,False,43,84,43:84
20260928T201251,300081.765888,69.11103003769914,False,44,114,44:114
20260928T201251,300062.751232,69.11103003769914,False,45,122,45:122
20260928T201251,300039.129856,69.11103003769914,False,45,123,45:123
20260928T201251,300036.594688,69.11103003769914,False,46,113,46:113
20260928T201251,300033.815552,69.11103003769914,False,46,114,46:114
20260928T201251,300049.201664,69.11103003769914,False,47,84,47:84
20260928T201251,300092.343296,69.11103003769914,False,48,85,48:85
20260928T201251,300066.617856,69.11103003769914,False,49,94,49:94
20260928T201251,300074.130176,69.11103003769914,False,50,102,50:102
20260928T201251,300075.010304,69.11103003769914,False,51,109,51:109
20260928T201251,300036.152576,69.11103003769914,False,51,110,51:110
20260928T201251,300036.27136,69.11103003769914,False,52,112,52:112
20260928T201251,300056.846848,69.11103003769914,False,53,115,53:115
20260928T201251,300075.261952,69.11103003769914,False,54,100,54:100
20260928T201251,300036.072448,69.11103003769914,False,55,85,55:85
20260928T201251,300087.77088,69.11103003769914,False,56,121,56:121
20260928T201251,300068.372224,69.11103003769914,False,57,85,57:85
20260928T201251,300045.266432,69.11103003769914,False,58,98,58:98
20260928T201251,300007.3664,69.11103003769914,False,58,99,58:99
20260928T201251,300059.369728,69.11103003769914,False,59,117,59:117
20260928T201251,300077.145344,69.11103003769914,False,60,89,60:89
20260928T201251,300021.709824,69.11103003769914,False,61,115,61:115
20260928T201251,300019.259392,69.11103003769914,False,62,84,62:84
20260928T201251,300034.471936,69.11103003769914,False,63,104,63:104
20260928T201251,300057.612544,69.11103003769914,False,63,105,63:105
20260928T201252,300066.128896,69.11103003769914,False,0,101,0:101
20260928T201252,300057.504512,69.11103003769914,False,1,101,1:101
20260928T201252,300039.056384,69.11103003769914,False,2,102,2:102
20260928T201252,300009.197824,69.11103003769914,False,3,106,3:106
20260928T201252,300035.91936,69.11103003769914,False,5,91,5:91
20260928T201252,300048.654592,69.11103003769914,False,6,119,6:119
20260928T201252,300060.642304,69.11103003769914,False,6,120,6:120
20260928T201252,300101.383936,69.11103003769914,False,7,83,7:83
20260928T201252,300060.27008,69.11103003769914,False,8,118,8:118
20260928T201252,300032.141568,69.11103003769914,False,8,119,8:119
20260928T201252,300060.902656,69.11103003769914,False,9,84,9:84
20260928T201252,300029.101568,69.11103003769914,False,10,118,10:118
20260928T201252,300009.129984,69.11103003769914,False,11,90,11:90
20260928T201252,300023.137792,69.11103003769914,False,12,88,12:88
20260928T201252,300022.090752,69.11103003769914,False,13,116,13:116
20260928T201252,300042.211072,69.11103003769914,False,13,117,13:117
20260928T201252,300087.837952,69.11103003769914,False,14,101,14:101
20260928T201252,300024.151296,69.11103003769914,False,15,117,15:117
20260928T201252,300018.35776,69.11103003769914,False,16,92,16:92
20260928T201252,300050.729216,69.11103003769914,False,17,93,17:93
20260928T201252,300073.433088,69.11103003769914,False,18,113,18:113
20260928T201252,300059.701504,69.11103003769914,False,19,85,19:85
20260928T201252,300079.320576,69.11103003769914,False,20,105,20:105
20260928T201252,300092.392704,69.11103003769914,False,21,84,21:84
20260928T201252,300070.835712,69.11103003769914,False,22,91,22:91
20260928T201252,300077.223424,69.11103003769914,False,23,102,23:102
20260928T201252,300039.044864,69.11103003769914,False,24,121,24:121
20260928T201252,300048.88448,69.11103003769914,False,24,122,24:122
20260928T201252,300017.287424,69.11103003769914,False,25,117,25:117
20260928T201252,299762.260992,69.11103003769914,True,26,96,26:96
20260928T201252,300026.716416,69.11103003769914,False,27,99,27:99
20260928T201252,300021.813248,69.11103003769914,False,28,112,28:112
20260928T201252,300079.011072,69.11103003769914,False,29,115,29:115
20260928T201252,300042.456064,69.11103003769914,False,30,109,30:109
20260928T201252,300053.808384,69.11103003769914,False,31,94,31:94
20260928T201252,300047.237376,69.11103003769914,False,32,116,32:116
20260928T201252,300058.146048,69.11103003769914,False,32,117,32:117
20260928T201252,300063.576064,69.11103003769914,False,33,94,33:94
20260928T201252,300090.541312,69.11103003769914,False,34,82,34:82
20260928T201252,300036.335104,69.11103003769914,False,35,99,35:99
20260928T201252,300038.280704,69.11103003769914,False,36,109,36:109
20260928T201252,300033.518336,69.11103003769914,False,37,121,37:121
20260928T201252,299473.35808,69.11103003769914,True,37,122,37:122
20260928T201252,300077.578496,69.11103003769914,False,38,96,38:96
20260928T201252,300035.302656,69.11103003769914,False,39,102,39:102
20260928T201252,300075.875328,69.11103003769914,False,40,102,40:102
20260928T201252,300028.02432,69.11103003769914,False,41,91,41:91
20260928T201252,300023.571712,69.11103003769914,False,42,96,42:96
20260928T201252,300076.686848,69.11103003769914,False,43,85,43:85
20260928T201252,300078.488576,69.11103003769914,False,44,115,44:115
20260928T201252,300039.8208,69.11103003769914,False,45,124,45:124
20260928T201252,300085.053696,69.11103003769914,False,46,115,46:115
20260928T201252,300007.54432,69.11103003769914,False,47,85,47:85
20260928T201252,300052.463872,69.11103003769914,False,48,86,48:86
20260928T201252,299927.275264,69.11103003769914,True,49,95,49:95
20260928T201252,300018.92864,69.11103003769914,False,50,103,50:103
20260928T201252,299320.094208,69.11103003769914,True,51,111,51:111
20260928T201252,300067.898624,69.11103003769914,False,52,113,52:113
20260928T201252,300054.125312,69.11103003769914,False,53,116,53:116
20260928T201252,300022.048768,69.11103003769914,False,54,101,54:101
20260928T201252,299963.245056,69.11103003769914,True,55,86,55:86
20260928T201252,300014.59328,69.11103003769914,False,56,122,56:122
20260928T201252,300014.376704,69.11103003769914,False,56,123,56:123
20260928T201252,300030.787328,69.11103003769914,False,58,100,58:100
20260928T201252,300027.26528,69.11103003769914,False,59,118,59:118
20260928T201252,300032.486656,69.11103003769914,False,60,90,60:90
20260928T201252,300012.894208,69.11103003769914,False,61,116,61:116
20260928T201252,300077.07648,69.11103003769914,False,62,85,62:85
20260928T201252,300064.778752,69.11103003769914,False,63,106,63:106
20260928T201253,300439.873536,69.11103003769914,False,0,102,0:102
20260928T201253,300257.760256,69.11103003769914,False,1,102,1:102
20260928T201253,300246.070784,69.11103003769914,False,2,103,2:103
20260928T201253,300138.36288,69.11103003769914,False,3,107,3:107
20260928T201253,300509.520896,69.11103003769914,False,4,122,4:122
20260928T201253,300162.57408,69.11103003769914,False,5,92,5:92
20260928T201253,300006.374656,69.11103003769914,False,6,121,6:121
20260928T201253,300336.984064,69.11103003769914,False,7,84,7:84
20260928T201253,299506.1952,69.11103003769914,True,7,85,7:85
20260928T201253,299638.980608,69.11103003769914,True,8,120,8:120
20260928T201253,300056.065536,69.11103003769914,False,9,85,9:85
20260928T201253,300668.903936,69.11103003769914,False,10,119,10:119
20260928T201253,300034.988544,69.11103003769914,False,10,120,10:120
20260928T201253,300037.17248,69.11103003769914,False,11,91,11:91
20260928T201253,300053.335296,69.11103003769914,True,12,89,12:89
20260928T201253,300041.382912,69.11103003769914,False,13,118,13:118
20260928T201253,300098.469632,69.11103003769914,False,14,102,14:102
20260928T201253,300336.627968,69.11103003769914,False,15,118,15:118
20260928T201253,300377.286656,69.11103003769914,False,16,93,16:93
20260928T201253,300087.910144,69.11103003769914,False,17,94,17:94
20260928T201253,300026.473216,69.11103003769914,False,18,114,18:114
20260928T201253,300361.37984,69.11103003769914,False,19,86,19:86
20260928T201253,300335.672064,69.11103003769914,False,20,106,20:106
20260928T201253,300372.579072,69.11103003769914,False,21,85,21:85
20260928T201253,300378.232576,69.11103003769914,False,22,92,22:92
20260928T201253,300278.132224,69.11103003769914,False,23,103,23:103
20260928T201253,300042.678528,69.11103003769914,False,24,123,24:123
20260928T201253,300645.944832,69.11103003769914,False,25,118,25:118
20260928T201253,300027.160832,69.11103003769914,False,25,119,25:119
20260928T201253,299433.863936,69.11103003769914,True,26,97,26:97
20260928T201253,300593.140736,69.11103003769914,False,27,100,27:100
20260928T201253,300039.857408,69.11103003769914,False,28,113,28:113
20260928T201253,299418.169856,69.11103003769914,True,29,116,29:116
20260928T201253,300180.165888,69.11103003769914,False,30,110,30:110
20260928T201253,300036.637184,69.11103003769914,False,31,95,31:95
20260928T201253,300215.491328,69.11103003769914,False,32,118,32:118
20260928T201253,300147.40352,69.11103003769914,False,33,95,33:95
20260928T201253,300314.509824,69.11103003769914,True,34,83,34:83
20260928T201253,300633.649152,69.11103003769914,False,35,100,35:100
20260928T201253,299668.254976,69.11103003769914,True,35,101,35:101
20260928T201253,300078.896896,69.11103003769914,False,36,110,36:110
20260928T201253,300047.856896,69.11103003769914,False,38,97,38:97
20260928T201253,300239.079936,69.11103003769914,False,39,103,39:103
20260928T201253,300605.984512,69.11103003769914,False,40,103,40:103
20260928T201253,300195.566592,69.11103003769914,False,41,92,41:92
20260928T201253,300447.159552,69.11103003769914,False,42,97,42:97
20260928T201253,300037.499648,69.11103003769914,False,44,116,44:116
20260928T201253,300467.33312,69.11103003769914,False,45,125,45:125
20260928T201253,300065.648128,69.11103003769914,True,45,126,45:126
20260928T201253,300340.594688,69.11103003769914,False,46,116,46:116
20260928T201253,300636.137472,69.11103003769914,False,47,86,47:86
20260928T201253,300147.209472,69.11103003769914,False,49,96,49:96
20260928T201253,300291.574272,69.11103003769914,False,50,104,50:104
20260928T201253,300059.280896,69.11103003769914,False,51,112,51:112
20260928T201253,300443.845888,69.11103003769914,False,52,114,52:114
20260928T201253,300090.78272,69.11103003769914,False,53,117,53:117
20260928T201253,300165.539328,69.11103003769914,False,54,102,54:102
20260928T201253,299660.462592,69.11103003769914,True,54,103,54:103
20260928T201253,300023.010304,69.11103003769914,False,55,87,55:87
20260928T201253,300381.496832,69.11103003769914,False,56,124,56:124
20260928T201253,300537.718528,69.11103003769914,False,57,86,57:86
20260928T201253,300019.5968,69.11103003769914,False,57,87,57:87
20260928T201253,300042.536448,69.11103003769914,False,58,101,58:101
20260928T201253,300339.48416,69.11103003769914,False,59,119,59:119
20260928T201253,300327.577856,69.11103003769914,False,60,91,60:91
20260928T201253,300504.4416,69.11103003769914,False,61,117,61:117
20260928T201253,299376.400896,69.11103003769914,True,62,86,62:86
20260928T201253,300032.856576,69.11103003769914,False,63,107,63:107
20260928T201254,300067.963648,69.11103003769914,False,0,103,0:103
20260928T201254,300070.089216,69.11103003769914,False,1,103,1:103
20260928T201254,300047.390976,69.11103003769914,False,2,104,2:104
20260928T201254,300016.218368,69.11103003769914,False,3,108,3:108
20260928T201254,300012.26624,69.11103003769914,False,4,123,4:123
20260928T201254,300061.306112,69.11103003769914,False,4,124,4:124
20260928T201254,300081.921536,69.11103003769914,False,5,93,5:93
20260928T201254,300037.717248,69.11103003769914,False,6,122,6:122
20260928T201254,300023.471872,69.11103003769914,False,8,121,8:121
20260928T201254,299821.145344,69.11103003769914,True,9,86,9:86
20260928T201254,300039.59552,69.11103003769914,False,10,121,10:121
20260928T201254,300028.82432,69.11103003769914,False,11,92,11:92
20260928T201254,300033.974784,69.11103003769914,False,12,90,12:90
20260928T201254,300054.978304,69.11103003769914,False,13,119,13:119
20260928T201254,300006.855168,69.11103003769914,False,14,103,14:103
20260928T201254,300041.180928,69.11103003769914,False,15,119,15:119
20260928T201254,300038.420992,69.11103003769914,False,16,94,16:94
20260928T201254,300043.785984,69.11103003769914,False,17,95,17:95
20260928T201254,300045.481984,69.11103003769914,False,18,115,18:115
20260928T201254,299765.160704,69.11103003769914,True,19,87,19:87
20260928T201254,300057.408,69.11103003769914,False,20,107,20:107
20260928T201254,300055.174144,69.11103003769914,False,21,86,21:86
20260928T201254,300019.245312,69.11103003769914,False,22,93,22:93
20260928T201254,300025.174016,69.11103003769914,False,23,104,23:104
20260928T201254,300036.939264,69.11103003769914,False,24,124,24:124
20260928T201254,300029.626624,69.11103003769914,False,25,120,25:120
20260928T201254,300040.502272,69.11103003769914,False,26,98,26:98
20260928T201254,300023.49824,69.11103003769914,False,27,101,27:101
20260928T201254,300024.995328,69.11103003769914,False,28,114,28:114
20260928T201254,300069.792,69.11103003769914,False,29,117,29:117
20260928T201254,300042.68416,69.11103003769914,False,30,111,30:111
20260928T201254,300042.383616,69.11103003769914,False,31,96,31:96
20260928T201254,299955.820288,69.11103003769914,True,32,119,32:119
20260928T201254,300035.83616,69.11103003769914,False,33,96,33:96
20260928T201254,300021.511168,69.11103003769914,False,34,84,34:84
20260928T201254,300039.481088,69.11103003769914,False,35,102,35:102
20260928T201254,300046.710528,69.11103003769914,False,36,111,36:111
20260928T201254,300068.203776,69.11103003769914,False,37,123,37:123
20260928T201254,300094.07872,69.11103003769914,False,37,124,37:124
20260928T201254,300040.899328,69.11103003769914,False,38,98,38:98
20260928T201254,300042.454016,69.11103003769914,False,39,104,39:104
20260928T201254,300083.851008,69.11103003769914,False,40,104,40:104
20260928T201254,300018.743296,69.11103003769914,False,41,93,41:93
20260928T201254,300080.648704,69.11103003769914,False,42,98,42:98
20260928T201254,300068.288768,69.11103003769914,False,43,86,43:86
20260928T201254,300033.324544,69.11103003769914,False,43,87,43:87
20260928T201254,300098.489088,69.11103003769914,False,44,117,44:117
20260928T201254,300028.0192,69.11103003769914,False,45,127,45:127
20260928T201254,300051.404544,69.11103003769914,False,46,117,46:117
20260928T201254,300046.229248,69.11103003769914,False,47,87,47:87
20260928T201254,300009.293312,69.11103003769914,False,48,87,48:87
20260928T201254,300026.116096,69.11103003769914,False,49,97,49:97
20260928T201254,300066.014208,69.11103003769914,False,50,105,50:105
20260928T201254,300040.755712,69.11103003769914,False,51,113,51:113
20260928T201254,300053.54496,69.11103003769914,False,52,115,52:115
20260928T201254,300022.90688,69.11103003769914,False,53,118,53:118
20260928T201254,300062.49472,69.11103003769914,False,56,125,56:125
20260928T201254,300096.373504,69.11103003769914,False,56,126,56:126
20260928T201254,300015.250176,69.11103003769914,False,58,102,58:102
20260928T201254,300076.973824,69.11103003769914,False,59,120,59:120
20260928T201254,300042.403584,69.11103003769914,False,59,121,59:121
20260928T201254,300050.960384,69.11103003769914,False,60,92,60:92
20260928T201254,300060.502784,69.11103003769914,False,61,118,61:118
20260928T201254,300046.907392,69.11103003769914,False,61,119,61:119
20260928T201254,300042.84032,69.11103003769914,False,62,87,62:87
20260928T201254,300008.04352,69.11103003769914,False,63,108,63:108
20260928T201255,300064.571392,69.11103003769914,False,0,104,0:104
20260928T201255,300070.455552,69.11103003769914,False,1,104,1:104
20260928T201255,300044.584448,69.11103003769914,False,2,105,2:105
20260928T201255,300063.988224,69.11103003769914,False,3,109,3:109
20260928T201255,300056.690688,69.11103003769914,False,5,94,5:94
20260928T201255,300081.878272,69.11103003769914,False,7,86,7:86
20260928T201255,300044.846336,69.11103003769914,False,8,122,8:122
20260928T201255,299995.13728,69.11103003769914,True,10,122,10:122
20260928T201255,299336.280832,69.11103003769914,True,14,105,14:105
20260928T201255,300052.922368,69.11103003769914,False,15,120,15:120
20260928T201255,300066.8992,69.11103003769914,False,16,95,16:95
20260928T201255,300053.129216,69.11103003769914,False,18,116,18:116
20260928T201255,300028.22912,69.11103003769914,False,20,108,20:108
20260928T201255,300057.88416,69.11103003769914,False,21,87,21:87
20260928T201255,300043.2192,69.11103003769914,False,22,94,22:94
20260928T201255,300049.813504,69.11103003769914,False,23,105,23:105
20260928T201255,300040.889856,69.11103003769914,False,24,125,24:125
20260928T201255,300070.069248,69.11103003769914,False,25,121,25:121
20260928T201255,300008.927232,69.11103003769914,False,27,102,27:102
20260928T201255,299100.451584,69.11103003769914,True,27,103,27:103
20260928T201255,300060.391936,69.11103003769914,False,28,115,28:115
20260928T201255,300030.07232,69.11103003769914,False,29,118,29:118
20260928T201255,300023.896576,69.11103003769914,False,32,120,32:120
20260928T201255,299818.652672,69.11103003769914,True,33,97,33:97
20260928T201255,300014.781952,69.11103003769914,False,36,112,36:112
20260928T201255,300029.852928,69.11103003769914,False,38,99,38:99
20260928T201255,300056.28928,69.11103003769914,False,39,105,39:105
20260928T201255,300058.082048,69.11103003769914,False,40,105,40:105
20260928T201255,300078.616576,69.11103003769914,False,41,94,41:94
20260928T201255,300011.763968,69.11103003769914,False,42,99,42:99
20260928T201255,300065.291008,69.11103003769914,False,44,118,44:118
20260928T201255,300055.128064,69.11103003769914,False,45,128,45:128
20260928T201255,300057.904896,69.11103003769914,False,46,118,46:118
20260928T201255,300088.279296,69.11103003769914,False,47,88,47:88
20260928T201255,300060.337408,69.11103003769914,False,48,88,48:88
20260928T201255,300019.8784,69.11103003769914,False,50,106,50:106
20260928T201255,300053.689856,69.11103003769914,False,51,114,51:114
20260928T201255,300023.66976,69.11103003769914,False,52,116,52:116
20260928T201255,300037.350912,69.11103003769914,False,53,119,53:119
20260928T201255,300048.067584,69.11103003769914,False,54,104,54:104
20260928T201255,300014.542592,69.11103003769914,False,55,88,55:88
20260928T201255,300075.020544,69.11103003769914,False,56,127,56:127
20260928T201255,300022.964992,69.11103003769914,False,57,88,57:88
20260928T201255,300050.501888,69.11103003769914,False,59,122,59:122
20260928T201255,300036.974336,69.11103003769914,False,60,93,60:93
20260928T201255,300015.35488,69.11103003769914,False,63,109,63:109
20260928T201256,300171.799296,69.11103003769914,False,0,105,0:105
20260928T201256,300040.445952,69.11103003769914,False,0,106,0:106
20260928T201256,300127.150848,69.11103003769914,False,1,105,1:105
20260928T201256,300069.757696,69.11103003769914,False,1,106,1:106
20260928T201256,300061.208576,69.11103003769914,True,2,106,2:106
20260928T201256,300027.93984,69.11103003769914,False,3,110,3:110
20260928T201256,300168.334592,69.11103003769914,False,4,125,4:125
20260928T201256,300079.2384,69.11103003769914,False,4,126,4:126
20260928T201256,300165.278464,69.11103003769914,False,5,95,5:95
20260928T201256,300125.138688,69.11103003769914,False,6,123,6:123
20260928T201256,300044.94976,69.11103003769914,False,6,124,6:124
20260928T201256,300009.658368,69.11103003769914,False,7,87,7:87
20260928T201256,300084.545792,69.11103003769914,False,8,123,8:123
20260928T201256,300033.768192,69.11103003769914,False,8,124,8:124
20260928T201256,300120.897792,69.11103003769914,False,9,87,9:87
20260928T201256,300099.29472,69.11103003769914,False,10,123,10:123
20260928T201256,300063.84896,69.11103003769914,False,10,124,10:124
20260928T201256,300142.608384,69.11103003769914,False,11,93,11:93
20260928T201256,300082.564352,69.11103003769914,False,11,94,11:94
20260928T201256,300126.805248,69.11103003769914,False,12,91,12:91
20260928T201256,300061.571072,69.11103003769914,False,12,92,12:92
20260928T201256,300090.1248,69.11103003769914,False,13,120,13:120
20260928T201256,300090.132224,69.11103003769914,False,13,121,13:121
20260928T201256,300176.538624,69.11103003769914,False,14,104,14:104
20260928T201256,300160.360448,69.11103003769914,False,15,121,15:121
20260928T201256,300021.878784,69.11103003769914,False,15,122,15:122
20260928T201256,300111.328768,69.11103003769914,False,16,96,16:96
20260928T201256,300167.48416,69.11103003769914,False,17,96,17:96
20260928T201256,300176.108288,69.11103003769914,False,18,117,18:117
20260928T201256,300025.228032,69.11103003769914,False,18,118,18:118
20260928T201256,300089.270016,69.11103003769914,False,19,88,19:88
20260928T201256,300070.912512,69.11103003769914,False,19,89,19:89
20260928T201256,299825.113344,69.11103003769914,True,20,109,20:109
20260928T201256,300021.256448,69.11103003769914,False,21,88,21:88
20260928T201256,300030.121216,69.11103003769914,False,22,95,22:95
20260928T201256,300086.899456,69.11103003769914,True,23,106,23:106
20260928T201256,300073.75872,69.11103003769914,False,24,126,24:126
20260928T201256,300124.3136,69.11103003769914,False,25,122,25:122
20260928T201256,300020.282624,69.11103003769914,False,25,123,25:123
20260928T201256,300095.480064,69.11103003769914,False,26,99,26:99
20260928T201256,300023.971584,69.11103003769914,False,26,100,26:100
20260928T201256,300009.762816,69.11103003769914,False,28,116,28:116
20260928T201256,300050.5152,69.11103003769914,False,29,119,29:119
20260928T201256,300107.681024,69.11103003769914,False,30,112,30:112
20260928T201256,300083.003648,69.11103003769914,False,30,113,30:113
20260928T201256,300131.035136,69.11103003769914,False,31,97,31:97
20260928T201256,300085.090816,69.11103003769914,False,32,121,32:121
20260928T201256,299959.190784,69.11103003769914,True,32,122,32:122
20260928T201256,300079.086848,69.11103003769914,False,33,98,33:98
20260928T201256,300786.450432,69.11103003769914,False,34,85,34:85
20260928T201256,300016.680448,69.11103003769914,False,34,86,34:86
20260928T201256,300063.733504,69.11103003769914,False,35,103,35:103
20260928T201256,300091.712256,69.11103003769914,False,35,104,35:104
20260928T201256,300168.196096,69.11103003769914,False,36,113,36:113
20260928T201256,300065.552128,69.11103003769914,False,36,114,36:114
20260928T201256,300092.8,69.11103003769914,False,37,125,37:125
20260928T201256,300039.28704,69.11103003769914,False,37,126,37:126
20260928T201256,300042.642688,69.11103003769914,False,38,100,38:100
20260928T201256,300153.199104,69.11103003769914,False,39,106,39:106
20260928T201256,300067.71584,69.11103003769914,False,40,106,40:106
20260928T201256,300089.017088,69.11103003769914,False,41,95,41:95
20260928T201256,300095.164928,69.11103003769914,True,42,100,42:100
20260928T201256,300133.070336,69.11103003769914,False,43,88,43:88
20260928T201256,300074.496256,69.11103003769914,False,44,119,44:119
20260928T201256,300079.225856,69.11103003769914,False,45,129,45:129
20260928T201256,299694.54464,69.11103003769914,True,45,130,45:130
20260928T201256,300160.96128,69.11103003769914,False,46,119,46:119
20260928T201256,300073.310976,69.11103003769914,False,47,89,47:89
20260928T201256,300021.758976,69.11103003769914,False,48,89,48:89
20260928T201256,300163.813376,69.11103003769914,False,49,98,49:98
20260928T201256,300026.700544,69.11103003769914,False,49,99,49:99
20260928T201256,300094.2592,69.11103003769914,True,50,107,50:107
20260928T201256,300069.378304,69.11103003769914,False,51,115,51:115
20260928T201256,300173.459456,69.11103003769914,False,52,117,52:117
20260928T201256,300177.522176,69.11103003769914,False,53,120,53:120
20260928T201256,300014.402816,69.11103003769914,False,53,121,53:121
20260928T201256,300089.322752,69.11103003769914,False,54,105,54:105
20260928T201256,300104.590848,69.11103003769914,False,55,89,55:89
20260928T201256,300024.25216,69.11103003769914,False,56,128,56:128
20260928T201256,300174.400512,69.11103003769914,False,57,89,57:89
20260928T201256,300088.96512,69.11103003769914,False,58,103,58:103
20260928T201256,300077.522944,69.11103003769914,False,58,104,58:104
20260928T201256,300154.272256,69.11103003769914,False,59,123,59:123
20260928T201256,300040.820736,69.11103003769914,False,60,94,60:94
20260928T201256,300119.838208,69.11103003769914,False,61,120,61:120
20260928T201256,300021.979648,69.11103003769914,False,61,121,61:121
20260928T201256,300085.17376,69.11103003769914,False,62,88,62:88
20260928T201256,300065.41184,69.11103003769914,False,63,110,63:110
20260928T201257,300038.027008,69.11103003769914,False,0,107,0:107
20260928T201257,300033.803264,69.11103003769914,False,1,107,1:107
20260928T201257,300053.010944,69.11103003769914,False,2,107,2:107
20260928T201257,300044.971008,69.11103003769914,False,3,111,3:111
20260928T201257,300064.962816,69.11103003769914,False,4,127,4:127
20260928T201257,300021.104896,69.11103003769914,False,5,96,5:96
20260928T201257,300031.860736,69.11103003769914,False,6,125,6:125
20260928T201257,300016.33408,69.11103003769914,False,6,126,6:126
20260928T201257,300048.086528,69.11103003769914,False,7,88,7:88
20260928T201257,300064.918016,69.11103003769914,False,8,125,8:125
20260928T201257,300061.814272,69.11103003769914,False,9,88,9:88
20260928T201257,300026.81088,69.11103003769914,False,10,125,10:125
20260928T201257,300071.796736,69.11103003769914,False,11,95,11:95
20260928T201257,300039.371264,69.11103003769914,False,12,93,12:93
20260928T201257,300055.381504,69.11103003769914,False,13,122,13:122
20260928T201257,299999.31904,69.11103003769914,True,14,106,14:106
20260928T201257,300037.129216,69.11103003769914,False,15,123,15:123
20260928T201257,300045.773312,69.11103003769914,False,16,97,16:97
20260928T201257,300058.88768,69.11103003769914,False,17,97,17:97
20260928T201257,300017.64736,69.11103003769914,False,19,90,19:90
20260928T201257,300011.440128,69.11103003769914,False,20,110,20:110
20260928T201257,300046.375168,69.11103003769914,False,21,89,21:89
20260928T201257,300036.411904,69.11103003769914,False,22,96,22:96
20260928T201257,300074.429696,69.11103003769914,False,23,107,23:107
20260928T201257,300020.820736,69.11103003769914,False,24,127,24:127
20260928T201257,300073.078272,69.11103003769914,False,25,124,25:124
20260928T201257,299501.76,69.11103003769914,True,26,101,26:101
20260928T201257,300040.4352,69.11103003769914,False,27,104,27:104
20260928T201257,300059.001856,69.11103003769914,False,28,117,28:117
20260928T201257,300031.508224,69.11103003769914,False,29,120,29:120
20260928T201257,300069.380864,69.11103003769914,False,29,121,29:121
20260928T201257,300042.018304,69.11103003769914,False,30,114,30:114
20260928T201257,300030.859008,69.11103003769914,False,31,98,31:98
20260928T201257,299795.634176,69.11103003769914,True,32,123,32:123
20260928T201257,300109.70624,69.11103003769914,False,33,99,33:99
20260928T201257,300082.822656,69.11103003769914,False,34,87,34:87
20260928T201257,300044.639744,69.11103003769914,False,35,105,35:105
20260928T201257,299503.337728,69.11103003769914,True,35,106,35:106
20260928T201257,300085.851648,69.11103003769914,False,36,115,36:115
20260928T201257,300020.295936,69.11103003769914,False,37,127,37:127
20260928T201257,300052.568832,69.11103003769914,False,38,101,38:101
20260928T201257,300099.208704,69.11103003769914,False,39,107,39:107
20260928T201257,300065.242112,69.11103003769914,False,40,107,40:107
20260928T201257,300047.013888,69.11103003769914,False,41,96,41:96
20260928T201257,300054.447104,69.11103003769914,False,42,101,42:101
20260928T201257,300101.25184,69.11103003769914,False,43,89,43:89
20260928T201257,300026.55744,69.11103003769914,False,44,120,44:120
20260928T201257,300012.251392,69.11103003769914,False,45,131,45:131
20260928T201257,300036.412928,69.11103003769914,False,46,120,46:120
20260928T201257,300019.563008,69.11103003769914,False,46,121,46:121
20260928T201257,300044.633856,69.11103003769914,False,47,90,47:90
20260928T201257,300096.919808,69.11103003769914,False,48,90,48:90
20260928T201257,299657.790976,69.11103003769914,True,49,100,49:100
20260928T201257,300054.818304,69.11103003769914,False,50,108,50:108
20260928T201257,300058.820096,69.11103003769914,False,51,116,51:116
20260928T201257,300064.409088,69.11103003769914,False,52,118,52:118
20260928T201257,300077.9456,69.11103003769914,False,53,122,53:122
20260928T201257,300024.594176,69.11103003769914,False,54,106,54:106
20260928T201257,300094.988544,69.11103003769914,False,55,90,55:90
20260928T201257,300068.415232,69.11103003769914,False,56,129,56:129
20260928T201257,300092.144384,69.11103003769914,False,57,90,57:90
20260928T201257,300016.10752,69.11103003769914,False,58,105,58:105
20260928T201257,300036.539392,69.11103003769914,False,59,124,59:124
20260928T201257,300084.998144,69.11103003769914,False,59,125,59:125
20260928T201257,300083.543808,69.11103003769914,False,60,95,60:95
20260928T201257,300084.329216,69.11103003769914,False,61,122,61:122
20260928T201257,300085.762304,69.11103003769914,False,61,123,61:123
20260928T201257,299957.12128,69.11103003769914,True,62,89,62:89
20260928T201257,300031.922432,69.11103003769914,False,63,111,63:111
20260928T201258,300026.100224,69.11103003769914,False,0,108,0:108
20260928T201258,300045.052672,69.11103003769914,False,1,108,1:108
20260928T201258,300087.081728,69.11103003769914,False,2,108,2:108
20260928T201258,299797.741056,69.11103003769914,True,3,112,3:112
20260928T201258,300044.223488,69.11103003769914,False,4,128,4:128
20260928T201258,300042.735616,69.11103003769914,False,4,129,4:129
20260928T201258,299173.614336,69.11103003769914,True,4,130,4:130
20260928T201258,300078.808064,69.11103003769914,False,5,97,5:97
20260928T201258,300008.87808,69.11103003769914,False,6,127,6:127
20260928T201258,300020.514304,69.11103003769914,False,7,89,7:89
20260928T201258,300057.127168,69.11103003769914,False,8,126,8:126
20260928T201258,300033.86752,69.11103003769914,False,8,127,8:127
20260928T201258,300061.085696,69.11103003769914,False,9,89,9:89
20260928T201258,300047.376896,69.11103003769914,False,10,126,10:126
20260928T201258,300018.95168,69.11103003769914,False,11,96,11:96
20260928T201258,300068.759296,69.11103003769914,False,12,94,12:94
20260928T201258,300043.026944,69.11103003769914,False,13,123,13:123
20260928T201258,300089.75488,69.11103003769914,False,14,107,14:107
20260928T201258,300041.676544,69.11103003769914,False,15,124,15:124
20260928T201258,299615.397376,69.11103003769914,True,16,98,16:98
20260928T201258,300087.15648,69.11103003769914,False,17,98,17:98
20260928T201258,300055.558144,69.11103003769914,False,18,119,18:119
20260928T201258,300063.301888,69.11103003769914,False,19,91,19:91
20260928T201258,300058.891264,69.11103003769914,False,20,111,20:111
20260928T201258,299547.78112,69.11103003769914,True,20,112,20:112
20260928T201258,300089.706496,69.11103003769914,False,21,90,21:90
20260928T201258,300059.265536,69.11103003769914,False,22,97,22:97
20260928T201258,300052.515072,69.11103003769914,False,23,108,23:108
20260928T201258,300041.614848,69.11103003769914,False,24,128,24:128
20260928T201258,300062.817024,69.11103003769914,False,24,129,24:129
20260928T201258,300018.196992,69.11103003769914,False,25,125,25:125
20260928T201258,300056.96768,69.11103003769914,False,26,102,26:102
20260928T201258,300031.127808,69.11103003769914,False,27,105,27:105
20260928T201258,300063.295744,69.11103003769914,False,28,118,28:118
20260928T201258,300032.963584,69.11103003769914,False,28,119,28:119
20260928T201258,300075.464192,69.11103003769914,False,29,122,29:122
20260928T201258,300015.436544,69.11103003769914,False,30,115,30:115
20260928T201258,300040.8384,69.11103003769914,False,31,99,31:99
20260928T201258,300064.401408,69.11103003769914,False,32,124,32:124
20260928T201258,300022.34496,69.11103003769914,False,33,100,33:100
20260928T201258,300043.21792,69.11103003769914,False,36,116,36:116
20260928T201258,300068.950272,69.11103003769914,False,37,128,37:128
20260928T201258,300035.516416,69.11103003769914,False,37,129,37:129
20260928T201258,300078.981888,69.11103003769914,False,38,102,38:102
20260928T201258,300037.51424,69.11103003769914,False,39,108,39:108
20260928T201258,300047.49824,69.11103003769914,False,40,108,40:108
20260928T201258,300064.48256,69.11103003769914,False,41,97,41:97
20260928T201258,300019.899392,69.11103003769914,False,42,102,42:102
20260928T201258,300019.06944,69.11103003769914,False,43,90,43:90
20260928T201258,300071.128576,69.11103003769914,False,44,121,44:121
20260928T201258,300024.655616,69.11103003769914,False,44,122,44:122
20260928T201258,300086.54208,69.11103003769914,False,45,132,45:132
20260928T201258,300021.897216,69.11103003769914,False,45,133,45:133
20260928T201258,300030.418944,69.11103003769914,True,46,122,46:122
20260928T201258,300016.645888,69.11103003769914,False,47,91,47:91
20260928T201258,300033.060096,69.11103003769914,False,48,91,48:91
20260928T201258,300048.920576,69.11103003769914,False,49,101,49:101
20260928T201258,300042.075904,69.11103003769914,False,50,109,50:109
20260928T201258,300084.777472,69.11103003769914,False,51,117,51:117
20260928T201258,300038.30272,69.11103003769914,False,51,118,51:118
20260928T201258,300009.596416,69.11103003769914,False,52,119,52:119
20260928T201258,299730.810368,69.11103003769914,True,53,123,53:123
20260928T201258,300031.02208,69.11103003769914,False,54,107,54:107
20260928T201258,299689.130752,69.11103003769914,True,54,108,54:108
20260928T201258,300078.402304,69.11103003769914,False,55,91,55:91
20260928T201258,300056.603392,69.11103003769914,False,56,130,56:130
20260928T201258,300010.075392,69.11103003769914,False,56,131,56:131
20260928T201258,300027.341568,69.11103003769914,False,57,91,57:91
20260928T201258,299581.660672,69.11103003769914,True,58,106,58:106
20260928T201258,300052.206848,69.11103003769914,False,59,126,59:126
20260928T201258,299700.58624,69.11103003769914,True,60,96,60:96
20260928T201258,300079.949824,69.11103003769914,False,61,124,61:124
20260928T201258,300077.079552,69.11103003769914,False,62,90,62:90
20260928T201258,300093.439488,69.11103003769914,False,63,112,63:112
20260928T201258,300072.862464,69.11103003769914,False,63,113,63:113
20260928T201259,300022.86848,69.11103003769914,False,0,109,0:109
20260928T201259,299842.344704,69.11103003769914,True,1,109,1:109
20260928T201259,300062.509056,69.11103003769914,False,2,109,2:109
20260928T201259,300071.290624,69.11103003769914,False,3,113,3:113
20260928T201259,300088.264448,69.11103003769914,False,5,98,5:98
20260928T201259,300050.072064,69.11103003769914,False,6,128,6:128
20260928T201259,300083.777536,69.11103003769914,False,6,129,6:129
20260928T201259,300029.105664,69.11103003769914,True,8,128,8:128
20260928T201259,300024.163328,69.11103003769914,False,9,90,9:90
20260928T201259,300057.85216,69.11103003769914,False,10,127,10:127
20260928T201259,300079.229696,69.11103003769914,False,11,97,11:97
20260928T201259,300020.094464,69.11103003769914,False,13,124,13:124
20260928T201259,300070.016768,69.11103003769914,False,14,108,14:108
20260928T201259,300056.969984,69.11103003769914,False,15,125,15:125
20260928T201259,300075.573504,69.11103003769914,False,15,126,15:126
20260928T201259,300048.903936,69.11103003769914,False,16,99,16:99
20260928T201259,300017.152768,69.11103003769914,False,17,99,17:99
20260928T201259,300042.107904,69.11103003769914,False,18,120,18:120
20260928T201259,300096.987648,69.11103003769914,False,18,121,18:121
20260928T201259,300085.969408,69.11103003769914,False,19,92,19:92
20260928T201259,300046.8608,69.11103003769914,False,20,113,20:113
20260928T201259,300073.0624,69.11103003769914,False,21,91,21:91
20260928T201259,300082.335488,69.11103003769914,False,22,98,22:98
20260928T201259,300065.426944,69.11103003769914,False,22,99,22:99
20260928T201259,300019.308288,69.11103003769914,False,23,109,23:109
20260928T201259,300053.352192,69.11103003769914,False,24,130,24:130
20260928T201259,300036.230144,69.11103003769914,False,25,126,25:126
20260928T201259,300050.977536,69.11103003769914,False,25,127,25:127
20260928T201259,299587.886848,69.11103003769914,True,26,103,26:103
20260928T201259,300035.583744,69.11103003769914,False,27,106,27:106
20260928T201259,300058.347776,69.11103003769914,False,27,107,27:107
20260928T201259,300029.804544,69.11103003769914,False,28,120,28:120
20260928T201259,300044.97152,69.11103003769914,False,29,123,29:123
20260928T201259,300071.149056,69.11103003769914,False,30,116,30:116
20260928T201259,300038.763264,69.11103003769914,False,30,117,30:117
20260928T201259,300086.937856,69.11103003769914,False,31,100,31:100
20260928T201259,300097.414912,69.11103003769914,False,31,101,31:101
20260928T201259,300049.961728,69.11103003769914,False,32,125,32:125
20260928T201259,300032.411392,69.11103003769914,False,33,101,33:101
20260928T201259,300082.49856,69.11103003769914,False,34,88,34:88
20260928T201259,300024.180224,69.11103003769914,False,34,89,34:89
20260928T201259,300029.130496,69.11103003769914,False,35,107,35:107
20260928T201259,300010.694656,69.11103003769914,False,36,117,36:117
20260928T201259,300009.540864,69.11103003769914,False,37,130,37:130
20260928T201259,300045.543168,69.11103003769914,False,38,103,38:103
20260928T201259,300093.96736,69.11103003769914,False,39,109,39:109
20260928T201259,300078.524928,69.11103003769914,False,39,110,39:110
20260928T201259,300066.35136,69.11103003769914,False,40,109,40:109
20260928T201259,300023.37152,69.11103003769914,False,41,98,41:98
20260928T201259,300027.586048,69.11103003769914,False,42,103,42:103
20260928T201259,300030.975488,69.11103003769914,False,42,104,42:104
20260928T201259,300013.762816,69.11103003769914,False,43,91,43:91
20260928T201259,300011.96928,69.11103003769914,False,44,123,44:123
20260928T201259,300044.557568,69.11103003769914,False,45,134,45:134
20260928T201259,300014.021888,69.11103003769914,False,46,123,46:123
20260928T201259,300042.484224,69.11103003769914,False,48,92,48:92
20260928T201259,300018.823424,69.11103003769914,False,49,102,49:102
20260928T201259,300012.218624,69.11103003769914,False,50,110,50:110
20260928T201259,300046.061312,69.11103003769914,False,50,111,50:111
20260928T201259,300026.552576,69.11103003769914,False,51,119,51:119
20260928T201259,300030.823424,69.11103003769914,False,52,120,52:120
20260928T201259,300040.572672,69.11103003769914,False,52,121,52:121
20260928T201259,300036.173056,69.11103003769914,False,53,124,53:124
20260928T201259,300043.009024,69.11103003769914,False,55,92,55:92
20260928T201259,300069.968384,69.11103003769914,False,56,132,56:132
20260928T201259,300018.209792,69.11103003769914,False,58,107,58:107
20260928T201259,300085.161984,69.11103003769914,False,59,127,59:127
20260928T201259,300051.872,69.11103003769914,False,60,97,60:97
20260928T201259,300075.060736,69.11103003769914,False,61,125,61:125
20260928T201259,300054.66112,69.11103003769914,False,62,91,62:91
20260928T201259,300079.323392,69.11103003769914,False,63,114,63:114
20260928T201300,300074.335232,69.11103003769914,False,0,110,0:110
20260928T201300,299879.542272,69.11103003769914,True,2,110,2:110
20260928T201300,299888.056064,69.11103003769914,True,3,114,3:114
20260928T201300,300025.231616,69.11103003769914,False,4,131,4:131
20260928T201300,300018.519808,69.11103003769914,False,4,132,4:132
20260928T201300,300016.804352,69.11103003769914,False,5,99,5:99
20260928T201300,300021.042432,69.11103003769914,False,6,130,6:130
20260928T201300,300061.689088,69.11103003769914,False,7,90,7:90
20260928T201300,300007.31904,69.11103003769914,False,7,91,7:91
20260928T201300,300030.983936,69.11103003769914,False,8,129,8:129
20260928T201300,300040.84736,69.11103003769914,False,9,91,9:91
20260928T201300,300065.59616,69.11103003769914,False,10,128,10:128
20260928T201300,300024.022016,69.11103003769914,False,11,98,11:98
20260928T201300,300039.842816,69.11103003769914,False,12,95,12:95
20260928T201300,300020.125952,69.11103003769914,False,13,125,13:125
20260928T201300,300063.914496,69.11103003769914,False,14,109,14:109
20260928T201300,300028.273408,69.11103003769914,False,15,127,15:127
20260928T201300,300054.025216,69.11103003769914,False,16,100,16:100
20260928T201300,300092.29184,69.11103003769914,False,17,100,17:100
20260928T201300,300027.172608,69.11103003769914,False,18,122,18:122
20260928T201300,300077.679872,69.11103003769914,False,19,93,19:93
20260928T201300,300088.337152,69.11103003769914,False,20,114,20:114
20260928T201300,300015.356928,69.11103003769914,False,22,100,22:100
20260928T201300,300011.300352,69.11103003769914,False,23,110,23:110
20260928T201300,300091.22944,69.11103003769914,False,24,131,24:131
20260928T201300,300027.37664,69.11103003769914,False,25,128,25:128
20260928T201300,299861.097216,69.11103003769914,True,26,104,26:104
20260928T201300,300071.684352,69.11103003769914,False,27,108,27:108
20260928T201300,300067.188736,69.11103003769914,False,28,121,28:121
20260928T201300,300015.18848,69.11103003769914,False,29,124,29:124
20260928T201300,300050.817792,69.11103003769914,False,29,125,29:125
20260928T201300,300070.254336,69.11103003769914,False,30,118,30:118
20260928T201300,300081.323776,69.11103003769914,False,32,126,32:126
20260928T201300,300029.244416,69.11103003769914,False,33,102,33:102
20260928T201300,300074.040064,69.11103003769914,False,35,108,35:108
20260928T201300,300038.947584,69.11103003769914,False,36,118,36:118
20260928T201300,300043.91808,69.11103003769914,False,37,131,37:131
20260928T201300,300013.403136,69.11103003769914,False,39,111,39:111
20260928T201300,300083.41376,69.11103003769914,False,40,110,40:110
20260928T201300,300058.471424,69.11103003769914,False,41,99,41:99
20260928T201300,300088.296704,69.11103003769914,False,41,100,41:100
20260928T201300,300064.139776,69.11103003769914,False,42,105,42:105
20260928T201300,300091.458816,69.11103003769914,False,43,92,43:92
20260928T201300,300022.497792,69.11103003769914,False,44,124,44:124
20260928T201300,300089.302784,69.11103003769914,False,45,135,45:135
20260928T201300,300050.364416,69.11103003769914,False,46,124,46:124
20260928T201300,300026.486528,69.11103003769914,False,47,92,47:92
20260928T201300,300063.86304,69.11103003769914,False,48,93,48:93
20260928T201300,299995.122688,69.11103003769914,True,49,103,49:103
20260928T201300,300044.43904,69.11103003769914,False,50,112,50:112
20260928T201300,300012.763648,69.11103003769914,False,51,120,51:120
20260928T201300,300009.833472,69.11103003769914,False,52,122,52:122
20260928T201300,300065.676032,69.11103003769914,False,53,125,53:125
20260928T201300,300050.523648,69.11103003769914,False,54,109,54:109
20260928T201300,300013.929472,69.11103003769914,False,55,93,55:93
20260928T201300,300063.931392,69.11103003769914,False,56,133,56:133
20260928T201300,300017.00352,69.11103003769914,False,57,92,57:92
20260928T201300,299461.0368,69.11103003769914,True,57,93,57:93
20260928T201300,300061.147904,69.11103003769914,True,58,108,58:108
20260928T201300,300044.94976,69.11103003769914,False,59,128,59:128
20260928T201300,299920.911872,69.11103003769914,True,59,129,59:129
20260928T201300,300060.82304,69.11103003769914,False,60,98,60:98
20260928T201300,300080.195584,69.11103003769914,False,61,126,61:126
20260928T201300,300046.197248,69.11103003769914,False,63,115,63:115
20260928T201301,300078.29888,69.11103003769914,False,0,111,0:111
20260928T201301,300074.572288,69.11103003769914,False,1,110,1:110
20260928T201301,300025.680896,69.11103003769914,False,1,111,1:111
20260928T201301,300069.746944,69.11103003769914,False,2,111,2:111
20260928T201301,300066.434048,69.11103003769914,False,3,115,3:115
20260928T201301,300012.165888,69.11103003769914,False,4,133,4:133
20260928T201301,300020.93312,69.11103003769914,False,5,100,5:100
20260928T201301,300019.237888,69.11103003769914,False,6,131,6:131
20260928T201301,299842.199296,69.11103003769914,True,6,132,6:132
20260928T201301,300024.97152,69.11103003769914,False,7,92,7:92
20260928T201301,300015.345664,69.11103003769914,False,8,130,8:130
20260928T201301,300028.367104,69.11103003769914,False,10,129,10:129
20260928T201301,300050.278144,69.11103003769914,False,10,130,10:130
20260928T201301,300075.730432,69.11103003769914,False,11,99,11:99
20260928T201301,300082.67392,69.11103003769914,False,12,96,12:96
20260928T201301,300092.50176,69.11103003769914,False,13,126,13:126
20260928T201301,300083.461632,69.11103003769914,False,13,127,13:127
20260928T201301,300061.956352,69.11103003769914,False,14,110,14:110
20260928T201301,300037.442048,69.11103003769914,False,15,128,15:128
20260928T201301,300014.534656,69.11103003769914,False,16,101,16:101
20260928T201301,300080.92928,69.11103003769914,False,17,101,17:101
20260928T201301,300081.971968,69.11103003769914,False,18,123,18:123
20260928T201301,299385.222656,69.11103003769914,True,19,94,19:94
20260928T201301,299422.045696,69.11103003769914,True,20,115,20:115
20260928T201301,300015.865088,69.11103003769914,False,21,92,21:92
20260928T201301,300012.356608,69.11103003769914,False,21,93,21:93
20260928T201301,300058.370048,69.11103003769914,False,22,101,22:101
20260928T201301,300076.791808,69.11103003769914,False,23,111,23:111
20260928T201301,300048.065792,69.11103003769914,False,24,132,24:132
20260928T201301,300084.905472,69.11103003769914,False,24,133,24:133
20260928T201301,300071.509248,69.11103003769914,False,25,129,25:129
20260928T201301,299743.900416,69.11103003769914,True,25,130,25:130
20260928T201301,300052.357888,69.11103003769914,False,26,105,26:105
20260928T201301,300053.529088,69.11103003769914,False,27,109,27:109
20260928T201301,300044.478464,69.11103003769914,False,28,122,28:122
20260928T201301,300045.147136,69.11103003769914,False,29,126,29:126
20260928T201301,300067.43168,69.11103003769914,False,30,119,30:119
20260928T201301,300067.175936,69.11103003769914,False,31,102,31:102
20260928T201301,300027.982848,69.11103003769914,False,32,127,32:127
20260928T201301,300034.02496,69.11103003769914,False,32,128,32:128
20260928T201301,300091.153408,69.11103003769914,False,33,103,33:103
20260928T201301,300046.646784,69.11103003769914,False,34,90,34:90
20260928T201301,300080.379904,69.11103003769914,False,35,109,35:109
20260928T201301,300067.858176,69.11103003769914,False,36,119,36:119
20260928T201301,300070.231552,69.11103003769914,False,36,120,36:120
20260928T201301,300026.845952,69.11103003769914,False,37,132,37:132
20260928T201301,300016.031744,69.11103003769914,False,38,104,38:104
20260928T201301,300053.314048,69.11103003769914,False,39,112,39:112
20260928T201301,300038.312448,69.11103003769914,False,40,111,40:111
20260928T201301,299529.697024,69.11103003769914,True,41,101,41:101
20260928T201301,300007.054336,69.11103003769914,False,42,106,42:106
20260928T201301,300047.671808,69.11103003769914,False,43,93,43:93
20260928T201301,300068.153344,69.11103003769914,False,44,125,44:125
20260928T201301,300033.02272,69.11103003769914,False,45,136,45:136
20260928T201301,299722.551552,69.11103003769914,True,45,137,45:137
20260928T201301,300082.512384,69.11103003769914,False,46,125,46:125
20260928T201301,300042.309376,69.11103003769914,False,46,126,46:126
20260928T201301,300080.687104,69.11103003769914,False,47,93,47:93
20260928T201301,300044.431872,69.11103003769914,False,48,94,48:94
20260928T201301,299934.020096,69.11103003769914,True,49,104,49:104
20260928T201301,299290.130432,69.11103003769914,True,50,113,50:113
20260928T201301,300057.727744,69.11103003769914,False,51,121,51:121
20260928T201301,300050.405376,69.11103003769914,False,52,123,52:123
20260928T201301,300085.027072,69.11103003769914,False,53,126,53:126
20260928T201301,300078.527232,69.11103003769914,False,54,110,54:110
20260928T201301,299210.354944,69.11103003769914,True,54,111,54:111
20260928T201301,300038.981632,69.11103003769914,False,55,94,55:94
20260928T201301,300017.345024,69.11103003769914,False,56,134,56:134
20260928T201301,300017.414144,69.11103003769914,False,56,135,56:135
20260928T201301,299711.072768,69.11103003769914,True,57,94,57:94
20260928T201301,300029.969664,69.11103003769914,False,60,99,60:99
20260928T201301,300051.030784,69.11103003769914,False,61,127,61:127
20260928T201301,300092.052992,69.11103003769914,False,62,92,62:92
20260928T201301,300032.80512,69.11103003769914,False,63,116,63:116
20260928T201302,300037.2736,69.11103003769914,False,0,112,0:112
20260928T201302,299381.346816,69.11103003769914,True,1,112,1:112
20260928T201302,300010.609408,69.11103003769914,False,2,112,2:112
20260928T201302,300075.590144,69.11103003769914,False,2,113,2:113
20260928T201302,300040.813056,69.11103003769914,False,3,116,3:116
20260928T201302,299975.119104,69.11103003769914,True,3,117,3:117
20260928T201302,300069.621248,69.11103003769914,False,4,134,4:134
20260928T201302,300087.452416,69.11103003769914,False,4,135,4:135
20260928T201302,300078.15424,69.11103003769914,False,5,101,5:101
20260928T201302,300018.523136,69.11103003769914,False,6,133,6:133
20260928T201302,300043.375872,69.11103003769914,False,8,131,8:131
20260928T201302,300071.594496,69.11103003769914,False,8,132,8:132
20260928T201302,300072.964864,69.11103003769914,False,9,92,9:92
20260928T201302,300082.771456,69.11103003769914,False,10,131,10:131
20260928T201302,300039.640576,69.11103003769914,False,11,100,11:100
20260928T201302,300055.158016,69.11103003769914,False,12,97,12:97
20260928T201302,300096.408832,69.11103003769914,False,13,128,13:128
20260928T201302,300075.527168,69.11103003769914,False,15,129,15:129
20260928T201302,300085.396992,69.11103003769914,False,17,102,17:102
20260928T201302,300045.127168,69.11103003769914,False,17,103,17:103
20260928T201302,300077.916416,69.11103003769914,False,18,124,18:124
20260928T201302,300047.252224,69.11103003769914,False,19,95,19:95
20260928T201302,300038.235904,69.11103003769914,False,20,116,20:116
20260928T201302,300043.600896,69.11103003769914,False,21,94,21:94
20260928T201302,300029.707264,69.11103003769914,False,22,102,22:102
20260928T201302,300028.785152,69.11103003769914,False,23,112,23:112
20260928T201302,300017.801472,69.11103003769914,False,24,134,24:134
20260928T201302,300023.43424,69.11103003769914,False,25,131,25:131
20260928T201302,300022.542848,69.11103003769914,False,26,106,26:106
20260928T201302,300044.701696,69.11103003769914,False,27,110,27:110
20260928T201302,300091.2768,69.11103003769914,False,28,123,28:123
20260928T201302,300075.269376,69.11103003769914,False,29,127,29:127
20260928T201302,300041.654784,69.11103003769914,False,30,120,30:120
20260928T201302,300110.233088,69.11103003769914,False,31,103,31:103
20260928T201302,299441.28128,69.11103003769914,True,31,104,31:104
20260928T201302,300058.459904,69.11103003769914,False,32,129,32:129
20260928T201302,300086.351104,69.11103003769914,False,34,91,34:91
20260928T201302,300016.966656,69.11103003769914,False,35,110,35:110
20260928T201302,300017.5552,69.11103003769914,False,36,121,36:121
20260928T201302,300079.42144,69.11103003769914,False,37,133,37:133
20260928T201302,299867.926528,69.11103003769914,True,37,134,37:134
20260928T201302,300035.648256,69.11103003769914,False,38,105,38:105
20260928T201302,300085.251328,69.11103003769914,False,39,113,39:113
20260928T201302,300069.570304,69.11103003769914,False,40,112,40:112
20260928T201302,300040.481024,69.11103003769914,False,41,102,41:102
20260928T201302,300021.231104,69.11103003769914,False,42,107,42:107
20260928T201302,300061.815808,69.11103003769914,False,43,94,43:94
20260928T201302,300010.694144,69.11103003769914,False,44,126,44:126
20260928T201302,300016.721408,69.11103003769914,False,45,138,45:138
20260928T201302,300054.692352,69.11103003769914,False,46,127,46:127
20260928T201302,299322.15424,69.11103003769914,True,46,128,46:128
20260928T201302,300037.515008,69.11103003769914,False,47,94,47:94
20260928T201302,300078.74944,69.11103003769914,False,48,95,48:95
20260928T201302,300021.1264,69.11103003769914,False,49,105,49:105
20260928T201302,300028.370432,69.11103003769914,False,50,114,50:114
20260928T201302,300063.996672,69.11103003769914,False,51,122,51:122
20260928T201302,299590.48192,69.11103003769914,True,51,123,51:123
20260928T201302,300011.434752,69.11103003769914,False,52,124,52:124
20260928T201302,300038.053632,69.11103003769914,False,53,127,53:127
20260928T201302,300085.097472,69.11103003769914,False,54,112,54:112
20260928T201302,300060.947456,69.11103003769914,False,55,95,55:95
20260928T201302,300081.909248,69.11103003769914,False,56,136,56:136
20260928T201302,300089.65632,69.11103003769914,False,58,109,58:109
20260928T201302,300083.660544,69.11103003769914,False,59,130,59:130
20260928T201302,300063.019264,69.11103003769914,False,59,131,59:131
20260928T201302,299651.20256,69.11103003769914,True,60,100,60:100
20260928T201302,300015.436032,69.11103003769914,False,61,128,61:128
20260928T201302,300078.788352,69.11103003769914,False,62,93,62:93
20260928T201302,300084.040448,69.11103003769914,False,63,117,63:117
20260928T201303,300063.5392,69.11103003769914,False,0,113,0:113
20260928T201303,300069.111296,69.11103003769914,False,1,113,1:113
20260928T201303,300016.343552,69.11103003769914,False,4,136,4:136
20260928T201303,300015.905024,69.11103003769914,False,5,102,5:102
20260928T201303,300058.503168,69.11103003769914,False,6,134,6:134
20260928T201303,300062.762496,69.11103003769914,False,7,93,7:93
20260928T201303,300009.949696,69.11103003769914,False,8,133,8:133
20260928T201303,300059.837696,69.11103003769914,False,9,93,9:93
20260928T201303,300055.782144,69.11103003769914,False,10,132,10:132
20260928T201303,300025.095168,69.11103003769914,False,10,133,10:133
20260928T201303,300062.994944,69.11103003769914,False,11,101,11:101
20260928T201303,300023.048448,69.11103003769914,False,12,98,12:98
20260928T201303,300018.872064,69.11103003769914,False,13,129,13:129
20260928T201303,300058.094336,69.11103003769914,False,14,111,14:111
20260928T201303,300066.12096,69.11103003769914,False,15,130,15:130
20260928T201303,300094.778624,69.11103003769914,False,16,102,16:102
20260928T201303,299605.24416,69.11103003769914,True,16,103,16:103
20260928T201303,300093.125888,69.11103003769914,False,17,104,17:104
20260928T201303,300069.116928,69.11103003769914,False,18,125,18:125
20260928T201303,300045.691392,69.11103003769914,False,18,126,18:126
20260928T201303,299680.582144,69.11103003769914,True,19,96,19:96
20260928T201303,300027.769856,69.11103003769914,False,20,117,20:117
20260928T201303,300077.298944,69.11103003769914,False,21,95,21:95
20260928T201303,299796.845056,69.11103003769914,True,22,103,22:103
20260928T201303,300021.137408,69.11103003769914,False,23,113,23:113
20260928T201303,300012.944896,69.11103003769914,False,24,135,24:135
20260928T201303,300006.764288,69.11103003769914,False,25,132,25:132
20260928T201303,300056.395008,69.11103003769914,False,26,107,26:107
20260928T201303,300039.618816,69.11103003769914,False,27,111,27:111
20260928T201303,300077.860352,69.11103003769914,False,28,124,28:124
20260928T201303,299669.86112,69.11103003769914,True,29,128,29:128
20260928T201303,299478.374656,69.11103003769914,True,29,129,29:129
20260928T201303,300053.765632,69.11103003769914,False,30,121,30:121
20260928T201303,300085.817088,69.11103003769914,False,32,130,32:130
20260928T201303,300014.97344,69.11103003769914,False,32,131,32:131
20260928T201303,300093.889536,69.11103003769914,False,33,104,33:104
20260928T201303,300042.11456,69.11103003769914,False,33,105,33:105
20260928T201303,300073.010176,69.11103003769914,False,34,92,34:92
20260928T201303,300081.43232,69.11103003769914,False,35,111,35:111
20260928T201303,300099.323648,69.11103003769914,False,36,122,36:122
20260928T201303,300079.898624,69.11103003769914,False,37,135,37:135
20260928T201303,300079.889664,69.11103003769914,False,38,106,38:106
20260928T201303,299978.929664,69.11103003769914,True,38,107,38:107
20260928T201303,300086.665472,69.11103003769914,False,39,114,39:114
20260928T201303,300009.106432,69.11103003769914,False,41,103,41:103
20260928T201303,300006.424576,69.11103003769914,False,42,108,42:108
20260928T201303,300039.283968,69.11103003769914,False,43,95,43:95
20260928T201303,300070.729728,69.11103003769914,False,44,127,44:127
20260928T201303,300084.176896,69.11103003769914,False,44,128,44:128
20260928T201303,300053.1136,69.11103003769914,False,45,139,45:139
20260928T201303,300091.799808,69.11103003769914,False,46,129,46:129
20260928T201303,300014.07872,69.11103003769914,False,48,96,48:96
20260928T201303,300089.689088,69.11103003769914,False,49,106,49:106
20260928T201303,299965.360128,69.11103003769914,True,50,115,50:115
20260928T201303,300026.233344,69.11103003769914,False,52,125,52:125
20260928T201303,300054.715648,69.11103003769914,False,52,126,52:126
20260928T201303,300048.961024,69.11103003769914,False,53,128,53:128
20260928T201303,300101.556736,69.11103003769914,False,54,113,54:113
20260928T201303,300051.282176,69.11103003769914,False,56,137,56:137
20260928T201303,300087.678208,69.11103003769914,False,57,95,57:95
20260928T201303,300092.199168,69.11103003769914,False,58,110,58:110
20260928T201303,300055.812864,69.11103003769914,False,58,111,58:111
20260928T201303,300049.027584,69.11103003769914,False,59,132,59:132
20260928T201303,300053.064192,69.11103003769914,False,60,101,60:101
20260928T201303,300080.203776,69.11103003769914,False,61,129,61:129
20260928T201303,300045.826304,69.11103003769914,False,62,94,62:94
20260928T201303,300087.49568,69.11103003769914,False,63,118,63:118
20260928T201304,300049.448192,69.11103003769914,False,0,114,0:114
20260928T201304,300038.687488,69.11103003769914,False,1,114,1:114
20260928T201304,300100.126208,69.11103003769914,False,2,114,2:114
20260928T201304,300101.334016,69.11103003769914,False,3,118,3:118
20260928T201304,300026.292736,69.11103003769914,False,4,137,4:137
20260928T201304,300025.035264,69.11103003769914,False,5,103,5:103
20260928T201304,300065.643264,69.11103003769914,False,6,135,6:135
20260928T201304,299260.41856,69.11103003769914,True,6,136,6:136
20260928T201304,300074.417664,69.11103003769914,False,7,94,7:94
20260928T201304,300053.168128,69.11103003769914,False,7,95,7:95
20260928T201304,300059.250176,69.11103003769914,False,8,134,8:134
20260928T201304,300080.020992,69.11103003769914,False,9,94,9:94
20260928T201304,300017.96864,69.11103003769914,False,10,134,10:134
20260928T201304,300034.719232,69.11103003769914,False,11,102,11:102
20260928T201304,300025.17632,69.11103003769914,False,12,99,12:99
20260928T201304,300078.507264,69.11103003769914,False,13,130,13:130
20260928T201304,300083.55072,69.11103003769914,False,14,112,14:112
20260928T201304,300035.798016,69.11103003769914,False,14,113,14:113
20260928T201304,300100.824576,69.11103003769914,False,15,131,15:131
20260928T201304,300034.840064,69.11103003769914,False,16,104,16:104
20260928T201304,300042.053888,69.11103003769914,False,17,105,17:105
20260928T201304,300084.997376,69.11103003769914,False,18,127,18:127
20260928T201304,300052.973312,69.11103003769914,False,20,118,20:118
20260928T201304,300024.98944,69.11103003769914,False,21,96,21:96
20260928T201304,300090.839552,69.11103003769914,False,22,104,22:104
20260928T201304,300082.962432,69.11103003769914,False,23,114,23:114
20260928T201304,299461.60384,69.11103003769914,True,23,115,23:115
20260928T201304,300070.348544,69.11103003769914,False,24,136,24:136
20260928T201304,300053.654784,69.11103003769914,False,25,133,25:133
20260928T201304,300037.57568,69.11103003769914,False,26,108,26:108
20260928T201304,299802.354944,69.11103003769914,True,27,112,27:112
20260928T201304,300075.783936,69.11103003769914,False,28,125,28:125
20260928T201304,300071.522304,69.11103003769914,False,29,130,29:130
20260928T201304,300024.687104,69.11103003769914,False,30,122,30:122
20260928T201304,300060.574208,69.11103003769914,False,30,123,30:123
20260928T201304,300086.308608,69.11103003769914,False,31,105,31:105
20260928T201304,299348.800768,69.11103003769914,True,32,132,32:132
20260928T201304,300072.28416,69.11103003769914,False,33,106,33:106
20260928T201304,300084.41472,69.11103003769914,False,34,93,34:93
20260928T201304,300030.5984,69.11103003769914,False,35,112,35:112
20260928T201304,300067.488,69.11103003769914,False,35,113,35:113
20260928T201304,300012.744192,69.11103003769914,False,36,123,36:123
20260928T201304,300024.701696,69.11103003769914,False,36,124,36:124
20260928T201304,300035.701504,69.11103003769914,False,37,136,37:136
20260928T201304,300042.426112,69.11103003769914,False,39,115,39:115
20260928T201304,300086.194176,69.11103003769914,False,40,113,40:113
20260928T201304,300079.49568,69.11103003769914,False,40,114,40:114
20260928T201304,300010.332416,69.11103003769914,False,41,104,41:104
20260928T201304,299642.644224,69.11103003769914,True,42,109,42:109
20260928T201304,300027.553536,69.11103003769914,False,43,96,43:96
20260928T201304,300076.810752,69.11103003769914,False,44,129,44:129
20260928T201304,300049.807872,69.11103003769914,False,45,140,45:140
20260928T201304,300079.22176,69.11103003769914,False,46,130,46:130
20260928T201304,300044.624384,69.11103003769914,False,47,95,47:95
20260928T201304,299873.490688,69.11103003769914,True,47,96,47:96
20260928T201304,300026.704896,69.11103003769914,False,49,107,49:107
20260928T201304,300061.254656,69.11103003769914,False,50,116,50:116
20260928T201304,300006.338048,69.11103003769914,False,51,124,51:124
20260928T201304,300089.178368,69.11103003769914,False,51,125,51:125
20260928T201304,300072.725248,69.11103003769914,False,52,127,52:127
20260928T201304,300062.884864,69.11103003769914,False,53,129,53:129
20260928T201304,299929.1136,69.11103003769914,True,53,130,53:130
20260928T201304,300033.797376,69.11103003769914,False,54,114,54:114
20260928T201304,300081.954816,69.11103003769914,False,55,96,55:96
20260928T201304,300008.441344,69.11103003769914,False,56,138,56:138
20260928T201304,300049.480448,69.11103003769914,False,57,96,57:96
20260928T201304,300017.056,69.11103003769914,False,58,112,58:112
20260928T201304,300085.493504,69.11103003769914,False,59,133,59:133
20260928T201304,299324.882688,69.11103003769914,True,59,134,59:134
20260928T201304,300061.395968,69.11103003769914,False,60,102,60:102
20260928T201304,300010.271232,69.11103003769914,False,61,130,61:130
20260928T201304,300031.577088,69.11103003769914,False,61,131,61:131
20260928T201304,299408.382976,69.11103003769914,True,62,95,62:95
20260928T201304,300049.225216,69.11103003769914,False,63,119,63:119
20260928T201305,300024.878336,69.11103003769914,False,0,115,0:115
20260928T201305,300065.94432,69.11103003769914,False,1,115,1:115
20260928T201305,300032.743936,69.11103003769914,False,2,115,2:115
20260928T201305,300062.808064,69.11103003769914,False,3,119,3:119
20260928T201305,300075.95776,69.11103003769914,False,4,138,4:138
20260928T201305,299246.032896,69.11103003769914,True,4,139,4:139
20260928T201305,300065.391104,69.11103003769914,False,7,96,7:96
20260928T201305,300090.33984,69.11103003769914,False,8,135,8:135
20260928T201305,300044.881152,69.11103003769914,False,8,136,8:136
20260928T201305,300020.633856,69.11103003769914,False,9,95,9:95
20260928T201305,299346.161152,69.11103003769914,True,10,135,10:135
20260928T201305,300017.627392,69.11103003769914,False,12,100,12:100
20260928T201305,300040.20736,69.11103003769914,False,13,131,13:131
20260928T201305,300084.685824,69.11103003769914,False,13,132,13:132
20260928T201305,300040.604416,69.11103003769914,False,15,132,15:132
20260928T201305,300074.219264,69.11103003769914,False,15,133,15:133
20260928T201305,300012.411648,69.11103003769914,False,16,105,16:105
20260928T201305,300064.331264,69.11103003769914,False,17,106,17:106
20260928T201305,300030.240256,69.11103003769914,False,18,128,18:128
20260928T201305,300025.497344,69.11103003769914,False,19,97,19:97
20260928T201305,299496.746752,69.11103003769914,True,20,119,20:119
20260928T201305,300049.835008,69.11103003769914,False,21,97,21:97
20260928T201305,299907.533056,69.11103003769914,True,22,105,22:105
20260928T201305,299760.978944,69.11103003769914,True,22,106,22:106
20260928T201305,300045.3184,69.11103003769914,False,23,116,23:116
20260928T201305,300072.105216,69.11103003769914,False,24,137,24:137
20260928T201305,300043.512832,69.11103003769914,False,25,134,25:134
20260928T201305,299596.02176,69.11103003769914,True,25,135,25:135
20260928T201305,300019.240704,69.11103003769914,False,26,109,26:109
20260928T201305,299782.449664,69.11103003769914,True,27,113,27:113
20260928T201305,300048.335104,69.11103003769914,False,28,126,28:126
20260928T201305,300085.2992,69.11103003769914,False,28,127,28:127
20260928T201305,300016.508416,69.11103003769914,False,29,131,29:131
20260928T201305,300014.977024,69.11103003769914,False,30,124,30:124
20260928T201305,300045.042432,69.11103003769914,False,31,106,31:106
20260928T201305,300016.346368,69.11103003769914,False,32,133,32:133
20260928T201305,300067.38048,69.11103003769914,False,33,107,33:107
20260928T201305,300042.208512,69.11103003769914,False,35,114,35:114
20260928T201305,300023.494656,69.11103003769914,False,36,125,36:125
20260928T201305,300059.409152,69.11103003769914,False,37,137,37:137
20260928T201305,300021.419264,69.11103003769914,False,37,138,37:138
20260928T201305,300076.571904,69.11103003769914,False,38,108,38:108
20260928T201305,300075.461632,69.11103003769914,False,38,109,38:109
20260928T201305,300070.928896,69.11103003769914,False,39,116,39:116
20260928T201305,300038.48576,69.11103003769914,False,39,117,39:117
20260928T201305,300010.59968,69.11103003769914,False,40,115,40:115
20260928T201305,300022.993152,69.11103003769914,False,41,105,41:105
20260928T201305,300007.752448,69.11103003769914,False,42,110,42:110
20260928T201305,300055.781376,69.11103003769914,False,43,97,43:97
20260928T201305,299195.723776,69.11103003769914,True,43,98,43:98
20260928T201305,300016.971776,69.11103003769914,False,44,130,44:130
20260928T201305,300008.402688,69.11103003769914,False,45,141,45:141
20260928T201305,300021.314304,69.11103003769914,False,46,131,46:131
20260928T201305,300020.118016,69.11103003769914,False,48,97,48:97
20260928T201305,300075.93984,69.11103003769914,False,49,108,49:108
20260928T201305,299692.939264,69.11103003769914,True,50,117,50:117
20260928T201305,300045.409792,69.11103003769914,False,51,126,51:126
20260928T201305,300027.240448,69.11103003769914,False,52,128,52:128
20260928T201305,300076.12928,69.11103003769914,False,53,131,53:131
20260928T201305,300035.63776,69.11103003769914,False,54,115,54:115
20260928T201305,300040.308992,69.11103003769914,False,54,116,54:116
20260928T201305,300022.866432,69.11103003769914,False,55,97,55:97
20260928T201305,300056.206592,69.11103003769914,False,55,98,55:98
20260928T201305,300007.737344,69.11103003769914,False,56,139,56:139
20260928T201305,300056.8064,69.11103003769914,False,56,140,56:140
20260928T201305,300017.40032,69.11103003769914,False,57,97,57:97
20260928T201305,300048.891648,69.11103003769914,False,58,113,58:113
20260928T201305,300077.842688,69.11103003769914,False,60,103,60:103
20260928T201305,300012.384512,69.11103003769914,False,61,132,61:132
20260928T201305,300009.801216,69.11103003769914,False,63,120,63:120
20260928T201306,299170.683392,69.11103003769914,True,0,117,0:117
20260928T201306,300051.79392,69.11103003769914,False,2,116,2:116
20260928T201306,300067.00288,69.11103003769914,False,3,120,3:120
20260928T201306,300061.762816,69.11103003769914,False,5,104,5:104
20260928T201306,300059.321088,69.11103003769914,False,6,137,6:137
20260928T201306,299495.612928,69.11103003769914,True,8,138,8:138
20260928T201306,299825.816576,69.11103003769914,True,10,136,10:136
20260928T201306,300070.691328,69.11103003769914,False,11,103,11:103
20260928T201306,300083.589376,69.11103003769914,False,14,114,14:114
20260928T201306,300064.59904,69.11103003769914,False,19,98,19:98
20260928T201306,299791.914496,69.11103003769914,True,20,120,20:120
20260928T201306,299994.397696,69.11103003769914,True,24,138,24:138
20260928T201306,300050.442752,69.11103003769914,False,31,107,31:107
20260928T201306,299869.962752,69.11103003769914,True,33,108,33:108
20260928T201306,300078.737664,69.11103003769914,False,34,94,34:94
20260928T201306,300060.966656,69.11103003769914,False,47,97,47:97
20260928T201306,300039.120384,69.11103003769914,False,50,118,50:118
20260928T201306,300056.681984,69.11103003769914,False,51,127,51:127
20260928T201306,299425.470464,69.11103003769914,True,51,128,51:128
20260928T201306,300045.462016,69.11103003769914,False,52,129,52:129
20260928T201306,299199.846656,69.11103003769914,True,54,118,54:118
20260928T201306,300027.281408,69.11103003769914,False,59,135,59:135
20260928T201306,300024.197376,69.11103003769914,False,60,104,60:104
20260928T201306,299133.27744,69.11103003769914,True,60,105,60:105
20260928T201306,299246.421504,69.11103003769914,True,61,134,61:134
20260928T201307,300740.272896,69.11103003769914,False,0,116,0:116
20260928T201307,299611.688704,69.11103003769914,True,0,118,0:118
20260928T201307,300498.84416,69.11103003769914,False,1,116,1:116
20260928T201307,300012.380672,69.11103003769914,False,1,117,1:117
20260928T201307,300032.410112,69.11103003769914,False,2,117,2:117
20260928T201307,300013.322752,69.11103003769914,False,3,121,3:121
20260928T201307,300515.305728,69.11103003769914,False,4,140,4:140
20260928T201307,300046.692096,69.11103003769914,False,4,141,4:141
20260928T201307,300072.2176,69.11103003769914,False,5,105,5:105
20260928T201307,300490.562304,69.11103003769914,False,6,138,6:138
20260928T201307,300019.932928,69.11103003769914,True,6,139,6:139
20260928T201307,300098.17344,69.11103003769914,False,7,97,7:97
20260928T201307,300459.427328,69.11103003769914,False,8,137,8:137
20260928T201307,300463.23072,69.11103003769914,False,9,96,9:96
20260928T201307,300026.2336,69.11103003769914,False,9,97,9:97
20260928T201307,300084.782336,69.11103003769914,False,10,137,10:137
20260928T201307,300320.086016,69.11103003769914,False,11,104,11:104
20260928T201307,300006.368,69.11103003769914,False,11,105,11:105
20260928T201307,300079.383296,69.11103003769914,False,12,101,12:101
20260928T201307,300495.913472,69.11103003769914,False,13,133,13:133
20260928T201307,300070.862592,69.11103003769914,False,13,134,13:134
20260928T201307,300371.363072,69.11103003769914,False,14,115,14:115
20260928T201307,300012.978176,69.11103003769914,False,14,116,14:116
20260928T201307,300582.098432,69.11103003769914,False,15,134,15:134
20260928T201307,300025.230336,69.11103003769914,False,15,135,15:135
20260928T201307,300551.00416,69.11103003769914,False,16,106,16:106
20260928T201307,300052.854784,69.11103003769914,False,16,107,16:107
20260928T201307,300559.180032,69.11103003769914,False,17,107,17:107
20260928T201307,300040.829184,69.11103003769914,False,17,108,17:108
20260928T201307,300502.741504,69.11103003769914,False,18,129,18:129
20260928T201307,300025.392384,69.11103003769914,False,18,130,18:130
20260928T201307,300056.598784,69.11103003769914,False,19,99,19:99
20260928T201307,300060.608512,69.11103003769914,False,20,121,20:121
20260928T201307,300006.288896,69.11103003769914,False,20,122,20:122
20260928T201307,300364.315904,69.11103003769914,False,21,98,21:98
20260928T201307,300151.796736,69.11103003769914,False,22,107,22:107
20260928T201307,300515.217664,69.11103003769914,False,23,117,23:117
20260928T201307,300103.62496,69.11103003769914,False,23,118,23:118
20260928T201307,300185.730816,69.11103003769914,False,24,139,24:139
20260928T201307,300018.140416,69.11103003769914,False,24,140,24:140
20260928T201307,300441.14944,69.11103003769914,False,25,136,25:136
20260928T201307,300054.352896,69.11103003769914,False,25,137,25:137
20260928T201307,300773.065728,69.11103003769914,False,26,110,26:110
20260928T201307,300056.776192,69.11103003769914,False,26,111,26:111
20260928T201307,300623.896832,69.11103003769914,False,27,114,27:114
20260928T201307,300024.672,69.11103003769914,False,27,115,27:115
20260928T201307,300315.937024,69.11103003769914,False,28,128,28:128
20260928T201307,300061.586176,69.11103003769914,False,28,129,28:129
20260928T201307,300817.387776,69.11103003769914,False,29,132,29:132
20260928T201307,300028.996864,69.11103003769914,False,29,133,29:133
20260928T201307,300389.860608,69.11103003769914,False,30,125,30:125
20260928T201307,300069.700864,69.11103003769914,False,30,126,30:126
20260928T201307,300325.435392,69.11103003769914,False,31,108,31:108
20260928T201307,300051.524096,69.11103003769914,False,31,109,31:109
20260928T201307,300721.188352,69.11103003769914,False,32,134,32:134
20260928T201307,300062.772992,69.11103003769914,False,32,135,32:135
20260928T201307,300029.230592,69.11103003769914,False,33,109,33:109
20260928T201307,300024.170496,69.11103003769914,False,34,95,34:95
20260928T201307,300349.87392,69.11103003769914,False,35,115,35:115
20260928T201307,300063.76704,69.11103003769914,False,35,116,35:116
20260928T201307,300624.333312,69.11103003769914,False,36,126,36:126
20260928T201307,300040.073984,69.11103003769914,False,36,127,36:127
20260928T201307,300370.28224,69.11103003769914,False,37,139,37:139
20260928T201307,300043.316736,69.11103003769914,False,37,140,37:140
20260928T201307,300125.319424,69.11103003769914,False,38,110,38:110
20260928T201307,300270.738432,69.11103003769914,False,39,118,39:118
20260928T201307,300053.831168,69.11103003769914,False,39,119,39:119
20260928T201307,300482.892032,69.11103003769914,False,40,116,40:116
20260928T201307,300074.315008,69.11103003769914,False,40,117,40:117
20260928T201307,300423.425024,69.11103003769914,False,41,106,41:106
20260928T201307,300083.876608,69.11103003769914,False,41,107,41:107
20260928T201307,300222.573056,69.11103003769914,False,42,111,42:111
20260928T201307,300029.105152,69.11103003769914,False,43,99,43:99
20260928T201307,300627.231232,69.11103003769914,False,44,131,44:131
20260928T201307,300098.802432,69.11103003769914,False,44,132,44:132
20260928T201307,300684.898304,69.11103003769914,False,45,142,45:142
20260928T201307,300059.839744,69.11103003769914,False,45,143,45:143
20260928T201307,300048.644864,69.11103003769914,False,45,144,45:144
20260928T201307,300516.9728,69.11103003769914,False,46,132,46:132
20260928T201307,300024.205312,69.11103003769914,False,46,133,46:133
20260928T201307,300042.290688,69.11103003769914,False,47,98,47:98
20260928T201307,300684.192512,69.11103003769914,False,48,98,48:98
20260928T201307,300026.920448,69.11103003769914,False,48,99,48:99
20260928T201307,300482.297088,69.11103003769914,False,49,109,49:109
20260928T201307,300068.508928,69.11103003769914,False,49,110,49:110
20260928T201307,300091.149056,69.11103003769914,False,50,119,50:119
20260928T201307,300162.991616,69.11103003769914,False,52,130,52:130
20260928T201307,300011.264512,69.11103003769914,False,52,131,52:131
20260928T201307,300670.63552,69.11103003769914,False,53,132,53:132
20260928T201307,300106.89152,69.11103003769914,False,53,133,53:133
20260928T201307,300612.540416,69.11103003769914,False,54,117,54:117
20260928T201307,300377.29536,69.11103003769914,False,55,99,55:99
20260928T201307,300073.418752,69.11103003769914,False,55,100,55:100
20260928T201307,300634.7072,69.11103003769914,False,56,141,56:141
20260928T201307,300103.959552,69.11103003769914,False,56,142,56:142
20260928T201307,300069.787648,69.11103003769914,False,56,143,56:143
20260928T201307,300245.550336,69.11103003769914,False,57,98,57:98
20260928T201307,300011.682304,69.11103003769914,False,57,99,57:99
20260928T201307,300298.136064,69.11103003769914,False,58,114,58:114
20260928T201307,299847.394816,69.11103003769914,True,58,115,58:115
20260928T201307,300158.749696,69.11103003769914,False,59,136,59:136
20260928T201307,300067.417856,69.11103003769914,False,59,137,59:137
20260928T201307,299835.74144,69.11103003769914,True,60,106,60:106
20260928T201307,300818.833664,69.11103003769914,False,61,133,61:133
20260928T201307,300012.215808,69.11103003769914,False,61,135,61:135
20260928T201307,300674.103296,69.11103003769914,False,62,96,62:96
20260928T201307,300070.45632,69.11103003769914,False,62,97,62:97
20260928T201307,300103.798528,69.11103003769914,False,63,121,63:121
20260928T201308,300015.371776,69.11103003769914,False,0,119,0:119
20260928T201308,300061.605888,69.11103003769914,False,1,118,1:118
20260928T201308,300019.870464,69.11103003769914,False,2,118,2:118
20260928T201308,300080.350976,69.11103003769914,False,2,119,2:119
20260928T201308,300028.870656,69.11103003769914,False,3,122,3:122
20260928T201308,300041.666048,69.11103003769914,False,4,142,4:142
20260928T201308,300013.437696,69.11103003769914,False,5,106,5:106
20260928T201308,300080.446976,69.11103003769914,False,6,140,6:140
20260928T201308,300055.121664,69.11103003769914,False,6,141,6:141
20260928T201308,300051.277056,69.11103003769914,True,7,98,7:98
20260928T201308,300107.35616,69.11103003769914,False,8,139,8:139
20260928T201308,300050.960896,69.11103003769914,False,9,98,9:98
20260928T201308,300081.22624,69.11103003769914,False,10,138,10:138
20260928T201308,299885.84192,69.11103003769914,True,11,106,11:106
20260928T201308,300062.697984,69.11103003769914,False,12,102,12:102
20260928T201308,300039.411968,69.11103003769914,False,13,135,13:135
20260928T201308,300048.861184,69.11103003769914,False,14,117,14:117
20260928T201308,300040.9024,69.11103003769914,False,15,136,15:136
20260928T201308,300068.120576,69.11103003769914,False,16,108,16:108
20260928T201308,300090.92992,69.11103003769914,False,17,109,17:109
20260928T201308,300050.348544,69.11103003769914,False,18,131,18:131
20260928T201308,300012.67072,69.11103003769914,False,19,100,19:100
20260928T201308,300011.943936,69.11103003769914,False,20,123,20:123
20260928T201308,300044.667392,69.11103003769914,False,21,99,21:99
20260928T201308,300070.356224,69.11103003769914,False,22,108,22:108
20260928T201308,300019.54048,69.11103003769914,False,23,119,23:119
20260928T201308,300057.799936,69.11103003769914,False,24,141,24:141
20260928T201308,300016.3712,69.11103003769914,False,25,138,25:138
20260928T201308,300113.260032,69.11103003769914,False,26,112,26:112
20260928T201308,300048.453376,69.11103003769914,False,27,116,27:116
20260928T201308,300035.996672,69.11103003769914,False,28,130,28:130
20260928T201308,300009.931776,69.11103003769914,False,29,134,29:134
20260928T201308,300026.526976,69.11103003769914,False,30,127,30:127
20260928T201308,300081.347328,69.11103003769914,False,31,110,31:110
20260928T201308,300012.04736,69.11103003769914,False,32,136,32:136
20260928T201308,300048.188928,69.11103003769914,False,33,110,33:110
20260928T201308,300020.907776,69.11103003769914,False,34,96,34:96
20260928T201308,300005.338112,69.11103003769914,False,36,128,36:128
20260928T201308,299283.898368,69.11103003769914,True,36,129,36:129
20260928T201308,300065.498368,69.11103003769914,False,37,141,37:141
20260928T201308,300040.226048,69.11103003769914,False,38,111,38:111
20260928T201308,300015.13856,69.11103003769914,False,39,120,39:120
20260928T201308,299867.158272,69.11103003769914,True,40,118,40:118
20260928T201308,300058.122752,69.11103003769914,False,41,108,41:108
20260928T201308,300046.674944,69.11103003769914,False,42,112,42:112
20260928T201308,300080.835328,69.11103003769914,False,43,100,43:100
20260928T201308,300039.183104,69.11103003769914,False,44,133,44:133
20260928T201308,300050.093824,69.11103003769914,True,45,145,45:145
20260928T201308,300083.4368,69.11103003769914,False,46,134,46:134
20260928T201308,300053.384192,69.11103003769914,False,47,99,47:99
20260928T201308,300049.14816,69.11103003769914,False,48,100,48:100
20260928T201308,300035.145472,69.11103003769914,False,49,111,49:111
20260928T201308,300080.142848,69.11103003769914,False,50,120,50:120
20260928T201308,300085.542656,69.11103003769914,False,50,121,50:121
20260928T201308,300037.689856,69.11103003769914,False,51,129,51:129
20260928T201308,300043.917312,69.11103003769914,False,51,130,51:130
20260928T201308,300008.95616,69.11103003769914,False,52,132,52:132
20260928T201308,300077.361664,69.11103003769914,False,53,134,53:134
20260928T201308,300084.57344,69.11103003769914,False,53,135,53:135
20260928T201308,300029.001728,69.11103003769914,False,54,119,54:119
20260928T201308,300038.869504,69.11103003769914,False,55,101,55:101
20260928T201308,299965.55264,69.11103003769914,True,56,144,56:144
20260928T201308,300026.121472,69.11103003769914,False,57,100,57:100
20260928T201308,300021.389312,69.11103003769914,False,58,116,58:116
20260928T201308,300063.883776,69.11103003769914,False,59,138,59:138
20260928T201308,300030.56128,69.11103003769914,False,60,107,60:107
20260928T201308,300029.353216,69.11103003769914,False,61,136,61:136
20260928T201308,300070.454528,69.11103003769914,False,62,98,62:98
20260928T201308,300057.599232,69.11103003769914,False,63,122,63:122
20260928T201309,300077.933824,69.11103003769914,False,0,120,0:120
20260928T201309,299852.65408,69.11103003769914,True,1,119,1:119
20260928T201309,300083.491328,69.11103003769914,False,2,120,2:120
20260928T201309,300056.848128,69.11103003769914,False,3,123,3:123
20260928T201309,300054.15296,69.11103003769914,False,3,124,3:124
20260928T201309,300008.29184,69.11103003769914,False,4,143,4:143
20260928T201309,300018.537472,69.11103003769914,False,4,144,4:144
20260928T201309,300047.208704,69.11103003769914,False,5,107,5:107
20260928T201309,300078.714368,69.11103003769914,False,6,142,6:142
20260928T201309,300021.221376,69.11103003769914,False,7,99,7:99
20260928T201309,300040.055296,69.11103003769914,False,8,140,8:140
20260928T201309,300054.961408,69.11103003769914,False,8,141,8:141
20260928T201309,300060.41344,69.11103003769914,False,9,99,9:99
20260928T201309,300059.625728,69.11103003769914,False,10,139,10:139
20260928T201309,299414.661888,69.11103003769914,True,10,140,10:140
20260928T201309,300042.778368,69.11103003769914,False,12,103,12:103
20260928T201309,299648.331776,69.11103003769914,True,12,104,12:104
20260928T201309,300021.409792,69.11103003769914,False,13,136,13:136
20260928T201309,300045.320192,69.11103003769914,False,14,118,14:118
20260928T201309,300023.110656,69.11103003769914,False,15,137,15:137
20260928T201309,300089.153792,69.11103003769914,False,15,138,15:138
20260928T201309,300084.536576,69.11103003769914,False,17,110,17:110
20260928T201309,300010.523648,69.11103003769914,False,18,132,18:132
20260928T201309,300046.39744,69.11103003769914,False,19,101,19:101
20260928T201309,300019.358976,69.11103003769914,False,20,124,20:124
20260928T201309,300026.553856,69.11103003769914,False,21,100,21:100
20260928T201309,300065.079808,69.11103003769914,False,22,109,22:109
20260928T201309,300067.910912,69.11103003769914,False,23,120,23:120
20260928T201309,300079.54816,69.11103003769914,True,23,121,23:121
20260928T201309,300015.42528,69.11103003769914,False,24,142,24:142
20260928T201309,300061.641472,69.11103003769914,False,25,139,25:139
20260928T201309,299488.182784,69.11103003769914,True,25,140,25:140
20260928T201309,300033.847296,69.11103003769914,False,26,113,26:113
20260928T201309,300076.766976,69.11103003769914,False,26,114,26:114
20260928T201309,300029.99168,69.11103003769914,False,27,117,27:117
20260928T201309,300019.594752,69.11103003769914,False,27,118,27:118
20260928T201309,300022.223616,69.11103003769914,False,28,131,28:131
20260928T201309,300087.017472,69.11103003769914,False,29,135,29:135
20260928T201309,300042.270976,69.11103003769914,False,29,136,29:136
20260928T201309,300010.2656,69.11103003769914,False,30,128,30:128
20260928T201309,300082.705152,69.11103003769914,False,32,137,32:137
20260928T201309,300006.831616,69.11103003769914,False,32,138,32:138
20260928T201309,300046.811904,69.11103003769914,False,33,111,33:111
20260928T201309,300038.593792,69.11103003769914,False,34,97,34:97
20260928T201309,300072.608512,69.11103003769914,False,35,117,35:117
20260928T201309,300027.215104,69.11103003769914,False,37,142,37:142
20260928T201309,300080.8384,69.11103003769914,False,38,112,38:112
20260928T201309,300042.313728,69.11103003769914,False,38,113,38:113
20260928T201309,300034.458624,69.11103003769914,False,39,121,39:121
20260928T201309,300065.354496,69.11103003769914,False,40,119,40:119
20260928T201309,300086.200832,69.11103003769914,False,41,109,41:109
20260928T201309,300038.150144,69.11103003769914,False,42,113,42:113
20260928T201309,300065.868032,69.11103003769914,False,43,101,43:101
20260928T201309,300042.838528,69.11103003769914,False,44,134,44:134
20260928T201309,300031.248896,69.11103003769914,False,45,146,45:146
20260928T201309,300008.411904,69.11103003769914,False,46,135,46:135
20260928T201309,300089.400064,69.11103003769914,False,47,100,47:100
20260928T201309,300026.85056,69.11103003769914,False,48,101,48:101
20260928T201309,300054.246144,69.11103003769914,False,49,112,49:112
20260928T201309,300064.523264,69.11103003769914,False,50,122,50:122
20260928T201309,300068.320256,69.11103003769914,False,51,131,51:131
20260928T201309,300042.295552,69.11103003769914,False,52,133,52:133
20260928T201309,300082.146048,69.11103003769914,False,53,136,53:136
20260928T201309,300071.881984,69.11103003769914,False,54,120,54:120
20260928T201309,300084.129024,69.11103003769914,False,55,102,55:102
20260928T201309,299517.642496,69.11103003769914,True,56,145,56:145
20260928T201309,300019.198464,69.11103003769914,False,58,117,58:117
20260928T201309,300061.542656,69.11103003769914,False,59,139,59:139
20260928T201309,300024.500224,69.11103003769914,False,61,137,61:137
20260928T201309,299340.433664,69.11103003769914,True,61,138,61:138
20260928T201309,299577.29536,69.11103003769914,True,62,99,62:99
20260928T201309,300085.901568,69.11103003769914,False,63,123,63:123
20260928T201309,300080.187392,69.11103003769914,False,63,124,63:124
20260928T201310,300026.207488,69.11103003769914,False,0,121,0:121
20260928T201310,300034.819328,69.11103003769914,False,1,120,1:120
20260928T201310,300043.936,69.11103003769914,False,2,121,2:121
20260928T201310,299338.159616,69.11103003769914,True,3,125,3:125
20260928T201310,300082.591488,69.11103003769914,False,4,145,4:145
20260928T201310,300078.735616,69.11103003769914,False,5,108,5:108
20260928T201310,300085.001728,69.11103003769914,False,6,143,6:143
20260928T201310,300073.096192,69.11103003769914,False,7,100,7:100
20260928T201310,299514.95168,69.11103003769914,True,7,101,7:101
20260928T201310,300023.241472,69.11103003769914,False,8,142,8:142
20260928T201310,300039.74528,69.11103003769914,False,9,100,9:100
20260928T201310,300069.666816,69.11103003769914,False,10,141,10:141
20260928T201310,300082.002944,69.11103003769914,False,11,107,11:107
20260928T201310,300069.286912,69.11103003769914,False,13,137,13:137
20260928T201310,300016.365824,69.11103003769914,False,14,119,14:119
20260928T201310,300045.262336,69.11103003769914,False,15,139,15:139
20260928T201310,300095.694848,69.11103003769914,False,16,109,16:109
20260928T201310,300083.379968,69.11103003769914,False,17,111,17:111
20260928T201310,300053.846528,69.11103003769914,False,18,133,18:133
20260928T201310,300058.354176,69.11103003769914,False,19,102,19:102
20260928T201310,300029.426944,69.11103003769914,False,20,125,20:125
20260928T201310,300088.068352,69.11103003769914,False,21,101,21:101
20260928T201310,300026.41664,69.11103003769914,False,22,110,22:110
20260928T201310,299584.097024,69.11103003769914,True,23,122,23:122
20260928T201310,300022.002688,69.11103003769914,False,24,143,24:143
20260928T201310,300051.928832,69.11103003769914,False,28,132,28:132
20260928T201310,300039.742976,69.11103003769914,False,29,137,29:137
20260928T201310,300044.802048,69.11103003769914,False,30,129,30:129
20260928T201310,300009.055488,69.11103003769914,False,30,130,30:130
20260928T201310,300046.679808,69.11103003769914,False,31,111,31:111
20260928T201310,300069.641728,69.11103003769914,False,32,139,32:139
20260928T201310,299471.890432,69.11103003769914,True,33,112,33:112
20260928T201310,299621.679104,69.11103003769914,True,34,98,34:98
20260928T201310,300025.5808,69.11103003769914,False,35,118,35:118
20260928T201310,300044.388608,69.11103003769914,False,36,130,36:130
20260928T201310,300016.794624,69.11103003769914,False,37,143,37:143
20260928T201310,300059.92192,69.11103003769914,False,39,122,39:122
20260928T201310,300040.981248,69.11103003769914,False,40,120,40:120
20260928T201310,300032.327424,69.11103003769914,False,41,110,41:110
20260928T201310,300044.785152,69.11103003769914,False,42,114,42:114
20260928T201310,299273.392128,69.11103003769914,True,42,115,42:115
20260928T201310,300082.03392,69.11103003769914,False,43,102,43:102
20260928T201310,300038.35264,69.11103003769914,False,44,135,44:135
20260928T201310,300016.93568,69.11103003769914,False,44,136,44:136
20260928T201310,300067.989504,69.11103003769914,False,45,147,45:147
20260928T201310,300079.959808,69.11103003769914,False,45,148,45:148
20260928T201310,300016.660224,69.11103003769914,False,46,136,46:136
20260928T201310,300043.402496,69.11103003769914,False,47,101,47:101
20260928T201310,300053.02528,69.11103003769914,False,48,102,48:102
20260928T201310,300090.804736,69.11103003769914,False,49,113,49:113
20260928T201310,299362.208512,69.11103003769914,True,49,114,49:114
20260928T201310,300035.58272,69.11103003769914,False,50,123,50:123
20260928T201310,300087.321088,69.11103003769914,False,51,132,51:132
20260928T201310,300087.412736,69.11103003769914,False,52,134,52:134
20260928T201310,300066.459392,69.11103003769914,False,53,137,53:137
20260928T201310,300032.02688,69.11103003769914,False,53,138,53:138
20260928T201310,300023.798528,69.11103003769914,False,54,121,54:121
20260928T201310,300068.588288,69.11103003769914,False,55,103,55:103
20260928T201310,300049.929472,69.11103003769914,False,56,146,56:146
20260928T201310,299430.782464,69.11103003769914,True,56,147,56:147
20260928T201310,300086.719488,69.11103003769914,False,57,101,57:101
20260928T201310,300080.16384,69.11103003769914,False,58,118,58:118
20260928T201310,300008.382976,69.11103003769914,False,59,140,59:140
20260928T201310,300086.722816,69.11103003769914,False,60,108,60:108
20260928T201310,300028.879104,69.11103003769914,False,60,109,60:109
20260928T201311,300067.633664,69.11103003769914,False,0,122,0:122
20260928T201311,300031.693824,69.11103003769914,False,1,121,1:121
20260928T201311,300063.099904,69.11103003769914,False,2,122,2:122
20260928T201311,300068.67712,69.11103003769914,False,3,126,3:126
20260928T201311,300010.590976,69.11103003769914,False,4,146,4:146
20260928T201311,299698.53184,69.11103003769914,True,5,109,5:109
20260928T201311,300060.109568,69.11103003769914,False,6,144,6:144
20260928T201311,300020.888576,69.11103003769914,False,6,145,6:145
20260928T201311,300078.269696,69.11103003769914,False,8,143,8:143
20260928T201311,300080.960512,69.11103003769914,False,9,101,9:101
20260928T201311,300085.21472,69.11103003769914,False,10,142,10:142
20260928T201311,299507.453952,69.11103003769914,True,10,143,10:143
20260928T201311,300060.305152,69.11103003769914,False,11,108,11:108
20260928T201311,299695.117056,69.11103003769914,True,12,105,12:105
20260928T201311,300072.192,69.11103003769914,False,13,138,13:138
20260928T201311,300067.463168,69.11103003769914,False,14,120,14:120
20260928T201311,300013.053184,69.11103003769914,False,15,140,15:140
20260928T201311,300021.124864,69.11103003769914,False,16,110,16:110
20260928T201311,300064.197632,69.11103003769914,False,18,134,18:134
20260928T201311,300022.10048,69.11103003769914,False,18,135,18:135
20260928T201311,300016.747776,69.11103003769914,False,20,126,20:126
20260928T201311,300063.316992,69.11103003769914,False,21,102,21:102
20260928T201311,300068.852224,69.11103003769914,False,22,111,22:111
20260928T201311,300085.241856,69.11103003769914,False,23,123,23:123
20260928T201311,300045.37472,69.11103003769914,False,24,144,24:144
20260928T201311,300052.252416,69.11103003769914,False,24,145,24:145
20260928T201311,300031.689984,69.11103003769914,False,25,141,25:141
20260928T201311,299203.673088,69.11103003769914,True,25,142,25:142
20260928T201311,300030.27456,69.11103003769914,False,26,115,26:115
20260928T201311,300029.202176,69.11103003769914,False,27,119,27:119
20260928T201311,300034.719488,69.11103003769914,False,28,133,28:133
20260928T201311,300087.70048,69.11103003769914,False,29,138,29:138
20260928T201311,299812.493824,69.11103003769914,True,30,131,30:131
20260928T201311,300072.36224,69.11103003769914,False,31,112,31:112
20260928T201311,300035.238144,69.11103003769914,False,32,140,32:140
20260928T201311,300037.535232,69.11103003769914,False,32,141,32:141
20260928T201311,300046.801152,69.11103003769914,False,33,113,33:113
20260928T201311,300034.50112,69.11103003769914,False,35,119,35:119
20260928T201311,300047.86048,69.11103003769914,False,36,131,36:131
20260928T201311,300086.118656,69.11103003769914,False,37,144,37:144
20260928T201311,300040.335104,69.11103003769914,False,37,145,37:145
20260928T201311,300046.8864,69.11103003769914,False,38,114,38:114
20260928T201311,300063.150592,69.11103003769914,False,39,123,39:123
20260928T201311,300041.968896,69.11103003769914,False,40,121,40:121
20260928T201311,300032.518656,69.11103003769914,False,41,111,41:111
20260928T201311,300058.05312,69.11103003769914,False,42,116,42:116
20260928T201311,300028.19968,69.11103003769914,False,43,103,43:103
20260928T201311,300024.232448,69.11103003769914,False,44,137,44:137
20260928T201311,300071.680512,69.11103003769914,False,45,149,45:149
20260928T201311,300015.185408,69.11103003769914,False,46,137,46:137
20260928T201311,300010.22464,69.11103003769914,False,47,102,47:102
20260928T201311,300022.230528,69.11103003769914,False,48,103,48:103
20260928T201311,300063.53664,69.11103003769914,False,50,124,50:124
20260928T201311,300028.455168,69.11103003769914,False,51,133,51:133
20260928T201311,300065.248512,69.11103003769914,False,52,135,52:135
20260928T201311,299577.700352,69.11103003769914,True,52,136,52:136
20260928T201311,300062.360832,69.11103003769914,False,53,139,53:139
20260928T201311,300023.709696,69.11103003769914,False,54,122,54:122
20260928T201311,299458.400512,69.11103003769914,True,56,148,56:148
20260928T201311,300015.084032,69.11103003769914,False,57,102,57:102
20260928T201311,300075.900672,69.11103003769914,False,58,119,58:119
20260928T201311,300070.832896,69.11103003769914,False,59,141,59:141
20260928T201311,300053.14176,69.11103003769914,False,59,142,59:142
20260928T201311,300019.547904,69.11103003769914,False,60,110,60:110
20260928T201311,300097.138944,69.11103003769914,False,61,139,61:139
20260928T201311,300012.440832,69.11103003769914,False,62,100,62:100
20260928T201311,300061.550592,69.11103003769914,False,62,101,62:101
20260928T201311,300021.77024,69.11103003769914,False,63,125,63:125
20260928T201311,300027.02336,69.11103003769914,False,63,126,63:126
20260928T201312,300082.390784,69.11103003769914,False,0,123,0:123
20260928T201312,300067.811072,69.11103003769914,False,1,122,1:122
20260928T201312,300088.63616,69.11103003769914,False,2,123,2:123
20260928T201312,300045.605632,69.11103003769914,False,3,127,3:127
20260928T201312,300021.70368,69.11103003769914,False,4,147,4:147
20260928T201312,300011.2,69.11103003769914,False,5,110,5:110
20260928T201312,299192.389632,69.11103003769914,True,5,111,5:111
20260928T201312,300025.949952,69.11103003769914,False,6,146,6:146
20260928T201312,300029.018112,69.11103003769914,False,7,102,7:102
20260928T201312,300077.497344,69.11103003769914,False,8,144,8:144
20260928T201312,300009.521152,69.11103003769914,False,8,145,8:145
20260928T201312,300066.627328,69.11103003769914,False,10,144,10:144
20260928T201312,299290.630656,69.11103003769914,True,10,145,10:145
20260928T201312,300041.45792,69.11103003769914,False,11,109,11:109
20260928T201312,300038.123264,69.11103003769914,False,12,106,12:106
20260928T201312,300052.054784,69.11103003769914,False,13,139,13:139
20260928T201312,299282.333184,69.11103003769914,True,13,140,13:140
20260928T201312,299469.463296,69.11103003769914,True,13,141,13:141
20260928T201312,300076.507136,69.11103003769914,False,14,121,14:121
20260928T201312,300042.617344,69.11103003769914,False,15,141,15:141
20260928T201312,300063.2064,69.11103003769914,False,16,111,16:111
20260928T201312,300096.340224,69.11103003769914,False,16,112,16:112
20260928T201312,300083.56352,69.11103003769914,False,17,112,17:112
20260928T201312,299923.491584,69.11103003769914,True,17,113,17:113
20260928T201312,300056.4672,69.11103003769914,False,19,103,19:103
20260928T201312,300023.765504,69.11103003769914,False,20,127,20:127
20260928T201312,300015.802624,69.11103003769914,False,21,103,21:103
20260928T201312,300051.986176,69.11103003769914,False,22,112,22:112
20260928T201312,299232.982784,69.11103003769914,True,22,113,22:113
20260928T201312,300068.630016,69.11103003769914,False,24,146,24:146
20260928T201312,300035.400192,69.11103003769914,False,26,116,26:116
20260928T201312,300063.081472,69.11103003769914,False,27,120,27:120
20260928T201312,300007.374336,69.11103003769914,False,28,134,28:134
20260928T201312,300071.80032,69.11103003769914,False,29,139,29:139
20260928T201312,300076.39296,69.11103003769914,False,29,140,29:140
20260928T201312,300056.294144,69.11103003769914,False,30,132,30:132
20260928T201312,300047.01824,69.11103003769914,False,31,113,31:113
20260928T201312,300077.7344,69.11103003769914,False,32,142,32:142
20260928T201312,300041.09568,69.11103003769914,False,34,99,34:99
20260928T201312,300040.98176,69.11103003769914,False,35,120,35:120
20260928T201312,300075.576576,69.11103003769914,False,36,132,36:132
20260928T201312,300010.778624,69.11103003769914,False,37,146,37:146
20260928T201312,300063.715328,69.11103003769914,False,38,115,38:115
20260928T201312,300030.678272,69.11103003769914,False,39,124,39:124
20260928T201312,300088.451584,69.11103003769914,False,40,122,40:122
20260928T201312,300087.132672,69.11103003769914,False,43,104,43:104
20260928T201312,300014.780416,69.11103003769914,False,44,138,44:138
20260928T201312,300076.209408,69.11103003769914,False,45,150,45:150
20260928T201312,300017.068032,69.11103003769914,False,46,138,46:138
20260928T201312,300093.362432,69.11103003769914,False,48,104,48:104
20260928T201312,300017.434624,69.11103003769914,True,49,115,49:115
20260928T201312,300041.128192,69.11103003769914,False,50,125,50:125
20260928T201312,300078.099968,69.11103003769914,False,51,134,51:134
20260928T201312,299850.071296,69.11103003769914,True,53,140,53:140
20260928T201312,300051.808512,69.11103003769914,False,54,123,54:123
20260928T201312,300091.16672,69.11103003769914,False,55,104,55:104
20260928T201312,300039.115008,69.11103003769914,False,56,149,56:149
20260928T201312,300011.465984,69.11103003769914,False,57,103,57:103
20260928T201312,300029.125632,69.11103003769914,False,58,120,58:120
20260928T201312,300092.077312,69.11103003769914,False,59,143,59:143
20260928T201312,300003.1872,69.11103003769914,False,60,111,60:111
20260928T201312,300043.718656,69.11103003769914,False,61,140,61:140
20260928T201312,299224.839936,69.11103003769914,True,61,141,61:141
20260928T201312,300049.94688,69.11103003769914,False,62,102,62:102
20260928T201312,300053.805824,69.11103003769914,False,63,127,63:127
20260928T201313,300049.087232,69.11103003769914,True,0,124,0:124
20260928T201313,300051.961856,69.11103003769914,False,1,123,1:123
20260928T201313,300038.394112,69.11103003769914,False,2,124,2:124
20260928T201313,299413.008384,69.11103003769914,True,2,125,2:125
20260928T201313,300068.387072,69.11103003769914,False,3,128,3:128
20260928T201313,300066.02368,69.11103003769914,False,4,148,4:148
20260928T201313,300025.275392,69.11103003769914,False,4,149,4:149
20260928T201313,300058.044416,69.11103003769914,False,6,147,6:147
20260928T201313,300048.400896,69.11103003769914,False,7,103,7:103
20260928T201313,300018.234112,69.11103003769914,False,8,146,8:146
20260928T201313,300070.107392,69.11103003769914,False,9,102,9:102
20260928T201313,300059.657984,69.11103003769914,False,11,110,11:110
20260928T201313,300014.240512,69.11103003769914,False,12,107,12:107
20260928T201313,300079.111936,69.11103003769914,False,14,122,14:122
20260928T201313,300082.477056,69.11103003769914,False,15,142,15:142
20260928T201313,300054.095104,69.11103003769914,False,18,136,18:136
20260928T201313,300020.278784,69.11103003769914,False,19,104,19:104
20260928T201313,300044.654592,69.11103003769914,False,20,128,20:128
20260928T201313,300049.71648,69.11103003769914,False,21,104,21:104
20260928T201313,300043.266048,69.11103003769914,False,23,124,23:124
20260928T201313,300058.387968,69.11103003769914,False,24,147,24:147
20260928T201313,299884.44672,69.11103003769914,True,24,148,24:148
20260928T201313,300058.468608,69.11103003769914,False,25,143,25:143
20260928T201313,300047.282688,69.11103003769914,False,26,117,26:117
20260928T201313,300058.792704,69.11103003769914,False,27,121,27:121
20260928T201313,300024.778496,69.11103003769914,False,28,135,28:135
20260928T201313,300047.087104,69.11103003769914,False,29,141,29:141
20260928T201313,300023.301632,69.11103003769914,False,30,133,30:133
20260928T201313,300057.569792,69.11103003769914,False,31,114,31:114
20260928T201313,300058.295296,69.11103003769914,False,32,143,32:143
20260928T201313,300032.104704,69.11103003769914,False,33,114,33:114
20260928T201313,300031.328256,69.11103003769914,False,33,115,33:115
20260928T201313,300065.080064,69.11103003769914,False,34,100,34:100
20260928T201313,300081.067264,69.11103003769914,False,35,121,35:121
20260928T201313,299649.601536,69.11103003769914,True,35,122,35:122
20260928T201313,300049.204992,69.11103003769914,False,36,133,36:133
20260928T201313,300016.587008,69.11103003769914,False,37,147,37:147
20260928T201313,300088.445184,69.11103003769914,False,38,116,38:116
20260928T201313,299690.78528,69.11103003769914,True,38,117,38:117
20260928T201313,300036.321024,69.11103003769914,False,39,125,39:125
20260928T201313,300054.280704,69.11103003769914,False,40,123,40:123
20260928T201313,299503.90144,69.11103003769914,True,40,124,40:124
20260928T201313,300053.304064,69.11103003769914,False,41,112,41:112
20260928T201313,300073.768448,69.11103003769914,False,42,117,42:117
20260928T201313,300042.219264,69.11103003769914,False,42,118,42:118
20260928T201313,300008.994816,69.11103003769914,False,43,105,43:105
20260928T201313,299938.170368,69.11103003769914,True,44,139,44:139
20260928T201313,300084.221184,69.11103003769914,False,45,151,45:151
20260928T201313,300030.985728,69.11103003769914,False,45,152,45:152
20260928T201313,300015.080704,69.11103003769914,False,46,139,46:139
20260928T201313,299495.081472,69.11103003769914,True,46,140,46:140
20260928T201313,300034.574592,69.11103003769914,False,47,103,47:103
20260928T201313,299608.84224,69.11103003769914,True,48,105,48:105
20260928T201313,300065.954048,69.11103003769914,False,49,116,49:116
20260928T201313,300052.678912,69.11103003769914,False,50,126,50:126
20260928T201313,300057.904128,69.11103003769914,False,51,135,51:135
20260928T201313,300044.52096,69.11103003769914,False,52,137,52:137
20260928T201313,300097.468416,69.11103003769914,False,52,138,52:138
20260928T201313,300009.12896,69.11103003769914,False,53,141,53:141
20260928T201313,300068.216064,69.11103003769914,False,54,124,54:124
20260928T201313,300055.739648,69.11103003769914,False,55,105,55:105
20260928T201313,300018.45504,69.11103003769914,False,56,150,56:150
20260928T201313,300090.742784,69.11103003769914,False,57,104,57:104
20260928T201313,300026.07488,69.11103003769914,False,58,121,58:121
20260928T201313,300074.024448,69.11103003769914,False,59,144,59:144
20260928T201313,299441.737728,69.11103003769914,True,60,112,60:112
20260928T201313,300042.061824,69.11103003769914,False,61,142,61:142
20260928T201313,300049.888256,69.11103003769914,False,63,128,63:128
20260928T201314,300062.013696,69.11103003769914,False,0,125,0:125
20260928T201314,300049.870592,69.11103003769914,False,1,124,1:124
20260928T201314,299446.760192,69.11103003769914,True,3,129,3:129
20260928T201314,300068.439296,69.11103003769914,False,4,150,4:150
20260928T201314,300049.672192,69.11103003769914,False,6,148,6:148
20260928T201314,300011.94752,69.11103003769914,False,6,149,6:149
20260928T201314,300015.870208,69.11103003769914,False,7,104,7:104
20260928T201314,300012.930048,69.11103003769914,False,8,147,8:147
20260928T201314,300087.378688,69.11103003769914,False,9,103,9:103
20260928T201314,300081.10592,69.11103003769914,False,10,146,10:146
20260928T201314,300061.473536,69.11103003769914,False,11,111,11:111
20260928T201314,300012.331776,69.11103003769914,False,12,108,12:108
20260928T201314,300035.012352,69.11103003769914,False,13,142,13:142
20260928T201314,300039.154688,69.11103003769914,False,13,143,13:143
20260928T201314,300086.888192,69.11103003769914,False,14,123,14:123
20260928T201314,300025.207552,69.11103003769914,False,14,124,14:124
20260928T201314,300057.38752,69.11103003769914,False,15,143,15:143
20260928T201314,300055.096576,69.11103003769914,True,16,113,16:113
20260928T201314,300038.611456,69.11103003769914,False,16,114,16:114
20260928T201314,300073.498112,69.11103003769914,False,17,114,17:114
20260928T201314,300023.042048,69.11103003769914,False,18,137,18:137
20260928T201314,300035.090432,69.11103003769914,False,19,105,19:105
20260928T201314,300042.962432,69.11103003769914,False,20,129,20:129
20260928T201314,300026.449152,69.11103003769914,False,20,130,20:130
20260928T201314,300081.446656,69.11103003769914,False,21,105,21:105
20260928T201314,300075.553536,69.11103003769914,False,22,114,22:114
20260928T201314,300020.439808,69.11103003769914,False,23,125,23:125
20260928T201314,300014.734336,69.11103003769914,False,23,126,23:126
20260928T201314,300069.587712,69.11103003769914,False,24,149,24:149
20260928T201314,300015.471872,69.11103003769914,False,25,144,25:144
20260928T201314,300022.777856,69.11103003769914,False,26,118,26:118
20260928T201314,300036.768768,69.11103003769914,False,27,122,27:122
20260928T201314,300027.755008,69.11103003769914,False,27,123,27:123
20260928T201314,300059.177216,69.11103003769914,False,28,136,28:136
20260928T201314,300048.551936,69.11103003769914,False,29,142,29:142
20260928T201314,300087.989504,69.11103003769914,False,30,134,30:134
20260928T201314,300071.842304,69.11103003769914,False,31,115,31:115
20260928T201314,299423.602432,69.11103003769914,True,31,116,31:116
20260928T201314,300058.00704,69.11103003769914,False,32,144,32:144
20260928T201314,300045.427456,69.11103003769914,False,33,116,33:116
20260928T201314,299831.082496,69.11103003769914,True,34,101,34:101
20260928T201314,300070.39744,69.11103003769914,False,35,123,35:123
20260928T201314,300060.800768,69.11103003769914,False,36,134,36:134
20260928T201314,300020.992,69.11103003769914,False,37,148,37:148
20260928T201314,300066.241536,69.11103003769914,False,37,149,37:149
20260928T201314,300034.116864,69.11103003769914,False,39,126,39:126
20260928T201314,300070.417664,69.11103003769914,False,41,113,41:113
20260928T201314,300019.41504,69.11103003769914,False,43,106,43:106
20260928T201314,300040.994816,69.11103003769914,False,44,140,44:140
20260928T201314,300067.90656,69.11103003769914,False,45,153,45:153
20260928T201314,300047.226624,69.11103003769914,False,46,141,46:141
20260928T201314,300062.562304,69.11103003769914,False,47,104,47:104
20260928T201314,300029.548288,69.11103003769914,False,48,106,48:106
20260928T201314,300041.80224,69.11103003769914,False,49,117,49:117
20260928T201314,300068.958976,69.11103003769914,False,50,127,50:127
20260928T201314,300087.621376,69.11103003769914,False,51,136,51:136
20260928T201314,300061.87136,69.11103003769914,False,52,139,52:139
20260928T201314,300061.456128,69.11103003769914,False,53,142,53:142
20260928T201314,300022.849792,69.11103003769914,False,54,125,54:125
20260928T201314,299436.869376,69.11103003769914,True,54,126,54:126
20260928T201314,300037.46304,69.11103003769914,False,55,106,55:106
20260928T201314,300027.500544,69.11103003769914,False,55,107,55:107
20260928T201314,300030.052096,69.11103003769914,False,56,151,56:151
20260928T201314,300026.895104,69.11103003769914,True,57,105,57:105
20260928T201314,300051.233792,69.11103003769914,False,58,122,58:122
20260928T201314,299984.384,69.11103003769914,True,59,145,59:145
20260928T201314,300043.789056,69.11103003769914,False,59,146,59:146
20260928T201314,300024.221952,69.11103003769914,False,60,113,60:113
20260928T201314,300067.678208,69.11103003769914,False,61,143,61:143
20260928T201314,300081.497344,69.11103003769914,False,62,103,62:103
20260928T201314,300012.508672,69.11103003769914,False,62,104,62:104
20260928T201314,300026.060288,69.11103003769914,False,63,129,63:129
20260928T201315,300014.067712,69.11103003769914,False,0,126,0:126
20260928T201315,300034.891008,69.11103003769914,False,1,125,1:125
20260928T201315,300067.8144,69.11103003769914,False,2,126,2:126
20260928T201315,299883.670016,69.11103003769914,True,3,130,3:130
20260928T201315,300014.34752,69.11103003769914,False,4,151,4:151
20260928T201315,300102.640896,69.11103003769914,False,5,112,5:112
20260928T201315,300024.323072,69.11103003769914,False,6,150,6:150
20260928T201315,300048.147968,69.11103003769914,False,7,105,7:105
20260928T201315,300011.557888,69.11103003769914,False,8,148,8:148
20260928T201315,300037.922816,69.11103003769914,False,8,149,8:149
20260928T201315,300074.31168,69.11103003769914,False,9,104,9:104
20260928T201315,299986.343168,69.11103003769914,True,9,105,9:105
20260928T201315,300014.215168,69.11103003769914,False,10,147,10:147
20260928T201315,300016.631808,69.11103003769914,False,11,112,11:112
20260928T201315,300021.21856,69.11103003769914,False,12,109,12:109
20260928T201315,299274.508032,69.11103003769914,True,13,144,13:144
20260928T201315,300049.522176,69.11103003769914,False,14,125,14:125
20260928T201315,300037.704448,69.11103003769914,False,15,144,15:144
20260928T201315,299548.229632,69.11103003769914,True,15,145,15:145
20260928T201315,300013.677312,69.11103003769914,False,16,115,16:115
20260928T201315,300045.469184,69.11103003769914,False,17,115,17:115
20260928T201315,300078.458112,69.11103003769914,False,18,138,18:138
20260928T201315,299731.690496,69.11103003769914,True,19,106,19:106
20260928T201315,300024.203008,69.11103003769914,False,21,106,21:106
20260928T201315,300032.020224,69.11103003769914,False,22,115,22:115
20260928T201315,300014.932992,69.11103003769914,False,22,116,22:116
20260928T201315,300020.855296,69.11103003769914,False,23,127,23:127
20260928T201315,300020.253184,69.11103003769914,False,24,150,24:150
20260928T201315,300048.036864,69.11103003769914,False,25,145,25:145
20260928T201315,300058.429696,69.11103003769914,False,25,146,25:146
20260928T201315,300036.503808,69.11103003769914,False,26,119,26:119
20260928T201315,299422.058752,69.11103003769914,True,27,124,27:124
20260928T201315,300040.767744,69.11103003769914,False,28,137,28:137
20260928T201315,300010.952704,69.11103003769914,False,28,138,28:138
20260928T201315,300052.606208,69.11103003769914,False,29,143,29:143
20260928T201315,300056.328704,69.11103003769914,False,29,144,29:144
20260928T201315,300018.185984,69.11103003769914,False,30,135,30:135
20260928T201315,300020.194304,69.11103003769914,False,32,145,32:145
20260928T201315,299481.890816,69.11103003769914,True,32,146,32:146
20260928T201315,300039.608064,69.11103003769914,False,34,102,34:102
20260928T201315,300009.218816,69.11103003769914,False,35,124,35:124
20260928T201315,300089.051392,69.11103003769914,False,36,135,36:135
20260928T201315,300026.469632,69.11103003769914,False,37,150,37:150
20260928T201315,300076.862208,69.11103003769914,False,38,118,38:118
20260928T201315,300018.75456,69.11103003769914,False,39,127,39:127
20260928T201315,300043.966208,69.11103003769914,False,40,125,40:125
20260928T201315,300059.744512,69.11103003769914,False,41,114,41:114
20260928T201315,300068.551168,69.11103003769914,False,42,119,42:119
20260928T201315,299787.956736,69.11103003769914,True,42,120,42:120
20260928T201315,300069.499648,69.11103003769914,False,43,107,43:107
20260928T201315,299733.373696,69.11103003769914,True,43,108,43:108
20260928T201315,300014.53824,69.11103003769914,False,44,141,44:141
20260928T201315,300054.17984,69.11103003769914,False,45,154,45:154
20260928T201315,300032.29312,69.11103003769914,False,46,142,46:142
20260928T201315,300068.62592,69.11103003769914,False,47,105,47:105
20260928T201315,300007.33312,69.11103003769914,False,48,107,48:107
20260928T201315,300035.136512,69.11103003769914,False,49,118,49:118
20260928T201315,300026.514688,69.11103003769914,False,50,128,50:128
20260928T201315,300023.506432,69.11103003769914,False,51,137,51:137
20260928T201315,300054.465792,69.11103003769914,False,52,140,52:140
20260928T201315,300038.914304,69.11103003769914,False,53,143,53:143
20260928T201315,300059.132416,69.11103003769914,False,56,152,56:152
20260928T201315,299933.981952,69.11103003769914,True,56,153,56:153
20260928T201315,300030.121984,69.11103003769914,False,57,106,57:106
20260928T201315,300039.753472,69.11103003769914,False,58,123,58:123
20260928T201315,300031.814912,69.11103003769914,False,59,147,59:147
20260928T201315,300014.941696,69.11103003769914,False,60,114,60:114
20260928T201315,300058.687488,69.11103003769914,False,61,144,61:144
20260928T201315,299504.942848,69.11103003769914,True,63,130,63:130
20260928T201316,300058.87104,69.11103003769914,False,2,127,2:127
20260928T201316,300050.82752,69.11103003769914,False,17,116,17:116
20260928T201316,299932.06272,69.11103003769914,True,18,139,18:139
20260928T201316,300012.788992,69.11103003769914,False,20,131,20:131
20260928T201316,300048.708608,69.11103003769914,False,24,151,24:151
20260928T201316,300048.231168,69.11103003769914,False,26,120,26:120
20260928T201316,300006.552832,69.11103003769914,False,31,117,31:117
20260928T201316,300142.035968,69.11103003769914,False,33,117,33:117
20260928T201316,300077.19296,69.11103003769914,False,36,136,36:136
20260928T201316,300028.529152,69.11103003769914,False,39,128,39:128
20260928T201316,300018.428672,69.11103003769914,False,40,126,40:126
20260928T201316,300022.26688,69.11103003769914,False,44,142,44:142
20260928T201316,300060.881664,69.11103003769914,False,51,138,51:138
20260928T201316,300047.991552,69.11103003769914,False,52,141,52:141
20260928T201316,299971.991552,69.11103003769914,True,53,144,53:144
20260928T201316,300043.657216,69.11103003769914,False,55,108,55:108
20260928T201316,300047.9296,69.11103003769914,False,59,148,59:148
20260928T201316,300029.729024,69.11103003769914,False,61,145,61:145
20260928T201316,300026.51008,69.11103003769914,False,62,105,62:105
