request_idx,request_sent_at_utc,first_token_at_utc,full_response_received_at_utc,successful_request,records_in_request,response_token_count,input_token_count,output_token_count,first_token_ms,request_duration_ms,token_generation_duration_sum_ms,token_generation_duration_avg_ms,token_generation_duration_min_ms,token_generation_duration_max_ms,token_generation_duration_stdev_ms,token_generation_duration_p95_ms,inter_token_interval_avg_ms,inter_token_interval_stdev_ms,tokens_per_second,worker_idx,exp_num_users,workload_profile,exclude,consistent,error,response_char_count,success_rate
0,2026-09-22T23:18:17.223+00:00,2026-09-22T23:18:17.325+00:00,2026-09-22T23:18:45.037+00:00,True,492,492.0,,492.0,102.02243399999999,27813.801506,27813.801415,56.53211669715447,0.037829999999999996,215.042314,23.469841413409306,110.13322899999999,56.43946857841141,23.40353896499846,17.689059868132937,0,62,,False,True,,1914,92.534174553102
1,2026-09-22T23:18:21.397+00:00,2026-09-22T23:18:21.619+00:00,2026-09-22T23:18:38.861+00:00,True,309,309.0,,309.0,222.04167900000002,17463.958863000003,17463.958791,56.51766599029126,40.97038,222.04167900000002,20.559899232443097,110.4530894,55.980250597402595,18.29075691676389,17.69358267641494,0,62,,False,True,,1556,92.534174553102
2,2026-09-22T23:18:25.620+00:00,2026-09-22T23:18:40.568+00:00,2026-09-22T23:19:05.084+00:00,True,387,387.0,,387.0,14947.889778,39463.603058,39463.603029,101.97313444186047,14.340688,14947.889778,757.0267271926107,107.98873400000001,63.51221056994819,24.983368982338796,9.806504475306593,0,62,,False,True,,1772,92.534174553102
3,2026-09-22T23:18:30.476+00:00,2026-09-22T23:18:52.152+00:00,2026-09-22T23:19:22.950+00:00,True,493,493.0,,493.0,21675.418521000003,52473.224345,52473.22427100001,106.43656038742394,0.01716,21675.418521000003,973.7382521969942,109.08535040000001,62.597166308943095,25.972276244488512,9.395267894319444,0,62,,False,True,,2274,92.534174553102
4,2026-09-22T23:18:35.097+00:00,2026-09-22T23:19:11.576+00:00,2026-09-22T23:19:41.950+00:00,True,474,474.0,,474.0,36479.256051,66853.075699,66853.075837,141.04024438185652,0.06454,36479.256051,1672.801214298121,110.56035765,64.21526352642707,26.087171831148254,7.090174910338348,0,62,,False,True,,2219,92.534174553102
5,2026-09-22T23:18:39.189+00:00,2026-09-22T23:19:25.361+00:00,2026-09-22T23:19:49.307+00:00,True,372,372.0,,372.0,46171.833412,70117.666884,70117.666854,188.4883517580645,4.42281,46171.833412,2390.713409389969,112.10149904999999,64.5440255309973,27.8527503460076,5.3053676274685895,0,62,,False,True,,572,92.534174553102
6,2026-09-22T23:18:42.147+00:00,2026-09-22T23:19:34.917+00:00,2026-09-22T23:20:10.207+00:00,True,543,543.0,,543.0,52769.804289,88059.974913,88059.974763,162.17306586187846,0.0,52769.804289,2261.986715808508,110.620268,65.11101591143911,30.985287306686974,6.166252040571939,0,62,,False,True,,2451,92.534174553102
7,2026-09-22T23:18:47.157+00:00,2026-09-22T23:19:53.361+00:00,2026-09-22T23:20:19.096+00:00,True,399,399.0,,399.0,66204.16908600001,91938.79590200001,91938.796058,230.42304776441105,0.0,66204.16908600001,3311.2694143694416,111.3295199,64.6598663718593,31.815722690911766,4.339843654525394,0,62,,False,True,,2031,92.534174553102
8,2026-09-22T23:18:51.795+00:00,2026-09-22T23:20:08.828+00:00,2026-09-22T23:20:37.462+00:00,True,447,447.0,,447.0,77033.25816699999,105666.83231099999,105666.832354,236.3911238344519,41.992927,77033.25816699999,3640.5978371752976,110.22751390000002,64.20083888789237,25.10216888202396,4.23027728023855,0,62,,False,True,,675,92.534174553102
9,2026-09-22T23:18:56.149+00:00,2026-09-22T23:20:24.034+00:00,2026-09-22T23:21:00.149+00:00,True,565,565.0,,565.0,87885.694539,124000.723531,124000.72341600001,219.47030693097346,0.03199,87885.694539,3694.820231173451,108.214065,64.03373934751772,31.63514708724989,4.556425026493905,0,62,,True,True,,3635,92.534174553102
10,2026-09-22T23:19:00.169+00:00,2026-09-22T23:20:38.780+00:00,2026-09-22T23:21:00.133+00:00,True,331,331.0,,331.0,98611.69651000001,119964.43276600001,119964.43290000001,362.430310876133,43.340214,98611.69651000001,5416.747350474154,106.79929349999999,64.70526138181819,35.32468648397211,2.759151128115125,0,62,,True,True,,2094,92.534174553102
11,2026-09-22T23:19:03.173+00:00,2026-09-22T23:20:48.185+00:00,2026-09-22T23:21:17.482+00:00,True,463,463.0,,463.0,105011.667283,134308.730195,134308.730261,290.08365067170627,0.01774,105011.667283,4877.471513256708,107.08035520000001,63.41355608658009,33.1686630917114,3.447281493375599,0,62,,True,True,,2550,92.534174553102
12,2026-09-22T23:19:06.363+00:00,2026-09-22T23:20:59.600+00:00,2026-09-22T23:21:29.871+00:00,True,483,483.0,,483.0,113236.986058,143508.180938,143508.180921,297.118387,0.01705,113236.986058,5149.708616498066,107.46483610000001,62.80330887966805,32.91818935613201,3.365661782088026,0,62,,True,True,,1960,92.534174553102
13,2026-09-22T23:19:09.626+00:00,2026-09-22T23:21:11.351+00:00,2026-09-22T23:21:38.808+00:00,True,428,428.0,,428.0,121725.089471,149182.285759,149182.285704,348.55674229906543,42.478096,121725.089471,5880.751244501871,110.02827300000001,64.30256741920375,25.497253998049274,2.8689733356909586,0,62,,True,True,,1673,92.534174553102
14,2026-09-22T23:19:13.143+00:00,2026-09-22T23:21:23.424+00:00,2026-09-22T23:21:45.357+00:00,True,338,338.0,,338.0,130281.224344,152213.764504,152213.764351,450.33658092011837,39.901792,130281.224344,7082.874989699426,112.41450035,65.0817215430267,26.80443985722708,2.2205613342617108,0,62,,True,True,,1603,92.534174553102
15,2026-09-22T23:19:16.420+00:00,2026-09-22T23:21:34.847+00:00,2026-09-22T23:22:01.071+00:00,True,405,405.0,,405.0,138427.576055,164651.219703,164651.219603,406.54622124197533,39.864292,138427.576055,6875.346865689911,110.3761032,64.91000902970296,26.440124848344055,2.459744912491655,0,62,,True,True,,2148,92.534174553102
16,2026-09-22T23:19:20.233+00:00,2026-09-22T23:21:49.895+00:00,2026-09-22T23:22:25.278+00:00,True,557,557.0,,557.0,149662.002949,185044.89830899998,185044.89828199998,332.2170525709156,0.01773,149662.002949,6338.777766646009,110.96347279999998,63.638301007194244,34.112279364239726,3.0100802837043648,0,62,,True,True,,2519,92.534174553102
17,2026-09-22T23:19:24.631+00:00,2026-09-22T23:22:03.372+00:00,2026-09-22T23:22:40.847+00:00,True,591,591.0,,591.0,158740.967634,196215.421394,196215.421399,332.0057891692047,0.01609,158740.967634,6527.205504295192,109.6027075,63.516023322033895,33.79058800838221,3.011995671906306,0,62,,True,True,,2678,92.534174553102
18,2026-09-22T23:19:28.927+00:00,2026-09-22T23:22:18.587+00:00,2026-09-22T23:22:43.403+00:00,True,382,382.0,,382.0,169659.754255,194475.885839,194475.88578,509.099177434555,43.218625,169659.754255,8677.252922399686,110.77593899999998,65.13420363254593,25.47366513390278,1.9642538114789454,0,62,,True,True,,1725,92.534174553102
19,2026-09-22T23:19:31.981+00:00,2026-09-22T23:22:30.437+00:00,2026-09-22T23:22:56.254+00:00,True,399,399.0,,399.0,178455.497016,204272.745272,204272.74520600002,511.961767433584,43.880873,178455.497016,8930.73937292269,110.4065999,64.86745792964824,25.92415299739748,1.9532708559270122,0,62,,True,True,,2160,92.534174553102
20,2026-09-22T23:19:35.591+00:00,2026-09-22T23:22:41.155+00:00,2026-09-22T23:23:05.696+00:00,True,384,384.0,,384.0,185563.31567399998,210104.270554,210104.27050999997,547.1465377864583,41.578557999999994,185563.31567399998,9466.252656209395,110.28493215,64.07560020887729,25.47946373110233,1.827663945085334,0,62,,True,True,,1692,92.534174553102
21,2026-09-22T23:19:39.840+00:00,2026-09-22T23:22:57.751+00:00,2026-09-22T23:23:20.366+00:00,True,347,347.0,,347.0,197910.986076,220526.31894,220526.319066,635.5225333314121,36.862767999999996,197910.986076,10620.944161536274,111.30314829999999,65.36223371098266,27.14619804037817,1.5735083307421935,0,62,,True,True,,1514,92.534174553102
22,2026-09-22T23:19:43.085+00:00,2026-09-22T23:23:10.176+00:00,2026-09-22T23:23:40.821+00:00,True,480,480.0,,480.0,207090.63441,237736.488106,237736.488262,495.2843505458333,42.462985999999994,207090.63441,9449.465900069552,109.5858554,63.97881773695198,25.79258404860003,2.0190421917311303,0,62,,True,True,,2289,92.534174553102
23,2026-09-22T23:19:46.435+00:00,2026-09-22T23:23:21.032+00:00,2026-09-22T23:23:49.901+00:00,True,448,448.0,,448.0,214597.011769,243465.67532100002,243465.67512200002,543.4501676830357,0.01794,214597.011769,10135.801410318783,110.1748762,64.58313993736019,44.36308932612664,1.840095115705035,0,62,,True,True,,2022,92.534174553102
24,2026-09-22T23:19:49.764+00:00,2026-09-22T23:23:35.279+00:00,2026-09-22T23:24:08.098+00:00,True,507,507.0,,507.0,225515.379022,258334.355534,258334.35563900002,509.5352182228797,0.01566,225515.379022,10012.687526983924,110.6823733,64.85963737549407,39.673807850795804,1.9625728794452681,0,62,,True,True,,2204,92.534174553102
25,2026-09-22T23:19:52.776+00:00,2026-09-22T23:23:44.560+00:00,2026-09-22T23:24:07.006+00:00,True,348,348.0,,348.0,231783.69332800002,254229.25595200004,254229.25601500002,730.5438391235633,0.016329999999999997,231783.69332800002,12421.52157973114,109.865685,64.6846185129683,44.33420918083613,1.3688432462143711,0,62,,True,True,,1460,92.534174553102
26,2026-09-22T23:19:55.855+00:00,2026-09-22T23:23:54.992+00:00,2026-09-22T23:24:26.276+00:00,True,497,497.0,,497.0,239137.196711,270421.289895,270421.289882,544.1072231026156,42.657225,239137.196711,10723.967580082066,109.0985882,63.07276851612903,24.311055917360108,1.8378730468779907,0,62,,True,True,,1879,92.534174553102
27,2026-09-22T23:19:58.639+00:00,2026-09-22T23:24:06.288+00:00,2026-09-22T23:24:36.859+00:00,True,478,478.0,,478.0,247648.50678,278220.018332,278220.018212,582.0502473054394,43.450204,247648.50678,11324.274443432783,109.24566184999999,64.0912191865828,24.690570010889015,1.7180647275696839,0,62,,True,True,,2119,92.534174553102
28,2026-09-22T23:20:02.981+00:00,2026-09-22T23:24:20.760+00:00,2026-09-22T23:24:45.974+00:00,True,398,398.0,,398.0,257779.37528,282993.52209600003,282993.522111,711.0390002788945,42.592186,257779.37528,12918.153800821307,110.819126,63.51170482619648,25.359724777229154,1.4063926165242264,0,62,,True,True,,1893,92.534174553102
29,2026-09-22T23:20:06.935+00:00,2026-09-22T23:24:34.745+00:00,2026-09-22T23:25:06.031+00:00,True,501,501.0,,501.0,267809.557674,299095.119274,299095.119128,596.996245764471,42.385846,267809.557674,11962.079254510374,107.44042200000001,62.5711232,25.00319558159762,1.6750524087992076,0,62,,True,True,,2550,92.534174553102
30,2026-09-22T23:20:09.735+00:00,2026-09-22T23:24:45.065+00:00,2026-09-22T23:25:06.383+00:00,True,343,343.0,,343.0,275330.039982,296648.685742,296648.685773,864.8649730991255,42.571206,275330.039982,14863.080384372095,106.5855801,62.33522152046783,25.252389254910135,1.1562498554209422,0,62,,True,True,,1593,92.534174553102
31,2026-09-22T23:20:12.771+00:00,2026-09-22T23:24:55.701+00:00,2026-09-22T23:25:12.798+00:00,False,292,291.0,,291.0,282930.22928100004,300026.84675300005,300026.846826,1027.4892014589043,0.024829999999999998,282930.22928100004,16553.81736790795,102.45528755,58.75126279037801,23.2131305553022,0.9699132032660015,0,62,,True,False,Request timeout: 300.0s exceeded,1252,92.534174553102
32,2026-09-22T23:20:15.803+00:00,2026-09-22T23:25:06.533+00:00,2026-09-22T23:25:16.104+00:00,False,192,191.0,,191.0,290729.74562199996,300300.97838999995,300300.97839899996,1564.0675958281247,0.020550000000000002,290729.74562199996,20978.018132552366,100.07128,50.111166324607325,30.79346960156174,0.6360285638228886,0,62,,True,False,Request timeout: 300.0s exceeded,870,92.534174553102
0,2026-09-22T23:18:17.224+00:00,2026-09-22T23:18:17.406+00:00,2026-09-22T23:18:36.637+00:00,True,372,372.0,,372.0,182.333767,19412.788807,19412.78872,52.18491591397849,0.02683,215.341364,20.480343427458735,82.47993835000001,51.834110619946095,19.35651283018862,19.16262540629204,1,62,,False,True,,1611,92.534174553102
1,2026-09-22T23:18:20.127+00:00,2026-09-22T23:18:20.292+00:00,2026-09-22T23:18:46.515+00:00,True,444,444.0,,444.0,165.283604,26387.966228,26387.96624,59.43235639639639,37.321557999999996,165.283604,22.361889528973652,111.0320693,59.193414501128665,21.81235120553096,16.825851456823383,1,62,,False,True,,2146,92.534174553102
2,2026-09-22T23:18:24.016+00:00,2026-09-22T23:18:36.381+00:00,2026-09-22T23:19:11.114+00:00,True,537,537.0,,537.0,12365.131048000001,47097.89828,47097.898296,87.70558341899442,0.01743,12365.131048000001,531.5027601052004,110.71709220000001,64.79993886567165,27.37828557684395,11.401782661457649,1,62,,False,True,,2490,92.534174553102
3,2026-09-22T23:18:28.584+00:00,2026-09-22T23:18:49.494+00:00,2026-09-22T23:19:19.749+00:00,True,478,478.0,,478.0,20909.764316,51164.493788,51164.493896,107.03869015899582,0.01715,20909.764316,953.8628501744316,108.55864815000001,63.42710581132075,26.721615578101996,9.342416285414496,1,62,,False,True,,731,92.534174553102
4,2026-09-22T23:18:33.592+00:00,2026-09-22T23:19:06.646+00:00,2026-09-22T23:19:42.113+00:00,True,552,552.0,,552.0,33053.892689,68521.246801,68521.246722,124.13269333695652,0.01821,33053.892689,1404.39154675588,109.97613549999998,64.36906372413793,27.263337315159255,8.055895445147447,1,62,,False,True,,3102,92.534174553102
5,2026-09-22T23:18:38.679+00:00,2026-09-22T23:19:22.393+00:00,2026-09-22T23:19:44.448+00:00,True,350,350.0,,350.0,43713.995792999995,65768.526353,65768.526409,187.9100754542857,12.755772,43713.995792999995,2333.3704714023143,110.33281994999999,63.19349730659026,25.316079248883355,5.321694424494809,1,62,,False,True,,1825,92.534174553102
6,2026-09-22T23:18:43.855+00:00,2026-09-22T23:19:42.327+00:00,2026-09-22T23:20:07.740+00:00,True,386,386.0,,386.0,58472.243717,83884.554757,83884.554793,217.31749946373057,0.0,58472.243717,2972.9847748073325,111.36815075,66.0060027012987,33.25810268270914,4.601562243707195,1,62,,False,True,,1669,92.534174553102
7,2026-09-22T23:18:48.749+00:00,2026-09-22T23:19:58.484+00:00,2026-09-22T23:20:18.387+00:00,True,307,307.0,,307.0,69734.83838,89637.93982,89637.93988,291.98026019543977,0.0,69734.83838,3976.3708426692733,111.95088769999998,65.04281516339869,29.02487823514056,3.4248890661307034,1,62,,False,True,,409,92.534174553102
8,2026-09-22T23:18:52.431+00:00,2026-09-22T23:20:12.385+00:00,2026-09-22T23:20:31.757+00:00,True,301,301.0,,301.0,79953.64356299999,99325.641003,99325.64091799999,329.98551799999996,40.85713,79953.64356299999,4604.801435029815,110.682355,64.5733248,25.789644435068958,3.030436017935275,1,62,,False,True,,1223,92.534174553102
9,2026-09-22T23:18:57.486+00:00,2026-09-22T23:20:29.677+00:00,2026-09-22T23:21:02.184+00:00,True,516,516.0,,516.0,92190.92078,124698.22702,124698.226863,241.66323035465118,0.016460000000000002,92190.92078,4055.8304017532746,107.6089495,63.12098299029126,32.52465377615313,4.137989868270061,1,62,,True,True,,1940,92.534174553102
10,2026-09-22T23:19:00.485+00:00,2026-09-22T23:20:39.348+00:00,2026-09-22T23:21:00.137+00:00,True,330,330.0,,330.0,98862.480994,119652.17725,119652.177281,362.5823553969697,0.01769,98862.480994,5438.839940571902,105.56693605000001,63.19056612765957,35.88149903327625,2.7579941091293434,1,62,,True,True,,1497,92.534174553102
11,2026-09-22T23:19:04.863+00:00,2026-09-22T23:20:55.191+00:00,2026-09-22T23:21:17.429+00:00,True,349,349.0,,349.0,110328.21060699999,132566.42910299997,132566.42929799997,379.84650228653294,0.01736,110328.21060699999,5902.418862055432,105.9969974,63.902926712643676,35.39006556412126,2.6326423843614126,1,62,,True,True,,1808,92.534174553102
12,2026-09-22T23:19:09.092+00:00,2026-09-22T23:21:10.097+00:00,2026-09-22T23:21:31.641+00:00,True,343,343.0,,343.0,121005.42012299999,142549.369691,142549.36970299997,415.59583003790084,40.261261,121005.42012299999,6530.32215396525,109.14040499999999,62.99400458479532,24.268017143849566,2.4061839118861825,1,62,,True,True,,1355,92.534174553102
13,2026-09-22T23:19:13.702+00:00,2026-09-22T23:21:27.180+00:00,2026-09-22T23:21:54.032+00:00,True,409,409.0,,409.0,133477.335931,160329.427323,160329.42733900002,392.0034898264059,39.604432,133477.335931,6596.830198355087,112.01476859999998,65.81394949019608,26.97078323124765,2.550997697858845,1,62,,True,True,,2012,92.534174553102
14,2026-09-22T23:19:16.690+00:00,2026-09-22T23:21:36.456+00:00,2026-09-22T23:21:59.926+00:00,True,364,364.0,,364.0,139765.962842,163235.97628200002,163235.97629400002,448.4504843241759,43.450754,139765.962842,7322.384944532227,108.99834999999999,64.6556844077135,26.228755128210043,2.2299005910998932,1,62,,True,True,,1731,92.534174553102
15,2026-09-22T23:19:21.453+00:00,2026-09-22T23:21:53.369+00:00,2026-09-22T23:22:26.755+00:00,True,526,526.0,,526.0,151916.28886899998,185302.231141,185302.23112199997,352.28561049809883,0.01604,151916.28886899998,6621.188437512705,110.61941975000002,63.59227099428572,35.730353605426004,2.838605864382478,1,62,,True,True,,2258,92.534174553102
16,2026-09-22T23:19:26.319+00:00,2026-09-22T23:22:07.583+00:00,2026-09-22T23:22:35.932+00:00,True,453,453.0,,453.0,161263.87647999998,189613.26041599998,189613.26044299998,418.5723188587196,0.019280000000000002,161263.87647999998,7573.974118536061,110.962233,62.71987596460177,35.51582301831468,2.389073417155243,1,62,,True,True,,1817,92.534174553102
17,2026-09-22T23:19:30.335+00:00,2026-09-22T23:22:23.910+00:00,2026-09-22T23:22:56.043+00:00,True,495,495.0,,495.0,173574.871579,205707.858203,205707.858129,415.57143056363634,40.284691,173574.871579,7798.729290914866,110.39097870000002,65.04653162753037,25.806706648924894,2.4063251852611094,1,62,,True,True,,2302,92.534174553102
18,2026-09-22T23:19:33.968+00:00,2026-09-22T23:22:36.905+00:00,2026-09-22T23:23:06.214+00:00,True,455,455.0,,455.0,182937.014769,212245.552113,212245.552242,466.4737411912088,41.464358,182937.014769,8573.232225371017,111.2166417,64.55624965638766,25.933070914805086,2.143743392830946,1,62,,True,True,,1983,92.534174553102
19,2026-09-22T23:19:36.919+00:00,2026-09-22T23:22:46.556+00:00,2026-09-22T23:23:16.719+00:00,True,466,466.0,,466.0,189637.03542899998,219800.41744499997,219800.41761299997,471.6747159077253,41.673188,189637.03542899998,8781.80234066206,111.5963805,64.86748820645161,26.942365953505295,2.1201051636610555,1,62,,True,True,,1350,92.534174553102
20,2026-09-22T23:19:40.348+00:00,2026-09-22T23:22:59.868+00:00,2026-09-22T23:23:36.888+00:00,True,579,579.0,,579.0,199520.656424,236540.02615199998,236540.026081,408.5319966856649,41.946697,199520.656424,8289.175860822994,110.57985500000001,64.04735247058824,26.431484898351073,2.4477886868412546,1,62,,True,True,,2243,92.534174553102
21,2026-09-22T23:19:44.706+00:00,2026-09-22T23:23:14.442+00:00,2026-09-22T23:23:51.581+00:00,True,581,581.0,,581.0,209736.159486,246875.244798,246875.24484499998,424.9143629001721,0.01601,209736.159486,8698.749144397303,109.532307,64.03290571034483,38.165867422630996,2.3534153879032704,1,62,,True,True,,2649,92.534174553102
22,2026-09-22T23:19:49.134+00:00,2026-09-22T23:23:32.855+00:00,2026-09-22T23:23:57.186+00:00,True,374,374.0,,374.0,223721.285533,248052.048797,248052.048789,663.2407721631016,0.017209,223721.285533,11565.058907489014,110.39698615000002,65.22992832171582,42.96434520038809,1.5077480787351725,1,62,,True,True,,1744,92.534174553102
23,2026-09-22T23:19:52.687+00:00,2026-09-22T23:23:44.350+00:00,2026-09-22T23:24:15.741+00:00,True,483,483.0,,483.0,231663.082264,263053.8294,263053.829329,544.6249054430642,0.01775,231663.082264,10538.145039014777,110.36147500000001,65.12603140248963,39.30382374200969,1.8361260929053027,1,62,,True,True,,2717,92.534174553102
24,2026-09-22T23:19:57.951+00:00,2026-09-22T23:24:03.331+00:00,2026-09-22T23:24:39.078+00:00,True,559,559.0,,559.0,245380.176591,281127.343311,281127.343369,502.9111688175313,43.493252999999996,245380.176591,10375.79507621755,108.537538,64.06302279569893,24.554856470775142,1.988422731906233,1,62,,True,True,,1996,92.534174553102
25,2026-09-22T23:20:02.198+00:00,2026-09-22T23:24:16.497+00:00,2026-09-22T23:24:38.670+00:00,True,352,352.0,,352.0,254299.308245,276471.81358899997,276471.813502,785.4312883579545,42.446886,254299.308245,13550.85358043605,108.456122,63.16953089458689,24.372731644067127,1.2731858464359749,1,62,,True,True,,1422,92.534174553102
26,2026-09-22T23:20:05.448+00:00,2026-09-22T23:24:30.487+00:00,2026-09-22T23:24:54.577+00:00,True,376,376.0,,376.0,265038.888615,289129.017767,289129.017642,768.9601533031915,42.780945,265038.888615,13665.048241001277,106.99046375000002,64.24034440533333,25.72182449442809,1.3004575013048556,1,62,,True,True,,1846,92.534174553102
27,2026-09-22T23:20:08.425+00:00,2026-09-22T23:24:39.877+00:00,2026-09-22T23:25:03.340+00:00,True,377,377.0,,377.0,271451.939922,294914.452818,294914.45277,782.2664529708222,43.360534,271451.939922,13977.295102602155,107.28599419999999,62.400300255319145,25.224359484184212,1.2783368071576247,1,62,,True,True,,1717,92.534174553102
28,2026-09-22T23:20:11.669+00:00,2026-09-22T23:24:53.571+00:00,2026-09-22T23:25:11.709+00:00,False,300,299.0,,299.0,281902.016836,300039.286084,300039.286259,1000.1309541966667,0.04316,281902.016836,16272.135047579124,103.10502349999999,60.65976337123746,23.359038801725436,0.9965361666548258,1,62,,True,False,Request timeout: 300.0s exceeded,1091,92.534174553102
29,2026-09-22T23:20:16.580+00:00,2026-09-22T23:25:08.018+00:00,2026-09-22T23:25:16.717+00:00,False,189,188.0,,188.0,291438.015454,300136.22294199996,300136.222894,1588.0223433544973,0.01853,291438.015454,21195.66864927724,105.1347512,46.26706110638298,40.13345459191096,0.6263822412276114,1,62,,True,False,Request timeout: 300.0s exceeded,899,92.534174553102
0,2026-09-22T23:18:17.224+00:00,2026-09-22T23:18:17.406+00:00,2026-09-22T23:18:33.489+00:00,True,322,322.0,,322.0,181.217749,16264.455637,16264.455611,50.51073171118012,0.028079999999999997,215.857463,19.264244174595696,75.955016,50.1035448224299,17.85262092202423,19.79777295881225,2,62,,False,True,,1544,92.534174553102
1,2026-09-22T23:18:22.448+00:00,2026-09-22T23:18:22.688+00:00,2026-09-22T23:18:56.805+00:00,True,563,563.0,,563.0,240.53638800000002,34356.909892,34356.909683,61.02470636412078,39.145174,240.53638800000002,24.382725037885482,109.73368110000001,60.705290932384344,23.195550412646256,16.386805500546323,2,62,,False,True,,2564,92.534174553102
2,2026-09-22T23:18:26.139+00:00,2026-09-22T23:18:41.865+00:00,2026-09-22T23:19:05.297+00:00,True,375,375.0,,375.0,15726.130367,39157.683647,39157.683567,104.420489512,11.565284,15726.130367,809.2199331521402,107.7877877,62.65121197860963,24.212729404257562,9.576664528488523,2,62,,False,True,,1356,92.534174553102
3,2026-09-22T23:18:30.547+00:00,2026-09-22T23:18:52.402+00:00,2026-09-22T23:19:28.931+00:00,True,587,587.0,,587.0,21854.572214,58384.083638,58384.083447,99.46181166439523,0.01739,21854.572214,899.8228150373701,109.0772527,62.337050211604094,25.508226101630903,10.054110014633231,2,62,,False,True,,2805,92.534174553102
4,2026-09-22T23:18:34.085+00:00,2026-09-22T23:19:09.066+00:00,2026-09-22T23:19:36.196+00:00,True,416,416.0,,416.0,34980.691075,62110.120579,62110.120462,149.30317418750002,0.04311,34980.691075,1712.0691415647534,110.52573075000001,65.37211928674698,26.511829082406216,6.697781233106371,2,62,,False,True,,2039,92.534174553102
5,2026-09-22T23:18:38.273+00:00,2026-09-22T23:19:20.761+00:00,2026-09-22T23:19:56.647+00:00,True,560,560.0,,560.0,42488.051455,78374.210559,78374.21038,139.95394710714285,0.01656,42488.051455,1792.979308210866,110.33111905000001,64.19706458676208,29.620978738807725,7.145207537094524,2,62,,False,True,,2603,92.534174553102
6,2026-09-22T23:18:42.602+00:00,2026-09-22T23:19:37.187+00:00,2026-09-22T23:19:59.197+00:00,True,338,338.0,,338.0,54585.408711000004,76594.800839,76594.800828,226.6118367692308,0.01847,54585.408711000004,2965.6761973706366,111.54907150000001,65.30976892581602,32.15081917886593,4.412832154371234,2,62,,False,True,,1501,92.534174553102
7,2026-09-22T23:18:47.590+00:00,2026-09-22T23:19:54.729+00:00,2026-09-22T23:20:30.797+00:00,True,555,555.0,,555.0,67138.528327,103206.727239,103206.72722900001,185.9580670792793,0.0,67138.528327,2847.269624443264,110.222776,65.10505218772563,30.340610154321837,5.377556433068205,2,62,,False,True,,1542,92.534174553102
8,2026-09-22T23:18:50.904+00:00,2026-09-22T23:20:06.152+00:00,2026-09-22T23:20:37.920+00:00,True,496,496.0,,496.0,75247.760528,107015.58516799999,107015.585179,215.75722818346773,0.0,75247.760528,3375.95073722963,110.5146025,64.17742351515152,27.05585687181936,4.6348389276323365,2,62,,False,True,,2269,92.534174553102
9,2026-09-22T23:18:54.517+00:00,2026-09-22T23:20:20.080+00:00,2026-09-22T23:20:52.552+00:00,True,511,511.0,,511.0,85563.698627,118035.266243,118035.266149,230.98877915655578,42.860805,85563.698627,3782.3758219186607,107.6554515,63.66974042352941,24.193904482260137,4.329214617502542,2,62,,False,True,,1911,92.534174553102
10,2026-09-22T23:18:57.684+00:00,2026-09-22T23:20:30.285+00:00,2026-09-22T23:20:52.345+00:00,True,352,352.0,,352.0,92601.58514200001,114660.948726,114660.94863800002,325.74133135795455,42.634305,92601.58514200001,4932.387198758061,106.80969255,62.8471896980057,23.514804245076768,3.0699205257856206,2,62,,True,True,,1485,92.534174553102
11,2026-09-22T23:19:02.036+00:00,2026-09-22T23:20:45.838+00:00,2026-09-22T23:21:13.008+00:00,True,432,432.0,,432.0,103802.091799,130971.62779900001,130971.627826,303.17506441203705,0.016730000000000002,103802.091799,4991.266269194631,107.37571,63.03836658932715,34.46746997468471,3.2984243019639585,2,62,,True,True,,1622,92.534174553102
12,2026-09-22T23:19:05.180+00:00,2026-09-22T23:20:55.754+00:00,2026-09-22T23:21:33.454+00:00,True,595,595.0,,595.0,110574.139792,148273.460112,148273.460016,249.19909246386555,0.016730000000000002,110574.139792,4530.606854164618,108.253473,63.46686922558922,31.73596582058985,4.0128557029057,2,62,,True,True,,3194,92.534174553102
13,2026-09-22T23:19:08.474+00:00,2026-09-22T23:21:07.613+00:00,2026-09-22T23:21:44.277+00:00,True,571,571.0,,571.0,119139.058546,155803.43896200001,155803.438889,272.86066355341507,40.253181,119139.058546,4983.186919626089,109.21734850000001,64.32347441403509,25.34636806419621,3.66487417610381,2,62,,True,True,,2554,92.534174553102
14,2026-09-22T23:19:12.546+00:00,2026-09-22T23:21:21.847+00:00,2026-09-22T23:21:57.268+00:00,True,547,547.0,,547.0,129300.956574,164721.783966,164721.78405699998,301.13671674040216,42.268896,129300.956574,5525.798606787531,111.19750170000002,64.87331024175825,26.348843153229083,3.320750824996563,2,62,,True,True,,2438,92.534174553102
15,2026-09-22T23:19:16.381+00:00,2026-09-22T23:21:34.740+00:00,2026-09-22T23:21:58.802+00:00,True,373,373.0,,373.0,138358.67578700001,162421.189707,162421.189947,435.44554945576414,42.730396,138358.67578700001,7160.641166475167,111.10659759999999,64.68417720430108,26.717410881925428,2.296498385911801,2,62,,True,True,,1562,92.534174553102
16,2026-09-22T23:19:19.662+00:00,2026-09-22T23:21:48.483+00:00,2026-09-22T23:22:23.754+00:00,True,552,552.0,,552.0,148820.809111,184092.187543,184092.187371,333.50033944021743,0.01776,148820.809111,6331.598526897872,109.6314155,64.01339098366606,33.57028406614829,2.9984976949174698,2,62,,True,True,,2200,92.534174553102
17,2026-09-22T23:19:24.922+00:00,2026-09-22T23:22:04.183+00:00,2026-09-22T23:22:28.917+00:00,True,396,396.0,,396.0,159260.68663299998,183994.53341699997,183994.53348599997,464.63266031818176,0.01727,159260.68663299998,8000.0888422942435,109.3358755,62.61733363037975,36.893369009981754,2.1522378553634356,2,62,,True,True,,1210,92.534174553102
18,2026-09-22T23:19:29.997+00:00,2026-09-22T23:22:22.263+00:00,2026-09-22T23:22:46.609+00:00,True,376,376.0,,376.0,172265.733178,196611.14937,196611.14938299998,522.9019930398936,44.905011,172265.733178,8880.614882457021,109.28198049999999,64.92110984533333,25.345854024689995,1.9124042619394408,2,62,,True,True,,1507,92.534174553102
19,2026-09-22T23:19:33.933+00:00,2026-09-22T23:22:36.497+00:00,2026-09-22T23:22:57.963+00:00,True,334,334.0,,334.0,182563.960174,204030.579566,204030.579792,610.8699993772456,43.792063,182563.960174,9985.961585385508,110.23370665,64.4643224984985,25.89132886803512,1.6370095145073946,2,62,,True,True,,1303,92.534174553102
20,2026-09-22T23:19:38.729+00:00,2026-09-22T23:22:54.528+00:00,2026-09-22T23:23:19.714+00:00,True,386,386.0,,386.0,195798.79581,220985.14563400001,220985.145831,572.5003778005182,41.132099000000004,195798.79581,9962.602786758467,110.98340250000001,65.41909045194805,26.90024519974314,1.7467237397001374,2,62,,True,True,,1428,92.534174553102
21,2026-09-22T23:19:42.953+00:00,2026-09-22T23:23:09.417+00:00,2026-09-22T23:23:39.182+00:00,True,468,468.0,,468.0,206463.38617800002,236228.379458,236228.379351,504.76149433974365,40.089971,206463.38617800002,9540.862601628256,109.22205034999999,63.736602312633835,26.027255127019504,1.9811336854351473,2,62,,True,True,,1644,92.534174553102
22,2026-09-22T23:19:47.103+00:00,2026-09-22T23:23:23.239+00:00,2026-09-22T23:23:48.678+00:00,True,397,397.0,,397.0,216135.380803,241575.138115,241575.13806700002,608.5016072216625,0.016050000000000002,216135.380803,10844.401017597453,109.65319,64.24181139393939,46.95721884097603,1.6433810329066691,2,62,,True,True,,976,92.534174553102
23,2026-09-22T23:19:50.149+00:00,2026-09-22T23:23:37.085+00:00,2026-09-22T23:24:16.253+00:00,True,599,599.0,,599.0,226935.835917,266104.59367699997,266104.59367699997,444.24806957762934,0.0179,226935.835917,9269.74541631904,110.43162609999999,65.49959491638796,37.26362205309331,2.2509945872150983,2,62,,True,True,,2784,92.534174553102
24,2026-09-22T23:19:55.004+00:00,2026-09-22T23:23:51.897+00:00,2026-09-22T23:24:19.045+00:00,True,423,423.0,,423.0,236892.872079,264041.588367,264041.58840199996,624.2117929125295,42.138786,236892.872079,11515.024989003321,109.10717509999999,64.33345091943127,25.148993510361088,1.6020203582931738,2,62,,True,True,,1842,92.534174553102
25,2026-09-22T23:19:58.764+00:00,2026-09-22T23:24:07.373+00:00,2026-09-22T23:24:39.478+00:00,True,502,502.0,,502.0,248609.607713,280713.75849700003,280713.758544,559.1907540717132,42.995895,248609.607713,11093.157658974038,109.70606705,64.08014128542914,24.892682240815756,1.7882985240474591,2,62,,True,True,,1865,92.534174553102
26,2026-09-22T23:20:02.921+00:00,2026-09-22T23:24:20.155+00:00,2026-09-22T23:24:48.232+00:00,True,443,443.0,,443.0,257233.641088,285310.826112,285310.826092,644.0424968216704,42.135837,257233.641088,12218.547082251887,109.5690409,63.52304304072398,25.254240167750165,1.5526925705444437,2,62,,True,True,,2373,92.534174553102
27,2026-09-22T23:20:07.167+00:00,2026-09-22T23:24:35.080+00:00,2026-09-22T23:25:07.233+00:00,False,515,514.0,,514.0,267913.069655,300065.340759,300065.34082,582.651147223301,0.036159,267913.069655,11802.930279250404,106.3872007,62.55305662256809,24.943327666144043,1.712960246257909,2,62,,True,False,Request timeout: 300.0s exceeded,1856,92.534174553102
28,2026-09-22T23:20:11.019+00:00,2026-09-22T23:24:50.592+00:00,2026-09-22T23:25:11.063+00:00,False,330,329.0,,329.0,279572.619143,300044.002695,300044.002858,909.2242510848484,0.02367,279572.619143,15386.562092930139,106.17275995,62.223050310030395,25.574350431337606,1.0965058359604485,2,62,,True,False,Request timeout: 300.0s exceeded,1295,92.534174553102
29,2026-09-22T23:20:13.931+00:00,2026-09-22T23:24:59.453+00:00,2026-09-22T23:25:13.958+00:00,False,258,257.0,,257.0,285521.316627,300027.059987,300027.060086,1162.8955817286821,0.03173,285521.316627,17772.280155823075,101.90539134999999,56.442581167315176,21.850915629224104,0.8565894023396944,2,62,,True,False,Request timeout: 300.0s exceeded,498,92.534174553102
0,2026-09-22T23:18:17.225+00:00,2026-09-22T23:18:17.406+00:00,2026-09-22T23:18:49.497+00:00,True,556,556.0,,556.0,180.542801,32271.366224999998,32271.36615,58.042025449640285,0.047740000000000005,214.836794,24.43068428100417,109.63603025,57.82130346666667,23.891414965499283,17.22889561363775,3,62,,False,True,,2059,92.534174553102
1,2026-09-22T23:18:21.320+00:00,2026-09-22T23:18:21.548+00:00,2026-09-22T23:18:52.246+00:00,True,502,502.0,,502.0,228.147984,30926.26792,30926.267946,61.60611144621514,39.505643,228.147984,24.627671307283936,111.07423794999998,61.27369248702595,23.497917577486657,16.232155826191914,3,62,,False,True,,1989,92.534174553102
2,2026-09-22T23:18:24.111+00:00,2026-09-22T23:18:36.915+00:00,2026-09-22T23:19:03.731+00:00,True,419,419.0,,419.0,12803.400598,39619.480726,39619.480924,94.55723370883055,7.174283999999999,12803.400598,622.8730197689415,110.2632979,64.15330174162679,25.478417712640717,10.575605543588921,3,62,,False,True,,1948,92.534174553102
3,2026-09-22T23:18:27.082+00:00,2026-09-22T23:18:44.575+00:00,2026-09-22T23:19:08.912+00:00,True,393,393.0,,393.0,17493.116767,41829.555039,41829.554874,106.43652639694656,0.0173,17493.116767,879.6661311195926,107.740982,62.08275069387755,26.11630805846797,9.395270870885058,3,62,,False,True,,1578,92.534174553102
4,2026-09-22T23:18:30.910+00:00,2026-09-22T23:18:54.021+00:00,2026-09-22T23:19:22.236+00:00,True,450,450.0,,450.0,23111.623492,51326.200388,51326.200488,114.05822330666666,0.01693,23111.623492,1086.839659814383,108.06816794999999,62.83870132739421,25.965624643638108,8.767452034209208,3,62,,False,True,,1718,92.534174553102
5,2026-09-22T23:18:34.821+00:00,2026-09-22T23:19:10.741+00:00,2026-09-22T23:19:38.508+00:00,True,429,429.0,,429.0,35920.287118,63687.841934,63687.841901,148.45650792773893,7.935082,35920.287118,1731.3133663576407,109.085523,64.87746452336448,26.20561513359615,6.735979536637066,3,62,,False,True,,1514,92.534174553102
6,2026-09-22T23:18:38.888+00:00,2026-09-22T23:19:23.620+00:00,2026-09-22T23:19:50.028+00:00,True,410,410.0,,410.0,44731.680420000004,71140.222628,71140.222721,173.51273834390244,11.159885000000001,44731.680420000004,2206.118119259275,111.84395945,64.56856285574572,27.15319253926459,5.763265630245983,3,62,,False,True,,1518,92.534174553102
7,2026-09-22T23:18:42.941+00:00,2026-09-22T23:19:38.415+00:00,2026-09-22T23:20:07.957+00:00,True,452,452.0,,452.0,55473.210876000005,85015.94905200001,85015.9491,188.08838296460178,0.0,55473.210876000005,2606.358696779397,111.44219349999999,65.50496269623059,32.27804639629243,5.3166494644850015,3,62,,False,True,,2378,92.534174553102
8,2026-09-22T23:18:47.075+00:00,2026-09-22T23:19:51.923+00:00,2026-09-22T23:20:22.352+00:00,True,471,471.0,,471.0,64848.155407,95277.529103,95277.528929,202.28774719532908,0.0,64848.155407,2985.2236738415145,111.723698,64.7433482893617,31.09575102523726,4.943453135637306,3,62,,False,True,,2149,92.534174553102
9,2026-09-22T23:18:51.112+00:00,2026-09-22T23:20:06.971+00:00,2026-09-22T23:20:37.460+00:00,True,476,476.0,,476.0,75859.087256,106347.9638,106347.963786,223.42009198739495,38.289395,75859.087256,3474.1466640913964,110.39497499999997,64.18710851368421,25.462205223875653,4.475873190155052,3,62,,False,True,,2034,92.534174553102
10,2026-09-22T23:18:54.581+00:00,2026-09-22T23:20:20.243+00:00,2026-09-22T23:20:42.725+00:00,True,349,349.0,,349.0,85661.609221,108143.81491700001,108143.815031,309.8676648452722,37.913046,85661.609221,4581.967625445098,107.329199,64.60403935632183,24.43855314394719,3.2271840998753025,3,62,,False,True,,1630,92.534174553102
11,2026-09-22T23:18:58.246+00:00,2026-09-22T23:20:32.125+00:00,2026-09-22T23:20:54.227+00:00,True,354,354.0,,354.0,93879.09721400001,115981.08019000001,115981.08027600001,327.63017027118644,41.067899,93879.09721400001,4986.3457665104615,107.28622964999998,62.611849790368275,23.62885842750477,3.0522219608584242,3,62,,True,True,,1915,92.534174553102
12,2026-09-22T23:19:01.762+00:00,2026-09-22T23:20:44.122+00:00,2026-09-22T23:21:13.453+00:00,True,465,465.0,,465.0,102359.59495299999,131690.741449,131690.741445,283.2058955806451,0.01643,102359.59495299999,4743.99924165688,106.741158,63.21367779310345,33.5177097461987,3.5309999388231934,3,62,,True,True,,2055,92.534174553102
13,2026-09-22T23:19:04.730+00:00,2026-09-22T23:20:54.883+00:00,2026-09-22T23:21:20.972+00:00,True,413,413.0,,413.0,110153.284954,136242.573914,136242.573852,329.88516671186443,0.01806,110153.284954,5417.282254468683,105.990949,63.32351689320389,34.46945771252256,3.0313578798114658,3,62,,True,True,,1871,92.534174553102
14,2026-09-22T23:19:08.011+00:00,2026-09-22T23:21:04.323+00:00,2026-09-22T23:21:38.468+00:00,True,535,535.0,,535.0,116312.75834,150457.27546,150457.275692,281.2285526953271,42.239866,116312.75834,5025.936973710736,109.121486,63.94104329588015,25.054114718122477,3.5558267180122707,3,62,,True,True,,2262,92.534174553102
15,2026-09-22T23:19:11.395+00:00,2026-09-22T23:21:17.230+00:00,2026-09-22T23:21:50.373+00:00,True,519,519.0,,519.0,125834.986133,158977.544597,158977.54467,306.31511497109824,41.953297,125834.986133,5520.794148963219,111.378106,63.981773096525096,25.720270786131735,3.2646120011202755,3,62,,True,True,,2807,92.534174553102
16,2026-09-22T23:19:15.227+00:00,2026-09-22T23:21:31.424+00:00,2026-09-22T23:22:01.690+00:00,True,460,460.0,,460.0,136196.686352,166463.092752,166463.09288299998,361.87628887608696,43.669073,136196.686352,6347.186729619167,110.60106989999998,65.93988322440087,27.15174394692815,2.7633753067733586,3,62,,True,True,,1955,92.534174553102
17,2026-09-22T23:19:19.357+00:00,2026-09-22T23:21:45.521+00:00,2026-09-22T23:22:16.186+00:00,True,483,483.0,,483.0,146164.51088100002,176829.21462500002,176829.21462800002,366.1060344265011,0.018600000000000002,146164.51088100002,6647.909214074816,109.3699391,63.61971731120332,34.3346802438566,2.731449104856872,3,62,,True,True,,2122,92.534174553102
18,2026-09-22T23:19:22.989+00:00,2026-09-22T23:21:57.773+00:00,2026-09-22T23:22:19.662+00:00,True,348,348.0,,348.0,154783.579261,176673.344381,176673.34447100002,507.68202434195405,0.0165,154783.579261,8293.983962499356,109.49425335,63.082896599423634,39.709278428102735,1.9697368678861382,3,62,,True,True,,1790,92.534174553102
19,2026-09-22T23:19:25.889+00:00,2026-09-22T23:22:06.692+00:00,2026-09-22T23:22:40.956+00:00,True,542,542.0,,542.0,160802.49495,195066.599398,195066.59954199998,359.9014751697417,0.01857,160802.49495,6904.422687124812,110.37737054999998,63.33475868391867,34.20378834032058,2.77853821039932,3,62,,True,True,,2704,92.534174553102
20,2026-09-22T23:19:29.691+00:00,2026-09-22T23:22:21.482+00:00,2026-09-22T23:22:55.837+00:00,True,532,532.0,,532.0,171791.267379,206146.671155,206146.671159,387.4937427800752,40.300830000000005,171791.267379,7445.335373281603,110.8599515,64.6994421393597,25.74240104462129,2.580686833405103,3,62,,True,True,,2393,92.534174553102
21,2026-09-22T23:19:34.202+00:00,2026-09-22T23:22:37.842+00:00,2026-09-22T23:23:09.104+00:00,True,482,482.0,,482.0,183639.75840299999,214901.946947,214901.946952,445.85466172614105,43.566814,183639.75840299999,8361.64303041344,111.17899755,64.99415497713098,26.417478148884683,2.2428833560957586,3,62,,True,True,,2412,92.534174553102
22,2026-09-22T23:19:37.699+00:00,2026-09-22T23:22:49.938+00:00,2026-09-22T23:23:27.088+00:00,True,577,577.0,,577.0,192238.93073,229388.300586,229388.30072,397.553380797227,40.57384,192238.93073,8000.368363097433,109.7252716,64.49543377777778,25.92812891112203,2.5153854774894104,3,62,,True,True,,2792,92.534174553102
23,2026-09-22T23:19:41.248+00:00,2026-09-22T23:23:03.351+00:00,2026-09-22T23:23:41.767+00:00,True,595,595.0,,595.0,202103.20142899998,240519.17659699998,240519.176583,404.2339102235294,38.656424,202103.20142899998,8282.816099101577,110.0107477,64.67335886868688,27.014231312127745,2.473815220966549,3,62,,True,True,,2560,92.534174553102
24,2026-09-22T23:19:44.766+00:00,2026-09-22T23:23:15.099+00:00,2026-09-22T23:23:35.949+00:00,True,333,333.0,,333.0,210332.588866,231182.444354,231182.444339,694.2415745915916,42.415696000000004,210332.588866,11522.740751875486,107.836831,62.80076954216867,25.14073442753367,1.4404207937610134,3,62,,True,True,,1519,92.534174553102
25,2026-09-22T23:19:48.233+00:00,2026-09-22T23:23:26.630+00:00,2026-09-22T23:24:03.174+00:00,True,567,567.0,,567.0,218396.841677,254941.165261,254941.16512999998,449.63168453262784,0.01713,218396.841677,9169.172667426606,111.0164472,64.5659427279152,38.08150397140468,2.224042552796544,3,62,,True,True,,2559,92.534174553102
26,2026-09-22T23:19:51.029+00:00,2026-09-22T23:23:38.279+00:00,2026-09-22T23:24:11.258+00:00,True,508,508.0,,508.0,227250.336011,260229.344011,260229.343973,512.2624881358267,0.01705,227250.336011,10079.795038845532,110.44810035,65.0473530571992,39.64281297852142,1.9521242000230634,3,62,,True,True,,2541,92.534174553102
27,2026-09-22T23:19:53.840+00:00,2026-09-22T23:23:47.690+00:00,2026-09-22T23:24:09.764+00:00,True,344,344.0,,344.0,233850.02784400003,255923.85824400003,255923.85820400002,743.9647040813954,42.704364999999996,233850.02784400003,12604.90616108765,110.32137214999999,64.35519067055394,26.345614286912088,1.3441497887704843,3,62,,True,True,,471,92.534174553102
28,2026-09-22T23:19:58.755+00:00,2026-09-22T23:24:07.165+00:00,2026-09-22T23:24:33.988+00:00,True,420,420.0,,420.0,248410.69585299998,275233.28810899996,275233.288093,655.3173526023809,43.922142,248410.69585299998,12118.102483204471,109.93318905,64.01573330787589,24.802235078542417,1.5259782088337674,3,62,,True,True,,1835,92.534174553102
29,2026-09-22T23:20:03.687+00:00,2026-09-22T23:24:23.746+00:00,2026-09-22T23:24:53.822+00:00,True,473,473.0,,473.0,260058.56084700002,290135.092047,290135.092155,613.3934295031713,44.141982000000006,260058.56084700002,11954.602547929864,109.3939316,63.72146440677966,25.48010689888049,1.630275044162452,3,62,,True,True,,1401,92.534174553102
30,2026-09-22T23:20:08.772+00:00,2026-09-22T23:24:41.853+00:00,2026-09-22T23:25:08.801+00:00,False,430,429.0,,429.0,273080.953189,300029.69226100005,300029.69219900004,697.7434702302326,0.02089,273080.953189,13166.127769977536,107.35868454999999,62.817573594405594,25.245753014621105,1.4298584808959738,3,62,,True,False,Request timeout: 300.0s exceeded,1989,92.534174553102
31,2026-09-22T23:20:13.295+00:00,2026-09-22T23:24:57.247+00:00,2026-09-22T23:25:13.304+00:00,False,279,278.0,,278.0,283952.33389,300009.059394,300009.05938500003,1075.3012881182797,0.024099,283952.33389,16996.33778210847,102.54178599999999,57.75800541007194,21.93254132147945,0.9266386840502187,3,62,,True,False,Request timeout: 300.0s exceeded,1083,92.534174553102
0,2026-09-22T23:18:17.227+00:00,2026-09-22T23:18:17.406+00:00,2026-09-22T23:18:37.668+00:00,True,387,387.0,,387.0,179.002554,20440.779705999998,20440.779625,52.81855200258398,2.846033,215.971872,20.864080410242686,104.6310959,52.49165065284974,19.87401661776668,18.932741586486724,4,62,,False,True,,1579,92.534174553102
1,2026-09-22T23:18:20.826+00:00,2026-09-22T23:18:21.011+00:00,2026-09-22T23:18:41.866+00:00,True,358,358.0,,358.0,184.168193,21039.817985,21039.817837,58.77044088547486,36.368969,184.168193,22.217267166993523,110.8640575,58.41918709243698,21.22967717910256,17.01535632367306,4,62,,False,True,,477,92.534174553102
2,2026-09-22T23:18:23.476+00:00,2026-09-22T23:18:33.648+00:00,2026-09-22T23:18:59.487+00:00,True,394,394.0,,394.0,10171.920404999999,36011.360533,36011.360601,91.39939238832487,37.833536,10171.920404999999,509.8242959636906,111.98089915,65.7492115216285,26.409667204040403,10.940991791713818,4,62,,False,True,,1796,92.534174553102
3,2026-09-22T23:18:27.259+00:00,2026-09-22T23:18:45.140+00:00,2026-09-22T23:19:14.377+00:00,True,464,464.0,,464.0,17880.897449,47118.786217,47118.786369,101.54910855387931,0.01853,17880.897449,827.5856354895029,108.36015385,63.14878783585313,26.31010698117219,9.847452306243689,4,62,,False,True,,2161,92.534174553102
4,2026-09-22T23:18:31.200+00:00,2026-09-22T23:18:56.806+00:00,2026-09-22T23:19:23.825+00:00,True,426,426.0,,426.0,25606.60143,52625.23823,52625.238273999996,123.53342317840375,0.0165,25606.60143,1237.853177282621,108.68959000000001,63.57326305882353,26.797797891541187,8.094975231050844,4,62,,False,True,,1339,92.534174553102
5,2026-09-22T23:18:35.313+00:00,2026-09-22T23:19:12.612+00:00,2026-09-22T23:19:31.598+00:00,True,300,300.0,,300.0,37298.545538000006,56285.309570000005,56285.30942600001,187.61769808666668,9.573749,37298.545538000006,2149.90561395455,108.85112595000001,63.500883050167225,24.515107304383903,5.329987563218443,4,62,,False,True,,1499,92.534174553102
6,2026-09-22T23:18:38.009+00:00,2026-09-22T23:19:19.391+00:00,2026-09-22T23:19:51.716+00:00,True,501,501.0,,501.0,41381.849822,73706.93321399999,73706.933059,147.11962686427145,7.558643,41381.849822,1846.1119888703633,110.011887,64.650166784,26.902836612843025,6.797189601491104,4,62,,False,True,,2567,92.534174553102
7,2026-09-22T23:18:40.392+00:00,2026-09-22T23:19:28.880+00:00,2026-09-22T23:20:01.158+00:00,True,494,494.0,,494.0,48488.245266000005,80766.156562,80766.15636600001,163.49424365587046,0.01616,48488.245266000005,2178.8667171683755,111.7318905,65.47243670588236,31.215986185991355,6.1164232771282325,4,62,,False,True,,1869,92.534174553102
8,2026-09-22T23:18:44.061+00:00,2026-09-22T23:19:43.256+00:00,2026-09-22T23:20:11.866+00:00,True,436,436.0,,436.0,59194.514769,87804.665681,87804.665487,201.3868474472477,0.0,59194.514769,2831.9413791682396,111.49610875,65.77046186666666,32.67746256894867,4.965567565441408,4,62,,False,True,,1656,92.534174553102
9,2026-09-22T23:18:46.465+00:00,2026-09-22T23:19:50.639+00:00,2026-09-22T23:20:20.972+00:00,True,468,468.0,,468.0,64173.13147,94506.97006200001,94506.970123,201.9379703482906,0.0,64173.13147,2963.5649276879813,112.5412465,64.95468649250536,31.154290332663106,4.9520157052223235,4,62,,False,True,,2114,92.534174553102
10,2026-09-22T23:18:49.733+00:00,2026-09-22T23:20:02.856+00:00,2026-09-22T23:20:30.493+00:00,True,426,426.0,,426.0,73123.104402,100759.414674,100759.414635,236.52444749999998,0.0,73123.104402,3539.785054475504,110.48026,65.02661240470589,27.890469040997957,4.2278927619646565,4,62,,False,True,,2771,92.534174553102
11,2026-09-22T23:18:52.454+00:00,2026-09-22T23:20:12.539+00:00,2026-09-22T23:20:44.830+00:00,True,507,507.0,,507.0,80085.145183,112376.581983,112376.581972,221.65006306114398,41.635228000000005,80085.145183,3553.955816519014,108.6866603,63.81706877470356,24.43975338025859,4.511616130811823,4,62,,False,True,,2076,92.534174553102
12,2026-09-22T23:18:56.693+00:00,2026-09-22T23:20:26.949+00:00,2026-09-22T23:20:54.936+00:00,True,445,445.0,,445.0,90255.998012,118242.52038,118242.52033,265.7135288314607,42.952175000000004,90255.998012,4275.623559774192,107.318061,63.032708036036034,23.955568960201866,3.763451578754313,4,62,,True,True,,1771,92.534174553102
13,2026-09-22T23:18:59.586+00:00,2026-09-22T23:20:36.398+00:00,2026-09-22T23:21:06.949+00:00,True,487,487.0,,487.0,96811.52150300001,127362.389471,127362.38946600001,261.52441368788504,0.01721,96811.52150300001,4384.223815421935,105.551293,62.86186824691358,32.95004809337024,3.8237347934720423,4,62,,True,True,,2140,92.534174553102
14,2026-09-22T23:19:03.055+00:00,2026-09-22T23:20:47.796+00:00,2026-09-22T23:21:13.961+00:00,True,414,414.0,,414.0,104740.150454,130905.07231,130905.072384,316.19582701449275,0.01659,104740.150454,5144.701469255746,107.30930515,63.35332168523002,34.82134063574963,3.1625970842412805,4,62,,True,True,,2280,92.534174553102
15,2026-09-22T23:19:06.712+00:00,2026-09-22T23:21:00.131+00:00,2026-09-22T23:21:36.657+00:00,True,579,579.0,,579.0,113418.765046,149945.027062,149945.027046,258.97241286010365,0.01731,113418.765046,4710.964833129367,108.52027890000001,63.19422494117647,25.348005276848774,3.86141515557293,4,62,,True,True,,2987,92.534174553102
16,2026-09-22T23:19:10.359+00:00,2026-09-22T23:21:13.258+00:00,2026-09-22T23:21:51.154+00:00,True,592,592.0,,592.0,122899.28779,160795.828206,160795.828295,271.6145748226351,43.282474,122899.28779,5048.558536641309,110.66261549999999,64.12274182064297,25.512046779690042,3.681687557475511,4,62,,True,True,,2571,92.534174553102
17,2026-09-22T23:19:13.990+00:00,2026-09-22T23:21:28.126+00:00,2026-09-22T23:21:51.362+00:00,True,351,351.0,,351.0,134136.480483,157372.788963,157372.788853,448.35552379772076,45.385249,134136.480483,7156.1825663381915,111.64921250000002,66.3894528,26.926616847845374,2.2303728764858057,4,62,,True,True,,1793,92.534174553102
18,2026-09-22T23:19:17.089+00:00,2026-09-22T23:21:37.182+00:00,2026-09-22T23:22:12.392+00:00,True,550,550.0,,550.0,140092.39559,175302.54471,175302.544765,318.7318995727273,44.068992,140092.39559,5970.881209259716,109.757395,64.13506214936247,25.910843878559046,3.137433064134098,4,62,,True,True,,2623,92.534174553102
19,2026-09-22T23:19:20.462+00:00,2026-09-22T23:21:51.257+00:00,2026-09-22T23:22:20.386+00:00,True,458,458.0,,458.0,150794.884991,179924.185471,179924.185628,392.84756687336244,0.01713,150794.884991,7043.300280293884,109.6910817,63.74026363238512,36.895979788868495,2.5455165952318284,4,62,,True,True,,2398,92.534174553102
20,2026-09-22T23:19:24.746+00:00,2026-09-22T23:22:03.473+00:00,2026-09-22T23:22:39.224+00:00,True,564,564.0,,564.0,158727.38588299998,194477.81941899998,194477.819574,344.81882903191485,0.018760000000000002,158727.38588299998,6681.040841112003,109.70202149999999,63.49988194671403,33.933153172866874,2.9000736520233663,4,62,,True,True,,2515,92.534174553102
21,2026-09-22T23:19:28.886+00:00,2026-09-22T23:22:18.585+00:00,2026-09-22T23:22:43.050+00:00,True,378,378.0,,378.0,169699.179708,194163.84505200002,194163.84513,513.6609659523809,42.321667,169699.179708,8725.082983095459,110.64938715,64.89301152254642,25.356675040456363,1.9468094067603876,4,62,,True,True,,1543,92.534174553102
22,2026-09-22T23:19:32.071+00:00,2026-09-22T23:22:30.550+00:00,2026-09-22T23:23:02.365+00:00,True,496,496.0,,496.0,178479.20364300002,210293.973051,210293.97298000002,423.979784233871,43.296054,178479.20364300002,8011.1070943916975,110.4218,64.27226143030303,25.399950220449746,2.3586030203524246,4,62,,True,True,,1939,92.534174553102
23,2026-09-22T23:19:35.595+00:00,2026-09-22T23:22:41.503+00:00,2026-09-22T23:23:17.687+00:00,True,560,560.0,,560.0,185908.664071,222092.215303,222092.215341,396.59324168035715,36.811329,185908.664071,7853.385345031506,111.09483595000002,64.72907197137746,26.823380508247382,2.5214751414676693,4,62,,True,True,,2844,92.534174553102
24,2026-09-22T23:19:39.376+00:00,2026-09-22T23:22:57.122+00:00,2026-09-22T23:23:32.533+00:00,True,552,552.0,,552.0,197746.329181,233157.723229,233157.723128,422.38717957971016,38.479335,197746.329181,8413.950387099094,109.55511605,64.26750280943739,26.951196747589123,2.367496098157741,4,62,,True,True,,2175,92.534174553102
25,2026-09-22T23:19:42.952+00:00,2026-09-22T23:23:09.876+00:00,2026-09-22T23:23:44.198+00:00,True,536,536.0,,536.0,206923.777569,241246.012449,241246.012514,450.0858442425373,39.699951999999996,206923.777569,8935.012312633515,108.83063399999999,64.15371005607477,25.888063650804515,2.2217983814895663,4,62,,True,True,,1882,92.534174553102
26,2026-09-22T23:19:47.128+00:00,2026-09-22T23:23:23.896+00:00,2026-09-22T23:23:45.023+00:00,True,327,327.0,,327.0,216768.810921,237895.06423299998,237895.064362,727.5078420856269,43.617174,216768.810921,11983.787944256506,111.139934,64.80445801226993,26.406296024514134,1.374555630459523,4,62,,True,True,,1561,92.534174553102
27,2026-09-22T23:19:50.715+00:00,2026-09-22T23:23:37.706+00:00,2026-09-22T23:24:05.468+00:00,True,427,427.0,,427.0,226990.761065,254753.235305,254753.23512599999,596.6117918641686,0.01613,226990.761065,10981.777028626411,110.97205,65.17012732394366,41.4350832267942,1.6761318045236198,4,62,,True,True,,2047,92.534174553102
28,2026-09-22T23:19:53.411+00:00,2026-09-22T23:23:47.123+00:00,2026-09-22T23:24:14.358+00:00,True,419,419.0,,419.0,233712.11231,260946.917558,260946.917713,622.7850064749404,38.856974,233712.11231,11414.430085127973,109.7753519,65.1550364784689,25.885988395495954,1.6056905516305628,4,62,,True,True,,2190,92.534174553102
29,2026-09-22T23:19:56.517+00:00,2026-09-22T23:23:57.396+00:00,2026-09-22T23:24:30.919+00:00,True,530,530.0,,530.0,240878.317148,274401.48694,274401.486953,517.7386546283019,40.134510999999996,240878.317148,10460.36146596027,109.30940405000001,63.370831364839326,24.498409054631498,1.9314764140322922,4,62,,True,True,,2320,92.534174553102
30,2026-09-22T23:19:59.104+00:00,2026-09-22T23:24:07.998+00:00,2026-09-22T23:24:30.069+00:00,True,352,352.0,,352.0,248893.84424399998,270965.25954,270965.259448,769.7876688863636,43.615244,248893.84424399998,13262.756514343188,108.99189395000002,62.88152505982906,23.99193624787513,1.299059520019531,4,62,,True,True,,1764,92.534174553102
31,2026-09-22T23:20:03.352+00:00,2026-09-22T23:24:22.603+00:00,2026-09-22T23:24:52.529+00:00,True,474,474.0,,474.0,259251.514062,289176.922318,289176.922365,610.0778952848101,39.135034,259251.514062,11904.936635815355,110.27172350000001,63.26724789852008,24.9922697327305,1.6391349496373542,4,62,,True,True,,2047,92.534174553102
32,2026-09-22T23:20:06.705+00:00,2026-09-22T23:24:34.085+00:00,2026-09-22T23:25:06.834+00:00,False,522,521.0,,521.0,267380.363234,300128.739042,300128.73904099996,574.9592701934865,0.02809,267380.363234,11700.196591913165,106.9967015,62.856767385796545,25.24691454027866,1.7359217303315007,4,62,,True,False,Request timeout: 300.0s exceeded,2691,92.534174553102
33,2026-09-22T23:20:10.947+00:00,2026-09-22T23:24:50.586+00:00,2026-09-22T23:25:10.970+00:00,False,328,327.0,,327.0,279638.952586,300022.80180200003,300022.801745,914.7036638567074,0.04378,279638.952586,15437.056741252833,104.82035485,62.335930324159015,25.211901390246165,1.08991715974909,4,62,,True,False,Request timeout: 300.0s exceeded,729,92.534174553102
34,2026-09-22T23:20:14.287+00:00,2026-09-22T23:25:00.312+00:00,2026-09-22T23:25:14.333+00:00,False,254,253.0,,253.0,286024.478704,300045.60894400004,300045.60900500003,1181.2819252165355,0.02255,286024.478704,17943.30773200126,101.75281530000001,55.41948711462451,21.727148184527735,0.8432051410131433,4,62,,True,False,Request timeout: 300.0s exceeded,991,92.534174553102
35,2026-09-22T23:20:17.014+00:00,2026-09-22T23:25:09.001+00:00,2026-09-22T23:25:17.096+00:00,False,187,186.0,,186.0,291987.23511,300082.18423,300082.18432400003,1604.7175632299466,0.01749,291987.23511,21349.071357463592,105.7516568,43.52123182795699,37.4221883030396,0.619830199107852,4,62,,True,False,Request timeout: 300.0s exceeded,745,92.534174553102
0,2026-09-22T23:18:17.227+00:00,2026-09-22T23:18:17.406+00:00,2026-09-22T23:18:36.690+00:00,True,373,373.0,,373.0,178.384805,19462.687141000002,19462.68705,52.17878565683646,0.052899999999999996,215.24925399999998,20.485273024316477,85.82496200000001,51.83952240860215,19.435274734657806,19.164876735558266,5,62,,False,True,,1523,92.534174553102
1,2026-09-22T23:18:21.706+00:00,2026-09-22T23:18:21.875+00:00,2026-09-22T23:18:49.497+00:00,True,458,458.0,,458.0,168.57552600000002,27790.896422,27790.896375,60.67881304585153,40.092621,168.57552600000002,23.50105271905474,111.51089454999999,60.44271530853391,22.97661884679789,16.48021686833517,5,62,,False,True,,2156,92.534174553102
2,2026-09-22T23:18:26.180+00:00,2026-09-22T23:18:42.339+00:00,2026-09-22T23:19:07.879+00:00,True,413,413.0,,413.0,16158.939249,41698.964848999996,41698.964782999996,100.96601642372882,0.019018999999999998,16158.939249,792.4879036965134,106.67534599999999,61.990353398058254,25.483236835205815,9.90432260118573,5,62,,False,True,,1592,92.534174553102
3,2026-09-22T23:18:29.556+00:00,2026-09-22T23:18:51.014+00:00,2026-09-22T23:19:10.893+00:00,True,327,327.0,,327.0,21458.239082,41337.310826,41337.310806,126.41379451376147,0.016829999999999998,21458.239082,1183.5482888737213,107.90622830000001,60.9787476809816,25.648321703396846,7.910529095045201,5,62,,False,True,,1377,92.534174553102
4,2026-09-22T23:18:33.907+00:00,2026-09-22T23:19:08.447+00:00,2026-09-22T23:19:29.759+00:00,True,330,330.0,,330.0,34540.07958,55851.81333999999,55851.813314,169.24791913333334,9.831178,34540.07958,1897.9711247563655,109.01264944999998,64.77730626139818,25.305674163331275,5.908492137777385,5,62,,False,True,,733,92.534174553102
5,2026-09-22T23:18:37.806+00:00,2026-09-22T23:19:18.331+00:00,2026-09-22T23:19:46.795+00:00,True,446,446.0,,446.0,40525.346149,68988.809829,68988.809782,154.6834300044843,3.367942,40525.346149,1916.087983271508,110.5817825,63.96283973033707,26.72420383352908,6.464816556561616,5,62,,False,True,,1096,92.534174553102
6,2026-09-22T23:18:41.764+00:00,2026-09-22T23:19:32.871+00:00,2026-09-22T23:19:55.290+00:00,True,341,341.0,,341.0,51106.37233,73525.59767399999,73525.59765,215.61758841642228,9.560238,51106.37233,2764.141712829803,111.84861199999999,65.93889807058824,28.575798223830137,4.637840572366866,5,62,,False,True,,455,92.534174553102
7,2026-09-22T23:18:46.253+00:00,2026-09-22T23:19:49.619+00:00,2026-09-22T23:20:22.708+00:00,True,510,510.0,,510.0,63365.953387,96454.812011,96454.811763,189.1270818882353,0.0,63365.953387,2803.1845609827083,112.74016250000001,65.00758079371316,31.04404738536327,5.28745004388001,5,62,,False,True,,2112,92.534174553102
8,2026-09-22T23:18:49.450+00:00,2026-09-22T23:20:01.309+00:00,2026-09-22T23:20:37.160+00:00,True,556,556.0,,556.0,71859.03522,107710.619732,107710.61981100001,193.72413635071945,0.0,71859.03522,3044.8794951111176,110.63902024999997,64.59744957117117,26.731239529319737,5.161979397977752,5,62,,False,True,,2300,92.534174553102
9,2026-09-22T23:18:54.862+00:00,2026-09-22T23:20:21.018+00:00,2026-09-22T23:20:50.514+00:00,True,464,464.0,,464.0,86155.227059,115651.176115,115651.175946,249.24822402155172,38.294646,86155.227059,3996.7730387285837,107.50672315,63.70615346868251,24.432249909755292,4.01206468958528,5,62,,False,True,,1806,92.534174553102
10,2026-09-22T23:19:00.612+00:00,2026-09-22T23:20:39.802+00:00,2026-09-22T23:21:16.828+00:00,True,587,587.0,,587.0,99190.11115000001,136216.509358,136216.50935,232.05538219761502,0.017219,99190.11115000001,4091.528259589657,106.958671,63.18497987713311,31.643377418091692,4.309316123035166,5,62,,True,True,,1132,92.534174553102
11,2026-09-22T23:19:04.014+00:00,2026-09-22T23:20:50.765+00:00,2026-09-22T23:21:16.328+00:00,True,405,405.0,,405.0,106751.234764,132313.723852,132313.723887,326.7005528074074,0.019059999999999997,106751.234764,5301.476927977684,106.58661400000001,63.27348784158416,34.11747503699312,3.060906973285811,5,62,,True,True,,1290,92.534174553102
12,2026-09-22T23:19:08.463+00:00,2026-09-22T23:21:07.107+00:00,2026-09-22T23:21:42.133+00:00,True,545,545.0,,545.0,118643.892232,153669.92154399998,153669.921692,281.96315906788993,41.451448,118643.892232,5079.451461139387,109.494962,64.38608329411764,25.41990422338374,3.5465626228223934,5,62,,True,True,,2359,92.534174553102
13,2026-09-22T23:19:13.730+00:00,2026-09-22T23:21:27.180+00:00,2026-09-22T23:21:54.035+00:00,True,409,409.0,,409.0,133450.45069,160305.284098,160305.284102,391.94445990709045,39.234902999999996,133450.45069,6595.500245738219,112.3900714,65.82067011764705,26.91144557258484,2.551381897991363,5,62,,True,True,,1971,92.534174553102
14,2026-09-22T23:19:18.450+00:00,2026-09-22T23:21:41.364+00:00,2026-09-22T23:22:11.972+00:00,True,483,483.0,,483.0,142913.92826699998,173521.822539,173521.822307,359.2584312774327,41.378319000000005,142913.92826699998,6499.96953980709,109.74162199999999,63.50185533609959,25.54047186815286,2.783511566053561,5,62,,True,True,,2040,92.534174553102
15,2026-09-22T23:19:24.275+00:00,2026-09-22T23:22:01.947+00:00,2026-09-22T23:22:39.477+00:00,True,589,589.0,,589.0,157672.987828,195202.56299600002,195202.56277000002,331.41351913412564,0.01859,157672.987828,6494.253517740389,110.00374599999999,63.82580810884353,32.48977156520868,3.0173784142991478,5,62,,True,True,,2715,92.534174553102
16,2026-09-22T23:19:29.787+00:00,2026-09-22T23:22:22.103+00:00,2026-09-22T23:22:42.612+00:00,True,316,316.0,,316.0,172316.099736,192824.60226400002,192824.602174,610.2044372594937,45.732878,172316.099736,9689.908174872231,111.39732625,65.10635723174603,25.231633591266828,1.6387950307676926,5,62,,True,True,,1494,92.534174553102
17,2026-09-22T23:19:32.950+00:00,2026-09-22T23:22:33.647+00:00,2026-09-22T23:23:10.389+00:00,True,565,565.0,,565.0,180696.310046,217438.790174,217438.790228,384.84741633274336,43.469694000000004,180696.310046,7599.25628074392,110.39717799999998,65.14624136170212,26.494861651274704,2.598432411934746,5,62,,True,True,,2489,92.534174553102
18,2026-09-22T23:19:36.282+00:00,2026-09-22T23:22:43.258+00:00,2026-09-22T23:23:13.838+00:00,True,473,473.0,,473.0,186975.66576899998,217556.437353,217556.437227,459.9501844122621,38.801004,186975.66576899998,8594.21201659907,110.7656626,64.78977030508474,26.50403392310807,2.174148491099464,5,62,,True,True,,2058,92.534174553102
19,2026-09-22T23:19:41.086+00:00,2026-09-22T23:23:02.571+00:00,2026-09-22T23:23:36.888+00:00,True,535,535.0,,535.0,201484.641948,235801.628316,235801.628245,440.75070700000003,39.861542,201484.641948,8708.202909124366,110.64173330000001,64.26401941573033,26.614049745686334,2.2688562577822466,5,62,,True,True,,2640,92.534174553102
20,2026-09-22T23:19:44.322+00:00,2026-09-22T23:23:13.024+00:00,2026-09-22T23:23:43.162+00:00,True,472,472.0,,472.0,208702.357994,238840.536042,238840.535948,506.0180846355932,40.969508999999995,208702.357994,9603.394341318257,109.521063,63.98763916772824,25.932042896614806,1.9762139535518335,5,62,,True,True,,2988,92.534174553102
21,2026-09-22T23:19:48.763+00:00,2026-09-22T23:23:30.333+00:00,2026-09-22T23:23:58.534+00:00,True,435,435.0,,435.0,221569.596435,249770.820627,249770.82077400002,574.1857948827586,0.018819,221569.596435,10620.410686550085,110.03766399999999,64.97977924423962,40.542826182418025,1.7415965520232466,5,62,,True,True,,2103,92.534174553102
22,2026-09-22T23:19:54.472+00:00,2026-09-22T23:23:50.050+00:00,2026-09-22T23:24:13.441+00:00,True,364,364.0,,364.0,235578.506169,258969.246905,258969.24674,711.4539745604395,40.038141,235578.506169,12344.317416980903,109.9008145,64.43730230303031,25.397897245343614,1.4055722999940967,5,62,,True,True,,1570,92.534174553102
23,2026-09-22T23:19:58.668+00:00,2026-09-22T23:24:06.588+00:00,2026-09-22T23:24:33.739+00:00,True,426,426.0,,426.0,247919.99502,275071.092876,275071.092952,645.7067909671362,38.963014,247919.99502,12008.693065846404,109.59456149999998,63.884936131764704,24.676423846727825,1.54869054231023,5,62,,True,True,,724,92.534174553102
24,2026-09-22T23:20:02.353+00:00,2026-09-22T23:24:16.852+00:00,2026-09-22T23:24:50.171+00:00,True,533,533.0,,533.0,254498.947483,287817.847707,287817.847783,539.9959620694184,43.009395,254498.947483,11020.886815019712,108.93490299999999,62.62951169924812,24.194438667556945,1.8518656999429606,5,62,,True,True,,2552,92.534174553102
25,2026-09-22T23:20:05.765+00:00,2026-09-22T23:24:31.633+00:00,2026-09-22T23:25:03.990+00:00,True,510,510.0,,510.0,265867.64413100004,298225.49987500004,298225.49994300003,584.7558822411766,39.135042999999996,265867.64413100004,11770.030290525967,107.7173585,63.57142582318271,25.75329072786088,1.710115332906691,5,62,,True,True,,1887,92.534174553102
26,2026-09-22T23:20:09.019+00:00,2026-09-22T23:24:43.290+00:00,2026-09-22T23:25:09.049+00:00,False,411,410.0,,410.0,274270.398736,300030.19496,300030.194999,730.0004744501217,0.04077,274270.398736,13525.686074186573,107.47558149999999,62.828771278048784,25.571907412388864,1.3665291256923695,5,62,,True,False,Request timeout: 300.0s exceeded,621,92.534174553102
27,2026-09-22T23:20:14.330+00:00,2026-09-22T23:25:00.658+00:00,2026-09-22T23:25:14.339+00:00,False,249,248.0,,248.0,286328.624831,300009.301695,300009.301565,1204.8566327911647,0.03982,286328.624831,18141.85659326993,103.0365978,55.164019612903225,21.89036348893977,0.8266410361240251,5,62,,True,False,Request timeout: 300.0s exceeded,893,92.534174553102
0,2026-09-22T23:18:17.229+00:00,2026-09-22T23:18:17.406+00:00,2026-09-22T23:18:51.355+00:00,True,581,581.0,,581.0,177.565137,34126.479312999996,34126.479244,58.73748579001721,0.03886,213.271568,24.95952028790263,109.107129,58.532610648275856,24.48724030676758,17.024902998964688,6,62,,False,True,,3028,92.534174553102
1,2026-09-22T23:18:19.862+00:00,2026-09-22T23:18:20.006+00:00,2026-09-22T23:18:48.879+00:00,True,485,485.0,,485.0,143.72489199999998,29017.15798,29017.158091,59.82919194020619,2.480825,196.348536,23.32185587475597,111.48580319999999,59.65585348760331,23.0311142567993,16.714248870764152,6,62,,False,True,,1787,92.534174553102
2,2026-09-22T23:18:23.387+00:00,2026-09-22T23:18:33.066+00:00,2026-09-22T23:19:09.164+00:00,True,564,564.0,,564.0,9679.450625,45777.411584999994,45777.411528,81.16562327659574,0.018420000000000002,9679.450625,405.7737884603279,111.22455500000002,64.11715978685613,26.962863255831877,12.320486905485224,6,62,,False,True,,2209,92.534174553102
3,2026-09-22T23:18:26.623+00:00,2026-09-22T23:18:43.277+00:00,2026-09-22T23:19:09.530+00:00,True,425,425.0,,425.0,16654.298844,42907.906524000005,42907.906299,100.95977952705883,0.021670000000000002,16654.298844,805.2682434339291,107.63409019999999,61.91888603773585,26.022938263281787,9.904934414879493,6,62,,False,True,,1842,92.534174553102
4,2026-09-22T23:18:30.948+00:00,2026-09-22T23:18:55.095+00:00,2026-09-22T23:19:21.119+00:00,True,414,414.0,,414.0,24147.1532,50171.371824,50171.371875,121.18688858695653,0.01669,24147.1532,1183.9695446153303,108.90015865,63.01263589346247,26.621834300433886,8.251717761521496,6,62,,False,True,,1893,92.534174553102
5,2026-09-22T23:18:35.194+00:00,2026-09-22T23:19:12.355+00:00,2026-09-22T23:19:35.735+00:00,True,362,362.0,,362.0,37161.183920999996,60540.55390499999,60540.554036999994,167.23909954972373,12.968161,37161.183920999996,1949.923726617124,109.97371204999999,64.7627977396122,26.46594924846628,5.9794629657344895,6,62,,False,True,,1748,92.534174553102
6,2026-09-22T23:18:37.926+00:00,2026-09-22T23:19:19.092+00:00,2026-09-22T23:19:47.764+00:00,True,447,447.0,,447.0,41165.864381,69837.639869,69837.639783,156.23633061073826,5.442997999999999,41165.864381,1944.2256031974698,109.03078300000001,64.28649212556054,27.044035790202923,6.400559939288804,6,62,,False,True,,2207,92.534174553102
7,2026-09-22T23:18:41.271+00:00,2026-09-22T23:19:31.292+00:00,2026-09-22T23:19:53.921+00:00,True,343,343.0,,343.0,50020.623954,72650.176594,72650.17662900001,211.8080951282799,10.516577,50020.623954,2697.43940592679,111.37508799999999,66.16828257309942,28.708950982577733,4.721254869300999,6,62,,False,True,,1891,92.534174553102
8,2026-09-22T23:18:43.872+00:00,2026-09-22T23:19:42.587+00:00,2026-09-22T23:20:03.992+00:00,True,326,326.0,,326.0,58714.712621,80119.676461,80119.676326,245.76587830061348,0.01702,58714.712621,3248.425822115893,110.91957750000002,65.86142720000001,32.92797412025081,4.068913086021854,6,62,,False,True,,1167,92.534174553102
9,2026-09-22T23:18:46.750+00:00,2026-09-22T23:19:51.466+00:00,2026-09-22T23:20:25.881+00:00,True,534,534.0,,534.0,64715.409060000005,99130.373284,99130.373301,185.63740318539328,0.0,64715.409060000005,2797.880123907682,111.71319265,64.5684131782364,30.379948220003445,5.386845447158117,6,62,,False,True,,2085,92.534174553102
10,2026-09-22T23:18:50.309+00:00,2026-09-22T23:20:04.959+00:00,2026-09-22T23:20:32.631+00:00,True,429,429.0,,429.0,74649.777962,102321.34045799999,102321.34070799999,238.5112837016317,0.0,74649.777962,3601.107599762929,111.59922900000001,64.65318340186916,27.37947619342438,4.192673767561639,6,62,,False,True,,1640,92.534174553102
11,2026-09-22T23:18:54.225+00:00,2026-09-22T23:20:19.404+00:00,2026-09-22T23:20:41.262+00:00,True,341,341.0,,341.0,85178.849849,107036.99640900001,107036.99659000001,313.89148560117303,39.016543,85178.849849,4609.277212342127,107.906231,64.28866635294118,24.572569278879687,3.185814358028152,6,62,,False,True,,1241,92.534174553102
12,2026-09-22T23:18:57.382+00:00,2026-09-22T23:20:29.572+00:00,2026-09-22T23:20:51.223+00:00,True,342,342.0,,342.0,92189.937093,113841.232837,113841.232842,332.869101877193,40.535,92189.937093,4981.687060473926,107.75371849999999,63.49353590615836,24.389345577351154,3.0041839101451226,6,62,,True,True,,1351,92.534174553102
13,2026-09-22T23:19:01.356+00:00,2026-09-22T23:20:41.929+00:00,2026-09-22T23:21:05.392+00:00,True,375,375.0,,375.0,100573.11072699999,124035.698119,124035.698169,330.76186178399996,0.017929999999999998,100573.11072699999,5190.453231061846,105.66147799999999,62.734190887700535,35.29824027251371,3.023323169755731,6,62,,True,True,,1730,92.534174553102
14,2026-09-22T23:19:04.757+00:00,2026-09-22T23:20:55.046+00:00,2026-09-22T23:21:18.538+00:00,True,368,368.0,,368.0,110288.685495,133780.738231,133780.738321,363.5346150027174,0.0179,110288.685495,5745.967367752631,105.86141814999999,64.0110428773842,35.44309741065096,2.750769691258335,6,62,,True,True,,1491,92.534174553102
15,2026-09-22T23:19:08.118+00:00,2026-09-22T23:21:04.883+00:00,2026-09-22T23:21:31.316+00:00,True,425,425.0,,425.0,116764.312072,143197.455112,143197.455169,336.93518863294116,42.741416,116764.312072,5660.92758082289,109.52419600000002,62.342318490566036,23.950320273225106,2.967929839727891,6,62,,True,True,,1564,92.534174553102
16,2026-09-22T23:19:11.050+00:00,2026-09-22T23:21:15.278+00:00,2026-09-22T23:21:42.797+00:00,True,429,429.0,,429.0,124227.84925,151747.266082,151747.266164,353.72323115151517,38.366515,124227.84925,5994.727885560327,109.96865600000001,64.29770287850467,25.738969737629485,2.827069054200821,6,62,,True,True,,1564,92.534174553102
17,2026-09-22T23:19:13.601+00:00,2026-09-22T23:21:26.870+00:00,2026-09-22T23:21:49.335+00:00,True,342,342.0,,342.0,133268.90007099998,155734.09123899997,155734.09139,455.36284032163735,39.508773,133268.90007099998,7202.844688389642,112.37067855,65.8803260058651,26.958306983076792,2.196050956339058,6,62,,True,True,,1917,92.534174553102
18,2026-09-22T23:19:16.614+00:00,2026-09-22T23:21:36.247+00:00,2026-09-22T23:22:08.534+00:00,True,493,493.0,,493.0,139632.455968,171920.102176,171920.102223,348.7223168823529,42.228557,139632.455968,6285.832077632662,111.3685196,65.62529717073171,27.066532682602457,2.867611138895791,6,62,,True,True,,2700,92.534174553102
19,2026-09-22T23:19:20.018+00:00,2026-09-22T23:21:48.749+00:00,2026-09-22T23:22:17.806+00:00,True,453,453.0,,453.0,148730.80322,177787.854868,177787.854735,392.46767049668875,0.01667,148730.80322,6985.05961943908,110.8668232,64.28551249557522,36.90871508045656,2.547980571205685,6,62,,True,True,,1199,92.534174553102
20,2026-09-22T23:19:23.971+00:00,2026-09-22T23:22:01.018+00:00,2026-09-22T23:22:29.802+00:00,True,457,457.0,,457.0,157047.68682,185831.340964,185831.34088,406.63313102844637,0.01734,157047.68682,7343.515673629059,110.18437000000002,63.1220485614035,35.88129789251309,2.459219191064934,6,62,,True,True,,1567,92.534174553102
21,2026-09-22T23:19:27.560+00:00,2026-09-22T23:22:15.445+00:00,2026-09-22T23:22:34.469+00:00,True,303,303.0,,303.0,167884.89789300002,186908.854373,186908.85446700003,616.8609058316832,0.01686,167884.89789300002,9641.155025060641,111.53318000000002,62.99323337748344,27.294984672768727,1.62111100095518,6,62,,True,True,,1198,92.534174553102
22,2026-09-22T23:19:31.825+00:00,2026-09-22T23:22:30.117+00:00,2026-09-22T23:22:53.437+00:00,True,360,360.0,,360.0,178292.121177,201611.808857,201611.808804,560.0328022333333,39.520892999999994,178292.121177,9393.432261446065,110.19906985,64.95734729805014,26.024906556958545,1.7856096924131175,6,62,,True,True,,1555,92.534174553102
23,2026-09-22T23:19:36.087+00:00,2026-09-22T23:22:43.003+00:00,2026-09-22T23:23:10.226+00:00,True,421,421.0,,421.0,186916.120521,214139.76877700002,214139.768569,508.64553104275535,42.003248,186916.120521,9106.615496433367,112.64294100000001,64.81821013333334,27.10245094861619,1.9660056719236454,6,62,,True,True,,1683,92.534174553102
24,2026-09-22T23:19:40.053+00:00,2026-09-22T23:22:58.629+00:00,2026-09-22T23:23:25.010+00:00,True,411,411.0,,411.0,198575.161876,224956.775444,224956.775539,547.3400864695864,42.048556,198575.161876,9791.852255247557,109.29484799999999,64.34539894634146,26.506103119809485,1.8270176534527764,6,62,,True,True,,1550,92.534174553102
25,2026-09-22T23:19:43.623+00:00,2026-09-22T23:23:10.944+00:00,2026-09-22T23:23:33.477+00:00,True,355,355.0,,355.0,207320.892541,229854.264445,229854.264368,647.4768010366197,39.709612,207320.892541,11000.102266415448,108.54657900000001,63.65359294915255,25.798538118154983,1.544456879480455,6,62,,True,True,,1938,92.534174553102
26,2026-09-22T23:19:46.169+00:00,2026-09-22T23:23:19.716+00:00,2026-09-22T23:23:52.779+00:00,True,513,513.0,,513.0,213547.422333,246610.695805,246610.69589099998,480.7226040760234,0.01652,213547.422333,9425.579352836492,111.2338616,64.576706,39.225762092419856,2.0802017460168853,6,62,,True,True,,2442,92.534174553102
27,2026-09-22T23:19:48.595+00:00,2026-09-22T23:23:29.338+00:00,2026-09-22T23:23:58.172+00:00,True,445,445.0,,445.0,220742.424526,249576.50939,249576.509505,560.8460887752809,0.01898,220742.424526,10461.194287130982,111.8718002,64.94163257657658,40.528019302281194,1.7830203695357485,6,62,,True,True,,2091,92.534174553102
28,2026-09-22T23:19:52.107+00:00,2026-09-22T23:23:41.313+00:00,2026-09-22T23:24:02.948+00:00,True,339,339.0,,339.0,229206.337231,250841.15553500003,250841.15548400002,739.9444114572271,0.01576,229206.337231,12445.380456358125,109.76636189999999,64.00833817751479,43.98156659098636,1.3514528717465548,6,62,,True,True,,1283,92.534174553102
29,2026-09-22T23:19:54.941+00:00,2026-09-22T23:23:51.739+00:00,2026-09-22T23:24:21.832+00:00,True,472,472.0,,472.0,236798.311919,266891.145455,266891.145493,565.4473421461864,39.778701999999996,236798.311919,10896.614454405495,108.78405349999998,63.891366318471334,25.389824151239146,1.7685112752441725,6,62,,True,True,,1813,92.534174553102
30,2026-09-22T23:19:57.465+00:00,2026-09-22T23:24:00.966+00:00,2026-09-22T23:24:33.166+00:00,True,504,504.0,,504.0,243501.41266,275701.66866,275701.668626,547.0271202896826,43.056695,243501.41266,10843.592673307921,109.7583055,64.01641351888668,25.189159453692355,1.8280629292147712,6,62,,True,True,,2352,92.534174553102
31,2026-09-22T23:20:01.110+00:00,2026-09-22T23:24:12.978+00:00,2026-09-22T23:24:43.136+00:00,True,476,476.0,,476.0,251867.954138,282025.66345,282025.663442,592.4908895840337,41.092119,251867.954138,11541.465420113695,108.90854875,63.48991434105263,24.86354977836519,1.6877896648734931,6,62,,True,True,,2638,92.534174553102
32,2026-09-22T23:20:05.364+00:00,2026-09-22T23:24:30.231+00:00,2026-09-22T23:24:56.304+00:00,True,407,407.0,,407.0,264867.060904,290939.621544,290939.621505,714.8393648771499,43.868513,264867.060904,13125.815611839018,109.834463,64.21812965517242,26.162573845007547,1.398915685117325,6,62,,True,True,,1734,92.534174553102
33,2026-09-22T23:20:07.988+00:00,2026-09-22T23:24:39.217+00:00,2026-09-22T23:25:01.258+00:00,True,351,351.0,,351.0,271229.272695,293270.820983,293270.821087,835.5294048062677,43.488973,271229.272695,14473.808851088805,107.68512149999998,62.97585225142858,25.66440492548618,1.196845969276795,6,62,,True,True,,1419,92.534174553102
34,2026-09-22T23:20:11.549+00:00,2026-09-22T23:24:52.736+00:00,2026-09-22T23:25:11.568+00:00,False,308,307.0,,307.0,281187.409168,300019.443216,300019.443293,974.0891016006493,0.02689,281187.409168,16018.663017669463,104.78155419999999,61.3421304495114,24.509194269586384,1.023267014661361,6,62,,True,False,Request timeout: 300.0s exceeded,1496,92.534174553102
35,2026-09-22T23:20:14.229+00:00,2026-09-22T23:25:00.209+00:00,2026-09-22T23:25:14.236+00:00,False,254,253.0,,253.0,285980.321202,300006.91550600005,300006.91532100004,1181.1295878779529,0.02618,285980.321202,17940.535739244184,100.95336364999999,55.44108420553359,21.76721127704147,0.843313893525698,6,62,,True,False,Request timeout: 300.0s exceeded,1042,92.534174553102
0,2026-09-22T23:18:17.230+00:00,2026-09-22T23:18:17.406+00:00,2026-09-22T23:18:36.223+00:00,True,367,367.0,,367.0,176.2644,18993.073104,18993.073289,51.75224329427793,33.606546,215.502243,18.39488028909447,80.8831169,51.41204563934426,17.22520393778784,19.32283406642123,7,62,,False,True,,887,92.534174553102
1,2026-09-22T23:18:23.441+00:00,2026-09-22T23:18:33.282+00:00,2026-09-22T23:19:04.405+00:00,True,485,485.0,,485.0,9840.529049,40963.606681000005,40963.606621,84.46104457938145,5.546978,9840.529049,444.6516446653286,110.85877620000001,64.30387940495868,25.601808166250674,11.839777775841105,7,62,,False,True,,2698,92.534174553102
2,2026-09-22T23:18:28.381+00:00,2026-09-22T23:18:49.031+00:00,2026-09-22T23:19:10.159+00:00,True,342,342.0,,342.0,20649.949501,41778.636349,41778.636228999996,122.15975505555555,0.01656,20649.949501,1113.5838865739738,106.15271859999999,61.96095849853373,26.438250737372794,8.1860019830012,7,62,,False,True,,1657,92.534174553102
3,2026-09-22T23:18:32.536+00:00,2026-09-22T23:19:04.566+00:00,2026-09-22T23:19:24.227+00:00,True,300,300.0,,300.0,32030.658792,51691.617512,51691.617591,172.30539197,0.01672,32030.658792,1845.7128580718472,110.71732054999998,65.75571478260869,28.435233426133355,5.803648917164494,7,62,,False,True,,1091,92.534174553102
4,2026-09-22T23:18:36.105+00:00,2026-09-22T23:19:14.176+00:00,2026-09-22T23:19:51.666+00:00,True,575,575.0,,575.0,38070.715139,75560.758531,75560.758515,131.41001480869565,4.39055,38070.715139,1585.169992085317,109.856823,65.31366444599303,27.328963706939213,7.609770086732217,7,62,,False,True,,2217,92.534174553102
5,2026-09-22T23:18:41.497+00:00,2026-09-22T23:19:32.208+00:00,2026-09-22T23:20:01.928+00:00,True,452,452.0,,452.0,50710.957185,80431.435137,80431.435026,177.94565271238937,0.01722,50710.957185,2382.355337765951,110.92648105,65.89906419512195,31.830824921846002,5.619693335449033,7,62,,False,True,,1681,92.534174553102
6,2026-09-22T23:18:45.633+00:00,2026-09-22T23:19:47.200+00:00,2026-09-22T23:20:23.166+00:00,True,551,551.0,,551.0,61567.275108,97533.083748,97533.083796,177.0110413720508,0.0,61567.275108,2620.249261921534,111.52405300000001,65.39237934545454,30.823131487690862,5.64936510593308,7,62,,False,True,,2776,92.534174553102
7,2026-09-22T23:18:49.750+00:00,2026-09-22T23:20:03.166+00:00,2026-09-22T23:20:35.584+00:00,True,501,501.0,,501.0,73416.420472,105834.633336,105834.633262,211.2467729780439,0.0,73416.420472,3277.219396142049,110.147276,64.836425728,27.1577472768579,4.7338001201312165,7,62,,False,True,,2275,92.534174553102
8,2026-09-22T23:18:54.717+00:00,2026-09-22T23:20:20.714+00:00,2026-09-22T23:20:48.541+00:00,True,437,437.0,,437.0,85997.244198,113824.61341399999,113824.613449,260.46822299542333,43.826743,85997.244198,4110.822399382059,107.0743708,63.82424132110092,23.92194471077507,3.8392399226567515,7,62,,False,True,,922,92.534174553102
9,2026-09-22T23:18:59.395+00:00,2026-09-22T23:20:35.329+00:00,2026-09-22T23:21:10.303+00:00,True,557,557.0,,557.0,95933.26980699999,130907.56919899999,130907.56907799999,235.02256566965886,0.016649999999999998,95933.26980699999,4062.2636838148405,107.34716680000001,62.90341617266187,29.357120390314666,4.254910570933243,7,62,,True,True,,2729,92.534174553102
10,2026-09-22T23:19:04.128+00:00,2026-09-22T23:20:52.291+00:00,2026-09-22T23:21:17.276+00:00,True,392,392.0,,392.0,108162.825271,133148.017207,133148.017202,339.6633091887755,0.01756,108162.825271,5459.931258788941,107.03258260000001,63.90074663938619,34.871533289945674,2.944091907809434,7,62,,True,True,,1595,92.534174553102
11,2026-09-22T23:19:10.262+00:00,2026-09-22T23:21:13.009+00:00,2026-09-22T23:21:32.525+00:00,True,310,310.0,,310.0,122747.425627,142263.502427,142263.502416,458.91452392258066,44.437661999999996,122747.425627,6968.041305102507,109.63709895,63.158824595469255,24.571821541777634,2.179055026141164,7,62,,True,True,,1321,92.534174553102
12,2026-09-22T23:19:14.441+00:00,2026-09-22T23:21:29.070+00:00,2026-09-22T23:21:58.647+00:00,True,451,451.0,,451.0,134628.820643,164205.664163,164205.66438,364.0923822172949,42.131167,134628.820643,6336.386772813006,111.58101350000001,65.72631893333333,27.17210528000002,2.7465556824660533,7,62,,True,True,,2297,92.534174553102
13,2026-09-22T23:19:18.340+00:00,2026-09-22T23:21:41.007+00:00,2026-09-22T23:22:04.787+00:00,True,367,367.0,,367.0,142667.37301100002,166447.020243,166447.02043700003,453.53411563215263,43.570474000000004,142667.37301100002,7443.834005639791,112.3879293,64.97171374863387,27.1150429019894,2.204905798038366,7,62,,True,True,,1893,92.534174553102
14,2026-09-22T23:19:22.618+00:00,2026-09-22T23:21:56.654+00:00,2026-09-22T23:22:15.752+00:00,True,304,304.0,,304.0,154036.333376,173134.21088,173134.210825,569.5204303453947,0.016730000000000002,154036.333376,8831.07188306868,109.1252148,63.02929869306931,41.51189257112575,1.755863260385341,7,62,,True,True,,1232,92.534174553102
15,2026-09-22T23:19:27.250+00:00,2026-09-22T23:22:14.350+00:00,2026-09-22T23:22:52.289+00:00,True,586,586.0,,586.0,167100.06409099998,205038.20681099998,205038.206793,349.8945508412969,0.01732,167100.06409099998,6900.248105558618,110.935204,64.85152601709402,34.69479778193435,2.8580039257764422,7,62,,True,True,,2609,92.534174553102
16,2026-09-22T23:19:33.486+00:00,2026-09-22T23:22:35.357+00:00,2026-09-22T23:23:02.879+00:00,True,430,430.0,,430.0,181871.130768,209393.454992,209393.455053,486.9615233790698,42.794725,181871.130768,8767.54782712176,110.105749,64.15460192074592,25.46656297683564,2.0535503366923686,7,62,,True,True,,2235,92.534174553102
17,2026-09-22T23:19:38.323+00:00,2026-09-22T23:22:52.656+00:00,2026-09-22T23:23:13.643+00:00,True,321,321.0,,321.0,194332.39900600002,215319.62819000002,215319.628208,670.7776579688474,43.616743,194332.39900600002,10842.949707264754,111.712053,65.58509120000001,26.998003974551008,1.4908069584661674,7,62,,True,True,,1114,92.534174553102
18,2026-09-22T23:19:43.604+00:00,2026-09-22T23:23:10.540+00:00,2026-09-22T23:23:47.169+00:00,True,572,572.0,,572.0,206935.355204,243564.734788,243564.734773,425.8124733793706,0.01656,206935.355204,8649.815567923702,109.2015965,64.1495264168126,40.7722738318747,2.3484516364730377,7,62,,True,True,,2091,92.534174553102
19,2026-09-22T23:19:48.915+00:00,2026-09-22T23:23:30.798+00:00,2026-09-22T23:24:05.152+00:00,True,533,533.0,,533.0,221883.172072,256236.853224,256236.853243,480.7445651838649,0.01651,221883.172072,9608.107325501813,110.55369320000001,64.57458863157895,38.583293326914315,2.080106718817906,7,62,,True,True,,2728,92.534174553102
20,2026-09-22T23:19:54.558+00:00,2026-09-22T23:23:50.255+00:00,2026-09-22T23:24:16.699+00:00,True,410,410.0,,410.0,235697.450256,262140.75368000002,262140.75349,639.3676914390244,42.452336,235697.450256,11637.102458231167,110.32455145,64.65355360391199,25.60300077076279,1.5640452476172186,7,62,,True,True,,1315,92.534174553102
21,2026-09-22T23:20:00.070+00:00,2026-09-22T23:24:10.596+00:00,2026-09-22T23:24:31.631+00:00,True,335,335.0,,335.0,250526.57125799998,271561.416698,271561.41674899997,810.6310947731342,40.254301,250526.57125799998,13684.309972945108,109.770738,62.97857916167665,24.6201841922409,1.2336067622321667,7,62,,True,True,,1171,92.534174553102
22,2026-09-22T23:20:05.328+00:00,2026-09-22T23:24:30.019+00:00,2026-09-22T23:25:04.988+00:00,True,550,550.0,,550.0,264690.255206,299659.909478,299659.909478,544.836199050909,42.175106,264690.255206,11283.74387334532,107.69551954999999,63.69700231693989,25.83343027860541,1.8354140230439435,7,62,,True,True,,1880,92.534174553102
23,2026-09-22T23:20:09.123+00:00,2026-09-22T23:24:43.498+00:00,2026-09-22T23:25:09.193+00:00,False,410,409.0,,409.0,274374.618986,300070.510954,300070.511149,731.8792954853659,0.02729,274374.618986,13547.317286625472,105.84461755000001,62.82614173105135,25.243600113480696,1.3630129755159401,7,62,,True,False,Request timeout: 300.0s exceeded,1966,92.534174553102
24,2026-09-22T23:20:14.930+00:00,2026-09-22T23:25:03.789+00:00,2026-09-22T23:25:14.978+00:00,False,214,213.0,,213.0,288858.79530299996,300048.139559,300048.13956899993,1402.0941101355138,0.01993,288858.79530299996,19742.40211745127,100.64732029999999,52.532132657276996,22.18240215307728,0.7098860879892799,7,62,,True,False,Request timeout: 300.0s exceeded,951,92.534174553102
0,2026-09-22T23:18:17.231+00:00,2026-09-22T23:18:17.406+00:00,2026-09-22T23:18:41.036+00:00,True,433,433.0,,433.0,174.897402,23804.977402,23804.977497,54.97685334180139,0.09613,215.176664,22.931889500498485,110.26536960000001,54.699259259259264,22.218198209270717,18.189473263840238,8,62,,False,True,,2114,92.534174553102
1,2026-09-22T23:18:20.463+00:00,2026-09-22T23:18:20.589+00:00,2026-09-22T23:18:50.359+00:00,True,491,491.0,,491.0,126.54947,29896.003294000002,29896.003367,60.887990564154784,0.02614,197.304453,24.09683090426999,111.9380075,60.75398739591837,23.937621819770385,16.423600010056916,8,62,,False,True,,1400,92.534174553102
2,2026-09-22T23:18:22.928+00:00,2026-09-22T23:18:23.231+00:00,2026-09-22T23:18:47.693+00:00,True,415,415.0,,415.0,302.639501,24765.358221000002,24765.358331,59.67556224337349,40.142561,302.639501,25.1504100131476,110.839132,59.08869256038647,22.15391371770238,16.75727830369508,8,62,,False,True,,1864,92.534174553102
3,2026-09-22T23:18:26.463+00:00,2026-09-22T23:18:42.908+00:00,2026-09-22T23:19:19.137+00:00,True,569,569.0,,569.0,16445.000305999998,52674.517874,52674.517672999995,92.57384476801406,0.016370000000000003,16445.000305999998,687.2434814959526,109.3702404,63.78436191549296,26.421403805825584,10.802187147893326,8,62,,False,True,,2768,92.534174553102
4,2026-09-22T23:18:30.068+00:00,2026-09-22T23:18:51.361+00:00,2026-09-22T23:19:10.589+00:00,True,318,318.0,,318.0,21293.459717,40521.438469,40521.438411,127.42590695283019,0.01688,21293.459717,1190.9489039923985,107.9792977,60.65608439116719,25.510982131234766,7.847697712984168,8,62,,False,True,,1435,92.534174553102
5,2026-09-22T23:18:34.226+00:00,2026-09-22T23:19:09.640+00:00,2026-09-22T23:19:46.152+00:00,True,565,565.0,,565.0,35413.721007,71926.046895,71926.046937,127.30273794159292,9.663288,35413.721007,1487.3787857007842,110.5383152,64.7381664680851,26.512968403165832,7.855290599034386,8,62,,False,True,,2135,92.534174553102
6,2026-09-22T23:18:37.266+00:00,2026-09-22T23:19:17.471+00:00,2026-09-22T23:19:47.554+00:00,True,470,470.0,,470.0,40204.431768,70287.805592,70287.805595,149.5485225425532,9.288388999999999,40204.431768,1851.725484791675,110.93547745,64.14365420895523,26.697746610640564,6.686792908690471,8,62,,False,True,,1903,92.534174553102
7,2026-09-22T23:18:40.267+00:00,2026-09-22T23:19:28.215+00:00,2026-09-22T23:19:48.381+00:00,True,309,309.0,,309.0,47948.386091,68114.171435,68114.171599,220.4342122944984,8.221210999999998,47948.386091,2724.113774010258,112.347279,65.47332903896104,28.63715904813698,4.536500899741143,8,62,,False,True,,763,92.534174553102
8,2026-09-22T23:18:42.976+00:00,2026-09-22T23:19:38.617+00:00,2026-09-22T23:20:15.740+00:00,True,571,571.0,,571.0,55640.666774,92764.036502,92764.036521,162.4589080928196,0.0,55640.666774,2325.971147409858,112.0994915,65.12871882105263,31.07792674847168,6.1554026919439755,8,62,,False,True,,2685,92.534174553102
9,2026-09-22T23:18:45.888+00:00,2026-09-22T23:19:47.972+00:00,2026-09-22T23:20:13.117+00:00,True,386,386.0,,386.0,62084.040013,87228.932941,87228.933121,225.98169202331604,0.0,62084.040013,3156.8396865794184,112.02352725,65.3114102025974,32.756992038376026,4.4251372450134525,8,62,,False,True,,1809,92.534174553102
10,2026-09-22T23:18:49.404+00:00,2026-09-22T23:20:00.835+00:00,2026-09-22T23:20:33.294+00:00,True,500,500.0,,500.0,71431.550765,103889.553709,103889.553797,207.779107594,0.0,71431.550765,3191.7233150324637,111.17228550000002,65.04609808416834,27.26228566465225,4.812803425843235,8,62,,False,True,,1877,92.534174553102
11,2026-09-22T23:18:51.907+00:00,2026-09-22T23:20:10.059+00:00,2026-09-22T23:20:29.261+00:00,True,302,302.0,,302.0,78152.23662000001,97354.32276400001,97354.322811,322.36530732119206,41.340979,78152.23662000001,4493.556181677096,111.60949099999999,63.79430612624585,25.349442560254005,3.1020707804838685,8,62,,False,True,,1075,92.534174553102
12,2026-09-22T23:18:54.937+00:00,2026-09-22T23:20:21.179+00:00,2026-09-22T23:20:48.039+00:00,True,423,423.0,,423.0,86241.663798,113102.51243799999,113102.51257699999,267.3818264231678,42.604996,86241.663798,4190.187125505066,107.17909900000001,63.651300094786734,24.035393373881874,3.739969969560828,8,62,,False,True,,1922,92.534174553102
13,2026-09-22T23:18:57.944+00:00,2026-09-22T23:20:31.099+00:00,2026-09-22T23:20:55.601+00:00,True,391,391.0,,391.0,93155.678535,117657.585479,117657.585575,300.914541112532,38.767053999999995,93155.678535,4707.967354450824,106.35611899999999,62.825402420512816,23.682283505024778,3.323202651220369,8,62,,True,True,,2082,92.534174553102
14,2026-09-22T23:19:01.388+00:00,2026-09-22T23:20:42.424+00:00,2026-09-22T23:21:03.401+00:00,True,338,338.0,,338.0,101035.697193,122012.90448900001,122012.904495,360.9849245414201,0.01729,101035.697193,5492.348865324952,106.30506734999999,62.24690592284866,35.936332303017366,2.770198786887105,8,62,,True,True,,1749,92.534174553102
15,2026-09-22T23:19:05.267+00:00,2026-09-22T23:20:55.950+00:00,2026-09-22T23:21:17.879+00:00,True,346,346.0,,346.0,110683.380351,132611.966335,132611.966547,383.2715796156069,0.01701,110683.380351,5947.043214506049,105.67970925,63.561118794202905,31.82162562869934,2.6091159762004144,8,62,,True,True,,1915,92.534174553102
16,2026-09-22T23:19:09.362+00:00,2026-09-22T23:21:10.297+00:00,2026-09-22T23:21:39.830+00:00,True,460,460.0,,460.0,120935.149498,150468.040634,150468.040737,327.1044363847826,40.5088,120935.149498,5635.686903251161,108.47236849999999,64.34181075381264,25.248703479415102,3.057127600397939,8,62,,True,True,,1758,92.534174553102
17,2026-09-22T23:19:13.025+00:00,2026-09-22T23:21:22.661+00:00,2026-09-22T23:21:56.908+00:00,True,530,530.0,,530.0,129636.229262,163882.504334,163882.50414499998,309.2122719716981,41.117788999999995,129636.229262,5628.286822422085,111.27320100000001,64.7377600604915,26.204284443958926,3.2340242916952007,8,62,,True,True,,2423,92.534174553102
18,2026-09-22T23:19:16.460+00:00,2026-09-22T23:21:35.570+00:00,2026-09-22T23:21:55.878+00:00,True,316,316.0,,316.0,139110.283753,159417.831401,159417.831545,504.48680868670886,44.607510999999995,139110.283753,7821.98104054768,111.987644,64.46840523174603,25.921407284916235,1.9822123862990761,8,62,,True,True,,1578,92.534174553102
19,2026-09-22T23:19:20.671+00:00,2026-09-22T23:21:51.711+00:00,2026-09-22T23:22:26.369+00:00,True,549,549.0,,549.0,151040.154678,185698.59359,185698.593585,338.2488043442623,0.01723,151040.154678,6443.631536790337,109.929837,63.245326481751825,34.848934061419904,2.956403650595898,8,62,,True,True,,2352,92.534174553102
20,2026-09-22T23:19:24.037+00:00,2026-09-22T23:22:01.279+00:00,2026-09-22T23:22:37.946+00:00,True,576,576.0,,576.0,157241.748871,193909.213575,193909.213643,336.6479403524305,0.01778,157241.748871,6549.165233676477,110.085922,63.76950383304348,32.952986415255836,2.9704622559217144,8,62,,True,True,,2703,92.534174553102
21,2026-09-22T23:19:28.453+00:00,2026-09-22T23:22:17.605+00:00,2026-09-22T23:22:37.277+00:00,True,306,306.0,,306.0,169152.71313699998,188824.066993,188824.066998,617.072114372549,41.742197,169152.71313699998,9666.164735016078,111.60686049999998,64.49624215081967,25.960812549903228,1.620556133934685,8,62,,True,True,,1328,92.534174553102
22,2026-09-22T23:19:32.279+00:00,2026-09-22T23:22:31.016+00:00,2026-09-22T23:22:59.709+00:00,True,447,447.0,,447.0,178736.598044,207430.22108400002,207430.220987,464.0497113803132,43.118593999999995,178736.598044,8450.945539514789,109.1798047,64.33547766816143,25.206764206192705,2.1549415396852174,8,62,,True,True,,2207,92.534174553102
23,2026-09-22T23:19:35.642+00:00,2026-09-22T23:22:41.605+00:00,2026-09-22T23:23:12.314+00:00,True,474,474.0,,474.0,185963.38353,216672.650986,216672.650914,457.1152972869198,37.344648,185963.38353,8538.641068326857,110.84905635000001,64.92445550951375,26.826059282413144,2.187631885440987,8,62,,True,True,,2025,92.534174553102
24,2026-09-22T23:19:38.138+00:00,2026-09-22T23:22:52.234+00:00,2026-09-22T23:23:22.479+00:00,True,467,467.0,,467.0,194095.97256,224341.854672,224341.85473,480.3894105567452,41.845127,194095.97256,8978.726111100694,110.66642530000001,64.90532642060086,26.530155131346632,2.081644553945493,8,62,,True,True,,2436,92.534174553102
25,2026-09-22T23:19:42.552+00:00,2026-09-22T23:23:08.738+00:00,2026-09-22T23:23:30.585+00:00,True,343,343.0,,343.0,206186.39762200002,228033.536694,228033.53673000002,664.8208067930029,42.505676,206186.39762200002,11129.601010119573,108.21377410000001,63.88052360233918,26.398988665198544,1.504164716176263,8,62,,True,True,,1171,92.534174553102
26,2026-09-22T23:19:45.842+00:00,2026-09-22T23:23:18.540+00:00,2026-09-22T23:23:48.627+00:00,True,469,469.0,,469.0,212698.559621,242784.95117299998,242784.95127999998,517.6651413219616,0.01677,212698.559621,9818.620320485348,110.1974844,64.28716143589743,40.144580594223434,1.9317507025623148,8,62,,True,True,,2539,92.534174553102
27,2026-09-22T23:19:49.918+00:00,2026-09-22T23:23:36.111+00:00,2026-09-22T23:24:06.133+00:00,True,461,461.0,,461.0,226192.37532300001,256214.70005900002,256214.699851,555.7802599804772,0.01775,226192.37532300001,10531.867300352169,111.83242200000001,65.26592333913044,40.536878601482435,1.7992722505533165,8,62,,True,True,,2407,92.534174553102
28,2026-09-22T23:19:52.585+00:00,2026-09-22T23:23:43.786+00:00,2026-09-22T23:24:20.004+00:00,True,564,564.0,,564.0,231200.287958,267418.902486,267418.902465,474.1469901861702,0.01834,231200.287958,9732.651264011902,110.44950115,64.33146452575488,37.41115618598251,2.1090506121927066,8,62,,True,True,,2579,92.534174553102
29,2026-09-22T23:19:55.453+00:00,2026-09-22T23:23:53.190+00:00,2026-09-22T23:24:25.140+00:00,True,504,504.0,,504.0,237737.84732899998,269687.91632099997,269687.916464,535.0950723492064,44.115982,237737.84732899998,10586.885216863244,110.70510114999999,63.519023840954276,24.886147752177717,1.8688267790244877,8,62,,True,True,,1850,92.534174553102
30,2026-09-22T23:19:59.596+00:00,2026-09-22T23:24:09.765+00:00,2026-09-22T23:24:39.025+00:00,True,457,457.0,,457.0,250168.503071,279428.942623,279428.942487,611.4418872800876,43.950832000000005,250168.503071,11699.413695657013,109.090272,64.16763059649122,24.856203968525893,1.6354784000187674,8,62,,True,True,,2402,92.534174553102
31,2026-09-22T23:20:03.751+00:00,2026-09-22T23:24:24.110+00:00,2026-09-22T23:24:55.056+00:00,True,488,488.0,,488.0,260358.721282,291304.71373,291304.713576,596.9358884754099,38.571185,260358.721282,11783.037228256819,109.73052234999999,63.544132336755645,25.806055953140046,1.6752217763709443,8,62,,True,True,,2302,92.534174553102
32,2026-09-22T23:20:06.748+00:00,2026-09-22T23:24:34.292+00:00,2026-09-22T23:25:06.830+00:00,False,519,518.0,,518.0,267543.382524,300081.75794800004,300081.757905,578.1922117630058,0.02225,267543.382524,11741.120779892062,107.19568890000001,62.81539657142857,25.210328229743066,1.7261962324606288,8,62,,True,False,Request timeout: 300.0s exceeded,2065,92.534174553102
33,2026-09-22T23:20:10.025+00:00,2026-09-22T23:24:47.254+00:00,2026-09-22T23:25:06.991+00:00,True,314,314.0,,314.0,277229.14774,296966.10057199997,296966.10050999996,945.7519124522292,41.605976999999996,277229.14774,15641.408087400001,105.80618415,63.05735729073483,25.497499226202745,1.0573597437390674,8,62,,True,True,,1481,92.534174553102
34,2026-09-22T23:20:14.394+00:00,2026-09-22T23:25:01.400+00:00,2026-09-22T23:25:14.403+00:00,False,240,239.0,,239.0,287006.161343,300009.081535,300009.081656,1250.0378402333333,0.027419,287006.161343,18522.668035747065,101.64877799999998,54.40552381589958,20.991462961091553,0.7966425508759725,8,62,,True,False,Request timeout: 300.0s exceeded,1177,92.534174553102
35,2026-09-22T23:20:17.125+00:00,2026-09-22T23:25:09.194+00:00,2026-09-22T23:25:17.152+00:00,False,184,183.0,,183.0,292068.846759,300027.12131899997,300027.12139499997,1630.582181494565,0.01778,292068.846759,21528.429710309654,106.6241511,43.48783912568306,38.71866656784988,0.6099448583030853,8,62,,True,False,Request timeout: 300.0s exceeded,897,92.534174553102
0,2026-09-22T23:18:17.234+00:00,2026-09-22T23:18:17.406+00:00,2026-09-22T23:18:35.529+00:00,True,356,356.0,,356.0,172.204239,18295.704782999997,18295.704754,51.392429084269665,0.02802,213.89034700000002,19.435525348854043,81.602963,51.0521142084507,18.370086645967838,19.458118953186656,9,62,,False,True,,678,92.534174553102
1,2026-09-22T23:18:21.123+00:00,2026-09-22T23:18:21.279+00:00,2026-09-22T23:18:42.754+00:00,True,365,365.0,,365.0,155.495296,21630.738816,21630.738849,59.26229821643835,0.02639,201.909794,23.581937885704562,111.588707,58.99792175824176,23.066372337717098,16.874134679579868,9,62,,False,True,,897,92.534174553102
2,2026-09-22T23:18:25.267+00:00,2026-09-22T23:18:39.020+00:00,2026-09-22T23:19:17.570+00:00,True,596,596.0,,596.0,13753.938762,52303.421257999995,52303.421276,87.75741824832215,0.01764,13753.938762,561.3814845021641,109.62250024999999,64.78904621176471,27.07249364652657,11.395048080317302,9,62,,False,True,,3001,92.534174553102
3,2026-09-22T23:18:29.498+00:00,2026-09-22T23:18:50.711+00:00,2026-09-22T23:19:23.550+00:00,True,521,521.0,,521.0,21213.367693999997,54051.479693999994,54051.479747,103.74564250863723,0.019059999999999997,21213.367693999997,926.9734747790162,107.79882099999999,63.150215384615386,26.057988032671087,9.63895906179667,9,62,,False,True,,2014,92.534174553102
4,2026-09-22T23:18:33.932+00:00,2026-09-22T23:19:08.450+00:00,2026-09-22T23:19:42.948+00:00,True,534,534.0,,534.0,34517.6424,69016.22544,69016.225568,129.2438681048689,0.044628999999999995,34517.6424,1491.1520414167883,110.2151465,64.72529651031896,26.128550827326826,7.737310996009752,9,62,,False,True,,2108,92.534174553102
5,2026-09-22T23:18:40.107+00:00,2026-09-22T23:19:27.956+00:00,2026-09-22T23:20:05.427+00:00,True,574,574.0,,574.0,47849.35375,85319.468054,85319.467888,148.64018795818816,0.016989999999999998,47849.35375,1994.6935174038938,111.14030414999999,65.39286964048866,30.285530219228278,6.72765563466367,9,62,,False,True,,1895,92.534174553102
6,2026-09-22T23:18:45.235+00:00,2026-09-22T23:19:46.479+00:00,2026-09-22T23:20:20.971+00:00,True,527,527.0,,527.0,61243.721544,95735.387208,95735.387265,181.66107640417457,0.0,61243.721544,2665.144334166577,111.89598529999999,65.57350886692015,31.205573471791137,5.504756552088838,9,62,,False,True,,2133,92.534174553102
7,2026-09-22T23:18:50.610+00:00,2026-09-22T23:20:05.641+00:00,2026-09-22T23:20:32.578+00:00,True,419,419.0,,419.0,75030.921228,101967.210508,101967.210472,243.35849754653938,0.0,75030.921228,3662.4546659034945,110.50524510000001,64.44088344497608,27.425761385020166,4.109164092187524,9,62,,False,True,,1822,92.534174553102
8,2026-09-22T23:18:55.490+00:00,2026-09-22T23:20:22.353+00:00,2026-09-22T23:20:44.430+00:00,True,349,349.0,,349.0,86862.890153,108939.638953,108939.63885,312.1479623209169,41.614578,86862.890153,4646.328564423474,107.7132424,63.43893333333334,23.73799869813813,3.203608928340304,9,62,,True,True,,1236,92.534174553102
9,2026-09-22T23:19:01.383+00:00,2026-09-22T23:20:42.077+00:00,2026-09-22T23:21:04.424+00:00,True,358,358.0,,358.0,100693.523061,123040.434037,123040.434021,343.68836318715086,0.01816,100693.523061,5318.625659097592,106.51397219999998,62.596389288515404,35.164570581410466,2.9096126228906534,9,62,,True,True,,1829,92.534174553102
10,2026-09-22T23:19:05.110+00:00,2026-09-22T23:20:55.550+00:00,2026-09-22T23:21:31.845+00:00,True,578,578.0,,578.0,110439.80029000001,146735.58653000003,146735.58653,253.8677967647059,0.023030000000000002,110439.80029000001,4591.181116354771,107.70649535000001,62.90430890814559,31.443940000092315,3.939058095370942,9,62,,True,True,,2758,92.534174553102
11,2026-09-22T23:19:11.371+00:00,2026-09-22T23:21:17.029+00:00,2026-09-22T23:21:51.916+00:00,True,545,545.0,,545.0,125657.85297499999,160544.91038299998,160544.910151,294.57781679082564,38.760743999999995,125657.85297499999,5379.906206117264,111.21812600000001,64.13062023529412,25.89873700801027,3.394688742856029,9,62,,True,True,,1146,92.534174553102
12,2026-09-22T23:19:16.859+00:00,2026-09-22T23:21:36.815+00:00,2026-09-22T23:22:05.796+00:00,True,444,444.0,,444.0,139955.998502,168937.428774,168937.428995,380.4897049436937,42.777995000000004,139955.998502,6638.967924743615,110.81117365,65.42083582844243,27.031835739927764,2.6281920070771965,9,62,,True,True,,1682,92.534174553102
13,2026-09-22T23:19:22.616+00:00,2026-09-22T23:21:56.511+00:00,2026-09-22T23:22:17.073+00:00,True,324,324.0,,324.0,153894.807189,174456.85314100003,174456.85304800002,538.4470773086421,0.01675,153894.807189,8546.270775592,108.47011735,63.65958499071208,40.55127494179538,1.857192733713566,9,62,,True,True,,1340,92.534174553102
14,2026-09-22T23:19:26.584+00:00,2026-09-22T23:22:09.938+00:00,2026-09-22T23:22:28.697+00:00,True,301,301.0,,301.0,163353.234505,182112.967241,182112.967251,605.0264692724253,0.01772,163353.234505,9412.00638448418,110.57833500000001,62.53244245333333,40.486378007979035,1.6528202497610744,9,62,,True,True,,1178,92.534174553102
15,2026-09-22T23:19:32.762+00:00,2026-09-22T23:22:32.912+00:00,2026-09-22T23:23:05.381+00:00,True,505,505.0,,505.0,180149.951396,212618.985124,212618.985135,421.02769333663366,41.310978000000006,180149.951396,8013.741177246296,111.3497452,64.42268596825397,25.449018942704758,2.375140675727911,9,62,,True,True,,2457,92.534174553102
16,2026-09-22T23:19:37.427+00:00,2026-09-22T23:22:49.570+00:00,2026-09-22T23:23:24.454+00:00,True,540,540.0,,540.0,192143.50509999998,227027.189964,227027.18993799997,420.42072210740736,40.67414,192143.50509999998,8265.79710041393,110.157857,64.7192669090909,26.445398363325367,2.3785697214753374,9,62,,True,True,,1689,92.534174553102
17,2026-09-22T23:19:41.034+00:00,2026-09-22T23:23:01.898+00:00,2026-09-22T23:23:25.266+00:00,True,361,361.0,,361.0,200863.492302,224231.70529399998,224231.705384,621.1404581274238,37.502826999999996,200863.492302,10568.381764685935,110.758975,64.91170275555555,27.39876198272932,1.6099418212365513,9,62,,True,True,,1553,92.534174553102
18,2026-09-22T23:19:44.682+00:00,2026-09-22T23:23:14.442+00:00,2026-09-22T23:23:44.819+00:00,True,476,476.0,,476.0,209759.779073,240137.058561,240137.05839800002,504.4896184831933,42.859735,209759.779073,9611.426843931604,109.50606049999999,63.952167343157896,25.733215576313448,1.982201343067945,9,62,,True,True,,1966,92.534174553102
19,2026-09-22T23:19:48.658+00:00,2026-09-22T23:23:29.574+00:00,2026-09-22T23:23:58.223+00:00,True,444,444.0,,444.0,220916.090682,249564.60985,249564.61000100002,562.0824549572072,0.01563,220916.090682,10481.225150722781,111.1171925,64.66934349435667,41.132657855811566,1.7790984076903562,9,62,,True,True,,1984,92.534174553102
20,2026-09-22T23:19:53.204+00:00,2026-09-22T23:23:45.224+00:00,2026-09-22T23:24:11.573+00:00,True,412,412.0,,412.0,232019.736375,258368.715063,258368.71499,627.1085315291263,0.018109,232019.736375,11427.707725650209,109.80134904999998,64.1094371970803,41.23186151827492,1.5946203080335748,9,62,,True,True,,1419,92.534174553102
21,2026-09-22T23:19:58.780+00:00,2026-09-22T23:24:07.369+00:00,2026-09-22T23:24:40.073+00:00,True,510,510.0,,510.0,248588.88186899998,281292.887245,281292.88724199997,551.5546808666667,42.360417,248588.88186899998,11004.88386633499,109.85318500000001,64.25148403929273,24.96512615762995,1.8130568639504956,9,62,,True,True,,2272,92.534174553102
22,2026-09-22T23:20:03.695+00:00,2026-09-22T23:24:23.959+00:00,2026-09-22T23:24:48.488+00:00,True,387,387.0,,387.0,260264.56478000002,284793.383468,284793.383388,735.9002154728682,39.886442,260264.56478000002,13226.784569484958,108.603899,63.54616240414508,24.94243518950233,1.3588798843828622,9,62,,True,True,,1836,92.534174553102
23,2026-09-22T23:20:08.210+00:00,2026-09-22T23:24:39.675+00:00,2026-09-22T23:25:07.332+00:00,True,444,444.0,,444.0,271465.006284,299122.131916,299122.132007,673.6984955112613,38.178506,271465.006284,12880.219952784013,106.96865315,62.431434835214446,24.76457690022434,1.4843435260239615,9,62,,True,True,,2017,92.534174553102
24,2026-09-22T23:20:13.341+00:00,2026-09-22T23:24:57.642+00:00,2026-09-22T23:25:13.356+00:00,False,274,273.0,,273.0,284301.881115,300015.728411,300015.72847,1094.9479141240877,0.02195,284301.881115,17171.840863485882,101.98960015,57.55988020512821,21.513705494646988,0.9099522929878183,9,62,,True,False,Request timeout: 300.0s exceeded,1265,92.534174553102
25,2026-09-22T23:20:16.855+00:00,2026-09-22T23:25:08.705+00:00,2026-09-22T23:25:16.944+00:00,False,188,187.0,,187.0,291850.60606099997,300089.69598099997,300089.695937,1596.221786898936,0.016989999999999998,291850.60606099997,21282.20987882886,107.84518635,44.059304385026735,35.91836416258152,0.6231470207222304,9,62,,True,False,Request timeout: 300.0s exceeded,796,92.534174553102
0,2026-09-22T23:18:17.235+00:00,2026-09-22T23:18:17.406+00:00,2026-09-22T23:18:40.189+00:00,True,423,423.0,,423.0,170.934962,22953.807281999998,22953.80732,54.264319905437354,0.02659,213.85425700000002,21.878646993430028,110.2054901,53.98784909952607,21.15189717892641,18.428315390262497,10,62,,False,True,,2024,92.534174553102
1,2026-09-22T23:18:21.625+00:00,2026-09-22T23:18:21.806+00:00,2026-09-22T23:18:39.022+00:00,True,308,308.0,,308.0,180.89792,17397.287296,17397.287289,56.48469899025974,41.288648,180.89792,19.967528095938786,110.75559820000001,56.07944422149837,18.68840790901598,17.703909509548403,10,62,,False,True,,1464,92.534174553102
2,2026-09-22T23:18:24.682+00:00,2026-09-22T23:18:38.540+00:00,2026-09-22T23:18:59.283+00:00,True,316,316.0,,316.0,13857.427563,34600.680811,34600.680913,109.49582567405064,39.963680999999994,13857.427563,776.2844953436817,108.73005724999999,65.85159761269841,26.403567372428032,9.132768274881446,10,62,,False,True,,1524,92.534174553102
3,2026-09-22T23:18:28.981+00:00,2026-09-22T23:18:49.703+00:00,2026-09-22T23:19:11.422+00:00,True,354,354.0,,354.0,20722.116460999998,42440.576621,42440.576644,119.88863458757062,0.01763,20722.116460999998,1098.3966838661754,108.64258729999997,61.52538288951841,25.648848751241506,8.341074230948065,10,62,,False,True,,1553,92.534174553102
4,2026-09-22T23:18:33.447+00:00,2026-09-22T23:19:06.395+00:00,2026-09-22T23:19:29.546+00:00,True,362,362.0,,362.0,32948.337582,56099.041198,56099.041116,154.969726839779,0.018850000000000002,32948.337582,1728.5657258933643,108.78532904999999,64.12937289750693,26.98826399715617,6.4528732090505985,10,62,,False,True,,2020,92.534174553102
5,2026-09-22T23:18:36.043+00:00,2026-09-22T23:19:14.176+00:00,2026-09-22T23:19:44.706+00:00,True,477,477.0,,477.0,38133.10985,68662.493786,68662.493862,143.94652801257863,10.218117,38133.10985,1743.2470062574223,109.12219200000001,64.13736121008404,25.66202164786296,6.947024113144843,10,62,,False,True,,1954,92.534174553102
6,2026-09-22T23:18:40.572+00:00,2026-09-22T23:19:29.906+00:00,2026-09-22T23:19:50.479+00:00,True,313,313.0,,313.0,49334.403073,69907.178241,69907.17832,223.34561763578276,9.12556,49334.403073,2784.9692267083733,111.66764500000001,65.93838194871795,29.0426642295246,4.477365670817879,10,62,,False,True,,1148,92.534174553102
7,2026-09-22T23:18:43.995+00:00,2026-09-22T23:19:43.107+00:00,2026-09-22T23:20:12.070+00:00,True,441,441.0,,441.0,59112.325280000005,88075.75875200001,88075.758656,199.7182735963719,0.0,59112.325280000005,2811.9245734486503,111.742442,65.82598516363636,32.42327489575809,5.007053089849037,10,62,,False,True,,989,92.534174553102
8,2026-09-22T23:18:47.793+00:00,2026-09-22T23:19:55.866+00:00,2026-09-22T23:20:25.618+00:00,True,458,458.0,,458.0,68072.793,97825.475496,97825.475649,213.59274159170306,0.0,68072.793,3177.949098738007,112.44296000000003,65.10433806564552,31.774032538925912,4.681807041344023,10,62,,False,True,,1885,92.534174553102
9,2026-09-22T23:18:52.117+00:00,2026-09-22T23:20:10.841+00:00,2026-09-22T23:20:32.219+00:00,True,331,331.0,,331.0,78724.652894,100101.87299,100101.872901,302.4225767401813,39.528553,78724.652894,4323.614042059764,109.949862,64.77945483636364,25.738658579173677,3.3066314356881845,10,62,,False,True,,739,92.534174553102
10,2026-09-22T23:18:55.263+00:00,2026-09-22T23:20:21.989+00:00,2026-09-22T23:20:42.275+00:00,True,318,318.0,,318.0,86726.272925,107011.672477,107011.672377,336.5146930094339,40.180411,86726.272925,4859.8393423017205,108.35264335,63.99179669400631,24.174252036366575,2.9716384450336264,10,62,,False,True,,617,92.534174553102
11,2026-09-22T23:18:57.917+00:00,2026-09-22T23:20:30.950+00:00,2026-09-22T23:20:55.653+00:00,True,394,394.0,,394.0,93032.962988,117736.595628,117736.595611,298.8238467284264,42.735496,93032.962988,4683.826274879549,106.84800750000001,62.85911613231552,23.759037668627105,3.3464531388768926,10,62,,True,True,,1455,92.534174553102
12,2026-09-22T23:19:01.580+00:00,2026-09-22T23:20:42.730+00:00,2026-09-22T23:21:15.130+00:00,True,516,516.0,,516.0,101149.928971,133549.733643,133549.733641,258.81731325775195,0.018510000000000002,101149.928971,4450.22460822954,106.441229,62.9122420815534,32.27815315250632,3.863729158602077,10,62,,True,True,,2513,92.534174553102
13,2026-09-22T23:19:05.326+00:00,2026-09-22T23:20:56.261+00:00,2026-09-22T23:21:22.508+00:00,True,418,418.0,,418.0,110934.97722300001,137181.94093500002,137181.941083,328.1864619210526,0.01884,110934.97722300001,5423.0324329942105,105.67211735000001,62.94235902158273,33.61687032295249,3.0470483006072793,10,62,,True,True,,1844,92.534174553102
14,2026-09-22T23:19:08.104+00:00,2026-09-22T23:21:04.729+00:00,2026-09-22T23:21:32.839+00:00,True,445,445.0,,445.0,116624.152791,144734.698967,144734.698877,325.2465143303371,41.915707000000005,116624.152791,5525.568873268363,109.38233380000001,63.31204093693694,24.703924911972965,3.0745909804356,10,62,,True,True,,2087,92.534174553102
15,2026-09-22T23:19:10.738+00:00,2026-09-22T23:21:14.113+00:00,2026-09-22T23:21:51.866+00:00,True,589,589.0,,589.0,123375.64307600001,161128.71059600002,161128.71053900002,273.5631757877759,42.604566,123375.64307600001,5081.024899796916,110.1561144,64.20589714285714,25.85040251701835,3.6554627528597736,10,62,,True,True,,3127,92.534174553102
16,2026-09-22T23:19:14.856+00:00,2026-09-22T23:21:30.027+00:00,2026-09-22T23:21:52.640+00:00,True,344,344.0,,344.0,135170.41856400002,157783.74515600002,157783.74509300003,458.6736775959303,43.906333,135170.41856400002,7284.396300514505,111.18339495000001,65.92806586588921,27.125909359730375,2.180199231929049,10,62,,True,True,,1516,92.534174553102
17,2026-09-22T23:19:19.247+00:00,2026-09-22T23:21:44.944+00:00,2026-09-22T23:22:15.448+00:00,True,482,482.0,,482.0,145697.495274,176201.34807399998,176201.34812799998,365.5629629211618,0.01576,145697.495274,6633.550146688331,111.32187305,63.41757338877339,36.403075502115854,2.7355068804443685,10,62,,True,True,,2139,92.534174553102
18,2026-09-22T23:19:23.696+00:00,2026-09-22T23:21:59.824+00:00,2026-09-22T23:22:27.798+00:00,True,443,443.0,,443.0,156127.81071700001,184101.587613,184101.587589,415.579204489842,0.0161,156127.81071700001,7414.940899952103,110.53354610000001,63.289088,36.92047396270611,2.4062801725057925,10,62,,True,True,,2051,92.534174553102
19,2026-09-22T23:19:27.079+00:00,2026-09-22T23:22:12.541+00:00,2026-09-22T23:22:47.030+00:00,True,534,534.0,,534.0,165462.587815,199950.87197500002,199950.872142,374.4398354719101,0.01804,165462.587815,7157.546644530561,111.40652915000001,64.7059740337711,33.93471018025635,2.670656020278653,10,62,,True,True,,2232,92.534174553102
20,2026-09-22T23:19:31.444+00:00,2026-09-22T23:22:28.439+00:00,2026-09-22T23:23:05.173+00:00,True,568,568.0,,568.0,176995.743886,213729.544846,213729.54470600002,376.284409693662,44.492941,176995.743886,7423.903262559665,110.59567385,64.78624507936509,25.927302990058347,2.6575642614560606,10,62,,True,True,,2692,92.534174553102
21,2026-09-22T23:19:35.262+00:00,2026-09-22T23:22:40.695+00:00,2026-09-22T23:23:12.160+00:00,True,485,485.0,,485.0,185433.080523,216897.47117900001,216897.471167,447.21128075670106,37.049228,185433.080523,8417.173213754873,111.0170342,65.00907160330578,26.832406789055764,2.2360795511522666,10,62,,True,True,,1968,92.534174553102
22,2026-09-22T23:19:38.783+00:00,2026-09-22T23:22:54.953+00:00,2026-09-22T23:23:29.090+00:00,True,532,532.0,,532.0,196169.88504,230306.969712,230306.96970699998,432.90783779511275,38.777864,196169.88504,8502.296412819513,109.2847895,64.28829505084745,26.271425084575895,2.309960487367224,10,62,,True,True,,2587,92.534174553102
23,2026-09-22T23:19:41.860+00:00,2026-09-22T23:23:05.900+00:00,2026-09-22T23:23:40.458+00:00,True,535,535.0,,535.0,204040.274641,238597.858513,238597.858426,445.97730546915886,41.131369,204040.274641,8818.674030422253,112.3692707,64.71457653932585,27.098562297171025,2.2422665623834614,10,62,,True,True,,2455,92.534174553102
24,2026-09-22T23:19:46.350+00:00,2026-09-22T23:23:20.064+00:00,2026-09-22T23:23:52.266+00:00,True,501,501.0,,501.0,213713.670434,245915.954978,245915.954968,490.85020951696606,0.01609,213713.670434,9545.228653477237,109.046628,64.404569088,39.94025955825302,2.037281395771251,10,62,,True,True,,2681,92.534174553102
25,2026-09-22T23:19:48.967+00:00,2026-09-22T23:23:31.310+00:00,2026-09-22T23:23:52.316+00:00,True,323,323.0,,323.0,222343.476444,243348.774876,243348.775001,753.4017801888544,0.01577,222343.476444,12367.974828401877,110.5332911,65.23384606211181,45.263624269616,1.3273130311199914,10,62,,True,True,,1011,92.534174553102
26,2026-09-22T23:19:51.671+00:00,2026-09-22T23:23:39.897+00:00,2026-09-22T23:24:06.494+00:00,True,412,412.0,,412.0,228226.34473100002,254822.58818700002,254822.588102,618.5014274320389,0.016649999999999998,228226.34473100002,11240.793582286109,111.49066005,64.71105463746959,41.57338927724026,1.6168111427298444,10,62,,True,True,,1806,92.534174553102
27,2026-09-22T23:19:55.881+00:00,2026-09-22T23:23:56.161+00:00,2026-09-22T23:24:30.493+00:00,True,543,543.0,,543.0,240279.438482,274611.719058,274611.718878,505.7306056685083,42.287976,240279.438482,10308.688344220162,109.5451001,63.343691099630995,24.482645543453934,1.9773373178051241,10,62,,True,True,,2307,92.534174553102
28,2026-09-22T23:19:59.345+00:00,2026-09-22T23:24:09.294+00:00,2026-09-22T23:24:43.393+00:00,True,534,534.0,,534.0,249949.65365599998,284048.654232,284048.654275,531.9263188670411,41.919047,249949.65365599998,10813.639684326314,109.69862715000001,63.97561083677299,24.988930944942453,1.8799596197482753,10,62,,True,True,,2181,92.534174553102
29,2026-09-22T23:20:03.141+00:00,2026-09-22T23:24:21.521+00:00,2026-09-22T23:24:55.358+00:00,True,533,533.0,,533.0,258380.51832899998,292217.428409,292217.428427,548.2503347598499,41.898926,258380.51832899998,11188.976232081404,109.59275099999999,63.60321443609023,25.323799211421345,1.823984294509602,10,62,,True,True,,2222,92.534174553102
30,2026-09-22T23:20:06.880+00:00,2026-09-22T23:24:34.642+00:00,2026-09-22T23:25:06.936+00:00,False,515,514.0,,514.0,267762.247309,300056.097677,300056.09759,582.6331992038835,0.048039,267762.247309,11796.272866545514,106.3786347,62.8285026614786,25.28999249320034,1.7130130131643027,10,62,,True,False,Request timeout: 300.0s exceeded,2408,92.534174553102
31,2026-09-22T23:20:10.172+00:00,2026-09-22T23:24:47.410+00:00,2026-09-22T23:25:10.215+00:00,False,366,365.0,,365.0,277238.149319,300042.398663,300042.398861,819.7879750300547,0.025920000000000002,277238.149319,14488.22631401924,106.03112525,62.4773954630137,25.196628645708344,1.216494740831474,10,62,,True,False,Request timeout: 300.0s exceeded,1819,92.534174553102
32,2026-09-22T23:20:12.996+00:00,2026-09-22T23:24:56.153+00:00,2026-09-22T23:25:13.005+00:00,False,290,289.0,,289.0,283156.97485,300008.95565,300008.955435,1034.5136394310346,0.02071,283156.97485,16624.141043631276,102.86433195000001,58.31135224913495,22.45366280722474,0.9633045766045617,10,62,,True,False,Request timeout: 300.0s exceeded,1614,92.534174553102
33,2026-09-22T23:20:16.141+00:00,2026-09-22T23:25:07.127+00:00,2026-09-22T23:25:16.148+00:00,False,191,190.0,,190.0,290986.096864,300006.58096000005,300006.58085,1570.7150829842933,0.017949000000000003,290986.096864,21051.600818137234,98.34159749999999,47.47623208421053,29.855548074235838,0.633319440500316,10,62,,True,False,Request timeout: 300.0s exceeded,947,92.534174553102
0,2026-09-22T23:18:17.236+00:00,2026-09-22T23:18:17.406+00:00,2026-09-22T23:18:38.000+00:00,True,391,391.0,,391.0,170.778842,20764.298714,20764.298699,53.105623271099745,0.06409000000000001,215.655473,21.24334237192882,104.87180349999998,52.80389710769231,20.414505114301225,18.830397567743255,11,62,,False,True,,1654,92.534174553102
1,2026-09-22T23:18:21.731+00:00,2026-09-22T23:18:21.988+00:00,2026-09-22T23:18:49.808+00:00,True,461,461.0,,461.0,257.53443,28077.574878,28077.574801,60.905802171366595,40.55452,257.53443,24.899944120339942,111.27490399999999,60.4783488,23.17201003028454,16.418796922565186,11,62,,False,True,,2183,92.534174553102
2,2026-09-22T23:18:25.239+00:00,2026-09-22T23:18:39.023+00:00,2026-09-22T23:19:04.975+00:00,True,409,409.0,,409.0,13784.491474999999,39736.259539,39736.259497,97.15466869682152,5.136989,13784.491474999999,678.9116475081465,108.233049,63.60727466666666,24.952787193402063,10.292866131463086,11,62,,False,True,,1633,92.534174553102
3,2026-09-22T23:18:30.928+00:00,2026-09-22T23:18:54.608+00:00,2026-09-22T23:19:28.062+00:00,True,536,536.0,,536.0,23680.352023,57133.979159,57133.979183999996,106.59324474626865,0.01766,23680.352023,1020.4552739872886,109.3544455,62.530144179439255,25.60727065915383,9.381457547501606,11,62,,False,True,,2521,92.534174553102
4,2026-09-22T23:18:36.599+00:00,2026-09-22T23:19:15.852+00:00,2026-09-22T23:19:43.930+00:00,True,440,440.0,,440.0,39252.784044,67330.326188,67330.326261,153.023468775,8.032182,39252.784044,1868.4298039524897,111.43093794999999,63.95795476993167,25.661252020654636,6.534945319757256,11,62,,False,True,,1964,92.534174553102
5,2026-09-22T23:18:41.245+00:00,2026-09-22T23:19:30.985+00:00,2026-09-22T23:20:06.006+00:00,True,531,531.0,,531.0,49739.380006,84760.482854,84760.482664,159.62426113747645,0.01678,49739.380006,2155.8610987581033,111.711343,66.07755254339622,31.063333208437463,6.264711834106088,11,62,,False,True,,2277,92.534174553102
6,2026-09-22T23:18:44.918+00:00,2026-09-22T23:19:46.374+00:00,2026-09-22T23:20:15.418+00:00,True,445,445.0,,445.0,61455.812024,90500.251832,90500.251821,203.37135240674158,0.0,61455.812024,2910.358788082216,110.6511272,65.41540497297298,31.941238802885273,4.917113389099459,11,62,,False,True,,2307,92.534174553102
7,2026-09-22T23:18:48.457+00:00,2026-09-22T23:19:58.164+00:00,2026-09-22T23:20:33.496+00:00,True,542,542.0,,542.0,69706.687383,105038.402967,105038.403014,193.79779153874537,0.0,69706.687383,2991.4823433821466,110.93602295000001,65.30816189279113,27.80326776695845,5.160017523974356,11,62,,False,True,,1616,92.534174553102
8,2026-09-22T23:18:51.744+00:00,2026-09-22T23:20:08.477+00:00,2026-09-22T23:20:33.956+00:00,True,396,396.0,,396.0,76732.814222,102212.045966,102212.04577900001,258.1112267146465,38.948934,76732.814222,3852.8122046599974,109.56826699999999,64.50438416202532,25.57562554520231,3.8742987312055774,11,62,,False,True,,2030,92.534174553102
9,2026-09-22T23:18:56.095+00:00,2026-09-22T23:20:23.324+00:00,2026-09-22T23:20:47.846+00:00,True,389,389.0,,389.0,87228.40900399999,111750.82513199998,111750.82507799998,287.2771852904884,39.955551,87228.40900399999,4419.515257485581,108.4029654,63.202103422680416,23.78412386496166,3.480958637580649,11,62,,True,True,,1437,92.534174553102
10,2026-09-22T23:18:59.875+00:00,2026-09-22T23:20:37.468+00:00,2026-09-22T23:21:15.330+00:00,True,600,600.0,,600.0,97592.262316,135454.303404,135454.303266,225.75717211,0.01704,97592.262316,3981.7287312607236,105.8847885,63.208749729549254,31.168817321845783,4.429538116706906,11,62,,True,True,,1161,92.534174553102
11,2026-09-22T23:19:05.058+00:00,2026-09-22T23:20:55.394+00:00,2026-09-22T23:21:24.689+00:00,True,468,468.0,,468.0,110335.442411,139630.97469899998,139630.974743,298.3567836388889,0.01694,110335.442411,5097.464685671593,105.85806385,62.73133252248394,33.03445856404241,3.3516918506718105,11,62,,True,True,,2140,92.534174553102
12,2026-09-22T23:19:08.400+00:00,2026-09-22T23:21:05.747+00:00,2026-09-22T23:21:36.137+00:00,True,481,481.0,,481.0,117347.39120200001,147737.43357000002,147737.43351300003,307.14643141995845,41.436578000000004,117347.39120200001,5347.751262045147,108.55135899999999,63.312588266666666,24.843577685169834,3.255776064176014,11,62,,True,True,,2258,92.534174553102
13,2026-09-22T23:19:14.093+00:00,2026-09-22T23:21:28.594+00:00,2026-09-22T23:21:56.958+00:00,True,431,431.0,,431.0,134501.365395,162865.03694700002,162865.036967,377.8771159327146,42.729566,134501.365395,6475.5836575593985,111.2366735,65.96202686511627,27.470930933126596,2.646362952290719,11,62,,True,True,,2034,92.534174553102
14,2026-09-22T23:19:20.032+00:00,2026-09-22T23:21:48.859+00:00,2026-09-22T23:22:15.436+00:00,True,414,414.0,,414.0,148827.737315,175404.137699,175404.137681,423.6814919830918,0.016309,148827.737315,7311.410018066551,110.03022765,64.34963773365618,35.99505972068924,2.360263591446396,11,62,,True,True,,1441,92.534174553102
15,2026-09-22T23:19:25.446+00:00,2026-09-22T23:22:05.996+00:00,2026-09-22T23:22:30.332+00:00,True,390,390.0,,390.0,160549.958939,184886.601755,184886.601782,474.0682096974359,0.01617,160549.958939,8126.682207256287,110.66256849999999,62.56206379434447,37.645692901267104,2.109401093957058,11,62,,True,True,,1686,92.534174553102
16,2026-09-22T23:19:28.857+00:00,2026-09-22T23:22:18.276+00:00,2026-09-22T23:22:40.239+00:00,True,343,343.0,,343.0,169419.210447,191382.206671,191382.20645599999,557.9656164897959,45.123531,169419.210447,9144.343463595524,110.45694399999998,64.21928720467837,24.77573905199742,1.7922251287949775,11,62,,True,True,,1806,92.534174553102
17,2026-09-22T23:19:32.268+00:00,2026-09-22T23:22:30.852+00:00,2026-09-22T23:22:59.099+00:00,True,438,438.0,,438.0,178583.63861199998,206830.759252,206830.75920399997,472.2163452146118,42.709545,178583.63861199998,8530.006912643363,110.39777385000001,64.63872,25.87296066931625,2.117673413683824,11,62,,True,True,,2077,92.534174553102
18,2026-09-22T23:19:37.665+00:00,2026-09-22T23:22:49.729+00:00,2026-09-22T23:23:26.181+00:00,True,564,564.0,,564.0,192064.110546,228515.89755400002,228515.89746200002,405.1700309609929,38.848724000000004,192064.110546,8084.675199713654,110.96930349999998,64.74562523623446,26.544345694732993,2.468099620363273,11,62,,True,True,,2252,92.534174553102
19,2026-09-22T23:19:42.437+00:00,2026-09-22T23:23:07.885+00:00,2026-09-22T23:23:31.660+00:00,True,375,375.0,,375.0,205448.251596,229223.006412,229223.006577,611.261350872,39.669892999999995,205448.251596,10606.05193686564,109.133829,63.56886314438503,26.30211023363342,1.6359614415229504,11,62,,True,True,,1508,92.534174553102
20,2026-09-22T23:19:46.377+00:00,2026-09-22T23:23:20.526+00:00,2026-09-22T23:23:54.538+00:00,True,524,524.0,,524.0,214149.3739,248160.882636,248160.88258900002,473.58947058969466,0.015619999999999998,214149.3739,9352.402963647117,109.8862305,65.03156546080307,39.922388607297975,2.111533431191886,11,62,,True,True,,2220,92.534174553102
21,2026-09-22T23:19:51.428+00:00,2026-09-22T23:23:39.737+00:00,2026-09-22T23:24:01.541+00:00,True,338,338.0,,338.0,228309.00643900002,250113.379431,250113.37941700002,739.9804124763314,0.01679,228309.00643900002,12414.932663697768,110.25387299999998,64.70140353709199,44.39349492860156,1.351387121988193,11,62,,True,True,,1599,92.534174553102
22,2026-09-22T23:19:55.472+00:00,2026-09-22T23:23:53.294+00:00,2026-09-22T23:24:30.334+00:00,True,587,587.0,,587.0,237821.220884,274861.710868,274861.710884,468.2482297853492,40.074171,237821.220884,9813.354082438676,109.57136,63.20902727645051,24.573809605032977,2.135619392553013,11,62,,True,True,,2598,92.534174553102
23,2026-09-22T23:19:59.617+00:00,2026-09-22T23:24:09.917+00:00,2026-09-22T23:24:37.656+00:00,True,432,432.0,,432.0,250300.1511,278039.320892,278039.32100299996,643.6095393587963,42.671576,250300.1511,12039.501140049615,109.88285649999997,64.36002271925754,25.06383737943298,1.5537370707641875,11,62,,True,True,,1772,92.534174553102
24,2026-09-22T23:20:04.818+00:00,2026-09-22T23:24:27.114+00:00,2026-09-22T23:25:01.946+00:00,True,552,552.0,,552.0,262296.336565,297127.761077,297127.761201,538.2749297119565,36.906988,262296.336565,11161.411049649865,108.24537650000002,63.21492651905626,25.10417201156949,1.8577866908132843,11,62,,True,True,,1233,92.534174553102
25,2026-09-22T23:20:10.144+00:00,2026-09-22T23:24:47.251+00:00,2026-09-22T23:25:10.170+00:00,False,366,365.0,,365.0,277107.27422,300026.09892400005,300026.09896800003,819.7434398032788,0.03665,277107.27422,14481.369104143865,106.40312425,62.79130055890411,25.27652263701352,1.216560830237834,11,62,,True,False,Request timeout: 300.0s exceeded,1886,92.534174553102
26,2026-09-22T23:20:15.598+00:00,2026-09-22T23:25:06.188+00:00,2026-09-22T23:25:15.756+00:00,False,190,189.0,,189.0,290590.16212199995,300157.52442599996,300157.5242069999,1579.7764431947367,0.019469999999999998,290590.16212199995,21077.973484897993,101.03968399999998,50.62096457142857,28.969190689226206,0.629669372311856,11,62,,True,False,Request timeout: 300.0s exceeded,804,92.534174553102
0,2026-09-22T23:18:17.237+00:00,2026-09-22T23:18:17.622+00:00,2026-09-22T23:18:49.288+00:00,True,553,553.0,,553.0,385.483447,32051.209143,32051.209216,57.95878700904159,2.4475749999999996,385.483447,26.839321878103444,110.92382260000001,57.365445101449275,22.948136201431048,17.253639247515736,12,62,,False,True,,2690,92.534174553102
1,2026-09-22T23:18:21.234+00:00,2026-09-22T23:18:21.380+00:00,2026-09-22T23:18:56.566+00:00,True,578,578.0,,578.0,146.413056,35332.834559999996,35332.834802,61.12947197577855,37.679235999999996,165.729953,23.433481639304148,109.5822812,60.9816663847487,23.182591688225436,16.358721489454144,12,62,,False,True,,2414,92.534174553102
2,2026-09-22T23:18:24.579+00:00,2026-09-22T23:18:37.830+00:00,2026-09-22T23:19:06.076+00:00,True,441,441.0,,441.0,13250.408318,41497.09427,41497.094299,94.09771949886621,1.818317,13250.408318,628.4285285615798,110.346806,64.19701352727273,25.433434289887668,10.627250118541856,12,62,,False,True,,2174,92.534174553102
3,2026-09-22T23:18:28.066+00:00,2026-09-22T23:18:47.240+00:00,2026-09-22T23:19:10.589+00:00,True,374,374.0,,374.0,19173.521528,42522.963063999996,42522.962942,113.69776187700535,0.01648,19173.521528,988.5564127128669,107.95804479999998,62.59903897050938,26.49385089180348,8.795247862598478,12,62,,False,True,,1901,92.534174553102
4,2026-09-22T23:18:32.115+00:00,2026-09-22T23:19:03.321+00:00,2026-09-22T23:19:35.891+00:00,True,504,504.0,,504.0,31205.986366999998,63775.837759,63775.837754,126.53936062301587,0.01846,31205.986366999998,1387.416947975535,109.7430905,64.75119561033797,27.704437254142974,7.902679411355531,12,62,,False,True,,2170,92.534174553102
5,2026-09-22T23:18:38.007+00:00,2026-09-22T23:19:19.296+00:00,2026-09-22T23:19:57.222+00:00,True,591,591.0,,591.0,41288.898508,79215.46695599999,79215.467077,134.0363233113367,0.016529,41288.898508,1696.0079572088157,110.484191,64.28231940338983,29.367026944185607,7.460664220136067,12,62,,False,True,,2584,92.534174553102
6,2026-09-22T23:18:41.270+00:00,2026-09-22T23:19:31.290+00:00,2026-09-22T23:20:00.548+00:00,True,446,446.0,,446.0,50020.224583999996,79278.11642399999,79278.11643899999,177.75362430269058,0.01618,50020.224583999996,2365.6266389914194,112.13869724999999,65.7480715505618,31.82638659549948,5.625764335957176,12,62,,False,True,,2030,92.534174553102
7,2026-09-22T23:18:47.200+00:00,2026-09-22T23:19:54.286+00:00,2026-09-22T23:20:21.792+00:00,True,423,423.0,,423.0,67086.241722,94592.57925800001,94592.57924400001,223.62311878014185,0.0,67086.241722,3258.8320253252577,112.85100920000001,65.1808946350711,31.97887677868674,4.471809557558136,12,62,,False,True,,2064,92.534174553102
8,2026-09-22T23:18:52.693+00:00,2026-09-22T23:20:13.223+00:00,2026-09-22T23:20:34.265+00:00,True,327,327.0,,327.0,80530.271508,101572.52968400001,101572.529836,310.6193572966361,39.804122,80530.271508,4449.835259005194,109.90549500000002,64.54680422085889,25.089589663212323,3.2193743822008005,12,62,,False,True,,1081,92.534174553102
9,2026-09-22T23:18:57.345+00:00,2026-09-22T23:20:29.575+00:00,2026-09-22T23:20:50.158+00:00,True,325,325.0,,325.0,92229.932025,112813.101561,112813.101648,347.11723584,40.522760999999996,92229.932025,5112.530024520121,106.01453980000001,63.52830103703704,24.34852147030223,2.880871064645509,12,62,,True,True,,1532,92.534174553102
10,2026-09-22T23:19:01.004+00:00,2026-09-22T23:20:40.503+00:00,2026-09-22T23:21:15.683+00:00,True,560,560.0,,560.0,99498.95533499999,134678.80327099998,134678.803242,240.49786293214285,0.016980000000000002,99498.95533499999,4202.058068834609,106.178121,62.9335383470483,31.6820770706039,4.15804110520028,12,62,,True,True,,1980,92.534174553102
11,2026-09-22T23:19:04.722+00:00,2026-09-22T23:20:54.383+00:00,2026-09-22T23:21:32.266+00:00,True,600,600.0,,600.0,109661.48208300001,147543.742563,147543.742422,245.90623737,0.01709,109661.48208300001,4474.44185826406,107.21351349999999,63.242504974958266,31.750507971526858,4.066590623074407,12,62,,True,True,,1336,92.534174553102
12,2026-09-22T23:19:10.706+00:00,2026-09-22T23:21:13.963+00:00,2026-09-22T23:21:44.787+00:00,True,481,481.0,,481.0,123256.39283,154080.869502,154080.86946,320.3344479417879,43.151565000000005,123256.39283,5617.139900336069,110.47774599999998,64.21765973333333,26.035064357020786,3.121737315960283,12,62,,True,True,,2006,92.534174553102
13,2026-09-22T23:19:16.105+00:00,2026-09-22T23:21:33.611+00:00,2026-09-22T23:22:04.539+00:00,True,475,475.0,,475.0,137505.775975,168434.277223,168434.277159,354.5984782294737,43.468204,137505.775975,6306.2612057614715,110.6045377,65.25000263291139,26.93011605378718,2.820091063596988,12,62,,True,True,,2435,92.534174553102
14,2026-09-22T23:19:20.496+00:00,2026-09-22T23:21:51.360+00:00,2026-09-22T23:22:17.446+00:00,True,409,409.0,,409.0,150863.445289,176950.045993,176950.04601,432.64069929095353,0.01758,150863.445289,7456.650220113362,108.613201,63.937746823529416,37.58073040991203,2.311386796792241,12,62,,True,True,,1499,92.534174553102
15,2026-09-22T23:19:26.531+00:00,2026-09-22T23:22:08.287+00:00,2026-09-22T23:22:30.598+00:00,True,359,359.0,,359.0,161756.413699,184067.471363,184067.471196,512.7227609916434,0.01678,161756.413699,8533.975434210342,110.53141590000001,62.32139012290503,38.729689914339666,1.950371770425504,12,62,,True,True,,1193,92.534174553102
16,2026-09-22T23:19:30.958+00:00,2026-09-22T23:22:26.916+00:00,2026-09-22T23:22:58.228+00:00,True,482,482.0,,482.0,175958.302963,207270.720755,207270.720841,430.0222424087137,39.959031,175958.302963,8011.758203186571,111.35954154999999,65.0985816881497,26.05591347341028,2.3254611082755776,12,62,,True,True,,2109,92.534174553102
17,2026-09-22T23:19:35.507+00:00,2026-09-22T23:22:41.055+00:00,2026-09-22T23:23:07.078+00:00,True,405,405.0,,405.0,185548.034259,211570.802643,211570.802705,522.3970437160494,40.87149,185548.034259,9216.791369968234,111.0141474,64.41279302970297,25.834987869200408,1.9142527935831875,12,62,,True,True,,1415,92.534174553102
18,2026-09-22T23:19:38.999+00:00,2026-09-22T23:22:55.886+00:00,2026-09-22T23:23:25.625+00:00,True,460,460.0,,460.0,196886.76723199998,226626.4544,226626.45438399998,492.6662051826087,38.526655,196886.76723199998,9176.910667273538,109.8105365,64.79234677124182,26.70444853324222,2.0297718605617474,12,62,,True,True,,1550,92.534174553102
19,2026-09-22T23:19:44.281+00:00,2026-09-22T23:23:12.672+00:00,2026-09-22T23:23:47.535+00:00,True,546,546.0,,546.0,208390.810793,243253.64317700002,243253.64305100002,445.5194927673993,0.01786,208390.810793,8915.6457914614,110.241821,63.96849978715596,37.80093871493175,2.244570699410701,12,62,,True,True,,2429,92.534174553102
20,2026-09-22T23:19:48.154+00:00,2026-09-22T23:23:26.178+00:00,2026-09-22T23:23:53.035+00:00,True,414,414.0,,414.0,218023.595483,244880.91669900002,244880.916769,591.4997989589373,0.01594,218023.595483,10712.16327844581,109.73713515,65.0298334527845,42.52034832475195,1.6906176503286938,12,62,,True,True,,1510,92.534174553102
21,2026-09-22T23:19:52.871+00:00,2026-09-22T23:23:44.818+00:00,2026-09-22T23:24:07.840+00:00,True,358,358.0,,358.0,231946.398498,254968.54659399998,254968.546439,712.2026436843576,0.016239999999999997,231946.398498,12255.41857585112,110.96702650000002,64.48780979271709,44.00600715837125,1.4040947590687038,12,62,,True,True,,1539,92.534174553102
22,2026-09-22T23:19:57.722+00:00,2026-09-22T23:24:02.325+00:00,2026-09-22T23:24:35.484+00:00,True,515,515.0,,515.0,244602.90083199998,277761.014624,277761.014629,539.3417759786407,40.174761,244602.90083199998,10775.678599750274,109.15533899999998,64.50994901167316,25.290811750894548,1.854111890745885,12,62,,True,True,,2034,92.534174553102
23,2026-09-22T23:20:02.354+00:00,2026-09-22T23:24:16.846+00:00,2026-09-22T23:24:50.588+00:00,True,539,539.0,,539.0,254491.617359,288233.413711,288233.413834,534.7558698218924,42.480287,254491.617359,10959.056233167046,109.6997,62.71709359107807,24.65747574235527,1.8700121996974073,12,62,,True,True,,2529,92.534174553102
24,2026-09-22T23:20:06.487+00:00,2026-09-22T23:24:33.835+00:00,2026-09-22T23:24:53.257+00:00,True,309,309.0,,309.0,267347.957566,286770.634046,286770.634002,928.0603042135922,43.628153,267347.957566,15205.327743830185,107.1156214,63.06063792207792,25.44038028166036,1.0775161865089515,12,62,,True,True,,426,92.534174553102
25,2026-09-22T23:20:09.914+00:00,2026-09-22T23:24:46.134+00:00,2026-09-22T23:25:05.035+00:00,True,302,302.0,,302.0,276220.436282,295121.22732199996,295121.227493,977.2226075927151,38.898924,276220.436282,15891.107322979862,106.78798755,62.793325714285714,25.674198988207863,1.0233082951721895,12,62,,True,True,,1672,92.534174553102
26,2026-09-22T23:20:14.711+00:00,2026-09-22T23:25:03.485+00:00,2026-09-22T23:25:14.723+00:00,False,213,212.0,,212.0,288773.782671,300011.952527,300011.952519,1408.5068193380282,0.056350000000000004,288773.782671,19782.833016981076,102.8475742,53.010235169811324,21.529934052989187,0.7066385129469825,12,62,,True,False,Request timeout: 300.0s exceeded,299,92.534174553102
0,2026-09-22T23:18:17.238+00:00,2026-09-22T23:18:17.621+00:00,2026-09-22T23:18:33.116+00:00,True,316,316.0,,316.0,383.657621,15877.867157,15877.866996,50.246414544303796,0.02982,383.657621,23.87101222968952,70.857916,49.18796678095238,14.713717439493143,19.90191735926488,13,62,,False,True,,1524,92.534174553102
1,2026-09-22T23:18:21.618+00:00,2026-09-22T23:18:21.804+00:00,2026-09-22T23:18:54.168+00:00,True,529,529.0,,529.0,186.714897,32550.624017000002,32550.623901,61.53237032325142,40.196191,186.714897,24.02332954625827,110.54656299999999,61.29528242424242,23.418444918280787,16.251608562825787,13,62,,False,True,,1085,92.534174553102
2,2026-09-22T23:18:25.636+00:00,2026-09-22T23:18:40.675+00:00,2026-09-22T23:19:16.601+00:00,True,558,558.0,,558.0,15038.859736999999,50964.961752999996,50964.961777,91.33505694802867,0.01711,15038.859736999999,634.4973005157176,110.09084700000001,64.499285486535,27.196287753233218,10.948698494160135,13,62,,False,True,,2214,92.534174553102
3,2026-09-22T23:18:28.288+00:00,2026-09-22T23:18:48.513+00:00,2026-09-22T23:19:16.164+00:00,True,439,439.0,,439.0,20224.711941,47875.815685,47875.815524000005,109.05652738952165,0.016460000000000002,20224.711941,962.6331368288967,108.61749889999999,63.13037384474886,26.838456886197577,9.169556564600597,13,62,,False,True,,2262,92.534174553102
4,2026-09-22T23:18:31.890+00:00,2026-09-22T23:19:01.141+00:00,2026-09-22T23:19:20.610+00:00,True,301,301.0,,301.0,29251.632943,48720.342831,48720.342806,161.8616040066445,0.01662,29251.632943,1682.5331181134147,110.444735,64.89569962666667,28.319460055276906,6.178117445603817,13,62,,False,True,,1514,92.534174553102
5,2026-09-22T23:18:35.564+00:00,2026-09-22T23:19:13.498+00:00,2026-09-22T23:19:52.327+00:00,True,596,596.0,,596.0,37933.739792,76762.710544,76762.710484,128.79649410067114,0.039009999999999996,37933.739792,1551.3961646300343,110.24767675,65.25877437310925,27.466160173656306,7.764186488156588,13,62,,False,True,,2621,92.534174553102
6,2026-09-22T23:18:38.866+00:00,2026-09-22T23:19:23.415+00:00,2026-09-22T23:20:01.515+00:00,True,590,590.0,,590.0,44549.088935,82648.904615,82648.9046,140.08288915254238,0.01685,44549.088935,1831.6391158515985,110.93658555,64.6855953820034,29.995832553072827,7.138630605552158,13,62,,False,True,,2340,92.534174553102
7,2026-09-22T23:18:41.862+00:00,2026-09-22T23:19:33.692+00:00,2026-09-22T23:20:01.155+00:00,True,420,420.0,,420.0,51829.815868,79292.674876,79292.674917,188.79208313571428,0.017079999999999998,51829.815868,2526.033211183764,111.3202034,65.54381624821002,31.45367122537813,5.29683228188237,13,62,,False,True,,2023,92.534174553102
8,2026-09-22T23:18:44.457+00:00,2026-09-22T23:19:44.083+00:00,2026-09-22T23:20:17.714+00:00,True,513,513.0,,513.0,59626.246483999996,93257.298772,93257.29883999999,181.78810690058478,0.0,59626.246483999996,2629.8572676344475,111.344409,65.685649,31.99606698493651,5.500909920779579,13,62,,False,True,,2542,92.534174553102
9,2026-09-22T23:18:48.346+00:00,2026-09-22T23:19:57.376+00:00,2026-09-22T23:20:24.863+00:00,True,423,423.0,,423.0,69030.53403,96517.575822,96517.57592399999,228.17393835460993,0.0,69030.53403,3353.330545482919,111.1842161,65.13517012322275,28.17738768242359,4.382621469690729,13,62,,False,True,,2048,92.534174553102
10,2026-09-22T23:18:51.035+00:00,2026-09-22T23:20:06.409+00:00,2026-09-22T23:20:36.246+00:00,True,466,466.0,,466.0,75373.780609,105210.83788899999,105210.837972,225.77433041201715,0.0,75373.780609,3488.7548411897988,110.52543774999998,64.16571458064516,27.00558745983613,4.429201490550255,13,62,,False,True,,2232,92.534174553102
11,2026-09-22T23:18:55.629+00:00,2026-09-22T23:20:22.861+00:00,2026-09-22T23:20:59.454+00:00,True,580,580.0,,580.0,87231.975696,123825.20475199999,123825.20472499999,213.49173228448274,42.629786,87231.975696,3619.5643209535697,107.19382800000001,63.20074102936096,23.775008597699735,4.684022135571167,13,62,,True,True,,2743,92.534174553102
12,2026-09-22T23:18:58.398+00:00,2026-09-22T23:20:32.832+00:00,2026-09-22T23:21:03.452+00:00,True,490,490.0,,490.0,94433.820987,125054.021691,125054.021775,255.2122893367347,0.0172,94433.820987,4263.381039631852,106.72222044999998,62.617997349693255,32.635254745763696,3.9183066116078757,13,62,,True,True,,1818,92.534174553102
13,2026-09-22T23:19:01.521+00:00,2026-09-22T23:20:42.632+00:00,2026-09-22T23:21:18.137+00:00,True,561,561.0,,561.0,101110.799168,136615.652672,136615.652646,243.52166247058824,0.01718,101110.799168,4266.345952141103,106.895054,63.40152411428571,32.22404140099413,4.106410861622883,13,62,,True,True,,2159,92.534174553102
14,2026-09-22T23:19:06.035+00:00,2026-09-22T23:20:58.295+00:00,2026-09-22T23:21:32.474+00:00,True,544,544.0,,544.0,112259.91056100001,146438.731681,146438.73154600002,269.1888447536765,0.0176,112259.91056100001,4810.49446911398,108.3790395,62.944421952117864,29.3269833084176,3.714864187604695,13,62,,True,True,,2515,92.534174553102
15,2026-09-22T23:19:08.760+00:00,2026-09-22T23:21:08.835+00:00,2026-09-22T23:21:37.998+00:00,True,456,456.0,,456.0,120075.22820299999,149237.603115,149237.60326099998,327.275445747807,43.734113,120075.22820299999,5620.092485693391,109.71867425,64.09313167472527,25.15422028917841,3.055530177931188,13,62,,True,True,,1903,92.534174553102
16,2026-09-22T23:19:11.424+00:00,2026-09-22T23:21:17.227+00:00,2026-09-22T23:21:37.789+00:00,True,325,325.0,,325.0,125803.133694,146364.831998,146364.831908,450.3533289476923,41.093689,125803.133694,6974.827405795792,110.87158899999999,63.462031802469134,25.191113708226208,2.2204787554734526,13,62,,True,True,,1682,92.534174553102
17,2026-09-22T23:19:15.303+00:00,2026-09-22T23:21:32.002+00:00,2026-09-22T23:21:53.367+00:00,True,326,326.0,,326.0,136699.549799,158064.626023,158064.626081,484.8608161993865,44.350802,136699.549799,7567.4945219631945,111.48758325,65.73869607384616,26.888635872424306,2.062447545680232,13,62,,True,True,,1414,92.534174553102
18,2026-09-22T23:19:19.375+00:00,2026-09-22T23:21:46.033+00:00,2026-09-22T23:22:20.239+00:00,True,539,539.0,,539.0,146658.470377,180864.059113,180864.05897699998,335.5548404025974,0.01666,146658.470377,6314.387701615181,109.99394299999999,63.57916121933086,35.34441778542095,2.9801387995126456,13,62,,True,True,,1993,92.534174553102
19,2026-09-22T23:19:23.372+00:00,2026-09-22T23:21:59.160+00:00,2026-09-22T23:22:30.850+00:00,True,495,495.0,,495.0,155787.05591999998,187477.369904,187477.36986699997,378.74216134747473,0.018170000000000002,155787.05591999998,6999.309379439472,112.31146000000001,64.1504331659919,34.58676934593411,2.6403186702132135,13,62,,True,True,,1912,92.534174553102
20,2026-09-22T23:19:26.094+00:00,2026-09-22T23:22:06.941+00:00,2026-09-22T23:22:44.459+00:00,True,591,591.0,,591.0,160847.073472,198364.60819199999,198364.60813399998,335.64231494754654,0.018879999999999997,160847.073472,6613.8270928015845,110.04809649999999,63.58904189830509,32.20814270415126,2.979362122037226,13,62,,True,True,,2871,92.534174553102
21,2026-09-22T23:19:30.438+00:00,2026-09-22T23:22:24.066+00:00,2026-09-22T23:22:49.412+00:00,True,391,391.0,,391.0,173628.21494,198974.401692,198974.401751,508.8859379820972,43.662723,173628.21494,8777.508615837449,112.21469150000001,64.99022244102565,26.219505321072248,1.9650768977068902,13,62,,True,True,,824,92.534174553102
22,2026-09-22T23:19:34.025+00:00,2026-09-22T23:22:36.909+00:00,2026-09-22T23:22:56.460+00:00,True,303,303.0,,303.0,182883.90807499998,202434.603499,202434.603504,668.1010016633663,44.530692,182883.90807499998,10502.718332522569,109.7518089,64.73740206622516,25.723010990204756,1.4967796748321085,13,62,,True,True,,914,92.534174553102
23,2026-09-22T23:19:38.170+00:00,2026-09-22T23:22:52.445+00:00,2026-09-22T23:23:20.775+00:00,True,437,437.0,,437.0,194275.26095300002,222605.19656900002,222605.19677600003,509.3940429656751,43.850612,194275.26095300002,9290.375613920398,110.742431,64.97691655045871,26.540616732607184,1.9631167948253396,13,62,,True,True,,662,92.534174553102
24,2026-09-22T23:19:40.987+00:00,2026-09-22T23:23:01.484+00:00,2026-09-22T23:23:33.831+00:00,True,502,502.0,,502.0,200496.895273,232844.506153,232844.50606,463.8336774103586,41.287608999999996,200496.895273,8945.772944340193,110.1520611,64.56608958083832,26.877130118064084,2.1559452198118016,13,62,,True,True,,2013,92.534174553102
25,2026-09-22T23:19:44.733+00:00,2026-09-22T23:23:14.902+00:00,2026-09-22T23:23:37.190+00:00,True,356,356.0,,356.0,210169.192618,232457.540522,232457.540567,652.9706195702247,42.281956,210169.192618,11135.645875467602,108.21536250000001,62.784078602816905,25.22681855803414,1.531462473536357,13,62,,True,True,,1548,92.534174553102
26,2026-09-22T23:19:48.439+00:00,2026-09-22T23:23:28.678+00:00,2026-09-22T23:24:01.329+00:00,True,504,504.0,,504.0,220238.97508,252889.34436,252889.344223,501.76457187103176,0.016300000000000002,220238.97508,9807.413878132124,110.19877265,64.91127093439364,40.044334178076646,1.9929665335465145,13,62,,True,True,,1837,92.534174553102
27,2026-09-22T23:19:51.401+00:00,2026-09-22T23:23:39.535+00:00,2026-09-22T23:24:04.469+00:00,True,388,388.0,,388.0,228134.11510499998,253068.03024099997,253068.03036699997,652.2371916675257,0.015880000000000002,228134.11510499998,11578.563526835129,111.27028700000001,64.42872128165375,42.94986719308868,1.5331845734544287,13,62,,True,True,,1851,92.534174553102
28,2026-09-22T23:19:54.663+00:00,2026-09-22T23:23:50.351+00:00,2026-09-22T23:24:24.216+00:00,True,532,532.0,,532.0,235688.020846,269553.064302,269553.06426199997,506.6786922218045,42.987815000000005,235688.020846,10215.637098287025,109.47386900000001,63.77597637664784,24.990202850919967,1.9736373666446676,13,62,,True,True,,1864,92.534174553102
29,2026-09-22T23:19:58.133+00:00,2026-09-22T23:24:04.681+00:00,2026-09-22T23:24:23.956+00:00,True,301,301.0,,301.0,246547.694958,265822.540142,265822.54035900004,883.1313633189369,44.492142,246547.694958,14207.0911854713,109.620417,64.24948394666667,24.801562767693248,1.1323343755544901,13,62,,True,True,,1375,92.534174553102
30,2026-09-22T23:20:00.850+00:00,2026-09-22T23:24:12.618+00:00,2026-09-22T23:24:32.608+00:00,True,314,314.0,,314.0,251768.534059,271758.541099,271758.541213,865.4730611878981,44.317332,251768.534059,14204.538915099305,109.08543949999999,63.8658371884984,25.447800468699402,1.1554374656640936,13,62,,True,True,,1670,92.534174553102
31,2026-09-22T23:20:03.796+00:00,2026-09-22T23:24:24.112+00:00,2026-09-22T23:24:48.995+00:00,True,394,394.0,,394.0,260316.522355,285198.63256299996,285198.632461,723.854397109137,38.888563999999995,260316.522355,13111.391307075859,109.54188894999999,63.31325752671756,25.144197951959985,1.3814932998073401,13,62,,True,True,,2176,92.534174553102
32,2026-09-22T23:20:07.729+00:00,2026-09-22T23:24:37.061+00:00,2026-09-22T23:24:56.301+00:00,True,308,308.0,,308.0,269331.769995,288572.02753099997,288572.02744599996,936.9221670324674,36.267019999999995,269331.769995,15343.052205846217,108.81297035,62.671848651465794,25.6568919239025,1.0673245173318575,13,62,,True,True,,1189,92.534174553102
33,2026-09-22T23:20:12.339+00:00,2026-09-22T23:24:54.758+00:00,2026-09-22T23:25:12.372+00:00,False,297,296.0,,296.0,282418.860943,300032.852879,300032.852793,1010.2116255656566,0.02274,282418.860943,16384.16779944997,104.863148,59.50672951351351,23.145419553570992,0.9865586290291136,13,62,,True,False,Request timeout: 300.0s exceeded,1075,92.534174553102
34,2026-09-22T23:20:15.370+00:00,2026-09-22T23:25:05.240+00:00,2026-09-22T23:25:15.414+00:00,False,199,198.0,,198.0,289869.34467699996,300043.621541,300043.62166899996,1507.756892809045,0.02137,289869.34467699996,20544.66550910948,102.1573429,51.38523668686869,24.952968337540668,0.6599040465619228,13,62,,True,False,Request timeout: 300.0s exceeded,803,92.534174553102
0,2026-09-22T23:18:17.239+00:00,2026-09-22T23:18:17.621+00:00,2026-09-22T23:18:48.932+00:00,True,549,549.0,,549.0,382.331324,31693.282236,31693.282148,57.72911138069217,0.032990000000000005,382.331324,26.45714889621437,109.2866454,57.136771737226276,22.545118773103415,17.322282870923285,14,62,,False,True,,1941,92.534174553102
1,2026-09-22T23:18:20.048+00:00,2026-09-22T23:18:20.179+00:00,2026-09-22T23:18:50.912+00:00,True,508,508.0,,508.0,130.472552,30863.91204,30863.912145,60.755732568897635,0.05138,195.545007,23.82633134673175,110.7221385,60.61822384220907,23.64722609183992,16.459352247428193,14,62,,False,True,,2400,92.534174553102
2,2026-09-22T23:18:23.371+00:00,2026-09-22T23:18:23.607+00:00,2026-09-22T23:18:50.911+00:00,True,454,454.0,,454.0,235.819538,27539.367698,27539.367772,60.65940037885463,40.244571,235.819538,24.531304395175493,110.76295764999999,60.272733245033116,23.131961176187307,16.48549106060162,14,62,,False,True,,2039,92.534174553102
3,2026-09-22T23:18:27.031+00:00,2026-09-22T23:18:44.374+00:00,2026-09-22T23:19:20.106+00:00,True,560,560.0,,560.0,17342.62531,53075.099422,53075.099276,94.77696299285714,0.016559,17342.62531,730.6400080196144,108.87689955,63.92213615742397,26.54586919130911,10.551087159487752,14,62,,False,True,,3499,92.534174553102
4,2026-09-22T23:18:30.640+00:00,2026-09-22T23:18:52.543+00:00,2026-09-22T23:19:10.588+00:00,True,300,300.0,,300.0,21902.387469,39947.122189,39947.122323,133.15707441,0.018670000000000003,21902.387469,1261.3024753371606,108.0494859,60.3502833444816,25.24754420650145,7.5099277134563955,14,62,,False,True,,1374,92.534174553102
5,2026-09-22T23:18:33.445+00:00,2026-09-22T23:19:06.392+00:00,2026-09-22T23:19:28.058+00:00,True,337,337.0,,337.0,32946.775596,54612.682027999996,54612.681835999996,162.05543571513354,0.016989,32946.775596,1791.4230094673092,108.96039100000002,64.48186438095237,27.491750521085326,6.170727887475287,14,62,,False,True,,1644,92.534174553102
6,2026-09-22T23:18:36.738+00:00,2026-09-22T23:19:16.315+00:00,2026-09-22T23:19:50.802+00:00,True,532,532.0,,532.0,39577.331966,74064.212734,74064.212767,139.21844505075188,4.323600000000001,39577.331966,1713.293414196653,109.44506754999999,64.94704476082862,27.12110226127713,7.1829562532537325,14,62,,False,True,,2540,92.534174553102
7,2026-09-22T23:18:40.423+00:00,2026-09-22T23:19:29.705+00:00,2026-09-22T23:20:00.550+00:00,True,473,473.0,,473.0,49281.585499,80126.152539,80126.152432,169.39989943340382,0.01857,49281.585499,2263.178444669665,111.612117,65.34865898305084,31.116218684258833,5.903191217995592,14,62,,False,True,,1628,92.534174553102
8,2026-09-22T23:18:45.301+00:00,2026-09-22T23:19:46.693+00:00,2026-09-22T23:20:22.706+00:00,True,551,551.0,,551.0,61392.067865000005,97405.253401,97405.253488,176.77904444283124,0.0,61392.067865000005,2612.7838183240506,111.71104749999999,65.47851915636363,30.97461711748269,5.656779082865599,14,62,,False,True,,3142,92.534174553102
9,2026-09-22T23:18:48.804+00:00,2026-09-22T23:19:58.676+00:00,2026-09-22T23:20:30.144+00:00,True,487,487.0,,487.0,69871.97042700001,101340.21490700002,101340.21498,208.09079051334703,0.0,69871.97042700001,3163.382643590854,110.384604,64.74947423868312,27.06160211468025,4.805594703414831,14,62,,False,True,,2265,92.534174553102
10,2026-09-22T23:18:52.873+00:00,2026-09-22T23:20:14.839+00:00,2026-09-22T23:20:49.752+00:00,True,546,546.0,,546.0,81965.829501,116878.676349,116878.676288,214.06350968498168,40.260311,81965.829501,3505.1599247398,109.06484574999999,64.06026944587155,24.828488288356986,4.671510809804542,14,62,,False,True,,1834,92.534174553102
11,2026-09-22T23:18:57.234+00:00,2026-09-22T23:20:29.469+00:00,2026-09-22T23:20:55.044+00:00,True,404,404.0,,404.0,92234.251925,117809.06741300001,117809.06737,291.6066024009901,38.354445,92234.251925,4585.733562992187,108.01094115,63.46108061538462,24.507566703326198,3.4292776343242606,14,62,,True,True,,1987,92.534174553102
12,2026-09-22T23:19:00.433+00:00,2026-09-22T23:20:39.148+00:00,2026-09-22T23:21:13.061+00:00,True,539,539.0,,539.0,98715.25077099999,132628.366931,132628.367011,246.06376068831167,0.01747,98715.25077099999,4249.370383333033,104.9002181,63.03553189591078,31.785621704332176,4.06398730884182,14,62,,True,True,,2874,92.534174553102
13,2026-09-22T23:19:03.287+00:00,2026-09-22T23:20:48.436+00:00,2026-09-22T23:21:10.750+00:00,True,357,357.0,,357.0,105148.9448,127463.109024,127463.109222,357.03952163025207,0.01773,105148.9448,5561.868064739637,108.60211000000001,62.680236584269664,35.52842298114663,2.8008103892458838,14,62,,True,True,,796,92.534174553102
14,2026-09-22T23:19:08.267+00:00,2026-09-22T23:21:05.388+00:00,2026-09-22T23:21:41.880+00:00,True,569,569.0,,569.0,117120.915793,153613.053009,153613.053128,269.97021639367307,38.788184,117120.915793,4907.335099320937,108.43616,64.24672045070423,25.134215848345832,3.704112305916236,14,62,,True,True,,2677,92.534174553102
15,2026-09-22T23:19:12.033+00:00,2026-09-22T23:21:18.811+00:00,2026-09-22T23:21:55.471+00:00,True,577,577.0,,577.0,126778.027518,163437.654014,163437.65401,283.2541663951473,44.065422,126778.027518,5275.249582400727,110.219024,63.645184888888885,25.354008403485885,3.5303982027946534,14,62,,True,True,,2783,92.534174553102
16,2026-09-22T23:19:17.175+00:00,2026-09-22T23:21:37.950+00:00,2026-09-22T23:22:12.385+00:00,True,538,538.0,,538.0,140774.55301,175209.954738,175209.954701,325.6690607825279,41.570828,140774.55301,6066.513014884643,109.46072099999999,64.12551532216014,26.025393445039075,3.070601786322573,14,62,,True,True,,2750,92.534174553102
17,2026-09-22T23:19:21.677+00:00,2026-09-22T23:21:54.226+00:00,2026-09-22T23:22:28.278+00:00,True,538,538.0,,538.0,152549.272218,186600.95017,186600.950198,346.841914866171,0.01663,152549.272218,6574.220164478057,109.90361185000002,63.410945906890134,34.02236644118596,2.8831578805459626,14,62,,True,True,,1411,92.534174553102
18,2026-09-22T23:19:24.590+00:00,2026-09-22T23:22:03.368+00:00,2026-09-22T23:22:33.492+00:00,True,478,478.0,,478.0,158778.24204100002,188902.88844100002,188902.888543,395.1943274958159,0.019,158778.24204100002,7259.543898728114,110.23424150000001,63.15439496855346,35.117567535430844,2.5304006939485926,14,62,,True,True,,2201,92.534174553102
19,2026-09-22T23:19:29.007+00:00,2026-09-22T23:22:19.772+00:00,2026-09-22T23:22:55.786+00:00,True,557,557.0,,557.0,170765.39954800002,206779.37766,206779.377458,371.23766150448836,41.616118,170765.39954800002,7232.862984260763,110.81612100000001,64.77334192805755,25.62823252312903,2.693692215844925,14,62,,True,True,,3043,92.534174553102
20,2026-09-22T23:19:33.379+00:00,2026-09-22T23:22:34.627+00:00,2026-09-22T23:22:54.794+00:00,True,312,312.0,,312.0,181247.716986,201415.01401,201415.01401,645.5609423397436,44.102192,181247.716986,10257.49368202101,109.60367754999999,64.84661422508039,26.26825875946803,1.5490404304443242,14,62,,True,True,,1388,92.534174553102
21,2026-09-22T23:19:36.614+00:00,2026-09-22T23:22:45.934+00:00,2026-09-22T23:23:08.590+00:00,True,348,348.0,,348.0,189319.89469,211975.340194,211975.340229,609.124540887931,45.573619,189319.89469,10145.148097261197,112.72665705,65.28946831123919,27.204804819338555,1.641700396289069,14,62,,True,True,,1757,92.534174553102
22,2026-09-22T23:19:41.781+00:00,2026-09-22T23:23:05.642+00:00,2026-09-22T23:23:38.588+00:00,True,513,513.0,,513.0,203860.99200799997,236806.70029599997,236806.70034099996,461.6115016393762,41.868777,203860.99200799997,8997.88225026794,110.99023059999999,64.3470865,27.045966513641975,2.1663238386361883,14,62,,True,True,,2678,92.534174553102
23,2026-09-22T23:19:45.662+00:00,2026-09-22T23:23:18.091+00:00,2026-09-22T23:23:40.306+00:00,True,348,348.0,,348.0,212428.543068,234644.087644,234644.087567,674.2646194454023,44.040313000000005,212428.543068,11383.962381112342,109.2051695,64.02174229394812,25.78496752474141,1.4830972452541935,14,62,,True,True,,1232,92.534174553102
24,2026-09-22T23:19:49.938+00:00,2026-09-22T23:23:37.085+00:00,2026-09-22T23:24:02.222+00:00,True,386,386.0,,386.0,227146.73364,252283.261512,252283.26153299998,653.5835791010362,0.017408999999999997,227146.73364,11558.220159714449,110.9674295,65.28968278441559,42.78528337893042,1.5300262002583938,14,62,,True,True,,2097,92.534174553102
25,2026-09-22T23:19:54.169+00:00,2026-09-22T23:23:49.080+00:00,2026-09-22T23:24:11.419+00:00,True,350,350.0,,350.0,234910.481807,257249.561487,257249.561658,734.9987475942858,42.544836000000004,234910.481807,12553.097257297268,109.50852145,64.00882429799427,25.214976050035975,1.3605465368992946,14,62,,True,True,,1330,92.534174553102
26,2026-09-22T23:19:59.093+00:00,2026-09-22T23:24:07.737+00:00,2026-09-22T23:24:45.272+00:00,True,589,589.0,,589.0,248644.098126,286178.770766,286178.770691,485.8722762156197,41.166358,248644.098126,10242.600967080713,108.50960800000001,63.83447727891157,24.66260526100219,2.0581540637114837,14,62,,True,True,,2253,92.534174553102
27,2026-09-22T23:20:03.342+00:00,2026-09-22T23:24:22.397+00:00,2026-09-22T23:24:52.985+00:00,True,484,484.0,,484.0,259054.923317,289643.388725,289643.388562,598.4367532272728,43.700652999999996,259054.923317,11772.371607104473,109.09358565000001,63.330156124223606,24.987320569999763,1.6710203610396597,14,62,,True,True,,1019,92.534174553102
28,2026-09-22T23:20:07.348+00:00,2026-09-22T23:24:35.639+00:00,2026-09-22T23:25:07.381+00:00,False,509,508.0,,508.0,268290.78934799996,300032.98787599994,300032.98790199996,589.4557719096266,0.03599,268290.78934799996,11889.037164811749,106.46436860000001,62.48464277165354,25.166830449322283,1.693147155571941,14,62,,True,False,Request timeout: 300.0s exceeded,2738,92.534174553102
29,2026-09-22T23:20:10.639+00:00,2026-09-22T23:24:49.207+00:00,2026-09-22T23:25:10.690+00:00,False,346,345.0,,345.0,278567.445208,300050.29909600003,300050.299154,867.197396398844,0.02494,278567.445208,14972.551904403083,105.51766950000001,62.269141704347824,25.041972811947687,1.1498072191210131,14,62,,True,False,Request timeout: 300.0s exceeded,1507,92.534174553102
30,2026-09-22T23:20:13.996+00:00,2026-09-22T23:24:59.558+00:00,2026-09-22T23:25:14.035+00:00,False,259,258.0,,258.0,285561.679908,300038.584356,300038.584281,1158.4501323590732,0.04131,285561.679908,17740.466438090425,102.28190699999999,56.112032744186045,22.048140900310198,0.859889405736828,14,62,,True,False,Request timeout: 300.0s exceeded,1204,92.534174553102
0,2026-09-22T23:18:17.240+00:00,2026-09-22T23:18:17.622+00:00,2026-09-22T23:18:41.181+00:00,True,433,433.0,,433.0,382.304564,23941.142836,23941.142916,55.29132313163972,0.048,382.304564,26.505227478858934,110.697877,54.53434785185185,21.341685576867402,18.086020494765325,15,62,,False,True,,1955,92.534174553102
1,2026-09-22T23:18:19.817+00:00,2026-09-22T23:18:19.954+00:00,2026-09-22T23:18:44.471+00:00,True,418,418.0,,418.0,136.898427,24653.828987,24653.828909,58.9804519354067,0.059039,199.895298,23.156794593090297,111.591994,58.79359846522782,22.866940660813576,16.95476999619053,15,62,,False,True,,1884,92.534174553102
2,2026-09-22T23:18:22.925+00:00,2026-09-22T23:18:23.230+00:00,2026-09-22T23:18:55.633+00:00,True,537,537.0,,537.0,305.19421500000004,32707.718375,32707.718522,60.90822816014897,39.760161999999994,305.19421500000004,25.35027843824748,109.80842580000001,60.45247044776119,23.066994682939303,16.418143076909136,15,62,,False,True,,2949,92.534174553102
3,2026-09-22T23:18:25.628+00:00,2026-09-22T23:18:40.677+00:00,2026-09-22T23:19:17.166+00:00,True,566,566.0,,566.0,15048.610556,51538.37286,51538.372978,91.05719607420495,0.01651,15048.610556,630.4169603933174,109.65838724999999,64.58365009557522,27.322938678059174,10.982108448349644,15,62,,False,True,,2211,92.534174553102
4,2026-09-22T23:18:28.154+00:00,2026-09-22T23:18:47.437+00:00,2026-09-22T23:19:08.293+00:00,True,339,339.0,,339.0,19282.370417,40138.47614499999,40138.476117,118.4025844159292,0.01694,19282.370417,1044.25247748586,106.53068579999999,61.704454816568045,26.25767293716913,8.445761587344887,15,62,,False,True,,1689,92.534174553102
5,2026-09-22T23:18:31.784+00:00,2026-09-22T23:18:59.437+00:00,2026-09-22T23:19:31.137+00:00,True,505,505.0,,505.0,27652.721252,59352.39306,59352.393084999996,117.52949125742575,0.02016,27652.721252,1228.0034640563154,108.96646120000001,62.89617422222222,25.887802434481326,8.508502757243331,15,62,,False,True,,680,92.534174553102
6,2026-09-22T23:18:35.133+00:00,2026-09-22T23:19:12.200+00:00,2026-09-22T23:19:38.255+00:00,True,402,402.0,,402.0,37066.66198,63121.792347999995,63121.792225,157.0193836442786,2.5504140000000004,37066.66198,1845.6676264480336,109.48497499999998,64.97538745137157,26.601510007623595,6.368640449620207,15,62,,False,True,,1808,92.534174553102
7,2026-09-22T23:18:39.086+00:00,2026-09-22T23:19:25.050+00:00,2026-09-22T23:19:55.716+00:00,True,477,477.0,,477.0,45964.146612000004,76629.675956,76629.676061,160.64921606079665,6.810455,45964.146612000004,2101.777215646574,111.3440936,64.42338097478992,27.014992088893194,6.22474249106689,15,62,,False,True,,1933,92.534174553102
8,2026-09-22T23:18:41.795+00:00,2026-09-22T23:19:33.221+00:00,2026-09-22T23:19:58.371+00:00,True,385,385.0,,385.0,51426.487761,76576.31150499999,76576.31161799999,198.89951069610387,0.016030000000000003,51426.487761,2617.791175552097,110.46224600000001,65.49433266666666,31.793309221407302,5.027664462199406,15,62,,False,True,,2032,92.534174553102
9,2026-09-22T23:18:45.995+00:00,2026-09-22T23:19:48.895+00:00,2026-09-22T23:20:23.521+00:00,True,532,532.0,,532.0,62900.220417000004,97525.642497,97525.64263300001,183.31887712969925,0.0,62900.220417000004,2724.414390938824,110.46834999999999,65.20795118644068,30.562144721881687,5.454975597995829,15,62,,False,True,,2731,92.534174553102
10,2026-09-22T23:18:50.490+00:00,2026-09-22T23:20:05.277+00:00,2026-09-22T23:20:35.379+00:00,True,468,468.0,,468.0,74787.036307,104888.71669100001,104888.716705,224.1211895405983,0.0,74787.036307,3454.1592655968857,110.34625199999999,64.45755970877944,27.196780248058676,4.461871731911053,15,62,,False,True,,2223,92.534174553102
11,2026-09-22T23:18:53.189+00:00,2026-09-22T23:20:16.381+00:00,2026-09-22T23:20:51.936+00:00,True,560,560.0,,560.0,83192.446705,118747.04766499999,118747.047633,212.04829934464286,40.005361,83192.446705,3512.918214789481,107.89683595000001,63.60393731663685,24.236314149881363,4.715906719464965,15,62,,False,True,,2390,92.534174553102
12,2026-09-22T23:18:56.277+00:00,2026-09-22T23:20:24.812+00:00,2026-09-22T23:20:59.150+00:00,True,543,543.0,,543.0,88535.048222,122872.899102,122872.899163,226.28526549355433,39.764402000000004,88535.048222,3796.759295012307,107.620111,63.35396841328413,23.964858339012533,4.419200685980735,15,62,,True,True,,2798,92.534174553102
13,2026-09-22T23:19:00.549+00:00,2026-09-22T23:20:39.701+00:00,2026-09-22T23:21:13.710+00:00,True,540,540.0,,540.0,99152.300052,133161.347348,133161.34719,246.5950873888889,0.01653,99152.300052,4264.24078637072,106.15583850000002,63.0965627012987,32.073513808695196,4.055230821514441,15,62,,True,True,,2895,92.534174553102
14,2026-09-22T23:19:03.862+00:00,2026-09-22T23:20:50.663+00:00,2026-09-22T23:21:11.253+00:00,True,329,329.0,,329.0,106800.99832500001,127390.70354100001,127390.703374,387.205785331307,0.01802,106800.99832500001,5884.778822743079,106.8288854,62.77349151219512,36.03575379489906,2.5826060368220913,15,62,,True,True,,1347,92.534174553102
15,2026-09-22T23:19:07.182+00:00,2026-09-22T23:21:02.337+00:00,2026-09-22T23:21:40.082+00:00,True,589,589.0,,589.0,115154.379755,152900.109035,152900.109066,259.5927148828523,37.702987,115154.379755,4742.276289107696,108.2069066,64.19341714285714,25.375506574743575,3.8521882274470673,15,62,,True,True,,2352,92.534174553102
16,2026-09-22T23:19:09.810+00:00,2026-09-22T23:21:12.351+00:00,2026-09-22T23:21:36.658+00:00,True,381,381.0,,381.0,122541.198633,146847.927849,146847.92777,385.4276319422572,41.227368999999996,122541.198633,6274.749592957592,108.914689,63.965076884210525,25.291835898228296,2.594520777928665,15,62,,True,True,,1880,92.534174553102
17,2026-09-22T23:19:13.327+00:00,2026-09-22T23:21:24.999+00:00,2026-09-22T23:21:59.160+00:00,True,526,526.0,,526.0,131672.193095,165833.343559,165833.343486,315.2725161330798,43.300824,131672.193095,5738.403835273236,111.66934475,65.06885802666666,26.38119386130576,3.1718591008982475,15,62,,True,True,,2943,92.534174553102
18,2026-09-22T23:19:17.139+00:00,2026-09-22T23:21:37.336+00:00,2026-09-22T23:21:57.779+00:00,True,316,316.0,,316.0,140197.030959,160640.104751,160640.10462,508.3547614556962,44.225632,140197.030959,7883.094246638855,111.73469525,64.89864695873015,26.948788700797962,1.9671301913666916,15,62,,True,True,,1480,92.534174553102
19,2026-09-22T23:19:20.319+00:00,2026-09-22T23:21:50.057+00:00,2026-09-22T23:22:25.635+00:00,True,560,560.0,,560.0,149737.58094100002,185315.61486100004,185315.61496200002,330.9207410035715,0.01678,149737.58094100002,6324.9744479625915,110.20186050000001,63.64585674418604,34.93280988288625,3.0218716346166516,15,62,,True,True,,2597,92.534174553102
20,2026-09-22T23:19:23.760+00:00,2026-09-22T23:22:00.300+00:00,2026-09-22T23:22:20.911+00:00,True,328,328.0,,328.0,156539.70808500002,177151.067573,177151.06748400003,540.0947179390245,0.01795,156539.70808500002,8640.059895258424,108.733627,63.031680391437305,37.42569512602472,1.851527086422093,15,62,,True,True,,1754,92.534174553102
21,2026-09-22T23:19:27.894+00:00,2026-09-22T23:22:15.703+00:00,2026-09-22T23:22:42.404+00:00,True,412,412.0,,412.0,167809.43441100002,194510.279723,194510.27967400002,472.1123293058253,44.782011,167809.43441100002,8264.21609644879,109.97570005000001,64.96556036982969,25.509853724997956,2.118139979988331,15,62,,True,True,,2177,92.534174553102
22,2026-09-22T23:19:32.081+00:00,2026-09-22T23:22:30.708+00:00,2026-09-22T23:23:00.590+00:00,True,466,466.0,,466.0,178627.074506,208508.791498,208508.791411,447.4437583927039,36.949438,178627.074506,8271.803113055583,110.74810675,64.261756972043,25.926528089501677,2.234917754076906,15,62,,True,True,,987,92.534174553102
23,2026-09-22T23:19:35.197+00:00,2026-09-22T23:22:40.340+00:00,2026-09-22T23:23:14.953+00:00,True,531,531.0,,531.0,185143.240775,219755.991111,219755.991271,413.8530909058381,40.027222,185143.240775,8031.743176211255,111.5114485,65.30707610566039,26.90078372158573,2.416316375792407,15,62,,True,True,,2532,92.534174553102
24,2026-09-22T23:19:38.797+00:00,2026-09-22T23:22:55.211+00:00,2026-09-22T23:23:25.470+00:00,True,469,469.0,,469.0,196414.548178,226673.438162,226673.438219,483.3122350085288,43.362434,196414.548178,9066.63440884486,110.525159,64.65574782905983,26.54827852122478,2.0690558355796984,15,62,,True,True,,1594,92.534174553102
25,2026-09-22T23:19:42.521+00:00,2026-09-22T23:23:08.189+00:00,2026-09-22T23:23:35.125+00:00,True,423,423.0,,423.0,205668.671437,232604.32148500002,232604.321402,549.8920127706856,40.59876,205668.671437,9996.882635264616,107.795794,63.82855461611374,25.74896917461719,1.8185388702130285,15,62,,True,True,,2038,92.534174553102
26,2026-09-22T23:19:45.978+00:00,2026-09-22T23:23:19.458+00:00,2026-09-22T23:23:49.184+00:00,True,461,461.0,,461.0,213480.77854,243206.26462,243206.264746,527.5623964121475,0.01582,213480.77854,9939.86708597966,110.031486,64.62062191304348,41.31103646540736,1.8955103838311647,15,62,,True,True,,2184,92.534174553102
27,2026-09-22T23:19:49.734+00:00,2026-09-22T23:23:34.921+00:00,2026-09-22T23:24:12.721+00:00,True,584,584.0,,584.0,225187.067279,262986.962063,262986.961909,450.320140255137,0.01688,225187.067279,9315.700897177818,110.45756750000001,64.83686926929674,37.839817956432356,2.2206424053071476,15,62,,True,True,,2870,92.534174553102
28,2026-09-22T23:19:54.234+00:00,2026-09-22T23:23:49.184+00:00,2026-09-22T23:24:17.303+00:00,True,436,436.0,,436.0,234950.03983899998,263069.210399,263069.21047399996,603.369748793578,42.453336,234950.03983899998,11248.999377090691,110.39853025000001,64.64177140229886,25.555986405473277,1.6573585306266514,15,62,,True,True,,1529,92.534174553102
29,2026-09-22T23:19:57.849+00:00,2026-09-22T23:24:02.945+00:00,2026-09-22T23:24:28.819+00:00,True,408,408.0,,408.0,245095.9227,270970.024204,270970.02419799997,664.1422161715686,37.997426,245095.9227,12130.934667696949,108.83535535000001,63.57273096805896,25.003299034194225,1.5057016037052011,15,62,,True,True,,1474,92.534174553102
30,2026-09-22T23:20:00.424+00:00,2026-09-22T23:24:11.572+00:00,2026-09-22T23:24:34.796+00:00,True,363,363.0,,363.0,251148.55613999997,274372.053356,274372.05348999996,755.84587738292,40.217371,251148.55613999997,13178.53795061707,111.53385689999999,64.15330722651935,25.465252028702327,1.323021042267029,15,62,,True,True,,1378,92.534174553102
31,2026-09-22T23:20:03.194+00:00,2026-09-22T23:24:21.982+00:00,2026-09-22T23:24:54.582+00:00,True,512,512.0,,512.0,258788.321637,291388.650341,291388.650261,569.1184575410156,37.939166,258788.321637,11434.145004026506,109.97763149999999,63.79712075146771,25.507195622660387,1.7571034403736305,15,62,,True,True,,992,92.534174553102
32,2026-09-22T23:20:06.260+00:00,2026-09-22T23:24:32.763+00:00,2026-09-22T23:25:05.388+00:00,True,519,519.0,,519.0,266502.904685,299127.26410900004,299127.264267,576.3531103410405,43.113954,266502.904685,11695.441885275772,108.175067,62.98138884942085,25.30044309570653,1.735047460638291,15,62,,True,True,,2114,92.534174553102
33,2026-09-22T23:20:08.724+00:00,2026-09-22T23:24:41.391+00:00,2026-09-22T23:25:08.801+00:00,False,438,437.0,,437.0,272666.56976499996,300076.68970099994,300076.68973499996,685.106597568493,0.03954,272666.56976499996,13025.539976238535,106.715956,62.7233865812357,25.217304579089227,1.4562943907286903,15,62,,True,False,Request timeout: 300.0s exceeded,1496,92.534174553102
34,2026-09-22T23:20:13.210+00:00,2026-09-22T23:24:57.151+00:00,2026-09-22T23:25:13.260+00:00,False,280,279.0,,279.0,283940.756995,300050.114563,300050.114614,1071.6075521928572,0.04306,283940.756995,16965.269060675593,102.30462800000001,57.73963286021505,21.723212591819788,0.9298446708022163,15,62,,True,False,Request timeout: 300.0s exceeded,1114,92.534174553102
35,2026-09-22T23:20:15.928+00:00,2026-09-22T23:25:06.632+00:00,2026-09-22T23:25:16.127+00:00,False,195,194.0,,194.0,290703.49002100003,300198.74173300003,300198.74157600006,1539.4807260307693,0.01909,290703.49002100003,20814.223240014737,103.82100779999999,48.94459645360824,28.1380264781674,0.6462385514345216,15,62,,True,False,Request timeout: 300.0s exceeded,847,92.534174553102
0,2026-09-22T23:18:17.244+00:00,2026-09-22T23:18:17.620+00:00,2026-09-22T23:18:36.438+00:00,True,369,369.0,,369.0,376.117588,19193.693268000003,19193.693285,52.01542895663957,33.824754,376.117588,22.719951717691377,80.785763,51.13471652173913,15.18573845232848,19.225064965230114,16,62,,False,True,,1627,92.534174553102
1,2026-09-22T23:18:21.885+00:00,2026-09-22T23:18:22.136+00:00,2026-09-22T23:18:56.077+00:00,True,560,560.0,,560.0,250.792506,34191.99033,34191.990268,61.05712547857143,39.021564,250.792506,24.6950889549322,110.5251105,60.71770630411449,23.37326439959095,16.378104772352394,16,62,,False,True,,1378,92.534174553102
2,2026-09-22T23:18:25.643+00:00,2026-09-22T23:18:40.926+00:00,2026-09-22T23:19:09.952+00:00,True,458,458.0,,458.0,15282.999227,44308.453307,44308.453398,96.74334803056769,0.01667,15282.999227,711.6512362212364,107.71721434999999,63.5130286214442,26.469425915909948,10.336628020541706,16,62,,False,True,,1992,92.534174553102
3,2026-09-22T23:18:29.241+00:00,2026-09-22T23:18:50.461+00:00,2026-09-22T23:19:16.366+00:00,True,416,416.0,,416.0,21219.733161,47124.665769,47124.665678,113.28044634134615,0.01723,21219.733161,1037.6483329305297,107.56314675000002,62.421524356626506,26.031313714717726,8.827648816422103,16,62,,False,True,,1542,92.534174553102
4,2026-09-22T23:18:34.251+00:00,2026-09-22T23:19:09.844+00:00,2026-09-22T23:19:34.088+00:00,True,374,374.0,,374.0,35593.44551,59837.411462,59837.411372999995,159.99307853743315,9.439969,35593.44551,1837.3208653510071,110.22771885,64.9972277533512,26.35609895387178,6.250270372031555,16,62,,False,True,,1810,92.534174553102
5,2026-09-22T23:18:39.013+00:00,2026-09-22T23:19:24.178+00:00,2026-09-22T23:19:56.598+00:00,True,505,505.0,,505.0,45164.261743,77584.898671,77584.89877700001,153.63346292475248,0.01654,45164.261743,2007.1430977197215,110.21477800000001,64.32666057142858,29.903338224642074,6.508998640849691,16,62,,False,True,,1715,92.534174553102
6,2026-09-22T23:18:42.846+00:00,2026-09-22T23:19:38.059+00:00,2026-09-22T23:20:15.954+00:00,True,584,584.0,,584.0,55212.933062,93107.97894999999,93107.97890999999,159.43147073630135,0.0,55212.933062,2282.24813297734,111.54492349999998,65.00007871012006,31.01786485047434,6.272287365550212,16,62,,False,True,,3081,92.534174553102
7,2026-09-22T23:18:47.885+00:00,2026-09-22T23:19:56.749+00:00,2026-09-22T23:20:16.853+00:00,True,308,308.0,,308.0,68863.56417900001,88967.612307,88967.612464,288.85588462337665,0.0,68863.56417900001,3920.2423116900773,112.20915185,65.48549878827362,29.14111260151352,3.4619339781446117,16,62,,False,True,,1488,92.534174553102
8,2026-09-22T23:18:51.874+00:00,2026-09-22T23:20:09.494+00:00,2026-09-22T23:20:47.440+00:00,True,596,596.0,,596.0,77620.14312800001,115566.15042400002,115566.15054300001,193.9029371526846,40.29042,77620.14312800001,3176.9279311975283,108.7561865,63.774802178151255,24.628219631083084,5.157219461004272,16,62,,False,True,,2713,92.534174553102
9,2026-09-22T23:18:55.555+00:00,2026-09-22T23:20:22.501+00:00,2026-09-22T23:20:42.480+00:00,True,314,314.0,,314.0,86946.25910899999,106924.48093299998,106924.48099099999,340.5238248121019,43.236084999999996,86946.25910899999,4903.116983108098,107.64382714999999,63.82818474121406,23.835813646062025,2.936652086221075,16,62,,True,True,,1515,92.534174553102
10,2026-09-22T23:18:59.065+00:00,2026-09-22T23:20:34.107+00:00,2026-09-22T23:20:53.692+00:00,True,315,315.0,,315.0,95042.649829,114627.503845,114627.503912,363.896837815873,42.636606,95042.649829,5351.5829800697275,105.9436307,62.372146547770704,23.30746895010461,2.748031575615089,16,62,,True,True,,1393,92.534174553102
11,2026-09-22T23:19:04.278+00:00,2026-09-22T23:20:53.139+00:00,2026-09-22T23:21:28.809+00:00,True,572,572.0,,572.0,108860.11535699999,144530.94927699998,144530.949459,252.6764850681818,0.01723,108860.11535699999,4549.168264623433,107.30407100000001,62.47081246935201,31.69442268189223,3.9576298561752097,16,62,,True,True,,2244,92.534174553102
12,2026-09-22T23:19:07.629+00:00,2026-09-22T23:21:03.704+00:00,2026-09-22T23:21:40.492+00:00,True,574,574.0,,574.0,116074.93899600001,152862.282868,152862.28301900002,266.3105975940767,41.354487999999996,116074.93899600001,4842.261890060273,108.84705399999999,64.20129820593368,25.543367933189923,3.75501391991942,16,62,,True,True,,2845,92.534174553102
13,2026-09-22T23:19:10.929+00:00,2026-09-22T23:21:14.875+00:00,2026-09-22T23:21:43.565+00:00,True,446,446.0,,446.0,123946.162973,152636.407325,152636.407296,342.2340970762332,43.229014,123946.162973,5866.0251408578115,110.41756775,64.47245921797753,25.90745579003133,2.921976531132298,16,62,,True,True,,607,92.534174553102
14,2026-09-22T23:19:15.283+00:00,2026-09-22T23:21:31.639+00:00,2026-09-22T23:21:59.008+00:00,True,419,419.0,,419.0,136356.18495,163724.959094,163724.959033,390.751692202864,40.965659,136356.18495,6658.291041548554,111.568974,65.47553622966507,26.893335991206552,2.5591699782281703,16,62,,True,True,,2136,92.534174553102
15,2026-09-22T23:19:20.226+00:00,2026-09-22T23:21:49.584+00:00,2026-09-22T23:22:24.537+00:00,True,551,551.0,,551.0,149358.41085100002,184310.44208300003,184310.44206800003,334.5017097422868,0.0171,149358.41085100002,6360.2636329896795,110.5126955,63.549147694545454,33.61923795499569,2.9895213411287336,16,62,,True,True,,1185,92.534174553102
16,2026-09-22T23:19:24.093+00:00,2026-09-22T23:22:01.484+00:00,2026-09-22T23:22:37.641+00:00,True,568,568.0,,568.0,157390.584211,193547.331475,193547.331513,340.7523442130282,0.01702,157390.584211,6601.370155777753,110.80599099999999,63.7685136931217,33.25416297278474,2.9346826725604687,16,62,,True,True,,2844,92.534174553102
17,2026-09-22T23:19:29.335+00:00,2026-09-22T23:22:20.387+00:00,2026-09-22T23:22:44.052+00:00,True,362,362.0,,362.0,171052.139124,194716.774772,194716.774817,537.891643140884,41.320378,171052.139124,8986.892608374319,111.78351804999998,65.55300733518006,25.880560372456113,1.8591104974077204,16,62,,True,True,,1433,92.534174553102
18,2026-09-22T23:19:32.868+00:00,2026-09-22T23:22:33.226+00:00,2026-09-22T23:23:10.842+00:00,True,578,578.0,,578.0,180357.711717,217973.819237,217973.819344,377.1173345051903,41.203469,180357.711717,7499.226804834493,110.593987,65.1925606932409,26.469991297442686,2.65169460269698,16,62,,True,True,,2704,92.534174553102
19,2026-09-22T23:19:36.562+00:00,2026-09-22T23:22:44.206+00:00,2026-09-22T23:23:22.282+00:00,True,592,592.0,,592.0,187644.04085,225719.345042,225719.34514199998,381.2826776047297,37.218178,187644.04085,7709.519622774265,109.96029555,64.42521859898477,26.337222056393944,2.6227260223967312,16,62,,True,True,,2481,92.534174553102
20,2026-09-22T23:19:42.357+00:00,2026-09-22T23:23:07.578+00:00,2026-09-22T23:23:29.339+00:00,True,341,341.0,,341.0,205221.159358,226981.20083000002,226981.200828,665.6340200234604,39.496853,205221.159358,11109.913428023036,107.84064099999999,64.0001219764706,26.01815258960726,1.5023270594792368,16,62,,True,True,,1279,92.534174553102
21,2026-09-22T23:19:47.569+00:00,2026-09-22T23:23:24.602+00:00,2026-09-22T23:23:58.686+00:00,True,527,527.0,,527.0,217032.691348,251117.009556,251117.009705,476.50286471537,0.01589,217032.691348,9451.35194130664,109.39187,64.79908404562738,39.43358711599875,2.098623271007363,16,62,,True,True,,2760,92.534174553102
22,2026-09-22T23:19:51.348+00:00,2026-09-22T23:23:39.535+00:00,2026-09-22T23:24:08.622+00:00,True,450,450.0,,450.0,228187.808707,257274.06969899999,257274.069745,571.7201549888889,0.01579,228187.808707,10753.901529740742,109.30597089999999,64.78009129621381,41.22211704027606,1.7491074810861482,16,62,,True,True,,2288,92.534174553102
23,2026-09-22T23:19:56.195+00:00,2026-09-22T23:23:56.829+00:00,2026-09-22T23:24:34.845+00:00,True,594,594.0,,594.0,240633.818878,278649.836542,278649.836542,469.1074689259259,41.016199,240633.818878,9870.727383067253,110.05130145000001,64.10795558853287,25.38326023996507,2.1317076922471774,16,62,,True,True,,1146,92.534174553102
24,2026-09-22T23:20:01.867+00:00,2026-09-22T23:24:15.741+00:00,2026-09-22T23:24:48.944+00:00,True,529,529.0,,529.0,253874.04327700002,287077.260941,287077.26088300004,542.6791321039698,43.259354,253874.04327700002,11035.295002118099,108.7869734,62.884881939393935,24.54529663526133,1.8427095140381733,16,62,,True,True,,2442,92.534174553102
25,2026-09-22T23:20:07.093+00:00,2026-09-22T23:24:34.979+00:00,2026-09-22T23:25:01.949+00:00,True,431,431.0,,431.0,267886.274425,294855.936377,294855.9363,684.1205018561485,41.145479,267886.274425,12900.631010841073,107.09684250000001,62.720144074418606,25.088667276400972,1.4617307872307088,16,62,,True,True,,1934,92.534174553102
26,2026-09-22T23:20:11.426+00:00,2026-09-22T23:24:52.636+00:00,2026-09-22T23:25:11.434+00:00,False,306,305.0,,305.0,281209.936208,300007.731536,300007.731678,980.4174237843138,0.022719999999999997,281209.936208,16072.197639648162,104.84476999999998,61.6321158295082,24.65636227575538,1.0166404660254595,16,62,,True,False,Request timeout: 300.0s exceeded,1514,92.534174553102
27,2026-09-22T23:20:16.190+00:00,2026-09-22T23:25:07.479+00:00,2026-09-22T23:25:16.236+00:00,False,188,187.0,,187.0,291289.139114,300045.71639400005,300045.71648400003,1595.987853638298,0.018690000000000002,291289.139114,21241.048093174515,102.25481835000001,46.826616470588235,28.76661589663689,0.6232383592987012,16,62,,True,False,Request timeout: 300.0s exceeded,907,92.534174553102
0,2026-09-22T23:18:17.240+00:00,2026-09-22T23:18:17.620+00:00,2026-09-22T23:18:48.307+00:00,True,540,540.0,,540.0,379.57673,31066.887066,31066.887175,57.53127254629629,34.095904000000004,379.57673,25.75671957331975,109.697825,56.93378541001856,21.714244569776216,17.381850935138683,17,62,,False,True,,2470,92.534174553102
1,2026-09-22T23:18:22.412+00:00,2026-09-22T23:18:22.614+00:00,2026-09-22T23:18:42.232+00:00,True,339,339.0,,339.0,201.897223,19820.291079,19820.291156,58.46693556342183,42.202017,201.897223,22.72989553691699,112.1637968,58.04258537278107,21.376509931686,17.103684231922173,17,62,,False,True,,1496,92.534174553102
2,2026-09-22T23:18:27.140+00:00,2026-09-22T23:18:44.682+00:00,2026-09-22T23:19:18.936+00:00,True,538,538.0,,538.0,17542.360397999997,51796.432718,51796.432776999995,96.27589735501859,0.03417,17542.360397999997,754.0294197686411,109.31283149999999,63.787844171322156,26.7751343387656,10.386815689201649,17,62,,False,True,,2451,92.534174553102
3,2026-09-22T23:18:32.453+00:00,2026-09-22T23:19:04.150+00:00,2026-09-22T23:19:31.642+00:00,True,431,431.0,,431.0,31697.359548999997,59189.448124999995,59189.448084999996,137.3305059976798,0.01678,31697.359548999997,1523.9611546861274,109.57260249999999,63.93508971162791,26.662604496023626,7.281703304443506,17,62,,False,True,,1656,92.534174553102
4,2026-09-22T23:18:37.002+00:00,2026-09-22T23:19:16.600+00:00,2026-09-22T23:19:47.872+00:00,True,485,485.0,,485.0,39598.16265,70869.35881,70869.358808,146.12238929484536,3.773331,39598.16265,1795.3263243772724,110.21050200000002,64.6099094214876,26.836100598224863,6.843578214109145,17,62,,False,True,,2195,92.534174553102
5,2026-09-22T23:18:41.769+00:00,2026-09-22T23:19:32.979+00:00,2026-09-22T23:20:03.522+00:00,True,466,466.0,,466.0,51210.560979,81753.596115,81753.59615,175.43690160944206,0.01627,51210.560979,2369.4467743416817,113.00181199999999,65.68394652903226,31.284715706417288,5.700055069681506,17,62,,False,True,,2855,92.534174553102
6,2026-09-22T23:18:46.077+00:00,2026-09-22T23:19:49.047+00:00,2026-09-22T23:20:17.526+00:00,True,441,441.0,,441.0,62969.223794,91448.880498,91448.880581,207.36707614739228,0.0,62969.223794,2995.61522670718,112.402541,64.7264925090909,31.28280514154372,4.822366305617539,17,62,,False,True,,1941,92.534174553102
7,2026-09-22T23:18:51.201+00:00,2026-09-22T23:20:07.951+00:00,2026-09-22T23:20:30.437+00:00,True,349,349.0,,349.0,76749.994244,99235.553284,99235.553198,284.34255930659026,43.402654000000005,76749.994244,4104.955093182908,111.45020500000001,64.61367540229885,25.79001988234037,3.516884709668568,17,62,,False,True,,1134,92.534174553102
8,2026-09-22T23:18:54.654+00:00,2026-09-22T23:20:20.505+00:00,2026-09-22T23:20:57.592+00:00,True,583,583.0,,583.0,85851.121962,122938.21649,122938.21668700001,210.87172673584905,42.718046,85851.121962,3553.034342370539,107.22013610000002,63.72353011683848,24.353936867475177,4.742219438716375,17,62,,False,True,,1405,92.534174553102
9,2026-09-22T23:18:59.698+00:00,2026-09-22T23:20:36.811+00:00,2026-09-22T23:20:57.281+00:00,True,326,326.0,,326.0,97112.748307,117582.44021100001,117582.440182,360.6823318466258,42.131116,97112.748307,5375.143056650071,106.88289074999999,62.98366739692308,24.069393861649285,2.7725228309175898,17,62,,True,True,,1536,92.534174553102
10,2026-09-22T23:19:04.835+00:00,2026-09-22T23:20:55.090+00:00,2026-09-22T23:21:26.393+00:00,True,502,502.0,,502.0,110254.93775900001,141557.71791900002,141557.717818,281.9874856932271,0.01662,110254.93775900001,4918.235335990049,105.70087605,62.480599121756484,32.212948236602685,3.54625666039097,17,62,,True,True,,1999,92.534174553102
11,2026-09-22T23:19:08.826+00:00,2026-09-22T23:21:09.137+00:00,2026-09-22T23:21:40.755+00:00,True,492,492.0,,492.0,120311.16203,151929.108654,151929.108805,308.7990016361789,38.595465,120311.16203,5421.202143637837,110.32411805,64.39500330753565,25.36498094072479,3.2383524418646457,17,62,,True,True,,2418,92.534174553102
12,2026-09-22T23:19:12.467+00:00,2026-09-22T23:21:21.588+00:00,2026-09-22T23:21:58.443+00:00,True,571,571.0,,571.0,129120.857113,165975.433753,165975.43357300002,290.6750150140105,42.73469600000001,129120.857113,5400.896697746718,110.9736495,64.657152,26.072351213896873,3.4402681595021236,17,62,,True,True,,2227,92.534174553102
13,2026-09-22T23:19:17.664+00:00,2026-09-22T23:21:39.164+00:00,2026-09-22T23:22:00.081+00:00,True,327,327.0,,327.0,141500.04440400001,162416.6821,162416.68198700002,496.6871008776759,43.319155,141500.04440400001,7821.465540139022,109.733576,64.16146532515337,26.078243642121397,2.0133399831346512,17,62,,True,True,,1505,92.534174553102
14,2026-09-22T23:19:23.239+00:00,2026-09-22T23:21:58.959+00:00,2026-09-22T23:22:26.911+00:00,True,441,441.0,,441.0,155720.061259,183672.245323,183672.245169,416.49035185714285,0.01742,155720.061259,7412.307758339182,110.452326,63.52769105454546,36.9471563154711,2.4010160012171236,17,62,,True,True,,1300,92.534174553102
15,2026-09-22T23:19:28.180+00:00,2026-09-22T23:22:16.708+00:00,2026-09-22T23:22:36.757+00:00,True,312,312.0,,312.0,168528.306001,188577.70452899998,188577.70459399998,604.415719852564,43.904174,168528.306001,9537.421280625418,112.44577950000001,64.46751938263665,25.69846187882827,1.6544903904693558,17,62,,True,True,,1124,92.534174553102
16,2026-09-22T23:19:33.563+00:00,2026-09-22T23:22:35.677+00:00,2026-09-22T23:23:08.849+00:00,True,512,512.0,,512.0,182114.372199,215285.866343,215285.866212,420.4802074453125,41.356938,182114.372199,8045.569952935016,112.17940504999999,64.91486133855186,26.81270252612484,2.3782332240253337,17,62,,True,True,,2619,92.534174553102
17,2026-09-22T23:19:38.656+00:00,2026-09-22T23:22:54.062+00:00,2026-09-22T23:23:18.347+00:00,True,374,374.0,,374.0,195405.815999,219691.085759,219691.08584400002,587.4093204385027,42.934415,195405.815999,10100.86286322409,111.15445800000002,65.1079618230563,26.745904804434833,1.7023904211128351,17,62,,True,True,,1695,92.534174553102
18,2026-09-22T23:19:43.886+00:00,2026-09-22T23:23:11.148+00:00,2026-09-22T23:23:48.934+00:00,True,589,589.0,,589.0,207261.70840200002,245047.53880200002,245047.53892100003,416.03996421222416,0.015359999999999999,207261.70840200002,8537.507115137973,109.5839776,64.26161632653061,38.141067831854706,2.4036152449419856,17,62,,True,True,,2914,92.534174553102
19,2026-09-22T23:19:47.966+00:00,2026-09-22T23:23:25.776+00:00,2026-09-22T23:23:47.943+00:00,True,345,345.0,,345.0,217809.96240599998,239977.00522199998,239977.005273,695.5855225304347,0.0159,217809.96240599998,11723.108949836387,110.2774984,64.43907795348838,44.45623336350398,1.4376377423363729,17,62,,True,True,,1504,92.534174553102
20,2026-09-22T23:19:52.388+00:00,2026-09-22T23:23:42.600+00:00,2026-09-22T23:24:04.468+00:00,True,343,343.0,,343.0,230212.416405,252080.598165,252080.598072,734.9288573527697,0.01594,230212.416405,12426.945737966616,110.80701509999999,63.94205192982456,48.96675808956986,1.3606759207048869,17,62,,True,True,,762,92.534174553102
21,2026-09-22T23:19:57.863+00:00,2026-09-22T23:24:03.175+00:00,2026-09-22T23:24:23.800+00:00,True,324,324.0,,324.0,245312.11726199999,265937.013262,265937.013486,820.7932515,41.242929,245312.11726199999,13624.925493614308,108.59433115,63.854167182662536,24.516133107699595,1.2183336047351807,17,62,,True,True,,782,92.534174553102
22,2026-09-22T23:20:01.895+00:00,2026-09-22T23:24:15.850+00:00,2026-09-22T23:24:46.238+00:00,True,484,484.0,,484.0,253955.131658,284342.689034,284342.689096,587.4848948264463,42.844555,253955.131658,11540.581708778678,109.66821100000001,62.914197465838505,24.696250642726177,1.7021714243622639,17,62,,True,True,,2000,92.534174553102
23,2026-09-22T23:20:06.269+00:00,2026-09-22T23:24:33.329+00:00,2026-09-22T23:25:06.236+00:00,True,524,524.0,,524.0,267059.417795,299966.922435,299966.922219,572.4559584332061,38.88448399999999,267059.417795,11663.823428185053,107.178554,62.92065896749522,25.257658029819318,1.7468592728371437,17,62,,True,True,,2435,92.534174553102
24,2026-09-22T23:20:09.918+00:00,2026-09-22T23:24:46.391+00:00,2026-09-22T23:25:09.925+00:00,False,375,374.0,,374.0,276473.602511,300007.673039,300007.673019,800.020461384,0.03626,276473.602511,14273.80857073138,106.9585777,62.92532226737968,25.421871495305762,1.2466347817423364,17,62,,True,False,Request timeout: 300.0s exceeded,1864,92.534174553102
25,2026-09-22T23:20:13.908+00:00,2026-09-22T23:24:59.106+00:00,2026-09-22T23:25:13.952+00:00,False,264,263.0,,263.0,285197.56286400004,300043.528432,300043.52844,1136.528516818182,0.04759,285197.56286400004,17549.23614951814,101.12831185,56.44853828136882,21.968946037954982,0.8765394853687193,17,62,,True,False,Request timeout: 300.0s exceeded,654,92.534174553102
0,2026-09-22T23:18:17.244+00:00,2026-09-22T23:18:17.622+00:00,2026-09-22T23:18:45.038+00:00,True,490,490.0,,490.0,378.310633,27793.756649000003,27793.756569,56.72195218163265,34.170215,378.310633,25.889515513467625,110.44623645,56.0643067811861,21.430871861966487,17.629858611345,18,62,,False,True,,1890,92.534174553102
1,2026-09-22T23:18:20.443+00:00,2026-09-22T23:18:20.588+00:00,2026-09-22T23:18:54.952+00:00,True,564,564.0,,564.0,145.442767,34509.379791,34509.379804,61.18684362411348,0.02637,196.478985,24.12684746103937,111.22009165,61.0371883197158,23.88485225620438,16.34338268076004,18,62,,False,True,,1395,92.534174553102
2,2026-09-22T23:18:24.791+00:00,2026-09-22T23:18:38.859+00:00,2026-09-22T23:19:06.544+00:00,True,433,433.0,,433.0,14067.919027,41752.477363,41752.477265,96.42604449191685,7.902973,14067.919027,673.4682210762311,109.87941699999999,64.08462577777777,25.633780797749285,10.37064211149573,18,62,,False,True,,2210,92.534174553102
3,2026-09-22T23:18:29.679+00:00,2026-09-22T23:18:51.109+00:00,2026-09-22T23:19:25.407+00:00,True,545,545.0,,545.0,21429.337697,55727.156321,55727.156139,102.25166264036697,0.01768,21429.337697,915.6045992804126,108.92701780000002,63.04746070588236,26.16633783300365,9.779792043589785,18,62,,False,True,,2598,92.534174553102
4,2026-09-22T23:18:33.060+00:00,2026-09-22T23:19:06.179+00:00,2026-09-22T23:19:26.578+00:00,True,314,314.0,,314.0,33119.435333,53518.192965,53518.192847,170.44010460828025,0.01641,33119.435333,1865.5717155947018,108.8954553,65.1717496230032,28.149471439605364,5.8671637176791585,18,62,,False,True,,1139,92.534174553102
5,2026-09-22T23:18:37.265+00:00,2026-09-22T23:19:17.313+00:00,2026-09-22T23:19:37.239+00:00,True,313,313.0,,313.0,40047.291307,59973.623211,59973.623124,191.6090195654952,10.451317,40047.291307,2260.1437930458883,109.189294,63.86644841025641,25.81851203191461,5.2189609905474486,18,62,,False,True,,1521,92.534174553102
6,2026-09-22T23:18:40.363+00:00,2026-09-22T23:19:28.875+00:00,2026-09-22T23:19:54.537+00:00,True,393,393.0,,393.0,48511.829753,74174.572537,74174.572415,188.73937001272265,7.2396139999999995,48511.829753,2443.957056319522,112.506587,65.46618057142858,28.11298166279899,5.298311625644522,18,62,,False,True,,1966,92.534174553102
7,2026-09-22T23:18:44.597+00:00,2026-09-22T23:19:44.907+00:00,2026-09-22T23:20:20.870+00:00,True,550,550.0,,550.0,60310.41153,96272.974858,96272.974915,175.04177257272727,0.0,60310.41153,2569.0418894270533,112.01214145000002,65.50557983242258,31.311208737043223,5.71292204080361,18,62,,False,True,,2617,92.534174553102
8,2026-09-22T23:18:49.036+00:00,2026-09-22T23:19:59.611+00:00,2026-09-22T23:20:22.916+00:00,True,359,359.0,,359.0,70574.57915199999,93879.77979199999,93879.77962199999,261.5035644066852,0.0,70574.57915199999,3721.457046338791,112.56166370000001,65.09832581005587,28.519836065001197,3.8240396472531173,18,62,,False,True,,1707,92.534174553102
9,2026-09-22T23:18:52.131+00:00,2026-09-22T23:20:11.614+00:00,2026-09-22T23:20:48.688+00:00,True,577,577.0,,577.0,79482.898065,116557.580177,116557.580119,202.00620471230502,39.837122,79482.898065,3306.3306162243425,108.604463,64.36576755555555,24.934143553717544,4.950342990338246,18,62,,False,True,,3129,92.534174553102
10,2026-09-22T23:18:56.290+00:00,2026-09-22T23:20:25.014+00:00,2026-09-22T23:21:01.929+00:00,True,585,585.0,,585.0,88724.588782,125639.600622,125639.600609,214.76854804957267,0.01731,88724.588782,3665.8323006081123,107.00444499999999,63.21063671232877,31.541553184682634,4.656175259264268,18,62,,True,True,,2469,92.534174553102
11,2026-09-22T23:18:59.662+00:00,2026-09-22T23:20:36.703+00:00,2026-09-22T23:21:01.670+00:00,True,399,399.0,,399.0,97040.652087,122007.733559,122007.73363799999,305.7837935789474,0.01729,97040.652087,4855.090918620828,106.18616989999998,62.731360482412065,34.51449819836529,3.270284500507119,18,62,,True,True,,1284,92.534174553102
12,2026-09-22T23:19:04.228+00:00,2026-09-22T23:20:52.984+00:00,2026-09-22T23:21:29.331+00:00,True,582,582.0,,582.0,108755.867997,145103.142493,145103.142463,249.3181141975945,0.01808,108755.867997,4505.590837223496,106.53118299999998,62.55985283304647,31.260476606394324,4.010940011365203,18,62,,True,True,,2758,92.534174553102
13,2026-09-22T23:19:07.695+00:00,2026-09-22T23:21:03.926+00:00,2026-09-22T23:21:41.618+00:00,True,588,588.0,,588.0,116231.68742900001,153923.38406900002,153923.38401,261.77446260204084,40.49386,116231.68742900001,4790.732618700207,109.4275385,64.21072681431005,25.286894665165917,3.8200823322362396,18,62,,True,True,,2330,92.534174553102
14,2026-09-22T23:19:11.614+00:00,2026-09-22T23:21:17.983+00:00,2026-09-22T23:21:55.154+00:00,True,584,584.0,,584.0,126369.270952,163540.640168,163540.640282,280.03534294863016,42.460156000000005,126369.270952,5226.622433053451,111.66166,63.758780816466555,25.715096385141923,3.5709778278969417,18,62,,True,True,,2113,92.534174553102
15,2026-09-22T23:19:15.838+00:00,2026-09-22T23:21:32.940+00:00,2026-09-22T23:21:55.676+00:00,True,353,353.0,,353.0,137102.670638,159838.34449400002,159838.344645,452.79984318696887,44.214892,137102.670638,7293.847465070209,111.44887299999999,64.58998254545455,26.050658785768327,2.2084813322953982,18,62,,True,True,,1662,92.534174553102
16,2026-09-22T23:19:20.662+00:00,2026-09-22T23:21:51.564+00:00,2026-09-22T23:22:17.234+00:00,True,404,404.0,,404.0,150901.540464,176571.697264,176571.697188,437.05865640594055,0.016640000000000002,150901.540464,7504.551608821685,109.60046764999998,63.69765955334987,36.479730751972504,2.2880224082343283,18,62,,True,True,,2060,92.534174553102
17,2026-09-22T23:19:25.017+00:00,2026-09-22T23:22:04.687+00:00,2026-09-22T23:22:35.463+00:00,True,487,487.0,,487.0,159669.944296,190445.516264,190445.51636,391.0585551540041,0.01742,159669.944296,7232.555039490805,111.427374,63.3242221563786,35.859514220328016,2.5571618043499083,18,62,,True,True,,2216,92.534174553102
18,2026-09-22T23:19:27.804+00:00,2026-09-22T23:22:15.598+00:00,2026-09-22T23:22:46.297+00:00,True,475,475.0,,475.0,167794.202134,198492.81051799998,198492.81036899998,417.8796007768421,43.390054,167794.202134,7695.996067543516,110.91199369999998,64.7649965907173,25.356854057406352,2.3930337766915013,18,62,,True,True,,1904,92.534174553102
19,2026-09-22T23:19:30.943+00:00,2026-09-22T23:22:26.910+00:00,2026-09-22T23:22:52.917+00:00,True,401,401.0,,401.0,175966.63957300002,201973.65038900002,201973.65024200003,503.6749382593517,41.507418,175966.63957300002,8784.146306137318,110.221356,65.01752704,26.03461837557412,1.9854074985904173,18,62,,True,True,,1913,92.534174553102
20,2026-09-22T23:19:33.716+00:00,2026-09-22T23:22:36.140+00:00,2026-09-22T23:23:01.743+00:00,True,400,400.0,,400.0,182423.740513,208026.882401,208026.882467,520.0672061675,38.960034,182423.740513,9118.013872234853,110.23440250000002,64.1682754085213,25.389431033951638,1.9228284122863784,18,62,,True,True,,955,92.534174553102
21,2026-09-22T23:19:37.917+00:00,2026-09-22T23:22:50.975+00:00,2026-09-22T23:23:12.872+00:00,True,335,335.0,,335.0,193057.61553799998,214954.822322,214954.82236499997,641.6561861641791,42.980165,193057.61553799998,10544.316209871242,111.94239470000001,65.56049935329341,26.758293602724322,1.5584670135856438,18,62,,True,True,,1547,92.534174553102
22,2026-09-22T23:19:41.175+00:00,2026-09-22T23:23:03.099+00:00,2026-09-22T23:23:29.339+00:00,True,406,406.0,,406.0,201924.558294,228164.65198999998,228164.65189799998,561.9819012266009,37.623337,201924.558294,10018.168338003776,110.55092450000001,64.79035480493827,26.9892421510917,1.779416734621076,18,62,,True,True,,1422,92.534174553102
23,2026-09-22T23:19:45.588+00:00,2026-09-22T23:23:17.841+00:00,2026-09-22T23:23:51.740+00:00,True,526,526.0,,526.0,212253.066176,246152.235456,246152.235406,467.97002928897336,0.016829999999999998,212253.066176,9251.942816098684,110.54866275,64.56984624761905,39.63060762137347,2.1368889826475823,18,62,,True,True,,2526,92.534174553102
24,2026-09-22T23:19:50.473+00:00,2026-09-22T23:23:37.345+00:00,2026-09-22T23:24:02.792+00:00,True,392,392.0,,392.0,226872.950967,252319.302583,252319.30247300002,643.6716899821429,0.01583,226872.950967,11455.606415458642,110.78879805000001,65.08018316112532,42.60527303232337,1.5535870462033012,18,62,,True,True,,1667,92.534174553102
25,2026-09-22T23:19:54.643+00:00,2026-09-22T23:23:50.251+00:00,2026-09-22T23:24:15.586+00:00,True,393,393.0,,393.0,235607.946484,260942.896884,260942.896832,663.9768367226462,43.675573,235607.946484,11881.615743927068,109.6005516,64.62997551020409,25.433762193758128,1.506076634746279,18,62,,True,True,,1819,92.534174553102
26,2026-09-22T23:19:58.395+00:00,2026-09-22T23:24:05.316+00:00,2026-09-22T23:24:42.313+00:00,True,579,579.0,,579.0,246921.75182,283918.059788,283918.059684,490.35934315025906,38.933174,246921.75182,10259.088494651414,110.73263499999999,64.0074532318339,25.138379165070546,2.03932078301865,18,62,,True,True,,2457,92.534174553102
27,2026-09-22T23:20:02.090+00:00,2026-09-22T23:24:15.945+00:00,2026-09-22T23:24:41.197+00:00,True,402,402.0,,402.0,253855.23608899998,279107.008249,279107.008272,694.2960404776119,42.316396,253855.23608899998,12658.031504651706,110.30833804999999,62.97200039900249,24.60878828594417,1.4403077963608975,18,62,,True,True,,1532,92.534174553102
28,2026-09-22T23:20:05.232+00:00,2026-09-22T23:24:29.389+00:00,2026-09-22T23:24:50.373+00:00,True,332,332.0,,332.0,264157.329616,285141.49192,285141.491917,858.8599154126506,41.819817,264157.329616,14494.059665039538,110.47525255000001,63.39626073716013,25.339826138636795,1.1643342319789318,18,62,,True,True,,822,92.534174553102
29,2026-09-22T23:20:09.018+00:00,2026-09-22T23:24:42.934+00:00,2026-09-22T23:25:09.051+00:00,False,417,416.0,,416.0,273915.76917000004,300033.04225800006,300033.042062,719.5036979904078,0.02463,273915.76917000004,13410.66238248399,106.70366399999999,62.78190646153846,25.34839921819894,1.3865139548272796,18,62,,True,False,Request timeout: 300.0s exceeded,1035,92.534174553102
30,2026-09-22T23:20:12.142+00:00,2026-09-22T23:24:54.281+00:00,2026-09-22T23:25:12.155+00:00,False,300,299.0,,299.0,282138.572873,300012.916297,300012.916177,1000.0430539233333,0.02401,282138.572873,16285.843221420722,103.01104955000001,59.78041278929766,23.25341433668212,0.9966237577051608,18,62,,True,False,Request timeout: 300.0s exceeded,1644,92.534174553102
31,2026-09-22T23:20:15.976+00:00,2026-09-22T23:25:06.933+00:00,2026-09-22T23:25:16.127+00:00,False,191,190.0,,190.0,290956.46672,300150.82524800004,300150.82531100005,1571.4702895863875,0.0175,290956.46672,21049.388966593488,102.857348,48.39136067368421,28.64354987735975,0.6330150844763203,18,62,,True,False,Request timeout: 300.0s exceeded,980,92.534174553102
0,2026-09-22T23:18:17.246+00:00,2026-09-22T23:18:17.622+00:00,2026-09-22T23:18:33.332+00:00,True,319,319.0,,319.0,376.664527,16086.659535,16086.659544,50.42839982445141,2.564734,376.664527,23.54604683695159,75.4053737,49.40250002515724,14.811079708635258,19.830095819828017,19,62,,False,True,,1341,92.534174553102
1,2026-09-22T23:18:20.986+00:00,2026-09-22T23:18:21.112+00:00,2026-09-22T23:18:39.235+00:00,True,322,322.0,,322.0,125.31344299999999,18249.155235,18249.155303,56.674395350931675,0.054869999999999995,205.072936,20.91877831758233,111.21730064999998,56.46056633021807,20.595975267723016,17.644652360808305,19,62,,False,True,,792,92.534174553102
2,2026-09-22T23:18:26.257+00:00,2026-09-22T23:18:42.448+00:00,2026-09-22T23:19:18.530+00:00,True,566,566.0,,566.0,16190.764288,52273.528831999996,52273.5289,92.35605812720848,0.02097,16190.764288,678.3805207627207,109.16397825,63.863300077876104,26.485588286608962,10.827660053696526,19,62,,False,True,,2340,92.534174553102
3,2026-09-22T23:18:32.418+00:00,2026-09-22T23:19:03.888+00:00,2026-09-22T23:19:34.095+00:00,True,467,467.0,,467.0,31469.764703,61676.777567,61676.77754,132.07018745182012,0.017169,31469.764703,1453.506330126972,109.81474659999999,64.82191601716738,27.461811462783285,7.571731507741208,19,62,,False,True,,2252,92.534174553102
4,2026-09-22T23:18:36.382+00:00,2026-09-22T23:19:14.485+00:00,2026-09-22T23:19:51.317+00:00,True,565,565.0,,565.0,38102.986238,74935.00722999999,74935.00739,132.6283316637168,0.05007,38102.986238,1600.4952854520525,110.74869500000001,65.30500175886525,27.62535056886864,7.539867158027098,19,62,,False,True,,1067,92.534174553102
5,2026-09-22T23:18:40.397+00:00,2026-09-22T23:19:29.291+00:00,2026-09-22T23:20:01.515+00:00,True,494,494.0,,494.0,48893.302038999995,81117.92360699999,81117.92354799999,164.20632297165992,0.015969,48893.302038999995,2197.0926418386894,111.82966349999998,65.36434395131846,31.11336543484829,6.089899470224737,19,62,,False,True,,1040,92.534174553102
6,2026-09-22T23:18:44.851+00:00,2026-09-22T23:19:45.793+00:00,2026-09-22T23:20:09.289+00:00,True,355,355.0,,355.0,60941.472102,84437.462118,84437.462199,237.8520061943662,0.0,60941.472102,3231.0886810599827,111.06969700000002,66.37285315254238,33.56785984549042,4.204295002423133,19,62,,False,True,,1680,92.534174553102
7,2026-09-22T23:18:49.265+00:00,2026-09-22T23:20:00.706+00:00,2026-09-22T23:20:32.935+00:00,True,496,496.0,,496.0,71441.378654,103669.888606,103669.888544,209.01187206451613,0.0,71441.378654,3205.0055259948995,110.07051674999998,65.10810091313131,27.33896791647018,4.784417217665396,19,62,,False,True,,2769,92.534174553102
8,2026-09-22T23:18:54.627+00:00,2026-09-22T23:20:20.399+00:00,2026-09-22T23:20:52.989+00:00,True,512,512.0,,512.0,85772.035066,118362.308346,118362.308345,231.17638348632812,43.358014000000004,85772.035066,3787.884593631454,107.01215250000001,63.77744281800391,24.481315128217965,4.325701375334007,19,62,,False,True,,1805,92.534174553102
9,2026-09-22T23:18:58.795+00:00,2026-09-22T23:20:33.652+00:00,2026-09-22T23:21:03.926+00:00,True,483,483.0,,483.0,94856.90884,125130.545448,125130.545486,259.0694523519669,0.01936,94856.90884,4313.381266534493,106.066397,62.80837470539419,29.452426018576265,3.8599687891612233,19,62,,True,True,,1786,92.534174553102
10,2026-09-22T23:19:04.216+00:00,2026-09-22T23:20:52.725+00:00,2026-09-22T23:21:26.763+00:00,True,546,546.0,,546.0,108509.10430400001,142546.3244,142546.32430100002,261.07385403113557,0.01715,108509.10430400001,4641.196660514294,106.30252750000001,62.45361485504587,31.758075424643494,3.830333769027018,19,62,,True,True,,2202,92.534174553102
11,2026-09-22T23:19:08.495+00:00,2026-09-22T23:21:07.820+00:00,2026-09-22T23:21:34.123+00:00,True,414,414.0,,414.0,119324.99918500001,145627.868689,145627.868782,351.7581371545894,42.923915,119324.99918500001,5861.427295667822,109.350324,63.68733536077482,25.095156428096097,2.8428624529562416,19,62,,True,True,,1234,92.534174553102
12,2026-09-22T23:19:12.798+00:00,2026-09-22T23:21:22.409+00:00,2026-09-22T23:21:45.923+00:00,True,363,363.0,,363.0,129610.787869,153125.562397,153125.562425,421.83350530303034,43.078974,129610.787869,6799.443752763836,111.218235,64.95794068508287,26.383323812622887,2.370603538153025,19,62,,True,True,,2338,92.534174553102
13,2026-09-22T23:19:16.269+00:00,2026-09-22T23:21:34.223+00:00,2026-09-22T23:21:56.407+00:00,True,344,344.0,,344.0,137954.713102,160138.129678,160138.129702,465.5178189011628,42.589776,137954.713102,7434.580054960595,111.87983264999998,64.67468389504373,26.596616435875944,2.14814548347544,19,62,,True,True,,1841,92.534174553102
14,2026-09-22T23:19:19.643+00:00,2026-09-22T23:21:48.274+00:00,2026-09-22T23:22:18.433+00:00,True,469,469.0,,469.0,148630.70465200001,178789.81172400003,178789.811718,381.21495035820897,0.01626,148630.70465200001,6860.254425370983,110.97081839999998,64.44253647863248,37.42058701179037,2.623191978768907,19,62,,True,True,,2305,92.534174553102
15,2026-09-22T23:19:25.110+00:00,2026-09-22T23:22:04.938+00:00,2026-09-22T23:22:31.779+00:00,True,426,426.0,,426.0,159828.241467,186669.23039500002,186669.230297,438.1906814483568,0.01581,159828.241467,7740.731892796715,111.33618575,63.15526806588235,36.99015837461714,2.2821115140324193,19,62,,True,True,,2343,92.534174553102
16,2026-09-22T23:19:29.526+00:00,2026-09-22T23:22:20.807+00:00,2026-09-22T23:22:46.872+00:00,True,402,402.0,,402.0,171281.036757,197345.477589,197345.477807,490.90914877363184,42.777226,171281.036757,8539.517478171389,110.04152760000001,64.99860556608479,25.389884333782653,2.0370367991772387,19,62,,True,True,,2063,92.534174553102
17,2026-09-22T23:19:35.552+00:00,2026-09-22T23:22:41.151+00:00,2026-09-22T23:23:16.512+00:00,True,547,547.0,,547.0,185598.484407,220959.825079,220959.825037,403.9484918409507,37.975896,185598.484407,7932.894416727847,111.26312399999999,64.76436020512821,26.859086596005525,2.4755631473025943,19,62,,True,True,,2762,92.534174553102
18,2026-09-22T23:19:40.825+00:00,2026-09-22T23:23:00.905+00:00,2026-09-22T23:23:33.116+00:00,True,498,498.0,,498.0,200080.054706,232290.467762,232290.46764699998,466.4467221827309,41.879537,200080.054706,8962.93777529954,110.346941,64.80968421730383,26.91498693592403,2.1438675671799006,19,62,,True,True,,1597,92.534174553102
19,2026-09-22T23:19:45.457+00:00,2026-09-22T23:23:16.869+00:00,2026-09-22T23:23:36.312+00:00,True,309,309.0,,309.0,211412.245038,230855.29450999998,230855.294543,747.1045130841424,40.79515,211412.245038,12023.258033729444,110.855135,63.126784,25.41491907158469,1.338500815655389,19,62,,True,True,,1421,92.534174553102
20,2026-09-22T23:19:49.324+00:00,2026-09-22T23:23:33.012+00:00,2026-09-22T23:24:02.276+00:00,True,453,453.0,,453.0,223687.785927,252951.920839,252951.920743,558.392761022075,0.01626,223687.785927,10506.818534278882,109.91843099999998,64.74366130973452,43.891191217337756,1.7908541611286184,19,62,,True,True,,2440,92.534174553102
21,2026-09-22T23:19:54.106+00:00,2026-09-22T23:23:48.885+00:00,2026-09-22T23:24:23.960+00:00,True,549,549.0,,549.0,234779.179218,269853.487314,269853.48736800003,491.536406863388,43.542314,234779.179218,10017.43158928462,109.8284354,64.0042118540146,25.354875697188856,2.0344372995305657,19,62,,True,True,,1156,92.534174553102
22,2026-09-22T23:19:58.633+00:00,2026-09-22T23:24:05.935+00:00,2026-09-22T23:24:39.725+00:00,True,528,528.0,,528.0,247301.622058,281092.048682,281092.048717,532.3713043882576,42.472515,247301.622058,10759.66010767557,109.60268185000001,64.11845659203036,24.933628595234403,1.8783882449742553,19,62,,True,True,,2498,92.534174553102
23,2026-09-22T23:20:02.450+00:00,2026-09-22T23:24:17.204+00:00,2026-09-22T23:24:53.773+00:00,True,581,581.0,,581.0,254753.668058,291323.39145,291323.391414,501.4171969259897,41.877947,254753.668058,10566.377287059222,109.42161700000001,63.05124722758621,25.21776331901218,1.9943472342134854,19,62,,True,True,,2204,92.534174553102
24,2026-09-22T23:20:07.063+00:00,2026-09-22T23:24:34.975+00:00,2026-09-22T23:24:58.349+00:00,True,373,373.0,,373.0,267911.883618,291285.961826,291285.961839,780.9275116327078,38.303696,267911.883618,13868.720831005032,106.841198,62.83354356989248,25.139344851771853,1.2805285831893676,19,62,,True,True,,1380,92.534174553102
25,2026-09-22T23:20:11.178+00:00,2026-09-22T23:24:51.150+00:00,2026-09-22T23:25:11.200+00:00,False,324,323.0,,323.0,279972.981576,300022.835784,300022.835655,925.9964063425925,0.03866,279972.981576,15550.62589999349,104.89890035,62.0738520371517,24.926176104955417,1.0765847178130878,19,62,,True,False,Request timeout: 300.0s exceeded,486,92.534174553102
26,2026-09-22T23:20:14.992+00:00,2026-09-22T23:25:04.142+00:00,2026-09-22T23:25:15.030+00:00,False,210,209.0,,209.0,289150.00309899997,300037.59810699994,300037.59809299995,1428.7504671095237,0.02198,289150.00309899997,19949.663377759683,102.23082640000001,52.09375601913875,22.22996134972757,0.6965793664481544,19,62,,True,False,Request timeout: 300.0s exceeded,828,92.534174553102
0,2026-09-22T23:18:17.246+00:00,2026-09-22T23:18:17.620+00:00,2026-09-22T23:18:47.134+00:00,True,523,523.0,,523.0,374.056852,29887.5053,29887.505545,57.14628211281071,0.041530000000000004,374.056852,26.336962616202637,109.4238311,56.53917327203065,22.401552853987276,17.498951309261667,20,62,,False,True,,2486,92.534174553102
1,2026-09-22T23:18:22.028+00:00,2026-09-22T23:18:22.211+00:00,2026-09-22T23:18:57.247+00:00,True,578,578.0,,578.0,182.623346,35219.182706,35219.182735,60.93284210207612,38.667674,182.623346,23.644744192471183,110.347668,60.72193996533795,23.114719154397854,16.411510875337008,20,62,,False,True,,771,92.534174553102
2,2026-09-22T23:18:26.345+00:00,2026-09-22T23:18:42.753+00:00,2026-09-22T23:19:03.735+00:00,True,340,340.0,,340.0,16407.743519,37389.534495,37389.53463,109.9692195,1.883056,16407.743519,886.80228354361,106.658543,61.89318871976401,24.008184834406705,9.093453678741769,20,62,,False,True,,1386,92.534174553102
3,2026-09-22T23:18:29.151+00:00,2026-09-22T23:18:50.116+00:00,2026-09-22T23:19:24.790+00:00,True,551,551.0,,551.0,20965.015194,55639.048858,55639.048792,100.97830996733212,0.01703,20965.015194,890.8362022461375,109.085609,63.04369757090909,26.118769188696444,9.903116809315748,20,62,,False,True,,2033,92.534174553102
4,2026-09-22T23:18:33.759+00:00,2026-09-22T23:19:08.293+00:00,2026-09-22T23:19:34.713+00:00,True,405,405.0,,405.0,34534.520522,60954.196937999994,60954.196871,150.50418980493828,5.821948,34534.520522,1712.9887592115274,109.7895712,65.39523865346534,26.478646251017256,6.644333291962631,20,62,,False,True,,1747,92.534174553102
5,2026-09-22T23:18:38.482+00:00,2026-09-22T23:19:21.526+00:00,2026-09-22T23:19:58.932+00:00,True,582,582.0,,582.0,43043.933826,80450.04915400001,80450.049356,138.23032535395188,0.01651,43043.933826,1781.810086992415,110.86699400000002,64.38229832702237,29.894081285187095,7.234302602922185,20,62,,False,True,,2362,92.534174553102
6,2026-09-22T23:18:42.938+00:00,2026-09-22T23:19:38.055+00:00,2026-09-22T23:20:10.680+00:00,True,502,502.0,,502.0,55117.555033,87742.170713,87742.170676,174.78520054980078,0.0,55117.555033,2457.3122546717477,110.44758599999999,65.11899337325349,31.522050867674086,5.721308191040948,20,62,,False,True,,929,92.534174553102
7,2026-09-22T23:18:47.641+00:00,2026-09-22T23:19:55.556+00:00,2026-09-22T23:20:33.754+00:00,True,588,588.0,,588.0,67915.005769,106113.02048899999,106113.02045699999,180.46432050510202,0.0,67915.005769,2798.2446322081787,109.69498635,65.0732789097104,30.00281919421884,5.541261546324129,20,62,,False,True,,1594,92.534174553102
8,2026-09-22T23:18:52.141+00:00,2026-09-22T23:20:11.712+00:00,2026-09-22T23:20:48.542+00:00,True,574,574.0,,574.0,79571.141201,116400.66593700001,116400.66592700001,202.78861659756097,37.300317,79571.141201,3318.6470843641223,109.93089400000001,64.27491227923211,25.07984108333168,4.931243265486714,20,62,,False,True,,2397,92.534174553102
9,2026-09-22T23:18:55.442+00:00,2026-09-22T23:20:22.249+00:00,2026-09-22T23:20:56.979+00:00,True,548,548.0,,548.0,86807.466225,121536.92849699999,121536.928479,221.78271620255472,42.598735,86807.466225,3705.5990937806264,107.69313399999999,63.49079025959781,24.388374886664003,4.508917633322672,20,62,,True,True,,2430,92.534174553102
10,2026-09-22T23:18:59.306+00:00,2026-09-22T23:20:35.124+00:00,2026-09-22T23:20:58.898+00:00,True,379,379.0,,379.0,95817.39589399999,119592.09464599998,119592.09474299998,315.5464241240105,43.797143,95817.39589399999,4918.634247659558,105.31498189999998,62.89602844444445,23.496132504684876,3.1691057935046922,20,62,,True,True,,1676,92.534174553102
11,2026-09-22T23:19:03.529+00:00,2026-09-22T23:20:48.838+00:00,2026-09-22T23:21:15.124+00:00,True,418,418.0,,418.0,105309.196855,131595.599671,131595.59953500002,314.8220084569378,0.01719,105309.196855,5147.872316686884,107.0260182,63.0369372086331,34.35566209967444,3.1763980030110046,20,62,,True,True,,2189,92.534174553102
12,2026-09-22T23:19:08.179+00:00,2026-09-22T23:21:05.138+00:00,2026-09-22T23:21:36.244+00:00,True,491,491.0,,491.0,116959.32176,148064.388512,148064.388608,301.55679960896134,39.256693,116959.32176,5275.4945993845195,109.09057400000002,63.47972806530612,24.99639854887029,3.316124862530375,20,62,,True,True,,1911,92.534174553102
13,2026-09-22T23:19:11.915+00:00,2026-09-22T23:21:18.724+00:00,2026-09-22T23:21:56.136+00:00,True,589,589.0,,589.0,126808.78093000001,164221.76141,164221.76148400002,278.81453562648556,40.797249,126808.78093000001,5222.502779623219,110.8307444,63.62751782312925,24.995550673887088,3.586613582407562,20,62,,True,True,,2368,92.534174553102
14,2026-09-22T23:19:15.238+00:00,2026-09-22T23:21:31.531+00:00,2026-09-22T23:21:51.565+00:00,True,303,303.0,,303.0,136293.301939,156326.897331,156326.897347,515.930354280528,41.718048,136293.301939,7826.0817776242875,109.73454989999999,66.33640858278146,27.193795341619616,1.9382461059048626,20,62,,True,True,,1395,92.534174553102
15,2026-09-22T23:19:19.404+00:00,2026-09-22T23:21:46.353+00:00,2026-09-22T23:22:14.140+00:00,True,442,442.0,,442.0,146948.09672600002,174735.45007000002,174735.45014200002,395.32907271945703,40.057672,146948.09672600002,6986.655716457064,109.562345,63.00987152834467,24.99621811847763,2.529538223771606,20,62,,True,True,,1789,92.534174553102
16,2026-09-22T23:19:23.032+00:00,2026-09-22T23:21:57.933+00:00,2026-09-22T23:22:33.799+00:00,True,564,564.0,,564.0,154900.220003,190767.09667499998,190767.096865,338.23953344858154,0.01794,154900.220003,6519.883797794063,111.35304265,63.70670812078153,34.37191243939083,2.9564846864596235,20,62,,True,True,,2616,92.534174553102
17,2026-09-22T23:19:27.095+00:00,2026-09-22T23:22:12.538+00:00,2026-09-22T23:22:36.803+00:00,True,378,378.0,,378.0,165442.58388,189707.48627999998,189707.48631399998,501.8716569153439,0.01642,165442.58388,8506.226579639277,111.70500985000001,64.36313633952255,38.90966976422551,1.9925412929782247,20,62,,True,True,,1764,92.534174553102
18,2026-09-22T23:19:30.573+00:00,2026-09-22T23:22:25.274+00:00,2026-09-22T23:23:02.312+00:00,True,573,573.0,,573.0,174701.90511300002,211739.438553,211739.438471,369.52781583071555,37.982125999999994,174701.90511300002,7295.616623832112,110.369228,64.75093258741259,25.602604615838985,2.7061562263308527,20,62,,True,True,,1669,92.534174553102
19,2026-09-22T23:19:34.230+00:00,2026-09-22T23:22:38.096+00:00,2026-09-22T23:23:05.172+00:00,True,423,423.0,,423.0,183866.137481,210942.34407300001,210942.34422600002,498.68166483687946,40.163801,183866.137481,8936.794547244715,111.167011,64.16162699526066,25.63005520197031,2.0052872829251105,20,62,,True,True,,1840,92.534174553102
20,2026-09-22T23:19:38.769+00:00,2026-09-22T23:22:54.640+00:00,2026-09-22T23:23:22.885+00:00,True,436,436.0,,436.0,195870.901341,224115.361629,224115.361722,514.0260589954128,40.105832,195870.901341,9377.443489085057,111.11023975,64.92979376551725,26.78713456252607,1.9454266625495904,20,62,,True,True,,1961,92.534174553102
21,2026-09-22T23:19:43.021+00:00,2026-09-22T23:23:10.029+00:00,2026-09-22T23:23:45.022+00:00,True,544,544.0,,544.0,207008.622432,242001.134432,242001.134503,444.85502665992647,43.078034,207008.622432,8872.696804886395,109.60972915,64.44293186003684,26.096786837781053,2.247923346627364,20,62,,True,True,,2351,92.534174553102
22,2026-09-22T23:19:46.720+00:00,2026-09-22T23:23:22.633+00:00,2026-09-22T23:24:00.810+00:00,True,594,594.0,,594.0,215913.174016,254089.53984,254089.539817,427.76016804208757,0.01684,215913.174016,8856.462653174593,110.06157865000002,64.3783572074199,37.50811077807641,2.337758572722204,20,62,,True,True,,2344,92.534174553102
23,2026-09-22T23:19:49.520+00:00,2026-09-22T23:23:33.112+00:00,2026-09-22T23:23:56.003+00:00,True,352,352.0,,352.0,223591.969989,246483.566277,246483.56637000002,700.2374044602273,0.01808,223591.969989,11914.095264739728,110.2773905,65.21822304273503,43.54891916777304,1.4280870944735515,20,62,,True,True,,1927,92.534174553102
24,2026-09-22T23:19:53.488+00:00,2026-09-22T23:23:47.376+00:00,2026-09-22T23:24:10.180+00:00,True,354,354.0,,354.0,233887.751711,256691.682591,256691.68259399998,725.1177474406779,43.700143,233887.751711,12427.58852061856,110.299183,64.60037076487252,26.53119865028185,1.379086367064126,20,62,,True,True,,1626,92.534174553102
25,2026-09-22T23:19:57.081+00:00,2026-09-22T23:23:59.415+00:00,2026-09-22T23:24:35.891+00:00,True,570,570.0,,570.0,242334.069674,278809.30986599997,278809.309908,489.13914018947366,40.111442000000004,242334.069674,10147.602652328023,109.80996090000001,64.10411281546573,24.884760266245568,2.0444080589487874,20,62,,True,True,,2665,92.534174553102
26,2026-09-22T23:20:01.707+00:00,2026-09-22T23:24:14.672+00:00,2026-09-22T23:24:43.341+00:00,True,455,455.0,,455.0,252964.422871,281633.998295,281633.99827,618.9758203736263,40.54507,252964.422871,11856.220121736578,109.18284599999998,63.1488445462555,24.62869511486352,1.6155719932769137,20,62,,True,True,,1605,92.534174553102
27,2026-09-22T23:20:04.653+00:00,2026-09-22T23:24:26.544+00:00,2026-09-22T23:25:00.509+00:00,True,536,536.0,,536.0,261891.28333,295855.980674,295855.980513,551.970112897388,40.086561,261891.28333,11309.267160680509,110.03601925000001,63.48541559626168,25.539044993196036,1.8116922929153552,20,62,,True,True,,1267,92.534174553102
28,2026-09-22T23:20:07.820+00:00,2026-09-22T23:24:38.164+00:00,2026-09-22T23:25:01.257+00:00,True,369,369.0,,369.0,270343.88226499996,293436.91676099994,293436.91693999997,795.2219971273712,38.402515,270343.88226499996,14070.297291040402,108.0845388,62.75281113043478,25.86361451276088,1.2575104866595401,20,62,,True,True,,1801,92.534174553102
29,2026-09-22T23:20:11.942+00:00,2026-09-22T23:24:53.919+00:00,2026-09-22T23:25:11.977+00:00,False,301,300.0,,300.0,281976.801551,300034.649359,300034.649359,996.792855013289,0.039299999999999995,281976.801551,16249.419960576835,103.672401,60.192826026666665,23.38749177094154,0.9998845154748827,20,62,,True,False,Request timeout: 300.0s exceeded,1674,92.534174553102
30,2026-09-22T23:20:16.273+00:00,2026-09-22T23:25:07.623+00:00,2026-09-22T23:25:16.343+00:00,False,187,186.0,,186.0,291349.615851,300069.77789900004,300069.777901,1604.6512187219253,0.01771,291349.615851,21302.189006320077,102.0002194,46.88259165591398,31.67028256732339,0.6198558258759581,20,62,,True,False,Request timeout: 300.0s exceeded,733,92.534174553102
0,2026-09-22T23:18:17.248+00:00,2026-09-22T23:18:17.623+00:00,2026-09-22T23:18:49.903+00:00,True,560,560.0,,560.0,374.70637,32655.289282,32655.289069,58.313016194642856,0.044899999999999995,374.70637,26.995782220116578,109.97757499999997,57.74701773166368,23.459708101561205,17.148829862263046,21,62,,False,True,,1980,92.534174553102
1,2026-09-22T23:18:22.788+00:00,2026-09-22T23:18:23.011+00:00,2026-09-22T23:18:52.686+00:00,True,488,488.0,,488.0,222.927247,29898.206351,29898.206372,61.266816336065574,38.407785000000004,222.927247,24.481165005361866,109.98589684999999,60.934864689938394,23.381115557832686,16.322049365468974,21,62,,False,True,,1875,92.534174553102
2,2026-09-22T23:18:28.260+00:00,2026-09-22T23:18:48.411+00:00,2026-09-22T23:19:14.070+00:00,True,410,410.0,,410.0,20151.498024,45810.312743999995,45810.312656,111.73246989268293,0.01934,20151.498024,992.4716046785129,108.815342,62.73548831295843,26.700127058976918,8.949949813510054,21,62,,False,True,,1963,92.534174553102
3,2026-09-22T23:18:32.683+00:00,2026-09-22T23:19:05.087+00:00,2026-09-22T23:19:40.751+00:00,True,553,553.0,,553.0,32404.413195999998,68067.804172,68067.804206,123.08825353707051,0.037020000000000004,32404.413195999998,1375.5002684548776,109.71869099999999,64.60759234782608,27.370300203121964,8.124252085503281,21,62,,False,True,,2835,92.534174553102
4,2026-09-22T23:18:36.620+00:00,2026-09-22T23:19:15.955+00:00,2026-09-22T23:19:50.847+00:00,True,538,538.0,,538.0,39335.300692000004,74227.21288400001,74227.212776,137.96879698141265,6.585136,39335.300692000004,1693.2824175744367,110.81794865,64.97562791806331,27.22574564023293,7.248015641389766,21,62,,False,True,,2902,92.534174553102
5,2026-09-22T23:18:42.308+00:00,2026-09-22T23:19:36.144+00:00,2026-09-22T23:20:05.376+00:00,True,448,448.0,,448.0,53835.87689,83067.77193,83067.772042,185.41913402232143,0.01807,53835.87689,2540.6035026146997,111.82850699999999,65.39573834451902,30.86367431517238,5.393186666635564,21,62,,False,True,,1930,92.534174553102
6,2026-09-22T23:18:48.267+00:00,2026-09-22T23:19:57.220+00:00,2026-09-22T23:20:31.606+00:00,True,529,529.0,,529.0,68953.26853100001,103338.758707,103338.758547,195.3473696540643,0.0,68953.26853100001,2995.2650581644334,111.3915794,65.12403442424242,27.753784418139947,5.119086068179822,21,62,,False,True,,2667,92.534174553102
7,2026-09-22T23:18:53.157+00:00,2026-09-22T23:20:16.114+00:00,2026-09-22T23:20:50.307+00:00,True,536,536.0,,536.0,82956.47796799999,117149.81889599998,117149.818928,218.56309501492535,38.904724,82956.47796799999,3580.4992317479064,108.3733975,63.91278678130841,24.802177863804797,4.575337845599533,21,62,,False,True,,2189,92.534174553102
8,2026-09-22T23:18:58.675+00:00,2026-09-22T23:20:33.193+00:00,2026-09-22T23:21:08.326+00:00,True,561,561.0,,561.0,94517.75576,129651.30584,129651.30572,231.10749682709448,0.01616,94517.75576,3988.0220006612376,107.086883,62.738482285714284,31.986043532288193,4.326990741553491,21,62,,True,True,,2270,92.534174553102
9,2026-09-22T23:19:04.606+00:00,2026-09-22T23:20:53.871+00:00,2026-09-22T23:21:27.966+00:00,True,548,548.0,,548.0,109264.710171,143360.255003,143360.25503,261.60630479927005,0.016989999999999998,109264.710171,4665.001218174174,106.53746935,62.33189183180987,31.596996761070752,3.8225378434806245,21,62,,True,True,,1610,92.534174553102
10,2026-09-22T23:19:08.713+00:00,2026-09-22T23:21:08.427+00:00,2026-09-22T23:21:43.199+00:00,True,540,540.0,,540.0,119714.068832,154486.40188800002,154486.401774,286.08592921111114,42.476485999999994,119714.068832,5148.960059940792,110.067103,64.512677283859,25.487842777941196,3.4954532787389967,21,62,,True,True,,2010,92.534174553102
11,2026-09-22T23:19:12.387+00:00,2026-09-22T23:21:19.862+00:00,2026-09-22T23:21:40.799+00:00,True,328,328.0,,328.0,127475.386105,148412.19352899998,148412.193468,452.476199597561,43.732932999999996,127475.386105,7035.160979372135,110.7797635,64.02693401834863,25.35846593698335,2.2100609943205796,21,62,,True,True,,1597,92.534174553102
12,2026-09-22T23:19:17.591+00:00,2026-09-22T23:21:38.651+00:00,2026-09-22T23:22:06.947+00:00,True,433,433.0,,433.0,141060.035118,169355.19211,169355.192049,391.1205359099307,37.664857000000005,141060.035118,6775.8182924812845,110.698397,65.4980485925926,26.894775439544137,2.556756569463526,21,62,,True,True,,1938,92.534174553102
13,2026-09-22T23:19:21.654+00:00,2026-09-22T23:21:53.674+00:00,2026-09-22T23:22:31.211+00:00,True,586,586.0,,586.0,152020.14527,189557.19615,189557.19602600002,323.4764437303754,0.017079999999999998,152020.14527,6277.336282636551,111.429978,64.16589894017095,34.13164791739224,3.0914152134656376,21,62,,True,True,,2598,92.534174553102
14,2026-09-22T23:19:25.863+00:00,2026-09-22T23:22:06.495+00:00,2026-09-22T23:22:35.412+00:00,True,460,460.0,,460.0,160631.462068,189548.8181,189548.817995,412.06264781521736,0.01597,160631.462068,7486.632918211505,111.3665105,63.00077566884532,36.710287217646325,2.426815448447262,21,62,,True,True,,2521,92.534174553102
15,2026-09-22T23:19:30.828+00:00,2026-09-22T23:22:26.480+00:00,2026-09-22T23:22:53.909+00:00,True,421,421.0,,421.0,175651.96835100002,203080.48086300003,203080.48081300003,482.3764389857483,39.421592,175651.96835100002,8557.610892246812,110.90234500000001,65.30598217142857,26.388165552011873,2.0730697416656727,21,62,,True,True,,1115,92.534174553102
16,2026-09-22T23:19:36.868+00:00,2026-09-22T23:22:46.446+00:00,2026-09-22T23:23:09.667+00:00,True,358,358.0,,358.0,189578.47802,212799.624132,212799.624106,594.4123578379889,43.593163999999994,189578.47802,10016.132103588954,110.88136215,65.04522720448179,26.873625325036418,1.682333798568798,21,62,,True,True,,1584,92.534174553102
17,2026-09-22T23:19:41.536+00:00,2026-09-22T23:23:04.815+00:00,2026-09-22T23:23:42.443+00:00,True,581,581.0,,581.0,203278.906906,240906.950682,240906.95045499998,414.6419112822719,39.165113,203278.906906,8430.781505301018,110.399655,64.8759375448276,26.917297156560487,2.4117195388311017,21,62,,True,True,,2296,92.534174553102
18,2026-09-22T23:19:47.009+00:00,2026-09-22T23:23:23.089+00:00,2026-09-22T23:23:52.264+00:00,True,453,453.0,,453.0,216079.28971799999,245254.974326,245254.974261,541.4017091854304,0.01575,216079.28971799999,10149.356367376295,110.161512,64.54797479646017,44.75252718573139,1.847057337959879,21,62,,True,True,,2180,92.534174553102
19,2026-09-22T23:19:51.331+00:00,2026-09-22T23:23:39.342+00:00,2026-09-22T23:23:59.203+00:00,True,305,305.0,,305.0,228010.66754,247871.637012,247871.637078,812.6938920590163,0.015519999999999999,228010.66754,13052.196508793648,111.51082540000002,65.33213642105264,47.06360274110026,1.230475594854906,21,62,,True,True,,1119,92.534174553102
20,2026-09-22T23:19:56.909+00:00,2026-09-22T23:23:58.685+00:00,2026-09-22T23:24:33.481+00:00,True,545,545.0,,545.0,241776.682328,276572.53205599997,276572.531969,507.4725357229358,40.586689,241776.682328,10353.86573479516,109.61281720000001,63.96295905882353,25.11839673327287,1.9705499889976394,21,62,,True,True,,2636,92.534174553102
21,2026-09-22T23:20:02.084+00:00,2026-09-22T23:24:15.945+00:00,2026-09-22T23:24:45.068+00:00,True,462,462.0,,462.0,253860.870736,282983.360592,282983.360463,612.5180962402598,43.756563,253860.870736,11807.763530826345,109.20638799999999,63.17242918872017,24.798995911157313,1.6326048253632226,21,62,,True,True,,2217,92.534174553102
22,2026-09-22T23:20:05.903+00:00,2026-09-22T23:24:31.945+00:00,2026-09-22T23:25:00.065+00:00,True,444,444.0,,444.0,266042.108765,294162.137181,294162.137353,662.5273363806307,41.140509,266042.108765,12622.81345898917,108.03165664999999,63.476362112866816,25.736042507624752,1.509371682756043,21,62,,True,True,,2035,92.534174553102
23,2026-09-22T23:20:10.212+00:00,2026-09-22T23:24:47.567+00:00,2026-09-22T23:25:06.235+00:00,True,301,301.0,,301.0,277354.90903100005,296023.18295100005,296023.182817,983.4657236445184,43.114824999999996,277354.90903100005,15982.903945489552,106.588884,62.227579733333336,25.00621122932997,1.0168122543626041,21,62,,True,True,,1511,92.534174553102
24,2026-09-22T23:20:15.648+00:00,2026-09-22T23:25:06.382+00:00,2026-09-22T23:25:15.728+00:00,False,189,188.0,,188.0,290733.462534,300080.13696599996,300080.136988,1587.7255925291006,0.020399999999999998,290733.462534,21144.148196429964,102.72341039999999,49.716353361702126,26.823729808739127,0.6264993141525426,21,62,,True,False,Request timeout: 300.0s exceeded,1177,92.534174553102
0,2026-09-22T23:18:17.250+00:00,2026-09-22T23:18:17.623+00:00,2026-09-22T23:18:37.498+00:00,True,384,384.0,,384.0,372.915565,20247.994477,20247.994612,52.72915263541667,34.358904,372.915565,23.42165023106716,87.33463265,51.89315642819844,16.76108543312,18.964841206184214,22,62,,False,True,,530,92.534174553102
1,2026-09-22T23:18:22.732+00:00,2026-09-22T23:18:22.932+00:00,2026-09-22T23:18:40.453+00:00,True,314,314.0,,314.0,199.599828,17720.290259999998,17720.290213,56.43404526433121,39.149824,199.599828,20.544450087844048,110.7189235,55.97664674760384,18.908289083591374,17.719800036729197,22,62,,False,True,,1075,92.534174553102
2,2026-09-22T23:18:25.938+00:00,2026-09-22T23:18:41.395+00:00,2026-09-22T23:19:19.194+00:00,True,590,590.0,,590.0,15457.025412,53256.444292,53256.444244,90.26515973559322,0.01653,15457.025412,634.2625924576403,108.29285544999999,64.17558383701189,26.4063413974363,11.078471494737546,22,62,,False,True,,1995,92.534174553102
3,2026-09-22T23:18:30.642+00:00,2026-09-22T23:18:52.836+00:00,2026-09-22T23:19:22.078+00:00,True,468,468.0,,468.0,22193.447965,51435.523357,51435.523377,109.90496448076922,0.01716,22193.447965,1023.329761551761,109.26872714999999,62.616863794432554,26.08235995890243,9.098770061145078,22,62,,False,True,,2106,92.534174553102
4,2026-09-22T23:18:35.847+00:00,2026-09-22T23:19:13.759+00:00,2026-09-22T23:19:38.563+00:00,True,384,384.0,,384.0,37911.67467099999,62715.427631,62715.42739499999,163.32142550781248,8.785001,37911.67467099999,1931.5521211126447,109.97377615,64.76175707571801,26.762948971339082,6.12289534657004,22,62,,False,True,,744,92.534174553102
5,2026-09-22T23:18:39.040+00:00,2026-09-22T23:19:24.383+00:00,2026-09-22T23:20:02.697+00:00,True,594,594.0,,594.0,45342.220938,83657.003146,83657.003147,140.83670563468013,0.01671,45342.220938,1857.9982313655898,110.3449875,64.61177438111298,29.601681745734336,7.100421694085053,22,62,,False,True,,2797,92.534174553102
6,2026-09-22T23:18:43.327+00:00,2026-09-22T23:19:39.526+00:00,2026-09-22T23:20:11.459+00:00,True,494,494.0,,494.0,56198.38782,88131.588716,88131.588644,178.40402559514172,0.0,56198.38782,2525.7617431057033,110.83352765,64.77322696957404,31.094696197700888,5.60525467879505,22,62,,False,True,,2118,92.534174553102
7,2026-09-22T23:18:48.899+00:00,2026-09-22T23:19:59.145+00:00,2026-09-22T23:20:19.918+00:00,True,323,323.0,,323.0,70245.531361,91018.451169,91018.451275,281.79087082043344,0.0,70245.531361,3905.0774192072645,112.43321189999999,64.51217331677019,28.137037201014927,3.5487310084003125,22,62,,False,True,,1613,92.534174553102
8,2026-09-22T23:18:53.130+00:00,2026-09-22T23:20:15.902+00:00,2026-09-22T23:20:43.972+00:00,True,439,439.0,,439.0,82771.748597,110841.740533,110841.74051999999,252.48688045558086,41.738177,82771.748597,3947.4965101703656,107.868577,64.08673957990868,24.390733826620306,3.960601826432887,22,62,,False,True,,1891,92.534174553102
9,2026-09-22T23:18:58.720+00:00,2026-09-22T23:20:33.445+00:00,2026-09-22T23:20:59.451+00:00,True,416,416.0,,416.0,94724.99014200001,120731.878846,120731.878802,290.2208625048077,42.963074999999996,94724.99014200001,4641.262515619049,107.2967545,62.66720169638554,23.6844908118644,3.4456516702654016,22,62,,True,True,,2053,92.534174553102
10,2026-09-22T23:19:02.205+00:00,2026-09-22T23:20:46.089+00:00,2026-09-22T23:21:13.056+00:00,True,429,429.0,,429.0,103884.448428,130851.260844,130851.26079300001,305.0145939230769,0.01738,103884.448428,5012.664548841858,107.2544564,63.00657106542056,34.44946727158521,3.2785316490870575,22,62,,True,True,,2060,92.534174553102
11,2026-09-22T23:19:07.905+00:00,2026-09-22T23:21:04.075+00:00,2026-09-22T23:21:39.219+00:00,True,549,549.0,,549.0,116169.843526,151314.597446,151314.597484,275.6185746520947,41.364149,116169.843526,4955.335480418254,108.6856674,64.13276262773722,25.30570279068048,3.628202495109059,22,62,,True,True,,1516,92.534174553102
12,2026-09-22T23:19:11.165+00:00,2026-09-22T23:21:15.872+00:00,2026-09-22T23:21:41.107+00:00,True,393,393.0,,393.0,124706.88762000001,149941.809604,149941.80950200002,381.53132188804074,39.561741999999995,124706.88762000001,6287.436006735211,111.0127166,64.37480097959184,25.835750371583032,2.6210167866982705,22,62,,True,True,,1357,92.534174553102
13,2026-09-22T23:19:16.893+00:00,2026-09-22T23:21:36.818+00:00,2026-09-22T23:22:05.891+00:00,True,445,445.0,,445.0,139924.737922,168998.299266,168998.29911,379.7714586741573,44.037843,139924.737922,6630.0199804627,110.65358320000001,65.48099401801801,27.123841519923708,2.633162593545269,22,62,,True,True,,1766,92.534174553102
14,2026-09-22T23:19:21.473+00:00,2026-09-22T23:21:53.517+00:00,2026-09-22T23:22:18.939+00:00,True,400,400.0,,400.0,152043.649977,177465.93708099998,177465.93710799998,443.66484277,0.01584,152043.649977,7599.097689958768,109.51043345,63.71500527318296,39.21696521615234,2.253953668964821,22,62,,True,True,,1894,92.534174553102
15,2026-09-22T23:19:24.774+00:00,2026-09-22T23:22:04.082+00:00,2026-09-22T23:22:36.343+00:00,True,510,510.0,,510.0,159308.37640799998,191569.40271199998,191569.402763,375.6262799274509,0.01705,159308.37640799998,7051.573619724894,110.1804384,63.38119116699411,35.00387208448339,2.662220546601169,22,62,,True,True,,2671,92.534174553102
16,2026-09-22T23:19:29.299+00:00,2026-09-22T23:22:20.237+00:00,2026-09-22T23:22:49.778+00:00,True,456,456.0,,456.0,170938.225196,200478.36958,200478.369723,439.64554763815795,41.420788,170938.225196,8001.91735358877,110.11721599999998,64.92339425054945,25.908596781012207,2.2745595993987533,22,62,,True,True,,2249,92.534174553102
17,2026-09-22T23:19:33.724+00:00,2026-09-22T23:22:36.138+00:00,2026-09-22T23:23:07.076+00:00,True,481,481.0,,481.0,182414.045396,213352.262868,213352.262862,443.5597980498961,39.323953,182414.045396,8314.465448642755,110.57563499999998,64.45461973333333,25.74779096308076,2.254487454382391,22,62,,True,True,,2098,92.534174553102
18,2026-09-22T23:19:39.118+00:00,2026-09-22T23:22:56.209+00:00,2026-09-22T23:23:16.770+00:00,True,317,317.0,,317.0,197090.63665200002,217651.65937200002,217651.659428,686.5982947255521,37.792036,197090.63665200002,11066.09163405083,111.65800279999999,65.0665275949367,27.12280846789025,1.456455700428171,22,62,,True,True,,1382,92.534174553102
19,2026-09-22T23:19:44.423+00:00,2026-09-22T23:23:13.792+00:00,2026-09-22T23:23:47.892+00:00,True,534,534.0,,534.0,209369.106308,243469.833092,243469.833013,455.93601687827714,0.016,209369.106308,9057.602873542523,109.35428865,63.97884950093809,39.08675097597024,2.1932902044509857,22,62,,True,True,,2267,92.534174553102
20,2026-09-22T23:19:47.658+00:00,2026-09-22T23:23:25.006+00:00,2026-09-22T23:23:44.720+00:00,True,305,305.0,,305.0,217348.14978,237061.806868,237061.807096,777.2518265442624,41.226209000000004,217348.14978,12441.633664265522,110.74623520000002,64.84755621052632,26.42573576468365,1.2865843048679246,22,62,,True,True,,1268,92.534174553102
21,2026-09-22T23:19:51.291+00:00,2026-09-22T23:23:38.979+00:00,2026-09-22T23:24:12.246+00:00,True,514,514.0,,514.0,227688.21995199998,260955.23102399998,260955.23113499998,507.69500220817116,0.01614,227688.21995199998,10040.114571491455,109.6307565,64.84797479922027,39.6241111291723,1.9696865166605053,22,62,,True,True,,1901,92.534174553102
22,2026-09-22T23:19:56.949+00:00,2026-09-22T23:23:58.685+00:00,2026-09-22T23:24:31.477+00:00,True,517,517.0,,517.0,241735.985667,274527.890691,274527.890773,531.0017229651837,42.702696,241735.985667,10628.77044682271,110.0077742,63.55020353488372,24.804848273635972,1.8832330613063977,22,62,,True,True,,2102,92.534174553102
23,2026-09-22T23:20:02.383+00:00,2026-09-22T23:24:17.050+00:00,2026-09-22T23:24:47.061+00:00,True,479,479.0,,479.0,254666.84943200002,284678.05890400003,284678.05900400004,594.317450947808,38.634663999999994,254666.84943200002,11633.182498205548,110.204825,62.78495705439331,24.5561876375107,1.682602452202085,22,62,,True,True,,2283,92.534174553102
24,2026-09-22T23:20:06.484+00:00,2026-09-22T23:24:33.642+00:00,2026-09-22T23:25:03.038+00:00,True,468,468.0,,468.0,267157.690267,296553.601947,296553.601863,633.6615424423077,39.049572999999995,267157.690267,12346.48398523178,107.12171599999999,62.94627768736616,24.91078628848742,1.5781295419356964,22,62,,True,True,,2292,92.534174553102
25,2026-09-22T23:20:11.136+00:00,2026-09-22T23:24:50.742+00:00,2026-09-22T23:25:10.782+00:00,True,321,321.0,,321.0,279605.86289999995,299646.6124679999,299646.61251799995,933.4785436697817,42.718615,279605.86289999995,15602.601930084144,104.811208,62.627342399999996,25.029937464665046,1.0712619019989102,22,62,,True,True,,1669,92.534174553102
26,2026-09-22T23:20:15.454+00:00,2026-09-22T23:25:05.536+00:00,2026-09-22T23:25:15.543+00:00,False,197,196.0,,196.0,290082.019906,300089.56141,300089.561427,1523.2972661269037,0.02138,290082.019906,20663.867687269747,101.326444,51.05888522448979,26.814660992971866,0.653138346695816,22,62,,True,False,Request timeout: 300.0s exceeded,417,92.534174553102
0,2026-09-22T23:18:17.250+00:00,2026-09-22T23:18:17.620+00:00,2026-09-22T23:18:34.172+00:00,True,331,331.0,,331.0,369.905511,16922.173287,16922.173284,51.12439058610272,34.063985,369.905511,22.551301840886474,78.352512,50.1583872,14.152436876319173,19.56013535532589,23,62,,False,True,,1309,92.534174553102
1,2026-09-22T23:18:21.406+00:00,2026-09-22T23:18:21.627+00:00,2026-09-22T23:18:41.033+00:00,True,339,339.0,,339.0,220.289413,19626.393221,19626.393175,57.8949651179941,38.303615,220.289413,22.091596400612666,111.35847279999999,57.4145083076923,20.273137939400325,17.27265912706132,23,62,,False,True,,1734,92.534174553102
2,2026-09-22T23:18:24.636+00:00,2026-09-22T23:18:38.162+00:00,2026-09-22T23:18:58.687+00:00,True,312,312.0,,312.0,13525.763589,34051.464965,34051.465118,109.13931127564102,39.584832,13525.763589,762.4683933519071,111.13910200000001,65.99903979421222,26.5031929233788,9.162601383543734,23,62,,False,True,,1320,92.534174553102
3,2026-09-22T23:18:28.403+00:00,2026-09-22T23:18:49.138+00:00,2026-09-22T23:19:08.707+00:00,True,321,321.0,,321.0,20735.174961,40303.534129,40303.534092,125.55618097196262,0.01756,20735.174961,1154.2075489910424,105.973045,61.1511224,26.181859158576653,7.9645620895818094,23,62,,False,True,,1161,92.534174553102
4,2026-09-22T23:18:31.908+00:00,2026-09-22T23:19:01.336+00:00,2026-09-22T23:19:24.388+00:00,True,357,357.0,,357.0,29428.899750999997,52480.580774999995,52480.580704,147.0044277422969,0.01722,29428.899750999997,1554.3608237404449,110.20253980000001,64.75191298876405,27.653384165167925,6.802516182710824,23,62,,False,True,,1618,92.534174553102
5,2026-09-22T23:18:36.713+00:00,2026-09-22T23:19:16.319+00:00,2026-09-22T23:19:37.903+00:00,True,336,336.0,,336.0,39606.049343,61190.267198999994,61190.267101,182.11389018154762,8.846251,39606.049343,2157.327744476847,108.45430250000001,64.43050106268657,25.94761765526062,5.491069337992547,23,62,,False,True,,665,92.534174553102
6,2026-09-22T23:18:40.194+00:00,2026-09-22T23:19:28.211+00:00,2026-09-22T23:19:58.880+00:00,True,471,471.0,,471.0,48017.363128,78686.190008,78686.18993,167.06197437367302,0.01593,48017.363128,2209.738210572201,111.75737799999999,65.25282314893617,31.32714638015861,5.985802590672055,23,62,,False,True,,2274,92.534174553102
7,2026-09-22T23:18:44.476+00:00,2026-09-22T23:19:44.190+00:00,2026-09-22T23:20:17.581+00:00,True,511,511.0,,511.0,59714.165239,93105.59000699999,93105.590115,182.2027203816047,0.0,59714.165239,2638.8958061520834,113.8143125,65.47338189803921,31.94915161593465,5.488392264756405,23,62,,False,True,,2731,92.534174553102
8,2026-09-22T23:18:47.258+00:00,2026-09-22T23:19:54.537+00:00,2026-09-22T23:20:15.578+00:00,True,325,325.0,,325.0,67279.145466,88319.674618,88319.674698,271.7528452246154,0.0,67279.145466,3728.5211049179316,113.07247799999999,64.93990479012345,33.250078029115244,3.679814281536804,23,62,,False,True,,1346,92.534174553102
9,2026-09-22T23:18:50.383+00:00,2026-09-22T23:20:05.176+00:00,2026-09-22T23:20:26.741+00:00,True,335,335.0,,335.0,74792.737135,96358.42391900001,96358.42400500001,287.6370865820896,0.0,74792.737135,4082.9333946320708,111.20297599999999,64.567924502994,28.2386645816594,3.4766031486941387,23,62,,False,True,,823,92.534174553102
10,2026-09-22T23:18:54.203+00:00,2026-09-22T23:20:19.251+00:00,2026-09-22T23:20:40.007+00:00,True,322,322.0,,322.0,85047.1472,105803.64768000001,105803.64756000001,328.58275639751554,44.212372,85047.1472,4735.950809037113,107.70076854999999,64.66199526479751,24.283595644506565,3.0433733341016693,23,62,,False,True,,1490,92.534174553102
11,2026-09-22T23:18:58.970+00:00,2026-09-22T23:20:34.109+00:00,2026-09-22T23:20:52.836+00:00,True,300,300.0,,300.0,95139.232785,113866.265105,113866.265027,379.5542167566667,40.475809999999996,95139.232785,5489.300029569313,105.60615505000001,62.63221511705685,23.453523962708573,2.6346697129598455,23,62,,True,True,,1383,92.534174553102
12,2026-09-22T23:19:01.781+00:00,2026-09-22T23:20:44.582+00:00,2026-09-22T23:21:05.436+00:00,True,332,332.0,,332.0,102800.891176,123655.12324,123655.123301,372.45519066566266,0.01729,102800.891176,5638.591560625801,105.8413135,63.00372224773414,36.451148223846346,2.684886734176207,23,62,,True,True,,2161,92.534174553102
13,2026-09-22T23:19:06.083+00:00,2026-09-22T23:20:59.049+00:00,2026-09-22T23:21:22.311+00:00,True,370,370.0,,370.0,112966.249829,136228.32496499998,136228.32500399998,368.18466217297293,0.017329999999999998,112966.249829,5869.645433753901,106.94885899999997,63.04085402710027,32.018278742546734,2.716028403748347,23,62,,True,True,,1703,92.534174553102
14,2026-09-22T23:19:10.874+00:00,2026-09-22T23:21:14.362+00:00,2026-09-22T23:21:49.334+00:00,True,549,549.0,,549.0,123487.901767,158459.923271,158459.923247,288.6337399763206,43.094774,123487.901767,5267.672784712279,110.28421139999999,63.8175574890511,25.42246735275611,3.4645984212745944,23,62,,True,True,,1063,92.534174553102
15,2026-09-22T23:19:15.228+00:00,2026-09-22T23:21:31.534+00:00,2026-09-22T23:22:07.736+00:00,True,547,547.0,,547.0,136305.351132,172507.02614,172507.02618500002,315.3693348903108,43.463934,136305.351132,5825.224106094849,109.70198500000001,66.30343408058609,27.13127334534698,3.1708853386416624,23,62,,True,True,,2469,92.534174553102
16,2026-09-22T23:19:18.352+00:00,2026-09-22T23:21:41.266+00:00,2026-09-22T23:22:00.865+00:00,True,306,306.0,,306.0,142913.714957,162513.105421,162513.105525,531.0885801470588,43.561993,142913.714957,8166.202571297512,110.10107099999999,64.26029660327869,26.477508424721613,1.882925067534022,23,62,,True,True,,1115,92.534174553102
17,2026-09-22T23:19:22.086+00:00,2026-09-22T23:21:55.574+00:00,2026-09-22T23:22:23.290+00:00,True,436,436.0,,436.0,153487.61905,181203.43473,181203.43475400002,415.60420815137616,0.01967,153487.61905,7347.768430707771,109.73218175,63.714518804597695,37.6040826327924,2.40613540604049,23,62,,True,True,,1512,92.534174553102
18,2026-09-22T23:19:27.156+00:00,2026-09-22T23:22:13.110+00:00,2026-09-22T23:22:33.063+00:00,True,311,311.0,,311.0,165954.181316,185906.673604,185906.673615,597.770654710611,0.018699999999999998,165954.181316,9406.837205697306,111.57095299999999,64.3628783483871,40.895489613501724,1.672882387549257,23,62,,True,True,,1382,92.534174553102
19,2026-09-22T23:19:31.903+00:00,2026-09-22T23:22:30.282+00:00,2026-09-22T23:22:52.073+00:00,True,337,337.0,,337.0,178379.030535,200169.739783,200169.739838,593.9754891335311,43.775003,178379.030535,9713.427229746534,110.05107400000001,64.85330133333333,26.134955198143754,1.6835711549874368,23,62,,True,True,,1195,92.534174553102
20,2026-09-22T23:19:35.143+00:00,2026-09-22T23:22:40.132+00:00,2026-09-22T23:23:18.793+00:00,True,595,595.0,,595.0,184988.408007,223650.160839,223650.16087199998,375.8826233142857,40.56926,184988.408007,7581.164918241402,111.2611597,65.08712597979797,26.96794753283525,2.660404972515648,23,62,,True,True,,1966,92.534174553102
21,2026-09-22T23:19:39.790+00:00,2026-09-22T23:22:57.441+00:00,2026-09-22T23:23:34.761+00:00,True,579,579.0,,579.0,197650.833342,234971.545278,234971.545262,405.8230488117444,40.49763,197650.833342,8211.448160988886,109.66871799999998,64.5687057716263,26.66820991078902,2.4641281535386437,23,62,,True,True,,1701,92.534174553102
22,2026-09-22T23:19:44.478+00:00,2026-09-22T23:23:13.790+00:00,2026-09-22T23:23:43.529+00:00,True,466,466.0,,466.0,209312.571913,239051.626761,239051.62685099998,512.9863237145922,43.300364,209312.571913,9693.289929710181,109.9289345,63.954956662365596,26.050630400387043,1.9493697086023154,23,62,,True,True,,2182,92.534174553102
23,2026-09-22T23:19:48.322+00:00,2026-09-22T23:23:27.910+00:00,2026-09-22T23:24:05.627+00:00,True,583,583.0,,583.0,219587.500252,257304.814044,257304.81393899999,441.3461645608919,0.01715,219587.500252,9091.781414003675,111.64392899999999,64.80638108591066,38.26405896934517,2.26579515103944,23,62,,True,True,,3665,92.534174553102
24,2026-09-22T23:19:52.458+00:00,2026-09-22T23:23:43.112+00:00,2026-09-22T23:24:17.051+00:00,True,523,523.0,,523.0,230653.471958,264592.65608600003,264592.656113,505.9133004072658,0.01563,230653.471958,10083.003196006279,110.35382099999998,65.01759411494253,38.68954226548958,1.9766232658778342,23,62,,True,True,,2710,92.534174553102
25,2026-09-22T23:19:57.552+00:00,2026-09-22T23:24:01.489+00:00,2026-09-22T23:24:34.800+00:00,True,519,519.0,,519.0,243936.330678,277247.30360600003,277247.303626,534.1951900308285,38.231796,243936.330678,10704.824194549585,110.786189,64.30689754440154,25.56301285730648,1.8719749236499632,23,62,,True,True,,2599,92.534174553102
26,2026-09-22T23:20:02.557+00:00,2026-09-22T23:24:17.691+00:00,2026-09-22T23:24:50.325+00:00,True,524,524.0,,524.0,255134.38878600002,287767.910962,287767.910745,549.1754021851145,39.774532,255134.38878600002,11142.898367313577,109.8271493,62.396791923518165,24.398291459157345,1.8209118530564534,23,62,,True,True,,2081,92.534174553102
27,2026-09-22T23:20:07.007+00:00,2026-09-22T23:24:34.977+00:00,2026-09-22T23:25:06.635+00:00,True,506,506.0,,506.0,267970.717407,299628.702431,299628.702247,592.1515854683795,39.843202,267970.717407,11909.990940154403,107.42954975,62.68907925544555,25.08445207968994,1.6887567709456146,23,62,,True,True,,2465,92.534174553102
28,2026-09-22T23:20:11.664+00:00,2026-09-22T23:24:53.411+00:00,2026-09-22T23:25:11.709+00:00,False,302,301.0,,301.0,281746.70117,300044.52773000003,300044.52774600004,993.5249263112584,0.0242,281746.70117,16209.219800168908,103.19133104999999,60.790121461794016,23.560967577799595,1.003184434914473,23,62,,True,False,Request timeout: 300.0s exceeded,1435,92.534174553102
29,2026-09-22T23:20:15.276+00:00,2026-09-22T23:25:05.133+00:00,2026-09-22T23:25:15.362+00:00,False,199,198.0,,198.0,289856.28625700006,300086.02936100005,300086.02930500003,1507.9699965075379,0.019690000000000003,289856.28625700006,20543.72122927889,100.541527,51.66536921212121,25.978098070816653,0.659810789664614,23,62,,True,False,Request timeout: 300.0s exceeded,936,92.534174553102
0,2026-09-22T23:18:17.250+00:00,2026-09-22T23:18:17.619+00:00,2026-09-22T23:18:42.183+00:00,True,445,445.0,,445.0,368.76658399999997,24932.438648,24932.438561,56.02795182247191,0.04379,368.76658399999997,26.47989456908048,110.16234800000001,55.32358572972973,21.942890173453304,17.84823403288296,24,62,,False,True,,2088,92.534174553102
1,2026-09-22T23:18:20.068+00:00,2026-09-22T23:18:20.179+00:00,2026-09-22T23:18:50.862+00:00,True,507,507.0,,507.0,111.034154,30793.825066,30793.825049,60.737327512820514,0.025070000000000002,197.51268299999998,23.97034276654981,110.91233929999999,60.63792670355731,23.889237911954357,16.46433981206796,24,62,,False,True,,2252,92.534174553102
2,2026-09-22T23:18:23.940+00:00,2026-09-22T23:18:34.439+00:00,2026-09-22T23:19:08.294+00:00,True,531,531.0,,531.0,10498.136532,44354.06434,44354.064346,83.52931138606404,0.01828,10498.136532,453.60118411607925,110.5737105,63.87910907169812,26.835125101141912,11.971845374294736,24,62,,False,True,,2554,92.534174553102
3,2026-09-22T23:18:26.962+00:00,2026-09-22T23:18:44.259+00:00,2026-09-22T23:19:13.343+00:00,True,463,463.0,,463.0,17296.665572,46380.44618,46380.446074,100.17374961987042,0.01657,17296.665572,801.3475821737082,108.32162,62.951906077922075,26.245781057258778,9.982655151766373,24,62,,False,True,,2167,92.534174553102
4,2026-09-22T23:18:31.160+00:00,2026-09-22T23:18:56.465+00:00,2026-09-22T23:19:31.137+00:00,True,554,554.0,,554.0,25305.328407,59977.232919,59977.232722,108.26215292779784,0.01626,25305.328407,1072.764634469062,108.88113385000001,62.69783817721519,25.729068150119115,9.23683826408237,24,62,,False,True,,2946,92.534174553102
5,2026-09-22T23:18:34.088+00:00,2026-09-22T23:19:09.325+00:00,2026-09-22T23:19:37.287+00:00,True,429,429.0,,429.0,35236.961468999994,63198.73145299999,63198.731403,147.3163902167832,10.088767,35236.961468999994,1698.3104055114613,110.942085,65.33123828037384,26.61646598509959,6.788110934141791,24,62,,False,True,,2098,92.534174553102
6,2026-09-22T23:18:37.545+00:00,2026-09-22T23:19:17.822+00:00,2026-09-22T23:19:50.533+00:00,True,509,509.0,,509.0,40276.683239,72988.314855,72988.314809,143.3955104302554,0.027469999999999998,40276.683239,1782.588650564355,110.309624,64.39297562204725,27.40273534979021,6.973719026274127,24,62,,False,True,,1901,92.534174553102
7,2026-09-22T23:18:41.627+00:00,2026-09-22T23:19:32.411+00:00,2026-09-22T23:20:06.506+00:00,True,517,517.0,,517.0,50784.236194,84879.01763399999,84879.01762299999,164.17604956092842,0.017410000000000002,50784.236194,2230.7979347613395,111.2240336,66.07515782945737,31.055909370682784,6.091022427112838,24,62,,False,True,,1150,92.534174553102
8,2026-09-22T23:18:45.379+00:00,2026-09-22T23:19:46.795+00:00,2026-09-22T23:20:08.680+00:00,True,333,333.0,,333.0,61415.972852,83300.962036,83300.962126,250.1530394174174,0.0,61415.972852,3362.124595896487,111.2927038,65.91864212048193,33.088546880385536,3.997552871671375,24,62,,False,True,,639,92.534174553102
9,2026-09-22T23:18:49.618+00:00,2026-09-22T23:20:01.715+00:00,2026-09-22T23:20:21.794+00:00,True,310,310.0,,310.0,72096.755793,92176.01595300001,92176.015822,297.34198652258067,0.0,72096.755793,4091.232033534453,112.75295799999999,64.98142446601942,28.9595727342411,3.3631308187377846,24,62,,False,True,,693,92.534174553102
10,2026-09-22T23:18:53.887+00:00,2026-09-22T23:20:18.490+00:00,2026-09-22T23:20:54.229+00:00,True,563,563.0,,563.0,84603.03711399999,120341.58456999999,120341.584515,213.7505941651865,43.647883,84603.03711399999,3562.996241304243,107.466604,63.59172145195729,24.401777657089642,4.678349566458596,24,62,,False,True,,1875,92.534174553102
11,2026-09-22T23:18:57.897+00:00,2026-09-22T23:20:30.693+00:00,2026-09-22T23:21:04.176+00:00,True,533,533.0,,533.0,92796.55262,126279.65738799999,126279.657273,236.92243390806755,0.03692,92796.55262,4016.8452287220866,107.2606906,62.93816685714286,29.278688060074607,4.220790672264284,24,62,,True,True,,2089,92.534174553102
12,2026-09-22T23:19:01.806+00:00,2026-09-22T23:20:44.979+00:00,2026-09-22T23:21:13.303+00:00,True,449,449.0,,449.0,103172.68692299999,131497.118027,131497.11801399998,292.86663254788414,0.018699999999999998,103172.68692299999,4866.133828188787,108.12877639999999,63.22417657142857,30.826814115074633,3.4145235023919525,24,62,,True,True,,870,92.534174553102
13,2026-09-22T23:19:05.904+00:00,2026-09-22T23:20:57.538+00:00,2026-09-22T23:21:22.309+00:00,True,396,396.0,,396.0,111634.34056499999,136405.569749,136405.56985099998,344.45850972474744,0.016120000000000002,111634.34056499999,5606.793105573719,105.16385700000001,62.71197261772152,34.814231316643294,2.9031072611527518,24,62,,True,True,,2008,92.534174553102
14,2026-09-22T23:19:08.744+00:00,2026-09-22T23:21:08.532+00:00,2026-09-22T23:21:32.115+00:00,True,375,375.0,,375.0,119788.487367,143371.44339899998,143371.443484,382.32384929066666,39.553383000000004,119788.487367,6182.641825700391,108.14602129999999,63.056032171123,24.17476218199404,2.615583627461866,24,62,,True,True,,1671,92.534174553102
15,2026-09-22T23:19:12.383+00:00,2026-09-22T23:21:19.411+00:00,2026-09-22T23:21:51.099+00:00,True,499,499.0,,499.0,127028.756274,158716.470834,158716.471009,318.0690801783567,39.825562,127028.756274,5683.795278540594,110.41492899999999,63.62994891566265,25.172258891870047,3.1439711164060546,24,62,,True,True,,1602,92.534174553102
16,2026-09-22T23:19:15.884+00:00,2026-09-22T23:21:32.938+00:00,2026-09-22T23:22:10.446+00:00,True,579,579.0,,579.0,137054.28590400002,174562.842192,174562.84214300002,301.4902282262522,39.260413,137054.28590400002,5693.146032324255,110.37427579999999,64.893696,26.41576777768092,3.3168570855598434,24,62,,True,True,,2690,92.534174553102
17,2026-09-22T23:19:18.586+00:00,2026-09-22T23:21:41.776+00:00,2026-09-22T23:22:15.494+00:00,True,533,533.0,,533.0,143189.325136,176907.76455999998,176907.764563,331.90950199437145,0.016779,143189.325136,6199.576637751076,110.50608759999999,63.38052523308271,35.90901498740937,3.012869453896852,24,62,,True,True,,2583,92.534174553102
18,2026-09-22T23:19:22.682+00:00,2026-09-22T23:21:56.754+00:00,2026-09-22T23:22:30.852+00:00,True,534,534.0,,534.0,154072.47125600002,188170.14319200002,188170.14310400002,352.37854513857684,0.01734,154072.47125600002,6664.692068752048,109.94405565000001,63.973118078799246,35.15663357335656,2.8378572229449355,24,62,,True,True,,1033,92.534174553102
19,2026-09-22T23:19:25.157+00:00,2026-09-22T23:22:05.344+00:00,2026-09-22T23:22:30.122+00:00,True,396,396.0,,396.0,160187.34612099998,184964.94970499998,184964.94967799998,467.0832062575757,0.018729,160187.34612099998,8046.641804849707,110.6814655,62.72811033924051,35.244792944569284,2.140946166457911,24,62,,True,True,,2424,92.534174553102
20,2026-09-22T23:19:27.723+00:00,2026-09-22T23:22:15.430+00:00,2026-09-22T23:22:40.547+00:00,True,395,395.0,,395.0,167707.12605700002,192824.01309700002,192824.01304400002,488.16205833924056,0.02025,167707.12605700002,8435.096600383973,111.709151,63.74844426395939,26.92037230879044,2.048500047560443,24,62,,True,True,,541,92.534174553102
21,2026-09-22T23:19:31.054+00:00,2026-09-22T23:22:27.074+00:00,2026-09-22T23:22:48.894+00:00,True,336,336.0,,336.0,176019.870267,197840.132667,197840.13270299998,588.8099187589286,40.343681,176019.870267,9599.153757215281,110.81645225,65.13511164179104,26.323910983569597,1.698340955753136,24,62,,True,True,,1017,92.534174553102
22,2026-09-22T23:19:34.365+00:00,2026-09-22T23:22:38.254+00:00,2026-09-22T23:23:00.587+00:00,True,350,350.0,,350.0,183889.35504,206221.73136,206221.73135299998,589.2049467228571,43.087754000000004,183889.35504,9825.911500515524,110.27080545000001,63.989616962750716,25.272979002604256,1.6972023156425118,24,62,,True,True,,1254,92.534174553102
23,2026-09-22T23:19:37.789+00:00,2026-09-22T23:22:50.399+00:00,2026-09-22T23:23:12.470+00:00,True,338,338.0,,338.0,192610.212678,214680.80007,214680.800183,635.1502963994083,40.393271,192610.212678,10473.08777016494,112.282568,65.4913572462908,27.35029090794216,1.5744305028199534,24,62,,True,True,,1849,92.534174553102
24,2026-09-22T23:19:41.303+00:00,2026-09-22T23:23:03.559+00:00,2026-09-22T23:23:35.332+00:00,True,494,494.0,,494.0,202256.622549,234028.862677,234028.86268,473.74263700404856,40.81942,202256.622549,9097.095304436656,110.10558514999998,64.44673453955376,26.746200445915846,2.110850748703611,24,62,,True,True,,2078,92.534174553102
25,2026-09-22T23:19:44.233+00:00,2026-09-22T23:23:12.465+00:00,2026-09-22T23:23:46.908+00:00,True,540,540.0,,540.0,208231.919695,242674.67707099998,242674.677233,449.3975504314815,0.015960000000000002,208231.919695,8958.209158183912,108.91341899999999,63.90121962152134,38.8183768101398,2.2252012715855423,24,62,,True,True,,2261,92.534174553102
26,2026-09-22T23:19:48.119+00:00,2026-09-22T23:23:25.925+00:00,2026-09-22T23:23:54.836+00:00,True,443,443.0,,443.0,217806.30929499998,246717.13425499998,246717.13422399998,556.9235535530473,0.0161,217806.30929499998,10345.266540667833,110.587135,65.40910624434389,41.779401552477026,1.7955785735664693,24,62,,True,True,,2140,92.534174553102
27,2026-09-22T23:19:52.464+00:00,2026-09-22T23:23:43.321+00:00,2026-09-22T23:24:17.546+00:00,True,527,527.0,,527.0,230857.234788,265082.740836,265082.740938,503.003303487666,0.01584,230857.234788,10053.538166824514,111.1092093,65.06750199239544,38.46778585132027,1.9880585146282366,24,62,,True,True,,2758,92.534174553102
28,2026-09-22T23:19:55.198+00:00,2026-09-22T23:23:52.261+00:00,2026-09-22T23:24:14.103+00:00,True,339,339.0,,339.0,237062.83192300002,258904.773683,258904.77371200002,763.7308959056048,38.966972999999996,237062.83192300002,12872.000884953814,109.89059700000001,64.62112946745562,25.39521433318697,1.3093617208273944,24,62,,True,True,,1292,92.534174553102
29,2026-09-22T23:19:58.305+00:00,2026-09-22T23:24:04.988+00:00,2026-09-22T23:24:38.014+00:00,True,512,512.0,,512.0,246682.774709,279709.083061,279709.082966,546.3068026679688,39.224953,246682.774709,10899.114264210524,109.45089755000001,64.63074041487279,25.228499057501207,1.8304732702882627,24,62,,True,True,,2141,92.534174553102
30,2026-09-22T23:20:01.835+00:00,2026-09-22T23:24:14.979+00:00,2026-09-22T23:24:46.801+00:00,True,509,509.0,,509.0,253143.336774,284965.89447,284965.894566,559.854409756385,36.603898,253143.336774,11217.63048626195,108.7106334,62.64283011023622,24.151790156465474,1.7861786616488777,24,62,,True,True,,986,92.534174553102
31,2026-09-22T23:20:05.488+00:00,2026-09-22T23:24:30.489+00:00,2026-09-22T23:24:57.891+00:00,True,429,429.0,,429.0,265000.66657,292402.808778,292402.808787,681.5916288741258,39.215814,265000.66657,12791.28831821493,109.3883714,64.02369674766355,26.14879317556915,1.467154169253238,24,62,,True,True,,1987,92.534174553102
32,2026-09-22T23:20:08.038+00:00,2026-09-22T23:24:39.327+00:00,2026-09-22T23:25:08.067+00:00,False,462,461.0,,461.0,271288.846233,300028.906393,300028.90645,649.4132174242424,0.039409999999999994,271288.846233,12618.624040047198,107.19038605,62.34286368763558,25.19521813124578,1.5365186159634505,24,62,,True,False,Request timeout: 300.0s exceeded,2371,92.534174553102
33,2026-09-22T23:20:11.367+00:00,2026-09-22T23:24:52.476+00:00,2026-09-22T23:25:11.385+00:00,False,307,306.0,,306.0,281108.743532,300018.523244,300018.523294,977.2590335309446,0.03939,281108.743532,16040.215387111442,104.35221100000001,61.7966657254902,24.66285694844964,1.0199370248587465,24,62,,True,False,Request timeout: 300.0s exceeded,1072,92.534174553102
34,2026-09-22T23:20:14.012+00:00,2026-09-22T23:25:00.064+00:00,2026-09-22T23:25:14.097+00:00,False,251,250.0,,250.0,286051.495894,300084.560086,300084.560099,1195.5560163306773,0.03121,286051.495894,18051.87970946882,100.829787,56.132256768,21.22282685968958,0.8330985103943819,24,62,,True,False,Request timeout: 300.0s exceeded,1037,92.534174553102
35,2026-09-22T23:20:16.710+00:00,2026-09-22T23:25:08.417+00:00,2026-09-22T23:25:16.781+00:00,False,184,183.0,,183.0,291707.144329,300071.683209,300071.683286,1630.8243656847824,0.0171,291707.144329,21501.598450898222,104.72820214999997,45.707862732240436,37.24823461972282,0.6098542789608724,24,62,,True,False,Request timeout: 300.0s exceeded,763,92.534174553102
0,2026-09-22T23:18:17.253+00:00,2026-09-22T23:18:17.620+00:00,2026-09-22T23:18:49.497+00:00,True,555,555.0,,555.0,367.596616,32244.513351999998,32244.513288,58.09822214054054,32.924728,367.596616,25.993282680769976,110.37432629999999,57.53956089530686,22.435289406771442,17.212230618626332,25,62,,False,True,,2546,92.534174553102
1,2026-09-22T23:18:20.075+00:00,2026-09-22T23:18:20.235+00:00,2026-09-22T23:18:47.242+00:00,True,456,456.0,,456.0,159.987566,27167.420014,27167.420015,59.577675471491226,4.269871,199.866018,23.36665317950067,112.420761,59.356994391208794,22.91172215697032,16.784810621141524,25,62,,False,True,,2034,92.534174553102
2,2026-09-22T23:18:23.820+00:00,2026-09-22T23:18:34.329+00:00,2026-09-22T23:19:04.200+00:00,True,467,467.0,,467.0,10509.906835999998,40380.165524,40380.165411,86.467163620985,7.523324,10509.906835999998,484.04041749971236,110.91387729999998,64.09926757081546,25.41202551746951,11.565083845989635,25,62,,False,True,,1903,92.534174553102
3,2026-09-22T23:18:28.247+00:00,2026-09-22T23:18:47.956+00:00,2026-09-22T23:19:14.952+00:00,True,431,431.0,,431.0,19709.474992,46705.775536,46705.775535,108.36606852668213,0.0176,19709.474992,946.7102348311187,108.70726449999998,62.78209428837209,26.22069403285706,9.227980802241312,25,62,,False,True,,1743,92.534174553102
4,2026-09-22T23:18:31.030+00:00,2026-09-22T23:18:55.776+00:00,2026-09-22T23:19:17.622+00:00,True,347,347.0,,347.0,24746.151175,46591.580423,46591.580268,134.26968376945246,0.01627,24746.151175,1325.335898727748,110.15870500000001,63.13707875144509,27.3917807993992,7.447697563586037,25,62,,False,True,,1662,92.534174553102
5,2026-09-22T23:18:34.233+00:00,2026-09-22T23:19:09.744+00:00,2026-09-22T23:19:32.259+00:00,True,350,350.0,,350.0,35511.423401,58025.848744999996,58025.848732,165.78813923428572,8.073262,35511.423401,1894.880948515668,109.12023745,64.51124740401146,24.95001012328134,6.031794580689507,25,62,,False,True,,1603,92.534174553102
6,2026-09-22T23:18:38.430+00:00,2026-09-22T23:19:21.266+00:00,2026-09-22T23:19:50.946+00:00,True,460,460.0,,460.0,42835.742246,72516.390694,72516.390615,157.64432742391304,5.142479000000001,42835.742246,1994.4025286680849,111.49333794999998,64.66372210893246,27.61030188144902,6.343393481083172,25,62,,False,True,,613,92.534174553102
7,2026-09-22T23:18:41.956+00:00,2026-09-22T23:19:34.351+00:00,2026-09-22T23:20:00.598+00:00,True,406,406.0,,406.0,52395.664307,78642.003123,78642.002997,193.69951477093596,0.01616,52395.664307,2597.319988483044,111.12934100000001,64.80577485432099,30.877031960686665,5.1626355366990815,25,62,,False,True,,1513,92.534174553102
8,2026-09-22T23:18:46.490+00:00,2026-09-22T23:19:50.950+00:00,2026-09-22T23:20:16.220+00:00,True,392,392.0,,392.0,64460.51762300001,89730.381815,89730.381695,228.90403493622452,0.0,64460.51762300001,3252.6377698780075,112.0778225,64.6288086751918,31.714490860835273,4.368642950926019,25,62,,False,True,,1455,92.534174553102
9,2026-09-22T23:18:49.006+00:00,2026-09-22T23:19:59.352+00:00,2026-09-22T23:20:34.004+00:00,True,535,535.0,,535.0,70345.990749,104997.940573,104997.940585,196.25783286915888,0.0,70345.990749,3038.6375537238464,110.15800000000002,64.89129180524344,27.103912702008415,5.095338033111615,25,62,,False,True,,2296,92.534174553102
10,2026-09-22T23:18:52.365+00:00,2026-09-22T23:20:12.020+00:00,2026-09-22T23:20:39.600+00:00,True,430,430.0,,430.0,79654.841025,107234.120641,107234.120474,249.38167552093023,40.73907,79654.841025,3838.2774713621666,109.14653995,64.28736507226107,24.83355713446661,4.00991771489935,25,62,,False,True,,1332,92.534174553102
11,2026-09-22T23:18:56.696+00:00,2026-09-22T23:20:28.231+00:00,2026-09-22T23:21:04.175+00:00,True,567,567.0,,567.0,91535.233061,127478.894117,127478.894088,224.83050103703704,0.016190000000000003,91535.233061,3841.586806227574,106.9625403,63.5047015123675,32.26938746533447,4.447795095238337,25,62,,True,True,,2260,92.534174553102
12,2026-09-22T23:18:59.747+00:00,2026-09-22T23:20:37.312+00:00,2026-09-22T23:21:09.444+00:00,True,512,512.0,,512.0,97565.216516,129697.347076,129697.347197,253.31513124414062,0.01933,97565.216516,4309.15598216932,105.84776305,62.88088172211351,32.299078486563445,3.9476520649260345,25,62,,True,True,,2397,92.534174553102
13,2026-09-22T23:19:04.070+00:00,2026-09-22T23:20:51.373+00:00,2026-09-22T23:21:11.048+00:00,True,314,314.0,,314.0,107303.088134,126977.92717400001,126977.927337,404.38830362101913,0.01609,107303.088134,6052.030478367287,107.66171565,62.85891067092652,37.24260146399162,2.4728707342160376,25,62,,True,True,,1576,92.534174553102
14,2026-09-22T23:19:06.832+00:00,2026-09-22T23:21:01.114+00:00,2026-09-22T23:21:23.274+00:00,True,351,351.0,,351.0,114281.99627599999,136441.12459599998,136441.124633,388.72115280056977,43.087514999999996,114281.99627599999,6096.592100568903,107.77098649999999,63.311795200000006,24.6626784431475,2.5725381628105564,25,62,,True,True,,1871,92.534174553102
15,2026-09-22T23:19:11.282+00:00,2026-09-22T23:21:16.279+00:00,2026-09-22T23:21:36.032+00:00,True,314,314.0,,314.0,124996.630569,144749.655337,144749.655443,460.9861638312102,43.160725,124996.630569,7050.451104822347,110.4183735,63.10870532907348,25.11330612180182,2.1692625054543897,25,62,,True,True,,1483,92.534174553102
16,2026-09-22T23:19:15.314+00:00,2026-09-22T23:21:32.116+00:00,2026-09-22T23:22:03.220+00:00,True,474,474.0,,474.0,136801.666633,167905.327945,167905.32784999997,354.2306494725738,43.808392999999995,136801.666633,6280.546767509785,110.89068714999999,65.75826915856237,27.1342482198261,2.8230194110056237,25,62,,True,True,,2243,92.534174553102
17,2026-09-22T23:19:17.911+00:00,2026-09-22T23:21:40.033+00:00,2026-09-22T23:22:02.309+00:00,True,346,346.0,,346.0,142121.856639,164397.669247,164397.669174,475.1377721791908,44.189542,142121.856639,7637.09196820913,110.43321250000001,64.56757277681159,26.195259868554395,2.1046527094015595,25,62,,True,True,,1630,92.534174553102
18,2026-09-22T23:19:21.751+00:00,2026-09-22T23:21:55.259+00:00,2026-09-22T23:22:14.353+00:00,True,302,302.0,,302.0,153508.400505,172602.34328899998,172602.343213,571.5309377913907,43.993663,153508.400505,8829.80285538493,108.0840501,63.43502586046512,25.709058518540374,1.7496865583935939,25,62,,True,True,,975,92.534174553102
19,2026-09-22T23:19:25.404+00:00,2026-09-22T23:22:05.891+00:00,2026-09-22T23:22:40.798+00:00,True,551,551.0,,551.0,160487.098388,195393.406996,195393.407058,354.61598377132486,0.01703,160487.098388,6834.356878855063,110.31924599999998,63.466015650909085,33.17402386958937,2.81995185237381,25,62,,True,True,,2342,92.534174553102
20,2026-09-22T23:19:28.705+00:00,2026-09-22T23:22:18.011+00:00,2026-09-22T23:22:47.597+00:00,True,460,460.0,,460.0,169306.389757,198891.987453,198891.987525,432.37388592391306,43.853593000000004,169306.389757,7890.986967141288,111.29205195,64.45663986056645,25.51095635857658,2.31281312983361,25,62,,True,True,,2278,92.534174553102
21,2026-09-22T23:19:32.418+00:00,2026-09-22T23:22:31.010+00:00,2026-09-22T23:22:59.715+00:00,True,447,447.0,,447.0,178592.248103,207297.983015,207297.98304,463.7538770469798,44.553941,178592.248103,8444.116999893797,109.31080699999998,64.36263433183856,25.28467211252151,2.156316204811579,25,62,,True,True,,1707,92.534174553102
22,2026-09-22T23:19:35.962+00:00,2026-09-22T23:22:42.756+00:00,2026-09-22T23:23:15.963+00:00,True,514,514.0,,514.0,186794.34994100002,220001.73451700003,220001.73460700002,428.01893892412454,41.155099,186794.34994100002,8236.33355292299,111.53501514999999,64.7317438128655,26.694155459618685,2.3363452162250202,25,62,,True,True,,2754,92.534174553102
23,2026-09-22T23:19:38.506+00:00,2026-09-22T23:22:53.597+00:00,2026-09-22T23:23:22.884+00:00,True,452,452.0,,452.0,195090.172368,224377.201872,224377.201862,496.40973863274337,40.430440000000004,195090.172368,9173.253861767142,110.149752,64.93798116186252,26.595948669758606,2.014464911002195,25,62,,True,True,,2089,92.534174553102
24,2026-09-22T23:19:42.719+00:00,2026-09-22T23:23:09.265+00:00,2026-09-22T23:23:37.551+00:00,True,446,446.0,,446.0,206546.221964,234832.365196,234832.36513,526.5299666591928,40.78031,206546.221964,9777.271510021508,109.25347574999999,63.56436681348315,25.92736548161233,1.8992271343336828,25,62,,True,True,,1328,92.534174553102
25,2026-09-22T23:19:46.526+00:00,2026-09-22T23:23:21.825+00:00,2026-09-22T23:23:44.562+00:00,True,355,355.0,,355.0,215298.860406,238035.376502,238035.376471,670.5221872422535,42.721735,215298.860406,11423.497642731769,109.105749,64.22744659887006,25.96751304365534,1.4913749595410128,25,62,,True,True,,1914,92.534174553102
26,2026-09-22T23:19:51.046+00:00,2026-09-22T23:23:38.388+00:00,2026-09-22T23:24:15.744+00:00,True,572,572.0,,572.0,227342.88425600002,264698.329248,264698.32912,462.75931664335667,0.01559,227342.88425600002,9503.038661106295,110.97084605,65.4210945569177,41.51662119789081,2.1609505493481382,25,62,,True,True,,2680,92.534174553102
27,2026-09-22T23:19:54.063+00:00,2026-09-22T23:23:48.784+00:00,2026-09-22T23:24:25.301+00:00,True,572,572.0,,572.0,234720.883797,271237.712725,271237.712854,474.19180568881114,42.719325,234720.883797,9811.531368222908,108.99079499999999,63.952414935201396,25.147246647883282,2.108851288610939,25,62,,True,True,,2410,92.534174553102
28,2026-09-22T23:19:57.278+00:00,2026-09-22T23:24:00.090+00:00,2026-09-22T23:24:35.235+00:00,True,548,548.0,,548.0,242811.509658,277957.250458,277957.250564,507.2212601532847,44.522110999999995,242811.509658,10369.679380999192,110.17313149999998,64.2518113345521,25.15269190617396,1.9715261936756139,25,62,,True,True,,2736,92.534174553102
29,2026-09-22T23:20:00.430+00:00,2026-09-22T23:24:11.573+00:00,2026-09-22T23:24:32.000+00:00,True,322,322.0,,322.0,251142.24287400002,271569.188922,271569.18891200004,843.3825742608697,42.509135,251142.24287400002,13992.08565717709,108.70078350000001,63.63534594392523,24.79183013435883,1.185701519668657,25,62,,True,True,,1597,92.534174553102
30,2026-09-22T23:20:03.529+00:00,2026-09-22T23:24:23.585+00:00,2026-09-22T23:24:44.145+00:00,True,320,320.0,,320.0,260055.74506299998,280615.82211899996,280615.822053,876.9244439156249,38.505916,260055.74506299998,14533.977459565433,109.97430049999998,64.45165221316614,25.51088832198241,1.1403490992902692,25,62,,True,True,,1240,92.534174553102
31,2026-09-22T23:20:06.562+00:00,2026-09-22T23:24:33.936+00:00,2026-09-22T23:24:53.776+00:00,True,315,315.0,,315.0,267373.770349,287214.131053,287214.13106,911.7908922539682,37.496717,267373.770349,15061.267229166613,109.031499,63.18586211464968,25.808342552979987,1.0967426945364072,25,62,,True,True,,1453,92.534174553102
32,2026-09-22T23:20:10.743+00:00,2026-09-22T23:24:49.206+00:00,2026-09-22T23:25:10.784+00:00,False,348,347.0,,347.0,278462.54122,300041.282468,300041.282435,862.1875932040231,0.03685,278462.54122,14923.846661614045,105.8301282,62.1865742017291,25.170840889277425,1.1565075217174763,25,62,,True,False,Request timeout: 300.0s exceeded,1758,92.534174553102
33,2026-09-22T23:20:14.375+00:00,2026-09-22T23:25:01.210+00:00,2026-09-22T23:25:14.420+00:00,False,243,242.0,,242.0,286835.15498,300044.870948,300044.871026,1234.7525556625515,0.04579,286835.15498,18396.9948457017,101.4966951,54.58560317355372,21.697844882505887,0.8065460317165042,25,62,,True,False,Request timeout: 300.0s exceeded,972,92.534174553102
0,2026-09-22T23:18:17.255+00:00,2026-09-22T23:18:17.620+00:00,2026-09-22T23:18:38.861+00:00,True,402,402.0,,402.0,364.940732,21606.593979999998,21606.594002,53.74774627363184,0.0349,364.940732,24.64275191504308,107.4234331,52.97170386034912,19.133145188738254,18.605431303615397,26,62,,False,True,,1589,92.534174553102
1,2026-09-22T23:18:22.351+00:00,2026-09-22T23:18:22.530+00:00,2026-09-22T23:18:51.905+00:00,True,483,483.0,,483.0,178.96087400000002,29554.428906,29554.428773,61.18929352587992,38.757114,178.96087400000002,24.028006087665258,110.29371499999999,60.94495442323651,23.44460952564377,16.342728243412058,26,62,,False,True,,2072,92.534174553102
2,2026-09-22T23:18:27.513+00:00,2026-09-22T23:18:45.411+00:00,2026-09-22T23:19:18.331+00:00,True,516,516.0,,516.0,17898.050931,50817.584243000005,50817.584163,98.48369023837209,0.021429,17898.050931,785.5631470540925,109.1041905,63.92142390679612,26.887271316409926,10.153965555162683,26,62,,False,True,,2078,92.534174553102
3,2026-09-22T23:18:32.205+00:00,2026-09-22T23:19:03.883+00:00,2026-09-22T23:19:32.766+00:00,True,451,451.0,,451.0,31678.055072,60560.791712,60560.79184,134.28113490022173,0.0165,31678.055072,1488.8778434402723,109.89149150000001,64.1838592,26.694175062307746,7.447062484664237,26,62,,False,True,,2042,92.534174553102
4,2026-09-22T23:18:36.349+00:00,2026-09-22T23:19:14.277+00:00,2026-09-22T23:19:38.872+00:00,True,382,382.0,,382.0,37927.218368,62523.029952,62523.030051,163.67285353664923,2.689634,37927.218368,1937.401804688759,109.45407655000001,64.5559359160105,26.404533143734813,6.109748684497024,26,62,,False,True,,1319,92.534174553102
5,2026-09-22T23:18:41.896+00:00,2026-09-22T23:19:33.795+00:00,2026-09-22T23:19:54.387+00:00,True,316,316.0,,316.0,51898.789156000006,72490.48989200001,72490.489761,229.4002840537975,3.085323,51898.789156000006,2915.992809660516,110.49929575,65.37047852698413,28.124193784709668,4.359192501951535,26,62,,False,True,,1149,92.534174553102
6,2026-09-22T23:18:47.169+00:00,2026-09-22T23:19:54.079+00:00,2026-09-22T23:20:18.388+00:00,True,376,376.0,,376.0,66910.277852,91219.26422,91219.26428,242.60442627659575,0.0,66910.277852,3447.441036680439,111.77179275,64.823963648,32.19873771871091,4.121936338942332,26,62,,False,True,,1473,92.534174553102
7,2026-09-22T23:18:51.609+00:00,2026-09-22T23:20:08.262+00:00,2026-09-22T23:20:33.959+00:00,True,399,399.0,,399.0,76653.476228,102350.529412,102350.529383,256.51761750125314,38.717314,76653.476228,3834.3267236158467,110.54586289999999,64.56546026130653,25.62078160159743,3.8983677201499614,26,62,,False,True,,1738,92.534174553102
8,2026-09-22T23:18:56.520+00:00,2026-09-22T23:20:26.033+00:00,2026-09-22T23:20:56.413+00:00,True,480,480.0,,480.0,89513.058727,119893.86717499999,119893.867145,249.77888988541665,40.955428999999995,89513.058727,4082.8701557350037,107.539625,63.425487365344466,24.216099056054837,4.0035408925410705,26,62,,True,True,,647,92.534174553102
9,2026-09-22T23:19:01.780+00:00,2026-09-22T23:20:44.282+00:00,2026-09-22T23:21:07.966+00:00,True,378,378.0,,378.0,102502.079497,126185.893385,126185.893379,333.82511475925924,0.018699999999999998,102502.079497,5269.02745660221,107.7634345,62.82178750132626,35.6936198130709,2.995580487326753,26,62,,True,True,,1460,92.534174553102
10,2026-09-22T23:19:06.775+00:00,2026-09-22T23:21:00.204+00:00,2026-09-22T23:21:28.443+00:00,True,456,456.0,,456.0,113429.550333,141668.049917,141668.049875,310.67554797149126,42.700706,113429.550333,5308.969870560273,106.89125299999999,62.062636448351654,23.261059739723734,3.2187921007394382,26,62,,True,True,,2165,92.534174553102
11,2026-09-22T23:19:10.444+00:00,2026-09-22T23:21:13.451+00:00,2026-09-22T23:21:35.358+00:00,True,346,346.0,,346.0,123007.50001100001,144914.483435,144914.48352900002,418.8279870780347,42.993524,123007.50001100001,6609.5580488968335,109.98321625,63.49850267826087,25.115684587763226,2.387615038873564,26,62,,True,True,,1658,92.534174553102
12,2026-09-22T23:19:14.222+00:00,2026-09-22T23:21:29.068+00:00,2026-09-22T23:22:01.021+00:00,True,486,486.0,,486.0,134846.016742,166799.340262,166799.340459,343.20851946296295,41.185669000000004,134846.016742,6113.811454524294,111.34102875,65.88314127835052,27.213234594046604,2.913680589123528,26,62,,True,True,,1698,92.534174553102
13,2026-09-22T23:19:17.612+00:00,2026-09-22T23:21:38.909+00:00,2026-09-22T23:22:01.740+00:00,True,354,354.0,,354.0,141296.75946399997,164127.56189599997,164127.56207099996,463.6371809915253,43.137145,141296.75946399997,7506.447443684962,110.51043215,64.67649414164306,26.57950069634841,2.1568589450217592,26,62,,True,True,,1574,92.534174553102
14,2026-09-22T23:19:22.289+00:00,2026-09-22T23:21:56.033+00:00,2026-09-22T23:22:29.906+00:00,True,532,532.0,,532.0,153743.74695300002,187616.68340100002,187616.68317800004,352.66293830451133,0.01676,153743.74695300002,6662.964525560344,110.70928050000002,63.79084076836158,35.31687342594368,2.835568726385259,26,62,,True,True,,2955,92.534174553102
15,2026-09-22T23:19:26.280+00:00,2026-09-22T23:22:07.582+00:00,2026-09-22T23:22:38.560+00:00,True,493,493.0,,493.0,161301.905125,192280.008677,192280.008839,390.0203019046653,0.01843,161301.905125,7261.915156733419,111.8454206,62.96362510569106,33.7896451493603,2.5639690958624928,26,62,,True,True,,2472,92.534174553102
16,2026-09-22T23:19:31.748+00:00,2026-09-22T23:22:29.908+00:00,2026-09-22T23:22:53.599+00:00,True,364,364.0,,364.0,178159.78475,201850.45354999998,201850.453446,554.5342127637363,39.517222000000004,178159.78475,9334.72729008968,110.43250365000002,65.26355041322314,26.667220481219378,1.8033152445200442,26,62,,True,True,,1613,92.534174553102
17,2026-09-22T23:19:35.340+00:00,2026-09-22T23:22:40.953+00:00,2026-09-22T23:23:14.300+00:00,True,511,511.0,,511.0,185612.587936,218959.853216,218959.853212,428.4928634285714,38.776695,185612.587936,8208.169882657368,111.6834525,65.38679466666666,27.19366316546161,2.333761155274011,26,62,,True,True,,2307,92.534174553102
18,2026-09-22T23:19:39.004+00:00,2026-09-22T23:22:55.991+00:00,2026-09-22T23:23:22.280+00:00,True,406,406.0,,406.0,196986.772881,223275.81915300002,223275.81915000002,549.9404412561577,39.760982000000006,196986.772881,9773.104775251491,111.43213825000001,64.91122536296297,26.880844992499124,1.8183787278898662,26,62,,True,True,,1852,92.534174553102
19,2026-09-22T23:19:42.562+00:00,2026-09-22T23:23:08.847+00:00,2026-09-22T23:23:37.812+00:00,True,456,456.0,,456.0,206284.11400600002,235249.87835800002,235249.87823600002,515.8988557807018,40.949829,206284.11400600002,9657.191600715667,108.729294,63.66102055384615,25.685980360623663,1.9383644454262607,26,62,,True,True,,2225,92.534174553102
20,2026-09-22T23:19:47.372+00:00,2026-09-22T23:23:24.454+00:00,2026-09-22T23:23:45.477+00:00,True,324,324.0,,324.0,217082.128298,238104.359338,238104.359238,734.8899976481481,41.972286999999994,217082.128298,12056.530963370455,109.9422965,65.084306625387,26.26450873335973,1.3607478708109968,26,62,,True,True,,1267,92.534174553102
21,2026-09-22T23:19:52.189+00:00,2026-09-22T23:23:41.921+00:00,2026-09-22T23:24:09.817+00:00,True,434,434.0,,434.0,229731.489149,257627.581309,257627.581493,593.6119389239632,0.0162,229731.489149,11024.449798500027,109.98993899999999,64.4251551039261,41.502900692051206,1.6846022378304981,26,62,,True,True,,1679,92.534174553102
22,2026-09-22T23:19:55.746+00:00,2026-09-22T23:23:54.185+00:00,2026-09-22T23:24:31.743+00:00,True,595,595.0,,595.0,238438.675207,275997.029383,275997.02934199997,463.8605535159664,42.586375,238438.675207,9772.4707074624,108.712916,63.22955248484848,24.31652853178899,2.1558203047697333,26,62,,True,True,,2497,92.534174553102
23,2026-09-22T23:20:01.266+00:00,2026-09-22T23:24:13.851+00:00,2026-09-22T23:24:33.742+00:00,True,315,315.0,,315.0,252585.04822,272475.922076,272475.922116,865.002927352381,41.114259,252585.04822,14228.007474527065,109.70296769999999,63.346732025477706,24.74318325988407,1.156065451948958,26,62,,True,True,,1614,92.534174553102
24,2026-09-22T23:20:05.183+00:00,2026-09-22T23:24:29.077+00:00,2026-09-22T23:24:56.956+00:00,True,437,437.0,,437.0,263894.339689,291772.968809,291772.968851,667.6726975995423,43.175045,263894.339689,12620.74694140505,110.587451,63.94180990825688,26.35652506309474,1.4977398413012974,26,62,,True,True,,1992,92.534174553102
25,2026-09-22T23:20:10.803+00:00,2026-09-22T23:24:50.072+00:00,2026-09-22T23:25:10.830+00:00,False,333,332.0,,332.0,279269.373363,300027.121587,300027.121526,900.9823469249249,0.028489999999999998,279269.373363,15300.462313443031,107.15562259999999,62.52333802409638,25.498263071684526,1.1065666271898313,26,62,,True,False,Request timeout: 300.0s exceeded,1686,92.534174553102
26,2026-09-22T23:20:15.021+00:00,2026-09-22T23:25:04.587+00:00,2026-09-22T23:25:15.073+00:00,False,203,202.0,,202.0,289566.43141799996,300052.443834,300052.44382999995,1478.0908563054186,0.02093,289566.43141799996,20319.94724153364,99.0493871,51.91095255445544,21.616533501799537,0.6732156466346056,26,62,,True,False,Request timeout: 300.0s exceeded,1077,92.534174553102
0,2026-09-22T23:18:17.258+00:00,2026-09-22T23:18:17.623+00:00,2026-09-22T23:18:34.175+00:00,True,331,331.0,,331.0,364.972483,16917.398723000002,16917.398845,51.10996629909366,0.03056,364.972483,23.628414154853424,78.378377,50.15886739393939,16.114279249926643,19.56565577366158,27,62,,False,True,,1594,92.534174553102
1,2026-09-22T23:18:21.972+00:00,2026-09-22T23:18:22.210+00:00,2026-09-22T23:18:40.408+00:00,True,324,324.0,,324.0,238.019883,18435.570219,18435.5702,56.899908024691356,40.494220999999996,238.019883,21.5403313836412,111.89391765,56.33916512693498,19.058703908848027,17.574720833211888,27,62,,False,True,,1343,92.534174553102
2,2026-09-22T23:18:25.819+00:00,2026-09-22T23:18:41.034+00:00,2026-09-22T23:19:00.379+00:00,True,302,302.0,,302.0,15215.552187000001,34560.213947,34560.213881,114.43779430794703,40.204731,15215.552187000001,872.2302279169942,108.1721765,64.267979269103,25.506908359922086,8.738371830195662,27,62,,False,True,,1333,92.534174553102
3,2026-09-22T23:18:30.922+00:00,2026-09-22T23:18:54.319+00:00,2026-09-22T23:19:24.228+00:00,True,477,477.0,,477.0,23396.389442000003,53306.237250000006,53306.237256,111.75311793710692,0.01616,23396.389442000003,1068.6879174394992,108.04402180000001,62.83581472268908,26.091712646618838,8.948296195864021,27,62,,False,True,,2247,92.534174553102
4,2026-09-22T23:18:35.379+00:00,2026-09-22T23:19:12.719+00:00,2026-09-22T23:19:32.716+00:00,True,315,315.0,,315.0,37340.236104999996,57337.682505,57337.682506,182.0243889079365,8.438841,37340.236104999996,2100.4376640111655,108.2162327,63.68613503184714,24.463279745247092,5.493769302108281,27,62,,False,True,,1048,92.534174553102
5,2026-09-22T23:18:38.283+00:00,2026-09-22T23:19:20.860+00:00,2026-09-22T23:19:56.650+00:00,True,559,559.0,,559.0,42576.976298,78367.02225000001,78367.022295,140.1914531216458,0.01638,42576.976298,1798.3423335435289,110.74388579999999,64.13986729749104,29.463182472166228,7.133102470280475,27,62,,False,True,,3507,92.534174553102
6,2026-09-22T23:18:43.142+00:00,2026-09-22T23:19:39.023+00:00,2026-09-22T23:20:04.650+00:00,True,393,393.0,,393.0,55880.606353,81508.078993,81508.07909300001,207.39969234860052,0.01676,55880.606353,2815.6828706216456,112.12845400000002,65.37620571428572,31.60692726724108,4.821607929610895,27,62,,False,True,,1595,92.534174553102
7,2026-09-22T23:18:46.236+00:00,2026-09-22T23:19:49.464+00:00,2026-09-22T23:20:12.387+00:00,True,353,353.0,,353.0,63228.73406,86151.983468,86151.983405,244.0566102124646,0.0,63228.73406,3362.0185366116175,113.299661,65.12286763636364,32.71581211481637,4.097410016463719,27,62,,False,True,,1547,92.534174553102
8,2026-09-22T23:18:50.530+00:00,2026-09-22T23:20:05.532+00:00,2026-09-22T23:20:29.831+00:00,True,379,379.0,,379.0,75002.60787,99301.05599800001,99301.056072,262.0080635145119,0.0,75002.60787,3849.4212100004447,111.2507221,64.2816088042328,27.497151686613144,3.816676430990153,27,62,,False,True,,932,92.534174553102
9,2026-09-22T23:18:54.009+00:00,2026-09-22T23:20:18.634+00:00,2026-09-22T23:20:38.994+00:00,True,319,319.0,,319.0,84625.28092399999,104985.36284399999,104985.36294199999,329.1077208213166,43.416934,84625.28092399999,4734.584455864207,108.114578,64.0254148427673,24.480062890315203,3.03851881213202,27,62,,False,True,,1584,92.534174553102
10,2026-09-22T23:18:58.402+00:00,2026-09-22T23:20:33.085+00:00,2026-09-22T23:21:01.312+00:00,True,451,451.0,,451.0,94683.04066500001,122909.618585,122909.61857100001,272.5268704456763,0.01749,94683.04066500001,4455.6222095327275,106.974508,62.72572871111112,33.49116326713244,3.669362944838236,27,62,,True,True,,1923,92.534174553102
11,2026-09-22T23:19:02.368+00:00,2026-09-22T23:20:46.191+00:00,2026-09-22T23:21:22.664+00:00,True,579,579.0,,579.0,103822.99822400001,140296.6932,140296.69341,242.3086241968912,0.01782,103822.99822400001,4312.2337306530835,106.19427800000001,63.10327850519031,32.15169716508169,4.126968261287572,27,62,,True,True,,2905,92.534174553102
12,2026-09-22T23:19:06.706+00:00,2026-09-22T23:21:00.131+00:00,2026-09-22T23:21:37.029+00:00,True,585,585.0,,585.0,113424.248944,150322.448496,150322.44839,256.96145023931626,0.018709,113424.248944,4686.972085001904,109.19442399999998,63.18184854794521,25.416182298945355,3.891634322438319,27,62,,True,True,,3097,92.534174553102
13,2026-09-22T23:19:09.733+00:00,2026-09-22T23:21:12.151+00:00,2026-09-22T23:21:48.114+00:00,True,563,563.0,,563.0,122418.481866,158381.191882,158381.191913,281.31650428596805,40.84273,122418.481866,5156.689407874801,109.15762000000001,63.99058721708185,25.39249863162082,3.5547150094656206,27,62,,True,True,,3554,92.534174553102
14,2026-09-22T23:19:12.938+00:00,2026-09-22T23:21:22.510+00:00,2026-09-22T23:21:48.643+00:00,True,408,408.0,,408.0,129571.621735,155704.474983,155704.47488599998,381.62861491666666,39.612293,129571.621735,6411.62296428533,110.6603975,64.20848463882064,25.507218212471585,2.6203485805051265,27,62,,True,True,,1823,92.534174553102
15,2026-09-22T23:19:17.276+00:00,2026-09-22T23:21:38.314+00:00,2026-09-22T23:22:02.566+00:00,True,375,375.0,,375.0,141037.630748,165290.210332,165290.210308,440.77389415466666,43.905893,141037.630748,7279.852436143435,111.25575769999999,64.84646947593583,26.789124405375148,2.2687369036967127,27,62,,True,True,,1841,92.534174553102
16,2026-09-22T23:19:20.202+00:00,2026-09-22T23:21:49.585+00:00,2026-09-22T23:22:26.755+00:00,True,584,584.0,,584.0,149382.705747,186552.90171499999,186552.901665,319.43990011130137,0.01671,149382.705747,6178.954241781049,111.45463115000001,63.756768384219555,33.77817477484,3.130479315149901,27,62,,True,True,,2692,92.534174553102
17,2026-09-22T23:19:25.363+00:00,2026-09-22T23:22:05.793+00:00,2026-09-22T23:22:41.962+00:00,True,570,570.0,,570.0,160429.883044,196599.748004,196599.74799799998,344.9118385929824,0.01771,160429.883044,6717.093726974886,109.3942085,63.56742523725835,34.39803330442115,2.8992916104266975,27,62,,True,True,,1831,92.534174553102
18,2026-09-22T23:19:30.003+00:00,2026-09-22T23:22:22.523+00:00,2026-09-22T23:23:01.169+00:00,True,600,600.0,,600.0,172520.09392500002,211166.25917300003,211166.25926900003,351.94376544833335,41.722187,172520.09392500002,7040.51604549688,110.46185104999999,64.5178050884808,25.646189528673037,2.8413630205403417,27,62,,True,True,,2781,92.534174553102
19,2026-09-22T23:19:34.590+00:00,2026-09-22T23:22:38.716+00:00,2026-09-22T23:23:16.723+00:00,True,587,587.0,,587.0,184125.735206,222132.07427800001,222132.074162,378.4192064088586,41.802867,184125.735206,7597.052884604547,110.8516593,64.8572339112628,26.865777082323596,2.642572000950052,27,62,,True,True,,2728,92.534174553102
20,2026-09-22T23:19:39.908+00:00,2026-09-22T23:22:58.123+00:00,2026-09-22T23:23:17.843+00:00,True,304,304.0,,304.0,198215.00434400002,217934.58399200003,217934.583982,716.890078888158,36.526539,198215.00434400002,11364.710699979225,112.8682636,65.08112095049505,27.510253943919963,1.3949139894710758,27,62,,True,True,,643,92.534174553102
21,2026-09-22T23:19:42.995+00:00,2026-09-22T23:23:10.024+00:00,2026-09-22T23:23:47.171+00:00,True,580,580.0,,580.0,207028.734507,244175.949867,244175.94968999998,420.9930167068965,0.01565,207028.734507,8593.832052005624,109.2171749,64.15753948186529,40.60210491732498,2.3753363110327603,27,62,,True,True,,2449,92.534174553102
22,2026-09-22T23:19:46.409+00:00,2026-09-22T23:23:20.928+00:00,2026-09-22T23:23:53.553+00:00,True,503,503.0,,503.0,214518.739313,247144.234865,247144.23487,491.34042717693836,0.016050000000000002,214518.739313,9562.103954952354,110.20920609999999,64.99102699601593,40.1036522690208,2.035248769912673,27,62,,True,True,,2674,92.534174553102
23,2026-09-22T23:19:49.562+00:00,2026-09-22T23:23:33.628+00:00,2026-09-22T23:24:07.219+00:00,True,519,519.0,,519.0,224066.619868,257657.562844,257657.562897,496.450024849711,0.01594,224066.619868,9832.665016633275,109.98832999999999,64.84738026254826,39.33116252119946,2.0143014405295414,27,62,,True,True,,2511,92.534174553102
24,2026-09-22T23:19:54.325+00:00,2026-09-22T23:23:49.545+00:00,2026-09-22T23:24:19.546+00:00,True,471,471.0,,471.0,235220.02055199997,265221.68276,265221.68286899995,563.1033606560509,42.514986,235220.02055199997,10835.453750287114,108.997294,63.83332384680851,24.921821085846776,1.775872904125299,27,62,,True,True,,2213,92.534174553102
25,2026-09-22T23:19:57.816+00:00,2026-09-22T23:24:02.481+00:00,2026-09-22T23:24:28.868+00:00,True,417,417.0,,417.0,244665.38673300002,271052.66302100004,271052.663155,650.0063864628298,40.045171,244665.38673300002,11978.234563922524,108.78867699999999,63.43095261538462,24.62668912994105,1.5384464234822608,27,62,,True,True,,2055,92.534174553102
26,2026-09-22T23:20:02.194+00:00,2026-09-22T23:24:16.494+00:00,2026-09-22T23:24:51.559+00:00,True,562,562.0,,562.0,254299.815704,289364.797976,289364.797759,514.8839817775801,37.702927,254299.815704,10724.380714499306,108.30499,62.50442472727273,24.091144258339153,1.942185103132733,27,62,,True,True,,2594,92.534174553102
27,2026-09-22T23:20:06.158+00:00,2026-09-22T23:24:32.451+00:00,2026-09-22T23:25:03.491+00:00,True,492,492.0,,492.0,266292.699861,297332.666069,297332.666089,604.3346871727642,39.504803,266292.699861,12002.578948872084,108.08533749999998,63.217853784114055,25.46560283380867,1.6547122336226079,27,62,,True,True,,1862,92.534174553102
28,2026-09-22T23:20:10.018+00:00,2026-09-22T23:24:46.957+00:00,2026-09-22T23:25:10.074+00:00,False,368,367.0,,367.0,276938.522552,300056.058808,300056.058701,815.3697247309783,0.02278,276938.522552,14433.157582855241,107.52986335,62.99056200544959,25.662946306921388,1.2231047806797868,27,62,,True,False,Request timeout: 300.0s exceeded,1489,92.534174553102
29,2026-09-22T23:20:13.430+00:00,2026-09-22T23:24:57.647+00:00,2026-09-22T23:25:13.447+00:00,False,275,274.0,,274.0,284216.338546,300016.659058,300016.659039,1090.9696692327273,0.03782,284216.338546,17135.426832085173,102.98508229999999,57.66540332846715,22.029919054971558,0.913282618572956,27,62,,True,False,Request timeout: 300.0s exceeded,1411,92.534174553102
30,2026-09-22T23:20:17.183+00:00,2026-09-22T23:25:09.781+00:00,2026-09-22T23:25:17.490+00:00,False,175,174.0,,174.0,292597.95886799996,300306.98465999996,300306.98463599995,1716.039912205714,0.0177,292597.95886799996,22115.018964195104,118.17943869999999,44.30474593103448,42.92687555135459,0.5794071030249212,27,62,,True,False,Request timeout: 300.0s exceeded,742,92.534174553102
0,2026-09-22T23:18:17.258+00:00,2026-09-22T23:18:17.622+00:00,2026-09-22T23:18:51.156+00:00,True,578,578.0,,578.0,363.534806,33897.834966,33897.83492,58.64677321799308,34.501134,363.534806,26.207107752150932,109.78919835,58.11837116117851,22.942148275024923,17.051236475124206,28,62,,False,True,,2398,92.534174553102
1,2026-09-22T23:18:20.104+00:00,2026-09-22T23:18:20.236+00:00,2026-09-22T23:18:42.911+00:00,True,387,387.0,,387.0,132.21762700000002,22807.144219,22807.144276,58.93318934366925,37.758007,151.220495,22.152189709053044,112.5013586,58.74333313989637,21.863396519285153,16.968367292455714,28,62,,False,True,,1601,92.534174553102
2,2026-09-22T23:18:24.396+00:00,2026-09-22T23:18:37.392+00:00,2026-09-22T23:19:14.021+00:00,True,568,568.0,,568.0,12995.365093,49624.732645000004,49624.732532,87.36748685211268,0.016829999999999998,12995.365093,543.2296650005678,110.585423,64.60205917460317,26.933157086799024,11.44590549360329,28,62,,False,True,,3231,92.534174553102
3,2026-09-22T23:18:28.847+00:00,2026-09-22T23:18:49.706+00:00,2026-09-22T23:19:14.074+00:00,True,394,394.0,,394.0,20858.270211,45227.160579,45227.160637,114.78974780964467,0.01723,20858.270211,1048.0195299939319,107.8335235,62.00735462595419,25.886689937877755,8.711579390702303,28,62,,False,True,,1691,92.534174553102
4,2026-09-22T23:18:33.587+00:00,2026-09-22T23:19:06.391+00:00,2026-09-22T23:19:34.041+00:00,True,429,429.0,,429.0,32804.394752,60454.448128,60454.448187,140.91945964335665,0.016640000000000002,32804.394752,1580.935894027501,108.960405,64.60292844859813,27.798686026511298,7.0962520258506,28,62,,False,True,,1966,92.534174553102
5,2026-09-22T23:18:36.675+00:00,2026-09-22T23:19:16.167+00:00,2026-09-22T23:19:39.334+00:00,True,360,360.0,,360.0,39492.701294,62659.73003,62659.729978999996,174.05480549722222,6.619975999999999,39492.701294,2078.2079151211524,109.11273455,64.5321134707521,25.899242463217217,5.745316805987522,28,62,,False,True,,1789,92.534174553102
6,2026-09-22T23:18:41.330+00:00,2026-09-22T23:19:31.742+00:00,2026-09-22T23:19:58.260+00:00,True,404,404.0,,404.0,50412.470166,76930.620566,76930.620515,190.42232800742573,0.01798,50412.470166,2505.043585003891,113.15156214999999,65.80186203473946,31.947215662843067,5.2514850007404,28,62,,False,True,,1417,92.534174553102
7,2026-09-22T23:18:44.256+00:00,2026-09-22T23:19:43.879+00:00,2026-09-22T23:20:22.095+00:00,True,582,582.0,,582.0,59622.334883,97838.990755,97838.990769,168.1082315618557,0.0,59622.334883,2468.899167448054,112.51410055000001,65.77737671600688,31.48596460863153,5.948548687070928,28,62,,False,True,,2526,92.534174553102
8,2026-09-22T23:18:48.914+00:00,2026-09-22T23:19:59.146+00:00,2026-09-22T23:20:31.761+00:00,True,504,504.0,,504.0,70231.73665199999,102847.01729199999,102847.01724599999,204.0615421547619,0.0,70231.73665199999,3125.6034458879867,111.234318,64.84151220675945,27.589219703235962,4.900482418163467,28,62,,False,True,,2352,92.534174553102
9,2026-09-22T23:18:52.724+00:00,2026-09-22T23:20:14.581+00:00,2026-09-22T23:20:41.468+00:00,True,416,416.0,,416.0,81857.59482099999,108744.041157,108744.04111399999,261.4039449855769,41.563348,81857.59482099999,4010.300875566211,110.01225849999999,64.78661767710844,25.12534409513975,3.8254969704445414,28,62,,False,True,,1474,92.534174553102
10,2026-09-22T23:18:56.647+00:00,2026-09-22T23:20:26.638+00:00,2026-09-22T23:20:57.939+00:00,True,493,493.0,,493.0,89990.54989,121291.822978,121291.82306099999,246.028038663286,43.110584,89990.54989,4050.1781059828195,106.839748,63.62047375609756,24.324757480164926,4.06457737954372,28,62,,True,True,,1456,92.534174553102
11,2026-09-22T23:18:59.547+00:00,2026-09-22T23:20:35.744+00:00,2026-09-22T23:20:55.602+00:00,True,317,317.0,,317.0,96197.01116400001,116054.94729200001,116054.94737200001,366.1039349274448,43.664403,96197.01116400001,5399.486264038273,107.47810679999999,62.84157002531646,24.0447697618446,2.731464770755634,28,62,,True,True,,1599,92.534174553102
12,2026-09-22T23:19:02.826+00:00,2026-09-22T23:20:46.989+00:00,2026-09-22T23:21:17.082+00:00,True,475,475.0,,475.0,104162.98157199999,134256.227012,134256.22706799998,282.6446885642105,0.016460000000000002,104162.98157199999,4776.527440473133,106.0157083,63.48785957805907,33.19316041940591,3.5380109405096265,28,62,,True,True,,883,92.534174553102
13,2026-09-22T23:19:07.250+00:00,2026-09-22T23:21:02.587+00:00,2026-09-22T23:21:38.160+00:00,True,558,558.0,,558.0,115337.893918,150910.600734,150910.60060900002,270.4491050340502,41.248538,115337.893918,4880.004659549134,108.691669,63.86482372710952,25.380186165449434,3.6975533679277386,28,62,,True,True,,1375,92.534174553102
14,2026-09-22T23:19:11.506+00:00,2026-09-22T23:21:17.576+00:00,2026-09-22T23:21:45.044+00:00,True,430,430.0,,430.0,126069.652345,153537.732473,153537.732432,357.06449402790696,42.935764999999996,126069.652345,6076.5861207463695,110.51633845,64.0281588065268,25.96369660156413,2.8006145009052843,28,62,,True,True,,1880,92.534174553102
15,2026-09-22T23:19:15.330+00:00,2026-09-22T23:21:32.269+00:00,2026-09-22T23:22:05.191+00:00,True,502,502.0,,502.0,136938.54455000002,169861.19645400002,169861.19656,338.36891745019926,39.427932999999996,136938.54455000002,6108.995457472959,111.2717485,65.71387605588822,27.563242487786873,2.9553541978961997,28,62,,True,True,,1059,92.534174553102
16,2026-09-22T23:19:19.904+00:00,2026-09-22T23:21:48.590+00:00,2026-09-22T23:22:18.890+00:00,True,472,472.0,,472.0,148685.958919,178985.965319,178985.965173,379.2075533326271,0.0179,148685.958919,6840.967022716977,109.550005,64.33122377919321,37.41806172329569,2.637078271241949,28,62,,True,True,,2285,92.534174553102
17,2026-09-22T23:19:24.282+00:00,2026-09-22T23:22:01.948+00:00,2026-09-22T23:22:24.998+00:00,True,371,371.0,,371.0,157666.047723,180716.915691,180716.91555099998,487.10758908625337,0.01616,157666.047723,8182.470734049218,108.987454,62.29964315675676,38.81796277903834,2.052934550047085,28,62,,True,True,,1178,92.534174553102
18,2026-09-22T23:19:28.387+00:00,2026-09-22T23:22:17.395+00:00,2026-09-22T23:22:37.016+00:00,True,305,305.0,,305.0,169007.581019,188628.519259,188628.51915100001,618.4541611508197,44.114742,169007.581019,9673.684424163164,111.18364000000001,64.54256,25.75898023672431,1.6169347095452407,28,62,,True,True,,1156,92.534174553102
19,2026-09-22T23:19:31.537+00:00,2026-09-22T23:22:28.805+00:00,2026-09-22T23:22:54.374+00:00,True,395,395.0,,395.0,177268.442893,202837.379085,202837.379152,513.5123522835443,43.970963000000005,177268.442893,8916.1163214272,109.9950203,64.89577713705583,26.14596613477185,1.9473728253729474,28,62,,True,True,,1935,92.534174553102
20,2026-09-22T23:19:34.806+00:00,2026-09-22T23:22:39.071+00:00,2026-09-22T23:23:16.312+00:00,True,576,576.0,,576.0,184264.822398,221506.432638,221506.432637,384.55977888368056,40.303881000000004,184264.822398,7675.04870414778,111.13487874999998,64.76801780869565,26.722134153512098,2.6003759490873843,28,62,,True,True,,874,92.534174553102
21,2026-09-22T23:19:37.721+00:00,2026-09-22T23:22:50.090+00:00,2026-09-22T23:23:18.093+00:00,True,432,432.0,,432.0,192369.37936000002,220372.011552,220372.01154700003,510.12039709953706,42.138117,192369.37936000002,9252.288021247923,109.75138455,64.97130438979119,26.504447599786488,1.960321535196693,28,62,,True,True,,1931,92.534174553102
22,2026-09-22T23:19:42.400+00:00,2026-09-22T23:23:07.676+00:00,2026-09-22T23:23:41.119+00:00,True,520,520.0,,520.0,205276.25200600002,238719.14506200003,238719.14510700002,459.07527905192313,42.680746,205276.25200600002,8999.172296121838,109.77042895000002,64.43717351830443,26.48671019724291,2.1782919835145433,28,62,,True,True,,2151,92.534174553102
23,2026-09-22T23:19:45.087+00:00,2026-09-22T23:23:16.463+00:00,2026-09-22T23:23:50.153+00:00,True,522,522.0,,522.0,211376.580766,245066.24655799998,245066.24635,469.4755677203065,0.01859,211376.580766,9248.967302864194,110.28245255,64.66346601151632,42.167987438506636,2.1300362956204086,28,62,,True,True,,2892,92.534174553102
24,2026-09-22T23:19:48.703+00:00,2026-09-22T23:23:29.574+00:00,2026-09-22T23:23:56.467+00:00,True,416,416.0,,416.0,220870.795151,247763.816591,247763.81655699998,595.5860974927884,0.01667,220870.795151,10825.985731862456,111.8680875,64.80246130120483,41.99530171588902,1.6790183721084604,28,62,,True,True,,1857,92.534174553102
25,2026-09-22T23:19:53.471+00:00,2026-09-22T23:23:47.275+00:00,2026-09-22T23:24:21.425+00:00,True,532,532.0,,532.0,233804.07349500002,267954.08539900003,267954.08546000003,503.6730929699248,38.302974999999996,233804.07349500002,10133.936268852976,109.67454249999999,64.3126401205273,25.659115182543108,1.9854147743551642,28,62,,True,True,,2084,92.534174553102
26,2026-09-22T23:19:58.004+00:00,2026-09-22T23:24:04.000+00:00,2026-09-22T23:24:36.805+00:00,True,510,510.0,,510.0,245995.62262,278801.054428,278801.05451600003,546.6687343450981,41.005729,245995.62262,10890.04402679133,109.52800450000001,64.45075011394891,25.024378793995783,1.8292613743744175,28,62,,True,True,,1735,92.534174553102
27,2026-09-22T23:20:01.723+00:00,2026-09-22T23:24:14.877+00:00,2026-09-22T23:24:36.506+00:00,True,343,343.0,,343.0,253154.86587799998,274783.14850199997,274783.148599,801.1170513090378,43.654744,253154.86587799998,13665.684900076501,110.1565941,63.24059246783626,24.359130108074147,1.2482570414884941,28,62,,True,True,,1175,92.534174553102
28,2026-09-22T23:20:04.652+00:00,2026-09-22T23:24:26.381+00:00,2026-09-22T23:24:48.993+00:00,True,357,357.0,,357.0,261729.222059,284341.178027,284341.17797799996,796.4738878935574,42.223337,261729.222059,13848.84098320313,110.2125506,63.51673024719101,25.430832844687462,1.2555339415738813,28,62,,True,True,,1902,92.534174553102
29,2026-09-22T23:20:07.332+00:00,2026-09-22T23:24:35.380+00:00,2026-09-22T23:25:07.380+00:00,False,513,512.0,,512.0,268048.591135,300048.479519,300048.479278,584.8898231539961,0.019719999999999998,268048.591135,11831.901576349905,107.27605460000001,62.499782,25.11428359510094,1.7063909166304525,28,62,,True,False,Request timeout: 300.0s exceeded,2104,92.534174553102
30,2026-09-22T23:20:11.334+00:00,2026-09-22T23:24:52.118+00:00,2026-09-22T23:25:11.342+00:00,False,310,309.0,,309.0,280783.95121100004,300007.98423500004,300007.984018,967.7676903806453,0.024149999999999998,280783.95121100004,15943.943650406614,105.44965094999999,62.21369910679611,25.51853473917127,1.0299725881893744,28,62,,True,False,Request timeout: 300.0s exceeded,1979,92.534174553102
31,2026-09-22T23:20:14.339+00:00,2026-09-22T23:25:00.755+00:00,2026-09-22T23:25:14.360+00:00,False,249,248.0,,248.0,286415.495119,300020.864207,300020.86412900005,1204.9030687911647,0.042369,286415.495119,18147.38047009601,100.5288554,54.860359225806455,21.43306034851779,0.8266091781833277,28,62,,True,False,Request timeout: 300.0s exceeded,538,92.534174553102
0,2026-09-22T23:18:17.259+00:00,2026-09-22T23:18:17.621+00:00,2026-09-22T23:18:52.399+00:00,True,596,596.0,,596.0,361.157531,35139.291034999995,35139.291182,58.958542251677855,5.7900979999999995,361.157531,26.816112831211424,110.3917735,58.45064454453781,23.797301227393135,16.961070711596392,29,62,,False,True,,2751,92.534174553102
1,2026-09-22T23:18:21.312+00:00,2026-09-22T23:18:21.548+00:00,2026-09-22T23:18:52.838+00:00,True,511,511.0,,511.0,236.038326,31525.87743,31525.877318,61.69447616046967,40.493351000000004,236.038326,24.844543946819172,111.6415175,61.35262569411765,23.63536810458107,16.208906512899553,29,62,,False,True,,2467,92.534174553102
2,2026-09-22T23:18:25.287+00:00,2026-09-22T23:18:39.395+00:00,2026-09-22T23:19:14.020+00:00,True,541,541.0,,541.0,14107.5238,48733.351384,48733.351445,90.08013206099815,0.0174,14107.5238,604.3742931265101,109.696867,64.12190293333333,26.9776134278972,11.101227078292416,29,62,,False,True,,2528,92.534174553102
3,2026-09-22T23:18:29.146+00:00,2026-09-22T23:18:50.008+00:00,2026-09-22T23:19:18.175+00:00,True,448,448.0,,448.0,20862.51089,49029.016106,49029.015912,109.4397676607143,0.01685,20862.51089,983.0409975691396,108.82296064999998,63.01231591946309,26.52265775945383,9.13744626307472,29,62,,False,True,,1664,92.534174553102
4,2026-09-22T23:18:31.870+00:00,2026-09-22T23:19:00.537+00:00,2026-09-22T23:19:29.958+00:00,True,464,464.0,,464.0,28667.437166,58088.561518,58088.561521999996,125.19086534913794,0.04474,28667.437166,1328.1624970123537,108.64018100000001,63.54454503671707,26.313248433206873,7.987803241714284,29,62,,False,True,,2236,92.534174553102
5,2026-09-22T23:18:35.063+00:00,2026-09-22T23:19:11.579+00:00,2026-09-22T23:19:41.534+00:00,True,467,467.0,,467.0,36515.812840000006,66471.086056,66471.08619100001,142.336373,4.0196309999999995,36515.812840000006,1686.975736098613,109.360646,64.28170218025751,26.006388145744026,7.025611099637604,29,62,,False,True,,2162,92.534174553102
6,2026-09-22T23:18:37.824+00:00,2026-09-22T23:19:18.484+00:00,2026-09-22T23:19:39.023+00:00,True,324,324.0,,324.0,40659.084162,61198.916226,61198.916372,188.8855443580247,6.613016,40659.084162,2255.450220560462,109.95527265000001,63.59081134365326,25.617313316594473,5.2942114007952075,29,62,,False,True,,1411,92.534174553102
7,2026-09-22T23:18:42.040+00:00,2026-09-22T23:19:34.350+00:00,2026-09-22T23:20:12.236+00:00,True,582,582.0,,582.0,52310.574865999995,90195.90913799999,90195.909116,154.97578885910653,0.0,52310.574865999995,2165.858462674689,111.24045849999999,65.20711578657487,30.77615844066674,6.452620806887576,29,62,,False,True,,2683,92.534174553102
8,2026-09-22T23:18:46.428+00:00,2026-09-22T23:19:50.432+00:00,2026-09-22T23:20:20.083+00:00,True,459,459.0,,459.0,64003.243045999996,93654.100006,93654.099941,204.03943342265794,0.0,64003.243045999996,2984.551877656267,111.864044,64.7398623580786,30.755466995905046,4.901013409670201,29,62,,False,True,,1996,92.534174553102
9,2026-09-22T23:18:49.710+00:00,2026-09-22T23:20:02.387+00:00,2026-09-22T23:20:35.174+00:00,True,508,508.0,,508.0,72677.509287,105464.35703099999,105464.357171,207.6070023051181,0.0,72677.509287,3221.7861714011074,109.65947315,64.66833874556212,26.92846457733252,4.816793220961651,29,62,,False,True,,3373,92.534174553102
10,2026-09-22T23:18:52.942+00:00,2026-09-22T23:20:15.261+00:00,2026-09-22T23:20:41.262+00:00,True,404,404.0,,404.0,82319.07053900001,108320.15290700001,108320.152931,268.11919042326736,42.125906,82319.07053900001,4092.391501834245,109.35831199999998,64.518814808933,24.74066479858316,3.729684543067998,29,62,,False,True,,1135,92.534174553102
11,2026-09-22T23:18:55.897+00:00,2026-09-22T23:20:23.324+00:00,2026-09-22T23:20:55.396+00:00,True,509,509.0,,509.0,87427.050613,119499.244661,119499.244789,234.77258308251473,41.666968000000004,87427.050613,3872.4119242924194,108.023383,63.1342402519685,24.029995374037426,4.259441149138227,29,62,,True,True,,1779,92.534174553102
12,2026-09-22T23:19:00.111+00:00,2026-09-22T23:20:38.067+00:00,2026-09-22T23:21:02.132+00:00,True,384,384.0,,384.0,97956.37902,122020.76199599999,122020.76191799999,317.762400828125,0.016370000000000003,97956.37902,4995.7274076752665,107.208958,62.831287143603134,34.41305541935436,3.1470054252946564,29,62,,True,True,,1896,92.534174553102
13,2026-09-22T23:19:04.185+00:00,2026-09-22T23:20:52.494+00:00,2026-09-22T23:21:18.488+00:00,True,407,407.0,,407.0,108309.842735,134303.844911,134303.844834,329.98487674201476,0.017929999999999998,108309.842735,5365.658417449254,106.12504430000001,64.02463590147784,34.77583886655183,3.0304419078225893,29,62,,True,True,,614,92.534174553102
14,2026-09-22T23:19:07.984+00:00,2026-09-22T23:21:04.321+00:00,2026-09-22T23:21:31.261+00:00,True,432,432.0,,432.0,116337.096666,143276.62920999998,143276.629003,331.65886343287036,39.508303,116337.096666,5594.315209559153,107.87795010000002,62.50471587935035,23.984665873459754,3.0151463108949845,29,62,,True,True,,2167,92.534174553102
15,2026-09-22T23:19:11.437+00:00,2026-09-22T23:21:17.432+00:00,2026-09-22T23:21:37.435+00:00,True,316,316.0,,316.0,125995.346049,145997.815937,145997.815991,462.01840503481014,43.334883999999995,125995.346049,7084.264777957204,109.35032024999998,63.4999044063492,25.2781999232041,2.1644159398682934,29,62,,True,True,,1399,92.534174553102
16,2026-09-22T23:19:14.519+00:00,2026-09-22T23:21:29.228+00:00,2026-09-22T23:21:57.627+00:00,True,432,432.0,,432.0,134708.692336,163108.11275200002,163108.11285900002,377.5650760625,39.238223,134708.692336,6478.061346929913,111.14736200000002,65.89192671925754,27.10928613892928,2.6485500488675284,29,62,,True,True,,1388,92.534174553102
17,2026-09-22T23:19:18.930+00:00,2026-09-22T23:21:43.564+00:00,2026-09-22T23:22:16.550+00:00,True,520,520.0,,520.0,144633.787449,177620.329785,177620.329647,341.57755701346156,0.01749,144633.787449,6339.923924058256,110.17390099999999,63.55788504046242,35.636656364215085,2.9275928078133426,29,62,,True,True,,2524,92.534174553102
18,2026-09-22T23:19:22.532+00:00,2026-09-22T23:21:56.358+00:00,2026-09-22T23:22:15.976+00:00,True,309,309.0,,309.0,153825.994461,173444.510941,173444.511018,561.3090971456311,0.01617,153825.994461,8747.31869811074,109.855737,63.69648207792208,39.11800149332166,1.7815496052516269,29,62,,True,True,,760,92.534174553102
19,2026-09-22T23:19:25.737+00:00,2026-09-22T23:22:06.346+00:00,2026-09-22T23:22:31.013+00:00,True,392,392.0,,392.0,160608.88257800002,185276.30657800002,185276.30666000003,472.64363943877555,0.01719,160608.88257800002,8108.874787612262,110.36976055,63.08804092071611,37.749540238049114,2.1157589291373893,29,62,,True,True,,1827,92.534174553102
20,2026-09-22T23:19:29.747+00:00,2026-09-22T23:22:21.739+00:00,2026-09-22T23:22:55.056+00:00,True,516,516.0,,516.0,171991.17726499998,205308.47953699998,205308.47946299997,397.884650122093,44.813831,171991.17726499998,7568.684350392204,109.47585450000001,64.69379081941747,25.51999584790789,2.5132912248127983,29,62,,True,True,,3241,92.534174553102
21,2026-09-22T23:19:32.457+00:00,2026-09-22T23:22:31.164+00:00,2026-09-22T23:23:07.383+00:00,True,562,562.0,,562.0,178707.38814899998,214925.62354099998,214925.62350999998,382.4299350711743,39.811962,178707.38814899998,7535.636615918248,110.64195050000001,64.5601343885918,25.695133963027875,2.6148580645750266,29,62,,True,True,,2531,92.534174553102
22,2026-09-22T23:19:36.069+00:00,2026-09-22T23:22:42.859+00:00,2026-09-22T23:23:03.099+00:00,True,318,318.0,,318.0,186790.097611,207030.371531,207030.371344,651.0389035974842,44.490871,186790.097611,10471.118383777506,111.174741,63.84944454258675,25.247882598837382,1.53600651753834,29,62,,True,True,,1376,92.534174553102
23,2026-09-22T23:19:39.340+00:00,2026-09-22T23:22:56.615+00:00,2026-09-22T23:23:30.943+00:00,True,534,534.0,,534.0,197275.109714,231602.538834,231602.53870099998,433.7126192902622,39.217473,197275.109714,8534.184025882314,111.314778,64.40418221388367,26.84876662450944,2.3056742067181824,29,62,,True,True,,2477,92.534174553102
24,2026-09-22T23:19:41.868+00:00,2026-09-22T23:23:05.902+00:00,2026-09-22T23:23:39.345+00:00,True,520,520.0,,520.0,204034.243915,237477.110347,237477.110358,456.68675068846153,42.336317,204034.243915,8944.708639058144,111.1095865,64.43712221965318,27.076216315249244,2.189684720519714,29,62,,True,True,,1983,92.534174553102
25,2026-09-22T23:19:45.500+00:00,2026-09-22T23:23:16.971+00:00,2026-09-22T23:23:42.232+00:00,True,395,395.0,,395.0,211471.141777,236731.988113,236731.98792500002,599.3214884177215,40.94856,211471.141777,10637.073647680209,108.768083,64.11382318781726,25.991457604431517,1.6685535535292908,29,62,,True,True,,1714,92.534174553102
26,2026-09-22T23:19:49.591+00:00,2026-09-22T23:23:33.935+00:00,2026-09-22T23:23:59.412+00:00,True,392,392.0,,392.0,224343.67983500002,249820.778075,249820.77824400002,637.2979036836736,0.01632,224343.67983500002,11327.856491229511,111.5588925,65.158819028133,42.7754716074647,1.5691248863307743,29,62,,True,True,,1719,92.534174553102
27,2026-09-22T23:19:52.051+00:00,2026-09-22T23:23:41.065+00:00,2026-09-22T23:24:12.881+00:00,True,493,493.0,,493.0,229014.042817,260830.519233,260830.519372,529.0679906125761,0.01834,229014.042817,10311.434870353596,110.2407156,64.66763499186992,38.99984827233307,1.8901162388884518,29,62,,True,True,,2054,92.534174553102
28,2026-09-22T23:19:55.261+00:00,2026-09-22T23:23:52.574+00:00,2026-09-22T23:24:15.640+00:00,True,359,359.0,,359.0,237312.56558000002,260378.95124400003,260378.95106000002,725.289557270195,41.044379,237312.56558000002,12521.503245806758,109.7928859,64.43124487150838,25.36797243545215,1.3787596819359742,29,62,,True,True,,1824,92.534174553102
29,2026-09-22T23:19:58.705+00:00,2026-09-22T23:24:06.697+00:00,2026-09-22T23:24:26.545+00:00,True,313,313.0,,313.0,247992.57049900002,267840.96755500004,267840.96769300004,855.7219415111822,42.180527000000005,247992.57049900002,14013.794575884194,109.06258460000001,63.616657230769235,24.617128552467292,1.168603902745859,29,62,,True,True,,1489,92.534174553102
30,2026-09-22T23:20:02.856+00:00,2026-09-22T23:24:19.801+00:00,2026-09-22T23:24:51.965+00:00,True,513,513.0,,513.0,256945.090157,289109.175917,289109.175765,563.5656447660818,43.406844,256945.090157,11341.656060735477,109.0545592,62.82048,24.6750441507096,1.7744161816132622,29,62,,True,True,,1885,92.534174553102
31,2026-09-22T23:20:06.347+00:00,2026-09-22T23:24:33.482+00:00,2026-09-22T23:25:03.337+00:00,True,474,474.0,,474.0,267135.726845,296990.192381,296990.192307,626.5615871455697,42.655656,267135.726845,12267.077655919831,108.4720753,63.11726328964059,25.487670663248554,1.5960122999345356,29,62,,True,True,,1914,92.534174553102
32,2026-09-22T23:20:10.844+00:00,2026-09-22T23:24:50.273+00:00,2026-09-22T23:25:10.879+00:00,False,330,329.0,,329.0,279429.1812,300034.929424,300034.929649,909.1967565121212,0.023829999999999997,279429.1812,15378.643233164154,106.211489,62.631453568389055,25.33806388766654,1.0965389950816942,29,62,,True,False,Request timeout: 300.0s exceeded,1643,92.534174553102
33,2026-09-22T23:20:14.559+00:00,2026-09-22T23:25:02.346+00:00,2026-09-22T23:25:14.604+00:00,False,227,226.0,,226.0,287786.42287699995,300044.87202899996,300044.8719469999,1321.7835768590305,0.05149,287786.42287699995,19097.467280144996,101.035504,54.240925451327435,21.108696733669866,0.7532206715339451,29,62,,True,False,Request timeout: 300.0s exceeded,557,92.534174553102
0,2026-09-22T23:18:17.260+00:00,2026-09-22T23:18:17.621+00:00,2026-09-22T23:18:41.755+00:00,True,440,440.0,,440.0,360.871631,24495.495886999997,24495.496009,55.671581838636364,0.030100000000000002,360.871631,26.003656957664813,111.67297045,54.97636504783599,21.554229285831617,17.96248592107549,30,62,,False,True,,2229,92.534174553102
1,2026-09-22T23:18:20.286+00:00,2026-09-22T23:18:20.447+00:00,2026-09-22T23:18:54.023+00:00,True,551,551.0,,551.0,161.740943,33737.790606999995,33737.790514,61.23010982577132,0.038829999999999996,195.585597,24.250270101025666,109.437513,61.047363025454544,23.889583965805244,16.331834126852314,30,62,,False,True,,2288,92.534174553102
2,2026-09-22T23:18:23.727+00:00,2026-09-22T23:18:34.329+00:00,2026-09-22T23:19:10.426+00:00,True,563,563.0,,563.0,10602.243992,46699.45052,46699.450588,82.94751436589698,0.018420000000000002,10602.243992,444.92978539167046,111.53589609999999,64.22990485409252,26.78355751194707,12.055816368950287,30,62,,False,True,,2637,92.534174553102
3,2026-09-22T23:18:27.964+00:00,2026-09-22T23:18:46.361+00:00,2026-09-22T23:19:06.019+00:00,True,318,318.0,,318.0,18397.450016,38054.976544,38054.976618,119.66973779245282,11.859724,18397.450016,1028.4783833006095,106.0586285,62.011124694006305,23.950400443975262,8.35633152032879,30,62,,False,True,,1407,92.534174553102
4,2026-09-22T23:18:31.184+00:00,2026-09-22T23:18:56.708+00:00,2026-09-22T23:19:19.698+00:00,True,362,362.0,,362.0,25523.938932,48514.144372,48514.144402,134.01697348618785,0.01666,25523.938932,1338.4361436580373,109.3882135,63.68477961218837,27.162952120563848,7.461741409355428,30,62,,False,True,,1517,92.534174553102
5,2026-09-22T23:18:34.041+00:00,2026-09-22T23:19:08.447+00:00,2026-09-22T23:19:31.592+00:00,True,362,362.0,,362.0,34405.923867,57551.186714999996,57551.186623,158.98117851657457,2.510575,34405.923867,1805.1364126030808,109.30047504999999,64.11430151800555,24.878704818676706,6.290052745439726,30,62,,False,True,,1813,92.534174553102
6,2026-09-22T23:18:37.827+00:00,2026-09-22T23:19:18.684+00:00,2026-09-22T23:19:55.141+00:00,True,569,569.0,,569.0,40857.104144000004,77314.34728,77314.347425,135.87758774165204,4.015711,40857.104144000004,1710.3325801113492,110.0266224,64.1852872112676,26.468470844482987,7.3595654625307985,30,62,,False,True,,3198,92.534174553102
7,2026-09-22T23:18:41.911+00:00,2026-09-22T23:19:34.195+00:00,2026-09-22T23:20:03.834+00:00,True,456,456.0,,456.0,52284.361213,81923.264765,81923.26478499999,179.6562824232456,0.016800000000000002,52284.361213,2445.5857348880872,111.3047265,65.14044736703296,31.04892600892544,5.566184420360362,30,62,,False,True,,2046,92.534174553102
8,2026-09-22T23:18:46.129+00:00,2026-09-22T23:19:49.050+00:00,2026-09-22T23:20:15.098+00:00,True,404,404.0,,404.0,62920.653652,88968.916564,88968.916501,220.2200903490099,0.0,62920.653652,3127.3652138515654,112.37300679999998,64.6358881191067,31.816728766422305,4.540911765620768,30,62,,False,True,,2079,92.534174553102
9,2026-09-22T23:18:49.434+00:00,2026-09-22T23:20:01.310+00:00,2026-09-22T23:20:29.468+00:00,True,437,437.0,,437.0,71876.096152,100033.92629599999,100033.926332,228.91058657208237,0.0,71876.096152,3435.319114911139,110.492388,64.5821792293578,27.339010620082213,4.3685179236784,30,62,,False,True,,2194,92.534174553102
10,2026-09-22T23:18:52.967+00:00,2026-09-22T23:20:15.741+00:00,2026-09-22T23:20:45.641+00:00,True,468,468.0,,468.0,82773.441783,112673.504247,112673.504325,240.7553511217949,37.564837,82773.441783,3823.323532819449,108.1655825,64.02582968736617,24.670912441718812,4.15359407810786,30,62,,False,True,,1798,92.534174553102
11,2026-09-22T23:18:56.694+00:00,2026-09-22T23:20:28.028+00:00,2026-09-22T23:20:53.695+00:00,True,405,405.0,,405.0,91333.071068,117000.736732,117000.736888,288.8907083654321,43.064695,91333.071068,4535.284835399195,108.26095819999999,63.533825900990095,24.324079472463044,3.461516664870978,30,62,,True,True,,1047,92.534174553102
12,2026-09-22T23:19:00.110+00:00,2026-09-22T23:20:38.017+00:00,2026-09-22T23:20:58.144+00:00,True,319,319.0,,319.0,97907.31239800001,118033.72673400001,118033.726722,370.0116825141066,39.743672,97907.31239800001,5478.26663842125,107.86689190000001,63.29061111949685,24.166142403816412,2.7026173690075566,30,62,,True,True,,1579,92.534174553102
13,2026-09-22T23:19:03.365+00:00,2026-09-22T23:20:48.685+00:00,2026-09-22T23:21:10.150+00:00,True,344,344.0,,344.0,105319.754133,126784.963477,126784.963603,368.56094070639534,0.01701,105319.754133,5675.201464296175,108.45039150000001,62.58078525947521,36.18360569352907,2.7132555041702946,30,62,,True,True,,1792,92.534174553102
14,2026-09-22T23:19:07.605+00:00,2026-09-22T23:21:03.601+00:00,2026-09-22T23:21:41.160+00:00,True,584,584.0,,584.0,115995.929391,153554.833199,153554.833187,262.9363581969178,42.886085,115995.929391,4797.347203949261,108.67535099999999,64.42350567409949,25.443523438545927,3.803201682640383,30,62,,True,True,,1996,92.534174553102
15,2026-09-22T23:19:11.112+00:00,2026-09-22T23:21:15.479+00:00,2026-09-22T23:21:37.029+00:00,True,339,339.0,,339.0,124366.654403,145916.42310699998,145916.423201,430.43192684660767,43.383754,124366.654403,6751.255026831103,110.44317699999999,63.756712142011835,25.587299430257236,2.3232477385455956,30,62,,True,True,,1476,92.534174553102
16,2026-09-22T23:19:14.939+00:00,2026-09-22T23:21:30.435+00:00,2026-09-22T23:22:07.438+00:00,True,560,560.0,,560.0,135495.65631400002,172498.568058,172498.56792300002,308.03315700535717,43.531023999999995,135495.65631400002,5723.003106865679,110.070362,66.19483317352415,27.053198889554242,3.246403760358802,30,62,,True,True,,2326,92.534174553102
17,2026-09-22T23:19:19.377+00:00,2026-09-22T23:21:46.142+00:00,2026-09-22T23:22:22.109+00:00,True,566,566.0,,566.0,146765.29841100003,182731.78237900004,182731.78227400003,322.84767186219085,0.01815,146765.29841100003,6166.427759211287,110.95725250000001,63.657493748672564,34.77044255040096,3.0974359940629905,30,62,,True,True,,2614,92.534174553102
18,2026-09-22T23:19:22.802+00:00,2026-09-22T23:21:57.167+00:00,2026-09-22T23:22:25.053+00:00,True,445,445.0,,445.0,154365.272448,182251.600768,182251.600864,409.55415924494383,0.01678,154365.272448,7314.72003005289,108.583552,62.807045765765764,34.60298755907328,2.441679514060728,30,62,,True,True,,2272,92.534174553102
19,2026-09-22T23:19:27.294+00:00,2026-09-22T23:22:14.511+00:00,2026-09-22T23:22:40.952+00:00,True,408,408.0,,408.0,167217.66404,193658.143784,193658.143839,474.65231333088235,0.016579999999999998,167217.66404,8275.372416222477,111.58332585,64.96432369533169,36.58454712240436,2.1068052808306885,30,62,,True,True,,2082,92.534174553102
20,2026-09-22T23:19:30.053+00:00,2026-09-22T23:22:22.623+00:00,2026-09-22T23:22:42.762+00:00,True,311,311.0,,311.0,172570.690633,192709.177673,192709.17758,619.6436578135048,36.0701,172570.690633,9781.93564645263,110.65698499999999,64.96286141935484,25.545681102222783,1.613830766937954,30,62,,True,True,,1501,92.534174553102
21,2026-09-22T23:19:33.419+00:00,2026-09-22T23:22:34.785+00:00,2026-09-22T23:23:07.431+00:00,True,504,504.0,,504.0,181365.939375,214012.18987099998,214012.189811,424.6273607361111,37.224227,181365.939375,8075.832408424075,111.67797630000001,64.90308249701789,26.191730567546788,2.3550060410287648,30,62,,True,True,,1905,92.534174553102
22,2026-09-22T23:19:37.011+00:00,2026-09-22T23:22:47.185+00:00,2026-09-22T23:23:10.029+00:00,True,352,352.0,,352.0,190173.632002,213017.63149,213017.631373,605.1637254914773,41.927847,190173.632002,10132.856154564606,112.17095904999998,65.08261962393162,27.208624477926417,1.6524453752389245,30,62,,True,True,,1536,92.534174553102
23,2026-09-22T23:19:40.976+00:00,2026-09-22T23:23:01.325+00:00,2026-09-22T23:23:29.341+00:00,True,434,434.0,,434.0,200348.870841,228365.249721,228365.249854,526.1872116451613,42.805364999999995,200348.870841,9613.984424290054,109.1156775,64.7029535334873,26.60032841787508,1.9004642804902652,30,62,,True,True,,1872,92.534174553102
24,2026-09-22T23:19:44.985+00:00,2026-09-22T23:23:16.156+00:00,2026-09-22T23:23:36.890+00:00,True,330,330.0,,330.0,211170.547182,231905.173998,231905.174168,702.7429520242424,40.841859,211170.547182,11621.114642664987,110.02677340000002,63.02318181155015,25.51240045502855,1.4229954179584021,30,62,,True,True,,1587,92.534174553102
25,2026-09-22T23:19:49.044+00:00,2026-09-22T23:23:32.381+00:00,2026-09-22T23:24:00.602+00:00,True,435,435.0,,435.0,223336.996874,251557.72033,251557.72041,578.2936101379311,0.016239999999999997,223336.996874,10705.149980767479,110.963506,65.02470842396313,40.98885824501937,1.72922540174619,30,62,,True,True,,2152,92.534174553102
26,2026-09-22T23:19:53.832+00:00,2026-09-22T23:23:47.686+00:00,2026-09-22T23:24:17.796+00:00,True,463,463.0,,463.0,233853.361326,263963.83249400003,263963.832424,570.1162687343412,43.327604,233853.361326,10865.089990323666,110.501091,65.17418001731602,26.19948822811388,1.754028177366019,30,62,,True,True,,1805,92.534174553102
27,2026-09-22T23:19:56.517+00:00,2026-09-22T23:23:57.291+00:00,2026-09-22T23:24:34.188+00:00,True,578,578.0,,578.0,240773.997068,277670.645004,277670.645109,480.39903998096884,42.020367,240773.997068,10012.249525109502,108.80490970000002,63.94566366724437,25.061235552098807,2.081602828385671,30,62,,True,True,,2952,92.534174553102
28,2026-09-22T23:20:00.500+00:00,2026-09-22T23:24:12.350+00:00,2026-09-22T23:24:32.308+00:00,True,314,314.0,,314.0,251850.07776699998,271808.389447,271808.389452,865.6318135414012,39.652592,251850.07776699998,14209.14523990185,108.69850430000001,63.764574057507986,24.789441779558533,1.1552255640042597,30,62,,True,True,,1564,92.534174553102
29,2026-09-22T23:20:03.517+00:00,2026-09-22T23:24:23.430+00:00,2026-09-22T23:24:47.111+00:00,True,373,373.0,,373.0,259912.919899,283594.199131,283594.19932200003,760.3061644021448,40.93037,259912.919899,13454.507461307692,109.3385056,63.65935277419355,24.77795583258905,1.315259624995718,30,62,,True,True,,1784,92.534174553102
30,2026-09-22T23:20:06.241+00:00,2026-09-22T23:24:32.560+00:00,2026-09-22T23:24:56.903+00:00,True,386,386.0,,386.0,266319.377261,290661.84330899996,290661.84348,753.0099572020725,38.718424,266319.377261,13552.105632549554,109.26386049999999,63.22718454025974,25.758101772814143,1.3280036884292614,30,62,,True,True,,1811,92.534174553102
31,2026-09-22T23:20:09.009+00:00,2026-09-22T23:24:42.573+00:00,2026-09-22T23:25:09.049+00:00,False,423,422.0,,422.0,273563.67875,300040.023838,300040.023677,709.3144767777778,0.03749,273563.67875,13298.09458742909,106.27772499999999,62.74015423696682,25.238342491164495,1.4064790243712604,30,62,,True,False,Request timeout: 300.0s exceeded,1326,92.534174553102
32,2026-09-22T23:20:11.721+00:00,2026-09-22T23:24:53.773+00:00,2026-09-22T23:25:11.752+00:00,False,298,297.0,,297.0,282052.131774,300030.935742,300030.935847,1006.8152209630873,0.026690000000000002,282052.131774,16335.35182565489,103.35976835,60.5346934949495,23.749537920942608,0.9898979225775361,30,62,,True,False,Request timeout: 300.0s exceeded,1879,92.534174553102
33,2026-09-22T23:20:14.537+00:00,2026-09-22T23:25:02.097+00:00,2026-09-22T23:25:14.589+00:00,False,231,230.0,,230.0,287560.094507,300052.066347,300052.06617,1298.9266933766235,0.0256,287560.094507,18916.504491362168,101.20628049999999,54.312921043478255,22.10626713355765,0.7665336313132163,30,62,,True,False,Request timeout: 300.0s exceeded,800,92.534174553102
0,2026-09-22T23:18:17.264+00:00,2026-09-22T23:18:17.623+00:00,2026-09-22T23:18:38.537+00:00,True,398,398.0,,398.0,358.830826,21273.126378,21273.126551,53.45006671105528,0.03581,358.830826,24.39820472790944,107.54534955,52.68084521914358,18.99167750982809,18.709050702185415,31,62,,False,True,,1733,92.534174553102
1,2026-09-22T23:18:21.940+00:00,2026-09-22T23:18:22.138+00:00,2026-09-22T23:18:55.633+00:00,True,552,552.0,,552.0,197.567102,33692.918398,33692.918321,61.03789550905797,40.020151,197.567102,23.7497974402912,109.15992200000001,60.79011124500907,23.046160854197673,16.383264681303668,31,62,,False,True,,2937,92.534174553102
2,2026-09-22T23:18:25.916+00:00,2026-09-22T23:18:41.287+00:00,2026-09-22T23:19:17.314+00:00,True,562,562.0,,562.0,15371.379541999999,51397.48591,51397.48611,91.45460161921707,0.01632,15371.379541999999,646.2456487115048,109.198624,64.21765840998218,26.728611444194808,10.934386965621137,31,62,,False,True,,2680,92.534174553102
3,2026-09-22T23:18:29.183+00:00,2026-09-22T23:18:50.363+00:00,2026-09-22T23:19:13.805+00:00,True,381,381.0,,381.0,21180.162598000003,44621.595174,44621.595107,117.11704752493439,0.01638,21180.162598000003,1082.2341297889843,108.59941,61.68798046315789,25.5946488452993,8.538466599284646,31,62,,False,True,,718,92.534174553102
4,2026-09-22T23:18:34.448+00:00,2026-09-22T23:19:10.114+00:00,2026-09-22T23:19:43.106+00:00,True,512,512.0,,512.0,35666.425318,68658.106342,68658.10639,134.09786404296875,7.5221729999999996,35666.425318,1573.6113502379912,110.19753150000001,64.56297656360078,26.125257421187783,7.4572403358989225,31,62,,False,True,,2419,92.534174553102
5,2026-09-22T23:18:37.632+00:00,2026-09-22T23:19:18.074+00:00,2026-09-22T23:19:46.374+00:00,True,446,446.0,,446.0,40441.414154,68742.055178,68742.055307,154.13016884977577,5.8886970000000005,40441.414154,1912.130734411994,110.78819425,63.59694612134832,26.676542762357347,6.4880224899463945,31,62,,False,True,,2406,92.534174553102
6,2026-09-22T23:18:41.483+00:00,2026-09-22T23:19:32.048+00:00,2026-09-22T23:20:02.231+00:00,True,459,459.0,,459.0,50564.383310000005,80747.256398,80747.256498,175.91994879738564,0.016059999999999998,50564.383310000005,2357.2806972620606,112.8044779,65.90146962445415,31.754149976621314,5.6844036624304275,31,62,,False,True,,1904,92.534174553102
7,2026-09-22T23:18:44.662+00:00,2026-09-22T23:19:45.173+00:00,2026-09-22T23:20:12.591+00:00,True,416,416.0,,416.0,60511.347745,87928.82896099999,87928.828803,211.36737693028846,0.0,60511.347745,2963.7521288191674,111.22186375,66.06621979759036,32.55553471476262,4.731099059496322,31,62,,False,True,,2053,92.534174553102
8,2026-09-22T23:18:49.809+00:00,2026-09-22T23:20:03.318+00:00,2026-09-22T23:20:28.845+00:00,True,397,397.0,,397.0,73508.903947,99035.556107,99035.55594,249.45983863979848,0.0,73508.903947,3686.176496111779,112.01956399999999,64.46124282828282,27.93438736370376,4.008661288992746,31,62,,False,True,,1877,92.534174553102
9,2026-09-22T23:18:52.955+00:00,2026-09-22T23:20:15.581+00:00,2026-09-22T23:20:43.818+00:00,True,440,440.0,,440.0,82626.66454700001,110863.074147,110863.074152,251.96153216363638,40.248381,82626.66454700001,3936.082298055607,108.0619095,64.3198396355353,24.640231291593523,3.9688598154564754,31,62,,False,True,,1672,92.534174553102
10,2026-09-22T23:18:57.515+00:00,2026-09-22T23:20:29.986+00:00,2026-09-22T23:21:05.541+00:00,True,562,562.0,,562.0,92470.596501,128025.98824500002,128025.988297,227.80424963879005,0.0192,92470.596501,3898.0912161421547,106.6094685,63.37859490909091,31.616673298856007,4.389733738469686,31,62,,True,True,,2478,92.534174553102
11,2026-09-22T23:19:01.899+00:00,2026-09-22T23:20:45.738+00:00,2026-09-22T23:21:17.828+00:00,True,505,505.0,,505.0,103838.96739800001,135928.639334,135928.63936600002,269.16562250693073,0.017929999999999998,103838.96739800001,4618.0559557431525,106.34908820000001,63.669984,32.740496467558394,3.715184691572821,31,62,,True,True,,2738,92.534174553102
12,2026-09-22T23:19:07.252+00:00,2026-09-22T23:21:03.151+00:00,2026-09-22T23:21:29.067+00:00,True,415,415.0,,415.0,115898.321938,141814.680338,141814.68024,341.72212106024097,39.659973,115898.321938,5686.202664834605,106.88297040000002,62.599899516908216,24.04256977694923,2.9263543027484333,31,62,,True,True,,1675,92.534174553102
13,2026-09-22T23:19:10.503+00:00,2026-09-22T23:21:13.606+00:00,2026-09-22T23:21:48.593+00:00,True,549,549.0,,549.0,123103.572119,158090.586775,158090.586755,287.9609959107468,42.774006,123103.572119,5251.268335030637,109.7050874,63.844917255474456,25.28060877426063,3.4726925315379837,31,62,,True,True,,2613,92.534174553102
14,2026-09-22T23:19:13.896+00:00,2026-09-22T23:21:27.597+00:00,2026-09-22T23:21:55.101+00:00,True,420,420.0,,420.0,133700.235757,161204.811757,161204.811772,383.82098040952377,39.444142,133700.235757,6520.755717659921,112.356027,65.64337947494033,26.885962584693754,2.605381287458762,31,62,,True,True,,1670,92.534174553102
15,2026-09-22T23:19:19.153+00:00,2026-09-22T23:21:44.481+00:00,2026-09-22T23:22:11.919+00:00,True,433,433.0,,433.0,145327.21492300002,172765.99917900003,172765.99894000002,398.99768808314093,40.134551,145327.21492300002,6980.973511037467,109.79026100000002,63.5157042962963,25.27000881956076,2.5062801827770276,31,62,,True,True,,658,92.534174553102
16,2026-09-22T23:19:24.512+00:00,2026-09-22T23:22:02.761+00:00,2026-09-22T23:22:34.211+00:00,True,497,497.0,,497.0,158248.830523,189698.38188300002,189698.382072,381.68688545674047,0.016059999999999998,158248.830523,7095.668302994084,110.61387699999999,63.406353548387095,34.2073299870167,2.6199485470916346,31,62,,True,True,,2316,92.534174553102
17,2026-09-22T23:19:27.796+00:00,2026-09-22T23:22:15.421+00:00,2026-09-22T23:22:46.243+00:00,True,478,478.0,,478.0,167625.748467,198447.395571,198447.395689,415.161915667364,0.03221,167625.748467,7664.111040268881,110.998943,64.61561237735849,25.763807987621473,2.4086987819851857,31,62,,True,True,,2190,92.534174553102
18,2026-09-22T23:19:31.786+00:00,2026-09-22T23:22:30.014+00:00,2026-09-22T23:22:49.574+00:00,True,301,301.0,,301.0,178227.966079,197788.338303,197788.338216,657.1041136744186,43.000805,178227.966079,10269.164902119923,111.060224,65.20124074666667,26.414095488695505,1.5218288529169293,31,62,,True,True,,1405,92.534174553102
19,2026-09-22T23:19:36.296+00:00,2026-09-22T23:22:43.360+00:00,2026-09-22T23:23:16.717+00:00,True,519,519.0,,519.0,187063.80291499998,220420.63875499996,220420.63872999998,424.7025794412331,37.358697,187063.80291499998,8208.406217159372,111.2548249,64.39543598455599,26.676844287821833,2.3545889483465037,31,62,,True,True,,2442,92.534174553102
20,2026-09-22T23:19:39.918+00:00,2026-09-22T23:22:58.227+00:00,2026-09-22T23:23:27.135+00:00,True,450,450.0,,450.0,198309.772904,227216.96317600002,227216.96320600001,504.92658490222226,38.358644999999996,198309.772904,9345.414663558537,110.38413394999999,64.3812700935412,26.42603909790458,1.9804859360409393,31,62,,True,True,,2478,92.534174553102
21,2026-09-22T23:19:43.934+00:00,2026-09-22T23:23:12.004+00:00,2026-09-22T23:23:47.530+00:00,True,554,554.0,,554.0,208070.057343,243596.921471,243596.921531,439.705634532491,0.01822,208070.057343,8837.402470132847,110.58659615,64.24387726582279,38.16845889399538,2.2742487739770274,31,62,,True,True,,2170,92.534174553102
22,2026-09-22T23:19:48.979+00:00,2026-09-22T23:23:31.813+00:00,2026-09-22T23:23:53.296+00:00,True,327,327.0,,327.0,222834.380456,244316.81604,244316.816097,747.1462265963303,0.016059999999999998,222834.380456,12319.20907268123,110.226953,65.89704166871165,45.506189868439385,1.3384260866696256,31,62,,True,True,,1504,92.534174553102
23,2026-09-22T23:19:54.019+00:00,2026-09-22T23:23:48.475+00:00,2026-09-22T23:24:23.268+00:00,True,546,546.0,,546.0,234455.18828499998,269248.781885,269248.781706,493.1296368241758,41.794997,234455.18828499998,10031.054648156942,109.28975575,63.84145614678899,24.97148443642596,2.0278643274724426,31,62,,True,True,,2506,92.534174553102
24,2026-09-22T23:19:58.269+00:00,2026-09-22T23:24:04.679+00:00,2026-09-22T23:24:42.777+00:00,True,595,595.0,,595.0,246409.908253,284507.681309,284507.681198,478.16417008067225,41.478697999999994,246409.908253,10099.222369464589,108.42682,64.13766507744107,24.799964065442914,2.091331936144734,31,62,,True,True,,3180,92.534174553102
25,2026-09-22T23:20:01.532+00:00,2026-09-22T23:24:14.100+00:00,2026-09-22T23:24:50.995+00:00,True,587,587.0,,587.0,252567.511248,289463.081168,289463.081022,493.12279560817717,43.026525,252567.511248,10422.007241585661,108.667925,62.961723412969285,24.660909726257692,2.0278924608672773,31,62,,True,True,,2288,92.534174553102
26,2026-09-22T23:20:04.808+00:00,2026-09-22T23:24:26.961+00:00,2026-09-22T23:25:02.247+00:00,True,559,559.0,,559.0,262152.720542,297439.088798,297439.08887200005,532.0913933309482,39.901422,262152.720542,11085.23304879521,109.1499739,63.23721909677419,25.39009618523839,1.8793763868058178,31,62,,True,True,,1140,92.534174553102
27,2026-09-22T23:20:09.227+00:00,2026-09-22T23:24:43.597+00:00,2026-09-22T23:25:09.294+00:00,False,410,409.0,,409.0,274370.22642699996,300066.826747,300066.82691799995,731.8703095560975,0.04298,274370.22642699996,13547.100688291925,107.45710900000002,62.827873643031786,25.46845386602138,1.363029710527937,31,62,,True,False,Request timeout: 300.0s exceeded,1298,92.534174553102
28,2026-09-22T23:20:12.770+00:00,2026-09-22T23:24:55.599+00:00,2026-09-22T23:25:12.795+00:00,False,293,292.0,,292.0,282829.59969400003,300025.49089400005,300025.49075800006,1023.9777841569967,0.02296,282829.59969400003,16519.65714700834,102.592871,58.89003835616438,22.960127392745814,0.9732506365706257,31,62,,True,False,Request timeout: 300.0s exceeded,1341,92.534174553102
29,2026-09-22T23:20:16.993+00:00,2026-09-22T23:25:08.805+00:00,2026-09-22T23:25:17.058+00:00,False,183,182.0,,182.0,291812.03912800003,300064.98376800003,300064.983772,1639.699364874317,0.01952,291812.03912800003,21568.04744931045,117.0666557,45.34584967032967,37.75668938193474,0.606535283506176,31,62,,True,False,Request timeout: 300.0s exceeded,855,92.534174553102
0,2026-09-22T23:18:17.265+00:00,2026-09-22T23:18:17.621+00:00,2026-09-22T23:18:37.831+00:00,True,388,388.0,,388.0,355.854923,20565.576010999997,20565.575818,53.00406138659794,0.03663,355.854923,24.070902682966636,104.91440880000002,52.22150151937985,18.511683380955894,18.866478614188523,32,62,,False,True,,1884,92.534174553102
1,2026-09-22T23:18:21.305+00:00,2026-09-22T23:18:21.619+00:00,2026-09-22T23:18:44.522+00:00,True,389,389.0,,389.0,313.943195,23217.188251,23217.188248,59.68428855526992,0.03712,313.943195,25.58224317620797,112.9193362,59.02898210309278,22.105743374053624,16.754828181368826,32,62,,False,True,,1588,92.534174553102
2,2026-09-22T23:18:23.971+00:00,2026-09-22T23:18:36.222+00:00,2026-09-22T23:18:56.614+00:00,True,304,304.0,,304.0,12250.374412000001,32643.287564000002,32643.287496,107.37923518421053,38.418095,12250.374412000001,699.2600413748652,111.69251665,67.3033437359736,26.82431055047628,9.312787488208151,32,62,,False,True,,1379,92.534174553102
3,2026-09-22T23:18:28.038+00:00,2026-09-22T23:18:47.077+00:00,2026-09-22T23:19:09.748+00:00,True,365,365.0,,365.0,19038.856425,41710.07792900001,41710.07792,114.27418608219179,0.02422,19038.856425,993.6275242123584,107.26357019999999,62.28357556043956,26.34302140764595,8.750882715235216,32,62,,False,True,,1479,92.534174553102
4,2026-09-22T23:18:30.571+00:00,2026-09-22T23:18:52.543+00:00,2026-09-22T23:19:13.342+00:00,True,342,342.0,,342.0,21971.768645,42770.809925,42770.810033,125.0608480497076,0.01767,21971.768645,1185.0673869128163,107.716554,60.994255953079175,25.257553049826093,7.996107639759641,32,62,,False,True,,1351,92.534174553102
5,2026-09-22T23:18:34.893+00:00,2026-09-22T23:19:10.743+00:00,2026-09-22T23:19:36.611+00:00,True,400,400.0,,400.0,35850.091723,61717.192907,61717.192932,154.29298233,6.437726,35850.091723,1789.4586623010478,110.3170355,64.82982752882205,26.48849170885643,6.4811761708402615,32,62,,False,True,,1701,92.534174553102
6,2026-09-22T23:18:38.955+00:00,2026-09-22T23:19:23.725+00:00,2026-09-22T23:20:00.233+00:00,True,567,567.0,,567.0,44769.571286,81277.62095,81277.620984,143.34677422222222,0.01711,44769.571286,1877.670635614268,110.14818100000001,64.50185453003535,29.68106423391136,6.976090015587495,32,62,,False,True,,2190,92.534174553102
7,2026-09-22T23:18:42.177+00:00,2026-09-22T23:19:35.892+00:00,2026-09-22T23:20:05.796+00:00,True,457,457.0,,457.0,53715.177937,83618.786257,83618.786112,182.9732737680525,0.017129000000000002,53715.177937,2509.806540658901,110.84335060000001,65.57808842105264,30.43299986481486,5.465279041427644,32,62,,False,True,,1753,92.534174553102
8,2026-09-22T23:18:44.826+00:00,2026-09-22T23:19:45.483+00:00,2026-09-22T23:20:20.816+00:00,True,539,539.0,,539.0,60657.056732,95989.86620399999,95989.866371,178.0888058831169,0.0,60657.056732,2610.0414878415754,111.727187,65.67436704832714,31.17927257433954,5.615176073425335,32,62,,False,True,,2519,92.534174553102
9,2026-09-22T23:18:48.249+00:00,2026-09-22T23:19:57.110+00:00,2026-09-22T23:20:23.879+00:00,True,410,410.0,,410.0,68861.063895,95629.676759,95629.676719,233.2431139487805,0.0,68861.063895,3397.693091305891,111.80874895000001,65.44893120782396,28.571717221319425,4.2873720156270805,32,62,,False,True,,1989,92.534174553102
10,2026-09-22T23:18:52.805+00:00,2026-09-22T23:20:14.730+00:00,2026-09-22T23:20:47.243+00:00,True,508,508.0,,508.0,81924.746881,114437.367425,114437.367311,225.2704080925197,41.423619,81924.746881,3632.0599199760104,108.1090945,64.12745669428008,24.466455396637258,4.439109457257772,32,62,,False,True,,2225,92.534174553102
11,2026-09-22T23:18:55.596+00:00,2026-09-22T23:20:22.861+00:00,2026-09-22T23:20:45.641+00:00,True,361,361.0,,361.0,87264.74156299999,110044.89132299999,110044.89122299998,304.83349369252073,43.102114,87264.74156299999,4589.610173237915,107.39601199999998,63.27819377777777,23.396612942877006,3.280479408538877,32,62,,True,True,,1821,92.534174553102
12,2026-09-22T23:18:59.175+00:00,2026-09-22T23:20:34.411+00:00,2026-09-22T23:21:11.899+00:00,True,599,599.0,,599.0,95235.736851,132723.255315,132723.25526,221.57471662771283,0.016989999999999998,95235.736851,3888.7894551285267,106.14575199999999,62.68815796655519,31.09421022553114,4.513150303451778,32,62,,True,True,,2540,92.534174553102
13,2026-09-22T23:19:02.955+00:00,2026-09-22T23:20:47.396+00:00,2026-09-22T23:21:12.854+00:00,True,405,405.0,,405.0,104441.63557500001,129899.79570300001,129899.795939,320.7402368864198,0.01712,104441.63557500001,5186.728768875094,106.24025720000002,63.01524784158416,34.3441656308571,3.117787813354094,32,62,,True,True,,1801,92.534174553102
14,2026-09-22T23:19:05.549+00:00,2026-09-22T23:20:56.822+00:00,2026-09-22T23:21:26.973+00:00,True,487,487.0,,487.0,111273.419045,141424.532005,141424.532133,290.3994499650924,0.01794,111273.419045,5039.553028542383,106.2449643,62.039327078189295,29.191984389342363,3.443532696171711,32,62,,True,True,,1680,92.534174553102
15,2026-09-22T23:19:08.630+00:00,2026-09-22T23:21:08.123+00:00,2026-09-22T23:21:40.542+00:00,True,506,506.0,,506.0,119492.21781399999,151911.762646,151911.762765,300.2208750296442,42.965185,119492.21781399999,5309.282459848116,108.7893665,64.19711847920792,25.128385924369677,3.3308809744978856,32,62,,True,True,,2121,92.534174553102
16,2026-09-22T23:19:11.770+00:00,2026-09-22T23:21:18.283+00:00,2026-09-22T23:21:49.281+00:00,True,489,489.0,,489.0,126513.352962,157511.14829,157511.148267,322.1086876625767,43.325233999999995,126513.352962,5718.314278627267,110.76675640000002,63.520072393442625,25.145395634388315,3.1045421565950537,32,62,,True,True,,2495,92.534174553102
17,2026-09-22T23:19:15.969+00:00,2026-09-22T23:21:33.097+00:00,2026-09-22T23:22:08.134+00:00,True,536,536.0,,536.0,137127.896141,172164.51438100002,172164.514372,321.2024521865672,43.237233999999994,137127.896141,5920.253578018651,110.30926325,65.48900605607477,26.519367568748876,3.1133012626157806,32,62,,True,True,,2695,92.534174553102
18,2026-09-22T23:19:18.686+00:00,2026-09-22T23:21:42.239+00:00,2026-09-22T23:22:09.789+00:00,True,429,429.0,,429.0,143553.63954,171103.07698,171103.07688100002,398.84167105128205,43.396534,143553.63954,6927.778147156628,109.93814300000003,64.36784448598131,26.568723302558322,2.5072605798325016,32,62,,True,True,,1701,92.534174553102
19,2026-09-22T23:19:23.040+00:00,2026-09-22T23:21:58.599+00:00,2026-09-22T23:22:22.417+00:00,True,376,376.0,,376.0,155558.884555,179376.646859,179376.646968,477.0655504468085,0.018510000000000002,155558.884555,8019.144616583509,109.8356395,63.51403281066666,36.57225100943455,2.096148002451829,32,62,,True,True,,1647,92.534174553102
20,2026-09-22T23:19:26.765+00:00,2026-09-22T23:22:10.393+00:00,2026-09-22T23:22:42.205+00:00,True,498,498.0,,498.0,163628.687234,195440.503938,195440.503724,392.4508106907631,0.01645,163628.687234,7329.5878571762705,110.46198535000002,64.00767948490946,34.13095167932314,2.548090032340387,32,62,,True,True,,1844,92.534174553102
21,2026-09-22T23:19:30.455+00:00,2026-09-22T23:22:24.694+00:00,2026-09-22T23:22:59.095+00:00,True,528,528.0,,528.0,174238.313959,208639.232487,208639.232421,395.1500614034091,42.337985999999994,174238.313959,7579.954124482328,111.1871235,65.27688525237191,26.322668327155014,2.5306841561205364,32,62,,True,True,,2023,92.534174553102
22,2026-09-22T23:19:34.085+00:00,2026-09-22T23:22:37.433+00:00,2026-09-22T23:23:04.291+00:00,True,419,419.0,,419.0,183347.17190000002,210205.32153200003,210205.32149700003,501.6833448615752,39.951601000000004,183347.17190000002,8953.99264364949,109.98702000000002,64.25394648803828,25.480735898547916,1.993289213357116,32,62,,True,True,,1927,92.534174553102
23,2026-09-22T23:19:37.137+00:00,2026-09-22T23:22:48.110+00:00,2026-09-22T23:23:07.677+00:00,True,300,300.0,,300.0,190973.46099000002,210540.16665400003,210540.16656600003,701.8005552200001,41.973768,190973.46099000002,11022.112511770642,113.722723,65.44048717056856,26.938350587604578,1.4249062531284946,32,62,,True,True,,740,92.534174553102
24,2026-09-22T23:19:41.591+00:00,2026-09-22T23:23:05.330+00:00,2026-09-22T23:23:32.482+00:00,True,422,422.0,,422.0,203738.59937900002,230891.07195500002,230891.071885,547.1352414336493,41.80810700000001,203738.59937900002,9914.73778050816,109.4537875,64.49518426603325,27.30752758718074,1.827701679527247,32,62,,True,True,,2112,92.534174553102
25,2026-09-22T23:19:45.707+00:00,2026-09-22T23:23:18.249+00:00,2026-09-22T23:23:50.103+00:00,True,494,494.0,,494.0,212542.61322600002,244395.792106,244395.79208400002,494.7283240566802,0.016149999999999998,212542.61322600002,9559.921945305545,109.7851985,64.61091050709939,40.27516210914649,2.0213113971526195,32,62,,True,True,,2354,92.534174553102
26,2026-09-22T23:19:48.582+00:00,2026-09-22T23:23:29.190+00:00,2026-09-22T23:24:02.794+00:00,True,520,520.0,,520.0,220607.834713,254212.619865,254212.619752,488.8704226,0.01786,220607.834713,9671.532650218562,111.42686894999999,64.74910433911369,39.01906709912648,2.0455318082798044,32,62,,True,True,,2297,92.534174553102
27,2026-09-22T23:19:52.785+00:00,2026-09-22T23:23:44.721+00:00,2026-09-22T23:24:07.217+00:00,True,349,349.0,,349.0,231935.547472,254432.104016,254432.104166,729.0318170945559,0.017410000000000002,231935.547472,12411.841498610516,109.86314299999998,64.64527742528736,43.6876657010751,1.371682246427727,32,62,,True,True,,1643,92.534174553102
28,2026-09-22T23:19:55.536+00:00,2026-09-22T23:23:53.709+00:00,2026-09-22T23:24:17.351+00:00,True,369,369.0,,369.0,238173.26323500002,261814.684291,261814.68428100002,709.5248896504065,40.050761,238173.26323500002,12395.486375608658,109.854077,64.242992,25.373235288198575,1.4093938275435551,32,62,,True,True,,1156,92.534174553102
29,2026-09-22T23:19:59.623+00:00,2026-09-22T23:24:10.025+00:00,2026-09-22T23:24:29.232+00:00,True,306,306.0,,306.0,250402.049894,269608.957798,269608.95764,881.0750249673202,44.006383,250402.049894,14310.952834915848,109.61355524999999,62.97346853770492,24.18204590762352,1.1349771257573176,32,62,,True,True,,1260,92.534174553102
30,2026-09-22T23:20:02.519+00:00,2026-09-22T23:24:17.550+00:00,2026-09-22T23:24:52.218+00:00,True,557,557.0,,557.0,255031.552833,289698.971713,289698.97184,520.1058740394973,43.076445,255031.552833,10803.419102213722,109.7135238,62.3514728057554,24.31703924409818,1.9226854576198176,32,62,,True,True,,2842,92.534174553102
31,2026-09-22T23:20:05.253+00:00,2026-09-22T23:24:29.760+00:00,2026-09-22T23:24:52.531+00:00,True,359,359.0,,359.0,264507.67884999997,287278.66918599996,287278.66911599995,800.219134027855,41.816847,264507.67884999997,13956.847476730727,109.4604519,63.606118256983244,25.44262752335258,1.2496576965398143,32,62,,True,True,,1655,92.534174553102
32,2026-09-22T23:20:07.796+00:00,2026-09-22T23:24:37.356+00:00,2026-09-22T23:24:59.306+00:00,True,353,353.0,,353.0,269559.86076,291509.796376,291509.796183,825.8067880538244,43.790322999999994,269559.86076,14343.926959874361,107.3599782,62.35777163636363,25.272769689388365,1.2109370058517268,32,62,,True,True,,1688,92.534174553102
33,2026-09-22T23:20:11.566+00:00,2026-09-22T23:24:53.090+00:00,2026-09-22T23:25:11.617+00:00,False,303,302.0,,302.0,281523.78339399997,300050.888674,300050.88865299994,990.2669592508249,0.025079999999999998,281523.78339399997,16169.612940771467,104.4801011,61.34803072847682,24.510147026115746,1.0064959358547934,32,62,,True,False,Request timeout: 300.0s exceeded,1354,92.534174553102
34,2026-09-22T23:20:15.141+00:00,2026-09-22T23:25:04.883+00:00,2026-09-22T23:25:15.195+00:00,False,200,199.0,,199.0,289742.676467,300054.107379,300054.107225,1500.2705361249998,0.0201,289742.676467,20484.25076577092,100.47848400000001,51.81623573869347,23.658796071085863,0.6632137174801009,32,62,,True,False,Request timeout: 300.0s exceeded,946,92.534174553102
0,2026-09-22T23:18:17.267+00:00,2026-09-22T23:18:17.621+00:00,2026-09-22T23:18:42.236+00:00,True,446,446.0,,446.0,354.23440600000004,24968.863526,24968.863571,55.98399903811659,7.406103,354.23440600000004,26.170983819653806,110.99007750000001,55.31377330337079,22.037869835621365,17.86224669519226,33,62,,False,True,,1251,92.534174553102
1,2026-09-22T23:18:22.851+00:00,2026-09-22T23:18:23.093+00:00,2026-09-22T23:18:44.103+00:00,True,361,361.0,,361.0,241.742435,21251.283811,21251.28398,58.86782265927978,40.96993,241.742435,23.81045891065167,112.38301099999998,58.35983715555555,21.796836954727244,16.987209018080154,33,62,,False,True,,1664,92.534174553102
2,2026-09-22T23:18:26.464+00:00,2026-09-22T23:18:43.072+00:00,2026-09-22T23:19:20.656+00:00,True,591,591.0,,591.0,16608.430164999998,54192.165716999996,54192.165894,91.69571217258883,0.01613,16608.430164999998,681.0666811739266,109.46566800000001,63.701246698305084,26.30892949229849,10.905635384389228,33,62,,False,True,,3091,92.534174553102
3,2026-09-22T23:18:31.403+00:00,2026-09-22T23:18:57.639+00:00,2026-09-22T23:19:27.343+00:00,True,472,472.0,,472.0,26236.216517,55940.241605,55940.241486,118.51746077542373,0.01648,26236.216517,1205.0048097361573,109.9008465,63.06587067515924,26.367397002226785,8.437575284941424,33,62,,False,True,,2309,92.534174553102
4,2026-09-22T23:18:37.104+00:00,2026-09-22T23:19:16.755+00:00,2026-09-22T23:19:45.327+00:00,True,450,450.0,,450.0,39651.989370999996,68223.247995,68223.248045,151.60721787777777,3.954561,39651.989370999996,1866.396999249509,110.66572800000002,63.6330927037862,26.23520186567895,6.5959920294762275,33,62,,False,True,,2001,92.534174553102
5,2026-09-22T23:18:41.463+00:00,2026-09-22T23:19:31.844+00:00,2026-09-22T23:19:58.213+00:00,True,402,402.0,,402.0,50381.032726000005,76750.15887000001,76750.158695,190.92079277363186,0.01652,50381.032726000005,2509.6989436188073,112.94554495,65.7584193117207,31.814079060198054,5.2377741742647155,33,62,,False,True,,2066,92.534174553102
6,2026-09-22T23:18:46.577+00:00,2026-09-22T23:19:51.054+00:00,2026-09-22T23:20:25.411+00:00,True,532,532.0,,532.0,64477.399287,98833.995767,98833.995767,185.7781875319549,0.0,64477.399287,2792.811028088475,111.38740549999999,64.70168828625236,30.516560728044556,5.382763247316073,33,62,,False,True,,2270,92.534174553102
7,2026-09-22T23:18:51.018+00:00,2026-09-22T23:20:06.254+00:00,2026-09-22T23:20:30.950+00:00,True,383,383.0,,383.0,75236.20063400001,99931.868346,99931.868556,260.9187168563969,0.0,75236.20063400001,3841.187740844454,111.8329851,64.64834479581152,27.87111953764544,3.8326112214165406,33,62,,False,True,,2082,92.534174553102
8,2026-09-22T23:18:56.359+00:00,2026-09-22T23:20:25.566+00:00,2026-09-22T23:20:44.978+00:00,True,307,307.0,,307.0,89206.598905,108619.07634500001,108619.076189,353.808065762215,42.073487,89206.598905,5087.722472302231,106.8475637,63.43946875816994,23.400027598989933,2.8263911858806,33,62,,True,True,,990,92.534174553102
9,2026-09-22T23:19:00.034+00:00,2026-09-22T23:20:37.614+00:00,2026-09-22T23:21:11.202+00:00,True,535,535.0,,535.0,97579.713493,131168.164821,131168.164832,245.1741398728972,0.019010000000000003,97579.713493,4216.121043601415,106.365504,62.899721588014984,29.287533988450896,4.078733591569977,33,62,,True,True,,2567,92.534174553102
10,2026-09-22T23:19:03.692+00:00,2026-09-22T23:20:50.305+00:00,2026-09-22T23:21:10.753+00:00,True,326,326.0,,326.0,106612.843091,127060.472659,127060.472724,389.7560513006135,0.01686,106612.843091,5901.367000520668,107.517254,62.91578328615385,36.466278619007596,2.565707439755133,33,62,,True,True,,1489,92.534174553102
11,2026-09-22T23:19:09.363+00:00,2026-09-22T23:21:10.399+00:00,2026-09-22T23:21:32.783+00:00,True,353,353.0,,353.0,121036.35397400001,143420.41234200003,143420.41236500003,406.29012001416436,44.011263,121036.35397400001,6438.779606501152,109.6294816,63.591074909090906,25.185338051375297,2.4612953918877105,33,62,,True,True,,800,92.534174553102
12,2026-09-22T23:19:14.180+00:00,2026-09-22T23:21:28.702+00:00,2026-09-22T23:22:05.393+00:00,True,557,557.0,,557.0,134522.342018,171213.24147399998,171213.241469,307.3846345942549,42.191646999999996,134522.342018,5697.164631858398,111.6068134,65.99082635971223,27.487175545226727,3.25325304985003,33,62,,True,True,,1897,92.534174553102
13,2026-09-22T23:19:18.186+00:00,2026-09-22T23:21:40.749+00:00,2026-09-22T23:22:06.588+00:00,True,397,397.0,,397.0,142563.540132,168402.41501199998,168402.414869,424.1874429949622,44.069162,142563.540132,7151.8352471367625,111.366255,65.24968404040405,27.058656594787116,2.3574483772795696,33,62,,True,True,,1813,92.534174553102
14,2026-09-22T23:19:22.584+00:00,2026-09-22T23:21:56.356+00:00,2026-09-22T23:22:28.437+00:00,True,506,506.0,,506.0,153771.503642,185853.193754,185853.193752,367.2988018814229,0.016460000000000002,153771.503642,6833.246026244459,110.20084849999999,63.528099231683164,35.69375502491528,2.722578987099648,33,62,,True,True,,2315,92.534174553102
15,2026-09-22T23:19:28.116+00:00,2026-09-22T23:22:16.341+00:00,2026-09-22T23:22:41.357+00:00,True,388,388.0,,388.0,168224.627312,193241.404016,193241.404131,498.04485600773194,42.823265,168224.627312,8537.067095800589,111.02683834999999,64.64283386046512,25.278097284141385,2.0078512779169952,33,62,,True,True,,1511,92.534174553102
16,2026-09-22T23:19:32.147+00:00,2026-09-22T23:22:30.851+00:00,2026-09-22T23:23:00.959+00:00,True,470,470.0,,470.0,178703.131998,208812.00137399998,208812.00148,444.280854212766,41.358349000000004,178703.131998,8240.038327874796,110.3601495,64.1980157270789,25.29740475476868,2.2508284816359296,33,62,,True,True,,2080,92.534174553102
17,2026-09-22T23:19:36.530+00:00,2026-09-22T23:22:43.605+00:00,2026-09-22T23:23:03.404+00:00,True,313,313.0,,313.0,187074.547541,206873.857877,206873.85779,660.9388427795527,42.826155,187074.547541,10570.52163139407,110.42647360000001,63.459328,25.205147329849304,1.512999289577221,33,62,,True,True,,710,92.534174553102
18,2026-09-22T23:19:41.718+00:00,2026-09-22T23:23:05.643+00:00,2026-09-22T23:23:30.535+00:00,True,386,386.0,,386.0,203924.932196,228817.25219600002,228817.252224,592.7908088704663,34.957283000000004,203924.932196,10376.251437561072,109.361113,64.65537662337663,27.576603841568605,1.6869357371242293,33,62,,True,True,,1641,92.534174553102
19,2026-09-22T23:19:46.431+00:00,2026-09-22T23:23:20.927+00:00,2026-09-22T23:23:56.676+00:00,True,555,555.0,,555.0,214496.41314199998,250245.15221399997,250245.15227499997,450.8921662612612,0.01623,214496.41314199998,9102.225112008038,109.94147000000001,64.52840987725632,42.38847277128816,2.2178251809864653,33,62,,True,True,,2836,92.534174553102
20,2026-09-22T23:19:51.748+00:00,2026-09-22T23:23:40.306+00:00,2026-09-22T23:24:12.770+00:00,True,502,502.0,,502.0,228557.551778,261022.093986,261022.093957,519.9643305916335,0.01579,228557.551778,10198.208643282864,111.19513299999998,64.79948544510978,39.93102732243516,1.9232088454049598,33,62,,True,True,,1072,92.534174553102
21,2026-09-22T23:19:55.222+00:00,2026-09-22T23:23:52.469+00:00,2026-09-22T23:24:30.336+00:00,True,599,599.0,,599.0,237246.516386,275113.519266,275113.519117,459.2880118814691,42.632175000000004,237246.516386,9691.074011012304,109.543693,63.3227472909699,24.706739613102805,2.177283041553631,33,62,,True,True,,2643,92.534174553102
22,2026-09-22T23:20:00.039+00:00,2026-09-22T23:24:10.490+00:00,2026-09-22T23:24:33.324+00:00,True,360,360.0,,360.0,250450.57308700003,273284.691743,273284.69184600003,759.1241440166667,42.681385999999996,250450.57308700003,13196.57580068857,109.83714205,63.60478734261839,25.131312784882244,1.3173075948891717,33,62,,True,True,,1783,92.534174553102
23,2026-09-22T23:20:03.904+00:00,2026-09-22T23:24:24.372+00:00,2026-09-22T23:24:48.076+00:00,True,374,374.0,,374.0,260467.923161,284172.070873,284172.070833,759.81837121123,41.07834,260467.923161,13465.212481405,106.93377315,63.54999386595174,24.868478622543748,1.3161040029410394,33,62,,True,True,,1627,92.534174553102
24,2026-09-22T23:20:07.945+00:00,2026-09-22T23:24:38.826+00:00,2026-09-22T23:24:59.858+00:00,True,337,337.0,,337.0,270881.629106,291913.411762,291913.41178100003,866.2119043946587,38.836284,270881.629106,14752.474919964649,107.36416059999999,62.59459123809524,25.560837459138277,1.1544519245136964,33,62,,True,True,,1586,92.534174553102
25,2026-09-22T23:20:13.336+00:00,2026-09-22T23:24:57.502+00:00,2026-09-22T23:25:13.355+00:00,False,276,275.0,,275.0,284165.290048,300018.679616,300018.679414,1087.0242007753623,0.02149,284165.290048,17101.28473685144,103.73634575,57.64868933818182,22.19473125066825,0.9166095936158979,33,62,,True,False,Request timeout: 300.0s exceeded,1100,92.534174553102
0,2026-09-22T23:18:17.268+00:00,2026-09-22T23:18:17.622+00:00,2026-09-22T23:18:48.719+00:00,True,546,546.0,,546.0,354.355326,31451.494526000002,31451.494554,57.60346987912088,33.507866,354.355326,25.510562935473104,111.44419150000002,57.05897100917431,22.131651636536667,17.360065339618068,34,62,,False,True,,2556,92.534174553102
1,2026-09-22T23:18:21.942+00:00,2026-09-22T23:18:22.138+00:00,2026-09-22T23:18:48.258+00:00,True,439,439.0,,439.0,195.905057,26316.157473,26316.157369,59.945688767653756,37.507146999999996,195.905057,23.045922278052203,109.6696281,59.63527948858447,22.134447436486386,16.681766722607875,34,62,,False,True,,1541,92.534174553102
2,2026-09-22T23:18:28.145+00:00,2026-09-22T23:18:47.337+00:00,2026-09-22T23:19:07.512+00:00,True,329,329.0,,329.0,19192.281276,39367.768508,39367.768464,119.65887071124621,0.01675,19192.281276,1055.0439091560559,107.291659,61.510631804878045,26.44158260660776,8.357090393201823,34,62,,False,True,,1445,92.534174553102
3,2026-09-22T23:18:32.790+00:00,2026-09-22T23:19:05.299+00:00,2026-09-22T23:19:30.982+00:00,True,402,402.0,,402.0,32508.633695,58191.981663,58191.981593,144.75617311691542,0.0176,32508.633695,1618.4114019503727,108.60515005,64.0482492967581,26.872488760025597,6.908168247784595,34,62,,False,True,,609,92.534174553102
4,2026-09-22T23:18:38.447+00:00,2026-09-22T23:19:21.372+00:00,2026-09-22T23:19:46.483+00:00,True,396,396.0,,396.0,42925.216476999994,68036.109021,68036.10908099999,171.8083562651515,5.388648,42925.216476999994,2154.0430382706313,109.52038299999998,63.57187985822785,26.642623818521482,5.820438671437997,34,62,,False,True,,1386,92.534174553102
5,2026-09-22T23:18:44.453+00:00,2026-09-22T23:19:43.933+00:00,2026-09-22T23:20:05.068+00:00,True,319,319.0,,319.0,59480.224818,80615.457842,80615.45779,252.71303382445143,0.016329999999999997,59480.224818,3326.696805658601,111.18846200000002,66.46299693081761,33.16253769989184,3.9570574743272573,34,62,,False,True,,1254,92.534174553102
6,2026-09-22T23:18:49.046+00:00,2026-09-22T23:20:00.395+00:00,2026-09-22T23:20:22.706+00:00,True,342,342.0,,342.0,71349.14931800001,93660.27994200001,93660.27994800001,273.86046768421056,0.0,71349.14931800001,3854.6886332283043,112.99544855000002,65.4285355542522,28.691852214419207,3.6514945312120215,34,62,,False,True,,1656,92.534174553102
7,2026-09-22T23:18:53.320+00:00,2026-09-22T23:20:16.488+00:00,2026-09-22T23:20:42.523+00:00,True,406,406.0,,406.0,83167.426441,109202.636425,109202.636538,268.97201117733994,40.38375,83167.426441,4124.412191888501,108.0071835,64.28446909629629,24.485973089625475,3.7178589573598746,34,62,,False,True,,1997,92.534174553102
8,2026-09-22T23:18:57.700+00:00,2026-09-22T23:20:30.391+00:00,2026-09-22T23:21:07.666+00:00,True,593,593.0,,593.0,92691.173513,129965.918345,129965.918534,219.1668103440135,0.01694,92691.173513,3803.91292051496,106.57183659999998,62.964096,31.26422480883668,4.562734658065175,34,62,,True,True,,2243,92.534174553102
9,2026-09-22T23:19:02.126+00:00,2026-09-22T23:20:45.836+00:00,2026-09-22T23:21:08.273+00:00,True,358,358.0,,358.0,103710.893421,126147.826285,126147.826284,352.3682298435754,0.0184,103710.893421,5478.083429657065,106.5808475,62.84855143977591,35.397089124405774,2.8379403002251262,34,62,,True,True,,1592,92.534174553102
10,2026-09-22T23:19:08.272+00:00,2026-09-22T23:21:05.541+00:00,2026-09-22T23:21:28.333+00:00,True,370,370.0,,370.0,117269.08107500001,140061.112819,140061.112861,378.543548272973,43.666493,117269.08107500001,6093.360878541619,105.0862935,61.76702369647697,22.86100836692325,2.641703985874712,34,62,,True,True,,1049,92.534174553102
11,2026-09-22T23:19:13.314+00:00,2026-09-22T23:21:23.422+00:00,2026-09-22T23:21:56.512+00:00,True,513,513.0,,513.0,130107.999359,163197.818239,163197.81823099998,318.1244020097466,43.645453,130107.999359,5741.615265274364,110.5783616,64.6285525,26.31442508986929,3.143424376229844,34,62,,True,True,,1820,92.534174553102
12,2026-09-22T23:19:19.297+00:00,2026-09-22T23:21:45.199+00:00,2026-09-22T23:22:10.244+00:00,True,390,390.0,,390.0,145902.313991,170946.950663,170946.950827,438.32551494102563,42.828265,145902.313991,7384.837724801449,110.68266345,64.38209941388175,26.376258883007115,2.2814095161535524,34,62,,True,True,,1809,92.534174553102
13,2026-09-22T23:19:24.546+00:00,2026-09-22T23:22:03.215+00:00,2026-09-22T23:22:28.650+00:00,True,406,406.0,,406.0,158668.956872,184104.34093600002,184104.340922,453.45896778817735,0.01824,158668.956872,7871.577451463005,110.17424875,62.80341744197531,36.88851200504519,2.2052711953225335,34,62,,True,True,,1673,92.534174553102
14,2026-09-22T23:19:30.574+00:00,2026-09-22T23:22:25.473+00:00,2026-09-22T23:23:02.830+00:00,True,579,579.0,,579.0,174899.64971599999,212256.56465999997,212256.564807,366.59164906217615,43.672573,174899.64971599999,7265.940238124217,110.655794,64.63134073356402,25.547255942243094,2.7278308255269397,34,62,,True,True,,1862,92.534174553102
15,2026-09-22T23:19:35.229+00:00,2026-09-22T23:22:40.445+00:00,2026-09-22T23:23:08.643+00:00,True,436,436.0,,436.0,185216.037604,213413.47658000002,213413.476647,489.4804510252294,43.695263,185216.037604,8867.175115898239,112.17668375000001,64.8216987954023,26.681093885331308,2.042982509759928,34,62,,True,True,,1585,92.534174553102
16,2026-09-22T23:19:41.167+00:00,2026-09-22T23:23:02.985+00:00,2026-09-22T23:23:28.782+00:00,True,400,400.0,,400.0,201818.071299,227615.055619,227615.055634,569.037639085,42.789745,201818.071299,10087.70621438429,109.99624745,64.65409604010026,26.740935006074015,1.7573529963217875,34,62,,True,True,,1749,92.534174553102
17,2026-09-22T23:19:45.969+00:00,2026-09-22T23:23:18.949+00:00,2026-09-22T23:23:53.989+00:00,True,541,541.0,,541.0,212980.002398,248019.24643,248019.246403,458.44592680776344,0.015880000000000002,212980.002398,9154.01955302272,109.47509699999999,64.88748894814815,39.20194405186077,2.1812823310576817,34,62,,True,True,,2549,92.534174553102
18,2026-09-22T23:19:49.657+00:00,2026-09-22T23:23:34.446+00:00,2026-09-22T23:23:54.282+00:00,True,300,300.0,,300.0,224789.16599799998,244624.575918,244624.576026,815.4152534199999,0.01598,224789.16599799998,12974.463363894225,112.8051199,66.33916361204014,47.01744446836638,1.2263690141278458,34,62,,True,True,,1595,92.534174553102
19,2026-09-22T23:19:53.205+00:00,2026-09-22T23:23:45.123+00:00,2026-09-22T23:24:13.951+00:00,True,448,448.0,,448.0,231918.674879,260746.400191,260746.400157,582.0232146361607,0.01575,231918.674879,10954.155169354004,109.79193235000001,64.49155550782999,40.48397779392285,1.7181445253772798,34,62,,True,True,,1990,92.534174553102
20,2026-09-22T23:19:57.352+00:00,2026-09-22T23:24:00.757+00:00,2026-09-22T23:24:26.799+00:00,True,407,407.0,,407.0,243405.207794,269447.12984199997,269447.129978,662.0322603882064,41.688568,243405.207794,12061.995044588128,109.87912299999999,64.14266514285714,25.202488882596157,1.510500409630116,34,62,,True,True,,1494,92.534174553102
21,2026-09-22T23:20:02.728+00:00,2026-09-22T23:24:19.194+00:00,2026-09-22T23:24:47.410+00:00,True,445,445.0,,445.0,256465.641699,284682.163939,284682.163964,639.7351999191011,40.234511,256465.641699,12154.651373363085,110.43087760000002,63.55072576576576,25.446442259451654,1.563146752303569,34,62,,True,True,,2294,92.534174553102
22,2026-09-22T23:20:06.861+00:00,2026-09-22T23:24:34.394+00:00,2026-09-22T23:24:53.621+00:00,True,306,306.0,,306.0,267532.833296,286759.34056000004,286759.340495,937.122027761438,43.732633,267532.833296,15290.251668611007,108.84829475000001,63.03772873442623,25.483168323003635,1.0670968882911562,34,62,,True,True,,1345,92.534174553102
23,2026-09-22T23:20:10.927+00:00,2026-09-22T23:24:50.483+00:00,2026-09-22T23:25:09.538+00:00,True,300,300.0,,300.0,279555.63879,298611.296518,298611.296378,995.3709879266667,43.183105000000005,279555.63879,16136.492563216376,105.55583544999999,63.73129674916388,25.295614365916386,1.0046505390057012,34,62,,True,True,,1503,92.534174553102
24,2026-09-22T23:20:15.772+00:00,2026-09-22T23:25:06.381+00:00,2026-09-22T23:25:15.856+00:00,False,191,190.0,,190.0,290609.250159,300084.616047,300084.616038,1571.1236441780104,0.01943,290609.250159,21024.157516842803,102.03418900000001,49.870346778947365,28.085593022756807,0.6331547498264347,34,62,,True,False,Request timeout: 300.0s exceeded,1031,92.534174553102
0,2026-09-22T23:18:17.269+00:00,2026-09-22T23:18:17.622+00:00,2026-09-22T23:18:48.926+00:00,True,549,549.0,,549.0,352.47486,31656.29694,31656.29704,57.66174324225865,0.0341,352.47486,26.07444530610502,110.149671,57.12376291970803,22.845917212468265,17.342521174872452,35,62,,False,True,,2645,92.534174553102
1,2026-09-22T23:18:21.825+00:00,2026-09-22T23:18:22.054+00:00,2026-09-22T23:18:51.555+00:00,True,484,484.0,,484.0,228.392623,29729.517487,29729.517425000002,61.42462277892562,40.924150000000004,228.392623,24.667367608201396,111.7634973,61.07893346583851,23.490052143145007,16.280116224948536,35,62,,False,True,,2341,92.534174553102
2,2026-09-22T23:18:26.159+00:00,2026-09-22T23:18:41.967+00:00,2026-09-22T23:19:03.985+00:00,True,355,355.0,,355.0,15808.483165,37826.111581,37826.111583,106.5524269943662,7.445304,15808.483165,836.0711159192116,107.359589,62.19669044067796,24.05016099072264,9.385051361671444,35,62,,False,True,,563,92.534174553102
3,2026-09-22T23:18:30.924+00:00,2026-09-22T23:18:54.171+00:00,2026-09-22T23:19:24.846+00:00,True,489,489.0,,489.0,23247.338582,53922.656086,53922.655991,110.27128014519427,0.016550000000000002,23247.338582,1048.7704673540989,108.553268,62.85925718032787,26.416895154935517,9.068544383646554,35,62,,False,True,,1889,92.534174553102
4,2026-09-22T23:18:34.300+00:00,2026-09-22T23:19:09.954+00:00,2026-09-22T23:19:30.420+00:00,True,319,319.0,,319.0,35654.454055,56120.277287000004,56120.27738,175.9256344200627,10.865596,35654.454055,1992.8176666577633,109.58668900000002,64.3579346918239,24.880776081716697,5.684219954378144,35,62,,False,True,,1653,92.534174553102
5,2026-09-22T23:18:38.100+00:00,2026-09-22T23:19:19.850+00:00,2026-09-22T23:19:42.434+00:00,True,359,359.0,,359.0,41750.015726000005,64334.059246000004,64334.059313000005,179.20350783565462,5.328778000000001,41750.015726000005,2200.296469860789,109.33906299999998,63.08392044692738,25.239284337526392,5.580247915451114,35,62,,False,True,,1816,92.534174553102
6,2026-09-22T23:18:41.018+00:00,2026-09-22T23:19:30.520+00:00,2026-09-22T23:20:04.806+00:00,True,522,522.0,,522.0,49501.866982,83787.52637400001,83787.526159,160.51250222030652,0.01752,49501.866982,2163.979456769284,111.8980115,65.8074076621881,31.01966569031842,6.230044286902126,35,62,,False,True,,2575,92.534174553102
7,2026-09-22T23:18:45.951+00:00,2026-09-22T23:19:48.534+00:00,2026-09-22T23:20:20.242+00:00,True,490,490.0,,490.0,62583.317818999996,94291.22565899999,94291.225431,192.43107230816327,0.0,62583.317818999996,2824.463335437349,111.4889615,64.84234732106339,30.699469118953143,5.196665931271942,35,62,,False,True,,2308,92.534174553102
8,2026-09-22T23:18:49.632+00:00,2026-09-22T23:20:01.827+00:00,2026-09-22T23:20:26.642+00:00,True,385,385.0,,385.0,72194.536636,97009.953724,97009.953553,251.97390533246755,0.0,72194.536636,3676.1857194949766,111.20752,64.623482,27.814790875770054,3.9686649175748654,35,62,,False,True,,1697,92.534174553102
9,2026-09-22T23:18:53.792+00:00,2026-09-22T23:20:17.824+00:00,2026-09-22T23:20:39.143+00:00,True,333,333.0,,333.0,84032.046387,105351.69694699999,105351.69699099999,316.37146243543543,44.264672,84032.046387,4601.475099118872,108.359528,64.21581493975904,24.743811826872385,3.1608413499739316,35,62,,False,True,,1432,92.534174553102
10,2026-09-22T23:18:56.809+00:00,2026-09-22T23:20:28.436+00:00,2026-09-22T23:21:06.396+00:00,True,600,600.0,,600.0,91627.687527,129587.354215,129587.354112,215.97892352,0.01696,91627.687527,3738.232083671517,107.95060649999999,63.37173069782972,31.742420049357857,4.630081412145605,35,62,,True,True,,3209,92.534174553102
11,2026-09-22T23:19:01.698+00:00,2026-09-22T23:20:42.872+00:00,2026-09-22T23:21:19.260+00:00,True,575,575.0,,575.0,101174.279117,137561.309645,137561.309684,239.23706031999998,0.01685,101174.279117,4216.738212079486,106.30775,63.39203924738676,32.20083658817769,4.179954388947618,35,62,,True,True,,2475,92.534174553102
12,2026-09-22T23:19:04.652+00:00,2026-09-22T23:20:54.381+00:00,2026-09-22T23:21:28.912+00:00,True,552,552.0,,552.0,109729.017633,144259.640865,144259.640969,261.33992929166664,0.0174,109729.017633,4667.8003751832985,105.9797865,62.66900768058076,29.109282768949058,3.8264340371994177,35,62,,True,True,,2168,92.534174553102
13,2026-09-22T23:19:09.079+00:00,2026-09-22T23:21:09.695+00:00,2026-09-22T23:21:28.283+00:00,True,302,302.0,,302.0,120615.966845,139204.194685,139204.19472600002,460.94104213907286,39.077892999999996,120615.966845,6937.153167921317,106.18909104999999,61.75490976744186,22.939856328952803,2.169474854427947,35,62,,True,True,,1670,92.534174553102
14,2026-09-22T23:19:12.533+00:00,2026-09-22T23:21:21.592+00:00,2026-09-22T23:21:48.427+00:00,True,419,419.0,,419.0,129059.04241,155894.44593,155894.445966,372.0631168639618,44.463701,129059.04241,6301.862076293008,110.5458989,64.19952995215311,25.53776981832804,2.6877160215710325,35,62,,True,True,,1440,92.534174553102
15,2026-09-22T23:19:15.466+00:00,2026-09-22T23:21:32.427+00:00,2026-09-22T23:22:06.800+00:00,True,522,522.0,,522.0,136960.86903200002,171333.336488,171333.33645300003,328.2247824770115,42.744735,136960.86903200002,5991.7889698775525,111.76426500000001,65.97402582725528,27.32556236981633,3.0466925509068123,35,62,,True,True,,2493,92.534174553102
16,2026-09-22T23:19:18.896+00:00,2026-09-22T23:21:43.200+00:00,2026-09-22T23:22:20.135+00:00,True,582,582.0,,582.0,144303.86598899998,181238.94822899997,181238.947998,311.4071271443299,0.016390000000000002,144303.86598899998,5979.054412008984,111.53159000000001,63.57157012048193,34.928374921159616,3.21123028845118,35,62,,True,True,,2462,92.534174553102
17,2026-09-22T23:19:23.227+00:00,2026-09-22T23:21:58.747+00:00,2026-09-22T23:22:30.602+00:00,True,499,499.0,,499.0,155520.370081,187375.302561,187375.302573,375.50160836272545,0.01677,155520.370081,6959.269274109697,110.42508900000001,63.96572787148594,34.40060295199192,2.663104438951076,35,62,,True,True,,1925,92.534174553102
18,2026-09-22T23:19:26.911+00:00,2026-09-22T23:22:12.081+00:00,2026-09-22T23:22:35.146+00:00,True,360,360.0,,360.0,165169.73895300002,188235.25652100003,188235.25637200003,522.8757121444445,0.01573,165169.73895300002,8701.90224239606,110.24349600000001,64.24935255710307,37.104710569200634,1.9125003819878847,35,62,,True,True,,1464,92.534174553102
19,2026-09-22T23:19:30.528+00:00,2026-09-22T23:22:24.692+00:00,2026-09-22T23:22:55.419+00:00,True,472,472.0,,472.0,174164.182134,204891.722358,204891.722315,434.0926320233051,39.949172,174164.182134,8013.5961637628825,111.30729005,65.23893890445859,26.205959635838774,2.3036557776369864,35,62,,True,True,,1894,92.534174553102
20,2026-09-22T23:19:34.180+00:00,2026-09-22T23:22:37.840+00:00,2026-09-22T23:23:14.746+00:00,True,567,567.0,,567.0,183660.279327,220566.27919899998,220566.279196,389.0057834144621,40.044761,183660.279327,7710.315213728845,110.30998770000001,65.20494677031802,26.893945180020488,2.570655868426921,35,62,,True,True,,2148,92.534174553102
21,2026-09-22T23:19:38.875+00:00,2026-09-22T23:22:55.580+00:00,2026-09-22T23:23:17.379+00:00,True,337,337.0,,337.0,196704.658436,218504.223492,218504.223511,648.3804851958457,42.258007,196704.658436,10711.68494085027,110.9537982,64.8796579047619,26.88566855245708,1.542304284165649,35,62,,True,True,,1418,92.534174553102
22,2026-09-22T23:19:42.064+00:00,2026-09-22T23:23:06.111+00:00,2026-09-22T23:23:25.778+00:00,True,304,304.0,,304.0,204047.148926,223714.355326,223714.355369,735.9024847664474,43.919942999999996,204047.148926,11699.21496782438,109.84645600000002,64.90827194719472,27.024175797350352,1.3588756946643255,35,62,,True,True,,1600,92.534174553102
23,2026-09-22T23:19:45.865+00:00,2026-09-22T23:23:18.690+00:00,2026-09-22T23:23:41.973+00:00,True,365,365.0,,365.0,212825.31911,236107.755974,236107.755796,646.8705638246576,36.988248,212825.31911,11136.46906517737,110.65665500000001,63.962738637362634,26.181906681534063,1.5459043202299272,35,62,,True,True,,1509,92.534174553102
24,2026-09-22T23:19:49.067+00:00,2026-09-22T23:23:32.646+00:00,2026-09-22T23:24:10.338+00:00,True,580,580.0,,580.0,223578.712689,261271.437169,261271.437098,450.46799499655174,0.01584,223578.712689,9280.976966307511,110.62867049999998,65.0996968566494,38.40988753017183,2.219913536223382,35,62,,True,True,,2961,92.534174553102
25,2026-09-22T23:19:53.324+00:00,2026-09-22T23:23:45.630+00:00,2026-09-22T23:24:14.516+00:00,True,447,447.0,,447.0,232306.5336,261192.08265599998,261192.08284,584.3223329753915,0.01954,232306.5336,10984.732276798837,109.34760530000001,64.76580505829597,40.25430802827398,1.7113841868963395,35,62,,True,True,,1844,92.534174553102
26,2026-09-22T23:19:56.640+00:00,2026-09-22T23:23:58.171+00:00,2026-09-22T23:24:20.564+00:00,True,351,351.0,,351.0,241531.42343,263924.223174,263924.22314,751.9208636467237,40.002531000000005,241531.42343,12888.602472173554,109.6742925,63.97942784000001,24.80510132965248,1.3299271881103263,35,62,,True,True,,1376,92.534174553102
27,2026-09-22T23:20:01.217+00:00,2026-09-22T23:24:13.084+00:00,2026-09-22T23:24:43.852+00:00,True,486,486.0,,486.0,251867.845958,282635.710534,282635.71058199997,581.5549600452674,43.271803999999996,251867.845958,11422.106964831233,109.10195675000001,63.43889603298969,24.91049341757504,1.7195279360904965,35,62,,True,True,,2172,92.534174553102
28,2026-09-22T23:20:04.366+00:00,2026-09-22T23:24:25.297+00:00,2026-09-22T23:24:57.497+00:00,True,506,506.0,,506.0,260931.008995,293130.346467,293130.346485,579.3089851482214,43.760303,260931.008995,11596.991899180093,107.73003874999999,63.7610643009901,25.595474747006406,1.7261945277882185,35,62,,True,True,,2361,92.534174553102
29,2026-09-22T23:20:07.799+00:00,2026-09-22T23:24:37.815+00:00,2026-09-22T23:25:07.827+00:00,False,482,481.0,,481.0,270016.458309,300028.177221,300028.177342,622.4650982199171,0.0224,270016.458309,12296.09709033493,107.524277,62.394426012474014,25.515730101192574,1.6031827558839469,35,62,,True,False,Request timeout: 300.0s exceeded,2533,92.534174553102
30,2026-09-22T23:20:12.369+00:00,2026-09-22T23:24:54.753+00:00,2026-09-22T23:25:12.415+00:00,False,298,297.0,,297.0,282384.16892,300045.34012,300045.340075,1006.8635572986578,0.02623,282384.16892,16354.647817570165,104.7978862,59.465222895622894,23.51621014047195,0.9898504002135743,35,62,,True,False,Request timeout: 300.0s exceeded,1251,92.534174553102
31,2026-09-22T23:20:16.887+00:00,2026-09-22T23:25:08.710+00:00,2026-09-22T23:25:16.924+00:00,False,184,183.0,,183.0,291822.746613,300036.939509,300036.939653,1630.6355415923913,0.017359000000000003,291822.746613,21510.183133166694,107.45509005,44.88629997814208,38.287760634058316,0.6099248989123577,35,62,,True,False,Request timeout: 300.0s exceeded,1016,92.534174553102
0,2026-09-22T23:18:17.271+00:00,2026-09-22T23:18:17.619+00:00,2026-09-22T23:18:41.546+00:00,True,437,437.0,,437.0,348.299099,24274.734427,24274.734508,55.54859155148741,33.326147,348.299099,24.863273144879287,109.53132580000002,54.87714524770642,20.545889074104238,18.00225668026008,36,62,,False,True,,595,92.534174553102
1,2026-09-22T23:18:20.046+00:00,2026-09-22T23:18:20.179+00:00,2026-09-22T23:18:43.121+00:00,True,391,391.0,,391.0,133.353845,23074.960757,23074.960773,59.01524494373402,0.061200000000000004,194.30324,23.047551576756188,112.66951549999997,58.82463310769231,22.766473164099338,16.944774212947973,36,62,,False,True,,1901,92.534174553102
2,2026-09-22T23:18:23.520+00:00,2026-09-22T23:18:33.965+00:00,2026-09-22T23:19:11.681+00:00,True,587,587.0,,587.0,10444.189572000001,48160.266372000006,48160.266325000004,82.04474672061329,0.018179999999999998,10444.189572000001,429.2595377007219,110.6570773,64.36190580204779,26.83537679168525,12.188470791791076,36,62,,False,True,,2045,92.534174553102
3,2026-09-22T23:18:28.183+00:00,2026-09-22T23:18:47.693+00:00,2026-09-22T23:19:14.327+00:00,True,424,424.0,,424.0,19509.796723,46144.256882999995,46144.256706,108.83079411792453,0.016989999999999998,19509.796723,944.7908559342143,108.72001449999999,62.96562685579196,26.443251291533038,9.18857575440132,36,62,,False,True,,1611,92.534174553102
4,2026-09-22T23:18:32.054+00:00,2026-09-22T23:19:02.413+00:00,2026-09-22T23:19:37.499+00:00,True,543,543.0,,543.0,30358.790732,65445.3835,65445.383299,120.52556776979742,0.01846,30358.790732,1300.3317472572603,110.19150889999999,64.73541101107011,27.457915267560143,8.29699469940458,36,62,,False,True,,1504,92.534174553102
5,2026-09-22T23:18:35.650+00:00,2026-09-22T23:19:13.500+00:00,2026-09-22T23:19:43.772+00:00,True,473,473.0,,473.0,37850.264056,68122.407416,68122.407437,144.02200303805498,5.784117,37850.264056,1737.6013394197423,110.05195859999999,64.13589694915254,25.94610203507012,6.94338350539423,36,62,,False,True,,1901,92.534174553102
6,2026-09-22T23:18:39.649+00:00,2026-09-22T23:19:26.729+00:00,2026-09-22T23:20:04.398+00:00,True,581,581.0,,581.0,47079.312413,84748.765981,84748.766072,145.86706724956971,0.01728,47079.312413,1950.716505294165,110.66602499999999,64.94733373793103,30.109151526558573,6.855557048821874,36,62,,False,True,,2039,92.534174553102
7,2026-09-22T23:18:42.472+00:00,2026-09-22T23:19:36.930+00:00,2026-09-22T23:20:09.035+00:00,True,492,492.0,,492.0,54458.501411,86562.89949099999,86562.89947599999,175.94085259349592,0.0,54458.501411,2452.433099076123,110.70548905,65.38573947046844,31.513016109895645,5.683728281896952,36,62,,False,True,,1971,92.534174553102
8,2026-09-22T23:18:46.349+00:00,2026-09-22T23:19:50.183+00:00,2026-09-22T23:20:19.091+00:00,True,447,447.0,,447.0,63834.3426,92742.274504,92742.274499,207.4771241588367,0.0,63834.3426,3016.360876632843,112.83554830000001,64.8159908161435,31.65826769397716,4.819808468043565,36,62,,False,True,,2426,92.534174553102
9,2026-09-22T23:18:49.414+00:00,2026-09-22T23:20:01.099+00:00,2026-09-22T23:20:21.739+00:00,True,318,318.0,,318.0,71685.37551299999,92325.53756099999,92325.537571,290.331879154088,0.0,71685.37551299999,4016.368564774667,112.44542935000001,65.11092128706625,28.887524966091704,3.444334129004076,36,62,,False,True,,1506,92.534174553102
10,2026-09-22T23:18:52.363+00:00,2026-09-22T23:20:11.859+00:00,2026-09-22T23:20:42.528+00:00,True,477,477.0,,477.0,79495.934916,110164.424132,110164.424078,230.9526710230608,38.261355,79495.934916,3637.0051188026127,110.283246,64.42959919327731,25.085495061080106,4.329891466853713,36,62,,False,True,,1922,92.534174553102
11,2026-09-22T23:18:56.322+00:00,2026-09-22T23:20:25.259+00:00,2026-09-22T23:20:56.670+00:00,True,496,496.0,,496.0,88936.691303,120348.066151,120348.06633,242.63723050403226,44.181533,88936.691303,3990.5986676058706,107.31186799999999,63.45732292525253,24.105629264555176,4.121379062108665,36,62,,True,True,,2254,92.534174553102
12,2026-09-22T23:18:59.169+00:00,2026-09-22T23:20:34.158+00:00,2026-09-22T23:21:10.200+00:00,True,576,576.0,,576.0,94988.629788,131030.798108,131030.798005,227.4840243142361,0.01668,94988.629788,3955.3744056134974,106.2026575,62.682031860869564,31.671600581324,4.395913085450654,36,62,,True,True,,2719,92.534174553102
13,2026-09-22T23:19:01.864+00:00,2026-09-22T23:20:45.288+00:00,2026-09-22T23:21:22.203+00:00,True,588,588.0,,588.0,103423.807388,140339.502236,140339.502046,238.67262252721088,0.01618,103423.807388,4262.652526071907,106.781965,62.88874761158433,32.0230890995643,4.189839572119886,36,62,,True,True,,2799,92.534174553102
14,2026-09-22T23:19:05.920+00:00,2026-09-22T23:20:57.738+00:00,2026-09-22T23:21:28.909+00:00,True,502,502.0,,502.0,111818.305538,142988.860674,142988.860831,284.83836818924306,0.01659,111818.305538,4988.022466602833,106.19987599999999,62.21667691816367,32.260303892935816,3.5107629897444164,36,62,,True,True,,2559,92.534174553102
15,2026-09-22T23:19:08.821+00:00,2026-09-22T23:21:08.938+00:00,2026-09-22T23:21:31.427+00:00,True,360,360.0,,360.0,120117.14151999999,142605.86344,142605.863338,396.1273981611111,38.588004999999995,120117.14151999999,6327.472898113287,108.22479249999998,62.642679442896934,23.95963497970169,2.524440379349945,36,62,,True,True,,1767,92.534174553102
16,2026-09-22T23:19:12.316+00:00,2026-09-22T23:21:18.912+00:00,2026-09-22T23:21:50.530+00:00,True,498,498.0,,498.0,126595.414642,158213.737842,158213.73787,317.69826881526103,44.258262,126595.414642,5670.081009434034,110.49765814999999,63.618356539235414,25.144239676608105,3.1476406966462496,36,62,,True,True,,2120,92.534174553102
17,2026-09-22T23:19:14.969+00:00,2026-09-22T23:21:31.008+00:00,2026-09-22T23:22:03.983+00:00,True,500,500.0,,500.0,136038.21812200002,169013.36973800004,169013.369838,338.02673967600003,43.002095000000004,136038.21812200002,6080.921441251603,110.99011145,66.08246816833667,27.63615377768667,2.9583458443263186,36,62,,True,True,,2184,92.534174553102
18,2026-09-22T23:19:17.844+00:00,2026-09-22T23:21:39.368+00:00,2026-09-22T23:22:07.783+00:00,True,436,436.0,,436.0,141523.77952200003,169938.91065800004,169938.91060800003,389.76814359633033,43.347054,141523.77952200003,6774.684959987457,110.13689100000002,65.32214054252873,26.960458379718233,2.5656278383321207,36,62,,True,True,,2009,92.534174553102
19,2026-09-22T23:19:20.867+00:00,2026-09-22T23:21:52.025+00:00,2026-09-22T23:22:27.331+00:00,True,557,557.0,,557.0,151157.49673800002,186463.530914,186463.53096200002,334.7639694111311,0.01657,151157.49673800002,6402.155126559814,110.63324300000001,63.5000614676259,35.27762793301396,2.987179301334251,36,62,,True,True,,2606,92.534174553102
20,2026-09-22T23:19:23.895+00:00,2026-09-22T23:22:00.504+00:00,2026-09-22T23:22:35.931+00:00,True,556,556.0,,556.0,156608.77930300002,192036.573479,192036.57359800002,345.38952085971226,0.01648,156608.77930300002,6639.073959332432,110.35599825000001,63.83386338018018,34.49894702679934,2.8952818201622454,36,62,,True,True,,2597,92.534174553102
21,2026-09-22T23:19:28.046+00:00,2026-09-22T23:22:15.974+00:00,2026-09-22T23:22:41.407+00:00,True,394,394.0,,394.0,167928.176378,193360.837882,193360.837907,490.76354798730966,40.525361,167928.176378,8456.876037817985,109.32402,64.71415140966921,25.042681636916303,2.0376411496543145,36,62,,True,True,,1593,92.534174553102
22,2026-09-22T23:19:31.126+00:00,2026-09-22T23:22:27.491+00:00,2026-09-22T23:22:54.375+00:00,True,415,415.0,,415.0,176365.28852200002,203249.55988200003,203249.55982000002,489.75797546987957,41.853797,176365.28852200002,8654.28250700998,109.94992,64.93785352657005,25.90049453576612,2.04182483957621,36,62,,True,True,,1650,92.534174553102
23,2026-09-22T23:19:34.054+00:00,2026-09-22T23:22:37.017+00:00,2026-09-22T23:23:11.908+00:00,True,537,537.0,,537.0,182962.548391,217853.702055,217853.70226999998,405.686596405959,41.934497,182962.548391,7892.652325104153,111.034316,65.0954359402985,26.577578730285413,2.4649569639373277,36,62,,True,True,,2912,92.534174553102
24,2026-09-22T23:19:37.178+00:00,2026-09-22T23:22:48.473+00:00,2026-09-22T23:23:26.481+00:00,True,588,588.0,,588.0,191295.262308,229303.4241,229303.424248,389.97180994557823,39.884392,191295.262308,7886.258256494093,111.55513985000002,64.74984973083475,26.616325127517076,2.5642879181061473,36,62,,True,True,,2837,92.534174553102
25,2026-09-22T23:19:40.072+00:00,2026-09-22T23:22:58.789+00:00,2026-09-22T23:23:30.137+00:00,True,490,490.0,,490.0,198716.260094,230064.759294,230064.759323,469.5199169857143,40.390641,198716.260094,8974.229510863317,110.98838595,64.10736032719836,26.82668926495317,2.129835101662956,36,62,,True,True,,2719,92.534174553102
26,2026-09-22T23:19:43.203+00:00,2026-09-22T23:23:10.330+00:00,2026-09-22T23:23:37.241+00:00,True,426,426.0,,426.0,207126.50990099998,234037.14030099998,234037.14023999998,549.3829583098591,40.67592,207126.50990099998,10032.276828928445,109.1236765,63.31913035294118,25.54884359122098,1.8202239159652722,36,62,,True,True,,1703,92.534174553102
27,2026-09-22T23:19:46.476+00:00,2026-09-22T23:23:21.223+00:00,2026-09-22T23:23:42.959+00:00,True,341,341.0,,341.0,214747.20361700002,236483.01673700003,236483.01665600002,693.498582568915,41.052499000000005,214747.20361700002,11625.78048926139,109.876106,63.92886211764706,26.1662752379256,1.4419640137593328,36,62,,True,True,,1446,92.534174553102
28,2026-09-22T23:19:50.962+00:00,2026-09-22T23:23:38.278+00:00,2026-09-22T23:24:04.885+00:00,True,411,411.0,,411.0,227316.308345,253922.654585,253922.654385,617.8166773357664,0.015460000000000002,227316.308345,11209.566092373083,111.589928,64.89352741463415,42.52262130078465,1.6186031162588477,36,62,,True,True,,1881,92.534174553102
29,2026-09-22T23:19:55.396+00:00,2026-09-22T23:23:53.186+00:00,2026-09-22T23:24:16.300+00:00,True,359,359.0,,359.0,237790.15097299998,260904.19538899997,260904.19534699997,726.7526332785515,43.578694000000006,237790.15097299998,12546.70230261017,110.60609900000001,64.56436987709498,25.437985812117972,1.375984006177985,36,62,,True,True,,1460,92.534174553102
30,2026-09-22T23:19:59.272+00:00,2026-09-22T23:24:08.773+00:00,2026-09-22T23:24:33.690+00:00,True,390,390.0,,390.0,249500.623741,274417.539709,274417.539629,703.6347169974358,39.674012000000005,249500.623741,12630.73615354473,108.9362615,64.05376855526993,24.88618196332665,1.4211919559280608,36,62,,True,True,,1795,92.534174553102
31,2026-09-22T23:20:03.465+00:00,2026-09-22T23:24:22.915+00:00,2026-09-22T23:24:44.559+00:00,True,338,338.0,,338.0,259450.311072,281094.258848,281094.258794,831.6398189171598,43.801623,259450.311072,14108.766024718821,110.2884257,64.22536432047478,25.478057001849315,1.2024436265088267,36,62,,True,True,,1749,92.534174553102
32,2026-09-22T23:20:07.744+00:00,2026-09-22T23:24:37.260+00:00,2026-09-22T23:25:06.782+00:00,True,473,473.0,,473.0,269515.45643699996,299037.62680499995,299037.62700499996,632.2148562473571,36.918118,269515.45643699996,12389.483530378593,107.91552460000001,62.546971118644066,25.189892935093567,1.58174074966305,36,62,,True,True,,1725,92.534174553102
33,2026-09-22T23:20:12.014+00:00,2026-09-22T23:24:53.918+00:00,2026-09-22T23:25:12.067+00:00,False,303,302.0,,302.0,281904.367642,300053.14332200005,300053.14332900004,990.2744004257427,0.03829,281904.367642,16191.547128279572,103.24832599999999,60.095283708609266,23.321684126152427,1.0064883728810357,36,62,,True,False,Request timeout: 300.0s exceeded,1257,92.534174553102
34,2026-09-22T23:20:16.703+00:00,2026-09-22T23:25:08.018+00:00,2026-09-22T23:25:16.753+00:00,False,193,192.0,,192.0,291314.676607,300049.591423,300049.591335,1554.661095,0.01802,291314.676607,20966.04941192666,104.93957820000001,45.494348,38.35596511295028,0.6398942224497975,36,62,,True,False,Request timeout: 300.0s exceeded,911,92.534174553102
0,2026-09-22T23:18:17.271+00:00,2026-09-22T23:18:17.621+00:00,2026-09-22T23:18:49.133+00:00,True,551,551.0,,551.0,349.71799699999997,31862.075117,31862.075205,57.825907813067154,0.02906,349.71799699999997,26.008567795850006,110.10322650000002,57.29519476363637,22.851745364178218,17.29328670454405,37,62,,False,True,,2166,92.534174553102
1,2026-09-22T23:18:20.047+00:00,2026-09-22T23:18:20.179+00:00,2026-09-22T23:18:44.990+00:00,True,422,422.0,,422.0,132.096818,24942.541874000002,24942.54177,59.10554921800948,0.04448,196.044196,22.677943499155482,112.10633460000001,58.93217352969121,22.42317050745208,16.918885097267932,37,62,,False,True,,1729,92.534174553102
2,2026-09-22T23:18:23.696+00:00,2026-09-22T23:18:34.175+00:00,2026-09-22T23:18:58.037+00:00,True,363,363.0,,363.0,10479.277064,34341.223176,34341.223337,94.60392103856749,40.788959999999996,10479.277064,547.1818099145146,111.8029392,65.91697820994476,26.121970717151658,10.570386446039269,37,62,,False,True,,1583,92.534174553102
3,2026-09-22T23:18:27.356+00:00,2026-09-22T23:18:45.247+00:00,2026-09-22T23:19:21.164+00:00,True,564,564.0,,564.0,17890.785337999998,53808.243514,53808.243664,95.40468734751772,0.018670000000000003,17890.785337999998,751.1130804604442,108.29824250000001,63.79655093428064,26.347751361442732,10.481665320542504,37,62,,False,True,,2263,92.534174553102
4,2026-09-22T23:18:30.361+00:00,2026-09-22T23:18:51.504+00:00,2026-09-22T23:19:12.509+00:00,True,346,346.0,,346.0,21143.192879000002,42148.050223,42148.050221000005,121.81517404913295,0.0169,21143.192879000002,1133.6786123238685,108.39597499999999,60.88364447536232,25.52912315824978,8.209157912865667,37,62,,False,True,,1298,92.534174553102
5,2026-09-22T23:18:32.759+00:00,2026-09-22T23:19:05.192+00:00,2026-09-22T23:19:42.695+00:00,True,582,582.0,,582.0,32432.249664,69935.279936,69935.279933,120.1637112250859,0.01853,32432.249664,1341.9554518037983,110.01117795,64.5491054595525,26.995976658013607,8.321979986819338,37,62,,False,True,,3188,92.534174553102
6,2026-09-22T23:18:35.539+00:00,2026-09-22T23:19:12.927+00:00,2026-09-22T23:19:35.940+00:00,True,358,358.0,,358.0,37388.216118000004,60401.10239,60401.102395,168.71816311452514,7.539943,37388.216118000004,1972.801108492089,110.53959985000002,64.46186630812325,26.64209256120306,5.927044140493543,37,62,,False,True,,1955,92.534174553102
7,2026-09-22T23:18:38.160+00:00,2026-09-22T23:19:20.255+00:00,2026-09-22T23:19:47.605+00:00,True,429,429.0,,429.0,42094.212455,69445.141351,69445.141311,161.8767862727273,3.882062,42094.212455,2029.4205393162895,111.65543299999999,63.90403947663552,26.91933655830756,6.1775380055990405,37,62,,False,True,,1966,92.534174553102
8,2026-09-22T23:18:41.223+00:00,2026-09-22T23:19:30.569+00:00,2026-09-22T23:20:08.317+00:00,True,573,573.0,,573.0,49346.019967,87094.559615,87094.5596,151.99748621291448,0.0,49346.019967,2058.94839011119,112.04249599999999,65.99395043356644,31.83965033918276,6.579056172198776,37,62,,False,True,,2257,92.534174553102
9,2026-09-22T23:18:43.970+00:00,2026-09-22T23:19:42.851+00:00,2026-09-22T23:20:06.002+00:00,True,350,350.0,,350.0,58880.642794,82031.449834,82031.449884,234.37557109714285,0.01686,58880.642794,3143.9247400618133,111.5306995,66.33469065902578,32.522203605334205,4.266656272786412,37,62,,False,True,,1667,92.534174553102
10,2026-09-22T23:18:47.595+00:00,2026-09-22T23:19:55.290+00:00,2026-09-22T23:20:24.654+00:00,True,452,452.0,,452.0,67695.305015,97059.300407,97059.30038500001,214.73296545353983,0.0,67695.305015,3181.208547511251,111.35094455000001,65.10863723281597,31.100862826169607,4.656946816066287,37,62,,False,True,,2034,92.534174553102
11,2026-09-22T23:18:51.189+00:00,2026-09-22T23:20:07.637+00:00,2026-09-22T23:20:45.939+00:00,True,599,599.0,,599.0,76448.34620100001,114749.75983300002,114749.759829,191.5688811836394,42.069627,76448.34620100001,3121.0745501987726,109.02978790000002,64.04918667558529,24.59957363184294,5.2200544983427335,37,62,,False,True,,2841,92.534174553102
12,2026-09-22T23:18:55.255+00:00,2026-09-22T23:20:21.887+00:00,2026-09-22T23:20:48.286+00:00,True,415,415.0,,415.0,86632.34567299999,113030.70189699999,113030.70208599999,272.3631375566265,38.009775999999995,86632.34567299999,4249.553234989728,107.31578499999999,63.76414546859904,24.19292051164726,3.671568813030743,37,62,,False,True,,2055,92.534174553102
13,2026-09-22T23:18:59.287+00:00,2026-09-22T23:20:34.413+00:00,2026-09-22T23:21:10.146+00:00,True,571,571.0,,571.0,95125.373685,130858.696693,130858.696646,229.17460008056042,0.018510000000000002,95125.373685,3978.3728685665783,106.2441995,62.69004036491228,31.35867246834,4.363485304607534,37,62,,True,True,,2426,92.534174553102
14,2026-09-22T23:19:02.354+00:00,2026-09-22T23:20:46.088+00:00,2026-09-22T23:21:16.681+00:00,True,484,484.0,,484.0,103733.66852199999,134326.738346,134326.73833199998,277.53458333057847,0.01734,103733.66852199999,4712.385983206388,107.35331115,63.33968907660455,30.47050961306691,3.6031545614791045,37,62,,True,True,,2631,92.534174553102
15,2026-09-22T23:19:05.927+00:00,2026-09-22T23:20:58.093+00:00,2026-09-22T23:21:26.972+00:00,True,467,467.0,,467.0,112165.83967900001,141045.284159,141045.284072,302.024162895075,0.01687,112165.83967900001,5187.650042602793,105.8480437,61.97305682403433,32.52747379934455,3.310993364893732,37,62,,True,True,,1042,92.534174553102
16,2026-09-22T23:19:08.389+00:00,2026-09-22T23:21:05.642+00:00,2026-09-22T23:21:34.072+00:00,True,449,449.0,,449.0,117253.21312,145683.813312,145683.813317,324.46283589532294,42.540756,117253.21312,5530.583308295741,109.042111,63.461161142857144,25.13197481858012,3.082017073773396,37,62,,True,True,,2256,92.534174553102
17,2026-09-22T23:19:12.701+00:00,2026-09-22T23:21:22.310+00:00,2026-09-22T23:21:55.879+00:00,True,521,521.0,,521.0,129608.76694300001,163177.883615,163177.883565,313.201312024952,43.773523000000004,129608.76694300001,5675.494226368797,111.000834,64.55599360000001,25.969528894243336,3.192834644364192,37,62,,True,True,,2260,92.534174553102
18,2026-09-22T23:19:15.611+00:00,2026-09-22T23:21:32.684+00:00,2026-09-22T23:22:07.190+00:00,True,525,525.0,,525.0,137072.908803,171579.69382699998,171579.693837,326.81846445142855,43.587813000000004,137072.908803,5979.540131943612,111.45303500000001,65.85264317557252,27.252128270630713,3.0598026391709614,37,62,,True,True,,2191,92.534174553102
19,2026-09-22T23:19:18.684+00:00,2026-09-22T23:21:42.033+00:00,2026-09-22T23:22:19.615+00:00,True,592,592.0,,592.0,143348.928523,180930.80039500003,180930.8004,305.62635202702705,0.01687,143348.928523,5889.092815903643,109.92978305000001,63.59030773604061,34.637538880079816,3.27196916560128,37,62,,True,True,,1088,92.534174553102
20,2026-09-22T23:19:22.318+00:00,2026-09-22T23:21:56.031+00:00,2026-09-22T23:22:20.645+00:00,True,387,387.0,,387.0,153712.701451,178326.185995,178326.186053,460.79117843152454,0.01645,153712.701451,7810.502987269786,110.02478230000001,63.765504,37.25740200836273,2.1701804355915004,37,62,,True,True,,1913,92.534174553102
21,2026-09-22T23:19:26.463+00:00,2026-09-22T23:22:07.834+00:00,2026-09-22T23:22:34.624+00:00,True,429,429.0,,429.0,161370.503993,188160.793913,188160.793676,438.60324866200466,0.01668,161370.503993,7788.097794285335,110.814405,62.594135327102805,35.012413790402945,2.2799648698248847,37,62,,True,True,,2175,92.534174553102
22,2026-09-22T23:19:30.157+00:00,2026-09-22T23:22:23.495+00:00,2026-09-22T23:22:49.939+00:00,True,407,407.0,,407.0,173337.298845,199781.56022100002,199781.560215,490.86378431203934,43.646563,173337.298845,8588.822262157388,110.963525,65.1336487093596,26.213654277608153,2.0372250549538866,37,62,,True,True,,1924,92.534174553102
23,2026-09-22T23:19:33.570+00:00,2026-09-22T23:22:35.878+00:00,2026-09-22T23:23:11.457+00:00,True,546,546.0,,546.0,182307.727501,217886.470285,217886.470377,399.05946955494505,40.507769999999994,182307.727501,7799.302247869283,110.806519,65.28209685137615,26.688369111371937,2.5058921707521384,37,62,,True,True,,1928,92.534174553102
24,2026-09-22T23:19:37.924+00:00,2026-09-22T23:22:51.342+00:00,2026-09-22T23:23:23.088+00:00,True,489,489.0,,489.0,193417.95656,225163.857872,225163.857671,460.45778664826173,38.946503,193417.95656,8743.76077851577,111.49748159999999,65.0530764590164,26.554681360954316,2.171751739473145,37,62,,True,True,,1916,92.534174553102
25,2026-09-22T23:19:42.197+00:00,2026-09-22T23:23:06.866+00:00,2026-09-22T23:23:38.123+00:00,True,489,489.0,,489.0,204669.78768799998,235926.20445599998,235926.20440899997,482.46667568302655,40.565511,204669.78768799998,9252.62881715254,110.389588,64.05003436065574,26.37971498562066,2.0726820114261537,37,62,,True,True,,2289,92.534174553102
26,2026-09-22T23:19:46.560+00:00,2026-09-22T23:23:22.081+00:00,2026-09-22T23:23:57.084+00:00,True,544,544.0,,544.0,215521.64688299998,250524.05174699996,250524.05172899997,460.5221539136029,0.01534,215521.64688299998,9237.733755890094,110.78402450000002,64.46115076243093,39.2256759273759,2.171448195119311,37,62,,True,True,,2974,92.534174553102
27,2026-09-22T23:19:49.645+00:00,2026-09-22T23:23:34.034+00:00,2026-09-22T23:24:12.458+00:00,True,595,595.0,,595.0,224388.329395,262812.368307,262812.368275,441.7014592857143,0.01543,224388.329395,9196.451655463214,111.359743,64.6869341952862,38.13079875492192,2.2639725970010676,37,62,,True,True,,910,92.534174553102
28,2026-09-22T23:19:52.569+00:00,2026-09-22T23:23:43.686+00:00,2026-09-22T23:24:06.440+00:00,True,353,353.0,,353.0,231117.45764100002,253871.008745,253871.00875900002,719.1813279291786,0.01731,231117.45764100002,12297.778192417205,110.237938,64.64077018181818,43.75265218288735,1.3904699151944908,37,62,,True,True,,1719,92.534174553102
29,2026-09-22T23:19:55.764+00:00,2026-09-22T23:23:54.434+00:00,2026-09-22T23:24:14.003+00:00,True,309,309.0,,309.0,238670.324585,258238.83812099998,258238.838346,835.7243959417475,43.909653,238670.324585,13573.888083172042,109.5946176,63.53413485714286,24.494969600787137,1.196566721908869,37,62,,True,True,,1477,92.534174553102
30,2026-09-22T23:19:58.364+00:00,2026-09-22T23:24:05.103+00:00,2026-09-22T23:24:41.854+00:00,True,574,574.0,,574.0,246738.64801499998,283489.440975,283489.440902,493.88404338327524,43.808741999999995,246738.64801499998,10296.0250383852,108.35333064999999,64.1375095287958,24.83458219111233,2.024766770945163,37,62,,True,True,,2677,92.534174553102
31,2026-09-22T23:20:01.141+00:00,2026-09-22T23:24:12.978+00:00,2026-09-22T23:24:33.484+00:00,True,324,324.0,,324.0,251836.567067,272342.992155,272342.99212,840.5647904938271,40.55703,251836.567067,13987.415725926357,109.54529615,63.487384173374615,25.077257012608786,1.1896762881109868,37,62,,True,True,,1636,92.534174553102
32,2026-09-22T23:20:04.521+00:00,2026-09-22T23:24:25.454+00:00,2026-09-22T23:24:55.405+00:00,True,472,472.0,,472.0,260933.27697099998,290884.552747,290884.552777,616.280832154661,39.338753,260933.27697099998,12007.527606866946,109.6679175,63.59081905732484,25.50237595161328,1.6226368693098914,37,62,,True,True,,2216,92.534174553102
33,2026-09-22T23:20:08.787+00:00,2026-09-22T23:24:42.002+00:00,2026-09-22T23:25:08.800+00:00,False,428,427.0,,427.0,273215.20999199996,300013.37728799996,300013.37741599994,700.9658350841121,0.02061,273215.20999199996,13203.346269241958,106.9494745,62.75917399531616,25.31172095307928,1.423269868363564,37,62,,True,False,Request timeout: 300.0s exceeded,1589,92.534174553102
34,2026-09-22T23:20:11.899+00:00,2026-09-22T23:24:53.919+00:00,2026-09-22T23:25:11.934+00:00,False,300,299.0,,299.0,282019.869866,300034.84996200004,300034.850088,1000.1161669600001,0.02376,282019.869866,16278.963065007629,104.25086945000001,60.25076955183946,23.472930480915952,0.9965509007965873,37,62,,True,False,Request timeout: 300.0s exceeded,1427,92.534174553102
35,2026-09-22T23:20:14.400+00:00,2026-09-22T23:25:01.403+00:00,2026-09-22T23:25:14.462+00:00,False,241,240.0,,240.0,287002.901479,300061.987047,300061.987068,1245.0704857593362,0.02233,287002.901479,18483.98863211877,100.748877,54.41285653333333,20.746024417103545,0.7998347353555577,37,62,,True,False,Request timeout: 300.0s exceeded,1342,92.534174553102
0,2026-09-22T23:18:17.274+00:00,2026-09-22T23:18:17.621+00:00,2026-09-22T23:18:49.754+00:00,True,558,558.0,,558.0,347.190342,32479.661894,32479.661919,58.20727942473118,33.706796000000004,347.190342,25.901274631738865,111.59145634999999,57.68845880071814,22.838845109052833,17.179981793562938,38,62,,False,True,,2184,92.534174553102
1,2026-09-22T23:18:21.234+00:00,2026-09-22T23:18:21.381+00:00,2026-09-22T23:18:54.460+00:00,True,540,540.0,,540.0,146.960175,33225.609007,33225.608857,61.52890529074074,39.320012999999996,163.431729,23.70665445399364,111.01262745000002,61.37040599628943,23.440539453990354,16.25252376521473,38,62,,False,True,,2490,92.534174553102
2,2026-09-22T23:18:24.676+00:00,2026-09-22T23:18:38.535+00:00,2026-09-22T23:19:05.716+00:00,True,425,425.0,,425.0,13859.811229,41040.856221,41040.85624,96.56672056470589,1.881206,13859.811229,669.6687565213135,108.46993,64.10623818867924,25.34799128341638,10.355534438936335,38,62,,False,True,,948,92.534174553102
3,2026-09-22T23:18:29.707+00:00,2026-09-22T23:18:51.113+00:00,2026-09-22T23:19:16.961+00:00,True,414,414.0,,414.0,21405.324978,47253.967026,47253.967171000004,114.14001732125604,0.01859,21405.324978,1049.271529505189,108.89009200000001,62.58751101210654,26.473358225406187,8.761169189715005,38,62,,False,True,,1798,92.534174553102
4,2026-09-22T23:18:33.755+00:00,2026-09-22T23:19:08.083+00:00,2026-09-22T23:19:34.456+00:00,True,404,404.0,,404.0,34327.9215,60700.256603999995,60700.256751999994,150.24816027722773,3.940752,34327.9215,1704.8288295217772,110.5010455,65.4400374789082,26.57759799998079,6.655655554071865,38,62,,False,True,,1980,92.534174553102
5,2026-09-22T23:18:38.032+00:00,2026-09-22T23:19:19.703+00:00,2026-09-22T23:19:57.222+00:00,True,585,585.0,,585.0,41670.974142,79189.96473400001,79189.964753,135.36746111623933,0.01873,41670.974142,1720.480028655279,110.76635719999999,64.2448469041096,29.557909242898827,7.387299665620784,38,62,,False,True,,2024,92.534174553102
6,2026-09-22T23:18:42.161+00:00,2026-09-22T23:19:35.071+00:00,2026-09-22T23:20:04.803+00:00,True,458,458.0,,458.0,52909.899099,82641.95439500001,82641.954255,180.44094815502183,0.016989999999999998,52909.899099,2469.4632802311785,110.84624184999998,65.0592019606127,30.34776449935296,5.541979293119305,38,62,,False,True,,1995,92.534174553102
7,2026-09-22T23:18:46.223+00:00,2026-09-22T23:19:49.305+00:00,2026-09-22T23:20:14.626+00:00,True,393,393.0,,393.0,63082.585924,88403.14682,88403.146823,224.94439395165395,0.0,63082.585924,3178.9958711960294,112.12818360000001,64.59326759183674,31.79977762298501,4.445543107195016,38,62,,False,True,,1494,92.534174553102
8,2026-09-22T23:18:51.325+00:00,2026-09-22T23:20:08.111+00:00,2026-09-22T23:20:37.315+00:00,True,456,456.0,,456.0,76786.285853,105990.081565,105990.08134799999,232.43438892105263,43.761134,76786.285853,3592.931066187797,110.18890350000001,64.1841664,25.383946819459712,4.302289358276899,38,62,,False,True,,880,92.534174553102
9,2026-09-22T23:18:56.671+00:00,2026-09-22T23:20:26.742+00:00,2026-09-22T23:21:00.259+00:00,True,529,529.0,,529.0,90070.818272,123588.019168,123588.01916000001,233.62574510396976,0.01756,90070.818272,3913.49687961892,107.42906180000001,63.47954715151515,32.4553289078016,4.280350179258891,38,62,,True,True,,2362,92.534174553102
10,2026-09-22T23:19:00.678+00:00,2026-09-22T23:20:40.163+00:00,2026-09-22T23:21:08.734+00:00,True,457,457.0,,457.0,99485.017087,128056.748799,128056.748669,280.21170387089717,0.01677,99485.017087,4650.898713655307,105.985745,62.657306385964915,33.00950155023174,3.5687303034478473,38,62,,True,True,,2138,92.534174553102
11,2026-09-22T23:19:05.007+00:00,2026-09-22T23:20:55.193+00:00,2026-09-22T23:21:18.723+00:00,True,367,367.0,,367.0,110185.941282,133715.17213,133715.172236,364.3465183542234,0.01886,110185.941282,5748.415891895614,106.63230600000001,64.28751597814208,35.98982734277529,2.7446399249532942,38,62,,True,True,,1738,92.534174553102
12,2026-09-22T23:19:09.955+00:00,2026-09-22T23:21:12.706+00:00,2026-09-22T23:21:45.098+00:00,True,504,504.0,,504.0,122750.42241,155143.304842,155143.304728,307.8240173174603,41.264728000000005,122750.42241,5464.931152780224,110.73419100000001,64.39936865208747,25.918279350568824,3.2486094099470177,38,62,,True,True,,2203,92.534174553102
13,2026-09-22T23:19:13.640+00:00,2026-09-22T23:21:27.073+00:00,2026-09-22T23:22:05.695+00:00,True,586,586.0,,586.0,133433.745447,172054.952487,172054.952346,293.60913369624575,42.688496,133433.745447,5509.437706407228,111.72715975,66.01915733333334,27.338850982023576,3.405888592740604,38,62,,True,True,,1445,92.534174553102
14,2026-09-22T23:19:17.625+00:00,2026-09-22T23:21:39.010+00:00,2026-09-22T23:21:59.468+00:00,True,320,320.0,,320.0,141385.182058,161843.661674,161843.661675,505.761442734375,42.091286,141385.182058,7900.131956496546,112.464525,64.13316494043887,26.7532418848293,1.9772167577657298,38,62,,True,True,,1663,92.534174553102
15,2026-09-22T23:19:22.156+00:00,2026-09-22T23:21:55.826+00:00,2026-09-22T23:22:32.752+00:00,True,577,577.0,,577.0,153670.036906,190596.110506,190596.110465,330.3225484662045,0.016689,153670.036906,6394.792721047027,110.32621599999999,64.10776666666666,34.74364921800101,3.0273440442628337,38,62,,True,True,,2185,92.534174553102
16,2026-09-22T23:19:26.607+00:00,2026-09-22T23:22:10.298+00:00,2026-09-22T23:22:48.581+00:00,True,599,599.0,,599.0,163691.168646,201974.365318,201974.365083,337.1859183355593,0.01914,163691.168646,6685.705101108662,111.08679000000001,64.01872353177258,32.937990187068955,2.9657228978385457,38,62,,True,True,,2060,92.534174553102
17,2026-09-22T23:19:31.599+00:00,2026-09-22T23:22:29.018+00:00,2026-09-22T23:23:06.712+00:00,True,582,582.0,,582.0,177418.909109,215112.857269,215112.857135,369.60972016323024,43.049834000000004,177418.909109,7351.606495342311,110.669827,64.87770767641996,25.850719464741175,2.705556550123851,38,62,,True,True,,3342,92.534174553102
18,2026-09-22T23:19:34.765+00:00,2026-09-22T23:22:38.967+00:00,2026-09-22T23:23:13.328+00:00,True,529,529.0,,529.0,184202.497346,218563.323458,218563.32337899998,413.16318219092625,41.933568,184202.497346,8006.019450598709,110.628884,65.07732218181818,26.768712584762124,2.420351189899685,38,62,,True,True,,2327,92.534174553102
19,2026-09-22T23:19:38.743+00:00,2026-09-22T23:22:54.530+00:00,2026-09-22T23:23:17.890+00:00,True,360,360.0,,360.0,195786.972646,219146.429414,219146.429539,608.7400820527778,43.407614,195786.972646,10315.485563731832,110.5917455,65.06812470194986,27.085050049865348,1.6427372372100426,38,62,,True,True,,1167,92.534174553102
20,2026-09-22T23:19:42.203+00:00,2026-09-22T23:23:07.224+00:00,2026-09-22T23:23:32.643+00:00,True,397,397.0,,397.0,205021.138691,230440.300803,230440.300792,580.4541581662469,40.251761,205021.138691,10286.529849509265,108.828375,64.1898033131313,27.04061757883657,1.7227889332577702,38,62,,True,True,,1800,92.534174553102
21,2026-09-22T23:19:45.374+00:00,2026-09-22T23:23:16.868+00:00,2026-09-22T23:23:40.771+00:00,True,374,374.0,,374.0,211493.417388,235396.279468,235396.279452,629.4018167165775,41.19432,211493.417388,10932.780776001451,109.52697309999999,64.08274016085791,25.71068456568999,1.5888101581097502,38,62,,True,True,,1724,92.534174553102
22,2026-09-22T23:19:49.930+00:00,2026-09-22T23:23:36.474+00:00,2026-09-22T23:24:09.668+00:00,True,511,511.0,,511.0,226544.21412400002,259737.579884,259737.57998200002,508.2927201213308,0.01623,226544.21412400002,10018.923852299087,110.943715,65.08503090196078,39.32903633031841,1.9673702982379944,38,62,,True,True,,2689,92.534174553102
23,2026-09-22T23:19:53.241+00:00,2026-09-22T23:23:45.224+00:00,2026-09-22T23:24:13.696+00:00,True,443,443.0,,443.0,231983.008456,260454.563272,260454.56308300002,587.9335509774266,0.01749,231983.008456,11018.858111173027,110.36668900000001,64.41528238914027,40.215439552420875,1.7008724839939269,38,62,,True,True,,2131,92.534174553102
24,2026-09-22T23:19:57.015+00:00,2026-09-22T23:23:58.843+00:00,2026-09-22T23:24:32.256+00:00,True,525,525.0,,525.0,241828.34592300002,275241.588547,275241.58837400004,524.2696921409524,38.557294999999996,241828.34592300002,10551.501174890798,109.78939919999999,63.765730198473285,25.122342511378736,1.9074152375426774,38,62,,True,True,,2838,92.534174553102
25,2026-09-22T23:20:01.007+00:00,2026-09-22T23:24:12.881+00:00,2026-09-22T23:24:37.107+00:00,True,379,379.0,,379.0,251873.299046,276099.776102,276099.776305,728.4954519920844,38.832473,251873.299046,12934.595077718097,109.33186300000001,64.09120914285714,25.408516596488543,1.3726921671243422,38,62,,True,True,,1224,92.534174553102
26,2026-09-22T23:20:06.409+00:00,2026-09-22T23:24:33.638+00:00,2026-09-22T23:25:06.432+00:00,False,524,523.0,,523.0,267228.41738999996,300022.41393399995,300022.41399499995,572.5618587690839,0.036819000000000005,267228.41738999996,11671.215389921575,105.47529834999999,62.7036262791587,25.125978107945784,1.7432030932030682,38,62,,True,False,Request timeout: 300.0s exceeded,2402,92.534174553102
27,2026-09-22T23:20:10.230+00:00,2026-09-22T23:24:48.234+00:00,2026-09-22T23:25:10.263+00:00,False,353,352.0,,352.0,278004.02117400005,300032.573878,300032.57390300004,849.9506342861191,0.02159,278004.02117400005,14793.351583879201,105.34746299999999,62.581115636363634,25.199940617914503,1.1732059471086997,38,62,,True,False,Request timeout: 300.0s exceeded,2272,92.534174553102
28,2026-09-22T23:20:14.828+00:00,2026-09-22T23:25:03.638+00:00,2026-09-22T23:25:14.914+00:00,False,212,211.0,,211.0,288809.556653,300085.519789,300085.519787,1415.4977348443397,0.03605,288809.556653,19831.86347709629,100.66133205,53.44058358293839,21.87180383904502,0.7031328940775318,38,62,,True,False,Request timeout: 300.0s exceeded,953,92.534174553102
0,2026-09-22T23:18:17.276+00:00,2026-09-22T23:18:17.621+00:00,2026-09-22T23:18:36.063+00:00,True,364,364.0,,364.0,344.272278,18786.781334,18786.781416,51.612036857142854,0.02621,344.272278,22.446865973363565,79.49656164999999,50.805810071625345,16.37070636426489,19.375325316702277,39,62,,False,True,,1723,92.534174553102
1,2026-09-22T23:18:21.968+00:00,2026-09-22T23:18:22.137+00:00,2026-09-22T23:18:44.102+00:00,True,375,375.0,,375.0,169.726745,22134.103833,22134.103736,59.024276629333336,41.251099,169.726745,22.396890168623734,110.12994040000001,58.72828098395722,21.680003872872188,16.942181297663744,39,62,,False,True,,1648,92.534174553102
2,2026-09-22T23:18:25.820+00:00,2026-09-22T23:18:41.181+00:00,2026-09-22T23:19:00.987+00:00,True,312,312.0,,312.0,15361.307643999999,35166.966012,35166.965928,112.71463438461538,40.040911,15361.307643999999,866.410136654493,106.81310000000002,63.683788964630224,24.760080118728666,8.87196239486615,39,62,,False,True,,1252,92.534174553102
3,2026-09-22T23:18:29.156+00:00,2026-09-22T23:18:50.360+00:00,2026-09-22T23:19:23.263+00:00,True,524,524.0,,524.0,21204.625103,54107.218895,54107.218972999995,103.25805147519084,0.016190000000000003,21204.625103,923.9327356331676,108.26628085,62.91126920076482,25.550467539763112,9.684474839057426,39,62,,False,True,,2644,92.534174553102
4,2026-09-22T23:18:34.081+00:00,2026-09-22T23:19:08.860+00:00,2026-09-22T23:19:45.634+00:00,True,569,569.0,,569.0,34778.710323,71553.33355499999,71553.333602,125.75278313181019,4.571779,34778.710323,1455.525786540967,109.43922600000002,64.74405498591548,26.488162291135723,7.952110289349887,39,62,,False,True,,2486,92.534174553102
5,2026-09-22T23:18:39.069+00:00,2026-09-22T23:19:24.950+00:00,2026-09-22T23:19:58.000+00:00,True,515,515.0,,515.0,45880.563366999995,78930.910119,78930.910158,153.26390321941747,0.0167,45880.563366999995,2019.1236206509327,109.969009,64.30028550972763,29.688385154463997,6.524693548111399,39,62,,False,True,,1892,92.534174553102
6,2026-09-22T23:18:42.707+00:00,2026-09-22T23:19:37.395+00:00,2026-09-22T23:20:06.253+00:00,True,441,441.0,,441.0,54688.394913000004,83545.953953,83545.954004,189.44660771882087,0.016149999999999998,54688.394913000004,2601.270401132827,110.378606,65.58536145454545,30.99392373088868,5.278532102800465,39,62,,False,True,,2170,92.534174553102
7,2026-09-22T23:18:47.080+00:00,2026-09-22T23:19:52.483+00:00,2026-09-22T23:20:14.581+00:00,True,345,345.0,,345.0,65402.716159,87500.16691100001,87500.166902,253.62367217971016,0.0,65402.716159,3517.855062240077,110.681739,64.23677544186047,32.48780560637831,3.942849621657449,39,62,,False,True,,1885,92.534174553102
8,2026-09-22T23:18:50.084+00:00,2026-09-22T23:20:04.194+00:00,2026-09-22T23:20:28.123+00:00,True,373,373.0,,373.0,74109.720338,98038.685202,98038.685277,262.8382983297587,0.0,74109.720338,3834.025808468224,111.428339,64.3251743655914,27.807994448622935,3.804620586572195,39,62,,False,True,,1538,92.534174553102
9,2026-09-22T23:18:54.832+00:00,2026-09-22T23:20:20.967+00:00,2026-09-22T23:20:47.640+00:00,True,420,420.0,,420.0,86134.722235,112808.410299,112808.410188,268.5914528285714,40.163491,86134.722235,4199.906815651218,107.03114144999999,63.66035337470167,24.109788832995378,3.7231266612727287,39,62,,False,True,,2016,92.534174553102
10,2026-09-22T23:18:57.957+00:00,2026-09-22T23:20:31.762+00:00,2026-09-22T23:20:52.599+00:00,True,333,333.0,,333.0,93804.970208,114642.157792,114642.157938,344.27074455855853,41.394358,93804.970208,5137.0953425726675,107.01986559999999,62.762613204819274,23.592106457514387,2.9046906165546504,39,62,,True,True,,1347,92.534174553102
11,2026-09-22T23:19:01.155+00:00,2026-09-22T23:20:41.365+00:00,2026-09-22T23:21:08.984+00:00,True,441,441.0,,441.0,100210.63915,127829.632046,127829.63188100001,289.8631108412699,0.01668,100210.63915,4769.066904726211,107.93225100000001,62.770438399999996,33.97915538020694,3.44990432141199,39,62,,True,True,,1720,92.534174553102
12,2026-09-22T23:19:05.205+00:00,2026-09-22T23:20:55.851+00:00,2026-09-22T23:21:28.281+00:00,True,523,523.0,,523.0,110646.186713,143076.72930500002,143076.729357,273.56927219311666,0.02091,110646.186713,4835.58853837827,105.9609979,62.127476229885055,28.740495656017092,3.655381294641623,39,62,,True,True,,2506,92.534174553102
13,2026-09-22T23:19:09.180+00:00,2026-09-22T23:21:10.296+00:00,2026-09-22T23:21:36.820+00:00,True,415,415.0,,415.0,121116.23260799999,147639.37065599998,147639.370608,355.75751953734937,40.32324,121116.23260799999,5942.270891428026,110.11008100000001,64.06555084057972,25.297332774016702,2.8109033393738234,39,62,,True,True,,1235,92.534174553102
14,2026-09-22T23:19:13.537+00:00,2026-09-22T23:21:26.561+00:00,2026-09-22T23:22:02.569+00:00,True,549,549.0,,549.0,133024.049494,169032.66031,169032.660156,307.89191285245903,41.926008,133024.049494,5674.588356037532,110.64700540000001,65.70914382481752,27.11611832339542,3.2478930343588814,39,62,,True,True,,2333,92.534174553102
15,2026-09-22T23:19:18.293+00:00,2026-09-22T23:21:40.905+00:00,2026-09-22T23:22:16.916+00:00,True,566,566.0,,566.0,142611.659835,178623.196987,178623.197207,315.5886876448763,0.016980000000000002,142611.659835,5991.838136950451,110.31752125000001,63.737233897345135,34.99924952186002,3.1686813893561254,39,62,,True,True,,2423,92.534174553102
16,2026-09-22T23:19:22.736+00:00,2026-09-22T23:21:57.060+00:00,2026-09-22T23:22:31.528+00:00,True,539,539.0,,539.0,154324.308389,188792.14045300003,188792.14047800002,350.26371146196664,0.01656,154324.308389,6644.5477441587345,109.927605,64.06660234944238,34.37554380486041,2.8549917316827313,39,62,,True,True,,2818,92.534174553102
17,2026-09-22T23:19:26.157+00:00,2026-09-22T23:22:07.087+00:00,2026-09-22T23:22:43.001+00:00,True,566,566.0,,566.0,160929.628929,196843.877889,196843.87788,347.7807029681979,0.01896,160929.628929,6761.783982024159,110.3166935,63.565042407079645,32.70934391212034,2.875375175849597,39,62,,True,True,,2389,92.534174553102
18,2026-09-22T23:19:29.574+00:00,2026-09-22T23:22:21.063+00:00,2026-09-22T23:22:49.936+00:00,True,446,446.0,,446.0,171488.579878,200362.04778199998,200362.04791999998,449.24225991031386,41.646248,171488.579878,8117.188722264856,110.90289975,64.88419753707865,25.977030305899522,2.2259704616577967,39,62,,True,True,,2463,92.534174553102
19,2026-09-22T23:19:32.644+00:00,2026-09-22T23:22:31.624+00:00,2026-09-22T23:22:55.216+00:00,True,367,367.0,,367.0,178980.44029499998,202572.35863099998,202572.35875999997,551.9682799999999,43.745843,178980.44029499998,9339.373377320528,109.910697,64.45879326775956,25.66386340525479,1.8116983110638343,39,62,,True,True,,1290,92.534174553102
20,2026-09-22T23:19:35.878+00:00,2026-09-22T23:22:42.552+00:00,2026-09-22T23:23:16.672+00:00,True,527,527.0,,527.0,186673.494958,220793.427374,220793.427444,418.96286042504744,36.283190000000005,186673.494958,8128.84391163358,110.5489543,64.86679166539923,26.890682027237705,2.386846412358641,39,62,,True,True,,2619,92.534174553102
21,2026-09-22T23:19:40.345+00:00,2026-09-22T23:22:59.251+00:00,2026-09-22T23:23:21.672+00:00,True,347,347.0,,347.0,198906.034613,221327.44722099998,221327.44736299998,637.8312604121037,44.083572999999994,198906.034613,10674.3903872118,111.0746403,64.8017705433526,26.871660858520087,1.5678127785638507,39,62,,True,True,,1720,92.534174553102
22,2026-09-22T23:19:43.905+00:00,2026-09-22T23:23:11.604+00:00,2026-09-22T23:23:47.119+00:00,True,556,556.0,,556.0,207698.96513499998,243214.14542299998,243214.14551899998,437.43551352338125,0.01585,207698.96513499998,8805.768295575239,109.9752995,63.991315834234236,38.49378405357364,2.2860512452226014,39,62,,True,True,,2589,92.534174553102
23,2026-09-22T23:19:47.926+00:00,2026-09-22T23:23:25.422+00:00,2026-09-22T23:23:46.330+00:00,True,315,315.0,,315.0,217496.65538100002,238404.07554100003,238404.07572500003,756.8383356349207,0.01652,217496.65538100002,12250.878058634295,110.3440597,66.58414063694268,44.731600463460566,1.321286136930269,39,62,,True,True,,1434,92.534174553102
24,2026-09-22T23:19:51.198+00:00,2026-09-22T23:23:38.744+00:00,2026-09-22T23:24:07.576+00:00,True,443,443.0,,443.0,227546.67238600002,256378.29299400002,256378.292848,578.7320380316028,0.016239999999999997,227546.67238600002,10808.049182902489,111.62827220000001,65.22991087782806,41.54963155697527,1.7279153973084902,39,62,,True,True,,1992,92.534174553102
25,2026-09-22T23:19:54.851+00:00,2026-09-22T23:23:51.123+00:00,2026-09-22T23:24:17.792+00:00,True,412,412.0,,412.0,236271.846853,262940.385989,262940.385899,638.2048201432038,38.811004000000004,236271.846853,11637.109730616465,109.90996905,64.88695653527981,25.589197200927543,1.566895090879025,39,62,,True,True,,1880,92.534174553102
26,2026-09-22T23:19:58.097+00:00,2026-09-22T23:24:04.577+00:00,2026-09-22T23:24:35.839+00:00,True,485,485.0,,485.0,246479.91075799998,277742.209382,277742.2095,572.664349484536,39.985981,246479.91075799998,11189.171556335341,109.98275100000002,64.59152608264462,25.189613242255824,1.7462235973392959,39,62,,True,True,,1719,92.534174553102
27,2026-09-22T23:20:02.774+00:00,2026-09-22T23:24:19.697+00:00,2026-09-22T23:24:53.413+00:00,True,532,532.0,,532.0,256922.86579699998,290638.963589,290638.96352999995,546.3138412218045,41.182109,256922.86579699998,11136.295186890278,110.48366655,63.49547606779661,25.50358484316712,1.8304496872357239,39,62,,True,True,,2425,92.534174553102
28,2026-09-22T23:20:07.598+00:00,2026-09-22T23:24:36.651+00:00,2026-09-22T23:24:57.494+00:00,True,333,333.0,,333.0,269053.864529,289896.71432100004,289896.714453,870.5607040630631,41.047089,269053.864529,14740.64289299037,109.346294,62.77966804819277,25.64720243459332,1.1486849748537407,39,62,,True,True,,1461,92.534174553102
29,2026-09-22T23:20:12.292+00:00,2026-09-22T23:24:54.756+00:00,2026-09-22T23:25:12.332+00:00,False,296,295.0,,295.0,282463.654304,300039.07088,300039.070889,1013.6455097601353,0.038990000000000004,282463.654304,16414.419716675988,103.34755349999999,59.577683308474576,23.08435667156614,0.9832052843477329,39,62,,True,False,Request timeout: 300.0s exceeded,1508,92.534174553102
0,2026-09-22T23:18:17.277+00:00,2026-09-22T23:18:17.620+00:00,2026-09-22T23:18:43.531+00:00,True,465,465.0,,465.0,342.988091,26253.319739,26253.31988,56.45875243010752,0.04131,342.988091,25.937669716823194,110.7598794,55.841232,22.282592206366097,17.712045738323532,40,62,,False,True,,2132,92.534174553102
1,2026-09-22T23:18:22.160+00:00,2026-09-22T23:18:22.360+00:00,2026-09-22T23:18:52.397+00:00,True,493,493.0,,493.0,199.641828,30236.969444,30236.969522,61.33259537931035,39.355672,199.641828,24.235681790455885,110.56665100000001,61.05147889430894,23.441959462731457,16.30454404212216,40,62,,False,True,,2059,92.534174553102
2,2026-09-22T23:18:26.201+00:00,2026-09-22T23:18:42.444+00:00,2026-09-22T23:19:02.255+00:00,True,319,319.0,,319.0,16242.335314,36053.777746,36053.777676,113.02124663322884,5.954567,16242.335314,906.2262852608145,105.96176790000001,62.300133433962266,24.05201140467929,8.847893894708205,40,62,,False,True,,1348,92.534174553102
3,2026-09-22T23:18:30.427+00:00,2026-09-22T23:18:51.708+00:00,2026-09-22T23:19:15.740+00:00,True,391,391.0,,391.0,21281.159524,45313.39146,45313.391287,115.89102630946292,0.01656,21281.159524,1073.4334635913676,108.55495499999999,61.62110752820513,26.048117634506873,8.62879575776516,40,62,,False,True,,1740,92.534174553102
4,2026-09-22T23:18:35.054+00:00,2026-09-22T23:19:11.213+00:00,2026-09-22T23:19:42.001+00:00,True,481,481.0,,481.0,36158.83007900001,66946.935295,66946.935198,139.18281745945947,8.146202,36158.83007900001,1645.979162108605,109.700457,64.14188586666667,25.879772169840486,7.18479491078248,40,62,,False,True,,2471,92.534174553102
5,2026-09-22T23:18:39.468+00:00,2026-09-22T23:19:26.727+00:00,2026-09-22T23:19:52.940+00:00,True,404,404.0,,404.0,47258.517877,73471.276405,73471.276462,181.8595952029703,6.131137,47258.517877,2348.1260284437576,110.54529465000002,65.04406582630273,27.69709688368132,5.498747534655683,40,62,,False,True,,960,92.534174553102
6,2026-09-22T23:18:43.385+00:00,2026-09-22T23:19:40.916+00:00,2026-09-22T23:20:09.291+00:00,True,431,431.0,,431.0,57530.93672,85905.67207999999,85905.6721,199.3171046403712,0.0,57530.93672,2768.183254494281,111.52545400000001,65.98775665116278,32.815537085687865,5.017130878140731,40,62,,False,True,,1673,92.534174553102
7,2026-09-22T23:18:48.455+00:00,2026-09-22T23:19:57.793+00:00,2026-09-22T23:20:32.982+00:00,True,541,541.0,,541.0,69337.599761,104526.759953,104526.759848,193.21027698336414,0.0,69337.599761,2978.383144565629,111.19301399999999,65.16511146666667,27.698428752738476,5.175708117646221,40,62,,False,True,,2424,92.534174553102
8,2026-09-22T23:18:51.810+00:00,2026-09-22T23:20:09.187+00:00,2026-09-22T23:20:41.928+00:00,True,510,510.0,,510.0,77376.316428,110117.58951600001,110117.589672,215.91684249411765,41.488728,77376.316428,3423.525428976792,109.75994900000002,64.3247015481336,25.24463960174886,4.6314126765905765,40,62,,False,True,,2423,92.534174553102
9,2026-09-22T23:18:57.108+00:00,2026-09-22T23:20:29.368+00:00,2026-09-22T23:20:52.143+00:00,True,360,360.0,,360.0,92259.20940899999,115034.26348899999,115034.263501,319.53962083611106,42.359327,92259.20940899999,4859.202683073582,106.5243155,63.44026206128134,23.97831292629604,3.1295023680872665,40,62,,True,True,,1394,92.534174553102
10,2026-09-22T23:19:01.598+00:00,2026-09-22T23:20:42.727+00:00,2026-09-22T23:21:15.734+00:00,True,526,526.0,,526.0,101128.54585899999,134136.39635499998,134136.396293,255.0121602528517,0.01644,101128.54585899999,4406.792666333553,106.611634,62.87209618285714,32.53577685852803,3.921381625669364,40,62,,True,True,,2414,92.534174553102
11,2026-09-22T23:19:06.100+00:00,2026-09-22T23:20:59.302+00:00,2026-09-22T23:21:23.271+00:00,True,380,380.0,,380.0,113202.749735,137171.090727,137171.090497,360.9765539394737,0.017,113202.749735,5804.041238522269,106.11143700000001,63.24100525593668,35.273268612511686,2.7702630196057987,40,62,,True,True,,1831,92.534174553102
12,2026-09-22T23:19:11.309+00:00,2026-09-22T23:21:16.475+00:00,2026-09-22T23:21:42.080+00:00,True,399,399.0,,399.0,125165.98658400001,150770.838296,150770.83828700002,377.8717751553885,39.196673000000004,125165.98658400001,6262.970393554859,111.20082489999999,64.33379827135678,26.09097650968333,2.646400355065119,40,62,,True,True,,1857,92.534174553102
13,2026-09-22T23:19:14.586+00:00,2026-09-22T23:21:29.551+00:00,2026-09-22T23:21:56.358+00:00,True,410,410.0,,410.0,134965.848606,161772.90089400002,161772.90079400002,394.5680507170732,37.677977,134965.848606,6662.305258213681,111.05400600000002,65.54291512958434,26.86474385712183,2.5344170607946763,40,62,,True,True,,1711,92.534174553102
14,2026-09-22T23:19:18.129+00:00,2026-09-22T23:21:40.648+00:00,2026-09-22T23:22:03.828+00:00,True,357,357.0,,357.0,142518.44172099998,165698.85132099997,165698.85117299997,464.14244026050415,43.302815,142518.44172099998,7539.478554765111,110.607333,65.11351011235955,27.198238988980382,2.154511012924296,40,62,,True,True,,1537,92.534174553102
15,2026-09-22T23:19:22.470+00:00,2026-09-22T23:21:56.034+00:00,2026-09-22T23:22:30.279+00:00,True,536,536.0,,536.0,153563.424243,187809.40824299998,187809.40803299999,350.3906866287313,0.01704,153563.424243,6630.2591225655315,110.45018075,64.01118504672897,35.39646185273946,2.8539571314046657,40,62,,True,True,,2403,92.534174553102
16,2026-09-22T23:19:27.182+00:00,2026-09-22T23:22:13.989+00:00,2026-09-22T23:22:33.489+00:00,True,301,301.0,,301.0,166806.925491,186307.284147,186307.284239,618.96107720598,0.03427,166806.925491,9610.934287970225,111.971852,65.00119552000001,41.557674058271985,1.6156104758765377,40,62,,True,True,,1210,92.534174553102
17,2026-09-22T23:19:31.356+00:00,2026-09-22T23:22:27.967+00:00,2026-09-22T23:22:51.178+00:00,True,357,357.0,,357.0,176610.886978,199821.61337799998,199821.613236,559.7244068235294,38.760364,176610.886978,9343.827240903127,112.32323320000002,65.19866966292135,26.885204964196355,1.786593521916309,40,62,,True,True,,1782,92.534174553102
18,2026-09-22T23:19:34.927+00:00,2026-09-22T23:22:39.375+00:00,2026-09-22T23:23:10.793+00:00,True,484,484.0,,484.0,184448.819201,215866.17472100002,215866.174659,446.00449309710746,40.176671,184448.819201,8381.124021608968,112.100419,65.0462847204969,27.01052698372279,2.242129878039272,40,62,,True,True,,2005,92.534174553102
19,2026-09-22T23:19:38.544+00:00,2026-09-22T23:22:53.753+00:00,2026-09-22T23:23:19.150+00:00,True,391,391.0,,391.0,195209.450404,220606.460836,220606.460749,564.2108970562659,40.68384,195209.450404,9868.909834209642,110.9320845,65.12053956923077,27.014616284884497,1.7723868943741925,40,62,,True,True,,1815,92.534174553102
20,2026-09-22T23:19:41.631+00:00,2026-09-22T23:23:05.542+00:00,2026-09-22T23:23:32.224+00:00,True,415,415.0,,415.0,203910.900507,230593.322779,230593.322783,555.6465609228916,39.159093,203910.900507,10006.466287240408,111.28015299999998,64.45029534299516,27.464256910310798,1.7997051909336284,40,62,,True,True,,1922,92.534174553102
21,2026-09-22T23:19:46.534+00:00,2026-09-22T23:23:22.077+00:00,2026-09-22T23:23:59.201+00:00,True,577,577.0,,577.0,215543.810014,252667.806942,252667.80707299997,437.8991457071057,0.01693,215543.810014,8970.601810561378,109.41593379999999,64.45138355555555,37.61753352923272,2.283630855008175,40,62,,True,True,,2009,92.534174553102
22,2026-09-22T23:19:49.865+00:00,2026-09-22T23:23:35.436+00:00,2026-09-22T23:23:57.037+00:00,True,332,332.0,,332.0,225570.92256900002,247172.30010500003,247172.300206,744.4948801385543,0.015880000000000002,225570.92256900002,12376.313714903192,110.3408786,65.26095932326284,45.30717450011707,1.343192582093401,40,62,,True,True,,1871,92.534174553102
23,2026-09-22T23:19:53.923+00:00,2026-09-22T23:23:48.041+00:00,2026-09-22T23:24:26.225+00:00,True,597,597.0,,597.0,234118.020671,272302.695743,272302.695658,456.1184181876047,38.697335,234118.020671,9579.224146908573,109.81625100000001,64.06824676510067,25.379793030588658,2.1924131098703854,40,62,,True,True,,2087,92.534174553102
24,2026-09-22T23:19:57.484+00:00,2026-09-22T23:24:01.274+00:00,2026-09-22T23:24:31.214+00:00,True,471,471.0,,471.0,243790.74938,273729.98906,273729.989109,581.1677051146497,41.301059,243790.74938,11230.377653757356,110.15515649999999,63.700509957446805,25.124722722842247,1.7206737252919686,40,62,,True,True,,2164,92.534174553102
25,2026-09-22T23:20:00.796+00:00,2026-09-22T23:24:12.457+00:00,2026-09-22T23:24:34.494+00:00,True,345,345.0,,345.0,251661.096286,273697.86121400003,273697.861302,793.3271342086957,40.681050000000006,251661.096286,13545.552321127425,109.3333662,64.06036316279071,25.131505760903853,1.2605140517713067,40,62,,True,True,,1295,92.534174553102
26,2026-09-22T23:20:04.609+00:00,2026-09-22T23:24:25.610+00:00,2026-09-22T23:24:57.146+00:00,True,496,496.0,,496.0,261000.86498100002,292537.025749,292537.02565900004,589.7923904415323,40.053192,261000.86498100002,11716.452730257528,109.860025,63.70941569292929,25.901071950477434,1.6955118714633186,40,62,,True,True,,2634,92.534174553102
27,2026-09-22T23:20:09.720+00:00,2026-09-22T23:24:45.069+00:00,2026-09-22T23:25:09.783+00:00,False,395,394.0,,394.0,275348.84579000005,300062.90531000006,300062.905397,759.6529250556963,0.03656,275348.84579000005,13851.170635625876,106.42757999999999,62.726039390862944,25.130393512039312,1.313058005597033,40,62,,True,False,Request timeout: 300.0s exceeded,1748,92.534174553102
28,2026-09-22T23:20:13.102+00:00,2026-09-22T23:24:57.049+00:00,2026-09-22T23:25:13.131+00:00,False,278,277.0,,277.0,283947.240591,300029.668751,300029.66876000003,1079.2434128057555,0.02484,283947.240591,17026.55579793113,102.5195635,58.059307436823104,22.01102744478342,0.9232420285404749,40,62,,True,False,Request timeout: 300.0s exceeded,1534,92.534174553102
29,2026-09-22T23:20:16.385+00:00,2026-09-22T23:25:07.824+00:00,2026-09-22T23:25:16.661+00:00,False,186,185.0,,185.0,291438.874292,300276.43384400004,300276.433724,1614.389428623656,0.01982,291438.874292,21365.865901118552,102.18438875000001,47.77059217297297,37.96678743627934,0.6160989646497248,40,62,,True,False,Request timeout: 300.0s exceeded,1085,92.534174553102
0,2026-09-22T23:18:17.279+00:00,2026-09-22T23:18:17.622+00:00,2026-09-22T23:18:37.234+00:00,True,380,380.0,,380.0,343.108851,19955.497715,19955.497738,52.51446773157895,2.592154,343.108851,23.21678609746301,83.62785090000001,51.747727873350925,17.789211772180153,19.042371452071798,41,62,,False,True,,1659,92.534174553102
1,2026-09-22T23:18:20.810+00:00,2026-09-22T23:18:20.948+00:00,2026-09-22T23:18:56.315+00:00,True,582,582.0,,582.0,138.37257300000002,35505.805021,35505.80498,61.00653776632302,38.463265,165.034805,23.251724283927402,109.5852941,60.873377707401026,23.04858543568694,16.391685800554995,41,62,,False,True,,2683,92.534174553102
2,2026-09-22T23:18:26.031+00:00,2026-09-22T23:18:41.705+00:00,2026-09-22T23:19:10.844+00:00,True,463,463.0,,463.0,15674.001933,44812.996877,44812.996792,96.78833000431965,0.01709,15674.001933,725.9739786987528,109.0311161,63.07141762770563,26.216904773014285,10.331824074850749,41,62,,False,True,,2337,92.534174553102
3,2026-09-22T23:18:31.598+00:00,2026-09-22T23:18:58.348+00:00,2026-09-22T23:19:24.030+00:00,True,405,405.0,,405.0,26749.94742,52431.536924,52431.536963,129.46058509382715,0.016399999999999998,26749.94742,1326.3269776218995,108.92751499999999,63.568290851485145,26.800863178600952,7.72435873064433,41,62,,False,True,,1823,92.534174553102
4,2026-09-22T23:18:35.944+00:00,2026-09-22T23:19:13.969+00:00,2026-09-22T23:19:46.201+00:00,True,503,503.0,,503.0,38025.111239,70256.446151,70256.446124,139.6748431888668,2.7875639999999997,38025.111239,1692.7989243631866,109.3694881,64.20584643824701,26.42234895560163,7.159485393253706,41,62,,False,True,,2366,92.534174553102
5,2026-09-22T23:18:41.396+00:00,2026-09-22T23:19:31.745+00:00,2026-09-22T23:20:07.691+00:00,True,545,545.0,,545.0,50348.689727,86295.277887,86295.277948,158.33995953761467,0.0,50348.689727,2154.109165157552,111.751641,66.07828705882352,32.09931711481552,6.315525175243707,41,62,,False,True,,2525,92.534174553102
6,2026-09-22T23:18:44.610+00:00,2026-09-22T23:19:44.912+00:00,2026-09-22T23:20:06.054+00:00,True,319,319.0,,319.0,60302.345377,81444.63888099999,81444.639063,255.3123481598746,0.0165,60302.345377,3372.7141428741716,111.60045000000002,66.4851996981132,32.222295856121164,3.916771003995681,41,62,,False,True,,1766,92.534174553102
7,2026-09-22T23:18:49.660+00:00,2026-09-22T23:20:02.080+00:00,2026-09-22T23:20:31.965+00:00,True,462,462.0,,462.0,72419.85154799999,102304.46313199999,102304.46309599999,221.43823180952378,0.0,72419.85154799999,3366.371775213703,110.59718505,64.82562165726681,27.40591762475253,4.515932011723643,41,62,,False,True,,2475,92.534174553102
8,2026-09-22T23:18:53.903+00:00,2026-09-22T23:20:18.632+00:00,2026-09-22T23:20:45.942+00:00,True,429,429.0,,429.0,84728.880236,112038.912876,112038.91287,261.16296706293707,40.896629999999995,84728.880236,4087.738244321847,107.95719079999999,63.80848747663551,23.960805621139077,3.829026799597737,41,62,,False,True,,2156,92.534174553102
9,2026-09-22T23:18:57.640+00:00,2026-09-22T23:20:30.095+00:00,2026-09-22T23:20:59.303+00:00,True,463,463.0,,463.0,92454.313787,121663.199035,121663.19904,262.77148820734345,39.078103999999996,92454.313787,4293.844914241352,106.668485,63.22269534199134,23.972770757330903,3.8055879154287604,41,62,,True,True,,1869,92.534174553102
10,2026-09-22T23:19:01.753+00:00,2026-09-22T23:20:43.918+00:00,2026-09-22T23:21:02.990+00:00,True,305,305.0,,305.0,102164.395506,121237.140978,121237.141053,397.49882312459016,0.01762,102164.395506,5846.442020031571,108.0873222,62.73929431578948,37.236490309975885,2.5157307203025026,41,62,,True,True,,1205,92.534174553102
11,2026-09-22T23:19:05.137+00:00,2026-09-22T23:20:55.751+00:00,2026-09-22T23:21:21.435+00:00,True,409,409.0,,409.0,110614.122283,136297.544235,136297.54427,333.24582951100246,0.01725,110614.122283,5466.510874154149,105.745604,62.94956360784314,34.27607388369596,3.0007877419626494,41,62,,True,True,,1507,92.534174553102
12,2026-09-22T23:19:08.461+00:00,2026-09-22T23:21:06.548+00:00,2026-09-22T23:21:26.919+00:00,True,331,331.0,,331.0,118086.975265,138457.425953,138457.42598,418.3003806042296,38.15828500000001,118086.975265,6487.295436337581,105.71404050000001,61.728638448484844,23.14960082339434,2.3906265606321426,41,62,,True,True,,1562,92.534174553102
13,2026-09-22T23:19:12.828+00:00,2026-09-22T23:21:22.510+00:00,2026-09-22T23:21:53.523+00:00,True,480,480.0,,480.0,129682.13601999999,160694.705364,160694.705361,334.78063616875,44.573161999999996,129682.13601999999,5916.2552077581195,112.19542299999999,64.74440364091858,26.17269817903473,2.987030586432334,41,62,,True,True,,1826,92.534174553102
14,2026-09-22T23:19:17.199+00:00,2026-09-22T23:21:38.157+00:00,2026-09-22T23:22:06.196+00:00,True,429,429.0,,429.0,140958.444064,168997.290272,168997.290272,393.9330775571096,43.115884,140958.444064,6802.429632479058,111.78371040000002,65.51132291588785,27.321441764611222,2.53850224053609,41,62,,True,True,,1360,92.534174553102
15,2026-09-22T23:19:21.896+00:00,2026-09-22T23:21:55.370+00:00,2026-09-22T23:22:15.705+00:00,True,321,321.0,,321.0,153473.55211199998,173809.26615999997,173809.26608099998,541.4618881028036,0.015879,153473.55211199998,8562.611997628046,109.077229,63.5491064,41.572914822858344,1.8468520527812582,41,62,,True,True,,1772,92.534174553102
16,2026-09-22T23:19:27.346+00:00,2026-09-22T23:22:14.720+00:00,2026-09-22T23:22:52.965+00:00,True,592,592.0,,592.0,167373.853745,205618.294065,205618.294107,347.3281995050676,0.01625,167373.853745,6876.452325512047,110.45960755,64.71140494077835,35.00228139715553,2.879121250820499,41,62,,True,True,,1245,92.534174553102
17,2026-09-22T23:19:31.116+00:00,2026-09-22T23:22:27.491+00:00,2026-09-22T23:22:58.431+00:00,True,476,476.0,,476.0,176375.06683000003,207315.70683000004,207315.70674100003,435.53719903571437,41.808468,176375.06683000003,8081.193791671853,109.93962425,65.1381894736842,25.913982122020514,2.2960151320822137,41,62,,True,True,,1931,92.534174553102
18,2026-09-22T23:19:34.380+00:00,2026-09-22T23:22:38.255+00:00,2026-09-22T23:23:05.431+00:00,True,425,425.0,,425.0,183875.7751,211051.919996,211051.920003,496.5927529482353,41.915857,183875.7751,8916.212874907407,110.961408,64.09468135849056,25.617665548383187,2.0137225001698864,41,62,,True,True,,1866,92.534174553102
19,2026-09-22T23:19:37.726+00:00,2026-09-22T23:22:50.090+00:00,2026-09-22T23:23:20.777+00:00,True,474,474.0,,474.0,192364.557111,223051.004215,223051.004059,470.5717385210971,36.926508,192364.557111,8832.657010423949,111.52612300000001,64.87620952219874,26.655823489112507,2.125074494365912,41,62,,True,True,,1759,92.534174553102
20,2026-09-22T23:19:41.499+00:00,2026-09-22T23:23:04.501+00:00,2026-09-22T23:23:32.642+00:00,True,438,438.0,,438.0,203002.19311000002,231142.73608600002,231142.736238,527.7231420958905,39.929572,203002.19311000002,9696.780381470615,108.83716450000001,64.3948351853547,26.926065282656147,1.8949330072697406,41,62,,True,True,,2033,92.534174553102
21,2026-09-22T23:19:45.370+00:00,2026-09-22T23:23:16.872+00:00,2026-09-22T23:23:38.844+00:00,True,348,348.0,,348.0,211501.215921,233473.44043299998,233473.440388,670.9006907701149,43.097684,211501.215921,11334.288718649846,109.165487,63.320531734870315,25.148476196785495,1.4905335671355122,41,62,,True,True,,1634,92.534174553102
22,2026-09-22T23:19:49.731+00:00,2026-09-22T23:23:34.609+00:00,2026-09-22T23:24:12.773+00:00,True,590,590.0,,590.0,224877.897512,263042.648104,263042.648105,445.8349967881356,0.01614,224877.897512,9255.485556610793,109.81518899999999,64.79584141256366,37.69514570663304,2.2429822853924803,41,62,,True,True,,3124,92.534174553102
23,2026-09-22T23:19:55.282+00:00,2026-09-22T23:23:52.936+00:00,2026-09-22T23:24:20.965+00:00,True,441,441.0,,441.0,237653.68604499998,265682.89385299996,265682.89384699997,602.4555416031745,39.402263,237653.68604499998,11313.83582116428,109.463288,63.702745018181815,24.787855131846104,1.6598735191585254,41,62,,True,True,,1583,92.534174553102
24,2026-09-22T23:19:58.471+00:00,2026-09-22T23:24:05.415+00:00,2026-09-22T23:24:31.634+00:00,True,413,413.0,,413.0,246944.05231,273162.68527,273162.685095,661.4108597941888,42.847385,246944.05231,12148.215658569852,109.387974,63.6374586407767,24.490281316297867,1.5119195346603864,41,62,,True,True,,1755,92.534174553102
25,2026-09-22T23:20:02.496+00:00,2026-09-22T23:24:17.446+00:00,2026-09-22T23:24:54.582+00:00,True,590,590.0,,590.0,254950.053144,292086.246168,292086.246176,495.06143419661015,39.102243,254950.053144,10493.561834686769,109.30859389999999,63.04956370797963,25.097233343756745,2.0199513251324,41,62,,True,True,,2530,92.534174553102
26,2026-09-22T23:20:07.803+00:00,2026-09-22T23:24:38.012+00:00,2026-09-22T23:24:57.347+00:00,True,310,310.0,,310.0,270208.490435,289543.543235,289543.543225,934.0114297580644,42.783076,270208.490435,15343.278539586177,109.7826764,62.57298640776699,25.703964335829845,1.0706507095148623,41,62,,True,True,,1414,92.534174553102
27,2026-09-22T23:20:11.264+00:00,2026-09-22T23:24:51.707+00:00,2026-09-22T23:25:11.296+00:00,False,316,315.0,,315.0,280442.958995,300032.115347,300032.115285,949.4687192563291,0.02466,280442.958995,15772.670795001395,104.7585175,62.187797942857145,25.238621140654818,1.0498876083171595,41,62,,True,False,Request timeout: 300.0s exceeded,1580,92.534174553102
28,2026-09-22T23:20:16.364+00:00,2026-09-22T23:25:07.626+00:00,2026-09-22T23:25:16.632+00:00,False,191,190.0,,190.0,291262.031574,300268.91311,300268.91305000003,1572.0885500000002,0.018179999999999998,291262.031574,21071.578060463584,107.290837,47.404639663157894,33.93797326363545,0.6327661363012818,41,62,,True,False,Request timeout: 300.0s exceeded,1007,92.534174553102
0,2026-09-22T23:18:17.280+00:00,2026-09-22T23:18:17.619+00:00,2026-09-22T23:18:50.561+00:00,True,570,570.0,,570.0,339.962728,33281.845863999995,33281.845934,58.38920339298246,33.890504,339.962728,25.553798652641195,110.26676899999998,57.894346460456944,22.678562407656017,17.126453933150156,42,62,,False,True,,2698,92.534174553102
1,2026-09-22T23:18:22.088+00:00,2026-09-22T23:18:22.286+00:00,2026-09-22T23:18:45.914+00:00,True,402,402.0,,402.0,198.145362,23826.663249999998,23826.663199,59.27030646517413,38.192346,198.145362,22.87700737756003,112.04129160000001,58.923984758104744,21.824991257769213,16.871854685737418,42,62,,False,True,,1402,92.534174553102
2,2026-09-22T23:18:26.171+00:00,2026-09-22T23:18:42.077+00:00,2026-09-22T23:19:06.180+00:00,True,387,387.0,,387.0,15906.052958,40009.52355,40009.523561,103.38378181136952,2.566695,15906.052958,805.7416628433135,108.474766,62.444224331606215,24.30695124951712,9.672697039652702,42,62,,False,True,,1970,92.534174553102
3,2026-09-22T23:18:29.970+00:00,2026-09-22T23:18:51.256+00:00,2026-09-22T23:19:19.547+00:00,True,451,451.0,,451.0,21286.399022,49577.199918,49577.199949,109.92727261419068,0.0184,21286.399022,999.7246818965566,108.63695449999999,62.868446435555555,26.3922919413029,9.096923600888065,42,62,,False,True,,2404,92.534174553102
4,2026-09-22T23:18:34.573+00:00,2026-09-22T23:19:10.587+00:00,2026-09-22T23:19:46.586+00:00,True,557,557.0,,557.0,36014.0382,72013.58405599999,72013.584224,129.28830201795333,4.842859000000001,36014.0382,1523.4565103787706,110.18472000000001,64.74738463309353,26.84841691828764,7.734651834115901,42,62,,False,True,,2775,92.534174553102
5,2026-09-22T23:18:39.355+00:00,2026-09-22T23:19:25.568+00:00,2026-09-22T23:19:57.062+00:00,True,491,491.0,,491.0,46212.707001,77706.117305,77706.117388,158.2609315437882,0.0161,46212.707001,2082.866206428422,111.28500400000001,64.27226592653061,30.061355810501883,6.318678850891532,42,62,,False,True,,2053,92.534174553102
6,2026-09-22T23:18:44.822+00:00,2026-09-22T23:19:45.485+00:00,2026-09-22T23:20:06.820+00:00,True,321,321.0,,321.0,60662.49108,81997.49959200001,81997.49944,255.44392348909656,0.0,60662.49108,3382.299942803858,111.436373,66.6719016,34.07636347238399,3.914753518061153,42,62,,False,True,,1508,92.534174553102
7,2026-09-22T23:18:47.794+00:00,2026-09-22T23:19:56.599+00:00,2026-09-22T23:20:19.251+00:00,True,348,348.0,,348.0,68804.72843999999,91456.93144799999,91456.931485,262.8072743821839,0.0,68804.72843999999,3684.932114037911,110.96623664999998,65.28012394236312,28.630502922092717,3.8050697141294716,42,62,,False,True,,1640,92.534174553102
8,2026-09-22T23:18:52.077+00:00,2026-09-22T23:20:10.367+00:00,2026-09-22T23:20:41.769+00:00,True,489,489.0,,489.0,78289.134327,109691.70379900001,109691.703775,224.31841262781188,41.796488,78289.134327,3537.535581108655,110.00466840000001,64.34952760655737,25.053236318102122,4.457948806192743,42,62,,False,True,,1178,92.534174553102
9,2026-09-22T23:18:55.261+00:00,2026-09-22T23:20:21.992+00:00,2026-09-22T23:20:44.430+00:00,True,354,354.0,,354.0,86730.54749600001,109168.80823200001,109168.80821300001,308.3864638785311,38.121336,86730.54749600001,4606.358723354582,107.43717864999999,63.56447800566572,23.65114302938112,3.2426844785893163,42,62,,False,True,,1196,92.534174553102
10,2026-09-22T23:19:00.705+00:00,2026-09-22T23:20:40.357+00:00,2026-09-22T23:21:07.405+00:00,True,434,434.0,,434.0,99651.494789,126699.426181,126699.426133,291.9341615967742,0.01739,99651.494789,4780.545151997822,106.35726249999999,62.46635425404157,33.74281649986011,3.425429878269513,42,62,,True,True,,2579,92.534174553102
11,2026-09-22T23:19:04.091+00:00,2026-09-22T23:20:52.093+00:00,2026-09-22T23:21:16.727+00:00,True,388,388.0,,388.0,108001.86554700001,132635.687499,132635.687446,341.8445552731959,0.01775,108001.86554700001,5479.842708271239,106.42806200000001,63.65328669767442,34.79978662222134,2.9253062076745016,42,62,,True,True,,2084,92.534174553102
12,2026-09-22T23:19:09.491+00:00,2026-09-22T23:21:10.895+00:00,2026-09-22T23:21:33.299+00:00,True,352,352.0,,352.0,121404.18992,143808.056032,143808.055937,408.54561345738637,39.992971,121404.18992,6467.512993788748,110.06218210000002,63.82867838176638,25.46981668929982,2.4477071014830587,42,62,,True,True,,1589,92.534174553102
13,2026-09-22T23:19:13.035+00:00,2026-09-22T23:21:22.759+00:00,2026-09-22T23:21:59.008+00:00,True,563,563.0,,563.0,129723.642709,165973.312085,165973.31188700002,294.8016196927176,43.370824,129723.642709,5464.544765053272,112.0863161,64.50119106049823,26.359294784253684,3.3921116167861403,42,62,,True,True,,2841,92.534174553102
14,2026-09-22T23:19:16.071+00:00,2026-09-22T23:21:33.455+00:00,2026-09-22T23:21:55.885+00:00,True,349,349.0,,349.0,137383.913336,159813.30956,159813.309721,457.91779289684814,43.771862999999996,137383.913336,7350.585394304048,109.91853900000002,64.452288,25.228111130243718,2.183798088913065,42,62,,True,True,,1475,92.534174553102
15,2026-09-22T23:19:20.703+00:00,2026-09-22T23:21:51.712+00:00,2026-09-22T23:22:13.827+00:00,True,353,353.0,,353.0,151008.825588,173123.247092,173123.24706,490.4341276487252,42.498946000000004,151008.825588,8034.083118028775,108.3415022,62.825061090909095,24.79707239276294,2.0390098148541025,42,62,,True,True,,1675,92.534174553102
16,2026-09-22T23:19:25.042+00:00,2026-09-22T23:22:04.788+00:00,2026-09-22T23:22:35.777+00:00,True,490,490.0,,490.0,159745.842538,190735.281002,190735.280948,389.2556754040816,0.01862,159745.842538,7213.803334381787,110.294634,63.37308479345603,34.988744409017784,2.569005573724255,42,62,,True,True,,1956,92.534174553102
17,2026-09-22T23:19:30.129+00:00,2026-09-22T23:22:23.391+00:00,2026-09-22T23:22:53.274+00:00,True,461,461.0,,461.0,173261.709622,203145.354294,203145.35429,440.6623737310195,43.814443,173261.709622,8066.619062532695,111.900832,64.96444493913043,26.194527034767532,2.2693110635098384,42,62,,True,True,,1602,92.534174553102
18,2026-09-22T23:19:34.084+00:00,2026-09-22T23:22:37.173+00:00,2026-09-22T23:23:14.298+00:00,True,570,570.0,,570.0,183088.938842,220213.596506,220213.596567,386.3396431,40.412699999999994,183088.938842,7666.065417374332,110.512361,65.24544404920914,26.721136509787172,2.5883960347764887,42,62,,True,True,,2808,92.534174553102
19,2026-09-22T23:19:37.262+00:00,2026-09-22T23:22:48.787+00:00,2026-09-22T23:23:21.932+00:00,True,512,512.0,,512.0,191525.01957,224669.27045,224669.270337,438.8071686269531,41.395768,191525.01957,8461.465693262035,112.31662904999999,64.86154771037182,26.74628324579829,2.278905339277119,42,62,,True,True,,1017,92.534174553102
20,2026-09-22T23:19:41.201+00:00,2026-09-22T23:23:03.243+00:00,2026-09-22T23:23:26.026+00:00,True,352,352.0,,352.0,202042.736983,224825.70888700002,224825.708789,638.7093999687501,38.610055,202042.736983,10765.488056222372,109.8149396,64.90875186324786,26.951059538888817,1.565657245083654,42,62,,True,True,,1653,92.534174553102
21,2026-09-22T23:19:45.641+00:00,2026-09-22T23:23:17.994+00:00,2026-09-22T23:23:39.739+00:00,True,340,340.0,,340.0,212353.517044,234097.856244,234097.856257,688.5231066382353,37.885066,212353.517044,11513.037588250423,109.63508645,64.14259351032449,26.229652832825646,1.4523840818329337,42,62,,True,True,,1471,92.534174553102
22,2026-09-22T23:19:49.345+00:00,2026-09-22T23:23:33.013+00:00,2026-09-22T23:23:56.678+00:00,True,364,364.0,,364.0,223667.843141,247332.270661,247332.270612,679.4842599230769,0.02018,223667.843141,11720.043061993028,111.91303465000001,65.19126038567494,43.25239896684161,1.4717044364134262,42,62,,True,True,,497,92.534174553102
23,2026-09-22T23:19:52.339+00:00,2026-09-22T23:23:42.392+00:00,2026-09-22T23:24:09.920+00:00,True,428,428.0,,428.0,230053.010798,257580.459374,257580.459557,601.8235036378504,0.01806,230053.010798,11116.990786615344,110.68317135000001,64.46709268384075,40.86260059851592,1.661616727604928,42,62,,True,True,,1918,92.534174553102
24,2026-09-22T23:19:55.797+00:00,2026-09-22T23:23:54.686+00:00,2026-09-22T23:24:22.241+00:00,True,438,438.0,,438.0,238889.16768,266444.180032,266444.180022,608.3200457123288,44.063911999999995,238889.16768,11411.5787625794,108.48766800000001,63.05494817391305,24.239226762483185,1.643871522911088,42,62,,True,True,,1779,92.534174553102
25,2026-09-22T23:19:59.255+00:00,2026-09-22T23:24:08.257+00:00,2026-09-22T23:24:37.867+00:00,True,462,462.0,,462.0,249002.86161199998,278612.75934,278612.75931299996,603.057920590909,42.467796,249002.86161199998,11581.69965511862,109.36494499999999,64.22971307592191,24.726618439663874,1.658215514229938,42,62,,True,True,,1994,92.534174553102
26,2026-09-22T23:20:04.210+00:00,2026-09-22T23:24:24.834+00:00,2026-09-22T23:25:00.361+00:00,True,560,560.0,,560.0,260623.910415,296151.120911,296151.1209,528.8412873214286,42.088767,260623.910415,11010.714306405218,108.62235849999999,63.554938275491956,25.57727268267609,1.8909264914391204,42,62,,True,True,,3001,92.534174553102
27,2026-09-22T23:20:09.510+00:00,2026-09-22T23:24:44.098+00:00,2026-09-22T23:25:04.437+00:00,True,327,327.0,,327.0,274588.062654,294926.86534200003,294926.865323,901.9170193363915,42.002207000000006,274588.062654,15181.325578715308,107.0979477,62.3889653006135,25.370654316448757,1.1087494508877909,42,62,,True,True,,1290,92.534174553102
28,2026-09-22T23:20:14.650+00:00,2026-09-22T23:25:02.595+00:00,2026-09-22T23:25:14.661+00:00,False,226,225.0,,225.0,287945.048635,300011.469115,300011.46915,1327.4843767699115,0.027469999999999998,287945.048635,19150.26411730971,100.98908625,53.62853546666667,21.228667768777203,0.7499713283086297,42,62,,True,False,Request timeout: 300.0s exceeded,873,92.534174553102
0,2026-09-22T23:18:17.280+00:00,2026-09-22T23:18:17.622+00:00,2026-09-22T23:18:51.105+00:00,True,577,577.0,,577.0,341.98393300000004,33824.540605,33824.540682,58.621387663778165,0.04379,341.98393300000004,26.52648153652924,112.06940300000001,58.129438666666665,23.76958097821177,17.05862044774399,43,62,,False,True,,3053,92.534174553102
1,2026-09-22T23:18:21.020+00:00,2026-09-22T23:18:21.175+00:00,2026-09-22T23:18:47.740+00:00,True,445,445.0,,445.0,154.639127,26720.234007,26720.234025,60.04546971910112,0.03229,200.921675,23.702623356514213,112.1103608,59.8324209009009,23.298892430951128,16.654045764847034,43,62,,False,True,,1957,92.534174553102
2,2026-09-22T23:18:26.642+00:00,2026-09-22T23:18:43.636+00:00,2026-09-22T23:19:21.369+00:00,True,591,591.0,,591.0,16993.717933,54726.553005,54726.552992,92.59992046023689,0.017329999999999998,16993.717933,696.8966934114135,108.32503550000001,63.95395774915254,26.39686722657125,10.799145342590904,43,62,,False,True,,2361,92.534174553102
3,2026-09-22T23:18:31.650+00:00,2026-09-22T23:18:58.890+00:00,2026-09-22T23:19:23.559+00:00,True,389,389.0,,389.0,27240.078894000002,51908.602414,51908.60246,133.4411374293059,0.017079999999999998,27240.078894000002,1378.1666267195005,109.234938,63.57866886597938,26.976607795802888,7.493940925195952,43,62,,False,True,,1706,92.534174553102
4,2026-09-22T23:18:37.247+00:00,2026-09-22T23:19:17.118+00:00,2026-09-22T23:19:48.895+00:00,True,494,494.0,,494.0,39871.12959700001,71648.145149,71648.145065,145.03673090080974,5.839287000000001,39871.12959700001,1791.1902844750384,110.17558515,64.4564209979716,27.019407273052316,6.894805147749101,43,62,,False,True,,2239,92.534174553102
5,2026-09-22T23:18:43.280+00:00,2026-09-22T23:19:39.175+00:00,2026-09-22T23:20:17.581+00:00,True,592,592.0,,592.0,55894.564863,94300.105727,94300.105571,159.29071886993242,0.0,55894.564863,2294.788110140298,111.59270099999999,64.98399469373942,30.808726538170948,6.277829652851583,43,62,,False,True,,3013,92.534174553102
6,2026-09-22T23:18:48.442+00:00,2026-09-22T23:19:57.375+00:00,2026-09-22T23:20:29.885+00:00,True,502,502.0,,502.0,68932.771186,101442.961266,101442.96122299999,202.07761199800797,0.0,68932.771186,3073.8503168545403,111.332734,64.89059896207586,27.90136700990564,4.948593709559346,43,62,,False,True,,3341,92.534174553102
7,2026-09-22T23:18:53.615+00:00,2026-09-22T23:20:17.717+00:00,2026-09-22T23:20:38.623+00:00,True,328,328.0,,328.0,84102.20426299999,105008.013671,105008.013763,320.1463834237805,42.886935,84102.20426299999,4640.302413976801,108.42507400000001,63.932138862385315,24.616324830460115,3.1235711307486964,43,62,,False,True,,1800,92.534174553102
8,2026-09-22T23:18:58.199+00:00,2026-09-22T23:20:31.910+00:00,2026-09-22T23:20:56.102+00:00,True,384,384.0,,384.0,93710.588797,117903.092349,117903.09231200001,307.0393028958333,42.108337,93710.588797,4778.986383630817,108.62682665,63.165805618798956,24.24509772390116,3.256912031309049,43,62,,True,True,,2161,92.534174553102
9,2026-09-22T23:19:01.751+00:00,2026-09-22T23:20:42.964+00:00,2026-09-22T23:21:12.202+00:00,True,469,469.0,,469.0,101213.39701999999,130451.82927599999,130451.82928699999,278.14888973773986,0.01763,101213.39701999999,4670.830797807209,105.97192500000001,62.4752825982906,32.840401554408125,3.595196806383801,43,62,,True,True,,1923,92.534174553102
10,2026-09-22T23:19:06.012+00:00,2026-09-22T23:20:58.088+00:00,2026-09-22T23:21:32.783+00:00,True,550,550.0,,550.0,112075.58294,146770.57302,146770.57312299998,266.8555874963636,0.01841,112075.58294,4776.3319987266195,108.74596645000001,63.19670324225865,32.119449232715944,3.747345184276504,43,62,,True,True,,2352,92.534174553102
11,2026-09-22T23:19:11.679+00:00,2026-09-22T23:21:18.081+00:00,2026-09-22T23:21:52.127+00:00,True,532,532.0,,532.0,126402.516268,160448.277036,160448.276886,301.59450542481204,42.739255,126402.516268,5477.525132207646,110.64657355,64.11631029755179,25.83793043911969,3.3157102701740726,43,62,,True,True,,2101,92.534174553102
12,2026-09-22T23:19:17.575+00:00,2026-09-22T23:21:38.418+00:00,2026-09-22T23:22:01.745+00:00,True,361,361.0,,361.0,140843.47149700002,164169.92320900003,164169.92304700002,454.7643297700832,43.559984,140843.47149700002,7409.453278796051,111.828742,64.7956992,27.063762774750852,2.198941151604373,43,62,,True,True,,1639,92.534174553102
13,2026-09-22T23:19:21.186+00:00,2026-09-22T23:21:52.588+00:00,2026-09-22T23:22:18.428+00:00,True,406,406.0,,406.0,151401.978599,177242.289383,177242.28937399999,436.5573629901478,0.01722,151401.978599,7510.88416195386,109.6333955,63.80323650370371,38.14606305845906,2.2906497169119793,43,62,,True,True,,1767,92.534174553102
14,2026-09-22T23:19:25.674+00:00,2026-09-22T23:22:06.098+00:00,2026-09-22T23:22:29.071+00:00,True,370,370.0,,370.0,160424.277757,183396.943869,183396.94375900002,495.6674155648649,0.016280000000000003,160424.277757,8336.911662717443,110.88263049999999,62.25654772899729,38.17319411413266,2.017481819458726,43,62,,True,True,,1585,92.534174553102
15,2026-09-22T23:19:30.778+00:00,2026-09-22T23:22:25.794+00:00,2026-09-22T23:22:56.457+00:00,True,472,472.0,,472.0,175015.75062900002,205678.43427700002,205678.43425500003,435.75939460805085,43.070055,175015.75062900002,8052.798437663397,111.31657100000001,65.10123916772824,26.059838533482374,2.2948443849214066,43,62,,True,True,,1855,92.534174553102
16,2026-09-22T23:19:34.478+00:00,2026-09-22T23:22:38.357+00:00,2026-09-22T23:22:58.632+00:00,True,314,314.0,,314.0,183878.634293,204153.832245,204153.83227900002,650.171440378981,43.362233999999994,183878.634293,10373.249641314735,110.797644,64.77699026198083,26.428258607584482,1.538055869669771,43,62,,True,True,,1352,92.534174553102
17,2026-09-22T23:19:40.401+00:00,2026-09-22T23:22:59.869+00:00,2026-09-22T23:23:32.858+00:00,True,513,513.0,,513.0,199467.509621,232456.912501,232456.912649,453.132383331384,41.14961,199467.509621,8803.901820839787,110.20256160000001,64.4324275,26.85963488255123,2.206860593994137,43,62,,True,True,,1983,92.534174553102
18,2026-09-22T23:19:45.312+00:00,2026-09-22T23:23:16.767+00:00,2026-09-22T23:23:48.886+00:00,True,498,498.0,,498.0,211455.091533,243574.202189,243574.202433,489.1048241626506,0.016829999999999998,211455.091533,9472.731223974843,109.7699625,64.62597717505031,43.12312492258034,2.044551498165556,43,62,,True,True,,2646,92.534174553102
19,2026-09-22T23:19:50.696+00:00,2026-09-22T23:23:37.451+00:00,2026-09-22T23:24:10.388+00:00,True,506,506.0,,506.0,226754.968688,259692.17086399999,259692.17088299998,513.2256341561265,0.01645,226754.968688,10077.665700944144,111.7972405,65.22218252673268,39.49930410689663,1.9484607422569957,43,62,,True,True,,2462,92.534174553102
20,2026-09-22T23:19:56.195+00:00,2026-09-22T23:23:56.625+00:00,2026-09-22T23:24:28.819+00:00,True,509,509.0,,509.0,240429.63777,272624.015242,272624.015356,535.6071028605108,43.360504,240429.63777,10654.07544595945,109.6599734,63.374758803149604,24.515930003731658,1.8670402148841374,43,62,,True,True,,2285,92.534174553102
21,2026-09-22T23:20:01.577+00:00,2026-09-22T23:24:14.206+00:00,2026-09-22T23:24:49.972+00:00,True,569,569.0,,569.0,252628.554954,288394.99489,288394.994857,506.8453336678383,42.011927,252628.554954,10588.128712918746,108.2223486,62.9690843943662,24.611829058986455,1.9729884709581345,43,62,,True,True,,2587,92.534174553102
22,2026-09-22T23:20:07.445+00:00,2026-09-22T23:24:36.098+00:00,2026-09-22T23:24:59.355+00:00,True,373,373.0,,373.0,268653.030656,291909.512192,291909.512148,782.5992282788204,41.851237999999995,268653.030656,13907.112781407079,107.2346126,62.51742348387097,25.418511495288545,1.2777932353045887,43,62,,True,True,,1625,92.534174553102
23,2026-09-22T23:20:12.627+00:00,2026-09-22T23:24:55.207+00:00,2026-09-22T23:25:12.669+00:00,False,296,295.0,,295.0,282579.729156,300041.85011600005,300041.850202,1013.6548993310811,0.048170000000000004,282579.729156,16421.18901975157,103.01806175,59.19363037288135,23.27868982907662,0.9831961770864605,43,62,,True,False,Request timeout: 300.0s exceeded,1082,92.534174553102
0,2026-09-22T23:18:17.282+00:00,2026-09-22T23:18:17.620+00:00,2026-09-22T23:18:38.376+00:00,True,396,396.0,,396.0,338.218502,21094.017798,21094.017988,53.26772219191919,0.043059,338.218502,23.777979456819942,107.24532775,52.54632733164557,18.979518402806303,18.773094997461612,44,62,,False,True,,1973,92.534174553102
1,2026-09-22T23:18:20.148+00:00,2026-09-22T23:18:20.293+00:00,2026-09-22T23:18:46.922+00:00,True,451,451.0,,451.0,144.88639,26773.899638,26773.899467,59.36563074722838,0.0863,196.258046,22.85374633065581,111.2720635,59.17558499555556,22.519584979885003,16.844763224550935,44,62,,False,True,,1732,92.534174553102
2,2026-09-22T23:18:24.064+00:00,2026-09-22T23:18:36.638+00:00,2026-09-22T23:19:10.587+00:00,True,527,527.0,,527.0,12573.237337999999,46522.76361,46522.763678999996,88.2784889544592,0.018699999999999998,12573.237337999999,545.5452027133618,111.06853500000001,64.5428256121673,26.80997305040343,11.327787928031045,44,62,,False,True,,1692,92.534174553102
3,2026-09-22T23:18:28.578+00:00,2026-09-22T23:18:49.386+00:00,2026-09-22T23:19:11.423+00:00,True,357,357.0,,357.0,20807.611092,42844.559316,42844.55947,120.01277162464986,0.01718,20807.611092,1098.2849290809006,108.4192382,61.90153995505618,25.94129156082806,8.332446539289782,44,62,,False,True,,1528,92.534174553102
4,2026-09-22T23:18:31.292+00:00,2026-09-22T23:18:56.950+00:00,2026-09-22T23:19:29.139+00:00,True,513,513.0,,513.0,25658.410636,57847.555212,57847.555135,112.76326537037038,0.01782,25658.410636,1130.3717195689264,108.68395100000002,62.869423,26.108489993463564,8.868136226672936,44,62,,False,True,,1976,92.534174553102
5,2026-09-22T23:18:34.614+00:00,2026-09-22T23:19:10.744+00:00,2026-09-22T23:19:48.901+00:00,True,587,587.0,,587.0,36129.498204,74286.226012,74286.226223,126.55234450255537,8.113792,36129.498204,1488.7817070863396,109.87775470000001,65.11386997952218,27.045779660333576,7.901868643928386,44,62,,False,True,,2865,92.534174553102
6,2026-09-22T23:18:38.095+00:00,2026-09-22T23:19:19.704+00:00,2026-09-22T23:19:43.980+00:00,True,386,386.0,,386.0,41608.943329999995,65885.12892999999,65885.12883999999,170.68686227979273,10.754156,41608.943329999995,2114.7790981515545,108.854274,63.05502753246753,25.14123405846608,5.858681712683719,44,62,,False,True,,1876,92.534174553102
7,2026-09-22T23:18:42.423+00:00,2026-09-22T23:19:36.357+00:00,2026-09-22T23:20:03.371+00:00,True,416,416.0,,416.0,53933.430555,80947.636763,80947.636745,194.58566525240386,0.01671,53933.430555,2641.2928529472,110.40306825000002,65.09447279036145,30.905657745245204,5.139124706234137,44,62,,False,True,,1814,92.534174553102
8,2026-09-22T23:18:46.594+00:00,2026-09-22T23:19:51.314+00:00,2026-09-22T23:20:11.612+00:00,True,318,318.0,,318.0,64719.767480999995,85017.87538499999,85017.875296,267.3518091069182,0.0,64719.767480999995,3625.858944480199,110.86452349999999,64.0318861324921,32.51493702473065,3.740389871658753,44,62,,False,True,,1075,92.534174553102
9,2026-09-22T23:18:50.849+00:00,2026-09-22T23:20:06.154+00:00,2026-09-22T23:20:29.260+00:00,True,363,363.0,,363.0,75305.65177,98411.742522,98411.742621,271.10672898347104,0.0,75305.65177,3949.267057836893,110.28090199999998,63.82897997790055,27.509018378354657,3.6885842146210464,44,62,,False,True,,1667,92.534174553102
10,2026-09-22T23:18:55.250+00:00,2026-09-22T23:20:21.538+00:00,2026-09-22T23:20:41.105+00:00,True,308,308.0,,308.0,86288.573504,105855.835456,105855.835616,343.68777797402595,43.049305,86288.573504,4913.173694380978,108.1176805,63.73700961563518,23.84155241522041,2.9096175819992767,44,62,,False,True,,762,92.534174553102
11,2026-09-22T23:18:59.410+00:00,2026-09-22T23:20:35.531+00:00,2026-09-22T23:20:54.888+00:00,True,310,310.0,,310.0,96121.690909,115478.814749,115478.814596,372.5123051483871,41.899896999999996,96121.690909,5455.839669918693,107.82563594999999,62.644413721682845,23.96088329700176,2.6844750760024967,44,62,,True,True,,1410,92.534174553102
12,2026-09-22T23:19:03.592+00:00,2026-09-22T23:20:49.901+00:00,2026-09-22T23:21:11.948+00:00,True,353,353.0,,353.0,106309.220243,128356.325523,128356.325335,363.6156525070822,0.01961,106309.220243,5655.022625174947,105.26966499999999,62.63382181818182,31.48913536771366,2.7501566328084577,44,62,,True,True,,1006,92.534174553102
13,2026-09-22T23:19:07.151+00:00,2026-09-22T23:21:02.285+00:00,2026-09-22T23:21:34.639+00:00,True,509,509.0,,509.0,115133.492641,147487.575201,147487.57523400002,289.7594798310413,37.805557,115133.492641,5100.441162899514,108.57091240000001,63.68913889763779,25.131618186051835,3.4511381674444186,44,62,,True,True,,1949,92.534174553102
14,2026-09-22T23:19:11.332+00:00,2026-09-22T23:21:16.929+00:00,2026-09-22T23:21:50.162+00:00,True,520,520.0,,520.0,125596.636201,158829.700649,158829.700608,305.44173193846154,43.032274,125596.636201,5505.028736549308,110.10576649999999,64.03287947591522,25.708742018999367,3.2739468617973113,44,62,,True,True,,2382,92.534174553102
15,2026-09-22T23:19:15.286+00:00,2026-09-22T23:21:31.794+00:00,2026-09-22T23:21:56.134+00:00,True,374,374.0,,374.0,136507.581265,160848.02081699998,160848.020741,430.07492176737964,42.842276,136507.581265,7055.313915034874,110.63759979999999,65.25587011260053,26.391720549028467,2.3251762632846273,44,62,,True,True,,1455,92.534174553102
16,2026-09-22T23:19:17.962+00:00,2026-09-22T23:21:40.235+00:00,2026-09-22T23:22:06.345+00:00,True,401,401.0,,401.0,142272.262366,168382.727902,168382.727772,419.9070518004988,42.176156999999996,142272.262366,7101.529661268505,111.380604,65.27616384000001,27.120676818379064,2.3814794129798456,44,62,,True,True,,1745,92.534174553102
17,2026-09-22T23:19:21.730+00:00,2026-09-22T23:21:54.436+00:00,2026-09-22T23:22:18.115+00:00,True,372,372.0,,372.0,152705.98781,176385.27561799999,176385.275609,474.1539666908602,0.01799,152705.98781,7914.2217978620765,108.873305,63.82557360646901,38.69820167687969,2.10901958055527,44,62,,True,True,,1382,92.534174553102
18,2026-09-22T23:19:24.315+00:00,2026-09-22T23:22:02.768+00:00,2026-09-22T23:22:38.100+00:00,True,555,555.0,,555.0,158453.46131,193785.44339000003,193785.44344600002,349.162961163964,0.01824,158453.46131,6723.354299457779,109.835797,63.77614093862816,34.15480693738464,2.8639922085532654,44,62,,True,True,,2654,92.534174553102
19,2026-09-22T23:19:28.685+00:00,2026-09-22T23:22:17.599+00:00,2026-09-22T23:22:45.829+00:00,True,441,441.0,,441.0,168914.266714,197144.576602,197144.576562,447.03985614965984,41.788058,168914.266714,8040.520562598173,110.61275500000002,64.1597952,25.161726268458622,2.236937011411179,44,62,,True,True,,1753,92.534174553102
20,2026-09-22T23:19:32.600+00:00,2026-09-22T23:22:31.374+00:00,2026-09-22T23:22:50.763+00:00,True,304,304.0,,304.0,178773.54079300002,198162.964921,198162.96511900003,651.851858944079,44.301082,178773.54079300002,10249.72609081255,108.45601699999999,63.991498772277225,25.04214951762527,1.5340908939326436,44,62,,True,True,,1345,92.534174553102
21,2026-09-22T23:19:35.777+00:00,2026-09-22T23:22:42.154+00:00,2026-09-22T23:23:03.919+00:00,True,340,340.0,,340.0,186377.03319400002,208142.26685800002,208142.266822,612.1831377117647,42.113496,186377.03319400002,10104.265236844933,112.10844100000003,64.20422909734513,26.02454361732287,1.6334981122885373,44,62,,True,True,,1323,92.534174553102
22,2026-09-22T23:19:39.944+00:00,2026-09-22T23:22:58.382+00:00,2026-09-22T23:23:31.156+00:00,True,510,510.0,,510.0,198438.175159,231211.88626300002,231211.886225,453.35663965686274,41.729337,198438.175159,8784.180357298876,109.90755095,64.38843045972494,27.007261509239473,2.2057689517738837,44,62,,True,True,,2168,92.534174553102
23,2026-09-22T23:19:44.280+00:00,2026-09-22T23:23:12.574+00:00,2026-09-22T23:23:41.766+00:00,True,458,458.0,,458.0,208293.370229,237486.039157,237486.03939599998,518.5284702969432,40.446281000000006,208293.370229,9729.960124917401,109.09713735,63.878925444201315,26.118740010452463,1.9285344166998386,44,62,,True,True,,1852,92.534174553102
24,2026-09-22T23:19:48.188+00:00,2026-09-22T23:23:26.330+00:00,2026-09-22T23:23:52.103+00:00,True,399,399.0,,399.0,218141.937651,243914.81547499998,243914.815457,611.3153269598997,0.016190000000000003,218141.937651,10917.599000612534,110.4512699,64.7559744321608,43.004141253136524,1.6358169930062958,44,62,,True,True,,1747,92.534174553102
25,2026-09-22T23:19:51.318+00:00,2026-09-22T23:23:39.081+00:00,2026-09-22T23:24:09.297+00:00,True,467,467.0,,467.0,227762.556588,257978.580396,257978.580216,552.4166599914347,0.01647,227762.556588,10536.67132802624,111.42428690000001,64.84125280686695,40.49488437586151,1.8102278076077085,44,62,,True,True,,1740,92.534174553102
26,2026-09-22T23:19:55.236+00:00,2026-09-22T23:23:52.472+00:00,2026-09-22T23:24:19.599+00:00,True,426,426.0,,426.0,237235.76581,264362.70776200003,264362.70777000004,620.5697365492958,43.830253,237235.76581,11491.044420214952,110.2274805,63.82809871058823,24.70337655373707,1.6114224415628187,44,62,,True,True,,1987,92.534174553102
27,2026-09-22T23:19:58.590+00:00,2026-09-22T23:24:05.624+00:00,2026-09-22T23:24:24.682+00:00,True,300,300.0,,300.0,247034.497439,266092.619167,266092.619061,886.9753968699999,43.872252,247034.497439,14258.884591500917,109.79146544999999,63.73953755183946,24.650167323460167,1.127426987411927,44,62,,True,True,,1054,92.534174553102
28,2026-09-22T23:20:02.111+00:00,2026-09-22T23:24:15.949+00:00,2026-09-22T23:24:51.556+00:00,True,571,571.0,,571.0,253837.547968,289444.482752,289444.482783,506.9080258896673,42.272086,253837.547968,10620.183606141758,108.09349149999998,62.46830663859649,23.993633893305304,1.97274446059917,44,62,,True,True,,2255,92.534174553102
29,2026-09-22T23:20:04.625+00:00,2026-09-22T23:24:25.715+00:00,2026-09-22T23:24:55.945+00:00,True,477,477.0,,477.0,261089.902523,291320.447931,291320.44783099997,610.7346914696017,41.623468,261089.902523,11951.604607552832,107.7952736,63.509549176470586,25.47482172936819,1.6373721906159457,44,62,,True,True,,2181,92.534174553102
30,2026-09-22T23:20:07.583+00:00,2026-09-22T23:24:36.654+00:00,2026-09-22T23:25:02.448+00:00,True,412,412.0,,412.0,269071.191311,294864.938767,294864.93876999995,715.6915989563106,37.672187,269071.191311,13253.118385929494,107.27487450000001,62.758509625304136,25.326444424137623,1.397249878954104,44,62,,True,True,,1674,92.534174553102
31,2026-09-22T23:20:11.343+00:00,2026-09-22T23:24:52.374+00:00,2026-09-22T23:25:11.387+00:00,False,308,307.0,,307.0,281030.95817500004,300044.38742300007,300044.38748800004,974.1700892467534,0.02151,281030.95817500004,16009.715311710032,105.25947049999999,61.93299429315961,24.88244043002465,1.0231819453006263,44,62,,True,False,Request timeout: 300.0s exceeded,1411,92.534174553102
32,2026-09-22T23:20:15.414+00:00,2026-09-22T23:25:05.531+00:00,2026-09-22T23:25:15.479+00:00,False,194,193.0,,193.0,290116.981039,300064.91550299997,300064.915552,1546.7263688247422,0.02243,290116.981039,20825.502618509363,101.71167815000001,51.54370188601036,27.369411916107097,0.6431941557595074,44,62,,True,False,Request timeout: 300.0s exceeded,819,92.534174553102
0,2026-09-22T23:18:17.283+00:00,2026-09-22T23:18:17.620+00:00,2026-09-22T23:18:34.221+00:00,True,332,332.0,,332.0,336.517935,16937.494063,16937.494031,51.01654828614458,0.02828,336.517935,22.534437310422522,76.6866975,50.154006429003026,16.17375715637594,19.601482885550045,45,62,,False,True,,1685,92.534174553102
1,2026-09-22T23:18:20.475+00:00,2026-09-22T23:18:20.648+00:00,2026-09-22T23:18:45.453+00:00,True,420,420.0,,420.0,173.00843799999998,24978.221622,24978.221541,59.47195605,36.690399,173.00843799999998,22.460914705402004,111.69997754999999,59.20098611933174,21.78961357321578,16.814647830255367,45,62,,False,True,,1454,92.534174553102
2,2026-09-22T23:18:22.920+00:00,2026-09-22T23:18:23.229+00:00,2026-09-22T23:18:43.892+00:00,True,357,357.0,,357.0,309.013267,20971.886866999997,20971.886808,58.74478097478992,41.758086999999996,309.013267,25.17062940257452,111.75898799999999,58.0417797752809,21.41061375818623,17.022788758304436,45,62,,False,True,,1817,92.534174553102
3,2026-09-22T23:18:25.382+00:00,2026-09-22T23:18:39.563+00:00,2026-09-22T23:19:15.692+00:00,True,564,564.0,,564.0,14181.958034,50310.834833999994,50310.834615,89.20360747340425,0.0174,14181.958034,595.0642398324646,109.35249714999998,64.17207246891653,26.69938770565569,11.210308909818558,45,62,,False,True,,1186,92.534174553102
4,2026-09-22T23:18:29.036+00:00,2026-09-22T23:18:49.907+00:00,2026-09-22T23:19:09.483+00:00,True,324,324.0,,324.0,20870.899601,40447.168401,40447.168235000005,124.83693899691359,0.0176,20870.899601,1156.409417617229,106.85200385,60.60764334365325,25.580495057880942,8.010449502615602,45,62,,False,True,,1571,92.534174553102
5,2026-09-22T23:18:33.020+00:00,2026-09-22T23:19:06.072+00:00,2026-09-22T23:19:33.530+00:00,True,426,426.0,,426.0,33051.350034,60509.387282,60509.387164,142.04081493896715,0.01812,33051.350034,1598.4542648203721,109.46646150000001,64.60714646588235,27.808887836933234,7.040229940102601,45,62,,False,True,,1591,92.534174553102
6,2026-09-22T23:18:36.514+00:00,2026-09-22T23:19:15.170+00:00,2026-09-22T23:19:36.769+00:00,True,336,336.0,,336.0,38656.562773000005,60255.24974900001,60255.249780000006,179.3311005357143,3.299883,38656.562773000005,2105.5324362684364,109.0283965,64.47369246567165,26.10660352877455,5.576277608999144,45,62,,False,True,,802,92.534174553102
7,2026-09-22T23:18:39.443+00:00,2026-09-22T23:19:25.766+00:00,2026-09-22T23:19:45.015+00:00,True,306,306.0,,306.0,46322.618848,65571.79824,65571.798145,214.28692204248367,7.942243,46322.618848,2644.6124390281625,110.72477275000001,63.11206358032787,26.511356285898582,4.666640357795378,45,62,,False,True,,1527,92.534174553102
8,2026-09-22T23:18:42.758+00:00,2026-09-22T23:19:37.649+00:00,2026-09-22T23:20:12.232+00:00,True,532,532.0,,532.0,54891.146594,89473.666658,89473.666784,168.18358418045113,0.0,54891.146594,2377.2117368605477,110.59688399999999,65.12715642937853,31.044463670352112,5.945883519376625,45,62,,False,True,,2244,92.534174553102
9,2026-09-22T23:18:45.880+00:00,2026-09-22T23:19:47.975+00:00,2026-09-22T23:20:20.562+00:00,True,503,503.0,,503.0,62095.108299,94682.460619,94682.460565,188.23550808151094,0.0,62095.108299,2765.958501649585,112.05600400000002,64.9150444621514,30.595761069839707,5.312493958348423,45,62,,False,True,,1930,92.534174553102
10,2026-09-22T23:18:49.892+00:00,2026-09-22T23:20:03.682+00:00,2026-09-22T23:20:26.547+00:00,True,354,354.0,,354.0,73789.468056,96655.29768799999,96655.297598,273.0375638361582,0.0,73789.468056,3918.5221394858822,111.1585038,64.77572133711048,27.886881218436585,3.6624997125630916,45,62,,False,True,,1541,92.534174553102
11,2026-09-22T23:18:52.568+00:00,2026-09-22T23:20:12.963+00:00,2026-09-22T23:20:46.839+00:00,True,533,533.0,,533.0,80395.18813600001,114271.5706,114271.57047800001,214.39319039024392,39.294653,80395.18813600001,3479.6300595345183,108.81937559999999,63.67741064661654,24.498651780249226,4.664327244312856,45,62,,False,True,,2262,92.534174553102
12,2026-09-22T23:18:55.733+00:00,2026-09-22T23:20:23.117+00:00,2026-09-22T23:20:59.504+00:00,True,578,578.0,,578.0,87383.65539100001,123770.791647,123770.791666,214.1363177612457,40.81786,87383.65539100001,3632.137595970716,107.88632635,63.06262782668977,24.090839156541687,4.669922461581102,45,62,,True,True,,2445,92.534174553102
13,2026-09-22T23:18:58.583+00:00,2026-09-22T23:20:33.087+00:00,2026-09-22T23:21:04.728+00:00,True,503,503.0,,503.0,94503.546281,126144.57514500001,126144.575371,250.7844440775348,0.016739999999999998,94503.546281,4211.021387041767,106.4135801,63.02993797609562,32.723025384469985,3.987488161276965,45,62,,True,True,,3178,92.534174553102
14,2026-09-22T23:19:02.674+00:00,2026-09-22T23:20:46.839+00:00,2026-09-22T23:21:12.251+00:00,True,405,405.0,,405.0,104164.75426700001,129577.55093900001,129577.55088100002,319.94457007654324,0.01719,104164.75426700001,5172.976875665249,106.153431,62.90296205940594,34.42990480370213,3.1255414002280224,45,62,,True,True,,1442,92.534174553102
15,2026-09-22T23:19:06.643+00:00,2026-09-22T23:20:59.700+00:00,2026-09-22T23:21:30.845+00:00,True,498,498.0,,498.0,113057.420816,144202.690832,144202.690794,289.5636361325301,0.016989999999999998,113057.420816,5063.504521786246,108.3607337,62.666539267605636,29.968887131150627,3.453472311277349,45,62,,True,True,,2173,92.534174553102
16,2026-09-22T23:19:10.651+00:00,2026-09-22T23:21:13.858+00:00,2026-09-22T23:21:39.012+00:00,True,392,392.0,,392.0,123207.653168,148360.88708800002,148360.887101,378.47165076785717,43.827104,123207.653168,6219.72945907081,110.32864500000001,64.33052153452685,25.569255885255206,2.642205824554593,45,62,,True,True,,1692,92.534174553102
17,2026-09-22T23:19:14.660+00:00,2026-09-22T23:21:29.766+00:00,2026-09-22T23:21:49.738+00:00,True,305,305.0,,305.0,135106.369646,155077.84766200001,155077.847593,508.4519593213115,41.254599,135106.369646,7732.452735807023,112.27014159999999,65.69565136842105,26.78430891056305,1.9667541470188759,45,62,,True,True,,1331,92.534174553102
18,2026-09-22T23:19:18.976+00:00,2026-09-22T23:21:43.718+00:00,2026-09-22T23:22:07.141+00:00,True,360,360.0,,360.0,144742.21232800002,168165.35114400001,168165.35116400002,467.12597545555565,41.320158000000006,144742.21232800002,7625.192239696772,109.490695,65.24551202228412,26.687293043114497,2.1407501459187745,45,62,,True,True,,1559,92.534174553102
19,2026-09-22T23:19:21.669+00:00,2026-09-22T23:21:54.224+00:00,2026-09-22T23:22:31.013+00:00,True,574,574.0,,574.0,152554.634326,189343.898198,189343.898157,329.86741839198606,0.01642,152554.634326,6364.9223778898695,110.6435505,64.204648991274,34.77241831012485,3.0315209809389203,45,62,,True,True,,1113,92.534174553102
20,2026-09-22T23:19:24.529+00:00,2026-09-22T23:22:02.955+00:00,2026-09-22T23:22:38.867+00:00,True,565,565.0,,565.0,158426.26663,194337.991686,194337.991743,343.96104733274336,0.01769,158426.26663,6662.451682279765,110.618645,63.67327137588652,34.138159430685945,2.907305952368254,45,62,,True,True,,1975,92.534174553102
21,2026-09-22T23:19:28.856+00:00,2026-09-22T23:22:18.014+00:00,2026-09-22T23:22:37.686+00:00,True,307,307.0,,307.0,169158.77718399998,188829.96694399999,188829.96685499998,615.0813252605863,43.014325,169158.77718399998,9650.764860146142,111.365144,64.28493385620915,25.064954948241066,1.625801269620753,45,62,,True,True,,1655,92.534174553102
22,2026-09-22T23:19:32.653+00:00,2026-09-22T23:22:31.932+00:00,2026-09-22T23:23:05.955+00:00,True,529,529.0,,529.0,179279.187513,213302.18936900003,213302.18946300002,403.21774945746694,44.084852,179279.187513,7791.987096504766,110.0271598,64.43750351515152,25.437853861965724,2.480049555819897,45,62,,True,True,,2438,92.534174553102
23,2026-09-22T23:19:36.306+00:00,2026-09-22T23:22:43.499+00:00,2026-09-22T23:23:13.638+00:00,True,467,467.0,,467.0,187192.916378,217331.672218,217331.67235399998,465.37831339186295,42.018177,187192.916378,8659.303661986112,111.6193866,64.67544171673819,26.795356649586964,2.1487894296951064,45,62,,True,True,,2171,92.534174553102
24,2026-09-22T23:19:38.802+00:00,2026-09-22T23:22:55.370+00:00,2026-09-22T23:23:32.856+00:00,True,583,583.0,,583.0,196567.792039,234053.182631,234053.182696,401.4634351560892,42.006997000000005,196567.792039,8138.382214333947,109.903475,64.40788761512027,26.65653347763189,2.490886872147931,45,62,,True,True,,2287,92.534174553102
25,2026-09-22T23:19:41.553+00:00,2026-09-22T23:23:05.332+00:00,2026-09-22T23:23:28.519+00:00,True,360,360.0,,360.0,203778.63353999998,226966.28102799997,226966.280821,630.4618911694444,38.438195,203778.63353999998,10736.70632576571,109.28631639999999,64.58954732033426,26.852703049736803,1.5861386914807323,45,62,,True,True,,1250,92.534174553102
26,2026-09-22T23:19:44.514+00:00,2026-09-22T23:23:13.944+00:00,2026-09-22T23:23:43.581+00:00,True,465,465.0,,465.0,209430.849192,239067.006888,239067.006987,514.1225956709677,39.267762000000005,209430.849192,9709.19618512558,109.61327320000001,63.87102951724138,26.12006832950806,1.9450613702535995,45,62,,True,True,,2009,92.534174553102
27,2026-09-22T23:19:48.335+00:00,2026-09-22T23:23:28.065+00:00,2026-09-22T23:23:53.188+00:00,True,385,385.0,,385.0,219730.018027,244852.76874700002,244852.768832,635.9812177454546,0.01626,219730.018027,11195.227672932753,111.57892299999999,65.42383,43.24954345425788,1.5723734796636524,45,62,,True,True,,1793,92.534174553102
28,2026-09-22T23:19:50.783+00:00,2026-09-22T23:23:38.026+00:00,2026-09-22T23:24:04.834+00:00,True,414,414.0,,414.0,227243.41203600002,254051.27149200003,254051.27147100001,613.6504141811595,0.01609,227243.41203600002,11165.293787602166,110.0105465,64.9100713220339,42.19720944978215,1.6295923164196273,45,62,,True,True,,1723,92.534174553102
29,2026-09-22T23:19:54.819+00:00,2026-09-22T23:23:50.453+00:00,2026-09-22T23:24:12.192+00:00,True,343,343.0,,343.0,235633.413287,257372.536999,257372.536885,750.357250393586,42.934934999999996,235633.413287,12719.601245232687,111.19356499999999,63.56468921637427,25.25806446831515,1.3326985233134363,45,62,,True,True,,1398,92.534174553102
30,2026-09-22T23:19:57.237+00:00,2026-09-22T23:23:59.570+00:00,2026-09-22T23:24:34.142+00:00,True,542,542.0,,542.0,242333.315056,276905.140464,276905.140423,510.8950930313653,42.729504999999996,242333.315056,10406.391671355592,109.75294800000002,63.90355897966728,24.7554750562458,1.9573490007870207,45,62,,True,True,,2260,92.534174553102
31,2026-09-22T23:19:59.874+00:00,2026-09-22T23:24:10.130+00:00,2026-09-22T23:24:34.793+00:00,True,386,386.0,,386.0,250255.311709,274918.209373,274918.209331,712.2233402357513,42.329457000000005,250255.311709,12734.4234828637,109.032904,64.05947445194805,24.774454439998955,1.4040539580129734,45,62,,True,True,,1661,92.534174553102
32,2026-09-22T23:20:04.047+00:00,2026-09-22T23:24:24.628+00:00,2026-09-22T23:24:58.951+00:00,True,541,541.0,,541.0,260581.18472999998,294903.988954,294903.98907099996,545.1090370998152,40.49517,260581.18472999998,11200.557262297849,108.39928,63.560748562962964,25.851851781701804,1.8344953620969393,45,62,,True,True,,2096,92.534174553102
33,2026-09-22T23:20:07.441+00:00,2026-09-22T23:24:35.991+00:00,2026-09-22T23:25:07.478+00:00,False,504,503.0,,503.0,268549.326116,300036.871972,300036.872093,595.3112541527778,0.02125,268549.326116,11959.37621783126,106.9234825,62.59949474353877,25.384029028817842,1.676460618636702,45,62,,True,False,Request timeout: 300.0s exceeded,2661,92.534174553102
34,2026-09-22T23:20:10.265+00:00,2026-09-22T23:24:48.338+00:00,2026-09-22T23:25:10.314+00:00,False,352,351.0,,351.0,278072.16537199996,300048.754684,300048.754867,852.4112354176135,0.02997,278072.16537199996,14817.979901494347,105.74712755,62.611365561253564,24.91388821298309,1.1698098876286287,45,62,,True,False,Request timeout: 300.0s exceeded,1752,92.534174553102
35,2026-09-22T23:20:14.309+00:00,2026-09-22T23:25:00.511+00:00,2026-09-22T23:25:14.332+00:00,False,251,250.0,,250.0,286202.08527,300023.63458199997,300023.634463,1195.3132847131474,0.01782,286202.08527,18061.438339356,102.17884399999998,55.286197248,21.322137338050673,0.8332676868884211,45,62,,True,False,Request timeout: 300.0s exceeded,855,92.534174553102
0,2026-09-22T23:18:17.287+00:00,2026-09-22T23:18:17.621+00:00,2026-09-22T23:18:42.232+00:00,True,446,446.0,,446.0,334.52657,24945.054314,24945.054383,55.93061520852018,0.065729,334.52657,25.60760009617246,110.21465599999999,55.304556728089885,21.955022873642573,17.87929560649182,46,62,,False,True,,1766,92.534174553102
1,2026-09-22T23:18:20.249+00:00,2026-09-22T23:18:20.391+00:00,2026-09-22T23:18:53.034+00:00,True,535,535.0,,535.0,141.755485,32785.637213,32785.63736,61.28156515887851,0.078679,198.82278,24.280556605005142,111.53508400000001,61.13086465917603,24.051574646952748,16.318121149338662,46,62,,False,True,,3369,92.534174553102
2,2026-09-22T23:18:22.958+00:00,2026-09-22T23:18:23.226+00:00,2026-09-22T23:18:58.639+00:00,True,587,587.0,,587.0,268.357597,35681.003741,35681.003822,60.785355744463374,39.350902000000005,268.357597,24.626726848470508,110.5504637,60.43113676450512,23.10270538848128,16.451330917170793,46,62,,False,True,,3711,92.534174553102
3,2026-09-22T23:18:25.586+00:00,2026-09-22T23:18:40.352+00:00,2026-09-22T23:19:03.124+00:00,True,359,359.0,,359.0,14766.563101,37538.071836999996,37538.071852,104.56287423955432,10.204666999999999,14766.563101,776.3972992939039,109.303088,63.60756630167597,25.108890916620112,9.56362387388651,46,62,,False,True,,1545,92.534174553102
4,2026-09-22T23:18:28.500+00:00,2026-09-22T23:18:49.135+00:00,2026-09-22T23:19:16.166+00:00,True,430,430.0,,430.0,20635.561002,47666.067242,47666.067299,110.8513193,0.018359999999999998,20635.561002,992.4552827706272,109.82960644999999,63.00817305361305,26.711425541907285,9.021092464307904,46,62,,False,True,,1925,92.534174553102
5,2026-09-22T23:18:31.646+00:00,2026-09-22T23:18:58.789+00:00,2026-09-22T23:19:28.725+00:00,True,476,476.0,,476.0,27142.341481,57078.572905,57078.572737,119.91296793487395,0.01668,27142.341481,1241.4518478979412,108.78032149999999,63.02364510315789,26.077932948921074,8.339381588818648,46,62,,False,True,,1845,92.534174553102
6,2026-09-22T23:18:34.494+00:00,2026-09-22T23:19:10.322+00:00,2026-09-22T23:19:45.329+00:00,True,544,544.0,,544.0,35828.238101,70835.715605,70835.71552,130.21271235294117,2.678494,35828.238101,1533.5892814741712,110.24846315,64.47049264088398,26.60667056202225,7.679741714384562,46,62,,False,True,,2779,92.534174553102
7,2026-09-22T23:18:37.358+00:00,2026-09-22T23:19:17.729+00:00,2026-09-22T23:19:49.469+00:00,True,493,493.0,,493.0,40370.98779,72110.04007799999,72110.040192,146.2678300040568,2.593214,40370.98779,1815.509918187114,109.46920340000001,64.51026887804878,26.803604116110293,6.836773346218248,46,62,,False,True,,2057,92.534174553102
8,2026-09-22T23:18:40.395+00:00,2026-09-22T23:19:29.084+00:00,2026-09-22T23:19:50.234+00:00,True,323,323.0,,323.0,48688.566922,69839.462026,69839.46218999999,216.22124517027862,8.219592,48688.566922,2705.599800465842,111.78232600000001,65.68600963975156,28.565870190787827,4.624892440891839,46,62,,False,True,,1423,92.534174553102
9,2026-09-22T23:18:43.485+00:00,2026-09-22T23:19:41.223+00:00,2026-09-22T23:20:05.012+00:00,True,361,361.0,,361.0,57738.090531999995,81526.726436,81526.726491,225.83580745429362,0.016370000000000003,57738.090531999995,3035.539073301318,112.17618199999998,66.07954417777778,32.17731575477791,4.427995772446374,46,62,,False,True,,1559,92.534174553102
10,2026-09-22T23:18:46.855+00:00,2026-09-22T23:19:51.825+00:00,2026-09-22T23:20:21.377+00:00,True,458,458.0,,458.0,64969.658366999996,94521.745151,94521.745211,206.3793563558952,0.0,64969.658366999996,3032.974337998065,112.44716684999999,64.66539777680525,31.496494347844514,4.845445873521883,46,62,,False,True,,1986,92.534174553102
11,2026-09-22T23:18:50.301+00:00,2026-09-22T23:20:04.961+00:00,2026-09-22T23:20:27.870+00:00,True,358,358.0,,358.0,74659.68847,97568.388374,97568.38838799999,272.53739773184355,0.0,74659.68847,3942.5934183592076,111.623547,64.17002774229692,27.803584391605142,3.669221209514205,46,62,,False,True,,1554,92.534174553102
12,2026-09-22T23:18:53.400+00:00,2026-09-22T23:20:17.011+00:00,2026-09-22T23:20:40.210+00:00,True,361,361.0,,361.0,83610.59729,106810.36356200001,106810.363773,295.8735838587258,43.380544,83610.59729,4397.235315844842,107.762752,64.4437952,24.72901192506367,3.379821844632623,46,62,,False,True,,1655,92.534174553102
13,2026-09-22T23:18:56.743+00:00,2026-09-22T23:20:28.335+00:00,2026-09-22T23:21:02.435+00:00,True,539,539.0,,539.0,91591.281428,125692.036116,125692.036133,233.19487223191095,0.01692,91591.281428,3942.5200090347826,107.216745,63.38430239405204,32.58267179193095,4.288258959402662,46,62,,True,True,,2458,92.534174553102
14,2026-09-22T23:18:59.585+00:00,2026-09-22T23:20:36.147+00:00,2026-09-22T23:21:04.985+00:00,True,458,458.0,,458.0,96561.223818,125399.31457,125399.314591,273.7976301113537,0.01751,96561.223818,4509.185201974376,106.28772484999999,63.103043221006565,33.495565640144406,3.652332563144408,46,62,,True,True,,2050,92.534174553102
15,2026-09-22T23:19:04.220+00:00,2026-09-22T23:20:52.831+00:00,2026-09-22T23:21:14.719+00:00,True,346,346.0,,346.0,108610.97062800001,130499.03846800001,130499.03840300001,377.16485087572255,0.016980000000000002,108610.97062800001,5835.642584247488,106.86403899999999,63.443674898550725,32.70544003013421,2.651360531555514,46,62,,True,True,,1185,92.534174553102
16,2026-09-22T23:19:06.865+00:00,2026-09-22T23:21:01.472+00:00,2026-09-22T23:21:30.234+00:00,True,459,459.0,,459.0,114606.621588,143369.015956,143369.01580999998,312.35079697167754,42.458507,114606.621588,5346.502872219743,108.49614989999998,62.799987703056765,24.30718307437546,3.201528565564454,46,62,,True,True,,1812,92.534174553102
17,2026-09-22T23:19:09.524+00:00,2026-09-22T23:21:11.199+00:00,2026-09-22T23:21:49.020+00:00,True,591,591.0,,591.0,121674.150123,159495.533547,159495.533486,269.87399913028764,38.641725,121674.150123,5002.433256511904,110.36496100000001,64.10403970169492,25.403129024489388,3.705432916250565,46,62,,True,True,,2304,92.534174553102
18,2026-09-22T23:19:12.466+00:00,2026-09-22T23:21:21.134+00:00,2026-09-22T23:21:55.107+00:00,True,529,529.0,,529.0,128668.547514,162641.041338,162641.041403,307.4499837485822,42.901115,128668.547514,5591.546413869325,110.8562486,64.34184436363637,25.756808698753655,3.2525615653224587,46,62,,True,True,,1419,92.534174553102
19,2026-09-22T23:19:16.111+00:00,2026-09-22T23:21:33.871+00:00,2026-09-22T23:21:59.677+00:00,True,400,400.0,,400.0,137760.113593,163566.472633,163566.47271399997,408.916181785,42.701985,137760.113593,6884.820930495825,110.11667599999998,64.67759157894737,26.042380625550162,2.4454889413522687,46,62,,True,True,,1492,92.534174553102
20,2026-09-22T23:19:20.336+00:00,2026-09-22T23:21:50.322+00:00,2026-09-22T23:22:11.310+00:00,True,328,328.0,,328.0,149985.33719299998,170973.51024899998,170973.510288,521.260702097561,40.945389000000006,149985.33719299998,8278.050959517657,108.9427205,64.1840154617737,25.80293930390904,1.9184258398994791,46,62,,True,True,,1553,92.534174553102
21,2026-09-22T23:19:24.283+00:00,2026-09-22T23:22:02.469+00:00,2026-09-22T23:22:38.819+00:00,True,570,570.0,,570.0,158186.318211,194535.763075,194535.76292500002,341.2908121491228,0.01853,158186.318211,6623.101539280661,110.81056045000001,63.88303139543058,32.89420790429686,2.93005250546269,46,62,,True,True,,2786,92.534174553102
22,2026-09-22T23:19:26.842+00:00,2026-09-22T23:22:10.600+00:00,2026-09-22T23:22:48.267+00:00,True,591,591.0,,591.0,163758.006597,201425.669189,201425.669237,340.82177535871404,0.01685,163758.006597,6733.559057898684,110.941994,63.843495918644074,33.04239601179092,2.9340848283118173,46,62,,True,True,,2157,92.534174553102
23,2026-09-22T23:19:31.514+00:00,2026-09-22T23:22:28.652+00:00,2026-09-22T23:22:52.496+00:00,True,367,367.0,,367.0,177137.507393,200981.460289,200981.46032100002,547.6334068692098,43.372274,177137.507393,9243.139078787515,111.15072,65.147412284153,26.233700109239056,1.8260390758046772,46,62,,True,True,,1712,92.534174553102
24,2026-09-22T23:19:34.095+00:00,2026-09-22T23:22:37.739+00:00,2026-09-22T23:23:07.437+00:00,True,459,459.0,,459.0,183644.613892,213341.778436,213341.778266,464.796902540305,42.927815,183644.613892,8568.80994156327,111.15984689999999,64.84097062008733,26.193205171948183,2.151477330717455,46,62,,True,True,,2265,92.534174553102
25,2026-09-22T23:19:37.986+00:00,2026-09-22T23:22:51.494+00:00,2026-09-22T23:23:24.295+00:00,True,509,509.0,,509.0,193507.996701,226308.76393299998,226308.764037,444.6144676561886,41.395889000000004,193507.996701,8574.269489611543,110.3835878,64.56843943307086,26.30752387113199,2.2491395876771807,46,62,,True,True,,2283,92.534174553102
26,2026-09-22T23:19:41.365+00:00,2026-09-22T23:23:04.082+00:00,2026-09-22T23:23:32.905+00:00,True,448,448.0,,448.0,202717.12545,231539.958858,231539.958999,516.8302656227678,40.256621,202717.12545,9574.47591723217,110.26590035,64.48061165100671,27.14836426518476,1.9348712084498196,46,62,,True,True,,2086,92.534174553102
27,2026-09-22T23:19:44.528+00:00,2026-09-22T23:23:14.094+00:00,2026-09-22T23:23:50.965+00:00,True,576,576.0,,576.0,209566.483912,246437.141192,246437.141016,427.8422587083333,0.01565,209566.483912,8729.348738248378,109.85084699999999,64.12288222608696,38.25899550980581,2.337310022401357,46,62,,True,True,,768,92.534174553102
28,2026-09-22T23:19:48.641+00:00,2026-09-22T23:23:29.574+00:00,2026-09-22T23:24:01.595+00:00,True,497,497.0,,497.0,220932.58558500002,252953.50360100003,252953.50360000003,508.96077183098595,0.01584,220932.58558500002,9907.366408706168,110.98393879999999,64.5583024516129,40.19554061453247,1.9647879666610601,46,62,,True,True,,1879,92.534174553102
29,2026-09-22T23:19:51.831+00:00,2026-09-22T23:23:40.924+00:00,2026-09-22T23:24:15.740+00:00,True,536,536.0,,536.0,229093.127352,263909.328568,263909.328636,492.3681504402985,0.01837,229093.127352,9892.579725840724,110.91814500000001,65.07701161869159,38.47045784344417,2.031000582315119,46,62,,True,True,,2830,92.534174553102
30,2026-09-22T23:19:54.547+00:00,2026-09-22T23:23:50.052+00:00,2026-09-22T23:24:25.502+00:00,True,557,557.0,,557.0,235504.812702,270954.546078,270954.546161,486.45340423877917,43.699383000000005,235504.812702,9975.987961161618,109.39223979999998,63.75851326618705,24.621049466599036,2.055695348398605,46,62,,True,True,,845,92.534174553102
31,2026-09-22T23:19:57.755+00:00,2026-09-22T23:24:02.379+00:00,2026-09-22T23:24:27.934+00:00,True,401,401.0,,401.0,244623.276966,270178.830758,270178.830918,673.7626706184539,41.581728000000005,244623.276966,12212.738605032018,109.16989800000002,63.888884479999994,25.019051263091903,1.4842021444647413,46,62,,True,True,,2004,92.534174553102
32,2026-09-22T23:20:00.858+00:00,2026-09-22T23:24:12.724+00:00,2026-09-22T23:24:31.523+00:00,True,300,300.0,,300.0,251866.846151,270665.400775,270665.400653,902.2180021766667,40.003291,251866.846151,14537.92921672716,107.9653005,62.871420147157195,24.12929166887599,1.1083795680608082,46,62,,True,True,,1448,92.534174553102
33,2026-09-22T23:20:05.086+00:00,2026-09-22T23:24:28.973+00:00,2026-09-22T23:25:00.956+00:00,True,501,501.0,,501.0,263886.209247,295869.43663899996,295869.436726,590.5577579361277,42.362936000000005,263886.209247,11786.737404616968,109.831927,63.966454784,26.104057058735187,1.6933144757742808,46,62,,True,True,,1978,92.534174553102
34,2026-09-22T23:20:09.627+00:00,2026-09-22T23:24:44.710+00:00,2026-09-22T23:25:06.435+00:00,True,350,350.0,,350.0,275083.42951700004,296808.24487700005,296808.244989,848.0235571114287,37.868275999999994,275083.42951700004,14700.521841892421,106.718469,62.248754613180516,25.10620511669125,1.179212525396803,46,62,,True,True,,1508,92.534174553102
35,2026-09-22T23:20:13.078+00:00,2026-09-22T23:24:56.505+00:00,2026-09-22T23:25:13.092+00:00,False,287,286.0,,286.0,283427.328142,300013.50977400003,300013.509806,1045.3432397421602,0.037020000000000004,283427.328142,16726.77709874169,103.24705730000001,57.99364206993007,21.80353351014865,0.9532904042069424,46,62,,True,False,Request timeout: 300.0s exceeded,1435,92.534174553102
36,2026-09-22T23:20:17.164+00:00,2026-09-22T23:25:09.684+00:00,2026-09-22T23:25:17.372+00:00,False,180,179.0,,179.0,292519.61146100005,300207.54541300004,300207.54547600006,1667.8196970888891,0.01757,292519.61146100005,21799.960953565704,142.69844590000002,42.94935168715084,40.64390926506831,0.5962541672753328,46,62,,True,False,Request timeout: 300.0s exceeded,840,92.534174553102
0,2026-09-22T23:18:17.288+00:00,2026-09-22T23:18:17.621+00:00,2026-09-22T23:18:50.205+00:00,True,564,564.0,,564.0,332.71445400000005,32917.200342,32917.200261,58.36383025,34.153684,332.71445400000005,25.548643134143248,110.32870349999999,57.87652910834814,22.797528640486426,17.13389942462319,47,62,,False,True,,2303,92.534174553102
1,2026-09-22T23:18:22.681+00:00,2026-09-22T23:18:22.846+00:00,2026-09-22T23:18:41.284+00:00,True,323,323.0,,323.0,165.080845,18602.905357,18602.905502,57.594134681114554,41.338148000000004,165.080845,21.809963883562425,111.48879509999999,57.260324571428576,21.001258431342812,17.36287928156662,47,62,,False,True,,1352,92.534174553102
2,2026-09-22T23:18:28.013+00:00,2026-09-22T23:18:46.666+00:00,2026-09-22T23:19:09.637+00:00,True,371,371.0,,371.0,18653.26176,41624.545984,41624.54598,112.19554172506739,0.01656,18653.26176,965.5607427151791,108.49382,62.084551956756755,26.212850342018893,8.913010129710681,47,62,,False,True,,1700,92.534174553102
3,2026-09-22T23:18:33.173+00:00,2026-09-22T23:19:06.285+00:00,2026-09-22T23:19:28.721+00:00,True,350,350.0,,350.0,33111.630921,55547.59431300001,55547.594367000005,158.70741247714287,0.01676,33111.630921,1766.6671470351005,109.16417594999999,64.2864280573066,27.425702504368108,6.30090293429842,47,62,,False,True,,1522,92.534174553102
4,2026-09-22T23:18:38.497+00:00,2026-09-22T23:19:22.234+00:00,2026-09-22T23:19:47.001+00:00,True,387,387.0,,387.0,43737.847249,68503.995089,68503.995145,177.01290735142118,5.963536,43737.847249,2220.22114194452,110.12323530000002,64.16100476683938,26.929877931008235,5.649305555058676,47,62,,False,True,,861,92.534174553102
5,2026-09-22T23:18:43.281+00:00,2026-09-22T23:19:39.331+00:00,2026-09-22T23:20:09.894+00:00,True,469,469.0,,469.0,56050.084038,86613.466054,86613.465983,184.67689975053304,0.0,56050.084038,2585.3322528784115,110.64681499999999,65.30637182905983,31.82054649707389,5.414862392270475,47,62,,False,True,,2270,92.534174553102
6,2026-09-22T23:18:47.606+00:00,2026-09-22T23:19:55.454+00:00,2026-09-22T23:20:18.334+00:00,True,353,353.0,,353.0,67848.26210699999,90728.81481099999,90728.81489699999,257.02213851841356,0.0,67848.26210699999,3607.883950882315,111.76235319999999,65.00157018181818,32.39427070804188,3.8907154329674123,47,62,,False,True,,786,92.534174553102
7,2026-09-22T23:18:51.072+00:00,2026-09-22T23:20:06.803+00:00,2026-09-22T23:20:30.096+00:00,True,366,366.0,,366.0,75731.548417,99023.601153,99023.601106,270.55628717486337,0.0,75731.548417,3955.3005883404735,110.53307274999999,63.81384311232877,25.92669087174866,3.6960885661439282,47,62,,False,True,,1621,92.534174553102
8,2026-09-22T23:18:55.210+00:00,2026-09-22T23:20:21.180+00:00,2026-09-22T23:20:50.514+00:00,True,463,463.0,,463.0,85969.430921,115303.10106500001,115303.100967,249.03477530669548,39.571222,85969.430921,3992.4607099955892,107.99009110000001,63.49279251948052,24.20075818616736,4.015503448940131,47,62,,False,True,,974,92.534174553102
9,2026-09-22T23:19:01.249+00:00,2026-09-22T23:20:41.465+00:00,2026-09-22T23:21:13.754+00:00,True,514,514.0,,514.0,100216.369708,132505.088812,132505.088753,257.79200146498056,0.01762,100216.369708,4417.6988247243835,106.44253135000001,62.9409729122807,32.655334395161276,3.8790963019486,47,62,,True,True,,685,92.534174553102
10,2026-09-22T23:19:04.579+00:00,2026-09-22T23:20:53.874+00:00,2026-09-22T23:21:14.218+00:00,True,321,321.0,,321.0,109294.377856,129638.64896,129638.64897800001,403.8587195576324,0.016730000000000002,109294.377856,6096.77874744588,105.785746,63.575847200000005,36.66394630584844,2.4761134320293983,47,62,,True,True,,622,92.534174553102
11,2026-09-22T23:19:09.878+00:00,2026-09-22T23:21:12.453+00:00,2026-09-22T23:21:44.280+00:00,True,495,495.0,,495.0,122574.662549,154401.012373,154401.012401,311.9212371737374,38.222646,122574.662549,5506.486196125678,109.799531,64.42580936032388,25.848287692783174,3.205937528467658,47,62,,True,True,,1706,92.534174553102
12,2026-09-22T23:19:14.032+00:00,2026-09-22T23:21:28.439+00:00,2026-09-22T23:22:03.108+00:00,True,525,525.0,,525.0,134406.723604,169075.55202,169075.552011,322.04867049714284,38.116006,134406.723604,5863.168221221218,113.1451058,66.16188629007634,27.72595255044332,3.105120721048408,47,62,,True,True,,2453,92.534174553102
13,2026-09-22T23:19:20.032+00:00,2026-09-22T23:21:49.183+00:00,2026-09-22T23:22:18.434+00:00,True,456,456.0,,456.0,149150.10264199998,178401.49592199997,178401.495947,391.23135076096486,0.016249,149150.10264199998,6981.683892590501,110.3419335,64.28877643956044,37.59402540646826,2.5560323787832506,47,62,,True,True,,2357,92.534174553102
14,2026-09-22T23:19:24.112+00:00,2026-09-22T23:22:01.846+00:00,2026-09-22T23:22:22.366+00:00,True,327,327.0,,327.0,157734.641831,178254.130087,178254.13017299998,545.1196641376147,0.01804,157734.641831,8719.353113209081,109.4797313,62.94321550920245,39.29125358474392,1.8344595990028507,47,62,,True,True,,1417,92.534174553102
15,2026-09-22T23:19:28.987+00:00,2026-09-22T23:22:19.049+00:00,2026-09-22T23:22:50.248+00:00,True,484,484.0,,484.0,170061.559206,201261.478566,201261.47864000002,415.82950132231406,42.932955,170061.559206,7727.176347542027,111.52126499999999,64.59610633540373,25.40041718949781,2.40483178126549,47,62,,True,True,,2118,92.534174553102
16,2026-09-22T23:19:33.332+00:00,2026-09-22T23:22:34.364+00:00,2026-09-22T23:23:07.126+00:00,True,507,507.0,,507.0,181031.96819299998,213794.02438499997,213794.02426399998,421.68446600394475,39.831711999999996,181031.96819299998,8037.0781263904155,110.664648,64.74714662450593,25.90979144418816,2.3714413976650492,47,62,,True,True,,2411,92.534174553102
17,2026-09-22T23:19:37.758+00:00,2026-09-22T23:22:50.096+00:00,2026-09-22T23:23:19.914+00:00,True,459,459.0,,459.0,192338.014899,222155.539123,222155.53903,483.998995708061,40.578269999999996,192338.014899,8974.57074023638,111.82869390000002,65.10376468122271,26.757537709892027,2.0661199887789756,47,62,,True,True,,2152,92.534174553102
18,2026-09-22T23:19:42.311+00:00,2026-09-22T23:23:07.381+00:00,2026-09-22T23:23:37.862+00:00,True,478,478.0,,478.0,205069.436864,235550.532544,235550.53259999998,492.7835410041841,40.063382,205069.436864,9376.771353600116,109.3215515,63.901668092243185,26.164567444158276,2.029288555782447,47,62,,True,True,,2459,92.534174553102
19,2026-09-22T23:19:47.896+00:00,2026-09-22T23:23:25.161+00:00,2026-09-22T23:23:58.535+00:00,True,516,516.0,,516.0,217265.036463,250639.156911,250639.156962,485.7348003139535,0.01725,217265.036463,9561.788392710694,109.66623925,64.80411737475728,39.47376237756379,2.0587365771551314,47,62,,True,True,,1951,92.534174553102
20,2026-09-22T23:19:52.913+00:00,2026-09-22T23:23:44.917+00:00,2026-09-22T23:24:22.246+00:00,True,584,584.0,,584.0,232004.03307,269332.535598,269332.53545,461.1858483732877,0.016210000000000002,232004.03307,9597.832573623566,110.19809734999998,64.02830622298455,40.87418510785726,2.168323254015126,47,62,,True,True,,2067,92.534174553102
21,2026-09-22T23:19:56.474+00:00,2026-09-22T23:23:57.189+00:00,2026-09-22T23:24:30.754+00:00,True,530,530.0,,530.0,240715.34267800002,274280.77935,274280.77938100003,517.5109044924528,42.221136,240715.34267800002,10453.279180114507,109.68026045,63.450730948960306,24.636513943523653,1.932326432993271,47,62,,True,True,,2578,92.534174553102
22,2026-09-22T23:20:01.637+00:00,2026-09-22T23:24:14.514+00:00,2026-09-22T23:24:50.378+00:00,True,573,573.0,,573.0,252877.522243,288741.136963,288741.137051,503.9112339458988,40.494550000000004,252877.522243,10561.518591367194,108.37152,62.69862713286714,24.26221773210152,1.9844764969302786,47,62,,True,True,,2162,92.534174553102
23,2026-09-22T23:20:07.670+00:00,2026-09-22T23:24:36.952+00:00,2026-09-22T23:25:07.726+00:00,False,493,492.0,,492.0,269281.89115499996,300055.22517099994,300055.22524299996,608.6312885253549,0.02296,269281.89115499996,12125.055653904332,106.93169099999999,62.547426861788615,25.240581630581215,1.639698157962794,47,62,,True,False,Request timeout: 300.0s exceeded,955,92.534174553102
24,2026-09-22T23:20:13.494+00:00,2026-09-22T23:24:58.249+00:00,2026-09-22T23:25:13.550+00:00,False,267,266.0,,266.0,284755.460862,300056.51763,300056.5177,1123.8071823970038,0.02836,284755.460862,17423.244625914624,102.4050173,57.52276980451128,21.943000034441148,0.8864996571346097,47,62,,True,False,Request timeout: 300.0s exceeded,1000,92.534174553102
0,2026-09-22T23:18:17.289+00:00,2026-09-22T23:18:17.621+00:00,2026-09-22T23:18:51.954+00:00,True,590,590.0,,590.0,332.578004,34665.178324,34665.178372,58.754539613559324,34.226645,332.578004,25.531374702446396,109.4553095,58.28964400679117,22.91783963610351,17.01996148658266,48,62,,False,True,,2776,92.534174553102
1,2026-09-22T23:18:21.733+00:00,2026-09-22T23:18:21.989+00:00,2026-09-22T23:18:53.387+00:00,True,514,514.0,,514.0,255.87393400000002,31653.996686,31653.996736,61.58365123735408,39.612583,255.87393400000002,24.95715441836251,109.90401379999999,61.20491764522417,23.45643860695985,16.238075877076625,48,62,,False,True,,2063,92.534174553102
2,2026-09-22T23:18:26.844+00:00,2026-09-22T23:18:44.054+00:00,2026-09-22T23:19:17.928+00:00,True,531,531.0,,531.0,17209.974223999998,51084.399824,51084.399663,96.20414249152542,0.020239999999999998,17209.974223999998,744.5584625090336,109.469533,63.91401056603774,26.834896310070114,10.394562759461657,48,62,,False,True,,2781,92.534174553102
3,2026-09-22T23:18:30.744+00:00,2026-09-22T23:18:53.528+00:00,2026-09-22T23:19:13.603+00:00,True,330,330.0,,330.0,22783.812737,42858.620801,42858.620708,129.8746082060606,0.01726,22783.812737,1251.1113935436142,108.67600999999999,61.017653689969606,25.6758490619408,7.699734471910498,48,62,,False,True,,1327,92.534174553102
4,2026-09-22T23:18:36.403+00:00,2026-09-22T23:19:14.591+00:00,2026-09-22T23:19:49.154+00:00,True,534,534.0,,534.0,38187.650121,72751.280713,72751.280873,136.23835369475654,0.040049999999999995,38187.650121,1649.963809483906,111.65958280000001,64.847336945591,27.501841183141487,7.340076968632375,48,62,,False,True,,2306,92.534174553102
5,2026-09-22T23:18:42.435+00:00,2026-09-22T23:19:36.773+00:00,2026-09-22T23:20:03.882+00:00,True,418,418.0,,418.0,54337.316450000006,81446.19273800001,81446.192752,194.84735108133972,0.01691,54337.316450000006,2654.7265144262833,110.24156600000002,65.00929565467627,31.05409597405921,5.132222709840376,48,62,,False,True,,1990,92.534174553102
6,2026-09-22T23:18:46.470+00:00,2026-09-22T23:19:50.746+00:00,2026-09-22T23:20:29.211+00:00,True,598,598.0,,598.0,64276.179982,102740.408334,102740.408391,171.80670299498328,0.0,64276.179982,2625.981973372059,111.06312534999999,64.42919321943049,29.747521277419448,5.820494678743681,48,62,,False,True,,2757,92.534174553102
7,2026-09-22T23:18:50.058+00:00,2026-09-22T23:20:04.091+00:00,2026-09-22T23:20:26.490+00:00,True,347,347.0,,347.0,74033.14084800001,96432.318064,96432.318012,277.9029337521614,0.0,74033.14084800001,3970.933389467901,111.25424000000001,64.73750640462427,28.425324515101078,3.598378707122894,48,62,,False,True,,1796,92.534174553102
8,2026-09-22T23:18:54.424+00:00,2026-09-22T23:20:19.717+00:00,2026-09-22T23:20:40.507+00:00,True,322,322.0,,322.0,85292.707097,106082.26792900001,106082.267934,329.44803706211184,40.160581,85292.707097,4749.632060853738,107.74826499999999,64.76498701557632,24.79846143531123,3.0353800525410333,48,62,,False,True,,1673,92.534174553102
9,2026-09-22T23:18:58.898+00:00,2026-09-22T23:20:33.904+00:00,2026-09-22T23:21:02.286+00:00,True,454,454.0,,454.0,95006.2127,123388.506972,123388.506892,271.780852185022,0.017329999999999998,95006.2127,4456.042441473297,105.924226,62.6540712406181,32.799552445859334,3.6794350717204494,48,62,,True,True,,1512,92.534174553102
10,2026-09-22T23:19:03.509+00:00,2026-09-22T23:20:48.685+00:00,2026-09-22T23:21:17.078+00:00,True,449,449.0,,449.0,105175.765421,133568.678317,133568.67818000002,297.48035229398664,0.01939,105175.765421,4960.672297319558,106.80269,63.37703771428571,33.370218123844374,3.3615665413292732,48,62,,True,True,,2159,92.534174553102
11,2026-09-22T23:19:07.422+00:00,2026-09-22T23:21:03.546+00:00,2026-09-22T23:21:25.461+00:00,True,350,350.0,,350.0,116124.765216,138039.287072,138039.287185,394.39796338571426,38.413025000000005,116124.765216,6203.820811529131,105.93192945000001,62.79232623495702,24.28828922667334,2.53551005242039,48,62,,True,True,,1052,92.534174553102
12,2026-09-22T23:19:11.010+00:00,2026-09-22T23:21:15.276+00:00,2026-09-22T23:21:48.377+00:00,True,520,520.0,,520.0,124265.940086,157366.05887,157366.058968,302.6270364769231,43.613284,124265.940086,5446.685494938367,111.12235545000001,63.77672212716763,25.659507927323787,3.3043974268274177,48,62,,True,True,,2479,92.534174553102
13,2026-09-22T23:19:14.584+00:00,2026-09-22T23:21:29.438+00:00,2026-09-22T23:21:52.430+00:00,True,349,349.0,,349.0,134853.50921599998,157845.23017599998,157845.23006799998,452.278596183381,43.124094,134853.50921599998,7215.056497646555,110.808715,66.06816367816091,26.951893521373055,2.21102658351386,48,62,,True,True,,1373,92.534174553102
14,2026-09-22T23:19:18.918+00:00,2026-09-22T23:21:43.357+00:00,2026-09-22T23:22:06.546+00:00,True,357,357.0,,357.0,144438.38834,167627.258484,167627.25851400002,469.5441414957983,43.899792999999995,144438.38834,7641.0903580406075,110.85597600000001,65.13727568539326,27.017623973970736,2.129725220281376,48,62,,True,True,,1851,92.534174553102
15,2026-09-22T23:19:25.228+00:00,2026-09-22T23:22:05.540+00:00,2026-09-22T23:22:29.754+00:00,True,389,389.0,,389.0,160311.646156,184525.49806,184525.498121,474.35860699485863,0.017410000000000002,160311.646156,8125.0430568026295,110.5186554,62.40683480412371,37.01487729822658,2.108109741416405,48,62,,True,True,,1958,92.534174553102
16,2026-09-22T23:19:29.197+00:00,2026-09-22T23:22:19.881+00:00,2026-09-22T23:22:42.653+00:00,True,352,352.0,,352.0,170684.35890700002,193455.96466700002,193455.96462600003,549.5908085965909,40.790559,170684.35890700002,9094.08380956626,110.00408305,64.87636968660969,25.20675421344918,1.8195355237865387,48,62,,True,True,,1507,92.534174553102
17,2026-09-22T23:19:32.943+00:00,2026-09-22T23:22:33.643+00:00,2026-09-22T23:22:57.752+00:00,True,374,374.0,,374.0,180700.274838,204809.127574,204809.127669,547.6179884197861,38.597905,180700.274838,9340.481904237311,110.537575,64.63499393029491,25.725089304534283,1.8260904893746461,48,62,,True,True,,835,92.534174553102
18,2026-09-22T23:19:38.446+00:00,2026-09-22T23:22:53.433+00:00,2026-09-22T23:23:22.529+00:00,True,449,449.0,,449.0,194986.887556,224083.385476,224083.385622,499.0721283340757,42.930765,194986.887556,9198.973430663642,111.1432274,64.94754,26.586699368081625,2.0037183883411527,48,62,,True,True,,2476,92.534174553102
19,2026-09-22T23:19:44.419+00:00,2026-09-22T23:23:13.642+00:00,2026-09-22T23:23:44.921+00:00,True,488,488.0,,488.0,209222.640932,240501.569572,240501.56951200002,492.8310850655738,43.684903,209222.640932,9468.192186675851,110.29683485,64.22777954825462,26.026809225209817,2.029092786664352,48,62,,True,True,,1562,92.534174553102
20,2026-09-22T23:19:50.766+00:00,2026-09-22T23:23:37.912+00:00,2026-09-22T23:24:09.452+00:00,True,485,485.0,,485.0,227146.523141,258686.557957,258686.55783900002,533.3743460597939,0.01648,227146.523141,10311.324651295216,111.03223000000001,65.16536119008265,43.44997366414205,1.874855824865159,48,62,,True,True,,2487,92.534174553102
21,2026-09-22T23:19:56.894+00:00,2026-09-22T23:23:58.427+00:00,2026-09-22T23:24:23.587+00:00,True,396,396.0,,396.0,241533.007297,266692.793025,266692.792984,673.4666489494949,40.47331,241533.007297,12134.315233241065,109.96326125,63.69566007088608,25.035983875245964,1.4848545230949628,48,62,,True,True,,2137,92.534174553102
22,2026-09-22T23:20:01.635+00:00,2026-09-22T23:24:14.308+00:00,2026-09-22T23:24:42.363+00:00,True,445,445.0,,445.0,252672.831885,280727.735949,280727.735755,630.8488443932584,43.184075,252672.831885,11974.871425040099,109.8421924,63.18672086486486,24.886402314624046,1.5851657781361632,48,62,,True,True,,1926,92.534174553102
23,2026-09-22T23:20:05.538+00:00,2026-09-22T23:24:30.649+00:00,2026-09-22T23:25:03.643+00:00,True,518,518.0,,518.0,265111.530185,298105.15373699996,298105.15365999995,575.4925746332046,42.235237,265111.530185,11645.556677220866,108.19098585,63.81745367891683,25.905798965550535,1.7376418807472207,48,62,,True,True,,2218,92.534174553102
24,2026-09-22T23:20:09.017+00:00,2026-09-22T23:24:42.570+00:00,2026-09-22T23:25:09.047+00:00,False,423,422.0,,422.0,273553.263543,300029.98648699996,300029.986469,709.2907481536643,0.023100000000000002,273553.263543,13297.588027393738,106.408269,62.74104963033175,25.17875137415353,1.4065260774135484,48,62,,True,False,Request timeout: 300.0s exceeded,641,92.534174553102
25,2026-09-22T23:20:12.667+00:00,2026-09-22T23:24:55.504+00:00,2026-09-22T23:25:12.711+00:00,False,292,291.0,,291.0,282836.369319,300044.017831,300044.017917,1027.5480065650684,0.039740000000000004,282836.369319,16548.302447402493,103.16221754999998,59.13281275601374,23.31408267498993,0.9698576965593961,48,62,,True,False,Request timeout: 300.0s exceeded,1402,92.534174553102
0,2026-09-22T23:18:17.291+00:00,2026-09-22T23:18:17.622+00:00,2026-09-22T23:18:40.454+00:00,True,426,426.0,,426.0,331.271977,23163.211305,23163.211287,54.37373541549296,33.957675,331.271977,23.115821689370783,109.416495,53.72221018352941,18.824033324979666,18.39123230327065,49,62,,False,True,,1692,92.534174553102
1,2026-09-22T23:18:20.434+00:00,2026-09-22T23:18:20.587+00:00,2026-09-22T23:18:39.561+00:00,True,336,336.0,,336.0,152.739512,19127.392184,19127.392199,56.92676249702381,0.05471,204.874497,21.425322856966858,111.567886,56.64075424477612,20.80508725616087,17.56643021525239,49,62,,False,True,,1174,92.534174553102
2,2026-09-22T23:18:23.961+00:00,2026-09-22T23:18:35.694+00:00,2026-09-22T23:19:01.247+00:00,True,392,392.0,,392.0,11733.136109,37285.481965,37285.482151,95.11602589540816,8.746941000000001,11733.136109,589.8991899603377,111.56994710000001,65.35126817391304,26.344756764067036,10.513475469298523,49,62,,False,True,,1838,92.534174553102
3,2026-09-22T23:18:27.846+00:00,2026-09-22T23:18:45.605+00:00,2026-09-22T23:19:16.756+00:00,True,490,490.0,,490.0,17759.162839,48910.520023000005,48910.520135,99.81738803061225,0.016489,17759.162839,799.8444783203724,109.59077745,63.704206920245404,26.708602518711125,10.01829462801825,49,62,,False,True,,1925,92.534174553102
4,2026-09-22T23:18:31.842+00:00,2026-09-22T23:18:59.630+00:00,2026-09-22T23:19:37.027+00:00,True,587,587.0,,587.0,27787.983853,65184.535789,65184.535606000005,111.04690903918228,0.0448,27787.983853,1144.6100990642371,109.17339799999999,63.816641529010234,26.714302278971452,9.005203349151675,49,62,,False,True,,1232,92.534174553102
5,2026-09-22T23:18:36.186+00:00,2026-09-22T23:19:14.276+00:00,2026-09-22T23:19:43.717+00:00,True,461,461.0,,461.0,38089.456847,67530.829775,67530.829956,146.48770055531455,12.671152,38089.456847,1771.2072522780866,109.195489,64.00298462608696,25.647922965395637,6.8265117063712255,49,62,,False,True,,1784,92.534174553102
6,2026-09-22T23:18:40.820+00:00,2026-09-22T23:19:30.110+00:00,2026-09-22T23:20:01.460+00:00,True,480,480.0,,480.0,49290.94639899999,80640.816479,80640.81644299999,168.00170092291665,0.01652,49290.94639899999,2247.044006315381,112.46403095000001,65.4485805427975,31.311430315824094,5.9523206852078285,49,62,,False,True,,1680,92.534174553102
7,2026-09-22T23:18:44.529+00:00,2026-09-22T23:19:44.607+00:00,2026-09-22T23:20:22.142+00:00,True,572,572.0,,572.0,60078.578722000006,97613.195298,97613.195288,170.65243931468532,0.0,60078.578722000006,2509.4599545290866,112.67675704999998,65.7348801681261,31.462712976541923,5.859863497488845,49,62,,False,True,,3089,92.534174553102
8,2026-09-22T23:18:48.110+00:00,2026-09-22T23:19:56.857+00:00,2026-09-22T23:20:28.077+00:00,True,483,483.0,,483.0,68747.092637,99966.330013,99966.33011099999,206.9696275590062,0.0,68747.092637,3125.277093499421,112.760873,64.77020202489626,27.78005213141744,4.831626808118182,49,62,,False,True,,2350,92.534174553102
9,2026-09-22T23:18:52.824+00:00,2026-09-22T23:20:14.840+00:00,2026-09-22T23:20:36.550+00:00,True,337,337.0,,337.0,82015.29229099999,103725.663619,103725.66380999998,307.79128727002967,40.533989999999996,82015.29229099999,4464.208089067919,109.45097200000001,64.61420038095238,25.072166636066534,3.2489548703959303,49,62,,False,True,,1676,92.534174553102
10,2026-09-22T23:18:58.329+00:00,2026-09-22T23:20:32.372+00:00,2026-09-22T23:20:54.687+00:00,True,358,358.0,,358.0,94042.668762,116357.335002,116357.334992,325.02048880446927,43.242604,94042.668762,4967.059499081229,106.59276015000002,62.50606789915966,23.09919926565675,3.076729112039619,49,62,,True,True,,1580,92.534174553102
11,2026-09-22T23:19:03.890+00:00,2026-09-22T23:20:50.665+00:00,2026-09-22T23:21:12.552+00:00,True,349,349.0,,349.0,106774.411493,128661.75971700001,128661.759879,368.65833776217767,0.0176,106774.411493,5712.247073136683,106.60746799999998,62.894678804597696,35.58763059931888,2.7125386810163987,49,62,,True,True,,1676,92.534174553102
12,2026-09-22T23:19:07.931+00:00,2026-09-22T23:21:04.077+00:00,2026-09-22T23:21:33.713+00:00,True,467,467.0,,467.0,116145.312611,145781.753699,145781.75374000001,312.1664962312634,43.513114,116145.312611,5371.680534899117,108.29172330000002,63.59751306437768,25.283688033289565,3.203418727999589,49,62,,True,True,,2310,92.534174553102
13,2026-09-22T23:19:11.320+00:00,2026-09-22T23:21:16.831+00:00,2026-09-22T23:21:53.208+00:00,True,568,568.0,,568.0,125511.62995,161888.70771,161888.707868,285.01533075352114,42.340266,125511.62995,5263.722014640844,110.22600620000001,64.15710363315696,25.772159436569545,3.50858319912893,49,62,,True,True,,2606,92.534174553102
14,2026-09-22T23:19:16.946+00:00,2026-09-22T23:21:36.971+00:00,2026-09-22T23:22:03.881+00:00,True,413,413.0,,413.0,140025.088299,166934.96170699998,166934.961767,404.20087594915253,42.797185,140025.088299,6887.023635276462,111.79599,65.31522671844661,27.16247673765686,2.474017400410629,49,62,,True,True,,1862,92.534174553102
15,2026-09-22T23:19:21.755+00:00,2026-09-22T23:21:55.259+00:00,2026-09-22T23:22:29.801+00:00,True,543,543.0,,543.0,153504.00392500003,188045.96411700002,188045.96426900002,346.3093264622468,0.01692,153504.00392500003,6584.841457841987,110.578576,63.730553859778595,34.28000691307568,2.887591885046529,49,62,,True,True,,1830,92.534174553102
16,2026-09-22T23:19:26.240+00:00,2026-09-22T23:22:07.389+00:00,2026-09-22T23:22:36.755+00:00,True,469,469.0,,469.0,161148.775104,190515.18816,190515.188276,406.21575325373135,0.017070000000000002,161148.775104,7438.350596775645,111.62220699999997,62.748745846153845,36.428938142768516,2.4617459874439023,49,62,,True,True,,2327,92.534174553102
17,2026-09-22T23:19:31.590+00:00,2026-09-22T23:22:28.912+00:00,2026-09-22T23:22:57.279+00:00,True,439,439.0,,439.0,177321.91393399998,205688.848206,205688.84835199997,468.53951788610476,42.835375,177321.91393399998,8460.06119577857,109.40836010000001,64.76469011872146,25.731314938886115,2.1342916926654962,49,62,,True,True,,1956,92.534174553102
18,2026-09-22T23:19:37.015+00:00,2026-09-22T23:22:47.700+00:00,2026-09-22T23:23:19.309+00:00,True,486,486.0,,486.0,190684.277441,222293.731777,222293.731835,457.3945099485597,37.254637,190684.277441,8646.700655106102,110.79885675,65.17413265154639,27.15036230526006,2.186296465109255,49,62,,True,True,,1732,92.534174553102
19,2026-09-22T23:19:42.236+00:00,2026-09-22T23:23:07.224+00:00,2026-09-22T23:23:29.041+00:00,True,341,341.0,,341.0,204987.253126,226804.570246,226804.570279,665.1160418739003,40.668358999999995,204987.253126,11097.238925985717,107.763291,64.16857976470588,26.576156138374696,1.5034970398971226,49,62,,True,True,,1538,92.534174553102
20,2026-09-22T23:19:47.075+00:00,2026-09-22T23:23:23.089+00:00,2026-09-22T23:23:44.399+00:00,True,334,334.0,,334.0,216013.33344400002,237323.9641,237323.96409500003,710.5507907035928,43.435294,216013.33344400002,11816.249919000837,109.894463,63.995887855855855,25.71317625432147,1.4073589292451902,49,62,,True,True,,1398,92.534174553102
21,2026-09-22T23:19:51.749+00:00,2026-09-22T23:23:40.459+00:00,2026-09-22T23:24:03.848+00:00,True,364,364.0,,364.0,228710.11508000002,252099.22688800003,252099.226931,692.5802937664836,0.01623,228710.11508000002,11984.371295332829,112.013579,64.43281489807163,44.18008423440758,1.4438759074882608,49,62,,True,True,,1697,92.534174553102
22,2026-09-22T23:19:55.507+00:00,2026-09-22T23:23:53.499+00:00,2026-09-22T23:24:24.530+00:00,True,490,490.0,,490.0,237992.47329499997,269022.881999,269022.88196599996,549.0262897265305,41.428648,237992.47329499997,10748.565504466644,109.7869925,63.45686851533742,24.633988644534842,1.8214064036449562,49,62,,True,True,,2276,92.534174553102
23,2026-09-22T23:19:59.926+00:00,2026-09-22T23:24:10.338+00:00,2026-09-22T23:24:34.543+00:00,True,380,380.0,,380.0,250412.224462,274617.71540600003,274617.715336,722.6781982526317,41.957107,250412.224462,12842.623317559128,108.73109795,63.86673072295515,24.622733723662233,1.3837417569299955,49,62,,True,True,,1606,92.534174553102
24,2026-09-22T23:20:05.079+00:00,2026-09-22T23:24:28.969+00:00,2026-09-22T23:24:52.933+00:00,True,377,377.0,,377.0,263890.235688,287854.41565599997,287854.415483,763.5395636153846,40.743230000000004,263890.235688,13587.779700983163,109.3379358,63.734521191489364,25.35643896492006,1.3096898275499562,49,62,,True,True,,1560,92.534174553102
25,2026-09-22T23:20:10.499+00:00,2026-09-22T23:24:49.102+00:00,2026-09-22T23:25:10.548+00:00,False,344,343.0,,343.0,278603.388578,300049.378722,300049.37863600004,872.2365658023256,0.02121,278603.388578,15017.93769369411,106.0224427,62.524752606414,25.028592913862894,1.1431451765070788,49,62,,True,False,Request timeout: 300.0s exceeded,1855,92.534174553102
26,2026-09-22T23:20:13.718+00:00,2026-09-22T23:24:58.504+00:00,2026-09-22T23:25:13.739+00:00,False,269,268.0,,268.0,284785.661135,300021.239503,300021.239519,1115.320593007435,0.04467,284785.661135,17360.235848559663,102.00453440000001,56.84917301492538,21.9230110606117,0.8932700912907208,49,62,,True,False,Request timeout: 300.0s exceeded,1322,92.534174553102
27,2026-09-22T23:20:16.805+00:00,2026-09-22T23:25:08.564+00:00,2026-09-22T23:25:16.814+00:00,False,185,184.0,,184.0,291758.908864,300009.278144,300009.278145,1621.6717737567567,0.017920000000000002,291758.908864,21447.27781315521,120.467167,44.838963478260865,37.63849803126961,0.6133143652700058,49,62,,True,False,Request timeout: 300.0s exceeded,837,92.534174553102
0,2026-09-22T23:18:17.294+00:00,2026-09-22T23:18:17.622+00:00,2026-09-22T23:18:39.394+00:00,True,409,409.0,,409.0,328.820973,22100.726509,22100.726309,54.03600564547677,33.480366000000004,328.820973,22.924286403541043,108.16024099999998,53.362513568627456,18.461818670706204,18.50617896354875,50,62,,False,True,,1866,92.534174553102
1,2026-09-22T23:18:20.720+00:00,2026-09-22T23:18:20.887+00:00,2026-09-22T23:18:42.602+00:00,True,370,370.0,,370.0,166.98872,21881.488816,21881.488764,59.13915882162162,0.026920000000000003,197.920762,23.25769434609052,111.19960999999999,58.84688372899729,22.598604670703814,16.909269890696454,50,62,,False,True,,1750,92.534174553102
2,2026-09-22T23:18:24.442+00:00,2026-09-22T23:18:37.666+00:00,2026-09-22T23:19:12.200+00:00,True,537,537.0,,537.0,13224.387317,47757.982965,47757.983055000004,88.93479153631284,0.0174,13224.387317,568.5304974951382,111.10307999999999,64.42835008955224,26.916848486076322,11.24419346590803,50,62,,False,True,,2086,92.534174553102
3,2026-09-22T23:18:28.238+00:00,2026-09-22T23:18:47.851+00:00,2026-09-22T23:19:22.748+00:00,True,550,550.0,,550.0,19612.863395,54510.338211,54510.338152,99.10970573090908,0.01662,19612.863395,834.0085813790541,108.42257255,63.56552789799636,26.60603806859856,10.089829159948449,50,62,,False,True,,2043,92.534174553102
4,2026-09-22T23:18:32.883+00:00,2026-09-22T23:19:05.460+00:00,2026-09-22T23:19:30.470+00:00,True,391,391.0,,391.0,32576.595634,57587.007922000004,57587.007922000004,147.28135018414324,0.01704,32576.595634,1644.4424026742565,108.75713900000001,64.12926227692307,26.705472863104717,6.789725914039476,50,62,,False,True,,1846,92.534174553102
5,2026-09-22T23:18:37.130+00:00,2026-09-22T23:19:16.802+00:00,2026-09-22T23:19:55.341+00:00,True,599,599.0,,599.0,39671.438758000004,78210.02973400001,78210.029722,130.56766230717864,7.166493999999999,39671.438758000004,1618.518598078148,109.8322299,64.4458043076923,26.752276545514256,7.658864240779063,50,62,,False,True,,2847,92.534174553102
6,2026-09-22T23:18:42.134+00:00,2026-09-22T23:19:34.613+00:00,2026-09-22T23:20:00.944+00:00,True,406,406.0,,406.0,52478.593283,78809.770755,78809.770696,194.1127357044335,0.01753,52478.593283,2601.431110386615,111.852048,65.01525301728395,31.38892784415545,5.151645489011168,50,62,,False,True,,1765,92.534174553102
7,2026-09-22T23:18:45.701+00:00,2026-09-22T23:19:47.358+00:00,2026-09-22T23:20:16.380+00:00,True,447,447.0,,447.0,61657.493217,90679.283937,90679.284125,202.8619331655481,0.0,61657.493217,2913.3938264484013,112.578197,65.0712796412556,31.714311641830722,4.929461069747266,50,62,,False,True,,2086,92.534174553102
8,2026-09-22T23:18:49.455+00:00,2026-09-22T23:20:01.617+00:00,2026-09-22T23:20:22.864+00:00,True,326,326.0,,326.0,72161.751839,93409.384223,93409.384303,286.53185369018405,0.0,72161.751839,3993.1510860296407,111.8617995,65.3773304123077,28.614657839309587,3.4900133719084048,50,62,,False,True,,1646,92.534174553102
9,2026-09-22T23:18:52.544+00:00,2026-09-22T23:20:12.758+00:00,2026-09-22T23:20:40.357+00:00,True,430,430.0,,430.0,80213.929808,107812.946,107812.946014,250.727781427907,40.014171000000005,80213.929808,3865.2370776328353,109.00535945,64.33337107692309,24.946982234875545,3.9883892978863598,50,62,,False,True,,1064,92.534174553102
10,2026-09-22T23:18:56.141+00:00,2026-09-22T23:20:23.620+00:00,2026-09-22T23:20:42.779+00:00,True,300,300.0,,300.0,87479.265338,106637.73445799999,106637.734554,355.45911517999997,41.080419,87479.265338,5046.976035656708,107.9635045,64.07514755852843,24.168954094339544,2.813263067944838,50,62,,True,True,,937,92.534174553102
11,2026-09-22T23:19:00.231+00:00,2026-09-22T23:20:38.993+00:00,2026-09-22T23:20:57.944+00:00,True,300,300.0,,300.0,98761.622988,117712.976332,117712.976423,392.3765880766667,42.703406,98761.622988,5698.396847653798,106.813901,63.3824526555184,24.21388540239513,2.5485720380892762,50,62,,True,True,,1426,92.534174553102
12,2026-09-22T23:19:03.167+00:00,2026-09-22T23:20:48.037+00:00,2026-09-22T23:21:09.943+00:00,True,351,351.0,,351.0,104869.66285699999,126776.62477699999,126776.62495099999,361.18696567236464,0.01783,104869.66285699999,5594.299761055617,106.44082450000002,62.59131977142857,35.47172036627326,2.76864919394572,50,62,,True,True,,1431,92.534174553102
13,2026-09-22T23:19:07.125+00:00,2026-09-22T23:21:02.079+00:00,2026-09-22T23:21:31.899+00:00,True,474,474.0,,474.0,114953.763899,144773.416763,144773.416682,305.42914911814347,40.71803,114953.763899,5277.162580882135,107.57248950000002,63.043663560253705,24.559106721303838,3.274081738196159,50,62,,True,True,,2348,92.534174553102
14,2026-09-22T23:19:10.884+00:00,2026-09-22T23:21:14.465+00:00,2026-09-22T23:21:47.952+00:00,True,528,528.0,,528.0,123581.12254099999,157067.901165,157067.901337,297.4770858655303,38.006946000000006,123581.12254099999,5375.472368303803,109.6427045,63.54227442884251,25.349429872157092,3.3616034599286806,50,62,,True,True,,2372,92.534174553102
15,2026-09-22T23:19:14.192+00:00,2026-09-22T23:21:28.909+00:00,2026-09-22T23:22:01.330+00:00,True,492,492.0,,492.0,134716.89332899998,167137.845393,167137.84550099997,339.7110680914634,40.302851000000004,134716.89332899998,6070.591890601365,111.72968305,66.0304522688391,27.502713130509854,2.943678009269143,50,62,,True,True,,1744,92.534174553102
16,2026-09-22T23:19:18.768+00:00,2026-09-22T23:21:42.344+00:00,2026-09-22T23:22:04.590+00:00,True,345,345.0,,345.0,143576.55540900002,165821.90273700003,165821.90281100004,480.6431965536232,43.550373,143576.55540900002,7726.4678194315065,111.56764199999999,64.6667073488372,27.120338045372602,2.0805454183406846,50,62,,True,True,,1231,92.534174553102
17,2026-09-22T23:19:23.969+00:00,2026-09-22T23:22:00.812+00:00,2026-09-22T23:22:38.152+00:00,True,585,585.0,,585.0,156842.268446,194182.384158,194182.384208,331.9356995008547,0.01701,156842.268446,6482.0778429765805,109.72813119999999,63.93855430136986,34.50179823629413,3.012631668606995,50,62,,True,True,,2737,92.534174553102
18,2026-09-22T23:19:28.994+00:00,2026-09-22T23:22:19.101+00:00,2026-09-22T23:22:56.967+00:00,True,588,588.0,,588.0,170106.863926,207972.97311,207972.97309699998,353.69553247789116,40.58101,170106.863926,7012.475076096745,111.580303,64.50785210221466,25.55940888550391,2.827290446480265,50,62,,True,True,,3398,92.534174553102
19,2026-09-22T23:19:32.904+00:00,2026-09-22T23:22:33.333+00:00,2026-09-22T23:23:09.873+00:00,True,562,562.0,,562.0,180428.776329,216969.36640899998,216969.366387,386.06648823309604,40.419610999999996,180428.776329,7608.227731754251,111.1154696,65.13474167557932,26.682763572035245,2.590227409986519,50,62,,True,True,,2680,92.534174553102
20,2026-09-22T23:19:37.401+00:00,2026-09-22T23:22:49.046+00:00,2026-09-22T23:23:10.946+00:00,True,336,336.0,,336.0,191645.607322,213545.369242,213545.369115,635.5516937946428,34.511694000000006,191645.607322,10451.592682090115,111.69977800000001,65.37242364179104,26.704643981130605,1.573436132999112,50,62,,True,True,,1471,92.534174553102
21,2026-09-22T23:19:40.864+00:00,2026-09-22T23:23:01.112+00:00,2026-09-22T23:23:21.030+00:00,True,304,304.0,,304.0,200247.970284,220165.657324,220165.65743400002,724.2291362960526,41.557108,200247.970284,11481.271419027553,111.7761805,65.73494072607261,27.494270841711494,1.380778472423734,50,62,,True,True,,1399,92.534174553102
22,2026-09-22T23:19:45.974+00:00,2026-09-22T23:23:19.306+00:00,2026-09-22T23:23:53.088+00:00,True,524,524.0,,524.0,213331.72724,247114.23988,247114.239846,471.59206077480917,0.01568,213331.72724,9316.702239525943,111.203542,64.593714416826,39.66025279831195,2.1204767489500287,50,62,,True,True,,2237,92.534174553102
23,2026-09-22T23:19:50.035+00:00,2026-09-22T23:23:37.081+00:00,2026-09-22T23:24:16.305+00:00,True,600,600.0,,600.0,227046.123523,266269.92384299997,266269.92385099997,443.7832064183333,0.01846,227046.123523,9266.520893227917,110.55304145,65.48213742904841,37.3164341385652,2.253352505383884,50,62,,True,True,,2428,92.534174553102
24,2026-09-22T23:19:54.002+00:00,2026-09-22T23:23:48.211+00:00,2026-09-22T23:24:16.894+00:00,True,443,443.0,,443.0,234209.158679,262892.18715899996,262892.187157,593.4360883905191,36.686349,234209.158679,11124.559792880298,111.022873,64.89372959276018,25.88445170547363,1.6851014280316705,50,62,,True,True,,858,92.534174553102
25,2026-09-22T23:19:57.637+00:00,2026-09-22T23:24:01.812+00:00,2026-09-22T23:24:25.143+00:00,True,368,368.0,,368.0,244175.23832899999,267505.998521,267505.998424,726.9184739782609,39.060124,244175.23832899999,12725.22472026292,110.64329814999999,63.571553656675746,24.968881272180152,1.3756700860340183,50,62,,True,True,,905,92.534174553102
26,2026-09-22T23:20:02.170+00:00,2026-09-22T23:24:16.395+00:00,2026-09-22T23:24:54.124+00:00,True,598,598.0,,598.0,254225.10239,291953.80383,291953.80384999997,488.21706329431436,41.719348,254225.10239,10393.483268394153,109.25055449999999,63.19715484087102,25.016227951513457,2.0482692540913283,50,62,,True,True,,2562,92.534174553102
27,2026-09-22T23:20:05.618+00:00,2026-09-22T23:24:31.113+00:00,2026-09-22T23:25:00.065+00:00,True,455,455.0,,455.0,265495.419735,294447.182167,294447.182312,647.136664421978,44.745781,265495.419735,12443.654545775791,108.9444147,63.77040183259912,25.89927423196127,1.5452686510748816,50,62,,True,True,,1948,92.534174553102
28,2026-09-22T23:20:09.893+00:00,2026-09-22T23:24:45.417+00:00,2026-09-22T23:25:09.924+00:00,False,392,391.0,,391.0,275524.054103,300030.797399,300030.797378,765.3846871887754,0.02606,275524.054103,13912.922871598093,105.1027175,62.6770928286445,24.956584730206995,1.303199549478327,50,62,,True,False,Request timeout: 300.0s exceeded,1777,92.534174553102
29,2026-09-22T23:20:14.457+00:00,2026-09-22T23:25:02.100+00:00,2026-09-22T23:25:14.519+00:00,False,229,228.0,,228.0,287642.90560399997,300062.332932,300062.33314799995,1310.315865275109,0.04954,287642.90560399997,19004.389754627773,100.55876540000001,54.471172491228074,20.566673092141734,0.7598421227087815,50,62,,True,False,Request timeout: 300.0s exceeded,832,92.534174553102
0,2026-09-22T23:18:17.295+00:00,2026-09-22T23:18:17.622+00:00,2026-09-22T23:18:47.079+00:00,True,522,522.0,,522.0,326.91336700000005,29783.932247,29783.932344,57.057341655172415,35.030742,326.91336700000005,24.72746179303601,110.836204,56.53938364683301,21.732731834758923,17.526228426489208,51,62,,False,True,,2235,92.534174553102
1,2026-09-22T23:18:22.072+00:00,2026-09-22T23:18:22.284+00:00,2026-09-22T23:18:41.705+00:00,True,337,337.0,,337.0,212.600169,19633.961833,19633.961909,58.26101456676558,37.828237,212.600169,22.6871434972338,112.2845916,57.80167161904762,21.093247625410996,17.164136452256084,51,62,,False,True,,1818,92.534174553102
2,2026-09-22T23:18:25.915+00:00,2026-09-22T23:18:41.282+00:00,2026-09-22T23:19:10.589+00:00,True,464,464.0,,464.0,15366.851342,44674.255374,44674.255399,96.28072284267242,0.01647,15366.851342,710.9600515491442,110.34277549999999,63.29892879481641,26.96576032006889,10.386295107003479,51,62,,False,True,,2492,92.534174553102
3,2026-09-22T23:18:28.925+00:00,2026-09-22T23:18:49.710+00:00,2026-09-22T23:19:08.139+00:00,True,306,306.0,,306.0,20785.314361,39214.942777000004,39214.942712000004,128.15340755555556,0.01868,20785.314361,1185.0344724754125,106.03940474999999,60.4250112,25.402591012715416,7.803147941337106,51,62,,False,True,,1667,92.534174553102
4,2026-09-22T23:18:32.468+00:00,2026-09-22T23:19:04.355+00:00,2026-09-22T23:19:25.616+00:00,True,324,324.0,,324.0,31887.299528,53148.414919999996,53148.415085,164.03831816358024,0.01773,31887.299528,1768.086277899641,110.8817418,65.8238866625387,28.34519691321385,6.096136648434219,51,62,,False,True,,1547,92.534174553102
5,2026-09-22T23:18:35.480+00:00,2026-09-22T23:19:12.828+00:00,2026-09-22T23:19:33.848+00:00,True,328,328.0,,328.0,37347.340629,58368.298324999996,58368.298414,177.9521293109756,8.75811,37347.340629,2058.7746182481046,110.8393492,64.28427429969419,25.88326636752616,5.619488822059984,51,62,,False,True,,1578,92.534174553102
6,2026-09-22T23:18:39.793+00:00,2026-09-22T23:19:27.438+00:00,2026-09-22T23:19:59.458+00:00,True,491,491.0,,491.0,47645.085891,79664.202179,79664.202125,162.24888416496947,0.017070000000000002,47645.085891,2147.4697468052,111.28561850000001,65.34513528163265,31.193652679446167,6.163370580135312,51,62,,False,True,,2156,92.534174553102
7,2026-09-22T23:18:43.689+00:00,2026-09-22T23:19:42.223+00:00,2026-09-22T23:20:18.384+00:00,True,553,553.0,,553.0,58533.975921,94694.992497,94694.992577,171.23868458770343,0.0,58533.975921,2486.52902269717,111.7448,65.509088,31.320201911960176,5.839801930577473,51,62,,False,True,,2644,92.534174553102
8,2026-09-22T23:18:47.886+00:00,2026-09-22T23:19:56.856+00:00,2026-09-22T23:20:26.545+00:00,True,458,458.0,,458.0,68969.790624,98658.38787199999,98658.387816,215.41132710917032,0.0,68969.790624,3219.832091970493,111.71091349999999,64.96410776367615,27.9437263184642,4.642281410418058,51,62,,False,True,,2045,92.534174553102
9,2026-09-22T23:18:51.200+00:00,2026-09-22T23:20:07.850+00:00,2026-09-22T23:20:34.260+00:00,True,409,409.0,,409.0,76649.985835,103060.328235,103060.328132,251.98124237652812,41.279209,76649.985835,3786.9847552666342,110.9560204,64.73123137254902,25.79498047883631,3.9685493633145716,51,62,,False,True,,1832,92.534174553102
10,2026-09-22T23:18:53.883+00:00,2026-09-22T23:20:17.922+00:00,2026-09-22T23:20:45.992+00:00,True,441,441.0,,441.0,84039.285831,112108.871751,112108.871804,254.21512880725624,42.605706,84039.285831,3998.9062560205703,107.240013,63.79451345454545,24.245810754746437,3.933676194507473,51,62,,False,True,,1383,92.534174553102
11,2026-09-22T23:18:56.683+00:00,2026-09-22T23:20:26.848+00:00,2026-09-22T23:21:00.959+00:00,True,541,541.0,,541.0,90164.22557600001,124275.63396,124275.633998,229.71466543068394,0.01984,90164.22557600001,3873.8560445468383,106.547504,63.16927478518519,29.09654541647448,4.353226636318178,51,62,,True,True,,1979,92.534174553102
12,2026-09-22T23:19:01.008+00:00,2026-09-22T23:20:40.607+00:00,2026-09-22T23:20:59.454+00:00,True,303,303.0,,303.0,99598.444636,118445.866332,118445.866451,390.91045033333336,42.555856,99598.444636,5718.244177273648,107.192915,62.408681112582784,23.546417473103823,2.5581306413066423,51,62,,True,True,,1546,92.534174553102
13,2026-09-22T23:19:05.566+00:00,2026-09-22T23:20:57.130+00:00,2026-09-22T23:21:22.562+00:00,True,405,405.0,,405.0,111564.65461,136996.081682,136996.081885,338.2619305802469,0.018920000000000003,111564.65461,5540.669639991478,105.64410080000002,62.94907691089109,34.209252425744296,2.956288931971791,51,62,,True,True,,1895,92.534174553102
14,2026-09-22T23:19:08.426+00:00,2026-09-22T23:21:06.243+00:00,2026-09-22T23:21:30.847+00:00,True,395,395.0,,395.0,117816.94074199999,142421.316294,142421.316267,360.5602943468354,40.44933,117816.94074199999,5924.918706659459,108.09149870000002,62.44765368527919,23.668745795041808,2.7734612365511526,51,62,,True,True,,1602,92.534174553102
15,2026-09-22T23:19:13.118+00:00,2026-09-22T23:21:23.423+00:00,2026-09-22T23:22:00.657+00:00,True,576,576.0,,576.0,130305.281891,167539.524963,167539.524941,290.8672308003472,42.525766000000004,130305.281891,5426.753561858068,110.84685225,64.7552053426087,26.57364520857955,3.437994706784598,51,62,,True,True,,2778,92.534174553102
16,2026-09-22T23:19:16.452+00:00,2026-09-22T23:21:35.467+00:00,2026-09-22T23:22:03.216+00:00,True,425,425.0,,425.0,139014.786715,166763.892635,166763.89257599998,392.3856295905882,42.594326,139014.786715,6740.087155709031,110.7473802,65.44600452830188,27.04103799627348,2.5485133099537762,51,62,,True,True,,2210,92.534174553102
17,2026-09-22T23:19:19.443+00:00,2026-09-22T23:21:48.115+00:00,2026-09-22T23:22:21.585+00:00,True,522,522.0,,522.0,148672.766719,182142.16703900002,182142.166949,348.93135430842915,0.01782,148672.766719,6504.516041499707,111.0846245,64.24069159309022,35.65934345873111,2.8658932112531095,51,62,,True,True,,1740,92.534174553102
18,2026-09-22T23:19:23.988+00:00,2026-09-22T23:22:01.178+00:00,2026-09-22T23:22:26.320+00:00,True,402,402.0,,402.0,157189.979915,182331.339531,182331.339356,453.56054566169155,0.01714,157189.979915,7836.886499377199,108.90785210000001,62.69665739650873,37.58418799185302,2.20477730835544,51,62,,True,True,,1692,92.534174553102
19,2026-09-22T23:19:27.915+00:00,2026-09-22T23:22:15.865+00:00,2026-09-22T23:22:39.981+00:00,True,374,374.0,,374.0,167950.67810699999,192065.928027,192065.92818199997,513.5452625187165,44.450002,167950.67810699999,8681.216731025901,111.076552,64.65214455764075,25.378563253792905,1.9472480301004993,51,62,,True,True,,1997,92.534174553102
20,2026-09-22T23:19:30.899+00:00,2026-09-22T23:22:26.705+00:00,2026-09-22T23:22:54.425+00:00,True,428,428.0,,428.0,175806.47974900002,203526.564229,203526.564366,475.52935599532714,39.306193,175806.47974900002,8494.828622307146,110.62555635000001,64.9182306323185,25.973270400079038,2.1029195949007984,51,62,,True,True,,1632,92.534174553102
21,2026-09-22T23:19:35.065+00:00,2026-09-22T23:22:39.627+00:00,2026-09-22T23:23:02.989+00:00,True,366,366.0,,366.0,184561.321042,207924.23637,207924.236316,568.0990063278689,42.621826,184561.321042,9643.862085719078,110.46239274999999,64.0079872,25.280180171511276,1.760256554934294,51,62,,True,True,,1276,92.534174553102
22,2026-09-22T23:19:38.079+00:00,2026-09-22T23:22:51.919+00:00,2026-09-22T23:23:12.205+00:00,True,312,312.0,,312.0,193839.859577,214126.107001,214126.10702,686.3016250641025,38.535094,193839.859577,10970.36077460848,112.27847205,65.2290913954984,26.77921962709339,1.457085286655601,51,62,,True,True,,1508,92.534174553102
23,2026-09-22T23:19:42.123+00:00,2026-09-22T23:23:06.661+00:00,2026-09-22T23:23:40.151+00:00,True,520,520.0,,520.0,204538.471639,238028.306391,238028.306477,457.746743225,37.861076000000004,204538.471639,8966.815237706778,109.74274199999999,64.5276199460501,26.681677182954775,2.184614123774909,51,62,,True,True,,2060,92.534174553102
24,2026-09-22T23:19:46.670+00:00,2026-09-22T23:23:22.426+00:00,2026-09-22T23:23:44.611+00:00,True,346,346.0,,346.0,215756.300594,237941.155122,237941.15499,687.6911993930636,40.253351,215756.300594,11595.7034353372,110.09642099999999,64.30392616811595,26.352057236701143,1.4541410451781442,51,62,,True,True,,1623,92.534174553102
25,2026-09-22T23:19:49.526+00:00,2026-09-22T23:23:33.270+00:00,2026-09-22T23:23:58.009+00:00,True,383,383.0,,383.0,223744.268322,248483.36131399998,248483.36113499998,648.7816217624021,0.016460000000000002,223744.268322,11429.584048505232,110.1643383,64.76202353926702,46.708979457189365,1.5413506883304589,51,62,,True,True,,1714,92.534174553102
26,2026-09-22T23:19:52.202+00:00,2026-09-22T23:23:42.130+00:00,2026-09-22T23:24:12.775+00:00,True,475,475.0,,475.0,229928.028914,260573.047026,260573.047101,548.5748360021053,0.01829,229928.028914,10546.929141351397,109.8149767,64.65193694514768,39.57118398911538,1.8229053442837644,51,62,,True,True,,1993,92.534174553102
27,2026-09-22T23:19:55.503+00:00,2026-09-22T23:23:53.401+00:00,2026-09-22T23:24:12.511+00:00,True,302,302.0,,302.0,237898.03147400002,257007.88389000003,257007.88385200003,851.0194829536424,42.651536,237898.03147400002,13685.862899735484,110.10798449999999,63.487881780730895,25.028625519192232,1.1750612293639082,51,62,,True,True,,1339,92.534174553102
28,2026-09-22T23:20:00.119+00:00,2026-09-22T23:24:11.421+00:00,2026-09-22T23:24:43.805+00:00,True,508,508.0,,508.0,251302.01829100001,283685.189107,283685.18899,558.4354113976378,43.620222999999996,251302.01829100001,11146.918362239774,108.828569,63.872131786982244,25.07246567737837,1.7907173849967657,51,62,,True,True,,1913,92.534174553102
29,2026-09-22T23:20:03.210+00:00,2026-09-22T23:24:22.394+00:00,2026-09-22T23:24:58.096+00:00,True,562,562.0,,562.0,259183.755172,294885.496996,294885.496842,524.7072897544484,43.144034,259183.755172,10930.351658092663,108.51245955,63.63946849197861,25.322887513366066,1.9058244834862912,51,62,,True,True,,2873,92.534174553102
30,2026-09-22T23:20:05.847+00:00,2026-09-22T23:24:31.740+00:00,2026-09-22T23:25:00.560+00:00,True,454,454.0,,454.0,265892.768586,294713.196362,294713.196414,649.148009722467,42.954105000000006,265892.768586,12476.007207960323,109.1723655,63.62125336865343,26.05764305429479,1.5404807304330748,51,62,,True,True,,2460,92.534174553102
31,2026-09-22T23:20:08.482+00:00,2026-09-22T23:24:40.079+00:00,2026-09-22T23:25:08.565+00:00,False,458,457.0,,457.0,271597.46179000003,300083.41123,300083.41130900005,655.2039548231442,0.022600000000000002,271597.46179000003,12688.027988012003,107.26274149999999,62.332493304157545,25.03363795793382,1.5229099073714898,51,62,,True,False,Request timeout: 300.0s exceeded,688,92.534174553102
32,2026-09-22T23:20:11.628+00:00,2026-09-22T23:24:53.255+00:00,2026-09-22T23:25:11.660+00:00,False,303,302.0,,302.0,281626.59271600004,300031.66126,300031.66123500007,990.2035024257427,0.0224,281626.59271600004,16175.541683626967,104.46310119999998,60.94393557615894,24.037955716676805,1.00656043676102,51,62,,True,False,Request timeout: 300.0s exceeded,1412,92.534174553102
33,2026-09-22T23:20:14.655+00:00,2026-09-22T23:25:03.236+00:00,2026-09-22T23:25:14.703+00:00,False,215,214.0,,214.0,288581.649316,300048.074916,300048.074919,1395.572441483721,0.02308,288581.649316,19677.461452297786,100.261942,53.581428037383176,20.418774399726004,0.7132190401818455,51,62,,True,False,Request timeout: 300.0s exceeded,1022,92.534174553102
0,2026-09-22T23:18:17.296+00:00,2026-09-22T23:18:17.621+00:00,2026-09-22T23:18:32.963+00:00,True,313,313.0,,313.0,324.411502,15667.090798000001,15667.090553,50.0546024057508,0.03842,324.411502,21.562083516779403,73.9166204,49.175254153846154,14.953631596293437,19.97818255064663,52,62,,False,True,,1379,92.534174553102
1,2026-09-22T23:18:20.230+00:00,2026-09-22T23:18:20.390+00:00,2026-09-22T23:18:53.878+00:00,True,550,550.0,,550.0,159.553867,33647.984715000006,33647.984612,61.17815384,2.431385,194.18088,24.21119458676027,110.23469795000001,60.99896329326047,23.865439617908635,16.345704049099094,52,62,,False,True,,2185,92.534174553102
2,2026-09-22T23:18:24.761+00:00,2026-09-22T23:18:38.700+00:00,2026-09-22T23:19:12.457+00:00,True,527,527.0,,527.0,13938.497524,47696.18098,47696.181171000004,90.50508761100569,0.016649999999999998,13938.497524,604.9785751676255,109.64490999999998,64.17810542965779,27.046482154359364,11.04910265710754,52,62,,False,True,,2152,92.534174553102
3,2026-09-22T23:18:28.356+00:00,2026-09-22T23:18:48.881+00:00,2026-09-22T23:19:16.653+00:00,True,439,439.0,,439.0,20525.227907,48297.348995,48297.348903,110.01674009794989,0.01722,20525.227907,976.9602145995882,109.02418080000001,63.406669150684934,26.943907692846725,9.089525804934917,52,62,,False,True,,1914,92.534174553102
4,2026-09-22T23:18:30.987+00:00,2026-09-22T23:18:55.780+00:00,2026-09-22T23:19:26.579+00:00,True,489,489.0,,489.0,24792.596392,55591.562408,55591.562358,113.684176601227,0.016489999999999998,24792.596392,1118.6169270230341,109.32128639999999,63.11263527868853,26.403520338137803,8.796298913333466,52,62,,False,True,,2456,92.534174553102
5,2026-09-22T23:18:35.111+00:00,2026-09-22T23:19:11.835+00:00,2026-09-22T23:19:33.584+00:00,True,339,339.0,,339.0,36723.703659,58473.156715,58473.156822,172.48718826548674,5.804467,36723.703659,1991.2250875811574,108.39307089999998,64.3474942485207,25.450324741758145,5.79753204794974,52,62,,False,True,,1648,92.534174553102
6,2026-09-22T23:18:39.047+00:00,2026-09-22T23:19:24.541+00:00,2026-09-22T23:19:45.894+00:00,True,339,339.0,,339.0,45493.977643,66847.163435,66847.163592,197.18927313274335,2.9893229999999997,45493.977643,2467.6042583658987,110.42623099999999,63.17510589349113,26.48970781024799,5.071269782892621,52,62,,False,True,,1382,92.534174553102
7,2026-09-22T23:18:42.261+00:00,2026-09-22T23:19:36.043+00:00,2026-09-22T23:19:57.633+00:00,True,334,334.0,,334.0,53781.8055,75371.520444,75371.520446,225.6632348682635,0.01645,53781.8055,2939.4329082407635,112.1184895,64.8339788108108,31.753467018800123,4.431382013159166,52,62,,False,True,,1610,92.534174553102
8,2026-09-22T23:18:45.944+00:00,2026-09-22T23:19:48.077+00:00,2026-09-22T23:20:11.509+00:00,True,365,365.0,,365.0,62133.744244,85565.826676,85565.826683,234.42692241917808,0.0,62133.744244,3249.0156892442888,110.2612942,64.37385283516484,31.918446717433845,4.265721657573575,52,62,,False,True,,1726,92.534174553102
9,2026-09-22T23:18:48.857+00:00,2026-09-22T23:19:59.036+00:00,2026-09-22T23:20:32.931+00:00,True,523,523.0,,523.0,70178.470529,104074.016385,104074.01633,198.99429508604206,0.0,70178.470529,3065.9713704980136,111.094541,64.9339958927203,27.20607393616177,5.025269689460924,52,62,,False,True,,2510,92.534174553102
10,2026-09-22T23:18:52.430+00:00,2026-09-22T23:20:12.386+00:00,2026-09-22T23:20:39.549+00:00,True,424,424.0,,424.0,79956.284078,107119.234734,107119.234809,252.63970473820754,43.525574,79956.284078,3879.9823693695025,109.93242514999999,64.21501337115839,25.024488947960393,3.9582060220359376,52,62,,False,True,,1624,92.534174553102
11,2026-09-22T23:18:56.195+00:00,2026-09-22T23:20:24.551+00:00,2026-09-22T23:20:46.644+00:00,True,349,349.0,,349.0,88356.791396,110449.322852,110449.322988,316.47370483667623,44.218942000000006,88356.791396,4726.28949237975,107.104097,63.484285793103446,23.269831761815464,3.1598201871065648,52,62,,True,True,,1355,92.534174553102
12,2026-09-22T23:19:00.182+00:00,2026-09-22T23:20:38.883+00:00,2026-09-22T23:21:05.289+00:00,True,418,418.0,,418.0,98701.455891,125107.005459,125107.00535800001,299.2990558803828,0.01773,98701.455891,4824.670034033624,106.66070835000001,63.32266083453237,34.243708078548536,3.341139838384084,52,62,,True,True,,2247,92.534174553102
13,2026-09-22T23:19:03.853+00:00,2026-09-22T23:20:50.465+00:00,2026-09-22T23:21:18.486+00:00,True,441,441.0,,441.0,106612.287132,134632.810396,134632.810386,305.28981946938774,0.01746,106612.287132,5073.835690303107,106.46788400000001,63.68300741818182,30.69494647466252,3.275575981091622,52,62,,True,True,,1681,92.534174553102
14,2026-09-22T23:19:06.445+00:00,2026-09-22T23:20:59.604+00:00,2026-09-22T23:21:27.440+00:00,True,448,448.0,,448.0,113159.08579099999,140995.290335,140995.29057299998,314.72163074330354,0.01887,113159.08579099999,5343.42366329991,106.4979135,62.27338824161074,32.97596821672846,3.1774110960413453,52,62,,True,True,,1492,92.534174553102
15,2026-09-22T23:19:10.421+00:00,2026-09-22T23:21:13.251+00:00,2026-09-22T23:21:49.899+00:00,True,572,572.0,,572.0,122830.159353,159477.848057,159477.847954,278.807426493007,40.055901,122830.159353,5133.168005637198,111.05844955,64.18159142556918,25.776359542536245,3.5867050312564905,52,62,,True,True,,2668,92.534174553102
16,2026-09-22T23:19:13.530+00:00,2026-09-22T23:21:25.620+00:00,2026-09-22T23:22:03.882+00:00,True,584,584.0,,584.0,132089.365242,170351.30265,170351.302588,291.69743593835614,40.276711000000006,132089.365242,5463.249989599344,111.22023599999999,65.6293952109777,27.467012899982432,3.428209769548246,52,62,,True,True,,2740,92.534174553102
17,2026-09-22T23:19:17.941+00:00,2026-09-22T23:21:40.036+00:00,2026-09-22T23:22:17.445+00:00,True,586,586.0,,586.0,142094.835669,179504.68654899998,179504.68656499998,306.32199072525594,0.01887,142094.835669,5867.34554162615,110.01772849999999,63.94846304273504,34.90872826968229,3.2645387218903483,52,62,,True,True,,894,92.534174553102
18,2026-09-22T23:19:21.098+00:00,2026-09-22T23:21:52.225+00:00,2026-09-22T23:22:14.563+00:00,True,355,355.0,,355.0,151126.965517,173464.952589,173464.952704,488.6336695887324,43.365453,151126.965517,8017.677557213429,108.02958999999998,63.10165839548022,25.406251184356243,2.046522912562752,52,62,,True,True,,2009,92.534174553102
19,2026-09-22T23:19:24.744+00:00,2026-09-22T23:22:03.473+00:00,2026-09-22T23:22:27.330+00:00,True,384,384.0,,384.0,158729.202619,182586.78469899998,182586.784522,475.48641802604163,0.01599,158729.202619,8097.023330417674,108.31643885,62.29133702349869,37.458568624990605,2.1031094919220794,52,62,,True,True,,1712,92.534174553102
20,2026-09-22T23:19:28.191+00:00,2026-09-22T23:22:17.078+00:00,2026-09-22T23:22:43.155+00:00,True,401,401.0,,401.0,168886.505537,194963.584065,194963.58388,486.19347600997503,38.821854,168886.505537,8430.57358739383,110.748905,65.19269632,25.850937638092187,2.0567943594343667,52,62,,True,True,,2068,92.534174553102
21,2026-09-22T23:19:32.656+00:00,2026-09-22T23:22:32.136+00:00,2026-09-22T23:22:57.593+00:00,True,397,397.0,,397.0,179480.536477,204937.166493,204937.16641499999,516.2145249748111,43.845383,179480.536477,9004.678398256981,109.01793679999999,64.28441923232323,25.07676268567563,1.9371791207699762,52,62,,True,True,,1976,92.534174553102
22,2026-09-22T23:19:35.823+00:00,2026-09-22T23:22:42.351+00:00,2026-09-22T23:23:08.031+00:00,True,396,396.0,,396.0,186528.266509,212208.501517,212208.501563,535.8800544520202,44.008712,186528.266509,9370.17046281147,113.07713725000002,65.01325318481013,27.21736566419676,1.866089233791967,52,62,,True,True,,1725,92.534174553102
23,2026-09-22T23:19:39.860+00:00,2026-09-22T23:22:57.914+00:00,2026-09-22T23:23:23.740+00:00,True,399,399.0,,399.0,198053.49191100002,223880.15507900002,223880.15527200003,561.1031460451128,44.023762000000005,198053.49191100002,9911.864555247226,110.76098979999999,64.8911134874372,27.108649544750325,1.782203518034932,52,62,,True,True,,1867,92.534174553102
24,2026-09-22T23:19:43.947+00:00,2026-09-22T23:23:12.311+00:00,2026-09-22T23:23:50.099+00:00,True,586,586.0,,586.0,208363.891843,246151.950723,246151.950687,420.0545233566553,0.01832,208363.891843,8604.847700194417,109.26432375,64.59497244444445,37.83989198975257,2.3806433314007664,52,62,,True,True,,3100,92.534174553102
25,2026-09-22T23:19:46.592+00:00,2026-09-22T23:23:22.428+00:00,2026-09-22T23:23:48.314+00:00,True,402,402.0,,402.0,215835.440778,241721.458826,241721.458822,601.2971612487562,0.0178,215835.440778,10761.755927913731,110.55806605000002,64.55366096758105,42.11725633817467,1.6630712140843666,52,62,,True,True,,1619,92.534174553102
26,2026-09-22T23:19:49.119+00:00,2026-09-22T23:23:32.751+00:00,2026-09-22T23:24:05.675+00:00,True,508,508.0,,508.0,223631.84744100002,256555.28219300002,256555.28203800003,505.03008275196856,0.017959,223631.84744100002,9919.253898543022,111.25205799999999,64.93774112820513,38.93618656914125,1.9800800656204944,52,62,,True,True,,2122,92.534174553102
27,2026-09-22T23:19:53.368+00:00,2026-09-22T23:23:46.305+00:00,2026-09-22T23:24:14.723+00:00,True,444,444.0,,444.0,232937.361554,261355.077522,261355.077649,588.6375622725225,0.02219,232937.361554,11051.706909385337,110.94522850000001,64.1483430428894,27.15817938681298,1.698838240334648,52,62,,True,True,,1508,92.534174553102
28,2026-09-22T23:19:57.559+00:00,2026-09-22T23:24:01.701+00:00,2026-09-22T23:24:37.161+00:00,True,552,552.0,,552.0,244141.686373,279601.72144500003,279601.721375,506.5248575634058,41.247918,244141.686373,10388.651399362128,109.735949,64.35578052994555,25.120091709695387,1.9742367720314018,52,62,,True,True,,2629,92.534174553102
29,2026-09-22T23:20:01.226+00:00,2026-09-22T23:24:13.287+00:00,2026-09-22T23:24:49.308+00:00,True,571,571.0,,571.0,252060.74305000002,288081.885322,288081.88527900004,504.52169050612963,40.987119,252060.74305000002,10545.798721817859,110.19869599999998,63.19498644210526,24.98876871451239,1.9820753372318838,52,62,,True,True,,3860,92.534174553102
30,2026-09-22T23:20:04.263+00:00,2026-09-22T23:24:25.298+00:00,2026-09-22T23:24:53.771+00:00,True,447,447.0,,447.0,261034.587396,289507.668228,289507.668242,647.6681616152125,43.297124000000004,261034.587396,12343.519190845233,109.813214,63.84098841255605,25.57980099917698,1.5440005535465398,52,62,,True,True,,2018,92.534174553102
31,2026-09-22T23:20:07.479+00:00,2026-09-22T23:24:36.349+00:00,2026-09-22T23:25:00.209+00:00,True,381,381.0,,381.0,268870.068436,292729.937108,292729.937053,768.3200447585301,40.60219,268870.068436,13771.43761686773,108.977909,62.78912808421053,25.485813432549087,1.3015409485072023,52,62,,True,True,,1647,92.534174553102
32,2026-09-22T23:20:10.365+00:00,2026-09-22T23:24:48.637+00:00,2026-09-22T23:25:08.611+00:00,True,318,318.0,,318.0,278272.168761,298246.246201,298246.246216,937.881277408805,37.117227,278272.168761,15601.21588420157,106.742976,63.0097080126183,25.603634167468687,1.066233034113989,52,62,,True,True,,1608,92.534174553102
33,2026-09-22T23:20:14.366+00:00,2026-09-22T23:25:01.108+00:00,2026-09-22T23:25:14.410+00:00,False,244,243.0,,243.0,286742.130246,300043.89639,300043.896238,1229.6880993360655,0.044429,286742.130246,18353.292420993963,100.4821545,54.739778370370374,21.826568127640204,0.8098814970865004,52,62,,True,False,Request timeout: 300.0s exceeded,1152,92.534174553102
0,2026-09-22T23:18:17.298+00:00,2026-09-22T23:18:17.666+00:00,2026-09-22T23:18:49.181+00:00,True,551,551.0,,551.0,367.996886,31882.910166,31882.910199,57.863720869328496,0.0325,367.996886,26.42188276426962,110.80013499999997,57.29984232727273,22.888271855624897,17.281985776429764,53,62,,False,True,,2367,92.534174553102
1,2026-09-22T23:18:19.835+00:00,2026-09-22T23:18:19.953+00:00,2026-09-22T23:18:48.881+00:00,True,486,486.0,,486.0,118.060028,29046.138876,29046.138707000002,59.76571750411523,2.595094,194.30121,23.174423253612073,111.60371749999999,59.64552339793815,23.046217902873114,16.732000148961898,53,62,,False,True,,2309,92.534174553102
2,2026-09-22T23:18:23.331+00:00,2026-09-22T23:18:23.525+00:00,2026-09-22T23:18:53.676+00:00,True,497,497.0,,497.0,194.298121,30344.976393,30344.976482000002,61.0562907082495,39.179803,194.298121,24.13058680139025,111.1094428,60.78765780645161,23.399227468396376,16.378328773874028,53,62,,False,True,,1466,92.534174553102
3,2026-09-22T23:18:27.355+00:00,2026-09-22T23:18:45.245+00:00,2026-09-22T23:19:05.976+00:00,True,335,335.0,,335.0,17889.94195,38621.142462,38621.142505,115.28699255223881,4.41305,17889.94195,974.3434371327778,106.966227,62.069462610778444,24.322188503865103,8.67400544480558,53,62,,False,True,,1541,92.534174553102
4,2026-09-22T23:18:30.435+00:00,2026-09-22T23:18:52.051+00:00,2026-09-22T23:19:27.291+00:00,True,565,565.0,,565.0,21615.767373,56855.269197,56855.26915,100.62879495575221,0.017,21615.767373,907.1045369309448,107.80578699999998,62.481386212765955,25.25390343584976,9.93751340869234,53,62,,False,True,,1095,92.534174553102
5,2026-09-22T23:18:34.991+00:00,2026-09-22T23:19:11.115+00:00,2026-09-22T23:19:30.824+00:00,True,311,311.0,,311.0,36123.751928000005,55832.593400000005,55832.593607,179.5260244598071,6.3502659999999995,36123.751928000005,2044.9287737279328,107.9156005,63.57690797419355,24.293694554152637,5.570223073320466,53,62,,False,True,,1027,92.534174553102
6,2026-09-22T23:18:39.027+00:00,2026-09-22T23:19:24.385+00:00,2026-09-22T23:19:57.010+00:00,True,508,508.0,,508.0,45358.204323,77982.677667,77982.677706,153.50920808267716,0.01667,45358.204323,2009.8104807366342,110.69499635,64.34807365680473,29.8046736532631,6.514267209049311,53,62,,False,True,,1999,92.534174553102
7,2026-09-22T23:18:43.570+00:00,2026-09-22T23:19:42.111+00:00,2026-09-22T23:20:19.557+00:00,True,572,572.0,,572.0,58540.297456,95986.76043200001,95986.760578,167.80902198951048,0.0,58540.297456,2445.1505200381275,112.51050404999998,65.58049557968477,31.283334499873284,5.95915517333479,53,62,,False,True,,2091,92.534174553102
8,2026-09-22T23:18:47.142+00:00,2026-09-22T23:19:53.099+00:00,2026-09-22T23:20:16.268+00:00,True,359,359.0,,359.0,65956.384614,89126.142566,89126.142553,248.26223552367688,0.0,65956.384614,3477.781724087178,112.91925289999999,64.71999427932961,32.63263156948881,4.027998852684016,53,62,,False,True,,1550,92.534174553102
9,2026-09-22T23:18:49.878+00:00,2026-09-22T23:20:03.478+00:00,2026-09-22T23:20:36.604+00:00,True,513,513.0,,513.0,73600.184485,106726.28035700001,106726.28047900001,208.04343173294347,0.0,73600.184485,3246.783308144761,109.7182832,64.699406,27.033868582283112,4.8066886457956945,53,62,,False,True,,2979,92.534174553102
10,2026-09-22T23:18:54.163+00:00,2026-09-22T23:20:19.253+00:00,2026-09-22T23:20:39.043+00:00,True,309,309.0,,309.0,85090.270235,104880.41141900001,104880.411414,339.4188071650486,39.044803,85090.270235,4837.023087541011,107.610976,64.25370514285714,24.531396497206654,2.946212699009511,53,62,,False,True,,1649,92.534174553102
11,2026-09-22T23:18:57.110+00:00,2026-09-22T23:20:29.466+00:00,2026-09-22T23:21:03.919+00:00,True,544,544.0,,544.0,92355.938655,126808.994143,126808.99426,233.10476886029412,0.01821,92355.938655,3957.137964720856,106.58136200000001,63.44945762062615,32.12183445624722,4.289916529000632,53,62,,True,True,,2485,92.534174553102
12,2026-09-22T23:19:00.474+00:00,2026-09-22T23:20:39.246+00:00,2026-09-22T23:21:08.783+00:00,True,471,471.0,,471.0,98772.109295,128308.955887,128308.956121,272.41816586199576,0.01768,98772.109295,4548.404186796269,107.103123,62.84435445106383,33.25918431545038,3.670827158899208,53,62,,True,True,,2410,92.534174553102
13,2026-09-22T23:19:03.581+00:00,2026-09-22T23:20:49.645+00:00,2026-09-22T23:21:23.526+00:00,True,538,538.0,,538.0,106064.120074,139944.905482,139944.905508,260.1206422081784,0.01713,106064.120074,4570.123974260783,106.23189384999999,63.092710256983246,29.52224119315765,3.8443700265258935,53,62,,True,True,,2793,92.534174553102
14,2026-09-22T23:19:08.034+00:00,2026-09-22T23:21:04.576+00:00,2026-09-22T23:21:29.279+00:00,True,397,397.0,,397.0,116541.80636399999,141245.426716,141245.42674999998,355.7819313602015,40.887159,116541.80636399999,5845.982461106747,106.85680519999998,62.38287967676768,23.663662833245304,2.810710472051189,53,62,,True,True,,2353,92.534174553102
15,2026-09-22T23:19:12.000+00:00,2026-09-22T23:21:18.719+00:00,2026-09-22T23:21:43.403+00:00,True,387,387.0,,387.0,126718.34917100001,151403.30277100002,151403.302887,391.223004875969,43.663243,126718.34917100001,6438.253584544914,109.62756999999999,63.95065699481865,25.070195533987466,2.5560869077297728,53,62,,True,True,,1638,92.534174553102
16,2026-09-22T23:19:16.295+00:00,2026-09-22T23:21:34.329+00:00,2026-09-22T23:22:03.114+00:00,True,443,443.0,,443.0,138033.799577,166818.943641,166818.943685,376.56646430022573,44.325961,138033.799577,6555.144697502575,111.43989690000001,65.12476032579185,26.916126011073768,2.6555737036277542,53,62,,True,True,,1757,92.534174553102
17,2026-09-22T23:19:18.819+00:00,2026-09-22T23:21:42.990+00:00,2026-09-22T23:22:14.823+00:00,True,503,503.0,,503.0,144170.56600299999,176003.20267499998,176003.20278499997,349.9069637872763,42.891535000000005,144170.56600299999,6425.470872400005,109.97547709999999,63.41162683665339,25.485440993187506,2.8579025401533085,53,62,,True,True,,2409,92.534174553102
18,2026-09-22T23:19:22.817+00:00,2026-09-22T23:21:57.425+00:00,2026-09-22T23:22:30.551+00:00,True,521,521.0,,521.0,154608.730938,187734.04882599998,187734.048939,360.33406706142034,0.01805,154608.730938,6770.830230042093,110.851335,63.7025344,34.867394247423036,2.7752024912800195,53,62,,True,True,,2660,92.534174553102
19,2026-09-22T23:19:26.519+00:00,2026-09-22T23:22:07.935+00:00,2026-09-22T23:22:35.095+00:00,True,435,435.0,,435.0,161415.95330300002,188576.081559,188576.08166800003,433.50823371954027,0.01647,161415.95330300002,7736.388147865098,110.781699,62.58094068202765,36.538451009392375,2.3067612626360625,53,62,,True,True,,1866,92.534174553102
20,2026-09-22T23:19:29.618+00:00,2026-09-22T23:22:21.320+00:00,2026-09-22T23:22:43.354+00:00,True,336,336.0,,336.0,171702.04031600003,193736.13823600003,193736.13821700003,576.5956494553573,42.901535,171702.04031600003,9363.562389475825,111.20299625,65.77342662686567,26.139655410482337,1.7343176294280265,53,62,,True,True,,1238,92.534174553102
21,2026-09-22T23:19:32.417+00:00,2026-09-22T23:22:31.166+00:00,2026-09-22T23:23:09.266+00:00,True,589,589.0,,589.0,178748.985446,216848.536422,216848.536213,368.1638984940577,41.544768,178748.985446,7362.600266922999,110.964042,64.79515472108844,26.18113303577064,2.7161815787115637,53,62,,True,True,,3305,92.534174553102
22,2026-09-22T23:19:36.189+00:00,2026-09-22T23:22:43.152+00:00,2026-09-22T23:23:11.301+00:00,True,435,435.0,,435.0,186962.847778,215112.472354,215112.472206,494.51143035862066,42.884495,186962.847778,8961.11282494806,111.73770699999999,64.86088611981567,26.88639855228046,2.022197947147118,53,62,,True,True,,1662,92.534174553102
23,2026-09-22T23:19:39.198+00:00,2026-09-22T23:22:56.610+00:00,2026-09-22T23:23:21.927+00:00,True,391,391.0,,391.0,197411.93516999998,222729.37568199998,222729.37567999997,569.6403470076726,38.903273999999996,197411.93516999998,9980.304641098945,110.40788049999999,64.91651413333334,27.183825621746028,1.755493628995966,53,62,,True,True,,1399,92.534174553102
24,2026-09-22T23:19:42.115+00:00,2026-09-22T23:23:06.375+00:00,2026-09-22T23:23:39.536+00:00,True,515,515.0,,515.0,204260.578983,237421.41687100002,237421.4169,461.01246000000003,41.767936999999996,204260.578983,8997.993039367653,109.534591,64.51524880933853,26.651894482751192,2.169138769312538,53,62,,True,True,,3238,92.534174553102
25,2026-09-22T23:19:46.305+00:00,2026-09-22T23:23:19.867+00:00,2026-09-22T23:23:42.803+00:00,True,359,359.0,,359.0,213562.430969,236498.30143300002,236498.30153300002,658.7696421532033,43.082955,213562.430969,11268.043595414038,111.46666300000001,64.06667727374303,26.42417843699135,1.5179813039871015,53,62,,True,True,,1492,92.534174553102
26,2026-09-22T23:19:48.946+00:00,2026-09-22T23:23:31.098+00:00,2026-09-22T23:24:09.503+00:00,True,595,595.0,,595.0,222152.033036,260556.88654,260556.88667900002,437.91073391428574,0.018940000000000002,222152.033036,9104.783680801367,111.15759700000001,64.65463552861952,40.25283646410308,2.283570424490228,53,62,,True,True,,2560,92.534174553102
27,2026-09-22T23:19:53.173+00:00,2026-09-22T23:23:45.027+00:00,2026-09-22T23:24:16.700+00:00,True,490,490.0,,490.0,231853.987692,263527.010156,263527.010212,537.8102249224489,0.01705,231853.987692,10471.242121150279,109.79497005000002,64.77100708384458,39.050491983940994,1.8593919450986633,53,62,,True,True,,2089,92.534174553102
28,2026-09-22T23:19:56.792+00:00,2026-09-22T23:23:58.330+00:00,2026-09-22T23:24:22.445+00:00,True,379,379.0,,379.0,241538.469675,265653.543723,265653.543603,700.9328327255937,40.569559999999996,241538.469675,12403.745780324352,108.72658100000001,63.796492190476194,24.926810437516004,1.4266702212532414,53,62,,True,True,,1608,92.534174553102
29,2026-09-22T23:20:01.148+00:00,2026-09-22T23:24:12.978+00:00,2026-09-22T23:24:41.693+00:00,True,453,453.0,,453.0,251829.69450299998,280544.80336699996,280544.8035,619.304201986755,42.983815,251829.69450299998,11829.033013919296,110.15933000000001,63.52900191150442,25.149833463560533,1.6147153487188268,53,62,,True,True,,2130,92.534174553102
30,2026-09-22T23:20:05.059+00:00,2026-09-22T23:24:28.093+00:00,2026-09-22T23:24:59.864+00:00,True,501,501.0,,501.0,263033.650352,294804.471472,294804.47134100005,588.4320785249502,39.157744,263033.650352,11748.66563903009,110.09687600000001,63.54164224,25.50371035206288,1.6994314824956245,53,62,,True,True,,1588,92.534174553102
31,2026-09-22T23:20:09.413+00:00,2026-09-22T23:24:43.955+00:00,2026-09-22T23:25:09.043+00:00,True,400,400.0,,400.0,274541.611247,299630.066671,299630.06668499997,749.0751667124999,40.109902000000005,274541.611247,13723.959691755279,106.17440495,62.878334395989974,25.182483347705677,1.3349795113826421,53,62,,True,True,,607,92.534174553102
32,2026-09-22T23:20:12.128+00:00,2026-09-22T23:24:54.028+00:00,2026-09-22T23:25:12.156+00:00,False,304,303.0,,303.0,281899.555372,300028.400172,300028.40015299997,986.9355268190789,0.02531,281899.555372,16164.633109184751,104.08051065000001,59.831170957095715,23.006997091758688,1.0099043951382485,53,62,,True,False,Request timeout: 300.0s exceeded,1274,92.534174553102
33,2026-09-22T23:20:15.959+00:00,2026-09-22T23:25:06.784+00:00,2026-09-22T23:25:16.104+00:00,False,189,188.0,,188.0,290825.61815,300145.353446,300145.353574,1588.070653830688,0.0193,290825.61815,21150.865132492974,102.8037464,49.57306008510638,29.23883257989032,0.6263631865079784,53,62,,True,False,Request timeout: 300.0s exceeded,896,92.534174553102
0,2026-09-22T23:18:17.300+00:00,2026-09-22T23:18:17.621+00:00,2026-09-22T23:18:50.609+00:00,True,571,571.0,,571.0,321.35010800000003,33309.178587999995,33309.178453,58.334813402802105,33.081047,321.35010800000003,25.220233123918437,109.548558,57.873383298245614,22.702161989913257,17.142422125224943,54,62,,False,True,,2161,92.534174553102
1,2026-09-22T23:18:20.657+00:00,2026-09-22T23:18:20.786+00:00,2026-09-22T23:18:38.377+00:00,True,317,317.0,,317.0,129.148424,17719.937031999998,17719.936885,55.89885452681388,0.037429000000000004,199.39840900000002,19.943442796333727,109.2405948,55.66705255696203,19.54267819049901,17.889454089342276,54,62,,False,True,,1492,92.534174553102
2,2026-09-22T23:18:25.963+00:00,2026-09-22T23:18:41.494+00:00,2026-09-22T23:19:16.317+00:00,True,547,547.0,,547.0,15531.026789000001,50354.315877,50354.315748,92.0554218427788,0.016390000000000002,15531.026789000001,661.8595463300954,109.556546,63.778917743589744,26.450679997751713,10.863021182457361,54,62,,False,True,,2592,92.534174553102
3,2026-09-22T23:18:30.743+00:00,2026-09-22T23:18:53.183+00:00,2026-09-22T23:19:12.040+00:00,True,313,313.0,,313.0,22439.917668000002,41296.61962,41296.619425000004,131.93808123003197,0.01776,22439.917668000002,1265.2173508984965,108.3028664,60.43814728205128,25.41048565057761,7.579312856116044,54,62,,False,True,,1659,92.534174553102
4,2026-09-22T23:18:33.715+00:00,2026-09-22T23:19:07.670+00:00,2026-09-22T23:19:44.656+00:00,True,572,572.0,,572.0,33954.487187,70940.681363,70940.681308,124.02217011888112,2.270655,33954.487187,1417.239008105981,110.07170155,64.7744206234676,26.045695679415577,8.063074515356062,54,62,,False,True,,2332,92.534174553102
5,2026-09-22T23:18:37.166+00:00,2026-09-22T23:19:16.910+00:00,2026-09-22T23:19:54.184+00:00,True,579,579.0,,579.0,39743.971707000004,77018.327931,77018.327949,133.0195646787565,6.862625,39743.971707000004,1649.2389286259142,110.269917,64.48850557785467,26.707124208498485,7.517691120465776,54,62,,False,True,,883,92.534174553102
6,2026-09-22T23:18:41.899+00:00,2026-09-22T23:19:34.040+00:00,2026-09-22T23:19:58.931+00:00,True,382,382.0,,382.0,52141.671808,77032.461184,77032.461319,201.65565790314136,0.01704,52141.671808,2664.648481002052,111.96646654999999,65.33015584251969,31.9500152233113,4.958948398228554,54,62,,False,True,,1778,92.534174553102
7,2026-09-22T23:18:47.164+00:00,2026-09-22T23:19:53.610+00:00,2026-09-22T23:20:23.168+00:00,True,454,454.0,,454.0,66446.815868,96004.62962800001,96004.629709,211.4639420903084,0.0,66446.815868,3115.6004710618317,113.09987735,65.2490369977925,31.527880881804133,4.7289386122228185,54,62,,False,True,,2119,92.534174553102
8,2026-09-22T23:18:51.854+00:00,2026-09-22T23:20:09.485+00:00,2026-09-22T23:20:39.705+00:00,True,472,472.0,,472.0,77630.766774,107850.553014,107850.55287,228.49693404661016,41.794047,77630.766774,3570.3791818026816,109.62627499999999,64.16090496815286,24.915826697549097,4.376426330783209,54,62,,False,True,,2084,92.534174553102
9,2026-09-22T23:18:56.464+00:00,2026-09-22T23:20:25.774+00:00,2026-09-22T23:20:45.591+00:00,True,314,314.0,,314.0,89309.866016,109126.961696,109126.961484,347.5380938980892,43.923822,89309.866016,5036.526824387149,106.53818650000001,63.313404728434506,23.030659632524525,2.877382409625994,54,62,,True,True,,1527,92.534174553102
10,2026-09-22T23:19:01.808+00:00,2026-09-22T23:20:45.135+00:00,2026-09-22T23:21:19.767+00:00,True,545,545.0,,545.0,103326.805073,137959.223377,137959.223383,253.13618969357796,0.01671,103326.805073,4423.425843932999,106.6493622,63.66253364705882,32.4496801614476,3.950442650076995,54,62,,True,True,,2664,92.534174553102
11,2026-09-22T23:19:05.423+00:00,2026-09-22T23:20:56.568+00:00,2026-09-22T23:21:22.152+00:00,True,409,409.0,,409.0,111145.617508,136729.536356,136729.53646499998,334.30204514669924,0.017329999999999998,111145.617508,5492.801912993238,105.6785224,62.705683450980395,34.07392500705695,2.991306859514939,54,62,,True,True,,2100,92.534174553102
12,2026-09-22T23:19:09.666+00:00,2026-09-22T23:21:11.451+00:00,2026-09-22T23:21:35.306+00:00,True,376,376.0,,376.0,121785.283847,145640.472327,145640.472432,387.341682,40.810909,121785.283847,6277.366184797059,109.77696,63.61383594666667,25.177210402577188,2.5816999491445216,54,62,,True,True,,729,92.534174553102
13,2026-09-22T23:19:15.032+00:00,2026-09-22T23:21:31.008+00:00,2026-09-22T23:22:03.060+00:00,True,487,487.0,,487.0,135976.15688999998,168027.90549799998,168027.90557899998,345.02650016221764,39.879041,135976.15688999998,6158.740044072913,111.21691430000001,65.95010001646091,27.372260895250964,2.8983280994703393,54,62,,True,True,,1446,92.534174553102
14,2026-09-22T23:19:20.381+00:00,2026-09-22T23:21:50.528+00:00,2026-09-22T23:22:23.341+00:00,True,517,517.0,,517.0,150147.13445399998,182960.64613399998,182960.646307,353.88906442359763,0.01604,150147.13445399998,6600.757029731241,110.51391360000001,63.5920768992248,34.57605784412676,2.825744283944813,54,62,,True,True,,1951,92.534174553102
15,2026-09-22T23:19:24.804+00:00,2026-09-22T23:22:04.080+00:00,2026-09-22T23:22:23.914+00:00,True,321,321.0,,321.0,159276.54651800002,179109.932502,179109.93240800002,557.9748673146418,0.018850000000000002,159276.54651800002,8886.568815152625,110.05633600000002,61.979331200000004,37.34983035553879,1.7921954160549727,54,62,,True,True,,502,92.534174553102
16,2026-09-22T23:19:28.277+00:00,2026-09-22T23:22:17.235+00:00,2026-09-22T23:22:46.088+00:00,True,449,449.0,,449.0,168957.497549,197810.68897299998,197810.688918,440.5583272115813,43.342383999999996,168957.497549,7970.597926839199,110.57005699999998,64.40444514285714,25.30007293187251,2.2698470053925446,54,62,,True,True,,2286,92.534174553102
17,2026-09-22T23:19:31.715+00:00,2026-09-22T23:22:29.231+00:00,2026-09-22T23:23:04.342+00:00,True,544,544.0,,544.0,177516.27277399998,212626.505094,212626.50505799998,390.8575460625,43.204485,177516.27277399998,7608.218172125121,110.36006015000001,64.65972802946592,25.611894451251366,2.558476892424598,54,62,,True,True,,1923,92.534174553102
18,2026-09-22T23:19:36.967+00:00,2026-09-22T23:22:46.770+00:00,2026-09-22T23:23:19.717+00:00,True,508,508.0,,508.0,189803.255041,222750.579457,222750.579444,438.48539260629923,39.806852,189803.255041,8418.316748843594,110.446754,64.9848607810651,26.710788814066373,2.2805776812718226,54,62,,True,True,,2604,92.534174553102
19,2026-09-22T23:19:40.093+00:00,2026-09-22T23:22:59.247+00:00,2026-09-22T23:23:32.641+00:00,True,522,522.0,,522.0,199153.587315,232547.952243,232547.95225700003,445.4941614118774,38.938703000000004,199153.587315,8713.951054015579,109.81972449999999,64.09666972744722,26.683154450999798,2.2446983298074294,54,62,,True,True,,1160,92.534174553102
20,2026-09-22T23:19:43.619+00:00,2026-09-22T23:23:10.790+00:00,2026-09-22T23:23:33.782+00:00,True,362,362.0,,362.0,207170.681343,230162.322175,230162.322276,635.8075200994475,38.276146,207170.681343,10885.332797292534,109.00912494999999,63.68875576731302,25.98755930863575,1.5728030399552515,54,62,,True,True,,1981,92.534174553102
21,2026-09-22T23:19:48.457+00:00,2026-09-22T23:23:28.937+00:00,2026-09-22T23:24:04.420+00:00,True,550,550.0,,550.0,220479.837666,255962.988514,255962.988439,465.38725170727275,0.016329999999999997,220479.837666,9398.631207231789,110.15514899999998,64.63233305646631,42.35711157889269,2.148748157665449,54,62,,True,True,,2347,92.534174553102
22,2026-09-22T23:19:52.144+00:00,2026-09-22T23:23:41.921+00:00,2026-09-22T23:24:05.204+00:00,True,363,363.0,,363.0,229776.12931,253059.184158,253059.184136,697.1327386666667,0.01595,229776.12931,12056.82245865516,109.633842,64.3178310718232,43.75292922492217,1.4344470492458292,54,62,,True,True,,1663,92.534174553102
23,2026-09-22T23:19:57.229+00:00,2026-09-22T23:23:59.411+00:00,2026-09-22T23:24:25.451+00:00,True,410,410.0,,410.0,242181.99322099998,268222.343941,268222.34399799997,654.2008390195122,44.185241999999995,242181.99322099998,11957.396988691768,108.7875535,63.66833916870416,24.588717763782736,1.528582570623521,54,62,,True,True,,1786,92.534174553102
24,2026-09-22T23:20:00.481+00:00,2026-09-22T23:24:11.735+00:00,2026-09-22T23:24:44.918+00:00,True,521,521.0,,521.0,251253.946228,284437.386868,284437.386655,545.9450799520154,38.955494,251253.946228,11004.86813591017,108.756229,63.81430892307692,25.136112205876035,1.8316860724141817,54,62,,True,True,,2495,92.534174553102
25,2026-09-22T23:20:05.859+00:00,2026-09-22T23:24:31.845+00:00,2026-09-22T23:25:01.002+00:00,True,460,460.0,,460.0,265985.336352,295142.758944,295142.758825,641.6146930978261,40.183531,265985.336352,12398.694595172332,106.99421400000001,63.523796496732025,25.494417015679907,1.5585677983286719,54,62,,True,True,,1441,92.534174553102
26,2026-09-22T23:20:08.846+00:00,2026-09-22T23:24:42.467+00:00,2026-09-22T23:25:05.385+00:00,True,366,366.0,,366.0,273621.340313,296538.91343300004,296538.91338600003,810.2156103442624,37.510647,273621.340313,14299.15716906802,107.81448375,62.78787156164384,25.440279441828306,1.2342393642805802,54,62,,True,True,,1509,92.534174553102
27,2026-09-22T23:20:14.093+00:00,2026-09-22T23:25:00.213+00:00,2026-09-22T23:25:14.119+00:00,False,251,250.0,,250.0,286120.313861,300025.416453,300025.416539,1195.32038461753,0.04186,286120.313861,18056.25600942318,102.0194145,55.620410368,21.430216430850447,0.8332627380559385,54,62,,True,False,Request timeout: 300.0s exceeded,1197,92.534174553102
28,2026-09-22T23:20:17.131+00:00,2026-09-22T23:25:09.294+00:00,2026-09-22T23:25:17.720+00:00,False,183,182.0,,182.0,292163.468389,300589.534309,300589.534291,1642.5657611530055,0.019280000000000002,292163.468389,21594.01692076585,114.43609640000001,46.297065494505496,63.9780293061688,0.6054768354406767,54,62,,True,False,Request timeout: 300.0s exceeded,899,92.534174553102
0,2026-09-22T23:18:17.302+00:00,2026-09-22T23:18:17.622+00:00,2026-09-22T23:18:34.013+00:00,True,329,329.0,,329.0,319.844922,16711.658042,16711.657871,50.79531267781155,0.04952,319.844922,21.679062524702545,76.10158380000001,49.97504,15.791618633669898,19.686855677225566,55,62,,False,True,,1629,92.534174553102
1,2026-09-22T23:18:21.349+00:00,2026-09-22T23:18:21.548+00:00,2026-09-22T23:18:40.726+00:00,True,337,337.0,,337.0,198.77367900000002,19377.263279000003,19377.263256,57.49929749554896,41.333388,198.77367900000002,20.918975018892148,109.989593,57.0788380952381,19.47190022875283,17.391516807495815,55,62,,False,True,,1452,92.534174553102
2,2026-09-22T23:18:25.521+00:00,2026-09-22T23:18:39.722+00:00,2026-09-22T23:19:01.237+00:00,True,335,335.0,,335.0,14201.490661,35716.245733,35716.245743,106.61565893432835,40.963779,14201.490661,772.8024501494349,107.450661,64.41543434730539,25.254445940844693,9.379485248934689,55,62,,False,True,,1600,92.534174553102
3,2026-09-22T23:18:29.499+00:00,2026-09-22T23:18:50.812+00:00,2026-09-22T23:19:15.227+00:00,True,394,394.0,,394.0,21313.386791,45727.674151,45727.674128,116.06008661928934,0.0165,21313.386791,1070.9379139325551,108.60957515,62.12286860050891,25.99381564024496,8.616226548040684,55,62,,False,True,,2117,92.534174553102
4,2026-09-22T23:18:32.998+00:00,2026-09-22T23:19:05.872+00:00,2026-09-22T23:19:41.067+00:00,True,547,547.0,,547.0,32873.915277,68069.280653,68069.280493,124.44109779341865,0.01716,32873.915277,1403.0963593911335,109.5791317,64.46037614652015,27.31242506391067,8.03593037494355,55,62,,False,True,,2432,92.534174553102
5,2026-09-22T23:18:38.701+00:00,2026-09-22T23:19:23.109+00:00,2026-09-22T23:19:56.436+00:00,True,519,519.0,,519.0,44407.702688,77734.85404800001,77734.853905,149.77813854527938,0.01662,44407.702688,1946.6916541013152,111.158413,64.33813003861005,30.210928692005375,6.676541769532698,55,62,,False,True,,2744,92.534174553102
6,2026-09-22T23:18:44.595+00:00,2026-09-22T23:19:44.904+00:00,2026-09-22T23:20:07.485+00:00,True,343,343.0,,343.0,60308.456255000005,82889.757247,82889.757386,241.66110025072888,0.0,60308.456255000005,3252.961555828861,112.264114,66.02719588304093,33.90051201653542,4.138026354425282,55,62,,False,True,,1417,92.534174553102
7,2026-09-22T23:18:50.650+00:00,2026-09-22T23:20:05.952+00:00,2026-09-22T23:20:28.237+00:00,True,349,349.0,,349.0,75302.529517,97587.28113300001,97587.281066,279.61971652149,0.0,75302.529517,4027.518853647677,111.244728,64.03664257471264,27.653679862238413,3.5762857203117893,55,62,,False,True,,1668,92.534174553102
8,2026-09-22T23:18:55.637+00:00,2026-09-22T23:20:22.863+00:00,2026-09-22T23:20:55.754+00:00,True,520,520.0,,520.0,87226.102359,120116.48648699999,120116.486423,230.99324312115385,41.162798,87226.102359,3822.4158601009544,107.65761049999999,63.372609109826584,24.333410041177096,4.329130956192918,55,62,,True,True,,2464,92.534174553102
9,2026-09-22T23:19:01.225+00:00,2026-09-22T23:20:41.469+00:00,2026-09-22T23:21:14.261+00:00,True,521,521.0,,521.0,100244.259975,133036.207751,133036.207707,255.3478074990403,0.01729,100244.259975,4389.118534581269,106.448265,63.06143803076923,29.73629181416204,3.9162270843975087,55,62,,True,True,,2715,92.534174553102
10,2026-09-22T23:19:07.212+00:00,2026-09-22T23:21:02.435+00:00,2026-09-22T23:21:24.852+00:00,True,358,358.0,,358.0,115223.147183,137639.690671,137639.69084999998,384.46841019553074,40.253589999999996,115223.147183,6086.461318167525,105.38078900000001,62.79143834173669,24.052914255668412,2.6009939302735505,55,62,,True,True,,1387,92.534174553102
11,2026-09-22T23:19:11.574+00:00,2026-09-22T23:21:17.682+00:00,2026-09-22T23:21:46.195+00:00,True,446,446.0,,446.0,126107.983689,154620.404553,154620.404665,346.6825216704036,42.637455,126107.983689,5968.408448351791,111.07552675000001,64.0728558741573,25.950623591198873,2.8844834631584626,55,62,,True,True,,1790,92.534174553102
12,2026-09-22T23:19:16.523+00:00,2026-09-22T23:21:36.143+00:00,2026-09-22T23:22:12.951+00:00,True,574,574.0,,574.0,139619.941086,176427.472862,176427.472845,307.36493527003483,43.821752999999994,139619.941086,5825.000647865401,109.86982280000001,64.23653015008726,26.035598222647376,3.253461553853224,55,62,,True,True,,2601,92.534174553102
13,2026-09-22T23:19:20.497+00:00,2026-09-22T23:21:51.360+00:00,2026-09-22T23:22:24.537+00:00,True,524,524.0,,524.0,150862.969831,184040.549351,184040.549156,351.2224220534351,0.016809,150862.969831,6587.804546963059,109.9671783,63.43705453154876,35.667396720618896,2.847198630127067,55,62,,True,True,,2339,92.534174553102
14,2026-09-22T23:19:26.080+00:00,2026-09-22T23:22:06.796+00:00,2026-09-22T23:22:42.404+00:00,True,563,563.0,,563.0,160715.927042,196323.836418,196323.836481,348.7101891314387,0.016739999999999998,160715.927042,6770.785828567981,110.40763019999999,63.35926935231317,34.42214015732353,2.867710871344715,55,62,,True,True,,2763,92.534174553102
15,2026-09-22T23:19:31.809+00:00,2026-09-22T23:22:30.016+00:00,2026-09-22T23:23:05.698+00:00,True,552,552.0,,552.0,178206.987406,213888.04059,213888.040626,387.4783344673913,41.755428,178206.987406,7582.280765583534,110.38493050000001,64.75690233030852,25.827860741824036,2.5807894563778984,55,62,,True,True,,2647,92.534174553102
16,2026-09-22T23:19:36.987+00:00,2026-09-22T23:22:47.028+00:00,2026-09-22T23:23:19.558+00:00,True,502,502.0,,502.0,190041.350164,222571.272724,222571.272781,443.3690692848606,35.628701,190041.350164,8479.10542371908,111.1312245,64.9299851497006,26.977794414183236,2.255457291752589,55,62,,True,True,,2113,92.534174553102
17,2026-09-22T23:19:42.661+00:00,2026-09-22T23:23:09.005+00:00,2026-09-22T23:23:38.177+00:00,True,460,460.0,,460.0,206344.000793,235516.222489,235516.222696,511.9917884695652,42.448916,206344.000793,9617.909167988297,109.220491,63.55603855337691,25.540980349735662,1.95315632672176,55,62,,True,True,,2333,92.534174553102
18,2026-09-22T23:19:46.780+00:00,2026-09-22T23:23:22.732+00:00,2026-09-22T23:23:49.385+00:00,True,412,412.0,,412.0,215951.328761,242604.59263300002,242604.592677,588.8460987305825,0.01583,215951.328761,10636.049605406899,110.94184354999999,64.84979044282238,42.868556835713164,1.6982366060285299,55,62,,True,True,,2143,92.534174553102
19,2026-09-22T23:19:52.444+00:00,2026-09-22T23:23:42.906+00:00,2026-09-22T23:24:02.325+00:00,True,303,303.0,,303.0,230461.983582,249880.66082999998,249880.66074999998,824.6886493399339,0.01611,230461.983582,13236.081494863769,110.27988389999999,64.30025578807947,46.21740369652488,1.2125788326057712,55,62,,True,True,,1196,92.534174553102
20,2026-09-22T23:19:56.461+00:00,2026-09-22T23:23:56.834+00:00,2026-09-22T23:24:22.085+00:00,True,398,398.0,,398.0,240372.966745,265624.069465,265624.069577,667.3971597412061,42.975105000000006,240372.966745,12045.645740021648,109.31708600000002,63.604792745591936,24.989410534183293,1.4983581902107803,55,62,,True,True,,1953,92.534174553102
21,2026-09-22T23:20:02.565+00:00,2026-09-22T23:24:17.940+00:00,2026-09-22T23:24:42.365+00:00,True,390,390.0,,390.0,255374.76227399998,279800.162082,279800.162037,717.4363129153845,42.965205000000005,255374.76227399998,12928.247890543373,109.23359349999998,62.7902308688946,24.756160792878187,1.3938519445378454,55,62,,True,True,,1198,92.534174553102
22,2026-09-22T23:20:06.125+00:00,2026-09-22T23:24:32.152+00:00,2026-09-22T23:25:02.196+00:00,True,476,476.0,,476.0,266026.38195,296070.33459,296070.334422,621.9965008865546,41.930707999999996,266026.38195,12190.42722846573,108.1341535,63.25042661052632,25.72295105832801,1.6077260852870239,55,62,,True,True,,1813,92.534174553102
23,2026-09-22T23:20:10.781+00:00,2026-09-22T23:24:49.457+00:00,2026-09-22T23:25:10.788+00:00,False,344,343.0,,343.0,278676.737316,300007.207972,300007.20804999996,872.1139768895348,0.022940000000000002,278676.737316,15021.910860485916,106.025259,62.18796109620991,25.21738298815892,1.1433058636111588,55,62,,True,False,Request timeout: 300.0s exceeded,1893,92.534174553102
24,2026-09-22T23:20:14.687+00:00,2026-09-22T23:25:03.491+00:00,2026-09-22T23:25:14.727+00:00,False,213,212.0,,212.0,288804.19611400005,300039.87662600004,300039.87658700004,1408.6379182488265,0.023350000000000003,288804.19611400005,19784.917052756406,101.12382020000001,52.998492981132074,20.909439199394566,0.7065727475426814,55,62,,True,False,Request timeout: 300.0s exceeded,768,92.534174553102
0,2026-09-22T23:18:17.305+00:00,2026-09-22T23:18:17.666+00:00,2026-09-22T23:18:45.301+00:00,True,492,492.0,,492.0,360.310292,27995.379987999997,27995.380003,56.90117886788618,0.05925,360.310292,26.21623371588189,111.04280050000001,56.2832376700611,22.370498485598816,17.574328343137047,56,62,,False,True,,2127,92.534174553102
1,2026-09-22T23:18:21.012+00:00,2026-09-22T23:18:21.175+00:00,2026-09-22T23:18:47.539+00:00,True,442,442.0,,442.0,163.318188,26527.860396,26527.86022,60.01778330316742,0.05089,198.90528,23.73525342805765,111.2011195,59.78354242176871,23.245118836553054,16.661728213355907,56,62,,False,True,,2330,92.534174553102
2,2026-09-22T23:18:24.077+00:00,2026-09-22T23:18:36.804+00:00,2026-09-22T23:18:58.084+00:00,True,322,322.0,,322.0,12726.307149,34006.873932999995,34006.874107,105.61141027018634,41.219429,12726.307149,706.0013832068609,112.13623650000001,66.29460057320873,26.2450293829774,9.468673910880524,56,62,,False,True,,1458,92.534174553102
3,2026-09-22T23:18:26.927+00:00,2026-09-22T23:18:44.262+00:00,2026-09-22T23:19:12.616+00:00,True,452,452.0,,452.0,17334.983017000002,45689.048681,45689.048473,101.0819656482301,0.02022,17334.983017000002,812.8310160512248,108.87337799999999,62.86932519733924,26.128455171766266,9.892961509351064,56,62,,False,True,,2111,92.534174553102
4,2026-09-22T23:18:30.909+00:00,2026-09-22T23:18:53.779+00:00,2026-09-22T23:19:12.721+00:00,True,311,311.0,,311.0,22869.764507,41812.203419,41812.203275,134.44438352090032,0.02459,22869.764507,1293.6205692418798,108.6608095,61.1046416516129,25.98302994452295,7.438019873850457,56,62,,False,True,,1052,92.534174553102
5,2026-09-22T23:18:34.941+00:00,2026-09-22T23:19:11.004+00:00,2026-09-22T23:19:47.763+00:00,True,566,566.0,,566.0,36062.649713,72822.079089,72822.079065,128.66091707597172,6.936835,36062.649713,1513.3371236792364,110.42814275,65.06093694867256,27.28799946456562,7.772368038383787,56,62,,False,True,,2611,92.534174553102
6,2026-09-22T23:18:38.996+00:00,2026-09-22T23:19:23.824+00:00,2026-09-22T23:19:53.197+00:00,True,456,456.0,,456.0,44828.119268,74201.90614800001,74201.906305,162.7234787390351,10.520277,44828.119268,2096.421906043794,110.36513825000002,64.55777336263736,27.20037144586189,6.145394689598426,56,62,,False,True,,2153,92.534174553102
7,2026-09-22T23:18:43.125+00:00,2026-09-22T23:19:38.722+00:00,2026-09-22T23:20:03.006+00:00,True,374,374.0,,374.0,55596.971751000005,79881.509095,79881.509103,213.58692273529414,0.017459,55596.971751000005,2871.657873562988,111.06282265,65.10599824128687,31.604684831971262,4.681934583324111,56,62,,False,True,,1385,92.534174553102
8,2026-09-22T23:18:45.544+00:00,2026-09-22T23:19:46.954+00:00,2026-09-22T23:20:24.393+00:00,True,576,576.0,,576.0,61409.895386,98848.826074,98848.825894,171.6125449548611,0.0,61409.895386,2556.2143013425843,111.78904775,65.1111838052174,30.498127083229118,5.8270798235762165,56,62,,False,True,,2711,92.534174553102
9,2026-09-22T23:18:48.555+00:00,2026-09-22T23:19:58.372+00:00,2026-09-22T23:20:34.967+00:00,True,564,564.0,,564.0,69817.21129899999,106411.52374699998,106411.52367599998,188.6729143191489,0.0,69817.21129899999,2937.227174994708,111.6243045,64.99877877087033,27.572319954089664,5.300177839206071,56,62,,False,True,,3744,92.534174553102
10,2026-09-22T23:18:52.376+00:00,2026-09-22T23:20:12.234+00:00,2026-09-22T23:20:37.864+00:00,True,400,400.0,,400.0,79858.305855,105488.627263,105488.627208,263.72156802,43.033665,79858.305855,3989.7802856869216,108.18858145,64.23639450626567,24.78841066398934,3.7918779528975772,56,62,,False,True,,1851,92.534174553102
11,2026-09-22T23:18:56.668+00:00,2026-09-22T23:20:26.742+00:00,2026-09-22T23:20:56.976+00:00,True,477,477.0,,477.0,90074.394654,120308.418334,120308.41824700001,252.21890617819707,43.133894999999995,90074.394654,4121.386484235115,107.6589378,63.51685647058824,24.30309554731136,3.964809832972399,56,62,,True,True,,2399,92.534174553102
12,2026-09-22T23:19:00.054+00:00,2026-09-22T23:20:37.611+00:00,2026-09-22T23:20:57.332+00:00,True,314,314.0,,314.0,97556.61647499999,117277.58313099999,117277.583177,373.4954878248407,42.617776,97556.61647499999,5501.935398857458,107.4094688,63.00628324600639,24.114834049171538,2.6774085176129483,56,62,,True,True,,959,92.534174553102
13,2026-09-22T23:19:02.997+00:00,2026-09-22T23:20:47.593+00:00,2026-09-22T23:21:23.275+00:00,True,566,566.0,,566.0,104595.581774,140277.37044600002,140277.37049200002,247.8398771943463,0.01779,104595.581774,4393.940996175976,107.03223799999999,63.15360826902655,31.86131143351507,4.034863201387728,56,62,,True,True,,856,92.534174553102
14,2026-09-22T23:19:06.300+00:00,2026-09-22T23:20:59.605+00:00,2026-09-22T23:21:29.601+00:00,True,479,479.0,,479.0,113305.28737800001,143301.92865800002,143301.92866900002,299.1689533799583,0.01893,113305.28737800001,5174.286015661687,107.68081709999998,62.754479665271965,32.62181838345164,3.342592835182049,56,62,,True,True,,2265,92.534174553102
15,2026-09-22T23:19:09.387+00:00,2026-09-22T23:21:10.503+00:00,2026-09-22T23:21:31.165+00:00,True,332,332.0,,332.0,121115.38055,141777.90087,141777.90092000001,427.0418702409639,41.800788,121115.38055,6643.687695113275,109.00645700000001,62.424532688821756,24.113045324748313,2.3416907569002574,56,62,,True,True,,1471,92.534174553102
16,2026-09-22T23:19:13.322+00:00,2026-09-22T23:21:24.851+00:00,2026-09-22T23:21:54.280+00:00,True,452,452.0,,452.0,131529.432592,160958.167824,160958.167947,356.1021414756637,42.446176,131529.432592,6183.6119576537385,111.82909899999999,65.25218454988914,26.59395023638287,2.808183058434414,56,62,,True,True,,1973,92.534174553102
17,2026-09-22T23:19:17.172+00:00,2026-09-22T23:21:37.588+00:00,2026-09-22T23:22:14.823+00:00,True,584,584.0,,584.0,140415.253586,177651.112274,177651.11206800002,304.1971097054795,42.900905,140415.253586,5807.838310870629,109.76803715,63.86939740651801,25.687502421897527,3.28734220982117,56,62,,True,True,,2534,92.534174553102
18,2026-09-22T23:19:21.039+00:00,2026-09-22T23:21:52.129+00:00,2026-09-22T23:22:21.946+00:00,True,471,471.0,,471.0,151090.686147,180906.989507,180906.989463,384.0912727452229,0.01575,151090.686147,6959.066853662377,109.1285835,63.43894331914893,37.09129608243042,2.6035478302057267,56,62,,True,True,,2287,92.534174553102
19,2026-09-22T23:19:23.745+00:00,2026-09-22T23:22:00.083+00:00,2026-09-22T23:22:37.691+00:00,True,588,588.0,,588.0,156337.351093,193945.141429,193945.141393,329.8386758384354,0.016890000000000002,156337.351093,6444.691373271127,110.28790535,64.06778592163543,34.048306663934774,3.0317851515515106,56,62,,True,True,,1990,92.534174553102
20,2026-09-22T23:19:27.068+00:00,2026-09-22T23:22:12.183+00:00,2026-09-22T23:22:47.953+00:00,True,557,557.0,,557.0,165115.390063,200884.945007,200884.945024,360.65519752962297,0.01632,165115.390063,6993.518760387142,110.6836618,64.33373191366907,33.70143165167577,2.7727314258447335,56,62,,True,True,,2185,92.534174553102
21,2026-09-22T23:19:30.892+00:00,2026-09-22T23:22:26.593+00:00,2026-09-22T23:22:51.343+00:00,True,380,380.0,,380.0,175701.54383,200451.66120600002,200451.66127100002,527.5043717657895,38.949664,175701.54383,9009.987514043412,110.76852050000001,65.30373977836412,26.37611593300348,1.89571888660719,56,62,,True,True,,1762,92.534174553102
22,2026-09-22T23:19:33.247+00:00,2026-09-22T23:22:33.955+00:00,2026-09-22T23:23:10.639+00:00,True,564,564.0,,564.0,180708.707478,217392.28712599998,217392.28708,385.4473175177305,39.632922,180708.707478,7606.511738473906,110.7448315,65.15733507637655,26.505800496291275,2.5943882713424284,56,62,,True,True,,2711,92.534174553102
23,2026-09-22T23:19:35.675+00:00,2026-09-22T23:22:42.153+00:00,2026-09-22T23:23:04.657+00:00,True,352,352.0,,352.0,186478.65046,208982.163036,208982.163055,593.6993268607955,37.645027,186478.65046,9935.960630270798,109.899658,64.11257144159545,25.401005982308,1.6843542763951738,56,62,,True,True,,1541,92.534174553102
24,2026-09-22T23:19:38.431+00:00,2026-09-22T23:22:53.119+00:00,2026-09-22T23:23:27.749+00:00,True,538,538.0,,538.0,194687.683479,229317.474455,229317.474478,426.2406588810409,42.159727,194687.683479,8390.843251736753,109.86393114999998,64.48750647299813,26.402784980298776,2.3460924697457983,56,62,,True,True,,2118,92.534174553102
25,2026-09-22T23:19:41.442+00:00,2026-09-22T23:23:04.389+00:00,2026-09-22T23:23:38.123+00:00,True,525,525.0,,525.0,202947.43480000002,236681.385264,236681.385077,450.8216858609524,42.834315000000004,202947.43480000002,8854.583450698698,110.53552739999999,64.37776806106869,26.944086518506648,2.2181719082571814,56,62,,True,True,,2711,92.534174553102
26,2026-09-22T23:19:45.552+00:00,2026-09-22T23:23:17.533+00:00,2026-09-22T23:23:38.793+00:00,True,336,336.0,,336.0,211980.811439,233241.375919,233241.375742,694.1707611369048,43.676463000000005,211980.811439,11561.067698901672,110.67144,63.46437158208955,25.755653974280325,1.4405677323593133,56,62,,True,True,,1416,92.534174553102
27,2026-09-22T23:19:48.763+00:00,2026-09-22T23:23:30.680+00:00,2026-09-22T23:23:52.105+00:00,True,329,329.0,,329.0,221917.707065,243342.571065,243342.571134,739.6430733556231,0.01634,221917.707065,12231.200754351146,109.9339728,65.31970731707317,45.050211464494225,1.352003468033219,56,62,,True,True,,1650,92.534174553102
28,2026-09-22T23:19:51.786+00:00,2026-09-22T23:23:40.615+00:00,2026-09-22T23:24:14.670+00:00,True,524,524.0,,524.0,228828.699028,262883.509652,262883.509677,501.6860871698473,0.01635,228828.699028,9993.659727644588,110.01835765,65.11436065774379,39.04557248910834,1.993278318193716,56,62,,True,True,,2190,92.534174553102
29,2026-09-22T23:19:55.200+00:00,2026-09-22T23:23:52.265+00:00,2026-09-22T23:24:22.754+00:00,True,479,479.0,,479.0,237065.529827,267553.589731,267553.589758,558.5669932317328,39.723292,237065.529827,10828.915843919978,110.16995800000001,63.782552100418414,25.350348872405373,1.7902955459561933,56,62,,True,True,,2049,92.534174553102
30,2026-09-22T23:19:59.482+00:00,2026-09-22T23:24:09.450+00:00,2026-09-22T23:24:44.917+00:00,True,555,555.0,,555.0,249967.970576,285434.625296,285434.625278,514.2966221225225,43.774803999999996,249967.970576,10607.861170245551,108.98914400000001,64.01923234657039,24.91613840350411,1.9444032041468575,56,62,,True,True,,2480,92.534174553102
31,2026-09-22T23:20:03.209+00:00,2026-09-22T23:24:22.248+00:00,2026-09-22T23:24:52.170+00:00,True,475,475.0,,475.0,259038.578583,288961.442199,288961.442152,608.3398782147368,41.239258,259038.578583,11882.634174826546,108.93988069999999,63.12840425316456,24.683615903675197,1.6438179308119603,56,62,,True,True,,1056,92.534174553102
32,2026-09-22T23:20:06.363+00:00,2026-09-22T23:24:33.480+00:00,2026-09-22T23:25:06.383+00:00,False,525,524.0,,524.0,267116.981727,300019.767007,300019.76684199995,571.4662225561905,0.02429,267116.981727,11655.22770649839,107.38344299999999,62.79157496183206,25.257854526719125,1.74655158634189,56,62,,True,False,Request timeout: 300.0s exceeded,2179,92.534174553102
33,2026-09-22T23:20:09.752+00:00,2026-09-22T23:24:45.165+00:00,2026-09-22T23:25:09.777+00:00,False,393,392.0,,392.0,275412.926568,300024.16676,300024.166712,763.4202715318066,0.26717,275412.926568,13889.600226872666,105.9335476,62.783776,25.238139848889134,1.3065614154794893,56,62,,True,False,Request timeout: 300.0s exceeded,1574,92.534174553102
34,2026-09-22T23:20:13.895+00:00,2026-09-22T23:24:58.901+00:00,2026-09-22T23:25:13.906+00:00,False,266,265.0,,265.0,285005.841278,300010.867838,300010.867981,1127.8604059436088,0.022920000000000003,285005.841278,17471.372307651513,102.466988,56.62274173584906,22.740622771063435,0.8833013347472959,56,62,,True,False,Request timeout: 300.0s exceeded,1465,92.534174553102
35,2026-09-22T23:20:17.171+00:00,2026-09-22T23:25:09.777+00:00,2026-09-22T23:25:17.365+00:00,False,177,176.0,,176.0,292605.587971,300193.302275,300193.302087,1696.0073564237289,0.0176,292605.587971,21990.405553628567,95.1016098,43.112013090909095,52.89471471955074,0.5862888967415087,56,62,,True,False,Request timeout: 300.0s exceeded,791,92.534174553102
0,2026-09-22T23:18:17.304+00:00,2026-09-22T23:18:17.665+00:00,2026-09-22T23:18:37.231+00:00,True,379,379.0,,379.0,360.90032199999996,19927.33437,19927.334221,52.57871826121372,0.045450000000000004,360.90032199999996,23.935623398093483,84.435625,51.76305303703704,17.93354070296082,19.019101750536844,57,62,,False,True,,1538,92.534174553102
1,2026-09-22T23:18:23.460+00:00,2026-09-22T23:18:33.490+00:00,2026-09-22T23:19:06.180+00:00,True,509,509.0,,509.0,10030.072889000001,42719.389753,42719.389654,83.92807397642436,6.939045,10030.072889000001,442.4669255996735,111.09467639999998,64.34904894488189,25.67331670456601,11.914964210467334,57,62,,False,True,,2477,92.534174553102
2,2026-09-22T23:18:28.391+00:00,2026-09-22T23:18:49.034+00:00,2026-09-22T23:19:16.005+00:00,True,429,429.0,,429.0,20642.860346999998,47613.941051,47613.941155,110.98820782051281,0.01775,20642.860346999998,993.9670079690899,109.78474539999999,63.016543700934584,26.88405103330483,9.009966210116731,57,62,,False,True,,1869,92.534174553102
3,2026-09-22T23:18:31.959+00:00,2026-09-22T23:19:01.443+00:00,2026-09-22T23:19:33.031+00:00,True,498,498.0,,498.0,29484.411028000002,61072.120212,61072.120349000004,122.63477981726908,0.01868,29484.411028000002,1318.6364800249503,110.39795284999998,63.55675892152917,26.032578418496605,8.154293616650113,57,62,,False,True,,2000,92.534174553102
4,2026-09-22T23:18:36.531+00:00,2026-09-22T23:19:15.385+00:00,2026-09-22T23:19:37.902+00:00,True,350,350.0,,350.0,38853.825446999996,61370.675366999996,61370.675511999994,175.34478717714285,6.734685000000001,38853.825446999996,2073.537375347722,108.80038554999999,64.51819461318051,25.931435341336773,5.703049508694191,57,62,,False,True,,1611,92.534174553102
5,2026-09-22T23:18:39.974+00:00,2026-09-22T23:19:27.544+00:00,2026-09-22T23:19:48.736+00:00,True,326,326.0,,326.0,47570.65229599999,68762.117256,68762.117204,210.92673988957054,9.622768,47570.65229599999,2631.2380113920485,111.82177825000001,65.20450756923077,28.56706145973239,4.740982578914906,57,62,,False,True,,1410,92.534174553102
6,2026-09-22T23:18:45.748+00:00,2026-09-22T23:19:47.763+00:00,2026-09-22T23:20:14.414+00:00,True,413,413.0,,413.0,62015.194056,88665.351368,88665.351532,214.6860811912833,0.0,62015.194056,3048.548731385016,111.66668100000001,64.6848478446602,31.607416227082204,4.657963833988198,57,62,,False,True,,1484,92.534174553102
7,2026-09-22T23:18:49.573+00:00,2026-09-22T23:20:01.719+00:00,2026-09-22T23:20:29.366+00:00,True,430,430.0,,430.0,72145.80975399999,99792.757338,99792.75732499998,232.07617982558136,0.0,72145.80975399999,3476.1781757862323,111.16444100000001,64.44509926340326,27.191647317481625,4.3089299411136786,57,62,,False,True,,1961,92.534174553102
8,2026-09-22T23:18:53.866+00:00,2026-09-22T23:20:17.823+00:00,2026-09-22T23:20:55.041+00:00,True,586,586.0,,586.0,83956.776494,121174.155566,121174.155572,206.78183544709898,40.013431,83956.776494,3465.6807715593577,107.678197,63.6194514051282,24.49224216125295,4.836014719993845,57,62,,False,True,,2517,92.534174553102
9,2026-09-22T23:18:58.385+00:00,2026-09-22T23:20:32.728+00:00,2026-09-22T23:21:04.576+00:00,True,506,506.0,,506.0,94342.49851800001,126190.598614,126190.598519,249.38853462252965,0.017,94342.49851800001,4191.3566735372915,106.388089,63.06554474455445,32.35714620483846,4.009807430645334,57,62,,True,True,,2462,92.534174553102
10,2026-09-22T23:19:01.801+00:00,2026-09-22T23:20:44.577+00:00,2026-09-22T23:21:03.548+00:00,True,304,304.0,,304.0,102775.84076199999,121746.90124199999,121746.90110399999,400.48322731578946,0.01682,102775.84076199999,5891.126943498539,106.89536365,62.610760660066006,37.53516537294723,2.4969834706160614,57,62,,True,True,,998,92.534174553102
11,2026-09-22T23:19:06.906+00:00,2026-09-22T23:21:01.825+00:00,2026-09-22T23:21:35.978+00:00,True,538,538.0,,538.0,114919.316205,149071.561453,149071.56128999998,277.08468641263937,43.054854,114919.316205,4951.843765134101,107.75806920000001,63.598222063314715,24.83233611219614,3.6090049286135852,57,62,,True,True,,2311,92.534174553102
12,2026-09-22T23:19:10.326+00:00,2026-09-22T23:21:13.153+00:00,2026-09-22T23:21:38.206+00:00,True,392,392.0,,392.0,122827.08717,147880.187202,147880.187125,377.24537531887756,41.778697,122827.08717,6200.519647331026,109.7965695,64.0744246342711,25.22081884597321,2.650794588625584,57,62,,True,True,,593,92.534174553102
13,2026-09-22T23:19:15.613+00:00,2026-09-22T23:21:32.784+00:00,2026-09-22T23:22:10.193+00:00,True,577,577.0,,577.0,137170.89077700002,174579.26863300003,174579.26877700002,302.56372405026,41.899447,137170.89077700002,5707.855710412895,110.00897219999999,64.94510044444445,26.30488180338084,3.3050888832222545,57,62,,True,True,,2728,92.534174553102
14,2026-09-22T23:19:21.272+00:00,2026-09-22T23:21:52.797+00:00,2026-09-22T23:22:17.805+00:00,True,394,394.0,,394.0,151525.170405,176532.875493,176532.875413,448.0529832817259,0.01695,151525.170405,7630.615405405562,108.73947715,63.632837374045806,37.79813311975532,2.2318789001747334,57,62,,True,True,,1653,92.534174553102
15,2026-09-22T23:19:26.897+00:00,2026-09-22T23:22:11.412+00:00,2026-09-22T23:22:45.778+00:00,True,537,537.0,,537.0,164514.898153,198880.809961,198880.81003,370.35532594040967,0.01735,164514.898153,7096.663390593589,110.65587899999998,64.11550710447762,35.43668049928878,2.700109679286324,57,62,,True,True,,3119,92.534174553102
16,2026-09-22T23:19:30.555+00:00,2026-09-22T23:22:25.162+00:00,2026-09-22T23:22:51.756+00:00,True,408,408.0,,408.0,174606.60964399998,201201.18116399998,201201.181154,493.14014988725484,41.162538999999995,174606.60964399998,8641.121911633993,111.82199734999999,65.34292756756757,26.84355189374575,2.0278210974687934,57,62,,True,True,,1234,92.534174553102
17,2026-09-22T23:19:35.926+00:00,2026-09-22T23:22:42.551+00:00,2026-09-22T23:23:06.479+00:00,True,373,373.0,,373.0,186625.877584,210553.590096,210553.590176,564.4868369329758,43.435173999999996,186625.877584,9659.825755361338,111.7226986,64.32180782795699,25.874483700772174,1.7715204942833511,57,62,,True,True,,1709,92.534174553102
18,2026-09-22T23:19:40.412+00:00,2026-09-22T23:23:00.747+00:00,2026-09-22T23:23:34.295+00:00,True,519,519.0,,519.0,200335.028211,233882.971891,233882.971892,450.6415643391137,38.762724,200335.028211,8790.930243087369,110.32411890000002,64.76437003861004,26.989496950037488,2.219058513767635,57,62,,True,True,,2516,92.534174553102
19,2026-09-22T23:19:44.338+00:00,2026-09-22T23:23:13.483+00:00,2026-09-22T23:23:42.654+00:00,True,456,456.0,,456.0,209144.515785,238315.479241,238315.47905,522.6216645833333,42.929065,209144.515785,9791.121770664866,110.1050865,64.1120075956044,26.12894808070565,1.913430052686017,57,62,,True,True,,2143,92.534174553102
20,2026-09-22T23:19:48.239+00:00,2026-09-22T23:23:27.241+00:00,2026-09-22T23:23:50.252+00:00,True,353,353.0,,353.0,219002.271667,242013.37694699998,242013.377036,685.5903032181303,0.01587,219002.271667,11652.93664051622,111.54738760000001,65.37245818181817,48.654936063659626,1.4585970596051212,57,62,,True,True,,1875,92.534174553102
21,2026-09-22T23:19:54.270+00:00,2026-09-22T23:23:49.334+00:00,2026-09-22T23:24:26.959+00:00,True,590,590.0,,590.0,235063.239109,272688.476357,272688.476404,462.1838583118644,40.661120000000004,235063.239109,9674.802994339292,109.589033,63.879859504244486,25.091049333116338,2.163641118547232,57,62,,True,True,,2965,92.534174553102
22,2026-09-22T23:19:59.546+00:00,2026-09-22T23:24:09.665+00:00,2026-09-22T23:24:39.928+00:00,True,471,471.0,,471.0,250119.516329,280381.865897,280381.866018,595.2905860254778,42.428416,250119.516329,11521.959848962855,108.6340295,64.38797780425533,25.305076646312596,1.679851863790024,57,62,,True,True,,2165,92.534174553102
23,2026-09-22T23:20:04.770+00:00,2026-09-22T23:24:26.698+00:00,2026-09-22T23:24:47.059+00:00,True,323,323.0,,323.0,261928.160369,282289.370481,282289.370449,873.9608992229101,43.844763,261928.160369,14570.574076834624,108.2488911,63.23357177639752,24.05087212037325,1.1442159492212978,57,62,,True,True,,1522,92.534174553102
24,2026-09-22T23:20:09.274+00:00,2026-09-22T23:24:43.604+00:00,2026-09-22T23:25:09.291+00:00,False,410,409.0,,409.0,274329.405526,300016.284502,300016.284609,731.7470356317074,0.02949,274329.405526,13545.085949042543,107.1420895,62.804105075794624,25.51317952503836,1.3632593333355325,57,62,,True,False,Request timeout: 300.0s exceeded,619,92.534174553102
25,2026-09-22T23:20:14.630+00:00,2026-09-22T23:25:02.443+00:00,2026-09-22T23:25:14.655+00:00,False,228,227.0,,227.0,287813.398026,300025.35373800003,300025.353659,1315.9006739429824,0.03839,287813.398026,19057.35632790262,100.41799785,53.79716172687224,20.714096709484664,0.7566027243091925,57,62,,True,False,Request timeout: 300.0s exceeded,709,92.534174553102
0,2026-09-22T23:18:17.305+00:00,2026-09-22T23:18:17.666+00:00,2026-09-22T23:18:33.803+00:00,True,325,325.0,,325.0,361.54096999999996,16498.555497999998,16498.555622,50.76478652923077,0.05164,361.54096999999996,23.139792632740637,76.3214934,49.80560039506173,15.400316220375121,19.69869423049778,58,62,,False,True,,1390,92.534174553102
1,2026-09-22T23:18:21.532+00:00,2026-09-22T23:18:21.687+00:00,2026-09-22T23:18:40.930+00:00,True,337,337.0,,337.0,155.206017,19397.928321,19397.928381,57.56061834124629,37.654506999999995,155.206017,20.863198348524257,112.4402916,57.27000685714286,20.199665197081536,17.372989240050302,58,62,,False,True,,1579,92.534174553102
2,2026-09-22T23:18:25.283+00:00,2026-09-22T23:18:39.179+00:00,2026-09-22T23:19:04.927+00:00,True,406,406.0,,406.0,13896.274996999999,39644.316213,39644.31598,97.6460984729064,8.090832,13896.274996999999,686.9664789143835,109.17396325000001,63.57541040987654,25.1974226685328,10.241064515242318,58,62,,False,True,,1271,92.534174553102
3,2026-09-22T23:18:30.712+00:00,2026-09-22T23:18:52.983+00:00,2026-09-22T23:19:27.798+00:00,True,559,559.0,,559.0,22271.176473,57085.435417,57085.435492,102.12063594275492,0.01686,22271.176473,939.6780098505267,108.58369490000001,62.3911450609319,25.538204600193215,9.792340128731508,58,62,,False,True,,2148,92.534174553102
4,2026-09-22T23:18:34.650+00:00,2026-09-22T23:19:10.746+00:00,2026-09-22T23:19:33.277+00:00,True,352,352.0,,352.0,36095.723589,58626.818373,58626.818302,166.55346108522727,6.861375,36095.723589,1920.6540479761272,108.5842006,64.19115323076923,25.357066801551834,6.00407816369087,58,62,,False,True,,1223,92.534174553102
5,2026-09-22T23:18:39.004+00:00,2026-09-22T23:19:23.924+00:00,2026-09-22T23:19:44.650+00:00,True,329,329.0,,329.0,44919.664214000004,65645.744726,65645.74469200001,199.531138881459,41.320569000000006,44919.664214000004,2473.146109581954,109.053207,63.18926985365854,25.258412401179704,5.011749068781522,58,62,,False,True,,1670,92.534174553102
6,2026-09-22T23:18:43.542+00:00,2026-09-22T23:19:41.696+00:00,2026-09-22T23:20:17.532+00:00,True,548,548.0,,548.0,58153.550522,93989.262778,93989.262769,171.51325322810217,0.0,58153.550522,2481.594241352477,112.4021342,65.51318511151737,31.23855588046532,5.830453222027718,58,62,,False,True,,1759,92.534174553102
7,2026-09-22T23:18:46.591+00:00,2026-09-22T23:19:51.157+00:00,2026-09-22T23:20:14.624+00:00,True,367,367.0,,367.0,64565.921891000005,88032.37411500001,88032.374204,239.87022943869212,0.0,64565.921891000005,3367.1195874841246,111.67084129999999,64.1159896830601,32.11371966868925,4.168920850874407,58,62,,False,True,,1157,92.534174553102
8,2026-09-22T23:18:50.239+00:00,2026-09-22T23:20:04.802+00:00,2026-09-22T23:20:29.365+00:00,True,383,383.0,,383.0,74563.145415,99126.213831,99126.21388000001,258.81517984334204,0.0,74563.145415,3806.813080998795,111.49806410000001,64.30122621989528,27.624584955889425,3.8637610093025,58,62,,False,True,,1613,92.534174553102
9,2026-09-22T23:18:53.624+00:00,2026-09-22T23:20:17.716+00:00,2026-09-22T23:20:45.136+00:00,True,429,429.0,,429.0,84091.935625,111511.779977,111511.779976,259.93421905827506,42.105667000000004,84091.935625,4056.9787352838825,108.40986600000001,64.06505689719626,24.683508228521386,3.84712718323108,58,62,,False,True,,831,92.534174553102
10,2026-09-22T23:18:57.780+00:00,2026-09-22T23:20:30.591+00:00,2026-09-22T23:20:49.442+00:00,True,301,301.0,,301.0,92811.007618,111661.169538,111661.169586,370.9673408172758,43.77814299999999,92811.007618,5345.9668095745665,105.967295,62.83387306666667,23.37868795942299,2.6956550898167433,58,62,,True,True,,1280,92.534174553102
11,2026-09-22T23:19:02.953+00:00,2026-09-22T23:20:47.393+00:00,2026-09-22T23:21:09.491+00:00,True,353,353.0,,353.0,104439.35208,126537.575184,126537.57532,358.46338617563737,0.01717,104439.35208,5555.520092196178,107.7214056,62.779042909090904,35.89909666934047,2.789685194193882,58,62,,True,True,,1445,92.534174553102
12,2026-09-22T23:19:06.786+00:00,2026-09-22T23:21:00.408+00:00,2026-09-22T23:21:37.183+00:00,True,579,579.0,,579.0,113622.618456,150397.432408,150397.432615,259.7537696286701,38.492084999999996,113622.618456,4719.417051004568,109.39973099999999,63.624245591695505,25.038813419204953,3.8497997653928144,58,62,,True,True,,3113,92.534174553102
13,2026-09-22T23:19:11.277+00:00,2026-09-22T23:21:15.976+00:00,2026-09-22T23:21:43.043+00:00,True,422,422.0,,422.0,124699.305477,151766.154501,151766.154282,359.6354366872038,42.969654999999996,124699.305477,6067.192507346979,110.42546899999999,64.29180290736342,25.857479481531797,2.780593613823294,58,62,,True,True,,1920,92.534174553102
14,2026-09-22T23:19:15.108+00:00,2026-09-22T23:21:31.265+00:00,2026-09-22T23:21:51.151+00:00,True,302,302.0,,302.0,136156.90834999998,156043.269182,156043.268984,516.6995661721854,42.235177,136156.90834999998,7831.194098243285,112.03232249999999,66.06764396013288,26.947809198790434,1.9353606315935639,58,62,,True,True,,1683,92.534174553102
15,2026-09-22T23:19:19.330+00:00,2026-09-22T23:21:45.309+00:00,2026-09-22T23:22:21.167+00:00,True,565,565.0,,565.0,145979.53999000002,181837.149462,181837.149494,321.835662821239,0.01687,145979.53999000002,6138.822537616576,110.284848,63.577321758865246,33.61110306768482,3.107175853073261,58,62,,True,True,,2505,92.534174553102
16,2026-09-22T23:19:23.425+00:00,2026-09-22T23:21:59.159+00:00,2026-09-22T23:22:33.119+00:00,True,533,533.0,,533.0,155733.809638,189694.154214,189694.154201,355.8989759868668,0.01706,155733.809638,6742.901432150481,110.424406,63.83523416541354,34.15697928112181,2.8097861117992373,58,62,,True,True,,2366,92.534174553102
17,2026-09-22T23:19:28.110+00:00,2026-09-22T23:22:16.132+00:00,2026-09-22T23:22:49.936+00:00,True,524,524.0,,524.0,168021.556271,201826.14967900002,201826.14973,385.1644078816794,42.887425,168021.556271,7337.277188742736,110.06002400000001,64.63593385850861,25.738104054022894,2.596293893697176,58,62,,True,True,,2843,92.534174553102
18,2026-09-22T23:19:33.467+00:00,2026-09-22T23:22:35.251+00:00,2026-09-22T23:23:13.484+00:00,True,587,587.0,,587.0,181783.635161,220016.40085700003,220016.40088300002,374.8149929863714,41.226017999999996,181783.635161,7500.368413278967,110.87745900000002,65.2436274675768,26.776100121808994,2.667982921789187,58,62,,True,True,,2622,92.534174553102
19,2026-09-22T23:19:36.691+00:00,2026-09-22T23:22:46.041+00:00,2026-09-22T23:23:05.434+00:00,True,303,303.0,,303.0,189349.842784,208742.903648,208742.90365300002,688.9204741023102,43.252584000000006,189349.842784,10874.205052505002,110.9006661,64.21543332450331,25.536903559056032,1.451546350581308,58,62,,True,True,,1407,92.534174553102
20,2026-09-22T23:19:41.077+00:00,2026-09-22T23:23:02.472+00:00,2026-09-22T23:23:39.393+00:00,True,572,572.0,,572.0,201394.40045699998,238315.50765699998,238315.507612,416.6355028181818,39.881471,201394.40045699998,8418.061820219149,109.4742201,64.66043292469352,26.771847081727014,2.4001795167407303,58,62,,True,True,,2561,92.534174553102
21,2026-09-22T23:19:46.285+00:00,2026-09-22T23:23:19.861+00:00,2026-09-22T23:23:53.038+00:00,True,515,515.0,,515.0,213575.99242,246752.98058,246752.98043599998,479.13200084660195,0.01671,213575.99242,9408.519784839571,110.61248469999998,64.54666957198444,39.16629477207274,2.0871075145251643,58,62,,True,True,,2034,92.534174553102
22,2026-09-22T23:19:49.319+00:00,2026-09-22T23:23:32.852+00:00,2026-09-22T23:23:59.927+00:00,True,417,417.0,,417.0,223532.588061,250607.638557,250607.638683,600.9775507985611,0.016800000000000002,223532.588061,10943.331057576357,110.906757,65.084256,41.97672289438989,1.663955665521961,58,62,,True,True,,2038,92.534174553102
23,2026-09-22T23:19:53.784+00:00,2026-09-22T23:23:47.427+00:00,2026-09-22T23:24:11.422+00:00,True,373,373.0,,373.0,233643.062122,257637.494378,257637.49445,690.7171432975871,37.544207,233643.062122,12094.267768262456,110.56755959999998,64.50116197849462,26.210225294622532,1.4477706395201264,58,62,,True,True,,1749,92.534174553102
24,2026-09-22T23:19:58.628+00:00,2026-09-22T23:24:05.821+00:00,2026-09-22T23:24:33.324+00:00,True,432,432.0,,432.0,247192.50591,274696.329526,274696.329511,635.8711331273148,43.116064,247192.50591,11890.010020575744,109.14344550000001,63.81397590719257,24.55002173192532,1.5726456947766068,58,62,,True,True,,2117,92.534174553102
25,2026-09-22T23:20:03.103+00:00,2026-09-22T23:24:21.165+00:00,2026-09-22T23:24:55.504+00:00,True,542,542.0,,542.0,258062.228193,292401.229537,292401.2295,539.4856632841328,43.463144,258062.228193,11082.02409446079,110.13924955,63.47320026617375,25.22635901642151,1.85361737656926,58,62,,True,True,,2415,92.534174553102
26,2026-09-22T23:20:06.647+00:00,2026-09-22T23:24:33.938+00:00,2026-09-22T23:25:06.686+00:00,False,523,522.0,,522.0,267291.267432,300038.643304,300038.64319100004,573.6876542848948,0.02117,267291.267432,11685.115354172929,106.98626009999998,62.73443653639847,25.361506746017856,1.739775897703644,58,62,,True,False,Request timeout: 300.0s exceeded,2434,92.534174553102
27,2026-09-22T23:20:11.254+00:00,2026-09-22T23:24:51.710+00:00,2026-09-22T23:25:11.295+00:00,False,316,315.0,,315.0,280455.546397,300040.98178900004,300040.98161500006,949.4967772626583,0.038020000000000005,280455.546397,15773.379548337245,104.5762205,62.175985371428574,25.2342480606319,1.0498565833300721,58,62,,True,False,Request timeout: 300.0s exceeded,1387,92.534174553102
28,2026-09-22T23:20:16.702+00:00,2026-09-22T23:25:08.164+00:00,2026-09-22T23:25:16.781+00:00,False,192,191.0,,191.0,291461.178253,300078.835341,300078.83539100003,1562.9106009947918,0.01858,291461.178253,21031.168077968243,103.62359959999999,45.1186234973822,32.84859852190589,0.6364994045079977,58,62,,True,False,Request timeout: 300.0s exceeded,978,92.534174553102
0,2026-09-22T23:18:17.307+00:00,2026-09-22T23:18:17.667+00:00,2026-09-22T23:18:46.174+00:00,True,507,507.0,,507.0,360.661532,28867.622683999998,28867.622663000002,56.938111761341226,0.02828,360.661532,26.012222061393643,109.79026970000001,56.33786788932806,22.24736495564993,17.562928736802665,59,62,,False,True,,2815,92.534174553102
1,2026-09-22T23:18:19.878+00:00,2026-09-22T23:18:20.007+00:00,2026-09-22T23:18:40.780+00:00,True,367,367.0,,367.0,128.591017,20901.523624999998,20901.523724,56.952380719346046,36.613379,147.95389300000002,19.683347672976442,109.96653570000001,56.75664646994536,19.349333685238566,17.558528583104668,59,62,,False,True,,1497,92.534174553102
2,2026-09-22T23:18:24.213+00:00,2026-09-22T23:18:37.392+00:00,2026-09-22T23:19:06.181+00:00,True,448,448.0,,448.0,13179.111267,41968.431971,41968.431986,93.67953568303571,1.8051769999999998,13179.111267,620.1419667454933,110.7793815,64.40563915883669,25.67096505608038,10.674689974349434,59,62,,False,True,,2332,92.534174553102
3,2026-09-22T23:18:27.903+00:00,2026-09-22T23:18:46.070+00:00,2026-09-22T23:19:23.628+00:00,True,589,589.0,,589.0,18167.340535,55725.218807,55725.218972,94.60987940916809,0.019579999999999997,18167.340535,746.419988002411,109.728171,63.873942639455784,26.777196951488484,10.56972072267596,59,62,,False,True,,2745,92.534174553102
4,2026-09-22T23:18:31.130+00:00,2026-09-22T23:18:56.217+00:00,2026-09-22T23:19:19.546+00:00,True,368,368.0,,368.0,25086.987098999998,48416.304731,48416.304778,131.5660455923913,0.019260000000000003,25086.987098999998,1304.714921994299,110.2092317,63.56762297547684,27.01790744839452,7.600745287039159,59,62,,False,True,,1722,92.534174553102
5,2026-09-22T23:18:33.807+00:00,2026-09-22T23:19:08.292+00:00,2026-09-22T23:19:47.200+00:00,True,597,597.0,,597.0,34484.978251,73393.090635,73393.0908,122.93650050251256,5.414498,34484.978251,1408.9658626270234,109.96893299999999,65.28206775838926,27.165990631916575,8.1342806909306,59,62,,False,True,,1963,92.534174553102
6,2026-09-22T23:18:38.113+00:00,2026-09-22T23:19:19.961+00:00,2026-09-22T23:19:39.179+00:00,True,304,304.0,,304.0,41848.008211,61066.891283000004,61066.891255,200.87793175986843,5.241079,41848.008211,2396.647764189813,110.32285380000002,63.42865700330033,25.739717175893066,4.978147628167024,59,62,,False,True,,1114,92.534174553102
7,2026-09-22T23:18:41.860+00:00,2026-09-22T23:19:33.479+00:00,2026-09-22T23:20:01.613+00:00,True,430,430.0,,430.0,51618.993836,79752.523948,79752.52388000001,185.47098576744187,0.01652,51618.993836,2486.3276209024084,113.17354745,65.57932427039627,31.667735984193463,5.391678892574826,59,62,,False,True,,1877,92.534174553102
8,2026-09-22T23:18:45.842+00:00,2026-09-22T23:19:47.872+00:00,2026-09-22T23:20:20.288+00:00,True,501,501.0,,501.0,62030.664942,94446.58507,94446.585017,188.51613775848304,0.0,62030.664942,2768.5970212408133,111.59320299999999,64.83184025599999,30.508768412637743,5.304585651547687,59,62,,False,True,,2447,92.534174553102
9,2026-09-22T23:18:49.909+00:00,2026-09-22T23:20:03.992+00:00,2026-09-22T23:20:41.159+00:00,True,577,577.0,,577.0,74082.950787,111249.67897899999,111249.67881699999,192.8070690069324,0.0,74082.950787,3081.5424389088403,109.4765158,64.52556977777778,26.654418194332923,5.1865318200955635,59,62,,False,True,,2522,92.534174553102
10,2026-09-22T23:18:54.103+00:00,2026-09-22T23:20:18.634+00:00,2026-09-22T23:20:38.781+00:00,True,317,317.0,,317.0,84530.56227400001,104678.17545800001,104678.17545200001,330.2150645173502,38.577705,84530.56227400001,4744.189350551105,108.28464400000001,63.75826956962025,24.094709420268334,3.0283294355583203,59,62,,False,True,,423,92.534174553102
11,2026-09-22T23:18:57.991+00:00,2026-09-22T23:20:31.910+00:00,2026-09-22T23:20:55.242+00:00,True,372,372.0,,372.0,93918.66989599999,117250.88339999999,117250.88327499999,315.190546438172,43.415733,93918.66989599999,4866.254671607277,106.4672795,62.890063353099734,24.03043796904091,3.1726839850828794,59,62,,True,True,,1684,92.534174553102
12,2026-09-22T23:19:01.292+00:00,2026-09-22T23:20:41.621+00:00,2026-09-22T23:21:03.706+00:00,True,355,355.0,,355.0,100328.707628,122414.154284,122414.154047,344.82860294929577,0.01642,100328.707628,5321.702211852771,107.3161781,62.38826738983051,35.567577091788785,2.8999914436071044,59,62,,True,True,,1377,92.534174553102
13,2026-09-22T23:19:05.569+00:00,2026-09-22T23:20:57.125+00:00,2026-09-22T23:21:31.316+00:00,True,548,548.0,,548.0,111556.083729,145746.723601,145746.723608,265.9611744671533,0.01767,111556.083729,4762.877501640614,108.57841585,62.50574016819013,32.08812744272824,3.7599473007723927,59,62,,True,True,,2217,92.534174553102
14,2026-09-22T23:19:09.697+00:00,2026-09-22T23:21:12.053+00:00,2026-09-22T23:21:38.752+00:00,True,415,415.0,,415.0,122355.487796,149054.83627600002,149054.83620700001,359.16828001686747,42.565235,122355.487796,6003.082713379236,109.814333,64.49117990338165,25.44315981018807,2.784210230062968,59,62,,True,True,,1794,92.534174553102
15,2026-09-22T23:19:13.318+00:00,2026-09-22T23:21:23.674+00:00,2026-09-22T23:21:51.562+00:00,True,431,431.0,,431.0,130356.418668,158244.19262,158244.192813,367.1558997981438,42.895365,130356.418668,6275.979327466012,111.61909800000001,64.85528826046512,26.437004340229212,2.7236386553216696,59,62,,True,True,,1784,92.534174553102
16,2026-09-22T23:19:16.654+00:00,2026-09-22T23:21:36.348+00:00,2026-09-22T23:22:00.354+00:00,True,370,370.0,,370.0,139693.862942,163700.13443,163700.134437,442.4327957756757,43.538783,139693.862942,7259.005273960086,111.400653,65.05764630894309,26.800150783670478,2.2602302758536594,59,62,,True,True,,1690,92.534174553102
17,2026-09-22T23:19:20.429+00:00,2026-09-22T23:21:50.691+00:00,2026-09-22T23:22:20.237+00:00,True,466,466.0,,466.0,150261.095202,179807.895842,179807.895665,385.85385335836907,0.01785,150261.095202,6957.8626257103915,110.22751099999999,63.54150675268817,36.45728703939272,2.5916548203727463,59,62,,True,True,,2536,92.534174553102
18,2026-09-22T23:19:23.467+00:00,2026-09-22T23:21:59.319+00:00,2026-09-22T23:22:34.677+00:00,True,555,555.0,,555.0,155851.900647,191209.983207,191209.983237,344.5224923189189,0.01705,155851.900647,6612.928536270272,109.67211070000002,63.82325371841155,35.09059779663976,2.9025681122474047,59,62,,True,True,,2648,92.534174553102
19,2026-09-22T23:19:26.175+00:00,2026-09-22T23:22:07.290+00:00,2026-09-22T23:22:33.799+00:00,True,425,425.0,,425.0,161115.03093900002,187623.53628300002,187623.53624500002,441.46714410588237,0.01856,161115.03093900002,7812.27080040647,111.044692,62.520059773584904,34.618620534870715,2.265174233572464,59,62,,True,True,,945,92.534174553102
20,2026-09-22T23:19:29.421+00:00,2026-09-22T23:22:20.547+00:00,2026-09-22T23:22:58.015+00:00,True,580,580.0,,580.0,171125.78722099998,208593.46235699998,208593.46242399997,359.6439007310344,43.760674,171125.78722099998,7102.970662973364,110.25029005,64.71101059758203,25.608511748016767,2.780528178813924,59,62,,True,True,,2903,92.534174553102
21,2026-09-22T23:19:33.490+00:00,2026-09-22T23:22:35.563+00:00,2026-09-22T23:23:01.323+00:00,True,401,401.0,,401.0,182073.57004,207833.36754399998,207833.367496,518.2876994912718,41.117379,182073.57004,9089.140878412367,109.99300699999999,64.39949376,25.84007045398993,1.9294303159241508,59,62,,True,True,,1435,92.534174553102
22,2026-09-22T23:19:36.789+00:00,2026-09-22T23:22:46.245+00:00,2026-09-22T23:23:24.856+00:00,True,598,598.0,,598.0,189456.613217,228067.295841,228067.295875,381.3834379180602,41.049428999999996,189456.613217,7744.858513629717,110.49351900000002,64.67451025795644,26.772970814724115,2.622033105601003,59,62,,True,True,,2062,92.534174553102
23,2026-09-22T23:19:40.804+00:00,2026-09-22T23:23:00.742+00:00,2026-09-22T23:23:27.909+00:00,True,420,420.0,,420.0,199938.444959,227104.957599,227104.95751399998,540.7260893190476,42.467096,199938.444959,9752.87068325022,110.0923495,64.83654568019092,26.98086798888928,1.8493651765259809,59,62,,True,True,,1036,92.534174553102
24,2026-09-22T23:19:43.892+00:00,2026-09-22T23:23:11.455+00:00,2026-09-22T23:23:39.338+00:00,True,440,440.0,,440.0,207562.59969600002,235446.54107200002,235446.54097200002,535.1057749363637,40.695989999999995,207562.59969600002,9892.163700517725,109.81898395,63.51695074259681,25.606063284084858,1.868789399057033,59,62,,True,True,,2038,92.534174553102
25,2026-09-22T23:19:47.956+00:00,2026-09-22T23:23:25.622+00:00,2026-09-22T23:23:49.901+00:00,True,374,374.0,,374.0,217665.820086,241944.80018199998,241944.800149,646.9112303449198,0.01597,217665.820086,11251.951006467352,111.312356,65.09109945308312,43.84021557540371,1.5458071416234742,59,62,,True,True,,2021,92.534174553102
26,2026-09-22T23:19:51.412+00:00,2026-09-22T23:23:39.631+00:00,2026-09-22T23:24:13.139+00:00,True,516,516.0,,516.0,228218.554918,261727.212326,261727.21215600002,507.22327937209303,0.01798,228218.554918,10043.972778014844,110.69628499999999,65.06535419029126,38.96755197311711,1.9715183431415033,59,62,,True,True,,2383,92.534174553102
27,2026-09-22T23:19:55.127+00:00,2026-09-22T23:23:52.054+00:00,2026-09-22T23:24:29.918+00:00,True,597,597.0,,597.0,236926.528675,274790.658467,274790.658421,460.2858600016751,43.31898399999999,236926.528675,9694.189303718635,109.6202808,63.53041911409396,24.97962833262425,2.1725629369300212,59,62,,True,True,,2372,92.534174553102
28,2026-09-22T23:19:59.499+00:00,2026-09-22T23:24:09.553+00:00,2026-09-22T23:24:36.501+00:00,True,419,419.0,,419.0,250053.768296,277001.768808,277001.768759,661.1020734105011,43.008535,250053.768296,12212.8021224658,108.9910079,64.46890074641148,25.066427824842577,1.5126257200560482,59,62,,True,True,,1504,92.534174553102
29,2026-09-22T23:20:02.706+00:00,2026-09-22T23:24:17.939+00:00,2026-09-22T23:24:44.557+00:00,True,423,423.0,,423.0,255232.713629,281851.302301,281851.302129,666.3151350567376,39.118733,255232.713629,12406.796964675359,108.98504400000002,63.077224341232224,24.777629142404994,1.5007913624903597,59,62,,True,True,,2091,92.534174553102
30,2026-09-22T23:20:05.904+00:00,2026-09-22T23:24:31.842+00:00,2026-09-22T23:24:58.756+00:00,True,425,425.0,,425.0,265937.666837,292851.508245,292851.508194,689.0623722211765,42.724995,265937.666837,12896.818162643262,108.8610392,63.476041056603776,25.703599672465455,1.4512474343975186,59,62,,True,True,,2656,92.534174553102
31,2026-09-22T23:20:09.600+00:00,2026-09-22T23:24:44.303+00:00,2026-09-22T23:25:09.682+00:00,False,407,406.0,,406.0,274702.952859,300081.933467,300081.933334,737.3020475036856,0.03712,274702.952859,13613.443962814516,104.566196,62.50980445320197,24.84668851564701,1.3529638232774444,59,62,,True,False,Request timeout: 300.0s exceeded,1550,92.534174553102
32,2026-09-22T23:20:13.486+00:00,2026-09-22T23:24:58.045+00:00,2026-09-22T23:25:13.533+00:00,False,270,269.0,,269.0,284558.612048,300047.38465599995,300047.384591,1111.2866095962963,0.03109,284558.612048,17314.196015638077,102.6316344,57.57908032713755,22.471157085725643,0.8965250615612086,59,62,,True,False,Request timeout: 300.0s exceeded,1054,92.534174553102
0,2026-09-22T23:18:17.309+00:00,2026-09-22T23:18:17.666+00:00,2026-09-22T23:18:38.695+00:00,True,399,399.0,,399.0,357.0054,21386.002520000002,21386.002341,53.59900336090226,33.211236,357.0054,23.63122278715188,107.11562780000003,52.836676180904526,18.093672821801004,18.657063171429943,60,62,,False,True,,1469,92.534174553102
1,2026-09-22T23:18:22.097+00:00,2026-09-22T23:18:22.286+00:00,2026-09-22T23:18:50.204+00:00,True,462,462.0,,462.0,189.421351,28107.449639000002,28107.449736,60.83863579220779,39.923481,189.421351,24.057234615761203,110.57082444999998,60.55971429067245,23.323550923743884,16.436923517918892,60,62,,False,True,,2082,92.534174553102
2,2026-09-22T23:18:26.186+00:00,2026-09-22T23:18:42.447+00:00,2026-09-22T23:19:08.298+00:00,True,417,417.0,,417.0,16261.218822,42112.105734000004,42112.105698,100.98826306474821,0.01838,16261.218822,793.6929834999875,106.88660380000002,62.14155507692308,25.871515828826443,9.902140791390709,60,62,,False,True,,702,92.534174553102
3,2026-09-22T23:18:31.573+00:00,2026-09-22T23:18:58.178+00:00,2026-09-22T23:19:31.843+00:00,True,536,536.0,,536.0,26604.790782,60270.052862,60270.052834,112.44412842164179,0.01761,26604.790782,1146.7314648157253,109.250483,62.92572351401869,26.14397871487403,8.89330562273234,60,62,,False,True,,2797,92.534174553102
4,2026-09-22T23:18:36.907+00:00,2026-09-22T23:19:16.496+00:00,2026-09-22T23:19:51.160+00:00,True,534,534.0,,534.0,39588.971211000004,74252.553419,74252.553341,139.04972535767791,3.3727519999999998,39588.971211000004,1710.58439741737,111.282262,65.03486342964352,27.23371388178249,7.1916718740524574,60,62,,False,True,,1926,92.534174553102
5,2026-09-22T23:18:41.264+00:00,2026-09-22T23:19:31.084+00:00,2026-09-22T23:20:03.168+00:00,True,488,488.0,,488.0,49820.212657,81904.35396899999,81904.354026,167.83679103688524,0.019969999999999998,49820.212657,2252.4931769835566,112.76330135,65.88119365913758,31.543222256280572,5.9581692102071075,60,62,,False,True,,1841,92.534174553102
6,2026-09-22T23:18:44.889+00:00,2026-09-22T23:19:46.050+00:00,2026-09-22T23:20:08.113+00:00,True,332,332.0,,332.0,61160.602157,83223.646765,83223.646656,250.6736345060241,0.0,61160.602157,3353.135110594281,112.363678,66.65572389123867,33.73594314200078,3.989250806774593,60,62,,False,True,,1293,92.534174553102
7,2026-09-22T23:18:50.131+00:00,2026-09-22T23:20:04.590+00:00,2026-09-22T23:20:38.672+00:00,True,532,532.0,,532.0,74459.470064,108540.99351999999,108540.99356199999,204.0244239887218,0.0,74459.470064,3225.5563002532776,110.2986205,64.18365999246704,26.853705556276104,4.901373967080674,60,62,,False,True,,2423,92.534174553102
8,2026-09-22T23:18:55.663+00:00,2026-09-22T23:20:23.016+00:00,2026-09-22T23:20:47.245+00:00,True,384,384.0,,384.0,87352.89806800001,111581.83810000001,111581.837922,290.577702921875,41.894957000000005,87352.89806800001,4454.543446909783,107.73196750000001,63.26094003133159,23.685415553065624,3.4414202753664798,60,62,,True,True,,1762,92.534174553102
9,2026-09-22T23:19:00.637+00:00,2026-09-22T23:20:39.903+00:00,2026-09-22T23:21:06.097+00:00,True,418,418.0,,418.0,99265.949242,125460.259898,125460.260027,300.1441627440191,0.0182,99265.949242,4852.3027743072835,106.98941734999998,62.81609270023981,34.01304074709144,3.3317322978593915,60,62,,True,True,,2062,92.534174553102
10,2026-09-22T23:19:06.264+00:00,2026-09-22T23:20:59.401+00:00,2026-09-22T23:21:21.434+00:00,True,350,350.0,,350.0,113136.17673199999,135169.80514799998,135169.805166,386.19944333142854,0.01986,113136.17673199999,6044.094125097323,106.70409945,63.133605776504304,32.23964394436584,2.589335684968831,60,62,,True,True,,1207,92.534174553102
11,2026-09-22T23:19:09.418+00:00,2026-09-22T23:21:10.894+00:00,2026-09-22T23:21:34.589+00:00,True,372,372.0,,372.0,121476.505901,145171.549229,145171.54936099998,390.2461004327957,39.571353,121476.505901,6295.0021026061195,109.37228855000001,63.86804131536388,25.14203664619274,2.5624855694912427,60,62,,True,True,,1773,92.534174553102
12,2026-09-22T23:19:14.078+00:00,2026-09-22T23:21:28.439+00:00,2026-09-22T23:22:05.640+00:00,True,563,563.0,,563.0,134361.111396,171561.689188,171561.68908799998,304.727689321492,39.845472,134361.111396,5659.923485735837,110.99868810000002,66.19319891814946,27.66453005460239,3.2816184234643186,60,62,,True,True,,2721,92.534174553102
13,2026-09-22T23:19:19.133+00:00,2026-09-22T23:21:44.483+00:00,2026-09-22T23:22:07.440+00:00,True,351,351.0,,351.0,145349.778883,168306.722755,168306.72279099998,479.50633273789174,44.413392,145349.778883,7754.7422003658685,110.39582050000001,65.59126820571429,26.734979651029892,2.085478192757292,60,62,,True,True,,1431,92.534174553102
14,2026-09-22T23:19:24.760+00:00,2026-09-22T23:22:03.981+00:00,2026-09-22T23:22:38.100+00:00,True,538,538.0,,538.0,159220.97320100002,193339.75105700002,193339.75107300002,359.3675670501859,0.01852,159220.97320100002,6861.8509513440995,110.24122735,63.535899173184355,34.50461360600509,2.782666249742858,60,62,,True,True,,2643,92.534174553102
15,2026-09-22T23:19:28.935+00:00,2026-09-22T23:22:18.585+00:00,2026-09-22T23:22:41.959+00:00,True,364,364.0,,364.0,169649.666507,193023.264459,193023.264524,530.2836937472528,43.728773000000004,169649.666507,8888.718719683206,110.43843215000001,64.39007700275482,24.988910317016707,1.8857830480704418,60,62,,True,True,,1435,92.534174553102
16,2026-09-22T23:19:33.446+00:00,2026-09-22T23:22:34.894+00:00,2026-09-22T23:23:00.748+00:00,True,403,403.0,,403.0,181448.105973,207302.136053,207302.136071,514.3973599776675,44.429941,181448.105973,9035.406365700295,110.31480400000001,64.31350766169155,25.5688775764451,1.9440224190307756,60,62,,True,True,,1839,92.534174553102
17,2026-09-22T23:19:38.355+00:00,2026-09-22T23:22:53.068+00:00,2026-09-22T23:23:18.543+00:00,True,391,391.0,,391.0,194713.220332,220188.18942,220188.189284,563.1411490639387,37.61460700000001,194713.220332,9843.804987735906,111.8414025,65.32043355897436,27.23364873071,1.7757537360652138,60,62,,True,True,,2011,92.534174553102
18,2026-09-22T23:19:43.828+00:00,2026-09-22T23:23:11.047+00:00,2026-09-22T23:23:47.276+00:00,True,566,566.0,,566.0,207218.628657,243448.19998499998,243448.20007999998,430.1204948409894,0.01611,207218.628657,8707.453516085403,109.31883549999999,64.12313509380532,41.80648047241096,2.3249299030959114,60,62,,True,True,,2399,92.534174553102
19,2026-09-22T23:19:48.281+00:00,2026-09-22T23:23:27.343+00:00,2026-09-22T23:23:53.755+00:00,True,404,404.0,,404.0,219062.502174,245474.538526,245474.538495,607.6102437995049,0.01567,219062.502174,10895.591369105954,112.5629195,65.53855174193548,43.1422916605387,1.6457918708225188,60,62,,True,True,,1190,92.534174553102
20,2026-09-22T23:19:52.396+00:00,2026-09-22T23:23:42.808+00:00,2026-09-22T23:24:09.135+00:00,True,411,411.0,,411.0,230412.500732,256738.605308,256738.60528,624.6681393673965,0.01589,230412.500732,11362.318829646205,110.3081105,64.21001116097561,41.491165419554726,1.6008500143830657,60,62,,True,True,,1304,92.534174553102
21,2026-09-22T23:19:55.665+00:00,2026-09-22T23:23:53.941+00:00,2026-09-22T23:24:23.427+00:00,True,468,468.0,,468.0,238275.695068,267761.991132,267761.991227,572.1410068952991,40.915729,238275.695068,11011.40632937022,109.910733,63.13982026552463,24.441509958192093,1.7478208838433968,60,62,,True,True,,1334,92.534174553102
22,2026-09-22T23:20:01.247+00:00,2026-09-22T23:24:13.594+00:00,2026-09-22T23:24:43.396+00:00,True,471,471.0,,471.0,252346.65788800002,282148.919904,282148.91986,599.0422926963907,41.675418,252346.65788800002,11624.624410819382,109.03421850000001,63.40906811914894,24.573999954634694,1.6693312175721096,60,62,,True,True,,2149,92.534174553102
23,2026-09-22T23:20:05.640+00:00,2026-09-22T23:24:31.368+00:00,2026-09-22T23:24:52.482+00:00,True,334,334.0,,334.0,265728.638139,286841.822651,286841.822774,858.8078526167665,42.647846,265728.638139,14536.576202617667,109.23916765,63.40295649249249,24.917133642754507,1.1644048169585692,60,62,,True,True,,1530,92.534174553102
24,2026-09-22T23:20:09.697+00:00,2026-09-22T23:24:44.711+00:00,2026-09-22T23:25:09.780+00:00,False,401,400.0,,400.0,275014.783749,300083.496965,300083.497041,748.3378978578553,0.03148,275014.783749,13730.476102793195,106.28983399999998,62.67178304,25.08510634343315,1.3329623389674563,60,62,,True,False,Request timeout: 300.0s exceeded,1782,92.534174553102
25,2026-09-22T23:20:13.076+00:00,2026-09-22T23:24:56.505+00:00,2026-09-22T23:25:13.089+00:00,False,287,286.0,,286.0,283428.828439,300012.830743,300012.830637,1045.3408732996515,0.028118999999999998,283428.828439,16726.866251447544,102.41676230000002,57.986022041958044,21.91351102812991,0.9532925618271177,60,62,,True,False,Request timeout: 300.0s exceeded,381,92.534174553102
26,2026-09-22T23:20:16.771+00:00,2026-09-22T23:25:08.568+00:00,2026-09-22T23:25:16.814+00:00,False,187,186.0,,186.0,291796.82792,300042.91585600004,300042.91578000004,1604.507571016043,0.01834,291796.82792,21335.084573386495,106.0760513,44.33380610752688,35.40067633772312,0.6199113199168722,60,62,,True,False,Request timeout: 300.0s exceeded,690,92.534174553102
0,2026-09-22T23:18:17.310+00:00,2026-09-22T23:18:17.666+00:00,2026-09-22T23:18:44.155+00:00,True,475,475.0,,475.0,355.29227399999996,26844.301425999998,26844.301321,56.514318570526314,0.02684,355.29227399999996,25.91242505617419,109.36250779999999,55.883985552742615,21.99425354689587,17.69463069506214,61,62,,False,True,,2063,92.534174553102
1,2026-09-22T23:18:20.950+00:00,2026-09-22T23:18:21.111+00:00,2026-09-22T23:18:57.497+00:00,True,598,598.0,,598.0,161.182364,36546.781852,36546.781726,61.115019608695654,37.769427,164.46121599999998,23.44256138316258,110.3058165,60.94740282747069,23.100791138462984,16.362589801248802,61,62,,False,True,,2649,92.534174553102
2,2026-09-22T23:18:24.612+00:00,2026-09-22T23:18:37.996+00:00,2026-09-22T23:19:08.137+00:00,True,473,473.0,,473.0,13383.386344,43524.90852,43524.908462,92.01883395771671,0.01643,13383.386344,613.0227693710497,109.943999,63.85915715254237,26.923389022255428,10.86734047430917,61,62,,False,True,,1755,92.534174553102
3,2026-09-22T23:18:28.556+00:00,2026-09-22T23:18:49.287+00:00,2026-09-22T23:19:25.201+00:00,True,566,566.0,,566.0,20731.503021,56644.903852999996,56644.904077,100.07933582508834,0.01734,20731.503021,869.1404589794884,109.093699,63.56354129557523,26.460412237664507,9.992072746187985,61,62,,False,True,,2790,92.534174553102
4,2026-09-22T23:18:31.339+00:00,2026-09-22T23:18:57.403+00:00,2026-09-22T23:19:34.918+00:00,True,590,590.0,,590.0,26064.192296999998,63578.602281,63578.602249999996,107.76034279661016,0.018359999999999998,26064.192296999998,1070.764459949872,110.23339345000001,63.69169776570459,27.035840797732778,9.279851692749734,61,62,,False,True,,3280,92.534174553102
5,2026-09-22T23:18:34.787+00:00,2026-09-22T23:19:10.744+00:00,2026-09-22T23:19:32.050+00:00,True,334,334.0,,334.0,35956.363158,57262.36175,57262.361642,171.44419653293414,9.048440000000001,35956.363158,1964.1025964941712,109.04767084999999,63.98197775375375,25.019177008048963,5.832801683210351,61,62,,False,True,,1377,92.534174553102
6,2026-09-22T23:18:38.692+00:00,2026-09-22T23:19:22.896+00:00,2026-09-22T23:19:53.462+00:00,True,473,473.0,,473.0,44204.213288,74769.549096,74769.549098,158.0751566553911,5.077709,44204.213288,2029.7221347779448,111.0170926,64.75706738983051,27.63778142150443,6.326104754125158,61,62,,False,True,,2046,92.534174553102
7,2026-09-22T23:18:42.708+00:00,2026-09-22T23:19:37.500+00:00,2026-09-22T23:20:12.758+00:00,True,541,541.0,,541.0,54791.400134999996,90049.702087,90049.70225,166.45046626617375,0.0,54791.400134999996,2353.067744846696,111.056314,65.29315176296296,31.362946331341327,6.0077933348110575,61,62,,False,True,,2560,92.534174553102
8,2026-09-22T23:18:45.277+00:00,2026-09-22T23:19:46.586+00:00,2026-09-22T23:20:25.067+00:00,True,590,590.0,,590.0,61308.64539,99789.60539,99789.605391,169.13492439152543,0.0,61308.64539,2521.530247040108,110.89688699999999,65.33269949066214,30.401281595829285,5.912439453930584,61,62,,False,True,,2790,92.534174553102
9,2026-09-22T23:18:49.303+00:00,2026-09-22T23:20:00.705+00:00,2026-09-22T23:20:35.992+00:00,True,545,545.0,,545.0,71401.67347200001,106688.51430400001,106688.51442300002,195.75874206055047,0.0,71401.67347200001,3055.8521365823617,110.93011019999999,64.86551623529412,26.99487028052955,5.108328703941532,61,62,,False,True,,2571,92.534174553102
10,2026-09-22T23:18:53.323+00:00,2026-09-22T23:20:16.596+00:00,2026-09-22T23:20:44.122+00:00,True,432,432.0,,432.0,83272.771458,110798.54221,110798.542335,256.47810725694444,42.831425,83272.771458,4003.462905295794,107.9476285,63.864897336426914,24.125127775304787,3.898968266037442,61,62,,False,True,,1742,92.534174553102
11,2026-09-22T23:18:57.095+00:00,2026-09-22T23:20:29.001+00:00,2026-09-22T23:20:50.566+00:00,True,339,339.0,,339.0,91905.914201,113470.80584900001,113470.80585100001,334.72214115339233,41.358149,91905.914201,4988.23743672455,106.7947149,63.80145457988165,24.211956086527557,2.9875525908498473,61,62,,True,True,,1569,92.534174553102
12,2026-09-22T23:19:01.024+00:00,2026-09-22T23:20:41.261+00:00,2026-09-22T23:21:16.129+00:00,True,552,552.0,,552.0,100236.798981,135104.893445,135104.893409,244.75524168297102,0.01728,100236.798981,4263.787674368449,106.78116455,63.28147815607985,31.968013289080695,4.085714335911263,61,62,,True,True,,2420,92.534174553102
13,2026-09-22T23:19:05.596+00:00,2026-09-22T23:20:57.435+00:00,2026-09-22T23:21:21.690+00:00,True,387,387.0,,387.0,111838.616264,136094.183112,136094.18317099998,351.664555997416,0.01701,111838.616264,5681.9679769218865,105.85200300000001,62.83825608290155,31.277147757188565,2.8436189640927907,61,62,,True,True,,1917,92.534174553102
14,2026-09-22T23:19:08.986+00:00,2026-09-22T23:21:09.594+00:00,2026-09-22T23:21:39.825+00:00,True,471,471.0,,471.0,120607.822773,150838.891957,150838.892027,320.25242468577494,42.379985999999995,120607.822773,5554.408885830293,109.69699150000001,64.32142379574468,25.30811265646325,3.1225368596201903,61,62,,True,True,,1897,92.534174553102
15,2026-09-22T23:19:13.109+00:00,2026-09-22T23:21:22.871+00:00,2026-09-22T23:21:45.874+00:00,True,357,357.0,,357.0,129761.834404,152765.051812,152765.051902,427.9133106498599,41.913708,129761.834404,6864.353732009954,110.76835879999999,64.61577923595506,25.9755353256449,2.336921931852197,61,62,,True,True,,1366,92.534174553102
16,2026-09-22T23:19:17.111+00:00,2026-09-22T23:21:37.176+00:00,2026-09-22T23:22:02.766+00:00,True,394,394.0,,394.0,140065.234681,165654.718969,165654.718992,420.4434492182741,41.825477,140065.234681,7053.156539770568,112.60855899999999,65.11319157251909,27.199740705174026,2.378441148264129,61,62,,True,True,,1524,92.534174553102
17,2026-09-22T23:19:20.149+00:00,2026-09-22T23:21:49.439+00:00,2026-09-22T23:22:26.483+00:00,True,582,582.0,,582.0,149289.951014,186333.471526,186333.47146099998,320.1606038848797,0.01794,149289.951014,6185.71998810884,110.22408750000001,63.75821086402754,34.3635116571354,3.1234323883607282,61,62,,True,True,,2585,92.534174553102
18,2026-09-22T23:19:23.600+00:00,2026-09-22T23:21:59.625+00:00,2026-09-22T23:22:21.324+00:00,True,343,343.0,,343.0,156024.591765,177723.172757,177723.17256799998,518.1433602565597,0.01775,156024.591765,8421.202909558062,109.50458699999999,63.44614325146199,39.54814585858894,1.9299677958652146,61,62,,True,True,,1763,92.534174553102
19,2026-09-22T23:19:26.533+00:00,2026-09-22T23:22:08.688+00:00,2026-09-22T23:22:31.984+00:00,True,372,372.0,,372.0,162155.114267,185451.395099,185451.394963,498.5252552768817,0.01923,162155.114267,8404.180879205895,111.6653255,62.79320978975741,37.96662024014576,2.005916427867336,61,62,,True,True,,1339,92.534174553102
20,2026-09-22T23:19:29.376+00:00,2026-09-22T23:22:20.392+00:00,2026-09-22T23:22:40.185+00:00,True,306,306.0,,306.0,171015.198016,190808.702528,190808.702545,623.5578514542484,44.056382,171015.198016,9772.610519675882,110.67208000000001,64.89673610491803,25.14896021426997,1.6037004389519205,61,62,,True,True,,1441,92.534174553102
21,2026-09-22T23:19:33.330+00:00,2026-09-22T23:22:33.954+00:00,2026-09-22T23:23:09.872+00:00,True,552,552.0,,552.0,180624.080196,216542.594372,216542.594161,392.28730826268117,41.495598,180624.080196,7685.142808831151,111.3582045,65.18786601814881,26.612677845337195,2.549152057593415,61,62,,True,True,,2631,92.534174553102
22,2026-09-22T23:19:36.604+00:00,2026-09-22T23:22:44.611+00:00,2026-09-22T23:23:13.791+00:00,True,450,450.0,,450.0,188007.761856,217187.011264,217187.011286,482.6378028577778,42.374746,188007.761856,8859.747658531573,110.98589095,64.9871924454343,26.750988756206826,2.071947108535906,61,62,,True,True,,1922,92.534174553102
23,2026-09-22T23:19:39.170+00:00,2026-09-22T23:22:56.405+00:00,2026-09-22T23:23:20.825+00:00,True,377,377.0,,377.0,197234.456703,221654.933887,221654.933988,587.9441219840849,38.134676,197234.456703,10154.781902586992,111.73456479999999,64.94807761702128,26.914447835022862,1.7008419049773786,61,62,,True,True,,1819,92.534174553102
24,2026-09-22T23:19:42.390+00:00,2026-09-22T23:23:07.678+00:00,2026-09-22T23:23:34.446+00:00,True,419,419.0,,419.0,205287.81031099998,232056.05325499998,232056.053295,553.8330627565632,37.669467,205287.81031099998,10025.871183959589,107.8476109,64.03885871770335,26.09324256658911,1.8055982342316772,61,62,,True,True,,882,92.534174553102
25,2026-09-22T23:19:45.180+00:00,2026-09-22T23:23:16.664+00:00,2026-09-22T23:23:51.899+00:00,True,547,547.0,,547.0,211484.450148,246718.783076,246718.783062,451.03982278244973,0.01569,211484.450148,9039.747426545857,110.72402300000002,64.53174528937728,39.11684445424404,2.217099132786742,61,62,,True,True,,1868,92.534174553102
26,2026-09-22T23:19:49.215+00:00,2026-09-22T23:23:32.856+00:00,2026-09-22T23:24:01.118+00:00,True,437,437.0,,437.0,223641.4545,251903.423908,251903.423855,576.4380408581236,0.0161,223641.4545,10695.200058754068,111.1561378,64.82103075229358,41.224051861428784,1.7347918230742303,61,62,,True,True,,2042,92.534174553102
27,2026-09-22T23:19:53.718+00:00,2026-09-22T23:23:47.380+00:00,2026-09-22T23:24:15.742+00:00,True,437,437.0,,437.0,233661.94543000002,262023.97935000004,262023.97926900003,599.5972065652174,40.210891000000004,233661.94543000002,11174.485482469841,109.9520428,65.05053651376147,26.172998422523168,1.6677862884307804,61,62,,True,True,,916,92.534174553102
28,2026-09-22T23:19:57.819+00:00,2026-09-22T23:24:02.953+00:00,2026-09-22T23:24:29.598+00:00,True,420,420.0,,420.0,245134.431105,271779.442817,271779.44291599997,647.0939117047619,43.616293,245134.431105,11958.258537975486,110.18689199999999,63.591913393794755,24.988268466278427,1.5453707449198169,61,62,,True,True,,1611,92.534174553102
29,2026-09-22T23:20:02.052+00:00,2026-09-22T23:24:15.944+00:00,2026-09-22T23:24:36.198+00:00,True,321,321.0,,321.0,253891.940398,274145.25931,274145.259221,854.0350754548286,42.292595999999996,253891.940398,14167.354745863056,108.908769,63.2916216,24.49241251151184,1.1709120953173853,61,62,,True,True,,1485,92.534174553102
30,2026-09-22T23:20:05.547+00:00,2026-09-22T23:24:30.913+00:00,2026-09-22T23:25:04.741+00:00,True,533,533.0,,533.0,265365.756591,299194.056367,299194.056409,561.339693075047,43.263954,265365.756591,11491.541566964808,108.4202266,63.587029654135335,25.833117675922747,1.781452501002249,61,62,,True,True,,2401,92.534174553102
31,2026-09-22T23:20:08.529+00:00,2026-09-22T23:24:40.224+00:00,2026-09-22T23:25:08.565+00:00,False,456,455.0,,455.0,271694.607105,300035.563265,300035.563175,657.9727262609649,0.0368,271694.607105,12720.373400489565,108.65273675,62.28781573626374,25.03918481738168,1.5164868959155051,61,62,,True,False,Request timeout: 300.0s exceeded,1426,92.534174553102
32,2026-09-22T23:20:11.513+00:00,2026-09-22T23:24:52.733+00:00,2026-09-22T23:25:11.524+00:00,False,307,306.0,,306.0,281219.717866,300010.913514,300010.913391,977.23424557329,0.02135,281219.717866,16046.571683163618,105.76862959999998,61.40913610457516,25.016869931866538,1.019962895402205,61,62,,True,False,Request timeout: 300.0s exceeded,1276,92.534174553102
33,2026-09-22T23:20:14.034+00:00,2026-09-22T23:25:00.066+00:00,2026-09-22T23:25:14.072+00:00,False,252,251.0,,251.0,286031.389968,300037.19016,300037.190133,1190.6237703690476,0.019190000000000002,286031.389968,18014.781519047134,100.57679055,55.800000764940236,21.399792491591892,0.8365629602988547,61,62,,True,False,Request timeout: 300.0s exceeded,1313,92.534174553102
