received_timestamp,complete_response_time,success_rate,success,worker_idx,request_idx,global_request_id
20260925T235824,645.756928,64.3560744253922,True,12,0,12:0
20260925T235824,696.201216,64.3560744253922,True,38,0,38:0
20260925T235824,644.667904,64.3560744253922,True,44,0,44:0
20260925T235825,1487.846144,64.3560744253922,True,5,0,5:0
20260925T235825,1572.995328,64.3560744253922,True,9,0,9:0
20260925T235825,645.857024,64.3560744253922,True,10,1,10:1
20260925T235825,1494.322432,64.3560744253922,True,19,0,19:0
20260925T235825,1476.160768,64.3560744253922,True,24,0,24:0
20260925T235825,790.316288,64.3560744253922,True,25,1,25:1
20260925T235825,1467.760384,64.3560744253922,True,30,0,30:0
20260925T235825,412.869888,64.3560744253922,True,32,1,32:1
20260925T235825,1049.711616,64.3560744253922,True,33,1,33:1
20260925T235825,913.25952,64.3560744253922,True,45,1,45:1
20260925T235825,1498.961408,64.3560744253922,True,46,0,46:0
20260925T235825,1441.619456,64.3560744253922,True,49,0,49:0
20260925T235825,557.652224,64.3560744253922,True,50,1,50:1
20260925T235825,1442.912512,64.3560744253922,True,51,0,51:0
20260925T235825,747.060736,64.3560744253922,True,52,1,52:1
20260925T235825,471.983104,64.3560744253922,True,54,1,54:1
20260925T235825,1437.323264,64.3560744253922,True,56,0,56:0
20260925T235825,199.790592,64.3560744253922,True,58,1,58:1
20260925T235825,1430.820864,64.3560744253922,True,62,0,62:0
20260925T235826,2070.809088,64.3560744253922,True,10,0,10:0
20260925T235826,2128.832256,64.3560744253922,True,14,0,14:0
20260925T235826,1761.880064,64.3560744253922,True,14,1,14:1
20260925T235826,2127.133184,64.3560744253922,True,15,0,15:0
20260925T235826,1176.557568,64.3560744253922,True,16,1,16:1
20260925T235826,1487.396864,64.3560744253922,True,19,1,19:1
20260925T235826,2590.715392,64.3560744253922,True,21,0,21:0
20260925T235826,1196.405248,64.3560744253922,True,22,1,22:1
20260925T235826,1755.60704,64.3560744253922,True,23,1,23:1
20260925T235826,1224.638976,64.3560744253922,True,26,1,26:1
20260925T235826,2785.106432,64.3560744253922,True,27,0,27:0
20260925T235826,615.36384,64.3560744253922,True,27,2,27:2
20260925T235826,2356.639232,64.3560744253922,True,28,0,28:0
20260925T235826,1615.011584,64.3560744253922,True,28,1,28:1
20260925T235826,2917.563136,64.3560744253922,True,29,0,29:0
20260925T235826,1313.508352,64.3560744253922,True,40,1,40:1
20260925T235826,1578.180096,64.3560744253922,True,44,1,44:1
20260925T235826,1465.284864,64.3560744253922,True,49,1,49:1
20260925T235826,1065.847552,64.3560744253922,True,56,2,56:2
20260925T235826,2613.123072,64.3560744253922,True,58,0,58:0
20260925T235826,2545.156864,64.3560744253922,True,61,0,61:0
20260925T235826,2383.059712,64.3560744253922,True,63,0,63:0
20260925T235827,3068.815104,64.3560744253922,True,2,0,2:0
20260925T235827,2254.9696,64.3560744253922,True,2,2,2:2
20260925T235827,2761.466624,64.3560744253922,True,3,1,3:1
20260925T235827,1543.580672,64.3560744253922,True,3,2,3:2
20260925T235827,1986.373632,64.3560744253922,True,5,1,5:1
20260925T235827,1628.79616,64.3560744253922,True,8,2,8:2
20260925T235827,2693.465088,64.3560744253922,True,9,1,9:1
20260925T235827,3818.147072,64.3560744253922,True,11,0,11:0
20260925T235827,1791.798784,64.3560744253922,True,11,1,11:1
20260925T235827,2639.73504,64.3560744253922,True,17,1,17:1
20260925T235827,3464.419584,64.3560744253922,True,18,0,18:0
20260925T235827,2316.722688,64.3560744253922,True,20,1,20:1
20260925T235827,2119.632128,64.3560744253922,True,34,1,34:1
20260925T235827,3785.08672,64.3560744253922,True,37,0,37:0
20260925T235827,2013.80224,64.3560744253922,True,42,2,42:2
20260925T235827,2087.548672,64.3560744253922,True,43,1,43:1
20260925T235827,3426.27328,64.3560744253922,True,48,0,48:0
20260925T235827,1550.057984,64.3560744253922,True,53,2,53:2
20260925T235827,2978.386688,64.3560744253922,True,61,1,61:1
20260925T235828,4571.026176,64.3560744253922,True,0,0,0:0
20260925T235828,3296.278528,64.3560744253922,True,2,1,2:1
20260925T235828,2463.39968,64.3560744253922,True,7,2,7:2
20260925T235828,2637.261568,64.3560744253922,True,10,2,10:2
20260925T235828,4793.216512,64.3560744253922,True,16,0,16:0
20260925T235828,4022.95296,64.3560744253922,True,17,0,17:0
20260925T235828,2536.515328,64.3560744253922,True,20,2,20:2
20260925T235828,2168.279296,64.3560744253922,True,28,3,28:3
20260925T235828,2562.042112,64.3560744253922,True,29,2,29:2
20260925T235828,2997.397504,64.3560744253922,True,31,1,31:1
20260925T235828,4370.14016,64.3560744253922,True,32,0,32:0
20260925T235828,4845.709056,64.3560744253922,True,34,0,34:0
20260925T235828,4435.960064,64.3560744253922,True,35,0,35:0
20260925T235828,3684.817664,64.3560744253922,True,35,1,35:1
20260925T235828,2655.791616,64.3560744253922,True,36,2,36:2
20260925T235828,3152.865792,64.3560744253922,True,39,2,39:2
20260925T235828,3995.081216,64.3560744253922,True,40,0,40:0
20260925T235828,4629.386752,64.3560744253922,True,41,0,41:0
20260925T235828,3768.314368,64.3560744253922,True,41,1,41:1
20260925T235828,4131.957504,64.3560744253922,True,43,0,43:0
20260925T235828,2781.528832,64.3560744253922,True,49,2,49:2
20260925T235828,2483.10144,64.3560744253922,True,51,2,51:2
20260925T235828,4301.933056,64.3560744253922,True,53,0,53:0
20260925T235828,2289.144832,64.3560744253922,True,54,2,54:2
20260925T235828,3139.857664,64.3560744253922,True,55,1,55:1
20260925T235828,2329.525248,64.3560744253922,True,55,2,55:2
20260925T235828,3888.555776,64.3560744253922,True,56,1,56:1
20260925T235828,2244.869376,64.3560744253922,True,57,2,57:2
20260925T235828,3495.539712,64.3560744253922,True,59,2,59:2
20260925T235828,3251.43424,64.3560744253922,True,62,1,62:1
20260925T235828,2787.125504,64.3560744253922,True,63,2,63:2
20260925T235829,5184.862464,64.3560744253922,True,1,0,1:0
20260925T235829,5115.2128,64.3560744253922,True,3,0,3:0
20260925T235829,3804.450816,64.3560744253922,True,4,2,4:2
20260925T235829,2859.6352,64.3560744253922,True,5,2,5:2
20260925T235829,5532.695552,64.3560744253922,True,6,0,6:0
20260925T235829,5881.458944,64.3560744253922,True,7,0,7:0
20260925T235829,3064.615424,64.3560744253922,True,9,2,9:2
20260925T235829,3775.411712,64.3560744253922,True,12,1,12:1
20260925T235829,3269.340928,64.3560744253922,True,16,2,16:2
20260925T235829,4989.901568,64.3560744253922,True,21,1,21:1
20260925T235829,5932.66944,64.3560744253922,True,22,0,22:0
20260925T235829,2852.992256,64.3560744253922,True,22,3,22:3
20260925T235829,3554.203648,64.3560744253922,True,23,2,23:2
20260925T235829,2938.24896,64.3560744253922,True,23,3,23:3
20260925T235829,5860.589312,64.3560744253922,True,26,0,26:0
20260925T235829,4329.441536,64.3560744253922,True,27,1,27:1
20260925T235829,3718.806784,64.3560744253922,True,30,2,30:2
20260925T235829,3217.160192,64.3560744253922,True,31,2,31:2
20260925T235829,5222.949376,64.3560744253922,True,33,0,33:0
20260925T235829,2923.241984,64.3560744253922,True,34,2,34:2
20260925T235829,4452.45312,64.3560744253922,True,36,1,36:1
20260925T235829,5000.675072,64.3560744253922,True,39,0,39:0
20260925T235829,5130.692352,64.3560744253922,True,39,1,39:1
20260925T235829,3939.627264,64.3560744253922,True,46,2,46:2
20260925T235829,4895.83488,64.3560744253922,True,47,1,47:1
20260925T235829,2574.944256,64.3560744253922,True,51,3,51:3
20260925T235829,5615.220736,64.3560744253922,True,59,0,59:0
20260925T235829,4819.376384,64.3560744253922,True,63,1,63:1
20260925T235830,5450.887168,64.3560744253922,True,1,1,1:1
20260925T235830,3679.528704,64.3560744253922,True,3,3,3:3
20260925T235830,6087.097088,64.3560744253922,True,4,0,4:0
20260925T235830,4890.31168,64.3560744253922,True,6,2,6:2
20260925T235830,4317.907456,64.3560744253922,True,6,3,6:3
20260925T235830,5886.770688,64.3560744253922,True,8,1,8:1
20260925T235830,4033.049856,64.3560744253922,True,11,2,11:2
20260925T235830,3029.963008,64.3560744253922,True,11,3,11:3
20260925T235830,6923.754496,64.3560744253922,True,13,0,13:0
20260925T235830,3499.648,64.3560744253922,True,13,3,13:3
20260925T235830,4463.490048,64.3560744253922,True,15,2,15:2
20260925T235830,6341.8688,64.3560744253922,True,20,0,20:0
20260925T235830,4039.752192,64.3560744253922,True,22,2,22:2
20260925T235830,5241.592064,64.3560744253922,True,24,2,24:2
20260925T235830,4976.682752,64.3560744253922,True,25,2,25:2
20260925T235830,5760.835328,64.3560744253922,True,29,1,29:1
20260925T235830,3137.430784,64.3560744253922,True,31,3,31:3
20260925T235830,4029.949184,64.3560744253922,True,33,3,33:3
20260925T235830,6396.497408,64.3560744253922,True,36,0,36:0
20260925T235830,3520.744448,64.3560744253922,True,36,3,36:3
20260925T235830,5857.427456,64.3560744253922,True,37,1,37:1
20260925T235830,4529.052928,64.3560744253922,True,37,2,37:2
20260925T235830,3645.843456,64.3560744253922,True,38,3,38:3
20260925T235830,6751.421952,64.3560744253922,True,45,0,45:0
20260925T235830,3620.498688,64.3560744253922,True,45,3,45:3
20260925T235830,5547.782656,64.3560744253922,True,46,1,46:1
20260925T235830,5567.20384,64.3560744253922,True,48,1,48:1
20260925T235830,6676.244992,64.3560744253922,True,50,0,50:0
20260925T235830,6125.400832,64.3560744253922,True,52,0,52:0
20260925T235830,6881.437696,64.3560744253922,True,54,0,54:0
20260925T235830,5165.087488,64.3560744253922,True,57,1,57:1
20260925T235830,3089.2736,64.3560744253922,True,59,4,59:4
20260925T235831,6629.970944,64.3560744253922,True,0,1,0:1
20260925T235831,4989.689088,64.3560744253922,True,1,2,1:2
20260925T235831,3919.04128,64.3560744253922,True,1,3,1:3
20260925T235831,4913.963776,64.3560744253922,True,2,3,2:3
20260925T235831,6550.313984,64.3560744253922,True,4,1,4:1
20260925T235831,4113.154816,64.3560744253922,True,8,4,8:4
20260925T235831,5520.795136,64.3560744253922,True,14,2,14:2
20260925T235831,4853.106176,64.3560744253922,True,15,3,15:3
20260925T235831,6799.839744,64.3560744253922,True,18,1,18:1
20260925T235831,4827.361536,64.3560744253922,True,18,3,18:3
20260925T235831,3887.922688,64.3560744253922,True,18,4,18:4
20260925T235831,4960.203264,64.3560744253922,True,19,2,19:2
20260925T235831,3751.204096,64.3560744253922,True,19,3,19:3
20260925T235831,4931.65824,64.3560744253922,True,21,2,21:2
20260925T235831,4219.640064,64.3560744253922,True,21,3,21:3
20260925T235831,6777.993728,64.3560744253922,True,24,1,24:1
20260925T235831,4561.91232,64.3560744253922,True,24,4,24:4
20260925T235831,4100.190208,64.3560744253922,True,26,3,26:3
20260925T235831,5045.178368,64.3560744253922,True,29,3,29:3
20260925T235831,5995.770112,64.3560744253922,True,42,1,42:1
20260925T235831,4568.26624,64.3560744253922,True,42,3,42:3
20260925T235831,6219.233792,64.3560744253922,True,45,2,45:2
20260925T235831,5312.467456,64.3560744253922,True,48,2,48:2
20260925T235831,4388.206848,64.3560744253922,True,48,3,48:3
20260925T235831,3979.226624,64.3560744253922,True,49,3,49:3
20260925T235831,5893.899008,64.3560744253922,True,50,2,50:2
20260925T235831,4910.680064,64.3560744253922,True,52,3,52:3
20260925T235831,4846.746112,64.3560744253922,True,53,3,53:3
20260925T235831,3982.92352,64.3560744253922,True,53,5,53:5
20260925T235831,4211.264256,64.3560744253922,True,54,3,54:3
20260925T235831,4487.019776,64.3560744253922,True,56,4,56:4
20260925T235831,6942.9504,64.3560744253922,True,57,0,57:0
20260925T235831,3692.705536,64.3560744253922,True,57,3,57:3
20260925T235831,7018.217984,64.3560744253922,True,60,0,60:0
20260925T235831,6259.367936,64.3560744253922,True,60,1,60:1
20260925T235831,5024.055296,64.3560744253922,True,60,3,60:3
20260925T235831,4809.73952,64.3560744253922,True,61,3,61:3
20260925T235831,4008.041984,64.3560744253922,True,62,3,62:3
20260925T235832,2.749696,64.3560744253922,False,1,8,1:8
20260925T235832,4363.74784,64.3560744253922,True,9,4,9:4
20260925T235832,5831.647488,64.3560744253922,True,10,3,10:3
20260925T235832,6765.256192,64.3560744253922,True,12,2,12:2
20260925T235832,6561.346048,64.3560744253922,True,13,2,13:2
20260925T235832,3903.053056,64.3560744253922,True,14,5,14:5
20260925T235832,4100.018176,64.3560744253922,True,15,5,15:5
20260925T235832,6539.391744,64.3560744253922,True,26,2,26:2
20260925T235832,6747.954688,64.3560744253922,True,28,2,28:2
20260925T235832,4046.569728,64.3560744253922,True,29,5,29:5
20260925T235832,4566.219008,64.3560744253922,True,30,5,30:5
20260925T235832,6247.702016,64.3560744253922,True,32,2,32:2
20260925T235832,5267.391744,64.3560744253922,True,32,3,32:3
20260925T235832,4716.95104,64.3560744253922,True,33,4,33:4
20260925T235832,6462.47168,64.3560744253922,True,35,2,35:2
20260925T235832,4773.998848,64.3560744253922,True,35,4,35:4
20260925T235832,6711.14752,64.3560744253922,True,38,1,38:1
20260925T235832,4552.92672,64.3560744253922,True,39,4,39:4
20260925T235832,7043.905536,64.3560744253922,True,40,2,40:2
20260925T235832,6765.170944,64.3560744253922,True,41,2,41:2
20260925T235832,4767.08736,64.3560744253922,True,41,4,41:4
20260925T235832,6658.027776,64.3560744253922,True,43,2,43:2
20260925T235832,7058.075392,64.3560744253922,True,44,2,44:2
20260925T235832,6188.652544,64.3560744253922,True,44,3,44:3
20260925T235832,5305.855488,64.3560744253922,True,45,4,45:4
20260925T235832,6298.528,64.3560744253922,True,47,2,47:2
20260925T235832,4985.012736,64.3560744253922,True,51,4,51:4
20260925T235832,6437.159424,64.3560744253922,True,62,2,62:2
20260925T235833,6431.313152,64.3560744253922,True,2,4,2:4
20260925T235833,4845.814528,64.3560744253922,True,3,6,3:6
20260925T235833,6678.339072,64.3560744253922,True,4,4,4:4
20260925T235833,6371.597824,64.3560744253922,True,5,3,5:3
20260925T235833,6255.591424,64.3560744253922,True,7,3,7:3
20260925T235833,6308.184832,64.3560744253922,True,8,3,8:3
20260925T235833,6337.257728,64.3560744253922,True,9,3,9:3
20260925T235833,5448.372736,64.3560744253922,True,16,4,16:4
20260925T235833,4769.834752,64.3560744253922,True,17,5,17:5
20260925T235833,4822.2784,64.3560744253922,True,18,5,18:5
20260925T235833,6401.388032,64.3560744253922,True,20,3,20:3
20260925T235833,5533.771008,64.3560744253922,True,20,5,20:5
20260925T235833,7700.570112,64.3560744253922,True,24,3,24:3
20260925T235833,4952.016128,64.3560744253922,True,25,6,25:6
20260925T235833,6289.53472,64.3560744253922,True,30,4,30:4
20260925T235833,6586.066432,64.3560744253922,True,35,3,35:3
20260925T235833,7662.402048,64.3560744253922,True,38,2,38:2
20260925T235833,5616.24448,64.3560744253922,True,38,4,38:4
20260925T235833,5667.209472,64.3560744253922,True,42,4,42:4
20260925T235833,6259.120384,64.3560744253922,True,46,4,46:4
20260925T235833,5972.118528,64.3560744253922,True,53,4,53:4
20260925T235833,7263.456768,64.3560744253922,True,56,3,56:3
20260925T235833,6651.539712,64.3560744253922,True,58,2,58:2
20260925T235833,6852.199168,64.3560744253922,True,59,3,59:3
20260925T235833,5709.2288,64.3560744253922,True,61,4,61:4
20260925T235833,6091.4112,64.3560744253922,True,63,4,63:4
20260925T235833,4901.320448,64.3560744253922,True,63,5,63:5
20260925T235834,5666.037504,64.3560744253922,True,0,4,0:4
20260925T235834,7239.137024,64.3560744253922,True,3,4,3:4
20260925T235834,6120.89344,64.3560744253922,True,4,6,4:6
20260925T235834,5777.235456,64.3560744253922,True,7,4,7:4
20260925T235834,6473.401088,64.3560744253922,True,12,4,12:4
20260925T235834,7639.702016,64.3560744253922,True,14,4,14:4
20260925T235834,6776.792064,64.3560744253922,True,17,4,17:4
20260925T235834,5507.79136,64.3560744253922,True,21,4,21:4
20260925T235834,6637.853952,64.3560744253922,True,23,5,23:5
20260925T235834,6116.28288,64.3560744253922,True,25,5,25:5
20260925T235834,6767.795712,64.3560744253922,True,26,4,26:4
20260925T235834,5593.027328,64.3560744253922,True,26,5,26:5
20260925T235834,6649.234688,64.3560744253922,True,28,4,28:4
20260925T235834,5696.566016,64.3560744253922,True,28,6,28:6
20260925T235834,5845.4144,64.3560744253922,True,29,6,29:6
20260925T235834,7372.615168,64.3560744253922,True,30,3,30:3
20260925T235834,6854.825216,64.3560744253922,True,34,3,34:3
20260925T235834,6673.472256,64.3560744253922,True,36,4,36:4
20260925T235834,8037.997824,64.3560744253922,True,37,3,37:3
20260925T235834,7295.689472,64.3560744253922,True,43,3,43:3
20260925T235834,6410.156288,64.3560744253922,True,44,5,44:5
20260925T235834,5455.987456,64.3560744253922,True,45,6,45:6
20260925T235834,7435.011072,64.3560744253922,True,47,3,47:3
20260925T235834,5918.526976,64.3560744253922,True,48,4,48:4
20260925T235834,5273.12256,64.3560744253922,True,50,5,50:5
20260925T235834,7329.909504,64.3560744253922,True,52,4,52:4
20260925T235834,6344.86912,64.3560744253922,True,52,5,52:5
20260925T235834,7030.835712,64.3560744253922,True,58,3,58:3
20260925T235834,8301.9072,64.3560744253922,True,60,2,60:2
20260925T235835,8579.275776,64.3560744253922,True,0,3,0:3
20260925T235835,7210.093056,64.3560744253922,True,1,4,1:4
20260925T235835,6144.10112,64.3560744253922,True,5,5,5:5
20260925T235835,6414.148096,64.3560744253922,True,6,6,6:6
20260925T235835,6171.867392,64.3560744253922,True,9,5,9:5
20260925T235835,8271.049984,64.3560744253922,True,10,4,10:4
20260925T235835,6362.292992,64.3560744253922,True,10,6,10:6
20260925T235835,8524.3648,64.3560744253922,True,12,3,12:3
20260925T235835,6774.558208,64.3560744253922,True,13,5,13:5
20260925T235835,8069.65376,64.3560744253922,True,16,3,16:3
20260925T235835,6138.431488,64.3560744253922,True,18,6,18:6
20260925T235835,4.373504,64.3560744253922,False,20,13,20:13
20260925T235835,7966.592256,64.3560744253922,True,25,4,25:4
20260925T235835,8241.056,64.3560744253922,True,27,3,27:3
20260925T235835,7370.483712,64.3560744253922,True,29,4,29:4
20260925T235835,7041.27488,64.3560744253922,True,31,5,31:5
20260925T235835,7472.450048,64.3560744253922,True,32,4,32:4
20260925T235835,5661.502464,64.3560744253922,True,35,6,35:6
20260925T235835,8817.84448,64.3560744253922,True,39,3,39:3
20260925T235835,7648.67328,64.3560744253922,True,40,4,40:4
20260925T235835,8522.834688,64.3560744253922,True,41,3,41:3
20260925T235835,8743.183104,64.3560744253922,True,46,3,46:3
20260925T235835,6081.011456,64.3560744253922,True,49,5,49:5
20260925T235835,8950.998272,64.3560744253922,True,50,3,50:3
20260925T235835,7274.521344,64.3560744253922,True,54,4,54:4
20260925T235835,7958.834944,64.3560744253922,True,55,3,55:3
20260925T235835,6600.72448,64.3560744253922,True,57,4,57:4
20260925T235835,6282.225408,64.3560744253922,True,60,5,60:5
20260925T235835,6461.09952,64.3560744253922,True,61,6,61:6
20260925T235835,8794.12864,64.3560744253922,True,63,3,63:3
20260925T235836,8310.412544,64.3560744253922,True,6,5,6:5
20260925T235836,8617.364224,64.3560744253922,True,13,4,13:4
20260925T235836,8839.619584,64.3560744253922,True,15,4,15:4
20260925T235836,8939.090176,64.3560744253922,True,24,5,24:5
20260925T235836,8755.084032,64.3560744253922,True,27,4,27:4
20260925T235836,8579.90912,64.3560744253922,True,31,4,31:4
20260925T235836,7943.22688,64.3560744253922,True,36,5,36:5
20260925T235836,7085.143808,64.3560744253922,True,37,6,37:6
20260925T235836,8452.677632,64.3560744253922,True,46,5,46:5
20260925T235836,6983.204864,64.3560744253922,True,46,7,46:7
20260925T235836,8321.209344,64.3560744253922,True,47,4,47:4
20260925T235836,8068.706816,64.3560744253922,True,49,4,49:4
20260925T235836,8389.842944,64.3560744253922,True,51,5,51:5
20260925T235836,8007.591424,64.3560744253922,True,53,6,53:6
20260925T235836,8691.928832,64.3560744253922,True,59,5,59:5
20260925T235837,8520.352,64.3560744253922,True,0,5,0:5
20260925T235837,8616.885504,64.3560744253922,True,2,5,2:5
20260925T235837,10176.966912,64.3560744253922,True,3,5,3:5
20260925T235837,7764.102912,64.3560744253922,True,13,7,13:7
20260925T235837,8437.798656,64.3560744253922,True,14,6,14:6
20260925T235837,7602.492416,64.3560744253922,True,17,6,17:6
20260925T235837,10004.303872,64.3560744253922,True,20,4,20:4
20260925T235837,7131.557632,64.3560744253922,True,20,7,20:7
20260925T235837,9315.635968,64.3560744253922,True,22,4,22:4
20260925T235837,8749.078528,64.3560744253922,True,28,5,28:5
20260925T235837,8043.527936,64.3560744253922,True,29,7,29:7
20260925T235837,9061.686272,64.3560744253922,True,32,5,32:5
20260925T235837,7534.852608,64.3560744253922,True,40,6,40:6
20260925T235837,8596.430848,64.3560744253922,True,41,5,41:5
20260925T235837,9170.701568,64.3560744253922,True,43,4,43:4
20260925T235837,9576.350208,64.3560744253922,True,44,4,44:4
20260925T235837,9706.33728,64.3560744253922,True,45,5,45:5
20260925T235837,9491.344128,64.3560744253922,True,50,4,50:4
20260925T235837,8169.54752,64.3560744253922,True,54,5,54:5
20260925T235837,9535.780352,64.3560744253922,True,56,5,56:5
20260925T235837,9065.4784,64.3560744253922,True,56,6,56:6
20260925T235837,7759.266304,64.3560744253922,True,56,7,56:7
20260925T235837,7706.792704,64.3560744253922,True,57,5,57:5
20260925T235837,9334.0416,64.3560744253922,True,59,6,59:6
20260925T235838,8031.32288,64.3560744253922,True,1,6,1:6
20260925T235838,8835.964416,64.3560744253922,True,3,7,3:7
20260925T235838,10110.18368,64.3560744253922,True,5,4,5:4
20260925T235838,9981.076992,64.3560744253922,True,10,5,10:5
20260925T235838,8079.119616,64.3560744253922,True,10,7,10:7
20260925T235838,10259.300352,64.3560744253922,True,11,4,11:4
20260925T235838,8745.775104,64.3560744253922,True,15,7,15:7
20260925T235838,10304.018176,64.3560744253922,True,19,4,19:4
20260925T235838,9050.879488,64.3560744253922,True,21,5,21:5
20260925T235838,9397.08288,64.3560744253922,True,23,6,23:6
20260925T235838,8585.031424,64.3560744253922,True,25,7,25:7
20260925T235838,8310.966016,64.3560744253922,True,26,6,26:6
20260925T235838,9313.903104,64.3560744253922,True,27,5,27:5
20260925T235838,7785.457664,64.3560744253922,True,29,8,29:8
20260925T235838,7835.173888,64.3560744253922,True,33,6,33:6
20260925T235838,9933.895168,64.3560744253922,True,34,4,34:4
20260925T235838,8576.205824,64.3560744253922,True,47,5,47:5
20260925T235838,8292.848384,64.3560744253922,True,50,6,50:6
20260925T235838,10242.513408,64.3560744253922,True,55,4,55:4
20260925T235838,10496.933376,64.3560744253922,True,60,4,60:4
20260925T235838,9794.179584,64.3560744253922,True,61,5,61:5
20260925T235838,9786.01472,64.3560744253922,True,62,4,62:4
20260925T235839,9427.105024,64.3560744253922,True,0,6,0:6
20260925T235839,8724.668416,64.3560744253922,True,1,7,1:7
20260925T235839,9251.305216,64.3560744253922,True,8,7,8:7
20260925T235839,2.624256,64.3560744253922,False,8,18,8:18
20260925T235839,8802.290432,64.3560744253922,True,13,8,13:8
20260925T235839,8341.915648,64.3560744253922,True,17,7,17:7
20260925T235839,9777.552128,64.3560744253922,True,19,5,19:5
20260925T235839,10823.87456,64.3560744253922,True,20,6,20:6
20260925T235839,9966.368,64.3560744253922,True,22,5,22:5
20260925T235839,10806.548224,64.3560744253922,True,24,6,24:6
20260925T235839,9607.969024,64.3560744253922,True,27,6,27:6
20260925T235839,9128.496384,64.3560744253922,True,28,7,28:7
20260925T235839,9898.63424,64.3560744253922,True,30,7,30:7
20260925T235839,10524.356608,64.3560744253922,True,33,5,33:5
20260925T235839,9586.832128,64.3560744253922,True,35,7,35:7
20260925T235839,9191.58528,64.3560744253922,True,36,6,36:6
20260925T235839,9065.400576,64.3560744253922,True,36,7,36:7
20260925T235839,9506.154752,64.3560744253922,True,37,7,37:7
20260925T235839,10374.075136,64.3560744253922,True,39,5,39:5
20260925T235839,10056.11904,64.3560744253922,True,40,5,40:5
20260925T235839,9165.703168,64.3560744253922,True,41,6,41:6
20260925T235839,10424.42752,64.3560744253922,True,42,5,42:5
20260925T235839,9731.748864,64.3560744253922,True,43,5,43:5
20260925T235839,10659.481088,64.3560744253922,True,44,6,44:6
20260925T235839,8440.124672,64.3560744253922,True,44,8,44:8
20260925T235839,9670.645504,64.3560744253922,True,45,7,45:7
20260925T235839,10419.866624,64.3560744253922,True,46,6,46:6
20260925T235839,10046.773248,64.3560744253922,True,48,5,48:5
20260925T235839,10264.640256,64.3560744253922,True,52,6,52:6
20260925T235839,10292.62976,64.3560744253922,True,52,7,52:7
20260925T235839,9943.344896,64.3560744253922,True,53,7,53:7
20260925T235839,8489.318144,64.3560744253922,True,55,6,55:6
20260925T235839,8832.999168,64.3560744253922,True,62,6,62:6
20260925T235840,10601.081344,64.3560744253922,True,2,7,2:7
20260925T235840,10582.071808,64.3560744253922,True,7,5,7:5
20260925T235840,10309.81632,64.3560744253922,True,7,6,7:6
20260925T235840,11333.874944,64.3560744253922,True,8,6,8:6
20260925T235840,9716.25984,64.3560744253922,True,10,8,10:8
20260925T235840,10799.522304,64.3560744253922,True,11,5,11:5
20260925T235840,10679.439872,64.3560744253922,True,16,6,16:6
20260925T235840,9587.922688,64.3560744253922,True,20,8,20:8
20260925T235840,9740.958208,64.3560744253922,True,22,7,22:7
20260925T235840,9972.176896,64.3560744253922,True,23,7,23:7
20260925T235840,9236.387072,64.3560744253922,True,24,9,24:9
20260925T235840,9661.646592,64.3560744253922,True,26,7,26:7
20260925T235840,11634.867456,64.3560744253922,True,30,6,30:6
20260925T235840,9349.69984,64.3560744253922,True,35,8,35:8
20260925T235840,10050.978048,64.3560744253922,True,37,8,37:8
20260925T235840,10857.948672,64.3560744253922,True,38,5,38:5
20260925T235840,9270.6432,64.3560744253922,True,41,7,41:7
20260925T235840,10038.342656,64.3560744253922,True,46,8,46:8
20260925T235840,9559.391744,64.3560744253922,True,48,6,48:6
20260925T235840,11610.953472,64.3560744253922,True,51,6,51:6
20260925T235840,9771.083776,64.3560744253922,True,51,8,51:8
20260925T235840,11431.904512,64.3560744253922,True,58,4,58:4
20260925T235840,10282.672384,64.3560744253922,True,58,5,58:5
20260925T235840,10307.058432,64.3560744253922,True,60,6,60:6
20260925T235840,9294.291968,64.3560744253922,True,60,7,60:7
20260925T235840,10447.415296,64.3560744253922,True,61,7,61:7
20260925T235840,10706.55872,64.3560744253922,True,62,5,62:5
20260925T235841,12393.705984,64.3560744253922,True,1,5,1:5
20260925T235841,12133.31584,64.3560744253922,True,2,6,2:6
20260925T235841,12444.808192,64.3560744253922,True,4,7,4:7
20260925T235841,10244.395264,64.3560744253922,True,4,9,4:9
20260925T235841,10039.539456,64.3560744253922,True,6,9,6:9
20260925T235841,9994.112768,64.3560744253922,True,7,7,7:7
20260925T235841,10124.161024,64.3560744253922,True,10,9,10:9
20260925T235841,11892.13824,64.3560744253922,True,12,5,12:5
20260925T235841,11470.964992,64.3560744253922,True,14,7,14:7
20260925T235841,12382.064896,64.3560744253922,True,16,5,16:5
20260925T235841,10715.617792,64.3560744253922,True,19,6,19:6
20260925T235841,9828.88064,64.3560744253922,True,21,7,21:7
20260925T235841,10534.889984,64.3560744253922,True,25,8,25:8
20260925T235841,9978.5792,64.3560744253922,True,26,8,26:8
20260925T235841,10415.772928,64.3560744253922,True,30,8,30:8
20260925T235841,12101.32608,64.3560744253922,True,31,6,31:6
20260925T235841,10197.431552,64.3560744253922,True,33,7,33:7
20260925T235841,12090.30016,64.3560744253922,True,42,6,42:6
20260925T235841,11155.882496,64.3560744253922,True,51,7,51:7
20260925T235841,12065.683712,64.3560744253922,True,59,7,59:7
20260925T235841,11467.86176,64.3560744253922,True,59,8,59:8
20260925T235842,10384.685568,64.3560744253922,True,2,9,2:9
20260925T235842,12835.898624,64.3560744253922,True,3,8,3:8
20260925T235842,11902.182656,64.3560744253922,True,8,8,8:8
20260925T235842,10677.34272,64.3560744253922,True,14,9,14:9
20260925T235842,10385.143296,64.3560744253922,True,15,9,15:9
20260925T235842,10896.178432,64.3560744253922,True,25,9,25:9
20260925T235842,10744.957696,64.3560744253922,True,28,9,28:9
20260925T235842,11386.736384,64.3560744253922,True,31,7,31:7
20260925T235842,12498.5216,64.3560744253922,True,32,6,32:6
20260925T235842,11636.16384,64.3560744253922,True,36,8,36:8
20260925T235842,11336.245248,64.3560744253922,True,37,9,37:9
20260925T235842,12250.467072,64.3560744253922,True,39,6,39:6
20260925T235842,10570.463488,64.3560744253922,True,41,8,41:8
20260925T235842,11401.063424,64.3560744253922,True,42,7,42:7
20260925T235842,12060.1536,64.3560744253922,True,44,7,44:7
20260925T235842,11215.081216,64.3560744253922,True,45,8,45:8
20260925T235842,11243.917312,64.3560744253922,True,47,6,47:6
20260925T235842,10648.339712,64.3560744253922,True,48,7,48:7
20260925T235842,10359.807488,64.3560744253922,True,52,10,52:10
20260925T235842,12063.409664,64.3560744253922,True,54,6,54:6
20260925T235842,10666.373376,64.3560744253922,True,54,8,54:8
20260925T235842,12389.810688,64.3560744253922,True,55,5,55:5
20260925T235842,11252.185088,64.3560744253922,True,57,6,57:6
20260925T235842,11658.623744,64.3560744253922,True,59,9,59:9
20260925T235842,11230.530816,64.3560744253922,True,61,8,61:8
20260925T235843,13123.182848,64.3560744253922,True,3,9,3:9
20260925T235843,13374.447872,64.3560744253922,True,4,8,4:8
20260925T235843,13511.703296,64.3560744253922,True,5,6,5:6
20260925T235843,12831.601408,64.3560744253922,True,6,8,6:8
20260925T235843,11201.974272,64.3560744253922,True,7,8,7:8
20260925T235843,12150.510848,64.3560744253922,True,8,9,8:9
20260925T235843,11111.505408,64.3560744253922,True,11,7,11:7
20260925T235843,12943.13856,64.3560744253922,True,12,6,12:6
20260925T235843,11719.12832,64.3560744253922,True,12,7,12:7
20260925T235843,11168.576512,64.3560744253922,True,19,7,19:7
20260925T235843,11202.132992,64.3560744253922,True,21,8,21:8
20260925T235843,11836.33024,64.3560744253922,True,23,8,23:8
20260925T235843,10943.485184,64.3560744253922,True,23,9,23:9
20260925T235843,12577.357056,64.3560744253922,True,28,8,28:8
20260925T235843,11067.6032,64.3560744253922,True,28,10,28:10
20260925T235843,12944.653312,64.3560744253922,True,34,5,34:5
20260925T235843,12299.88352,64.3560744253922,True,34,6,34:6
20260925T235843,13173.781248,64.3560744253922,True,53,8,53:8
20260925T235843,12495.96928,64.3560744253922,True,54,7,54:7
20260925T235843,13285.771008,64.3560744253922,True,56,8,56:8
20260925T235843,12355.123456,64.3560744253922,True,56,9,56:9
20260925T235843,11934.120704,64.3560744253922,True,56,10,56:10
20260925T235843,11124.60288,64.3560744253922,True,61,9,61:9
20260925T235843,13400.755968,64.3560744253922,True,63,6,63:6
20260925T235843,12363.76064,64.3560744253922,True,63,7,63:7
20260925T235844,13453.493248,64.3560744253922,True,2,8,2:8
20260925T235844,11621.493248,64.3560744253922,True,2,10,2:10
20260925T235844,12308.037888,64.3560744253922,True,5,8,5:8
20260925T235844,13512.34304,64.3560744253922,True,9,6,9:6
20260925T235844,12148.948992,64.3560744253922,True,10,10,10:10
20260925T235844,13876.331776,64.3560744253922,True,11,6,11:6
20260925T235844,12329.774848,64.3560744253922,True,13,9,13:9
20260925T235844,13647.701504,64.3560744253922,True,14,8,14:8
20260925T235844,12871.569152,64.3560744253922,True,16,7,16:7
20260925T235844,13453.338112,64.3560744253922,True,29,9,29:9
20260925T235844,12647.566592,64.3560744253922,True,29,10,29:10
20260925T235844,12597.239552,64.3560744253922,True,30,9,30:9
20260925T235844,11574.015488,64.3560744253922,True,40,9,40:9
20260925T235844,12865.753856,64.3560744253922,True,45,10,45:10
20260925T235844,11970.25792,64.3560744253922,True,46,10,46:10
20260925T235844,13513.179392,64.3560744253922,True,49,6,49:6
20260925T235844,12936.12416,64.3560744253922,True,50,8,50:8
20260925T235844,12727.290112,64.3560744253922,True,51,9,51:9
20260925T235844,13842.075136,64.3560744253922,True,52,8,52:8
20260925T235844,12587.109888,64.3560744253922,True,55,7,55:7
20260925T235844,13402.712832,64.3560744253922,True,58,6,58:6
20260925T235844,12086.608896,64.3560744253922,True,63,8,63:8
20260925T235845,13960.028416,64.3560744253922,True,0,7,0:7
20260925T235845,12485.432576,64.3560744253922,True,1,9,1:9
20260925T235845,13938.761984,64.3560744253922,True,3,10,3:10
20260925T235845,13779.183616,64.3560744253922,True,4,10,4:10
20260925T235845,14590.649088,64.3560744253922,True,5,7,5:7
20260925T235845,12693.687808,64.3560744253922,True,6,10,6:10
20260925T235845,13127.835648,64.3560744253922,True,13,10,13:10
20260925T235845,13235.092224,64.3560744253922,True,16,8,16:8
20260925T235845,14000.472064,64.3560744253922,True,17,8,17:8
20260925T235845,12509.16992,64.3560744253922,True,18,10,18:10
20260925T235845,14426.617856,64.3560744253922,True,21,6,21:6
20260925T235845,12999.412224,64.3560744253922,True,24,10,24:10
20260925T235845,14670.427648,64.3560744253922,True,32,7,32:7
20260925T235845,14192.658176,64.3560744253922,True,39,7,39:7
20260925T235845,13388.756736,64.3560744253922,True,40,8,40:8
20260925T235845,14123.286272,64.3560744253922,True,42,8,42:8
20260925T235845,12710.552832,64.3560744253922,True,42,9,42:9
20260925T235845,13425.548032,64.3560744253922,True,43,7,43:7
20260925T235845,13100.900864,64.3560744253922,True,43,8,43:8
20260925T235845,13249.040128,64.3560744253922,True,44,10,44:10
20260925T235845,13432.536576,64.3560744253922,True,46,9,46:9
20260925T235845,14745.000704,64.3560744253922,True,50,7,50:7
20260925T235845,12793.618688,64.3560744253922,True,52,11,52:11
20260925T235845,12615.91424,64.3560744253922,True,57,8,57:8
20260925T235846,13797.778176,64.3560744253922,True,3,11,3:11
20260925T235846,14295.979008,64.3560744253922,True,9,7,9:7
20260925T235846,13452.20352,64.3560744253922,True,11,8,11:8
20260925T235846,13402.398976,64.3560744253922,True,12,8,12:8
20260925T235846,15672.239616,64.3560744253922,True,15,8,15:8
20260925T235846,14380.82048,64.3560744253922,True,18,9,18:9
20260925T235846,14046.910976,64.3560744253922,True,24,11,24:11
20260925T235846,15353.167616,64.3560744253922,True,27,7,27:7
20260925T235846,13479.086592,64.3560744253922,True,27,9,27:9
20260925T235846,15345.778944,64.3560744253922,True,32,8,32:8
20260925T235846,14428.701696,64.3560744253922,True,32,9,32:9
20260925T235846,14160.205056,64.3560744253922,True,34,7,34:7
20260925T235846,14142.623488,64.3560744253922,True,35,9,35:9
20260925T235846,15024.827904,64.3560744253922,True,36,9,36:9
20260925T235846,14388.6208,64.3560744253922,True,37,10,37:10
20260925T235846,13643.261184,64.3560744253922,True,39,9,39:9
20260925T235846,14584.218112,64.3560744253922,True,44,9,44:9
20260925T235846,15142.393344,64.3560744253922,True,52,9,52:9
20260925T235846,14880.244992,64.3560744253922,True,53,9,53:9
20260925T235846,13647.811328,64.3560744253922,True,53,11,53:11
20260925T235846,13923.146496,64.3560744253922,True,56,11,56:11
20260925T235846,14319.721216,64.3560744253922,True,58,7,58:7
20260925T235847,13919.884288,64.3560744253922,True,10,11,10:11
20260925T235847,13612.62848,64.3560744253922,True,13,11,13:11
20260925T235847,13983.206912,64.3560744253922,True,16,9,16:9
20260925T235847,15900.11264,64.3560744253922,True,20,9,20:9
20260925T235847,14487.078656,64.3560744253922,True,20,10,20:10
20260925T235847,13955.688448,64.3560744253922,True,21,9,21:9
20260925T235847,23570.971136,64.3560744253922,True,23,0,23:0
20260925T235847,14762.968576,64.3560744253922,True,23,10,23:10
20260925T235847,14920.909568,64.3560744253922,True,25,10,25:10
20260925T235847,13936.86656,64.3560744253922,True,29,12,29:12
20260925T235847,15255.7312,64.3560744253922,True,31,8,31:8
20260925T235847,15564.576768,64.3560744253922,True,38,7,38:7
20260925T235847,14928.672512,64.3560744253922,True,39,8,39:8
20260925T235847,14789.963776,64.3560744253922,True,41,9,41:9
20260925T235847,16241.055744,64.3560744253922,True,45,9,45:9
20260925T235847,15216.710656,64.3560744253922,True,45,11,45:11
20260925T235847,14353.519872,64.3560744253922,True,45,12,45:12
20260925T235847,14513.004544,64.3560744253922,True,46,11,46:11
20260925T235847,14997.768192,64.3560744253922,True,49,8,49:8
20260925T235847,14150.140672,64.3560744253922,True,50,10,50:10
20260925T235848,15782.880256,64.3560744253922,True,0,9,0:9
20260925T235848,16056.398336,64.3560744253922,True,4,11,4:11
20260925T235848,23080.488448,64.3560744253922,True,7,1,7:1
20260925T235848,15454.455808,64.3560744253922,True,9,8,9:8
20260925T235848,15142.01088,64.3560744253922,True,15,11,15:11
20260925T235848,15914.864384,64.3560744253922,True,33,9,33:9
20260925T235848,16185.769216,64.3560744253922,True,36,10,36:10
20260925T235848,16180.170496,64.3560744253922,True,38,8,38:8
20260925T235848,15641.026816,64.3560744253922,True,44,11,44:11
20260925T235848,16274.691584,64.3560744253922,True,47,7,47:7
20260925T235848,15304.936704,64.3560744253922,True,51,10,51:10
20260925T235848,15629.397504,64.3560744253922,True,53,10,53:10
20260925T235848,23972.587008,64.3560744253922,True,55,0,55:0
20260925T235848,16439.933184,64.3560744253922,True,57,7,57:7
20260925T235848,15309.921024,64.3560744253922,True,59,11,59:11
20260925T235848,15563.487232,64.3560744253922,True,61,10,61:10
20260925T235848,15025.560832,64.3560744253922,True,61,11,61:11
20260925T235848,15070.22976,64.3560744253922,True,62,9,62:9
20260925T235848,16057.724672,64.3560744253922,True,63,9,63:9
20260925T235849,17281.377024,64.3560744253922,True,8,10,8:10
20260925T235849,15425.037824,64.3560744253922,True,14,12,14:12
20260925T235849,16968.539648,64.3560744253922,True,15,10,15:10
20260925T235849,17091.374848,64.3560744253922,True,17,9,17:9
20260925T235849,15429.916416,64.3560744253922,True,19,9,19:9
20260925T235849,15203.071488,64.3560744253922,True,25,12,25:12
20260925T235849,17317.028608,64.3560744253922,True,27,8,27:8
20260925T235849,14943.859968,64.3560744253922,True,28,12,28:12
20260925T235849,16479.391232,64.3560744253922,True,29,11,29:11
20260925T235849,16447.785216,64.3560744253922,True,30,11,30:11
20260925T235849,15304.328704,64.3560744253922,True,31,10,31:10
20260925T235849,23598.124288,64.3560744253922,True,33,2,33:2
20260925T235849,16890.067712,64.3560744253922,True,37,11,37:11
20260925T235849,15017.711616,64.3560744253922,True,39,10,39:10
20260925T235849,15942.7776,64.3560744253922,True,49,9,49:9
20260925T235849,16015.678464,64.3560744253922,True,52,12,52:12
20260925T235849,16331.4112,64.3560744253922,True,54,9,54:9
20260925T235849,16254.344192,64.3560744253922,True,54,10,54:10
20260925T235849,17008.948736,64.3560744253922,True,55,8,55:8
20260925T235849,15279.727104,64.3560744253922,True,58,9,58:9
20260925T235850,17083.997952,64.3560744253922,True,0,10,0:10
20260925T235850,16429.008896,64.3560744253922,True,3,13,3:13
20260925T235850,16918.364416,64.3560744253922,True,4,13,4:13
20260925T235850,17770.393344,64.3560744253922,True,6,11,6:11
20260925T235850,16572.671744,64.3560744253922,True,6,12,6:12
20260925T235850,16795.034368,64.3560744253922,True,7,9,7:9
20260925T235850,17397.744896,64.3560744253922,True,8,11,8:11
20260925T235850,16604.253952,64.3560744253922,True,17,10,17:10
20260925T235850,17640.94592,64.3560744253922,True,19,8,19:8
20260925T235850,16392.812032,64.3560744253922,True,27,10,27:10
20260925T235850,17339.926016,64.3560744253922,True,30,10,30:10
20260925T235850,16437.880064,64.3560744253922,True,34,8,34:8
20260925T235850,16832.168192,64.3560744253922,True,35,10,35:10
20260925T235850,15868.871168,64.3560744253922,True,35,11,35:11
20260925T235850,15621.682176,64.3560744253922,True,36,12,36:12
20260925T235850,16398.658304,64.3560744253922,True,40,11,40:11
20260925T235850,26328.8128,64.3560744253922,True,42,0,42:0
20260925T235850,15965.908224,64.3560744253922,True,43,10,43:10
20260925T235850,25410.87744,64.3560744253922,True,51,1,51:1
20260925T235850,15476.532224,64.3560744253922,True,51,12,51:12
20260925T235850,16137.694976,64.3560744253922,True,53,13,53:13
20260925T235850,16737.59616,64.3560744253922,True,55,9,55:9
20260925T235850,17362.692096,64.3560744253922,True,60,9,60:9
20260925T235851,17689.908992,64.3560744253922,True,2,11,2:11
20260925T235851,18257.632,64.3560744253922,True,3,12,3:12
20260925T235851,18435.35488,64.3560744253922,True,4,12,4:12
20260925T235851,16869.810176,64.3560744253922,True,5,10,5:10
20260925T235851,26397.574656,64.3560744253922,True,6,1,6:1
20260925T235851,17129.172224,64.3560744253922,True,8,12,8:12
20260925T235851,16661.319424,64.3560744253922,True,10,13,10:13
20260925T235851,17271.4368,64.3560744253922,True,11,9,11:9
20260925T235851,17147.531776,64.3560744253922,True,15,12,15:12
20260925T235851,17891.524864,64.3560744253922,True,18,11,18:11
20260925T235851,16819.336448,64.3560744253922,True,20,12,20:12
20260925T235851,17966.835968,64.3560744253922,True,25,11,25:11
20260925T235851,18108.416768,64.3560744253922,True,26,9,26:9
20260925T235851,16347.963648,64.3560744253922,True,27,11,27:11
20260925T235851,18832.708352,64.3560744253922,True,31,9,31:9
20260925T235851,16941.871104,64.3560744253922,True,37,13,37:13
20260925T235851,24615.481344,64.3560744253922,True,40,3,40:3
20260925T235851,17425.988096,64.3560744253922,True,41,10,41:10
20260925T235851,17803.232256,64.3560744253922,True,42,10,42:10
20260925T235851,17305.747456,64.3560744253922,True,43,9,43:9
20260925T235851,17118.676992,64.3560744253922,True,44,13,44:13
20260925T235851,17620.624896,64.3560744253922,True,50,11,50:11
20260925T235851,17686.393088,64.3560744253922,True,52,13,52:13
20260925T235851,17261.718272,64.3560744253922,True,54,11,54:11
20260925T235851,16603.962112,64.3560744253922,True,56,13,56:13
20260925T235851,17603.533568,64.3560744253922,True,59,13,59:13
20260925T235852,18760.464384,64.3560744253922,True,5,9,5:9
20260925T235852,18531.747328,64.3560744253922,True,12,9,12:9
20260925T235852,18594.794496,64.3560744253922,True,14,11,14:11
20260925T235852,18194.343168,64.3560744253922,True,24,12,24:12
20260925T235852,18980.957184,64.3560744253922,True,28,11,28:11
20260925T235852,19115.397376,64.3560744253922,True,32,10,32:10
20260925T235852,17771.281152,64.3560744253922,True,33,11,33:11
20260925T235852,18780.517632,64.3560744253922,True,36,11,36:11
20260925T235852,18630.42688,64.3560744253922,True,38,9,38:9
20260925T235852,19146.249472,64.3560744253922,True,44,12,44:12
20260925T235852,18787.982848,64.3560744253922,True,48,8,48:8
20260925T235852,17713.361152,64.3560744253922,True,48,9,48:9
20260925T235852,19372.815872,64.3560744253922,True,51,11,51:11
20260925T235852,18263.38304,64.3560744253922,True,53,12,53:12
20260925T235852,18799.166464,64.3560744253922,True,58,8,58:8
20260925T235852,19087.208704,64.3560744253922,True,59,12,59:12
20260925T235852,18413.735936,64.3560744253922,True,63,10,63:10
20260925T235853,18232.435456,64.3560744253922,True,0,12,0:12
20260925T235853,19665.371648,64.3560744253922,True,1,10,1:10
20260925T235853,19412.788224,64.3560744253922,True,4,14,4:14
20260925T235853,18935.627008,64.3560744253922,True,7,10,7:10
20260925T235853,19960.471808,64.3560744253922,True,10,12,10:12
20260925T235853,18539.64288,64.3560744253922,True,13,12,13:12
20260925T235853,18802.20032,64.3560744253922,True,21,10,21:10
20260925T235853,18621.568256,64.3560744253922,True,26,10,26:10
20260925T235853,18973.175552,64.3560744253922,True,29,13,29:13
20260925T235853,19117.42208,64.3560744253922,True,32,11,32:11
20260925T235853,60.525824,64.3560744253922,False,37,37,37:37
20260925T235853,18568.130816,64.3560744253922,True,39,11,39:11
20260925T235853,20350.385152,64.3560744253922,True,40,10,40:10
20260925T235853,18908.064512,64.3560744253922,True,46,13,46:13
20260925T235853,19789.601024,64.3560744253922,True,47,8,47:8
20260925T235853,18878.83136,64.3560744253922,True,47,9,47:9
20260925T235853,18451.725056,64.3560744253922,True,50,12,50:12
20260925T235853,18748.48512,64.3560744253922,True,52,14,52:14
20260925T235853,18212.559104,64.3560744253922,True,55,10,55:10
20260925T235853,18924.563968,64.3560744253922,True,57,9,57:9
20260925T235853,18606.817024,64.3560744253922,True,59,14,59:14
20260925T235853,19787.961344,64.3560744253922,True,60,10,60:10
20260925T235853,19486.517504,64.3560744253922,True,61,12,61:12
20260925T235853,18383.021824,64.3560744253922,True,63,11,63:11
20260925T235854,26052.841216,64.3560744253922,True,8,5,8:5
20260925T235854,19257.460736,64.3560744253922,True,8,14,8:14
20260925T235854,18602.21056,64.3560744253922,True,14,13,14:13
20260925T235854,20711.141888,64.3560744253922,True,16,10,16:10
20260925T235854,19722.264576,64.3560744253922,True,16,11,16:11
20260925T235854,20351.653888,64.3560744253922,True,20,11,20:11
20260925T235854,20397.051136,64.3560744253922,True,30,12,30:12
20260925T235854,19421.300736,64.3560744253922,True,30,13,30:13
20260925T235854,18880.689664,64.3560744253922,True,31,11,31:11
20260925T235854,18917.950208,64.3560744253922,True,32,13,32:13
20260925T235854,19651.7696,64.3560744253922,True,42,11,42:11
20260925T235854,18937.027072,64.3560744253922,True,45,15,45:15
20260925T235855,21065.061888,64.3560744253922,True,0,11,0:11
20260925T235855,20189.9008,64.3560744253922,True,1,11,1:11
20260925T235855,19512.041216,64.3560744253922,True,1,12,1:12
20260925T235855,21427.02976,64.3560744253922,True,2,12,2:12
20260925T235855,31072.999424,64.3560744253922,True,8,0,8:0
20260925T235855,30307.042816,64.3560744253922,True,13,1,13:1
20260925T235855,19993.150208,64.3560744253922,True,16,12,16:12
20260925T235855,20650.923264,64.3560744253922,True,18,12,18:12
20260925T235855,21011.104,64.3560744253922,True,23,11,23:11
20260925T235855,20198.398464,64.3560744253922,True,25,14,25:14
20260925T235855,30579.848448,64.3560744253922,True,30,1,30:1
20260925T235855,20348.755456,64.3560744253922,True,32,12,32:12
20260925T235855,20981.112064,64.3560744253922,True,33,10,33:10
20260925T235855,19538.136576,64.3560744253922,True,36,13,36:13
20260925T235855,19400.01408,64.3560744253922,True,39,12,39:12
20260925T235855,20647.679232,64.3560744253922,True,40,12,40:12
20260925T235855,21081.798656,64.3560744253922,True,45,13,45:13
20260925T235855,21009.28512,64.3560744253922,True,45,14,45:14
20260925T235855,20140.457472,64.3560744253922,True,53,14,53:14
20260925T235855,20096.760064,64.3560744253922,True,58,10,58:10
20260925T235855,20565.969408,64.3560744253922,True,60,11,60:11
20260925T235855,19785.428992,64.3560744253922,True,61,13,61:13
20260925T235856,19912.146176,64.3560744253922,True,2,14,2:14
20260925T235856,20907.492096,64.3560744253922,True,5,11,5:11
20260925T235856,21625.338112,64.3560744253922,True,6,13,6:13
20260925T235856,21692.555264,64.3560744253922,True,12,10,12:10
20260925T235856,21280.212992,64.3560744253922,True,13,13,13:13
20260925T235856,22162.869248,64.3560744253922,True,15,13,15:13
20260925T235856,21310.336,64.3560744253922,True,19,10,19:10
20260925T235856,22236.999168,64.3560744253922,True,22,10,22:10
20260925T235856,21404.232448,64.3560744253922,True,25,13,25:13
20260925T235856,21176.724992,64.3560744253922,True,27,12,27:12
20260925T235856,20240.111616,64.3560744253922,True,27,13,27:13
20260925T235856,19979.651328,64.3560744253922,True,30,14,30:14
20260925T235856,32263.65312,64.3560744253922,True,31,0,31:0
20260925T235856,22039.902976,64.3560744253922,True,34,9,34:9
20260925T235856,20944.164096,64.3560744253922,True,35,13,35:13
20260925T235856,21552.881664,64.3560744253922,True,37,14,37:14
20260925T235856,21370.497024,64.3560744253922,True,38,10,38:10
20260925T235856,21780.090368,64.3560744253922,True,41,11,41:11
20260925T235856,20604.630016,64.3560744253922,True,43,11,43:11
20260925T235856,20958.672128,64.3560744253922,True,44,14,44:14
20260925T235856,20195.640832,64.3560744253922,True,45,16,45:16
20260925T235856,20509.985024,64.3560744253922,True,46,14,46:14
20260925T235856,21240.318464,64.3560744253922,True,49,10,49:10
20260925T235856,20194.479104,64.3560744253922,True,49,11,49:11
20260925T235856,20717.784832,64.3560744253922,True,54,12,54:12
20260925T235856,20957.510912,64.3560744253922,True,56,14,56:14
20260925T235856,22037.1776,64.3560744253922,True,62,10,62:10
20260925T235857,20843.909888,64.3560744253922,True,0,13,0:13
20260925T235857,22035.645696,64.3560744253922,True,4,15,4:15
20260925T235857,21273.604864,64.3560744253922,True,6,14,6:14
20260925T235857,21827.835648,64.3560744253922,True,10,14,10:14
20260925T235857,21311.2512,64.3560744253922,True,10,15,10:15
20260925T235857,22701.373696,64.3560744253922,True,17,11,17:11
20260925T235857,31421.040128,64.3560744253922,True,18,2,18:2
20260925T235857,22629.145344,64.3560744253922,True,18,13,18:13
20260925T235857,20576.21376,64.3560744253922,True,18,14,18:14
20260925T235857,20591.158272,64.3560744253922,True,25,15,25:15
20260925T235857,22527.37024,64.3560744253922,True,28,13,28:13
20260925T235857,21010.67264,64.3560744253922,True,53,15,53:15
20260925T235857,21660.585216,64.3560744253922,True,55,11,55:11
20260925T235857,21221.5872,64.3560744253922,True,56,15,56:15
20260925T235857,20534.64192,64.3560744253922,True,56,16,56:16
20260925T235857,20785.219072,64.3560744253922,True,58,12,58:12
20260925T235857,21938.41792,64.3560744253922,True,59,15,59:15
20260925T235857,21085.222656,64.3560744253922,True,59,16,59:16
20260925T235857,22079.263488,64.3560744253922,True,63,12,63:12
20260925T235858,21479.624704,64.3560744253922,True,1,13,1:13
20260925T235858,23085.814272,64.3560744253922,True,3,14,3:14
20260925T235858,21849.917184,64.3560744253922,True,3,15,3:15
20260925T235858,21257.617664,64.3560744253922,True,3,16,3:16
20260925T235858,21518.92224,64.3560744253922,True,17,13,17:13
20260925T235858,21961.572096,64.3560744253922,True,22,12,22:12
20260925T235858,23018.713856,64.3560744253922,True,24,14,24:14
20260925T235858,22295.150592,64.3560744253922,True,24,15,24:15
20260925T235858,22881.963776,64.3560744253922,True,28,14,28:14
20260925T235858,21782.248448,64.3560744253922,True,29,15,29:15
20260925T235858,22286.82368,64.3560744253922,True,33,12,33:12
20260925T235858,21714.813952,64.3560744253922,True,34,11,34:11
20260925T235858,22510.931968,64.3560744253922,True,37,15,37:15
20260925T235858,22874.699776,64.3560744253922,True,42,12,42:12
20260925T235858,21637.08032,64.3560744253922,True,43,12,43:12
20260925T235858,21674.608896,64.3560744253922,True,44,15,44:15
20260925T235858,21428.227072,64.3560744253922,True,44,16,44:16
20260925T235858,34372.32128,64.3560744253922,True,47,0,47:0
20260925T235858,23064.860416,64.3560744253922,True,48,10,48:10
20260925T235858,22588.663808,64.3560744253922,True,61,14,61:14
20260925T235858,22126.793984,64.3560744253922,True,63,13,63:13
20260925T235859,23382.230784,64.3560744253922,True,12,11,12:11
20260925T235859,33278.072576,64.3560744253922,True,14,3,14:3
20260925T235859,22789.61408,64.3560744253922,True,20,15,20:15
20260925T235859,29712.204544,64.3560744253922,True,24,7,24:7
20260925T235859,33031.32928,64.3560744253922,True,25,3,25:3
20260925T235859,23038.352128,64.3560744253922,True,31,12,31:12
20260925T235859,23301.851648,64.3560744253922,True,38,11,38:11
20260925T235859,23180.501248,64.3560744253922,True,47,10,47:10
20260925T235859,23032.125952,64.3560744253922,True,48,11,48:11
20260925T235859,23743.359488,64.3560744253922,True,52,15,52:15
20260925T235859,24225.325824,64.3560744253922,True,57,10,57:10
20260925T235900,24339.784704,64.3560744253922,True,4,16,4:16
20260925T235900,32936.873728,64.3560744253922,True,6,4,6:4
20260925T235900,24234.944256,64.3560744253922,True,8,15,8:15
20260925T235900,23515.994368,64.3560744253922,True,10,16,10:16
20260925T235900,24897.726976,64.3560744253922,True,11,10,11:10
20260925T235900,23951.091712,64.3560744253922,True,13,14,13:14
20260925T235900,24890.44608,64.3560744253922,True,15,14,15:14
20260925T235900,23474.085632,64.3560744253922,True,15,16,15:16
20260925T235900,24520.395008,64.3560744253922,True,17,12,17:12
20260925T235900,22777.70496,64.3560744253922,True,17,14,17:14
20260925T235900,23919.272448,64.3560744253922,True,19,11,19:11
20260925T235900,24925.850112,64.3560744253922,True,20,14,20:14
20260925T235900,24322.354688,64.3560744253922,True,21,11,21:11
20260925T235900,22628.722176,64.3560744253922,True,22,13,22:13
20260925T235900,23835.493632,64.3560744253922,True,32,14,32:14
20260925T235900,23369.144064,64.3560744253922,True,33,13,33:13
20260925T235900,23897.0944,64.3560744253922,True,40,13,40:13
20260925T235900,24564.640512,64.3560744253922,True,41,12,41:12
20260925T235900,22587.080192,64.3560744253922,True,42,14,42:14
20260925T235900,24331.293696,64.3560744253922,True,46,15,46:15
20260925T235900,24681.497856,64.3560744253922,True,51,13,51:13
20260925T235900,24033.01504,64.3560744253922,True,51,14,51:14
20260925T235900,24026.732544,64.3560744253922,True,60,12,60:12
20260925T235901,24487.581696,64.3560744253922,True,4,17,4:17
20260925T235901,23658.930944,64.3560744253922,True,7,13,7:13
20260925T235901,25441.866752,64.3560744253922,True,15,15,15:15
20260925T235901,24602.862336,64.3560744253922,True,18,15,18:15
20260925T235901,25322.213888,64.3560744253922,True,23,13,23:13
20260925T235901,24124.357632,64.3560744253922,True,24,16,24:16
20260925T235901,23426.47296,64.3560744253922,True,25,16,25:16
20260925T235901,25111.74656,64.3560744253922,True,26,12,26:12
20260925T235901,24964.996608,64.3560744253922,True,36,14,36:14
20260925T235901,24534.465792,64.3560744253922,True,37,16,37:16
20260925T235901,24156.123136,64.3560744253922,True,52,16,52:16
20260925T235901,25848.280064,64.3560744253922,True,54,13,54:13
20260925T235901,24154.569472,64.3560744253922,True,61,16,61:16
20260925T235902,26285.423104,64.3560744253922,True,5,12,5:12
20260925T235902,25710.176768,64.3560744253922,True,6,15,6:15
20260925T235902,24419.87456,64.3560744253922,True,6,17,6:17
20260925T235902,25259.233536,64.3560744253922,True,7,12,7:12
20260925T235902,25824.55936,64.3560744253922,True,9,12,9:12
20260925T235902,24455.123456,64.3560744253922,True,11,12,11:12
20260925T235902,25964.141568,64.3560744253922,True,12,12,12:12
20260925T235902,35623.418112,64.3560744253922,True,17,3,17:3
20260925T235902,25330.346496,64.3560744253922,True,20,16,20:16
20260925T235902,24917.394944,64.3560744253922,True,23,14,23:14
20260925T235902,24311.990272,64.3560744253922,True,28,16,28:16
20260925T235902,25875.287808,64.3560744253922,True,30,15,30:15
20260925T235902,24574.253568,64.3560744253922,True,36,16,36:16
20260925T235902,35355.138048,64.3560744253922,True,37,4,37:4
20260925T235902,24927.445504,64.3560744253922,True,38,12,38:12
20260925T235902,25024.493824,64.3560744253922,True,40,14,40:14
20260925T235902,24888.613376,64.3560744253922,True,41,13,41:13
20260925T235902,25764.235264,64.3560744253922,True,42,13,42:13
20260925T235902,31792.649728,64.3560744253922,True,43,6,43:6
20260925T235902,25182.692608,64.3560744253922,True,45,17,45:17
20260925T235902,25424.898048,64.3560744253922,True,49,12,49:12
20260925T235902,25481.61408,64.3560744253922,True,53,16,53:16
20260925T235902,24795.834624,64.3560744253922,True,56,17,56:17
20260925T235902,24835.56224,64.3560744253922,True,58,13,58:13
20260925T235902,24759.371776,64.3560744253922,True,59,17,59:17
20260925T235903,37043.810048,64.3560744253922,True,0,2,0:2
20260925T235903,25637.724672,64.3560744253922,True,4,18,4:18
20260925T235903,25278.808064,64.3560744253922,True,5,14,5:14
20260925T235903,26310.848512,64.3560744253922,True,6,16,6:16
20260925T235903,26562.372096,64.3560744253922,True,13,15,13:15
20260925T235903,25924.045568,64.3560744253922,True,16,13,16:13
20260925T235903,25014.017024,64.3560744253922,True,18,17,18:17
20260925T235903,25196.674048,64.3560744253922,True,23,15,23:15
20260925T235903,25405.186304,64.3560744253922,True,24,17,24:17
20260925T235903,25084.467968,64.3560744253922,True,25,17,25:17
20260925T235903,26432.518656,64.3560744253922,True,26,13,26:13
20260925T235903,26732.864768,64.3560744253922,True,28,15,28:15
20260925T235903,25163.159552,64.3560744253922,True,32,16,32:16
20260925T235903,26584.00384,64.3560744253922,True,36,15,36:15
20260925T235903,26668.752896,64.3560744253922,True,39,13,39:13
20260925T235903,32300.069632,64.3560744253922,True,40,7,40:7
20260925T235903,25591.611392,64.3560744253922,True,41,14,41:14
20260925T235903,25771.369216,64.3560744253922,True,44,17,44:17
20260925T235903,25760.89472,64.3560744253922,True,45,18,45:18
20260925T235903,26903.905792,64.3560744253922,True,46,16,46:16
20260925T235903,25977.8752,64.3560744253922,True,55,12,55:12
20260925T235903,25318.119936,64.3560744253922,True,57,12,57:12
20260925T235903,27207.478272,64.3560744253922,True,62,12,62:12
20260925T235903,25194.220544,64.3560744253922,True,62,13,62:13
20260925T235903,26462.540032,64.3560744253922,True,63,14,63:14
20260925T235904,27089.824768,64.3560744253922,True,3,17,3:17
20260925T235904,37131.961344,64.3560744253922,True,4,5,4:5
20260925T235904,25912.620544,64.3560744253922,True,4,19,4:19
20260925T235904,35667.552768,64.3560744253922,True,13,6,13:6
20260925T235904,26530.782208,64.3560744253922,True,13,16,13:16
20260925T235904,27004.380416,64.3560744253922,True,14,15,14:15
20260925T235904,26199.919616,64.3560744253922,True,17,15,17:15
20260925T235904,27413.739264,64.3560744253922,True,31,13,31:13
20260925T235904,26766.90432,64.3560744253922,True,31,14,31:14
20260925T235904,27113.234432,64.3560744253922,True,32,15,32:15
20260925T235904,27466.964736,64.3560744253922,True,35,14,35:14
20260925T235904,25937.314816,64.3560744253922,True,36,17,36:17
20260925T235904,26243.22944,64.3560744253922,True,44,18,44:18
20260925T235904,26710.153984,64.3560744253922,True,47,12,47:12
20260925T235904,26147.784192,64.3560744253922,True,49,13,49:13
20260925T235904,38822.074112,64.3560744253922,True,52,2,52:2
20260925T235904,27093.449472,64.3560744253922,True,52,17,52:17
20260925T235904,27219.245824,64.3560744253922,True,54,14,54:14
20260925T235904,26566.121728,64.3560744253922,True,54,15,54:15
20260925T235904,25849.449984,64.3560744253922,True,55,13,55:13
20260925T235904,25935.898112,64.3560744253922,True,56,18,56:18
20260925T235904,27314.164992,64.3560744253922,True,57,11,57:11
20260925T235904,27265.345024,64.3560744253922,True,61,15,61:15
20260925T235905,28625.028608,64.3560744253922,True,0,14,0:14
20260925T235905,27687.86304,64.3560744253922,True,1,14,1:14
20260925T235905,26967.43936,64.3560744253922,True,1,15,1:15
20260925T235905,28444.149248,64.3560744253922,True,5,13,5:13
20260925T235905,27954.773504,64.3560744253922,True,21,12,21:12
20260925T235905,37871.730944,64.3560744253922,True,23,4,23:4
20260925T235905,28082.161152,64.3560744253922,True,27,14,27:14
20260925T235905,28142.20672,64.3560744253922,True,30,16,30:16
20260925T235905,26820.786176,64.3560744253922,True,30,17,30:17
20260925T235905,26950.957568,64.3560744253922,True,31,15,31:15
20260925T235905,27359.322112,64.3560744253922,True,33,14,33:14
20260925T235905,26085.952256,64.3560744253922,True,34,13,34:13
20260925T235905,27366.92736,64.3560744253922,True,35,15,35:15
20260925T235905,27838.623744,64.3560744253922,True,37,17,37:17
20260925T235905,28234.597632,64.3560744253922,True,46,17,46:17
20260925T235905,27731.971584,64.3560744253922,True,50,14,50:14
20260925T235905,27509.40544,64.3560744253922,True,50,15,50:15
20260925T235905,26612.616448,64.3560744253922,True,53,18,53:18
20260925T235905,27152.316928,64.3560744253922,True,58,14,58:14
20260925T235905,26118.87872,64.3560744253922,True,59,19,59:19
20260925T235906,26756.150784,64.3560744253922,True,0,16,0:16
20260925T235906,28854.573312,64.3560744253922,True,9,13,9:13
20260925T235906,28657.228288,64.3560744253922,True,10,17,10:17
20260925T235906,28128.83456,64.3560744253922,True,11,13,11:13
20260925T235906,33871.098624,64.3560744253922,True,14,10,14:10
20260925T235906,28039.01568,64.3560744253922,True,15,17,15:17
20260925T235906,28985.088768,64.3560744253922,True,19,12,19:12
20260925T235906,27315.866368,64.3560744253922,True,25,18,25:18
20260925T235906,28683.030016,64.3560744253922,True,37,18,37:18
20260925T235906,27895.648768,64.3560744253922,True,43,13,43:13
20260925T235906,26777.423104,64.3560744253922,True,46,19,46:19
20260925T235906,28403.283456,64.3560744253922,True,48,12,48:12
20260925T235906,27664.116736,64.3560744253922,True,52,18,52:18
20260925T235906,28814.52288,64.3560744253922,True,60,13,60:13
20260925T235906,2.49344,64.3560744253922,False,61,51,61:51
20260925T235907,28265.403136,64.3560744253922,True,1,16,1:16
20260925T235907,29659.71584,64.3560744253922,True,2,16,2:16
20260925T235907,28977.701888,64.3560744253922,True,9,14,9:14
20260925T235907,28731.154432,64.3560744253922,True,14,16,14:16
20260925T235907,28753.533952,64.3560744253922,True,15,18,15:18
20260925T235907,27960.29184,64.3560744253922,True,22,15,22:15
20260925T235907,28760.310272,64.3560744253922,True,24,18,24:18
20260925T235907,28229.086976,64.3560744253922,True,28,18,28:18
20260925T235907,27915.065856,64.3560744253922,True,30,18,30:18
20260925T235907,38795.997184,64.3560744253922,True,35,5,35:5
20260925T235907,28946.890496,64.3560744253922,True,38,13,38:13
20260925T235907,27976.588032,64.3560744253922,True,39,15,39:15
20260925T235907,29347.984384,64.3560744253922,True,42,15,42:15
20260925T235907,28355.65312,64.3560744253922,True,45,19,45:19
20260925T235907,27976.778496,64.3560744253922,True,48,13,48:13
20260925T235907,27551.462656,64.3560744253922,True,49,14,49:14
20260925T235907,29242.90944,64.3560744253922,True,53,17,53:17
20260925T235907,28601.474304,64.3560744253922,True,54,16,54:16
20260925T235907,28792.050432,64.3560744253922,True,56,19,56:19
20260925T235907,29710.800384,64.3560744253922,True,59,18,59:18
20260925T235907,27540.065536,64.3560744253922,True,61,18,61:18
20260925T235908,28983.469312,64.3560744253922,True,5,15,5:15
20260925T235908,29863.103488,64.3560744253922,True,8,17,8:17
20260925T235908,29037.324544,64.3560744253922,True,10,18,10:18
20260925T235908,28732.815872,64.3560744253922,True,11,14,11:14
20260925T235908,30509.208064,64.3560744253922,True,12,13,12:13
20260925T235908,29606.957568,64.3560744253922,True,13,17,13:17
20260925T235908,30148.316416,64.3560744253922,True,16,14,16:14
20260925T235908,29410.621696,64.3560744253922,True,23,16,23:16
20260925T235908,30339.026688,64.3560744253922,True,26,14,26:14
20260925T235908,29619.973376,64.3560744253922,True,29,18,29:18
20260925T235908,28321.728256,64.3560744253922,True,35,17,35:17
20260925T235908,29986.37184,64.3560744253922,True,40,15,40:15
20260925T235908,28607.680512,64.3560744253922,True,41,15,41:15
20260925T235908,28629.672448,64.3560744253922,True,45,20,45:20
20260925T235908,28881.072896,64.3560744253922,True,45,21,45:21
20260925T235908,29365.33888,64.3560744253922,True,50,16,50:16
20260925T235908,30300.913664,64.3560744253922,True,51,15,51:15
20260925T235908,29447.896832,64.3560744253922,True,57,13,57:13
20260925T235908,30426.88768,64.3560744253922,True,60,14,60:14
20260925T235908,30167.648,64.3560744253922,True,63,15,63:15
20260925T235909,29494.395392,64.3560744253922,True,8,19,8:19
20260925T235909,29085.325056,64.3560744253922,True,18,19,18:19
20260925T235909,30805.456896,64.3560744253922,True,19,13,19:13
20260925T235909,30102.92864,64.3560744253922,True,20,18,20:18
20260925T235909,30114.83904,64.3560744253922,True,27,16,27:16
20260925T235909,31079.556096,64.3560744253922,True,32,17,32:17
20260925T235909,28849.661184,64.3560744253922,True,34,14,34:14
20260925T235909,29031.961344,64.3560744253922,True,37,20,37:20
20260925T235909,31201.155072,64.3560744253922,True,39,14,39:14
20260925T235909,31256.626176,64.3560744253922,True,51,16,51:16
20260925T235909,29862.793728,64.3560744253922,True,52,19,52:19
20260925T235909,29179.294208,64.3560744253922,True,62,15,62:15
20260925T235910,30867.514368,64.3560744253922,True,3,19,3:19
20260925T235910,31069.927168,64.3560744253922,True,7,14,7:14
20260925T235910,30485.308672,64.3560744253922,True,13,18,13:18
20260925T235910,31105.04704,64.3560744253922,True,17,16,17:16
20260925T235910,40242.648064,64.3560744253922,True,18,7,18:7
20260925T235910,31585.13408,64.3560744253922,True,22,14,22:14
20260925T235910,31394.658816,64.3560744253922,True,33,15,33:15
20260925T235910,40390.804736,64.3560744253922,True,38,6,38:6
20260925T235910,31540.544256,64.3560744253922,True,38,14,38:14
20260925T235910,31418.455552,64.3560744253922,True,46,18,46:18
20260925T235910,30340.261632,64.3560744253922,True,46,20,46:20
20260925T235910,30903.237888,64.3560744253922,True,47,13,47:13
20260925T235910,29660.417792,64.3560744253922,True,47,14,47:14
20260925T235910,31243.239168,64.3560744253922,True,62,14,62:14
20260925T235911,32418.123008,64.3560744253922,True,2,17,2:17
20260925T235911,32128.73472,64.3560744253922,True,3,18,3:18
20260925T235911,32554.5408,64.3560744253922,True,4,20,4:20
20260925T235911,31265.766144,64.3560744253922,True,10,19,10:19
20260925T235911,30753.289984,64.3560744253922,True,11,15,11:15
20260925T235911,30500.333312,64.3560744253922,True,13,19,13:19
20260925T235911,32136.583424,64.3560744253922,True,18,18,18:18
20260925T235911,32732.466944,64.3560744253922,True,21,13,21:13
20260925T235911,31375.991808,64.3560744253922,True,24,19,24:19
20260925T235911,30976.059136,64.3560744253922,True,25,19,25:19
20260925T235911,32253.95072,64.3560744253922,True,37,19,37:19
20260925T235911,31093.444608,64.3560744253922,True,39,16,39:16
20260925T235911,32085.594624,64.3560744253922,True,42,16,42:16
20260925T235911,32387.186944,64.3560744253922,True,43,14,43:14
20260925T235911,39055.003392,64.3560744253922,True,60,8,60:8
20260925T235911,31926.30144,64.3560744253922,True,63,16,63:16
20260925T235912,32215.38048,64.3560744253922,True,5,16,5:16
20260925T235912,31802.981632,64.3560744253922,True,10,20,10:20
20260925T235912,43603.222016,64.3560744253922,True,15,6,15:6
20260925T235912,32487.103232,64.3560744253922,True,19,14,19:14
20260925T235912,31622.991104,64.3560744253922,True,21,14,21:14
20260925T235912,32375.958528,64.3560744253922,True,23,17,23:17
20260925T235912,32233.876736,64.3560744253922,True,29,19,29:19
20260925T235912,31363.300608,64.3560744253922,True,32,19,32:19
20260925T235912,33031.939584,64.3560744253922,True,33,16,33:16
20260925T235912,32534.73664,64.3560744253922,True,36,18,36:18
20260925T235912,33311.858176,64.3560744253922,True,40,16,40:16
20260925T235912,31638.541312,64.3560744253922,True,43,15,43:15
20260925T235912,32999.938304,64.3560744253922,True,44,19,44:19
20260925T235912,31356.782336,64.3560744253922,True,49,15,49:15
20260925T235912,32572.573184,64.3560744253922,True,51,18,51:18
20260925T235912,32292.814848,64.3560744253922,True,54,17,54:17
20260925T235912,33116.936192,64.3560744253922,True,55,14,55:14
20260925T235912,32208.369152,64.3560744253922,True,56,20,56:20
20260925T235912,31729.407744,64.3560744253922,True,59,21,59:21
20260925T235912,33106.899712,64.3560744253922,True,60,15,60:15
20260925T235913,33491.632896,64.3560744253922,True,6,19,6:19
20260925T235913,34114.889728,64.3560744253922,True,7,15,7:15
20260925T235913,32696.241152,64.3560744253922,True,8,20,8:20
20260925T235913,33096.509184,64.3560744253922,True,9,15,9:15
20260925T235913,32912.452352,64.3560744253922,True,9,16,9:16
20260925T235913,33980.809216,64.3560744253922,True,15,19,15:19
20260925T235913,32351.76192,64.3560744253922,True,16,16,16:16
20260925T235913,33138.580224,64.3560744253922,True,24,20,24:20
20260925T235913,32903.448832,64.3560744253922,True,26,16,26:16
20260925T235913,32365.51808,64.3560744253922,True,29,20,29:20
20260925T235913,32765.745408,64.3560744253922,True,30,19,30:19
20260925T235913,9.936896,64.3560744253922,False,32,60,32:60
20260925T235913,32696.217088,64.3560744253922,True,38,16,38:16
20260925T235913,32790.695424,64.3560744253922,True,40,17,40:17
20260925T235913,32378.01856,64.3560744253922,True,46,21,46:21
20260925T235913,32318.075648,64.3560744253922,True,58,16,58:16
20260925T235913,34014.151936,64.3560744253922,True,59,20,59:20
20260925T235913,33200.394496,64.3560744253922,True,61,19,61:19
20260925T235913,32565.746176,64.3560744253922,True,63,17,63:17
20260925T235914,34751.191296,64.3560744253922,True,1,17,1:17
20260925T235914,34229.84192,64.3560744253922,True,6,20,6:20
20260925T235914,33103.921152,64.3560744253922,True,13,20,13:20
20260925T235914,34240.71808,64.3560744253922,True,14,17,14:17
20260925T235914,33097.284864,64.3560744253922,True,15,21,15:21
20260925T235914,33128.855552,64.3560744253922,True,19,15,19:15
20260925T235914,34256.214016,64.3560744253922,True,26,15,26:15
20260925T235914,34357.752576,64.3560744253922,True,31,17,31:17
20260925T235914,33001.532672,64.3560744253922,True,33,17,33:17
20260925T235914,33121.436416,64.3560744253922,True,34,15,34:15
20260925T235914,33417.045504,64.3560744253922,True,37,21,37:21
20260925T235914,34861.452032,64.3560744253922,True,38,15,38:15
20260925T235914,34571.034112,64.3560744253922,True,41,16,41:16
20260925T235914,34465.487872,64.3560744253922,True,50,17,50:17
20260925T235914,33318.689024,64.3560744253922,True,51,19,51:19
20260925T235914,34325.97632,64.3560744253922,True,53,19,53:19
20260925T235914,33386.881536,64.3560744253922,True,53,21,53:21
20260925T235915,35399.405824,64.3560744253922,True,14,18,14:18
20260925T235915,34390.620672,64.3560744253922,True,23,18,23:18
20260925T235915,34446.835968,64.3560744253922,True,32,20,32:20
20260925T235915,34601.751552,64.3560744253922,True,35,18,35:18
20260925T235915,2.47168,64.3560744253922,False,39,54,39:54
20260925T235915,34981.886208,64.3560744253922,True,44,20,44:20
20260925T235915,34314.915072,64.3560744253922,True,44,21,44:21
20260925T235915,33741.118976,64.3560744253922,True,51,20,51:20
20260925T235915,34169.590528,64.3560744253922,True,55,15,55:15
20260925T235915,34080.034304,64.3560744253922,True,56,21,56:21
20260925T235916,35294.569728,64.3560744253922,True,3,20,3:20
20260925T235916,35369.501952,64.3560744253922,True,4,23,4:23
20260925T235916,36432.333312,64.3560744253922,True,15,20,15:20
20260925T235916,35517.590528,64.3560744253922,True,22,16,22:16
20260925T235916,34896.571648,64.3560744253922,True,24,21,24:21
20260925T235916,34984.760064,64.3560744253922,True,31,18,31:18
20260925T235916,35307.325952,64.3560744253922,True,35,19,35:19
20260925T235916,35279.137792,64.3560744253922,True,39,17,39:17
20260925T235916,35313.372672,64.3560744253922,True,40,18,40:18
20260925T235916,35516.164864,64.3560744253922,True,41,17,41:17
20260925T235916,35098.892288,64.3560744253922,True,45,22,45:22
20260925T235916,34644.7936,64.3560744253922,True,47,15,47:15
20260925T235916,35730.812672,64.3560744253922,True,53,20,53:20
20260925T235916,35720.111104,64.3560744253922,True,57,14,57:14
20260925T235917,36246.63808,64.3560744253922,True,1,18,1:18
20260925T235917,36048.794368,64.3560744253922,True,2,20,2:20
20260925T235917,36067.753728,64.3560744253922,True,6,21,6:21
20260925T235917,36899.179008,64.3560744253922,True,7,16,7:16
20260925T235917,35731.236096,64.3560744253922,True,7,17,7:17
20260925T235917,36201.883136,64.3560744253922,True,21,15,21:15
20260925T235917,46680.680448,64.3560744253922,True,22,6,22:6
20260925T235917,35721.090048,64.3560744253922,True,22,17,22:17
20260925T235917,35606.255872,64.3560744253922,True,28,20,28:20
20260925T235917,36739.882496,64.3560744253922,True,36,19,36:19
20260925T235917,36326.54592,64.3560744253922,True,42,17,42:17
20260925T235917,36336.133376,64.3560744253922,True,48,14,48:14
20260925T235917,36202.149888,64.3560744253922,True,50,18,50:18
20260925T235917,35690.26304,64.3560744253922,True,50,19,50:19
20260925T235917,36438.805504,64.3560744253922,True,52,20,52:20
20260925T235917,35372.270336,64.3560744253922,True,60,17,60:17
20260925T235917,35894.176,64.3560744253922,True,63,18,63:18
20260925T235918,37442.876928,64.3560744253922,True,2,19,2:19
20260925T235918,36055.541248,64.3560744253922,True,12,16,12:16
20260925T235918,37553.863424,64.3560744253922,True,14,19,14:19
20260925T235918,36854.681088,64.3560744253922,True,16,17,16:17
20260925T235918,37634.126848,64.3560744253922,True,20,20,20:20
20260925T235918,36354.220032,64.3560744253922,True,23,19,23:19
20260925T235918,37700.795136,64.3560744253922,True,27,17,27:17
20260925T235918,36728.97024,64.3560744253922,True,30,20,30:20
20260925T235918,37242.484224,64.3560744253922,True,36,20,36:20
20260925T235918,36682.129408,64.3560744253922,True,39,18,39:18
20260925T235918,36079.100672,64.3560744253922,True,45,23,45:23
20260925T235918,37346.431744,64.3560744253922,True,49,16,49:16
20260925T235919,46961.495552,64.3560744253922,True,0,8,0:8
20260925T235919,44624.1472,64.3560744253922,True,2,13,2:13
20260925T235919,38512.749312,64.3560744253922,True,10,21,10:21
20260925T235919,36866.287872,64.3560744253922,True,10,22,10:22
20260925T235919,37604.615936,64.3560744253922,True,14,20,14:20
20260925T235919,38514.186496,64.3560744253922,True,18,20,18:20
20260925T235919,37649.733632,64.3560744253922,True,20,21,20:21
20260925T235919,37274.695936,64.3560744253922,True,21,16,21:16
20260925T235919,49232.90496,64.3560744253922,True,24,8,24:8
20260925T235919,37373.31456,64.3560744253922,True,24,22,24:22
20260925T235919,37905.804032,64.3560744253922,True,26,17,26:17
20260925T235919,37807.707136,64.3560744253922,True,42,18,42:18
20260925T235919,38155.143424,64.3560744253922,True,46,22,46:22
20260925T235919,48091.84768,64.3560744253922,True,49,7,49:7
20260925T235919,37303.976192,64.3560744253922,True,56,22,56:22
20260925T235919,38247.080192,64.3560744253922,True,61,20,61:20
20260925T235919,43999.490304,64.3560744253922,True,62,11,62:11
20260925T235920,39034.934784,64.3560744253922,True,0,18,0:18
20260925T235920,37761.150208,64.3560744253922,True,8,22,8:22
20260925T235920,38203.096576,64.3560744253922,True,9,17,9:17
20260925T235920,38608.779776,64.3560744253922,True,11,16,11:16
20260925T235920,38824.401152,64.3560744253922,True,15,22,15:22
20260925T235920,37546.597632,64.3560744253922,True,23,20,23:20
20260925T235920,38855.277312,64.3560744253922,True,25,20,25:20
20260925T235920,38354.274048,64.3560744253922,True,25,21,25:21
20260925T235920,37856.162048,64.3560744253922,True,25,22,25:22
20260925T235920,37570.798848,64.3560744253922,True,26,18,26:18
20260925T235920,37814.49088,64.3560744253922,True,27,19,27:19
20260925T235920,38555.068416,64.3560744253922,True,28,21,28:21
20260925T235920,38968.937728,64.3560744253922,True,29,21,29:21
20260925T235920,38124.90496,64.3560744253922,True,30,21,30:21
20260925T235920,38254.25024,64.3560744253922,True,33,18,33:18
20260925T235920,38152.321024,64.3560744253922,True,34,16,34:16
20260925T235920,38008.488192,64.3560744253922,True,52,22,52:22
20260925T235920,39144.909312,64.3560744253922,True,59,22,59:22
20260925T235920,38843.588864,64.3560744253922,True,62,16,62:16
20260925T235920,38602.038784,64.3560744253922,True,63,19,63:19
20260925T235921,38493.00608,64.3560744253922,True,3,22,3:22
20260925T235921,39909.155072,64.3560744253922,True,5,17,5:17
20260925T235921,39197.9136,64.3560744253922,True,6,22,6:22
20260925T235921,39429.444352,64.3560744253922,True,8,21,8:21
20260925T235921,2.659072,64.3560744253922,False,14,61,14:61
20260925T235921,38700.57728,64.3560744253922,True,20,22,20:22
20260925T235921,38241.266688,64.3560744253922,True,29,23,29:23
20260925T235921,39441.856256,64.3560744253922,True,43,16,43:16
20260925T235921,39110.313728,64.3560744253922,True,45,24,45:24
20260925T235921,39741.91232,64.3560744253922,True,52,21,52:21
20260925T235921,40149.676032,64.3560744253922,True,54,18,54:18
20260925T235921,39804.138752,64.3560744253922,True,55,16,55:16
20260925T235921,39399.67872,64.3560744253922,True,57,15,57:15
20260925T235921,39526.636544,64.3560744253922,True,61,21,61:21
20260925T235921,49790.011136,64.3560744253922,True,62,7,62:7
20260925T235922,40398.436096,64.3560744253922,True,0,19,0:19
20260925T235922,40495.633152,64.3560744253922,True,1,19,1:19
20260925T235922,45053.501952,64.3560744253922,True,2,15,2:15
20260925T235922,40671.557888,64.3560744253922,True,3,21,3:21
20260925T235922,39812.316416,64.3560744253922,True,4,25,4:25
20260925T235922,39492.251136,64.3560744253922,True,10,23,10:23
20260925T235922,45953.402112,64.3560744253922,True,14,14,14:14
20260925T235922,51881.859072,64.3560744253922,True,18,8,18:8
20260925T235922,39881.892352,64.3560744253922,True,31,19,31:19
20260925T235922,39959.52896,64.3560744253922,True,32,22,32:22
20260925T235922,40296.619776,64.3560744253922,True,36,21,36:21
20260925T235922,40007.116032,64.3560744253922,True,36,22,36:22
20260925T235922,40272.3136,64.3560744253922,True,38,17,38:17
20260925T235922,48760.783104,64.3560744253922,True,46,12,46:12
20260925T235922,39927.108096,64.3560744253922,True,48,15,48:15
20260925T235922,39625.961728,64.3560744253922,True,51,21,51:21
20260925T235922,39316.258816,64.3560744253922,True,58,18,58:18
20260925T235922,51051.764224,64.3560744253922,True,59,10,59:10
20260925T235923,40780.12672,64.3560744253922,True,5,18,5:18
20260925T235923,40739.069952,64.3560744253922,True,14,21,14:21
20260925T235923,40839.43168,64.3560744253922,True,17,19,17:19
20260925T235923,51240.617984,64.3560744253922,True,22,8,22:8
20260925T235923,40226.580736,64.3560744253922,True,38,18,38:18
20260925T235923,40322.705408,64.3560744253922,True,43,17,43:17
20260925T235923,41414.281728,64.3560744253922,True,44,22,44:22
20260925T235923,40255.836416,64.3560744253922,True,55,17,55:17
20260925T235924,3.815424,64.3560744253922,False,8,74,8:74
20260925T235924,47474.943744,64.3560744253922,True,11,11,11:11
20260925T235924,41915.512064,64.3560744253922,True,18,21,18:21
20260925T235924,40405.385984,64.3560744253922,True,27,20,27:20
20260925T235924,49235.033856,64.3560744253922,True,29,14,29:14
20260925T235924,42164.695808,64.3560744253922,True,32,21,32:21
20260925T235924,52624.703744,64.3560744253922,True,33,8,33:8
20260925T235924,40625.89952,64.3560744253922,True,34,17,34:17
20260925T235924,41478.635776,64.3560744253922,True,39,19,39:19
20260925T235924,41783.701248,64.3560744253922,True,51,22,51:22
20260925T235924,41698.413056,64.3560744253922,True,53,22,53:22
20260925T235924,42052.903424,64.3560744253922,True,58,17,58:17
20260925T235924,42271.717376,64.3560744253922,True,60,18,60:18
20260925T235925,42596.740864,64.3560744253922,True,0,20,0:20
20260925T235925,42916.187136,64.3560744253922,True,2,22,2:22
20260925T235925,42643.544832,64.3560744253922,True,7,18,7:18
20260925T235925,42102.181888,64.3560744253922,True,11,17,11:17
20260925T235925,42989.402624,64.3560744253922,True,12,17,12:17
20260925T235925,50252.154368,64.3560744253922,True,22,11,22:11
20260925T235925,43160.798464,64.3560744253922,True,40,19,40:19
20260925T235925,41703.656192,64.3560744253922,True,41,19,41:19
20260925T235925,42536.978944,64.3560744253922,True,42,19,42:19
20260925T235925,41962.72,64.3560744253922,True,44,23,44:23
20260925T235925,42849.593856,64.3560744253922,True,48,16,48:16
20260925T235925,43227.440384,64.3560744253922,True,56,23,56:23
20260925T235925,42113.785344,64.3560744253922,True,59,24,59:24
20260925T235925,42251.756544,64.3560744253922,True,62,17,62:17
20260925T235926,44216.033536,64.3560744253922,True,6,23,6:23
20260925T235926,42478.70592,64.3560744253922,True,8,23,8:23
20260925T235926,43863.693824,64.3560744253922,True,13,22,13:22
20260925T235926,43892.773632,64.3560744253922,True,15,23,15:23
20260925T235926,43137.004544,64.3560744253922,True,17,20,17:20
20260925T235926,42707.072512,64.3560744253922,True,24,23,24:23
20260925T235926,42621.249536,64.3560744253922,True,26,19,26:19
20260925T235926,44016.79232,64.3560744253922,True,29,22,29:22
20260925T235926,42602.357248,64.3560744253922,True,33,20,33:20
20260925T235926,43488.097536,64.3560744253922,True,35,21,35:21
20260925T235926,42283.95776,64.3560744253922,True,36,23,36:23
20260925T235926,44417.708288,64.3560744253922,True,41,18,41:18
20260925T235926,43940.153088,64.3560744253922,True,49,17,49:17
20260925T235926,49666.567936,64.3560744253922,True,50,13,50:13
20260925T235926,44404.586496,64.3560744253922,True,54,19,54:19
20260925T235926,43768.174336,64.3560744253922,True,59,23,59:23
20260925T235927,43786.345728,64.3560744253922,True,5,19,5:19
20260925T235927,44002.781184,64.3560744253922,True,9,18,9:18
20260925T235927,44771.988736,64.3560744253922,True,18,22,18:22
20260925T235927,43210.78784,64.3560744253922,True,21,17,21:17
20260925T235927,44628.539648,64.3560744253922,True,22,18,22:18
20260925T235927,43853.701888,64.3560744253922,True,28,22,28:22
20260925T235927,43879.279872,64.3560744253922,True,31,20,31:20
20260925T235927,43969.547264,64.3560744253922,True,33,19,33:19
20260925T235927,44060.803584,64.3560744253922,True,37,24,37:24
20260925T235927,44713.112064,64.3560744253922,True,46,23,46:23
20260925T235927,44243.953664,64.3560744253922,True,52,23,52:23
20260925T235927,44122.198272,64.3560744253922,True,57,16,57:16
20260925T235928,45063.227392,64.3560744253922,True,1,20,1:20
20260925T235928,44120.829952,64.3560744253922,True,11,18,11:18
20260925T235928,45355.183872,64.3560744253922,True,16,18,16:18
20260925T235928,44275.147776,64.3560744253922,True,22,19,22:19
20260925T235928,44129.577728,64.3560744253922,True,28,23,28:23
20260925T235928,44911.806208,64.3560744253922,True,30,22,30:22
20260925T235928,44190.492672,64.3560744253922,True,34,18,34:18
20260925T235928,44901.056,64.3560744253922,True,40,20,40:20
20260925T235928,44367.490816,64.3560744253922,True,50,21,50:21
20260925T235928,44465.207552,64.3560744253922,True,51,23,51:23
20260925T235928,44619.7632,64.3560744253922,True,58,19,58:19
20260925T235929,45623.206912,64.3560744253922,True,4,26,4:26
20260925T235929,46609.6704,64.3560744253922,True,6,24,6:24
20260925T235929,44535.873024,64.3560744253922,True,7,19,7:19
20260925T235929,45312.142848,64.3560744253922,True,12,18,12:18
20260925T235929,46115.28064,64.3560744253922,True,13,23,13:23
20260925T235929,45804.344832,64.3560744253922,True,14,22,14:22
20260925T235929,45879.074048,64.3560744253922,True,25,23,25:23
20260925T235929,54216.555008,64.3560744253922,True,26,11,26:11
20260925T235929,45726.873088,64.3560744253922,True,29,24,29:24
20260925T235929,45403.356672,64.3560744253922,True,30,24,30:24
20260925T235929,46308.745984,64.3560744253922,True,32,23,32:23
20260925T235929,45454.898688,64.3560744253922,True,38,19,38:19
20260925T235929,45582.080768,64.3560744253922,True,39,20,39:20
20260925T235929,2.943232,64.3560744253922,False,52,77,52:77
20260925T235929,45865.57184,64.3560744253922,True,53,23,53:23
20260925T235929,45098.710528,64.3560744253922,True,53,24,53:24
20260925T235929,45987.291904,64.3560744253922,True,54,20,54:20
20260925T235929,44718.084864,64.3560744253922,True,56,25,56:25
20260925T235929,46164.87168,64.3560744253922,True,61,22,61:22
20260925T235929,45205.368832,64.3560744253922,True,61,23,61:23
20260925T235929,45020.161024,64.3560744253922,True,62,18,62:18
20260925T235929,46231.987456,64.3560744253922,True,63,20,63:20
20260925T235930,46434.814976,64.3560744253922,True,2,23,2:23
20260925T235930,55988.763904,64.3560744253922,True,8,13,8:13
20260925T235930,45596.007424,64.3560744253922,True,8,24,8:24
20260925T235930,46247.969024,64.3560744253922,True,10,25,10:25
20260925T235930,46097.373696,64.3560744253922,True,11,19,11:19
20260925T235930,46459.874304,64.3560744253922,True,15,24,15:24
20260925T235930,46439.665664,64.3560744253922,True,17,21,17:21
20260925T235930,46787.828992,64.3560744253922,True,18,23,18:23
20260925T235930,45659.080704,64.3560744253922,True,19,18,19:18
20260925T235930,45386.726144,64.3560744253922,True,26,20,26:20
20260925T235930,45730.05056,64.3560744253922,True,36,24,36:24
20260925T235930,45679.955712,64.3560744253922,True,37,25,37:25
20260925T235930,46024.781312,64.3560744253922,True,44,25,44:25
20260925T235930,45759.785728,64.3560744253922,True,55,18,55:18
20260925T235930,46138.706176,64.3560744253922,True,60,20,60:20
20260925T235930,46420.294912,64.3560744253922,True,63,21,63:21
20260925T235931,47992.715008,64.3560744253922,True,1,21,1:21
20260925T235931,47386.972672,64.3560744253922,True,4,27,4:27
20260925T235931,47392.11904,64.3560744253922,True,9,19,9:19
20260925T235931,47738.553344,64.3560744253922,True,10,24,10:24
20260925T235931,46579.584768,64.3560744253922,True,14,23,14:23
20260925T235931,46750.444544,64.3560744253922,True,24,25,24:25
20260925T235931,46424.867584,64.3560744253922,True,29,25,29:25
20260925T235931,46733.23648,64.3560744253922,True,31,21,31:21
20260925T235931,46466.456576,64.3560744253922,True,32,25,32:25
20260925T235931,53557.47328,64.3560744253922,True,34,12,34:12
20260925T235931,56276.841728,64.3560744253922,True,35,12,35:12
20260925T235931,47346.27968,64.3560744253922,True,40,21,40:21
20260925T235931,47153.557504,64.3560744253922,True,43,18,43:18
20260925T235931,47082.36416,64.3560744253922,True,46,25,46:25
20260925T235931,51230.69696,64.3560744253922,True,58,15,58:15
20260925T235931,47594.186752,64.3560744253922,True,59,25,59:25
20260925T235932,48362.32704,64.3560744253922,True,20,23,20:23
20260925T235932,57465.023744,64.3560744253922,True,23,12,23:12
20260925T235932,48086.30528,64.3560744253922,True,27,21,27:21
20260925T235932,47482.911744,64.3560744253922,True,29,26,29:26
20260925T235932,47252.063488,64.3560744253922,True,38,20,38:20
20260925T235932,47515.108352,64.3560744253922,True,45,27,45:27
20260925T235932,47592.51712,64.3560744253922,True,52,25,52:25
20260925T235932,47642.168832,64.3560744253922,True,59,26,59:26
20260925T235932,48079.057408,64.3560744253922,True,61,24,61:24
20260925T235933,48208.5568,64.3560744253922,True,5,20,5:20
20260925T235933,49361.81248,64.3560744253922,True,23,21,23:21
20260925T235933,49303.721728,64.3560744253922,True,25,24,25:24
20260925T235933,48969.64608,64.3560744253922,True,32,24,32:24
20260925T235933,48439.185664,64.3560744253922,True,37,26,37:26
20260925T235933,49350.823936,64.3560744253922,True,45,26,45:26
20260925T235933,47998.127872,64.3560744253922,True,51,25,51:25
20260925T235934,50185.255168,64.3560744253922,True,1,22,1:22
20260925T235934,48916.896512,64.3560744253922,True,9,20,9:20
20260925T235934,49395.860992,64.3560744253922,True,10,26,10:26
20260925T235934,49459.3536,64.3560744253922,True,13,24,13:24
20260925T235934,49303.15904,64.3560744253922,True,15,26,15:26
20260925T235934,48763.40352,64.3560744253922,True,17,22,17:22
20260925T235934,49729.061376,64.3560744253922,True,28,24,28:24
20260925T235934,49348.840192,64.3560744253922,True,39,21,39:21
20260925T235934,49528.202752,64.3560744253922,True,44,26,44:26
20260925T235934,50139.767296,64.3560744253922,True,51,24,51:24
20260925T235934,48719.419648,64.3560744253922,True,52,26,52:26
20260925T235934,49859.616256,64.3560744253922,True,54,21,54:21
20260925T235934,48561.30816,64.3560744253922,True,61,25,61:25
20260925T235934,48939.697664,64.3560744253922,True,63,22,63:22
20260925T235935,50234.01472,64.3560744253922,True,2,24,2:24
20260925T235935,50596.547328,64.3560744253922,True,3,25,3:25
20260925T235935,50980.182272,64.3560744253922,True,6,26,6:26
20260925T235935,49790.58176,64.3560744253922,True,6,27,6:27
20260925T235935,59418.687232,64.3560744253922,True,7,11,7:11
20260925T235935,50825.398016,64.3560744253922,True,15,25,15:25
20260925T235935,50584.497408,64.3560744253922,True,18,24,18:24
20260925T235935,49689.945856,64.3560744253922,True,18,25,18:25
20260925T235935,51040.910592,64.3560744253922,True,20,24,20:24
20260925T235935,50458.45632,64.3560744253922,True,25,25,25:25
20260925T235935,49693.758208,64.3560744253922,True,31,22,31:22
20260925T235935,49546.797312,64.3560744253922,True,32,26,32:26
20260925T235935,50127.9744,64.3560744253922,True,34,19,34:19
20260925T235935,49347.505408,64.3560744253922,True,36,25,36:25
20260925T235935,2.79424,64.3560744253922,False,49,69,49:69
20260925T235936,51444.840192,64.3560744253922,True,0,22,0:22
20260925T235936,51199.668224,64.3560744253922,True,1,23,1:23
20260925T235936,51456.725504,64.3560744253922,True,12,19,12:19
20260925T235936,51601.129984,64.3560744253922,True,16,19,16:19
20260925T235936,51155.45472,64.3560744253922,True,16,20,16:20
20260925T235936,51618.238976,64.3560744253922,True,23,22,23:22
20260925T235936,51524.283648,64.3560744253922,True,30,25,30:25
20260925T235936,60742.912768,64.3560744253922,True,34,10,34:10
20260925T235936,50854.540544,64.3560744253922,True,38,21,38:21
20260925T235936,50390.354944,64.3560744253922,True,42,22,42:22
20260925T235936,51309.09312,64.3560744253922,True,43,19,43:19
20260925T235936,51264.879104,64.3560744253922,True,56,26,56:26
20260925T235936,50976.75776,64.3560744253922,True,57,18,57:18
20260925T235936,50482.171136,64.3560744253922,True,60,21,60:21
20260925T235937,52304.234496,64.3560744253922,True,4,28,4:28
20260925T235937,52000.312576,64.3560744253922,True,8,25,8:25
20260925T235937,51228.721152,64.3560744253922,True,11,20,11:20
20260925T235937,51330.395136,64.3560744253922,True,14,24,14:24
20260925T235937,51973.156864,64.3560744253922,True,19,19,19:19
20260925T235937,51484.361728,64.3560744253922,True,20,25,20:25
20260925T235937,52484.091392,64.3560744253922,True,22,20,22:20
20260925T235937,51378.8928,64.3560744253922,True,23,23,23:23
20260925T235937,52058.46656,64.3560744253922,True,33,21,33:21
20260925T235937,52497.058048,64.3560744253922,True,41,20,41:20
20260925T235937,52048.199168,64.3560744253922,True,41,21,41:21
20260925T235937,52225.97632,64.3560744253922,True,42,21,42:21
20260925T235937,52181.476608,64.3560744253922,True,47,18,47:18
20260925T235937,51949.40672,64.3560744253922,True,47,19,47:19
20260925T235937,52865.110528,64.3560744253922,True,49,19,49:19
20260925T235937,51724.728064,64.3560744253922,True,51,26,51:26
20260925T235937,52397.989376,64.3560744253922,True,53,25,53:25
20260925T235937,51582.976256,64.3560744253922,True,54,22,54:22
20260925T235937,52227.386112,64.3560744253922,True,55,19,55:19
20260925T235937,51788.286976,64.3560744253922,True,57,19,57:19
20260925T235938,52599.714304,64.3560744253922,True,7,20,7:20
20260925T235938,52916.000768,64.3560744253922,True,13,25,13:25
20260925T235938,52890.339584,64.3560744253922,True,24,26,24:26
20260925T235938,52156.365824,64.3560744253922,True,31,23,31:23
20260925T235938,52917.730816,64.3560744253922,True,35,23,35:23
20260925T235938,51864.736,64.3560744253922,True,37,27,37:27
20260925T235938,52593.965568,64.3560744253922,True,46,27,46:27
20260925T235938,53114.766336,64.3560744253922,True,58,20,58:20
20260925T235939,53642.837248,64.3560744253922,True,0,23,0:23
20260925T235939,60123.634176,64.3560744253922,True,4,21,4:21
20260925T235939,53101.728256,64.3560744253922,True,6,28,6:28
20260925T235939,53044.738816,64.3560744253922,True,8,26,8:26
20260925T235939,53115.936768,64.3560744253922,True,15,28,15:28
20260925T235939,53121.029888,64.3560744253922,True,33,22,33:22
20260925T235939,53734.573056,64.3560744253922,True,48,18,48:18
20260925T235939,52618.304,64.3560744253922,True,55,20,55:20
20260925T235939,53750.857984,64.3560744253922,True,62,19,62:19
20260925T235939,52951.2384,64.3560744253922,True,62,20,62:20
20260925T235940,54568.660736,64.3560744253922,True,4,29,4:29
20260925T235940,53337.273344,64.3560744253922,True,7,21,7:21
20260925T235940,62800.52224,64.3560744253922,True,8,16,8:16
20260925T235940,54362.027264,64.3560744253922,True,10,27,10:27
20260925T235940,54681.844224,64.3560744253922,True,25,26,25:26
20260925T235940,53787.790592,64.3560744253922,True,25,27,25:27
20260925T235940,55066.909696,64.3560744253922,True,27,22,27:22
20260925T235940,55137.988352,64.3560744253922,True,28,25,28:25
20260925T235940,53790.075136,64.3560744253922,True,37,28,37:28
20260925T235940,55239.548416,64.3560744253922,True,40,22,40:22
20260925T235940,55253.113088,64.3560744253922,True,46,26,46:26
20260925T235940,54649.20704,64.3560744253922,True,49,20,49:20
20260925T235940,54696.493824,64.3560744253922,True,56,27,56:27
20260925T235940,54201.187328,64.3560744253922,True,56,28,56:28
20260925T235940,53929.59104,64.3560744253922,True,58,21,58:21
20260925T235941,55003.74272,64.3560744253922,True,3,26,3:26
20260925T235941,61475.593984,64.3560744253922,True,4,22,4:22
20260925T235941,55603.870976,64.3560744253922,True,15,27,15:27
20260925T235941,75491.240448,64.3560744253922,True,17,2,17:2
20260925T235941,55372.320768,64.3560744253922,True,26,21,26:21
20260925T235941,54487.373568,64.3560744253922,True,28,27,28:27
20260925T235941,64089.186816,64.3560744253922,True,29,16,29:16
20260925T235941,54998.390784,64.3560744253922,True,32,27,32:27
20260925T235941,54810.786048,64.3560744253922,True,35,25,35:25
20260925T235941,54737.420032,64.3560744253922,True,39,23,39:23
20260925T235941,55471.356672,64.3560744253922,True,53,26,53:26
20260925T235941,54932.845824,64.3560744253922,True,59,28,59:28
20260925T235941,62965.563648,64.3560744253922,True,61,17,61:17
20260925T235942,55821.77024,64.3560744253922,True,2,25,2:25
20260925T235942,56114.624512,64.3560744253922,True,4,30,4:30
20260925T235942,55979.262208,64.3560744253922,True,5,21,5:21
20260925T235942,54895.760128,64.3560744253922,True,11,21,11:21
20260925T235942,55668.232704,64.3560744253922,True,21,20,21:20
20260925T235942,55528.316672,64.3560744253922,True,32,28,32:28
20260925T235942,56457.545472,64.3560744253922,True,35,24,35:24
20260925T235942,55836.571392,64.3560744253922,True,38,22,38:22
20260925T235942,56177.851904,64.3560744253922,True,39,22,39:22
20260925T235942,55579.860224,64.3560744253922,True,41,22,41:22
20260925T235942,55387.664384,64.3560744253922,True,42,23,42:23
20260925T235942,56392.1664,64.3560744253922,True,44,27,44:27
20260925T235942,56606.194944,64.3560744253922,True,52,27,52:27
20260925T235942,55915.502848,64.3560744253922,True,52,28,52:28
20260925T235942,56093.306624,64.3560744253922,True,59,27,59:27
20260925T235943,64549.811968,64.3560744253922,True,6,18,6:18
20260925T235943,56447.414784,64.3560744253922,True,6,29,6:29
20260925T235943,57117.225216,64.3560744253922,True,14,25,14:25
20260925T235943,57008.901632,64.3560744253922,True,17,23,17:23
20260925T235943,56996.423168,64.3560744253922,True,18,26,18:26
20260925T235943,57269.27744,64.3560744253922,True,21,19,21:19
20260925T235943,56783.803904,64.3560744253922,True,27,23,27:23
20260925T235943,57520.056064,64.3560744253922,True,28,26,28:26
20260925T235943,61380.02816,64.3560744253922,True,35,20,35:20
20260925T235943,56306.954752,64.3560744253922,True,39,24,39:24
20260925T235944,57326.1056,64.3560744253922,True,1,25,1:25
20260925T235944,57574.389248,64.3560744253922,True,13,26,13:26
20260925T235944,57822.691584,64.3560744253922,True,19,20,19:20
20260925T235944,57855.524608,64.3560744253922,True,20,26,20:26
20260925T235944,58417.131264,64.3560744253922,True,22,21,22:21
20260925T235944,57934.642944,64.3560744253922,True,26,22,26:22
20260925T235944,58309.951232,64.3560744253922,True,30,26,30:26
20260925T235944,58469.12128,64.3560744253922,True,40,23,40:23
20260925T235944,57765.878016,64.3560744253922,True,47,20,47:20
20260925T235944,57629.903616,64.3560744253922,True,48,19,48:19
20260925T235944,58562.823936,64.3560744253922,True,54,23,54:23
20260925T235944,58651.173888,64.3560744253922,True,61,26,61:26
20260925T235945,58522.718976,64.3560744253922,True,1,24,1:24
20260925T235945,58354.322176,64.3560744253922,True,5,22,5:22
20260925T235945,59159.279104,64.3560744253922,True,9,21,9:21
20260925T235945,58877.75872,64.3560744253922,True,24,27,24:27
20260925T235945,57814.437376,64.3560744253922,True,41,23,41:23
20260925T235945,58448.374784,64.3560744253922,True,43,20,43:20
20260925T235945,57857.563392,64.3560744253922,True,50,24,50:24
20260925T235945,58669.8048,64.3560744253922,True,53,27,53:27
20260925T235945,2.607104,64.3560744253922,False,55,75,55:75
20260925T235946,60173.382144,64.3560744253922,True,0,24,0:24
20260925T235946,59640.884224,64.3560744253922,True,3,27,3:27
20260925T235946,58934.4384,64.3560744253922,True,6,30,6:30
20260925T235946,59114.004992,64.3560744253922,True,16,21,16:21
20260925T235946,59338.236416,64.3560744253922,True,23,24,23:24
20260925T235946,58859.731968,64.3560744253922,True,28,28,28:28
20260925T235946,58332.127744,64.3560744253922,True,29,29,29:29
20260925T235946,59174.46656,64.3560744253922,True,44,28,44:28
20260925T235946,60057.910016,64.3560744253922,True,45,29,45:29
20260925T235946,58784.120064,64.3560744253922,True,51,28,51:28
20260925T235946,58696.452608,64.3560744253922,True,58,22,58:22
20260925T235946,59248.8896,64.3560744253922,True,61,27,61:27
20260925T235947,68136.874752,64.3560744253922,True,2,18,2:18
20260925T235947,59850.994176,64.3560744253922,True,2,26,2:26
20260925T235947,60073.675264,64.3560744253922,True,8,27,8:27
20260925T235947,59361.964032,64.3560744253922,True,8,28,8:28
20260925T235947,60456.008704,64.3560744253922,True,10,28,10:28
20260925T235947,59566.324736,64.3560744253922,True,12,21,12:21
20260925T235947,59314.194176,64.3560744253922,True,14,26,14:26
20260925T235947,59867.293696,64.3560744253922,True,15,29,15:29
20260925T235947,67959.001344,64.3560744253922,True,31,16,31:16
20260925T235947,59548.919552,64.3560744253922,True,32,29,32:29
20260925T235947,61173.14688,64.3560744253922,True,36,26,36:26
20260925T235947,60409.944832,64.3560744253922,True,45,30,45:30
20260925T235947,60118.281472,64.3560744253922,True,49,21,49:21
20260925T235947,60337.479936,64.3560744253922,True,53,28,53:28
20260925T235947,59793.687296,64.3560744253922,True,54,24,54:24
20260925T235948,60760.500224,64.3560744253922,True,3,28,3:28
20260925T235948,60034.814976,64.3560744253922,True,13,28,13:28
20260925T235948,61703.588096,64.3560744253922,True,18,27,18:27
20260925T235948,70208.353024,64.3560744253922,True,20,17,20:17
20260925T235948,61176.388096,64.3560744253922,True,25,28,25:28
20260925T235948,60352.516096,64.3560744253922,True,26,23,26:23
20260925T235948,60392.58112,64.3560744253922,True,27,24,27:24
20260925T235948,60860.01152,64.3560744253922,True,30,27,30:27
20260925T235948,61298.637568,64.3560744253922,True,34,20,34:20
20260925T235948,61084.205056,64.3560744253922,True,37,29,37:29
20260925T235948,60275.452416,64.3560744253922,True,49,22,49:22
20260925T235948,60999.060224,64.3560744253922,True,51,27,51:27
20260925T235949,68737.643776,64.3560744253922,True,17,17,17:17
20260925T235949,61136.322048,64.3560744253922,True,18,28,18:28
20260925T235949,62108.923904,64.3560744253922,True,22,22,22:22
20260925T235949,62140.46592,64.3560744253922,True,24,28,24:28
20260925T235949,62059.872,64.3560744253922,True,29,28,29:28
20260925T235949,61154.683392,64.3560744253922,True,30,28,30:28
20260925T235949,62241.552384,64.3560744253922,True,36,27,36:27
20260925T235949,61821.881856,64.3560744253922,True,43,21,43:21
20260925T235949,61879.966464,64.3560744253922,True,62,21,62:21
20260925T235949,61115.568128,64.3560744253922,True,63,26,63:26
20260925T235950,61753.485824,64.3560744253922,True,5,23,5:23
20260925T235950,61615.601152,64.3560744253922,True,17,25,17:25
20260925T235950,62983.798016,64.3560744253922,True,20,27,20:27
20260925T235950,61695.926272,64.3560744253922,True,22,23,22:23
20260925T235950,62736.131584,64.3560744253922,True,24,29,24:29
20260925T235950,61753.883392,64.3560744253922,True,25,29,25:29
20260925T235950,68794.836224,64.3560744253922,True,27,18,27:18
20260925T235950,62815.605248,64.3560744253922,True,33,23,33:23
20260925T235950,62745.570816,64.3560744253922,True,36,28,36:28
20260925T235950,61788.519168,64.3560744253922,True,40,25,40:25
20260925T235950,62043.40608,64.3560744253922,True,44,30,44:30
20260925T235950,61961.648384,64.3560744253922,True,54,25,54:25
20260925T235950,62339.750144,64.3560744253922,True,56,30,56:30
20260925T235950,63490.256384,64.3560744253922,True,60,22,60:22
20260925T235951,63397.380096,64.3560744253922,True,4,31,4:31
20260925T235951,63948.658176,64.3560744253922,True,9,22,9:22
20260925T235951,64162.34624,64.3560744253922,True,13,27,13:27
20260925T235951,63626.413056,64.3560744253922,True,17,24,17:24
20260925T235951,63718.991104,64.3560744253922,True,19,21,19:21
20260925T235951,62669.52704,64.3560744253922,True,21,21,21:21
20260925T235951,62867.986688,64.3560744253922,True,37,30,37:30
20260925T235951,64088.603392,64.3560744253922,True,46,29,46:29
20260925T235951,67765.826304,64.3560744253922,True,47,17,47:17
20260925T235951,63075.792896,64.3560744253922,True,48,20,48:20
20260925T235951,63306.454528,64.3560744253922,True,55,21,55:21
20260925T235951,64085.015296,64.3560744253922,True,56,29,56:29
20260925T235951,64109.554176,64.3560744253922,True,63,25,63:25
20260925T235952,64772.20864,64.3560744253922,True,0,25,0:25
20260925T235952,63136.459008,64.3560744253922,True,3,29,3:29
20260925T235952,64638.070016,64.3560744253922,True,7,22,7:22
20260925T235952,64276.592128,64.3560744253922,True,12,22,12:22
20260925T235952,63727.306496,64.3560744253922,True,15,30,15:30
20260925T235952,63945.199872,64.3560744253922,True,19,22,19:22
20260925T235952,64895.819264,64.3560744253922,True,23,25,23:25
20260925T235952,64450.955264,64.3560744253922,True,29,30,29:30
20260925T235952,65109.151744,64.3560744253922,True,31,24,31:24
20260925T235952,63739.02336,64.3560744253922,True,32,30,32:30
20260925T235952,63554.996224,64.3560744253922,True,50,25,50:25
20260925T235952,64500.531712,64.3560744253922,True,52,29,52:29
20260925T235952,64792.104704,64.3560744253922,True,53,29,53:29
20260925T235953,64440.753408,64.3560744253922,True,0,26,0:26
20260925T235953,65317.293568,64.3560744253922,True,11,22,11:22
20260925T235953,64137.530624,64.3560744253922,True,20,28,20:28
20260925T235953,64050.86592,64.3560744253922,True,33,24,33:24
20260925T235953,64656.125952,64.3560744253922,True,38,24,38:24
20260925T235953,65751.332096,64.3560744253922,True,44,29,44:29
20260925T235953,64431.782912,64.3560744253922,True,57,21,57:21
20260925T235954,65576.84992,64.3560744253922,True,1,26,1:26
20260925T235954,66020.419072,64.3560744253922,True,8,29,8:29
20260925T235954,71943.135488,64.3560744253922,True,13,21,13:21
20260925T235954,65976.163072,64.3560744253922,True,24,30,24:30
20260925T235954,65607.357952,64.3560744253922,True,26,24,26:24
20260925T235954,66447.807232,64.3560744253922,True,35,26,35:26
20260925T235954,72757.94816,64.3560744253922,True,37,22,37:22
20260925T235954,70219.813376,64.3560744253922,True,42,20,42:20
20260925T235954,65400.550144,64.3560744253922,True,45,32,45:32
20260925T235954,65413.377792,64.3560744253922,True,49,23,49:23
20260925T235954,65751.978752,64.3560744253922,True,51,29,51:29
20260925T235954,65866.5472,64.3560744253922,True,56,31,56:31
20260925T235954,66094.711296,64.3560744253922,True,58,23,58:23
20260925T235955,67057.334528,64.3560744253922,True,4,32,4:32
20260925T235955,66708.419584,64.3560744253922,True,4,33,4:33
20260925T235955,66155.796736,64.3560744253922,True,6,31,6:31
20260925T235955,66756.366592,64.3560744253922,True,10,31,10:31
20260925T235955,66272.507904,64.3560744253922,True,15,31,15:31
20260925T235955,67018.375424,64.3560744253922,True,38,23,38:23
20260925T235955,66145.894144,64.3560744253922,True,42,25,42:25
20260925T235955,66613.546496,64.3560744253922,True,52,30,52:30
20260925T235956,68713.92256,64.3560744253922,True,2,27,2:27
20260925T235956,72425.231872,64.3560744253922,True,6,25,6:25
20260925T235956,68014.700544,64.3560744253922,True,10,30,10:30
20260925T235956,68072.111616,64.3560744253922,True,18,29,18:29
20260925T235956,67623.450624,64.3560744253922,True,30,29,30:29
20260925T235956,66705.540608,64.3560744253922,True,34,22,34:22
20260925T235956,67446.4128,64.3560744253922,True,39,25,39:25
20260925T235956,67846.080768,64.3560744253922,True,45,31,45:31
20260925T235956,66867.1296,64.3560744253922,True,54,26,54:26
20260925T235956,67900.465664,64.3560744253922,True,60,23,60:23
20260925T235957,67433.695232,64.3560744253922,True,10,32,10:32
20260925T235957,68737.96736,64.3560744253922,True,11,23,11:23
20260925T235957,67954.45888,64.3560744253922,True,13,30,13:30
20260925T235957,92454.503424,64.3560744253922,True,15,1,15:1
20260925T235957,2.610688,64.3560744253922,False,18,108,18:108
20260925T235957,73018.000128,64.3560744253922,True,35,22,35:22
20260925T235957,67767.115008,64.3560744253922,True,44,31,44:31
20260925T235957,73891.805184,64.3560744253922,True,45,25,45:25
20260925T235957,69136.68096,64.3560744253922,True,46,30,46:30
20260925T235957,67972.895744,64.3560744253922,True,50,26,50:26
20260925T235957,68481.997568,64.3560744253922,True,53,30,53:30
20260925T235957,67808.601856,64.3560744253922,True,59,31,59:31
20260925T235958,68826.497792,64.3560744253922,True,0,27,0:27
20260925T235958,69110.850048,64.3560744253922,True,2,28,2:28
20260925T235958,70155.980544,64.3560744253922,True,13,29,13:29
20260925T235958,68971.581952,64.3560744253922,True,21,22,21:22
20260925T235958,69793.16096,64.3560744253922,True,28,29,28:29
20260925T235958,69462.57536,64.3560744253922,True,35,27,35:27
20260925T235958,68929.355776,64.3560744253922,True,37,31,37:31
20260925T235958,69003.215872,64.3560744253922,True,61,30,61:30
20260925T235958,68997.160448,64.3560744253922,True,62,22,62:22
20260925T235959,75640.19072,64.3560744253922,True,0,21,0:21
20260925T235959,4.333568,64.3560744253922,False,3,105,3:105
20260925T235959,69894.0416,64.3560744253922,True,6,32,6:32
20260925T235959,69991.497472,64.3560744253922,True,9,24,9:24
20260925T235959,69416.307456,64.3560744253922,True,18,30,18:30
20260925T235959,70798.72896,64.3560744253922,True,25,30,25:30
20260925T235959,69621.551616,64.3560744253922,True,25,31,25:31
20260925T235959,70257.986048,64.3560744253922,True,27,25,27:25
20260925T235959,69790.403072,64.3560744253922,True,42,26,42:26
20260925T235959,76815.238144,64.3560744253922,True,47,16,47:16
20260925T235959,70512.40832,64.3560744253922,True,48,21,48:21
20260925T235959,73764.117504,64.3560744253922,True,50,22,50:22
20260925T235959,70433.23776,64.3560744253922,True,61,29,61:29
20260926T000000,71587.904768,64.3560744253922,True,16,23,16:23
20260926T000000,70460.036608,64.3560744253922,True,17,27,17:27
20260926T000000,70659.88864,64.3560744253922,True,29,31,29:31
20260926T000000,71736.852992,64.3560744253922,True,31,25,31:25
20260926T000000,69986.312448,64.3560744253922,True,33,25,33:25
20260926T000000,70397.51808,64.3560744253922,True,36,30,36:30
20260926T000000,71408.968448,64.3560744253922,True,41,24,41:24
20260926T000000,70733.676032,64.3560744253922,True,46,31,46:31
20260926T000000,70479.95392,64.3560744253922,True,54,27,54:27
20260926T000001,71117.638656,64.3560744253922,True,1,27,1:27
20260926T000001,71255.41504,64.3560744253922,True,12,23,12:23
20260926T000001,72061.837312,64.3560744253922,True,31,26,31:26
20260926T000001,72069.942016,64.3560744253922,True,38,25,38:25
20260926T000001,71083.553536,64.3560744253922,True,44,32,44:32
20260926T000001,71791.928064,64.3560744253922,True,49,24,49:24
20260926T000001,71851.0976,64.3560744253922,True,51,30,51:30
20260926T000001,71714.460672,64.3560744253922,True,52,31,52:31
20260926T000001,72090.329088,64.3560744253922,True,55,22,55:22
20260926T000001,72279.495424,64.3560744253922,True,63,27,63:27
20260926T000002,73264.07168,64.3560744253922,True,7,23,7:23
20260926T000002,72079.149312,64.3560744253922,True,8,31,8:31
20260926T000002,72766.617344,64.3560744253922,True,11,24,11:24
20260926T000002,72986.636032,64.3560744253922,True,17,26,17:26
20260926T000002,72218.600192,64.3560744253922,True,23,27,23:27
20260926T000002,71956.841984,64.3560744253922,True,25,32,25:32
20260926T000002,72841.402112,64.3560744253922,True,37,32,37:32
20260926T000002,73532.91008,64.3560744253922,True,47,22,47:22
20260926T000002,72397.740032,64.3560744253922,True,55,23,55:23
20260926T000002,72414.540032,64.3560744253922,True,60,24,60:24
20260926T000003,73584.909824,64.3560744253922,True,5,25,5:25
20260926T000003,73028.465664,64.3560744253922,True,9,25,9:25
20260926T000003,72543.34848,64.3560744253922,True,13,31,13:31
20260926T000003,73687.663104,64.3560744253922,True,19,23,19:23
20260926T000003,73573.462528,64.3560744253922,True,24,32,24:32
20260926T000003,73684.039168,64.3560744253922,True,27,26,27:26
20260926T000003,73725.20064,64.3560744253922,True,28,30,28:30
20260926T000003,80007.305728,64.3560744253922,True,30,23,30:23
20260926T000003,73507.478528,64.3560744253922,True,32,31,32:31
20260926T000003,73915.074048,64.3560744253922,True,35,28,35:28
20260926T000003,73440.516864,64.3560744253922,True,39,26,39:26
20260926T000003,73047.670016,64.3560744253922,True,56,32,56:32
20260926T000004,82381.597696,64.3560744253922,True,2,21,2:21
20260926T000004,74326.821632,64.3560744253922,True,16,24,16:24
20260926T000004,81349.980928,64.3560744253922,True,19,17,19:17
20260926T000004,75074.646528,64.3560744253922,True,30,30,30:30
20260926T000004,73729.959168,64.3560744253922,True,48,23,48:23
20260926T000004,74200.50176,64.3560744253922,True,59,32,59:32
20260926T000004,74527.86944,64.3560744253922,True,61,31,61:31
20260926T000004,73877.865472,64.3560744253922,True,63,28,63:28
20260926T000005,76054.195968,64.3560744253922,True,3,30,3:30
20260926T000005,75007.547392,64.3560744253922,True,10,33,10:33
20260926T000005,75606.333952,64.3560744253922,True,20,29,20:29
20260926T000005,74405.112832,64.3560744253922,True,21,23,21:23
20260926T000005,74713.070592,64.3560744253922,True,33,26,33:26
20260926T000005,74991.776,64.3560744253922,True,37,33,37:33
20260926T000005,75539.772672,64.3560744253922,True,46,32,46:32
20260926T000005,75071.393024,64.3560744253922,True,48,22,48:22
20260926T000005,100954.221824,64.3560744253922,True,59,1,59:1
20260926T000006,75696.649216,64.3560744253922,True,3,31,3:31
20260926T000006,76474.89536,64.3560744253922,True,4,34,4:34
20260926T000006,76186.853888,64.3560744253922,True,7,24,7:24
20260926T000006,77026.129152,64.3560744253922,True,15,32,15:32
20260926T000006,76249.722624,64.3560744253922,True,22,25,22:25
20260926T000006,76177.235456,64.3560744253922,True,41,25,41:25
20260926T000006,82599.240192,64.3560744253922,True,44,24,44:24
20260926T000006,76514.1568,64.3560744253922,True,45,34,45:34
20260926T000006,75620.358912,64.3560744253922,True,49,25,49:25
20260926T000006,75826.281472,64.3560744253922,True,50,27,50:27
20260926T000006,75688.921344,64.3560744253922,True,55,24,55:24
20260926T000006,77071.873024,64.3560744253922,True,57,22,57:22
20260926T000007,77201.91872,64.3560744253922,True,0,28,0:28
20260926T000007,76621.409024,64.3560744253922,True,14,29,14:29
20260926T000007,76449.16096,64.3560744253922,True,18,31,18:31
20260926T000007,76733.713664,64.3560744253922,True,23,28,23:28
20260926T000007,76580.493056,64.3560744253922,True,29,33,29:33
20260926T000007,76647.49312,64.3560744253922,True,32,32,32:32
20260926T000007,76568.031488,64.3560744253922,True,36,31,36:31
20260926T000007,76999.484672,64.3560744253922,True,42,27,42:27
20260926T000007,76628.890368,64.3560744253922,True,44,33,44:33
20260926T000007,81306.708992,64.3560744253922,True,45,28,45:28
20260926T000007,77196.124416,64.3560744253922,True,62,23,62:23
20260926T000008,78379.58912,64.3560744253922,True,2,29,2:29
20260926T000008,77430.949376,64.3560744253922,True,6,34,6:34
20260926T000008,77428.156416,64.3560744253922,True,15,33,15:33
20260926T000008,78082.30272,64.3560744253922,True,26,25,26:25
20260926T000008,76777.734912,64.3560744253922,True,28,32,28:32
20260926T000008,78451.933696,64.3560744253922,True,29,32,29:32
20260926T000008,78008.644096,64.3560744253922,True,31,27,31:27
20260926T000008,77588.099328,64.3560744253922,True,41,26,41:26
20260926T000008,78122.733312,64.3560744253922,True,51,31,51:31
20260926T000008,103305.051136,64.3560744253922,True,53,1,53:1
20260926T000008,78318.227968,64.3560744253922,True,53,32,53:32
20260926T000008,76921.179136,64.3560744253922,True,54,28,54:28
20260926T000008,76997.711104,64.3560744253922,True,57,23,57:23
20260926T000009,84964.230912,64.3560744253922,True,21,18,21:18
20260926T000009,78568.284416,64.3560744253922,True,24,34,24:34
20260926T000009,79013.712896,64.3560744253922,True,30,31,30:31
20260926T000009,78265.299456,64.3560744253922,True,30,32,30:32
20260926T000009,79376.9216,64.3560744253922,True,40,27,40:27
20260926T000009,79030.245632,64.3560744253922,True,43,23,43:23
20260926T000009,96066.616064,64.3560744253922,True,56,12,56:12
20260926T000009,79234.351104,64.3560744253922,True,58,25,58:25
20260926T000010,80192.5504,64.3560744253922,True,6,33,6:33
20260926T000010,78895.066112,64.3560744253922,True,20,30,20:30
20260926T000010,85981.197312,64.3560744253922,True,24,24,24:24
20260926T000010,105988.062976,64.3560744253922,True,25,0,25:0
20260926T000010,79483.31008,64.3560744253922,True,25,33,25:33
20260926T000010,80060.577792,64.3560744253922,True,26,26,26:26
20260926T000010,80357.115648,64.3560744253922,True,28,31,28:31
20260926T000010,78688.434944,64.3560744253922,True,36,32,36:32
20260926T000010,79507.6992,64.3560744253922,True,38,26,38:26
20260926T000010,79481.551104,64.3560744253922,True,39,27,39:27
20260926T000010,79488.66816,64.3560744253922,True,40,28,40:28
20260926T000010,78978.155264,64.3560744253922,True,42,28,42:28
20260926T000010,79340.941056,64.3560744253922,True,46,33,46:33
20260926T000010,79813.82528,64.3560744253922,True,52,32,52:32
20260926T000010,78680.943872,64.3560744253922,True,55,25,55:25
20260926T000011,79641.8304,64.3560744253922,True,0,29,0:29
20260926T000011,80126.829568,64.3560744253922,True,12,24,12:24
20260926T000011,80364.56832,64.3560744253922,True,16,25,16:25
20260926T000011,80613.454848,64.3560744253922,True,27,27,27:27
20260926T000011,80186.524928,64.3560744253922,True,33,27,33:27
20260926T000011,84299.913984,64.3560744253922,True,40,24,40:24
20260926T000011,79839.565568,64.3560744253922,True,45,36,45:36
20260926T000011,80979.9232,64.3560744253922,True,59,33,59:33
20260926T000011,87992.667136,64.3560744253922,True,60,19,60:19
20260926T000012,81061.38368,64.3560744253922,True,2,30,2:30
20260926T000012,81459.297792,64.3560744253922,True,8,32,8:32
20260926T000012,80997.93536,64.3560744253922,True,15,34,15:34
20260926T000012,81633.921536,64.3560744253922,True,34,23,34:23
20260926T000012,80992.408064,64.3560744253922,True,45,35,45:35
20260926T000012,100082.18368,64.3560744253922,True,50,9,50:9
20260926T000012,81446.185216,64.3560744253922,True,52,33,52:33
20260926T000012,81217.449728,64.3560744253922,True,58,26,58:26
20260926T000013,82360.7808,64.3560744253922,True,4,35,4:35
20260926T000013,90018.800128,64.3560744253922,True,46,24,46:24
20260926T000013,81145.657344,64.3560744253922,True,52,34,52:34
20260926T000013,81601.743616,64.3560744253922,True,56,34,56:34
20260926T000013,81912.355072,64.3560744253922,True,61,32,61:32
20260926T000013,100624.749312,64.3560744253922,True,62,8,62:8
20260926T000014,83138.599168,64.3560744253922,True,1,28,1:28
20260926T000014,90611.507712,64.3560744253922,True,3,24,3:24
20260926T000014,82799.108608,64.3560744253922,True,5,26,5:26
20260926T000014,82860.36352,64.3560744253922,True,11,25,11:25
20260926T000014,83093.946112,64.3560744253922,True,13,32,13:32
20260926T000014,83074.062336,64.3560744253922,True,18,32,18:32
20260926T000014,82833.43872,64.3560744253922,True,32,33,32:33
20260926T000014,82473.949696,64.3560744253922,True,32,34,32:34
20260926T000014,83402.759936,64.3560744253922,True,35,29,35:29
20260926T000014,82703.318272,64.3560744253922,True,35,30,35:30
20260926T000014,82164.076544,64.3560744253922,True,38,27,38:27
20260926T000014,82454.677248,64.3560744253922,True,48,24,48:24
20260926T000014,83257.84704,64.3560744253922,True,56,33,56:33
20260926T000014,82160.166144,64.3560744253922,True,58,27,58:27
20260926T000014,83068.861184,64.3560744253922,True,60,25,60:25
20260926T000015,83862.233856,64.3560744253922,True,10,34,10:34
20260926T000015,83288.132864,64.3560744253922,True,15,35,15:35
20260926T000015,83729.109248,64.3560744253922,True,23,29,23:29
20260926T000015,83155.014144,64.3560744253922,True,23,30,23:30
20260926T000015,82771.692032,64.3560744253922,True,30,33,30:33
20260926T000015,84207.688448,64.3560744253922,True,31,28,31:28
20260926T000015,83548.79104,64.3560744253922,True,34,24,34:24
20260926T000015,84310.82368,64.3560744253922,True,37,34,37:34
20260926T000015,82777.878272,64.3560744253922,True,40,29,40:29
20260926T000015,83839.97184,64.3560744253922,True,50,28,50:28
20260926T000015,84508.639232,64.3560744253922,True,51,32,51:32
20260926T000015,83632.454912,64.3560744253922,True,53,33,53:33
20260926T000015,82894.106624,64.3560744253922,True,60,26,60:26
20260926T000015,83827.26656,64.3560744253922,True,62,24,62:24
20260926T000016,110039.731456,64.3560744253922,True,4,3,4:3
20260926T000016,83644.867328,64.3560744253922,True,4,37,4:37
20260926T000016,84859.02208,64.3560744253922,True,7,25,7:25
20260926T000016,84116.816128,64.3560744253922,True,8,33,8:33
20260926T000016,83743.340544,64.3560744253922,True,10,36,10:36
20260926T000016,84625.752576,64.3560744253922,True,19,24,19:24
20260926T000016,84376.51456,64.3560744253922,True,24,35,24:35
20260926T000016,87997.694464,64.3560744253922,True,34,21,34:21
20260926T000016,84855.806208,64.3560744253922,True,39,28,39:28
20260926T000016,84227.873536,64.3560744253922,True,43,24,43:24
20260926T000016,85361.950464,64.3560744253922,True,44,34,44:34
20260926T000016,83719.724544,64.3560744253922,True,44,35,44:35
20260926T000016,84700.910592,64.3560744253922,True,46,34,46:34
20260926T000016,84158.868992,64.3560744253922,True,53,34,53:34
20260926T000016,85614.966784,64.3560744253922,True,59,34,59:34
20260926T000016,85017.324288,64.3560744253922,True,63,29,63:29
20260926T000017,85112.77952,64.3560744253922,True,3,32,3:32
20260926T000017,85905.989376,64.3560744253922,True,6,35,6:35
20260926T000017,101612.98432,64.3560744253922,True,9,11,9:11
20260926T000017,84735.502592,64.3560744253922,True,18,33,18:33
20260926T000017,85526.190848,64.3560744253922,True,21,24,21:24
20260926T000017,85866.182656,64.3560744253922,True,22,26,22:26
20260926T000017,85760.891904,64.3560744253922,True,26,27,26:27
20260926T000017,85835.210752,64.3560744253922,True,51,33,51:33
20260926T000017,84687.243776,64.3560744253922,True,55,26,55:26
20260926T000017,91768.099328,64.3560744253922,True,63,23,63:23
20260926T000018,86614.6048,64.3560744253922,True,4,36,4:36
20260926T000018,86679.2384,64.3560744253922,True,10,35,10:35
20260926T000018,85446.67648,64.3560744253922,True,13,34,13:34
20260926T000018,86683.560192,64.3560744253922,True,14,30,14:30
20260926T000018,85870.747136,64.3560744253922,True,17,29,17:29
20260926T000018,85740.334848,64.3560744253922,True,24,36,24:36
20260926T000018,2.461696,64.3560744253922,False,24,144,24:144
20260926T000018,86483.549952,64.3560744253922,True,29,34,29:34
20260926T000018,86353.033984,64.3560744253922,True,36,33,36:33
20260926T000018,86697.913856,64.3560744253922,True,37,35,37:35
20260926T000018,85232.718336,64.3560744253922,True,38,28,38:28
20260926T000018,85974.750464,64.3560744253922,True,42,29,42:29
20260926T000018,86730.00448,64.3560744253922,True,49,26,49:26
20260926T000018,86396.93312,64.3560744253922,True,54,29,54:29
20260926T000018,86197.970688,64.3560744253922,True,59,35,59:35
20260926T000018,112906.234112,64.3560744253922,True,61,2,61:2
20260926T000018,85363.289856,64.3560744253922,True,61,34,61:34
20260926T000019,87393.476864,64.3560744253922,True,5,27,5:27
20260926T000019,87222.734848,64.3560744253922,True,13,33,13:33
20260926T000019,87640.5696,64.3560744253922,True,16,26,16:26
20260926T000019,87726.65856,64.3560744253922,True,20,31,20:31
20260926T000019,87364.2432,64.3560744253922,True,28,33,28:33
20260926T000019,87393.805312,64.3560744253922,True,47,24,47:24
20260926T000019,86314.929408,64.3560744253922,True,51,34,51:34
20260926T000019,86238.603008,64.3560744253922,True,57,25,57:25
20260926T000020,88490.382848,64.3560744253922,True,9,26,9:26
20260926T000020,93092.146176,64.3560744253922,True,10,29,10:29
20260926T000020,87658.486016,64.3560744253922,True,14,31,14:31
20260926T000020,87366.417408,64.3560744253922,True,22,28,22:28
20260926T000020,87957.680384,64.3560744253922,True,23,31,23:31
20260926T000020,88150.384128,64.3560744253922,True,41,27,41:27
20260926T000020,88152.224256,64.3560744253922,True,50,29,50:29
20260926T000020,87851.998464,64.3560744253922,True,52,35,52:35
20260926T000020,87467.33568,64.3560744253922,True,58,28,58:28
20260926T000020,88616.756992,64.3560744253922,True,61,33,61:33
20260926T000020,86662.650368,64.3560744253922,True,61,35,61:35
20260926T000020,88451.017472,64.3560744253922,True,63,30,63:30
20260926T000020,88002.73152,64.3560744253922,True,63,31,63:31
20260926T000021,89433.452032,64.3560744253922,True,1,29,1:29
20260926T000021,88013.012736,64.3560744253922,True,8,34,8:34
20260926T000021,89255.227136,64.3560744253922,True,11,26,11:26
20260926T000021,89274.46272,64.3560744253922,True,12,25,12:25
20260926T000021,87718.243328,64.3560744253922,True,24,37,24:37
20260926T000021,89215.519232,64.3560744253922,True,27,29,27:29
20260926T000021,88857.868288,64.3560744253922,True,40,30,40:30
20260926T000021,88951.519232,64.3560744253922,True,45,37,45:37
20260926T000021,89277.300992,64.3560744253922,True,46,35,46:35
20260926T000022,89685.085696,64.3560744253922,True,0,30,0:30
20260926T000022,89920.628992,64.3560744253922,True,2,31,2:31
20260926T000022,89288.29824,64.3560744253922,True,3,33,3:33
20260926T000022,89352.542208,64.3560744253922,True,19,25,19:25
20260926T000022,89114.402816,64.3560744253922,True,28,34,28:34
20260926T000022,89020.882176,64.3560744253922,True,32,36,32:36
20260926T000022,89811.406592,64.3560744253922,True,35,31,35:31
20260926T000022,93366.385152,64.3560744253922,True,36,29,36:29
20260926T000022,90011.311104,64.3560744253922,True,37,36,37:36
20260926T000022,89335.140096,64.3560744253922,True,59,36,59:36
20260926T000022,90205.6128,64.3560744253922,True,62,25,62:25
20260926T000023,89859.804928,64.3560744253922,True,1,30,1:30
20260926T000023,90682.034944,64.3560744253922,True,7,26,7:26
20260926T000023,90941.055488,64.3560744253922,True,21,25,21:25
20260926T000023,91530.662656,64.3560744253922,True,22,27,22:27
20260926T000023,90819.340544,64.3560744253922,True,26,28,26:28
20260926T000023,91020.547584,64.3560744253922,True,32,35,32:35
20260926T000023,115237.662464,64.3560744253922,True,37,5,37:5
20260926T000023,90845.426944,64.3560744253922,True,56,35,56:35
20260926T000023,95126.11968,64.3560744253922,True,59,30,59:30
20260926T000023,89867.456768,64.3560744253922,True,59,37,59:37
20260926T000024,91629.211648,64.3560744253922,True,6,36,6:36
20260926T000024,90432.4544,64.3560744253922,True,10,37,10:37
20260926T000024,90524.592896,64.3560744253922,True,11,27,11:27
20260926T000024,91779.581952,64.3560744253922,True,15,36,15:36
20260926T000024,91552.13952,64.3560744253922,True,16,27,16:27
20260926T000024,90850.627328,64.3560744253922,True,17,30,17:30
20260926T000024,91395.583488,64.3560744253922,True,20,32,20:32
20260926T000024,90782.194688,64.3560744253922,True,25,36,25:36
20260926T000024,92113.673216,64.3560744253922,True,29,35,29:35
20260926T000024,91458.972416,64.3560744253922,True,31,29,31:29
20260926T000024,91090.684416,64.3560744253922,True,33,28,33:28
20260926T000024,90475.497216,64.3560744253922,True,36,35,36:35
20260926T000024,90966.907392,64.3560744253922,True,51,35,51:35
20260926T000024,90316.419584,64.3560744253922,True,54,30,54:30
20260926T000024,91216.021504,64.3560744253922,True,55,27,55:27
20260926T000024,91568.460288,64.3560744253922,True,56,36,56:36
20260926T000024,90902.628096,64.3560744253922,True,63,32,63:32
20260926T000025,92416.349952,64.3560744253922,True,4,38,4:38
20260926T000025,91943.181568,64.3560744253922,True,6,37,6:37
20260926T000025,92123.729664,64.3560744253922,True,12,26,12:26
20260926T000025,91789.001216,64.3560744253922,True,13,35,13:35
20260926T000025,91254.366464,64.3560744253922,True,17,31,17:31
20260926T000025,92709.18016,64.3560744253922,True,25,35,25:35
20260926T000025,91910.135552,64.3560744253922,True,30,34,30:34
20260926T000025,92352.234496,64.3560744253922,True,36,34,36:34
20260926T000025,91476.039424,64.3560744253922,True,39,30,39:30
20260926T000025,91435.19616,64.3560744253922,True,44,36,44:36
20260926T000025,92392.607744,64.3560744253922,True,47,25,47:25
20260926T000026,92141.501952,64.3560744253922,True,1,31,1:31
20260926T000026,92687.802368,64.3560744253922,True,15,37,15:37
20260926T000026,92733.820416,64.3560744253922,True,23,32,23:32
20260926T000026,92145.55264,64.3560744253922,True,26,29,26:29
20260926T000026,100191.080448,64.3560744253922,True,29,27,29:27
20260926T000026,93114.187008,64.3560744253922,True,29,36,29:36
20260926T000026,93326.839296,64.3560744253922,True,49,27,49:27
20260926T000026,93030.245376,64.3560744253922,True,50,30,50:30
20260926T000026,92134.40384,64.3560744253922,True,50,31,50:31
20260926T000026,92175.12064,64.3560744253922,True,54,31,54:31
20260926T000027,94552.327936,64.3560744253922,True,0,31,0:31
20260926T000027,94000.679936,64.3560744253922,True,2,32,2:32
20260926T000027,93494.893056,64.3560744253922,True,3,34,3:34
20260926T000027,94084.348416,64.3560744253922,True,5,28,5:28
20260926T000027,117483.57376,64.3560744253922,True,6,7,6:7
20260926T000027,93429.407744,64.3560744253922,True,16,28,16:28
20260926T000027,93619.955968,64.3560744253922,True,18,34,18:34
20260926T000027,112899.110144,64.3560744253922,True,24,13,24:13
20260926T000027,92680.21888,64.3560744253922,True,27,31,27:31
20260926T000027,93527.75936,64.3560744253922,True,38,29,38:29
20260926T000027,93420.959232,64.3560744253922,True,39,31,39:31
20260926T000027,94021.778176,64.3560744253922,True,40,31,40:31
20260926T000027,99868.323584,64.3560744253922,True,57,20,57:20
20260926T000027,93256.086528,64.3560744253922,True,60,27,60:27
20260926T000027,93568.88448,64.3560744253922,True,61,36,61:36
20260926T000028,93841.08672,64.3560744253922,True,7,27,7:27
20260926T000028,115071.17056,64.3560744253922,True,9,9,9:9
20260926T000028,94630.387456,64.3560744253922,True,20,33,20:33
20260926T000028,93476.393984,64.3560744253922,True,20,34,20:34
20260926T000028,94207.554816,64.3560744253922,True,22,29,22:29
20260926T000028,94432.205312,64.3560744253922,True,28,35,28:35
20260926T000028,94221.202176,64.3560744253922,True,45,38,45:38
20260926T000028,94893.819392,64.3560744253922,True,52,36,52:36
20260926T000028,94297.615616,64.3560744253922,True,53,37,53:37
20260926T000028,94383.873024,64.3560744253922,True,56,38,56:38
20260926T000028,93614.091264,64.3560744253922,True,59,38,59:38
20260926T000029,94543.145472,64.3560744253922,True,11,28,11:28
20260926T000029,95285.76768,64.3560744253922,True,18,35,18:35
20260926T000029,94788.41216,64.3560744253922,True,25,37,25:37
20260926T000029,96091.759616,64.3560744253922,True,27,30,27:30
20260926T000029,95194.449664,64.3560744253922,True,47,26,47:26
20260926T000029,95309.424384,64.3560744253922,True,52,37,52:37
20260926T000029,95372.821504,64.3560744253922,True,53,36,53:36
20260926T000029,95764.587008,64.3560744253922,True,56,37,56:37
20260926T000029,94949.563648,64.3560744253922,True,58,30,58:30
20260926T000029,95985.16608,64.3560744253922,True,62,26,62:26
20260926T000030,95824.163584,64.3560744253922,True,4,40,4:40
20260926T000030,96559.658752,64.3560744253922,True,9,28,9:28
20260926T000030,95946.868224,64.3560744253922,True,30,35,30:35
20260926T000030,95497.53472,64.3560744253922,True,36,36,36:36
20260926T000030,96661.591808,64.3560744253922,True,41,28,41:28
20260926T000030,96761.327872,64.3560744253922,True,42,30,42:30
20260926T000030,95592.099328,64.3560744253922,True,46,38,46:38
20260926T000030,95557.120768,64.3560744253922,True,60,28,60:28
20260926T000030,95678.706688,64.3560744253922,True,62,27,62:27
20260926T000031,97233.91872,64.3560744253922,True,4,39,4:39
20260926T000031,96678.976256,64.3560744253922,True,6,38,6:38
20260926T000031,97261.787648,64.3560744253922,True,10,38,10:38
20260926T000031,96865.673472,64.3560744253922,True,13,37,13:37
20260926T000031,97157.281024,64.3560744253922,True,21,26,21:26
20260926T000031,96531.262464,64.3560744253922,True,24,38,24:38
20260926T000031,96628.58624,64.3560744253922,True,29,37,29:37
20260926T000031,96802.91072,64.3560744253922,True,33,30,33:30
20260926T000031,96850.211584,64.3560744253922,True,34,26,34:26
20260926T000031,97009.577472,64.3560744253922,True,45,39,45:39
20260926T000031,97283.79008,64.3560744253922,True,48,25,48:25
20260926T000032,98384.929024,64.3560744253922,True,2,33,2:33
20260926T000032,98817.861632,64.3560744253922,True,8,35,8:35
20260926T000032,98435.222784,64.3560744253922,True,19,26,19:26
20260926T000032,97037.331456,64.3560744253922,True,25,38,25:38
20260926T000032,96887.05152,64.3560744253922,True,38,30,38:30
20260926T000032,97754.98752,64.3560744253922,True,43,26,43:26
20260926T000032,97671.026688,64.3560744253922,True,44,37,44:37
20260926T000032,98629.545984,64.3560744253922,True,46,37,46:37
20260926T000032,98249.740288,64.3560744253922,True,57,26,57:26
20260926T000033,98277.37728,64.3560744253922,True,8,36,8:36
20260926T000033,99521.000192,64.3560744253922,True,13,36,13:36
20260926T000033,120203.707904,64.3560744253922,True,22,9,22:9
20260926T000033,99013.995776,64.3560744253922,True,35,33,35:33
20260926T000033,98687.467008,64.3560744253922,True,40,32,40:32
20260926T000033,98423.431168,64.3560744253922,True,41,29,41:29
20260926T000033,98383.91168,64.3560744253922,True,44,38,44:38
20260926T000033,98062.460672,64.3560744253922,True,46,39,46:39
20260926T000033,98143.611136,64.3560744253922,True,47,27,47:27
20260926T000033,99442.170624,64.3560744253922,True,58,29,58:29
20260926T000034,99123.359744,64.3560744253922,True,15,38,15:38
20260926T000034,114484.246016,64.3560744253922,True,16,15,16:15
20260926T000034,99338.5344,64.3560744253922,True,18,36,18:36
20260926T000034,98925.158144,64.3560744253922,True,22,30,22:30
20260926T000034,99555.996928,64.3560744253922,True,23,33,23:33
20260926T000034,99852.894464,64.3560744253922,True,33,29,33:29
20260926T000034,120828.012032,64.3560744253922,True,37,12,37:12
20260926T000034,98676.787712,64.3560744253922,True,40,33,40:33
20260926T000034,98410.004992,64.3560744253922,True,41,30,41:30
20260926T000034,98897.833984,64.3560744253922,True,42,32,42:32
20260926T000034,99811.238912,64.3560744253922,True,49,28,49:28
20260926T000034,100296.000512,64.3560744253922,True,55,28,55:28
20260926T000034,104973.515008,64.3560744253922,True,58,24,58:24
20260926T000034,107567.31136,64.3560744253922,True,63,24,63:24
20260926T000035,101004.436992,64.3560744253922,True,3,35,3:35
20260926T000035,100482.101504,64.3560744253922,True,5,29,5:29
20260926T000035,99434.779136,64.3560744253922,True,8,37,8:37
20260926T000035,99805.805568,64.3560744253922,True,26,30,26:30
20260926T000035,99226.949376,64.3560744253922,True,36,37,36:37
20260926T000035,100130.498048,64.3560744253922,True,49,29,49:29
20260926T000035,100746.959872,64.3560744253922,True,51,36,51:36
20260926T000035,100733.889024,64.3560744253922,True,53,38,53:38
20260926T000035,100648.435712,64.3560744253922,True,63,33,63:33
20260926T000036,101838.409472,64.3560744253922,True,0,33,0:33
20260926T000036,100544.371968,64.3560744253922,True,6,39,6:39
20260926T000036,101010.024192,64.3560744253922,True,11,29,11:29
20260926T000036,108214.358528,64.3560744253922,True,14,27,14:27
20260926T000036,101951.279616,64.3560744253922,True,19,27,19:27
20260926T000036,101192.89344,64.3560744253922,True,24,39,24:39
20260926T000036,101623.403264,64.3560744253922,True,28,36,28:36
20260926T000036,101349.813248,64.3560744253922,True,30,36,30:36
20260926T000036,100688.109824,64.3560744253922,True,32,38,32:38
20260926T000036,101071.402496,64.3560744253922,True,39,32,39:32
20260926T000036,101780.01024,64.3560744253922,True,42,31,42:31
20260926T000036,101712.139008,64.3560744253922,True,50,32,50:32
20260926T000036,100751.268096,64.3560744253922,True,51,37,51:37
20260926T000036,100451.18848,64.3560744253922,True,57,27,57:27
20260926T000037,102139.617792,64.3560744253922,True,4,41,4:41
20260926T000037,103009.737472,64.3560744253922,True,12,27,12:27
20260926T000037,102233.945856,64.3560744253922,True,23,34,23:34
20260926T000037,101722.73792,64.3560744253922,True,24,40,24:40
20260926T000037,102092.385024,64.3560744253922,True,56,39,56:39
20260926T000037,101491.264,64.3560744253922,True,56,40,56:40
20260926T000037,101502.795776,64.3560744253922,True,58,31,58:31
20260926T000037,109889.385472,64.3560744253922,True,61,28,61:28
20260926T000038,103811.021824,64.3560744253922,True,1,32,1:32
20260926T000038,103019.341312,64.3560744253922,True,14,33,14:33
20260926T000038,102720.625408,64.3560744253922,True,19,28,19:28
20260926T000038,103111.903232,64.3560744253922,True,27,32,27:32
20260926T000038,103138.345728,64.3560744253922,True,32,37,32:37
20260926T000038,102564.944384,64.3560744253922,True,34,27,34:27
20260926T000038,102890.8352,64.3560744253922,True,37,39,37:39
20260926T000038,102838.16064,64.3560744253922,True,45,40,45:40
20260926T000038,102679.901696,64.3560744253922,True,45,41,45:41
20260926T000038,101860.512256,64.3560744253922,True,48,28,48:28
20260926T000038,101830.710528,64.3560744253922,True,49,30,49:30
20260926T000038,102841.791744,64.3560744253922,True,52,38,52:38
20260926T000038,102971.809024,64.3560744253922,True,55,29,55:29
20260926T000038,102659.229184,64.3560744253922,True,60,29,60:29
20260926T000038,102529.773568,64.3560744253922,True,62,28,62:28
20260926T000039,103836.647424,64.3560744253922,True,5,30,5:30
20260926T000039,104077.227264,64.3560744253922,True,9,29,9:29
20260926T000039,103226.898944,64.3560744253922,True,14,34,14:34
20260926T000039,104159.556864,64.3560744253922,True,20,35,20:35
20260926T000039,103432.410624,64.3560744253922,True,28,38,28:38
20260926T000039,104353.334528,64.3560744253922,True,29,38,29:38
20260926T000039,103786.82752,64.3560744253922,True,29,39,29:39
20260926T000039,103139.060992,64.3560744253922,True,47,28,47:28
20260926T000039,103710.977536,64.3560744253922,True,54,32,54:32
20260926T000040,104179.95008,64.3560744253922,True,3,37,3:37
20260926T000040,103776.183552,64.3560744253922,True,7,29,7:29
20260926T000040,104491.392768,64.3560744253922,True,35,34,35:34
20260926T000040,103891.049728,64.3560744253922,True,41,31,41:31
20260926T000040,104707.111424,64.3560744253922,True,63,34,63:34
20260926T000041,106360.69504,64.3560744253922,True,2,34,2:34
20260926T000041,105287.259648,64.3560744253922,True,4,42,4:42
20260926T000041,105773.326848,64.3560744253922,True,7,28,7:28
20260926T000041,105309.659904,64.3560744253922,True,10,41,10:41
20260926T000041,113198.862848,64.3560744253922,True,16,22,16:22
20260926T000041,106222.802432,64.3560744253922,True,16,29,16:29
20260926T000041,104875.981056,64.3560744253922,True,16,30,16:30
20260926T000041,109907.563776,64.3560744253922,True,17,28,17:28
20260926T000041,105301.11488,64.3560744253922,True,22,31,22:31
20260926T000041,106258.842624,64.3560744253922,True,25,39,25:39
20260926T000041,106200.880896,64.3560744253922,True,28,37,28:37
20260926T000041,105215.86304,64.3560744253922,True,30,37,30:37
20260926T000041,106149.357312,64.3560744253922,True,31,32,31:32
20260926T000041,122630.310656,64.3560744253922,True,35,16,35:16
20260926T000041,104926.536192,64.3560744253922,True,51,38,51:38
20260926T000041,104709.775104,64.3560744253922,True,55,30,55:30
20260926T000041,105990.704384,64.3560744253922,True,59,39,59:39
20260926T000042,106032.2112,64.3560744253922,True,1,33,1:33
20260926T000042,106908.184576,64.3560744253922,True,3,36,3:36
20260926T000042,106593.72032,64.3560744253922,True,8,38,8:38
20260926T000042,105569.764864,64.3560744253922,True,9,30,9:30
20260926T000042,106954.566656,64.3560744253922,True,10,40,10:40
20260926T000042,105551.509248,64.3560744253922,True,15,40,15:40
20260926T000042,106240.122112,64.3560744253922,True,21,28,21:28
20260926T000042,113089.11872,64.3560744253922,True,22,24,22:24
20260926T000042,106616.224,64.3560744253922,True,27,33,27:33
20260926T000042,106284.201216,64.3560744253922,True,32,39,32:39
20260926T000042,106070.444288,64.3560744253922,True,33,31,33:31
20260926T000042,106151.144704,64.3560744253922,True,37,41,37:41
20260926T000042,105805.323008,64.3560744253922,True,50,33,50:33
20260926T000043,125666.548736,64.3560744253922,True,0,15,0:15
20260926T000043,107038.83008,64.3560744253922,True,0,34,0:34
20260926T000043,107157.4848,64.3560744253922,True,12,28,12:28
20260926T000043,107419.785472,64.3560744253922,True,13,38,13:38
20260926T000043,107498.891008,64.3560744253922,True,15,39,15:39
20260926T000043,106714.54848,64.3560744253922,True,27,34,27:34
20260926T000043,106468.751872,64.3560744253922,True,28,39,28:39
20260926T000043,106732.12032,64.3560744253922,True,33,32,33:32
20260926T000043,107015.802624,64.3560744253922,True,35,35,35:35
20260926T000043,107194.32192,64.3560744253922,True,37,40,37:40
20260926T000043,107246.833664,64.3560744253922,True,39,33,39:33
20260926T000043,106444.584192,64.3560744253922,True,42,33,42:33
20260926T000043,107531.836672,64.3560744253922,True,43,27,43:27
20260926T000043,107330.82624,64.3560744253922,True,44,39,44:39
20260926T000043,106902.856192,64.3560744253922,True,52,39,52:39
20260926T000043,107291.004672,64.3560744253922,True,53,40,53:40
20260926T000043,107280.439808,64.3560744253922,True,54,33,54:33
20260926T000043,106648.226304,64.3560744253922,True,63,35,63:35
20260926T000044,107186.320896,64.3560744253922,True,4,43,4:43
20260926T000044,107982.5344,64.3560744253922,True,18,38,18:38
20260926T000044,107900.227328,64.3560744253922,True,19,29,19:29
20260926T000044,108226.159872,64.3560744253922,True,20,36,20:36
20260926T000044,107334.272,64.3560744253922,True,24,41,24:41
20260926T000044,107839.012864,64.3560744253922,True,29,40,29:40
20260926T000044,107984.767744,64.3560744253922,True,34,28,34:28
20260926T000044,108983.76704,64.3560744253922,True,38,31,38:31
20260926T000044,107242.64064,64.3560744253922,True,40,34,40:34
20260926T000044,115315.382272,64.3560744253922,True,53,31,53:31
20260926T000044,107923.280384,64.3560744253922,True,57,28,57:28
20260926T000044,108277.76256,64.3560744253922,True,59,40,59:40
20260926T000044,107040.02944,64.3560744253922,True,61,39,61:39
20260926T000045,116164.744448,64.3560744253922,True,5,24,5:24
20260926T000045,109335.656192,64.3560744253922,True,26,31,26:31
20260926T000045,124852.61568,64.3560744253922,True,28,19,28:19
20260926T000045,108358.140416,64.3560744253922,True,30,38,30:38
20260926T000045,107951.68128,64.3560744253922,True,30,39,30:39
20260926T000045,108902.81216,64.3560744253922,True,60,30,60:30
20260926T000046,109731.67744,64.3560744253922,True,6,40,6:40
20260926T000046,109010.937856,64.3560744253922,True,7,30,7:30
20260926T000046,110324.387328,64.3560744253922,True,36,38,36:38
20260926T000046,109137.741824,64.3560744253922,True,37,42,37:42
20260926T000046,109526.06336,64.3560744253922,True,46,42,46:42
20260926T000046,130339.448832,64.3560744253922,True,58,11,58:11
20260926T000047,117582.583552,64.3560744253922,True,8,30,8:30
20260926T000047,110728.06656,64.3560744253922,True,11,30,11:30
20260926T000047,110111.772928,64.3560744253922,True,13,40,13:40
20260926T000047,110444.676096,64.3560744253922,True,14,35,14:35
20260926T000047,110630.093568,64.3560744253922,True,21,29,21:29
20260926T000047,110906.291968,64.3560744253922,True,23,35,23:35
20260926T000047,118286.983424,64.3560744253922,True,24,31,24:31
20260926T000047,109877.295616,64.3560744253922,True,29,41,29:41
20260926T000047,110556.599808,64.3560744253922,True,31,33,31:33
20260926T000047,110122.217984,64.3560744253922,True,31,34,31:34
20260926T000047,110339.40608,64.3560744253922,True,35,36,35:36
20260926T000047,109889.079552,64.3560744253922,True,39,35,39:35
20260926T000047,110338.556672,64.3560744253922,True,45,42,45:42
20260926T000047,117417.232384,64.3560744253922,True,47,23,47:23
20260926T000047,109822.301696,64.3560744253922,True,51,39,51:39
20260926T000047,109852.539392,64.3560744253922,True,53,41,53:41
20260926T000048,111506.40128,64.3560744253922,True,13,39,13:39
20260926T000048,111497.79712,64.3560744253922,True,17,34,17:34
20260926T000048,110467.755264,64.3560744253922,True,37,43,37:43
20260926T000048,111719.983616,64.3560744253922,True,46,41,46:41
20260926T000048,110882.064896,64.3560744253922,True,51,40,51:40
20260926T000048,110734.329088,64.3560744253922,True,54,34,54:34
20260926T000048,111429.02656,64.3560744253922,True,56,42,56:42
20260926T000049,128796.043008,64.3560744253922,True,0,17,0:17
20260926T000049,111218.877696,64.3560744253922,True,2,36,2:36
20260926T000049,112011.41632,64.3560744253922,True,6,41,6:41
20260926T000049,113178.29376,64.3560744253922,True,8,39,8:39
20260926T000049,111027.750656,64.3560744253922,True,11,31,11:31
20260926T000049,111240.219904,64.3560744253922,True,12,30,12:30
20260926T000049,112261.725952,64.3560744253922,True,14,36,14:36
20260926T000049,111653.620736,64.3560744253922,True,15,41,15:41
20260926T000049,111759.145216,64.3560744253922,True,22,32,22:32
20260926T000049,111725.774592,64.3560744253922,True,41,32,41:32
20260926T000049,111364.02432,64.3560744253922,True,44,41,44:41
20260926T000049,112341.926144,64.3560744253922,True,48,29,48:29
20260926T000049,111264.555264,64.3560744253922,True,57,29,57:29
20260926T000049,111804.797696,64.3560744253922,True,58,32,58:32
20260926T000049,111490.186752,64.3560744253922,True,60,31,60:31
20260926T000049,112948.239872,64.3560744253922,True,62,29,62:29
20260926T000049,111040.049664,64.3560744253922,True,62,30,62:30
20260926T000050,113123.01824,64.3560744253922,True,0,35,0:35
20260926T000050,112875.296,64.3560744253922,True,5,32,5:32
20260926T000050,112210.598144,64.3560744253922,True,8,41,8:41
20260926T000050,113740.007168,64.3560744253922,True,12,29,12:29
20260926T000050,112109.211392,64.3560744253922,True,15,42,15:42
20260926T000050,112672.71936,64.3560744253922,True,20,38,20:38
20260926T000050,112987.206656,64.3560744253922,True,23,36,23:36
20260926T000050,112056.935168,64.3560744253922,True,26,33,26:33
20260926T000050,112696.437248,64.3560744253922,True,34,29,34:29
20260926T000050,113089.071104,64.3560744253922,True,38,32,38:32
20260926T000050,112172.505344,64.3560744253922,True,39,36,39:36
20260926T000050,113148.016896,64.3560744253922,True,44,40,44:40
20260926T000050,111966.690304,64.3560744253922,True,47,30,47:30
20260926T000050,113041.955328,64.3560744253922,True,49,31,49:31
20260926T000050,113412.012544,64.3560744253922,True,52,40,52:40
20260926T000051,114046.015488,64.3560744253922,True,1,34,1:34
20260926T000051,112832.259584,64.3560744253922,True,4,44,4:44
20260926T000051,113745.914368,64.3560744253922,True,8,40,8:40
20260926T000051,114439.181312,64.3560744253922,True,10,42,10:42
20260926T000051,114219.433984,64.3560744253922,True,20,37,20:37
20260926T000051,113933.324544,64.3560744253922,True,26,32,26:32
20260926T000051,114284.360704,64.3560744253922,True,47,29,47:29
20260926T000051,113372.742144,64.3560744253922,True,52,41,52:41
20260926T000051,113274.726912,64.3560744253922,True,56,43,56:43
20260926T000051,113632.512256,64.3560744253922,True,59,41,59:41
20260926T000051,113132.355328,64.3560744253922,True,63,36,63:36
20260926T000052,115397.777664,64.3560744253922,True,3,38,3:38
20260926T000052,113610.26816,64.3560744253922,True,6,43,6:43
20260926T000052,137086.377984,64.3560744253922,True,9,10,9:10
20260926T000052,114559.3536,64.3560744253922,True,10,43,10:43
20260926T000052,113971.424,64.3560744253922,True,13,41,13:41
20260926T000052,114646.533376,64.3560744253922,True,16,31,16:31
20260926T000052,113953.156608,64.3560744253922,True,23,37,23:37
20260926T000052,113752.956672,64.3560744253922,True,29,42,29:42
20260926T000052,114222.531072,64.3560744253922,True,36,40,36:40
20260926T000052,115047.954176,64.3560744253922,True,43,28,43:28
20260926T000052,122540.68096,64.3560744253922,True,45,33,45:33
20260926T000052,114441.485312,64.3560744253922,True,50,34,50:34
20260926T000053,114272.667136,64.3560744253922,True,1,36,1:36
20260926T000053,114346.936576,64.3560744253922,True,8,42,8:42
20260926T000053,115338.158336,64.3560744253922,True,9,31,9:31
20260926T000053,115456.114688,64.3560744253922,True,18,39,18:39
20260926T000053,115321.767936,64.3560744253922,True,22,33,22:33
20260926T000053,115423.984896,64.3560744253922,True,24,42,24:42
20260926T000053,114364.20992,64.3560744253922,True,31,35,31:35
20260926T000053,116169.10336,64.3560744253922,True,32,41,32:41
20260926T000053,115508.770304,64.3560744253922,True,36,39,36:39
20260926T000053,115186.52032,64.3560744253922,True,43,29,43:29
20260926T000053,115289.069312,64.3560744253922,True,45,43,45:43
20260926T000053,115925.133824,64.3560744253922,True,61,40,61:40
20260926T000054,120322.934528,64.3560744253922,True,0,32,0:32
20260926T000054,115465.984256,64.3560744253922,True,2,37,2:37
20260926T000054,115865.487616,64.3560744253922,True,4,45,4:45
20260926T000054,115683.037952,64.3560744253922,True,13,42,13:42
20260926T000054,116498.94528,64.3560744253922,True,25,41,25:41
20260926T000054,115106.3424,64.3560744253922,True,26,34,26:34
20260926T000054,116442.441728,64.3560744253922,True,42,34,42:34
20260926T000054,115395.060992,64.3560744253922,True,63,37,63:37
20260926T000055,116614.948864,64.3560744253922,True,9,32,9:32
20260926T000055,134974.294528,64.3560744253922,True,12,15,12:15
20260926T000055,117115.158272,64.3560744253922,True,25,42,25:42
20260926T000055,117560.210176,64.3560744253922,True,27,35,27:35
20260926T000055,116972.316928,64.3560744253922,True,28,40,28:40
20260926T000055,116520.819456,64.3560744253922,True,39,37,39:37
20260926T000055,116583.836416,64.3560744253922,True,41,33,41:33
20260926T000055,116725.066752,64.3560744253922,True,49,32,49:32
20260926T000055,116605.896192,64.3560744253922,True,57,30,57:30
20260926T000055,117305.389056,64.3560744253922,True,58,33,58:33
20260926T000055,117682.026752,64.3560744253922,True,59,42,59:42
20260926T000056,117633.947648,64.3560744253922,True,16,32,16:32
20260926T000056,116999.927296,64.3560744253922,True,25,43,25:43
20260926T000056,117641.90976,64.3560744253922,True,30,40,30:40
20260926T000056,117322.774016,64.3560744253922,True,32,43,32:43
20260926T000056,118607.533824,64.3560744253922,True,35,37,35:37
20260926T000056,117430.424064,64.3560744253922,True,38,34,38:34
20260926T000056,118404.93056,64.3560744253922,True,40,35,40:35
20260926T000056,117692.571392,64.3560744253922,True,40,36,40:36
20260926T000056,117229.530368,64.3560744253922,True,42,35,42:35
20260926T000056,118076.182784,64.3560744253922,True,44,42,44:42
20260926T000056,118656.74112,64.3560744253922,True,46,43,46:43
20260926T000056,118095.212288,64.3560744253922,True,48,30,48:30
20260926T000056,117929.73824,64.3560744253922,True,52,42,52:42
20260926T000056,118554.161408,64.3560744253922,True,53,42,53:42
20260926T000056,117521.066752,64.3560744253922,True,56,44,56:44
20260926T000057,135245.916672,64.3560744253922,True,4,24,4:24
20260926T000057,119563.805184,64.3560744253922,True,6,42,6:42
20260926T000057,140059.161088,64.3560744253922,True,18,16,18:16
20260926T000057,137341.87008,64.3560744253922,True,20,19,20:19
20260926T000057,119134.239744,64.3560744253922,True,21,30,21:30
20260926T000057,118520.782848,64.3560744253922,True,28,41,28:41
20260926T000057,117539.41888,64.3560744253922,True,41,34,41:34
20260926T000057,119296.446976,64.3560744253922,True,45,44,45:44
20260926T000057,119266.65088,64.3560744253922,True,50,35,50:35
20260926T000057,117623.34592,64.3560744253922,True,58,34,58:34
20260926T000057,119102.727424,64.3560744253922,True,61,41,61:41
20260926T000058,119819.188736,64.3560744253922,True,3,40,3:40
20260926T000058,119394.15424,64.3560744253922,True,14,38,14:38
20260926T000058,119496.771072,64.3560744253922,True,18,40,18:40
20260926T000058,118700.609536,64.3560744253922,True,18,41,18:41
20260926T000058,119992.457216,64.3560744253922,True,19,30,19:30
20260926T000058,126278.910464,64.3560744253922,True,25,34,25:34
20260926T000058,139412.397568,64.3560744253922,True,27,15,27:15
20260926T000058,119614.818304,64.3560744253922,True,27,36,27:36
20260926T000058,140300.246016,64.3560744253922,True,28,17,28:17
20260926T000058,118580.558336,64.3560744253922,True,43,30,43:30
20260926T000058,120168.985856,64.3560744253922,True,54,35,54:35
20260926T000058,118638.996736,64.3560744253922,True,54,36,54:36
20260926T000058,119767.75424,64.3560744253922,True,55,31,55:31
20260926T000059,119414.05824,64.3560744253922,True,6,44,6:44
20260926T000059,119255.289344,64.3560744253922,True,8,43,8:43
20260926T000059,125630.73664,64.3560744253922,True,9,27,9:27
20260926T000059,120779.601152,64.3560744253922,True,10,44,10:44
20260926T000059,119911.060736,64.3560744253922,True,11,32,11:32
20260926T000059,121054.258944,64.3560744253922,True,12,31,12:31
20260926T000059,120841.028864,64.3560744253922,True,14,37,14:37
20260926T000059,120152.379648,64.3560744253922,True,23,38,23:38
20260926T000059,120912.005888,64.3560744253922,True,32,42,32:42
20260926T000059,120818.141184,64.3560744253922,True,37,44,37:44
20260926T000059,120633.423872,64.3560744253922,True,53,43,53:43
20260926T000059,120842.723072,64.3560744253922,True,59,43,59:43
20260926T000059,119738.79552,64.3560744253922,True,63,38,63:38
20260926T000100,121989.101568,64.3560744253922,True,7,31,7:31
20260926T000100,120347.576832,64.3560744253922,True,20,40,20:40
20260926T000100,121656.381952,64.3560744253922,True,24,43,24:43
20260926T000100,120635.409664,64.3560744253922,True,24,44,24:44
20260926T000100,120306.662912,64.3560744253922,True,29,44,29:44
20260926T000100,120605.001984,64.3560744253922,True,30,41,30:41
20260926T000100,121463.318272,64.3560744253922,True,45,45,45:45
20260926T000100,121277.052672,64.3560744253922,True,46,45,46:45
20260926T000100,120772.386816,64.3560744253922,True,50,36,50:36
20260926T000100,121048.262656,64.3560744253922,True,51,42,51:42
20260926T000100,120785.387008,64.3560744253922,True,56,45,56:45
20260926T000100,121466.70976,64.3560744253922,True,60,32,60:32
20260926T000101,121500.23808,64.3560744253922,True,4,46,4:46
20260926T000101,122062.130176,64.3560744253922,True,5,33,5:33
20260926T000101,122664.211712,64.3560744253922,True,15,43,15:43
20260926T000101,121317.675776,64.3560744253922,True,22,35,22:35
20260926T000101,120863.002624,64.3560744253922,True,23,39,23:39
20260926T000101,122584.027136,64.3560744253922,True,36,41,36:41
20260926T000101,122000.141056,64.3560744253922,True,44,43,44:43
20260926T000101,143958.899968,64.3560744253922,True,47,11,47:11
20260926T000101,122811.529728,64.3560744253922,True,51,41,51:41
20260926T000101,122175.282432,64.3560744253922,True,55,32,55:32
20260926T000101,121292.327936,64.3560744253922,True,60,33,60:33
20260926T000101,120891.830784,64.3560744253922,True,63,39,63:39
20260926T000102,122465.628672,64.3560744253922,True,9,33,9:33
20260926T000102,122544.601088,64.3560744253922,True,13,43,13:43
20260926T000102,122327.635712,64.3560744253922,True,27,37,27:37
20260926T000102,122099.052544,64.3560744253922,True,42,36,42:36
20260926T000102,121780.186368,64.3560744253922,True,46,46,46:46
20260926T000102,123172.012032,64.3560744253922,True,47,31,47:31
20260926T000102,123229.197568,64.3560744253922,True,48,31,48:31
20260926T000102,143303.739136,64.3560744253922,True,51,17,51:17
20260926T000102,122215.073536,64.3560744253922,True,58,35,58:35
20260926T000102,122873.278464,64.3560744253922,True,62,31,62:31
20260926T000103,124470.680064,64.3560744253922,True,0,37,0:37
20260926T000103,123867.250176,64.3560744253922,True,1,37,1:37
20260926T000103,122823.973632,64.3560744253922,True,3,41,3:41
20260926T000103,123118.692864,64.3560744253922,True,10,46,10:46
20260926T000103,123362.724608,64.3560744253922,True,24,45,24:45
20260926T000103,123936.446464,64.3560744253922,True,28,42,28:42
20260926T000103,124523.749376,64.3560744253922,True,29,43,29:43
20260926T000103,123951.974912,64.3560744253922,True,31,36,31:36
20260926T000103,124062.294784,64.3560744253922,True,34,30,34:30
20260926T000103,122864.32896,64.3560744253922,True,34,31,34:31
20260926T000103,123810.816768,64.3560744253922,True,61,42,61:42
20260926T000103,122971.716352,64.3560744253922,True,61,43,61:43
20260926T000104,124022.236416,64.3560744253922,True,15,45,15:45
20260926T000104,123671.751168,64.3560744253922,True,17,37,17:37
20260926T000104,124684.331776,64.3560744253922,True,22,34,22:34
20260926T000104,124723.143424,64.3560744253922,True,32,44,32:44
20260926T000104,124845.507328,64.3560744253922,True,35,38,35:38
20260926T000104,141991.110656,64.3560744253922,True,37,23,37:23
20260926T000104,124443.313408,64.3560744253922,True,37,45,37:45
20260926T000104,123666.970368,64.3560744253922,True,44,44,44:44
20260926T000104,124173.840896,64.3560744253922,True,52,43,52:43
20260926T000104,123907.414016,64.3560744253922,True,56,46,56:46
20260926T000105,125867.561216,64.3560744253922,True,12,32,12:32
20260926T000105,124495.588096,64.3560744253922,True,13,44,13:44
20260926T000105,125206.438912,64.3560744253922,True,16,33,16:33
20260926T000105,125527.863552,64.3560744253922,True,21,31,21:31
20260926T000105,124270.215168,64.3560744253922,True,21,32,21:32
20260926T000105,126323.944192,64.3560744253922,True,33,34,33:34
20260926T000105,124676.349184,64.3560744253922,True,40,38,40:38
20260926T000105,129964.86144,64.3560744253922,True,48,27,48:27
20260926T000105,141721.523968,64.3560744253922,True,52,24,52:24
20260926T000105,125543.074048,64.3560744253922,True,54,37,54:37
20260926T000105,124723.703296,64.3560744253922,True,54,38,54:38
20260926T000106,125957.93664,64.3560744253922,True,1,38,1:38
20260926T000106,125241.108224,64.3560744253922,True,2,39,2:39
20260926T000106,126682.454016,64.3560744253922,True,7,32,7:32
20260926T000106,125582.332928,64.3560744253922,True,12,33,12:33
20260926T000106,126313.346816,64.3560744253922,True,15,44,15:44
20260926T000106,126766.349824,64.3560744253922,True,25,44,25:44
20260926T000106,125628.109056,64.3560744253922,True,30,42,30:42
20260926T000106,132775.625216,64.3560744253922,True,31,30,31:30
20260926T000106,126999.412736,64.3560744253922,True,38,35,38:35
20260926T000106,126369.339904,64.3560744253922,True,40,37,40:37
20260926T000106,125871.313408,64.3560744253922,True,41,35,41:35
20260926T000106,126003.4688,64.3560744253922,True,45,46,45:46
20260926T000106,125345.949696,64.3560744253922,True,46,47,46:47
20260926T000106,143400.46336,64.3560744253922,True,56,24,56:24
20260926T000106,125378.848256,64.3560744253922,True,59,45,59:45
20260926T000107,127408.170496,64.3560744253922,True,0,38,0:38
20260926T000107,127128.356608,64.3560744253922,True,5,34,5:34
20260926T000107,127272.032,64.3560744253922,True,10,45,10:45
20260926T000107,127410.185728,64.3560744253922,True,28,43,28:43
20260926T000107,126819.684864,64.3560744253922,True,33,35,33:35
20260926T000107,125892.579072,64.3560744253922,True,36,43,36:43
20260926T000107,126392.878336,64.3560744253922,True,43,31,43:31
20260926T000107,126832.066304,64.3560744253922,True,48,32,48:32
20260926T000107,127346.861312,64.3560744253922,True,49,34,49:34
20260926T000107,127585.110016,64.3560744253922,True,53,44,53:44
20260926T000107,127158.827008,64.3560744253922,True,53,45,53:45
20260926T000107,127236.577536,64.3560744253922,True,57,31,57:31
20260926T000108,133009.563392,64.3560744253922,True,10,39,10:39
20260926T000108,126460.376064,64.3560744253922,True,10,47,10:47
20260926T000108,128032.116736,64.3560744253922,True,11,33,11:33
20260926T000108,127717.465856,64.3560744253922,True,16,34,16:34
20260926T000108,127974.547712,64.3560744253922,True,18,42,18:42
20260926T000108,145793.99552,64.3560744253922,True,19,16,19:16
20260926T000108,128071.301376,64.3560744253922,True,19,32,19:32
20260926T000108,128219.781632,64.3560744253922,True,26,35,26:35
20260926T000108,150135.117568,64.3560744253922,True,29,17,29:17
20260926T000108,126981.082624,64.3560744253922,True,30,43,30:43
20260926T000108,134246.695424,64.3560744253922,True,34,25,34:25
20260926T000108,128425.777408,64.3560744253922,True,37,46,37:46
20260926T000108,127987.407616,64.3560744253922,True,39,38,39:38
20260926T000108,128398.081024,64.3560744253922,True,47,32,47:32
20260926T000108,127677.425152,64.3560744253922,True,61,44,61:44
20260926T000109,127825.056512,64.3560744253922,True,0,39,0:39
20260926T000109,128582.844928,64.3560744253922,True,7,33,7:33
20260926T000109,128321.972736,64.3560744253922,True,14,40,14:40
20260926T000109,128288.723456,64.3560744253922,True,23,40,23:40
20260926T000109,128150.836992,64.3560744253922,True,25,46,25:46
20260926T000109,128219.832832,64.3560744253922,True,27,39,27:39
20260926T000109,128957.464576,64.3560744253922,True,36,42,36:42
20260926T000109,127649.541632,64.3560744253922,True,52,45,52:45
20260926T000109,128124.17664,64.3560744253922,True,54,39,54:39
20260926T000109,128202.665472,64.3560744253922,True,59,46,59:46
20260926T000110,128343.966464,64.3560744253922,True,4,48,4:48
20260926T000110,129211.25504,64.3560744253922,True,9,34,9:34
20260926T000110,128138.610688,64.3560744253922,True,15,47,15:47
20260926T000110,128804.9536,64.3560744253922,True,24,46,24:46
20260926T000110,128943.862528,64.3560744253922,True,29,45,29:45
20260926T000110,130127.140608,64.3560744253922,True,35,39,35:39
20260926T000110,128999.397632,64.3560744253922,True,40,39,40:39
20260926T000110,129046.233856,64.3560744253922,True,45,48,45:48
20260926T000110,146116.827904,64.3560744253922,True,57,17,57:17
20260926T000110,129131.057408,64.3560744253922,True,57,32,57:32
20260926T000110,129373.309952,64.3560744253922,True,60,34,60:34
20260926T000110,129318.363136,64.3560744253922,True,62,33,62:33
20260926T000110,128500.043776,64.3560744253922,True,63,41,63:41
20260926T000111,130780.578304,64.3560744253922,True,4,47,4:47
20260926T000111,130144.158976,64.3560744253922,True,5,35,5:35
20260926T000111,130238.220288,64.3560744253922,True,25,45,25:45
20260926T000111,130034.524672,64.3560744253922,True,26,36,26:36
20260926T000111,151680.495616,64.3560744253922,True,32,18,32:18
20260926T000111,130508.354304,64.3560744253922,True,32,45,32:45
20260926T000111,130411.242752,64.3560744253922,True,34,32,34:32
20260926T000111,129803.281152,64.3560744253922,True,47,33,47:33
20260926T000111,130257.04448,64.3560744253922,True,52,44,52:44
20260926T000111,135152.7424,64.3560744253922,True,61,38,61:38
20260926T000112,131933.177856,64.3560744253922,True,3,42,3:42
20260926T000112,129920.162048,64.3560744253922,True,3,43,3:43
20260926T000112,131445.35168,64.3560744253922,True,8,44,8:44
20260926T000112,130945.145856,64.3560744253922,True,8,45,8:45
20260926T000112,130610.914304,64.3560744253922,True,9,35,9:35
20260926T000112,130520.263936,64.3560744253922,True,12,34,12:34
20260926T000112,130642.0672,64.3560744253922,True,14,41,14:41
20260926T000112,131277.056,64.3560744253922,True,18,43,18:43
20260926T000112,130247.594496,64.3560744253922,True,19,33,19:33
20260926T000112,130564.6592,64.3560744253922,True,24,47,24:47
20260926T000112,131757.564416,64.3560744253922,True,28,44,28:44
20260926T000112,131921.00224,64.3560744253922,True,50,38,50:38
20260926T000112,131432.350976,64.3560744253922,True,51,43,51:43
20260926T000112,130341.127424,64.3560744253922,True,55,34,55:34
20260926T000112,130209.654784,64.3560744253922,True,61,45,61:45
20260926T000113,131328.176128,64.3560744253922,True,2,40,2:40
20260926T000113,131735.557888,64.3560744253922,True,6,46,6:46
20260926T000113,132630.140672,64.3560744253922,True,11,34,11:34
20260926T000113,131920.095488,64.3560744253922,True,15,46,15:46
20260926T000113,137639.964928,64.3560744253922,True,17,33,17:33
20260926T000113,132339.55968,64.3560744253922,True,20,41,20:41
20260926T000113,131542.95552,64.3560744253922,True,36,44,36:44
20260926T000113,135753.12256,64.3560744253922,True,38,33,38:33
20260926T000113,132664.212224,64.3560744253922,True,39,39,39:39
20260926T000113,132258.988032,64.3560744253922,True,42,37,42:37
20260926T000113,131168.346368,64.3560744253922,True,43,32,43:32
20260926T000113,137153.347072,64.3560744253922,True,46,40,46:40
20260926T000113,131078.514944,64.3560744253922,True,54,40,54:40
20260926T000113,132554.372352,64.3560744253922,True,55,33,55:33
20260926T000113,152955.078912,64.3560744253922,True,60,16,60:16
20260926T000114,133109.328896,64.3560744253922,True,1,39,1:39
20260926T000114,132424.312064,64.3560744253922,True,21,33,21:33
20260926T000114,132086.004736,64.3560744253922,True,25,47,25:47
20260926T000114,141092.689152,64.3560744253922,True,35,32,35:32
20260926T000114,132905.430272,64.3560744253922,True,39,40,39:40
20260926T000114,133197.780992,64.3560744253922,True,44,45,44:45
20260926T000114,132444.199424,64.3560744253922,True,48,33,48:33
20260926T000114,132002.106368,64.3560744253922,True,49,36,49:36
20260926T000114,132282.802176,64.3560744253922,True,52,46,52:46
20260926T000114,131670.140928,64.3560744253922,True,59,47,59:47
20260926T000114,132224.171008,64.3560744253922,True,61,46,61:46
20260926T000115,133395.136768,64.3560744253922,True,1,40,1:40
20260926T000115,132737.947392,64.3560744253922,True,2,41,2:41
20260926T000115,133520.066048,64.3560744253922,True,16,35,16:35
20260926T000115,133780.571904,64.3560744253922,True,17,38,17:38
20260926T000115,132461.658624,64.3560744253922,True,17,39,17:39
20260926T000115,134046.979328,64.3560744253922,True,22,36,22:36
20260926T000115,133638.7712,64.3560744253922,True,31,38,31:38
20260926T000115,132988.637696,64.3560744253922,True,31,39,31:39
20260926T000115,133470.592512,64.3560744253922,True,34,33,34:33
20260926T000115,133673.963264,64.3560744253922,True,38,37,38:37
20260926T000115,133574.913024,64.3560744253922,True,41,36,41:36
20260926T000115,133199.104768,64.3560744253922,True,41,37,41:37
20260926T000115,133115.996928,64.3560744253922,True,45,49,45:49
20260926T000115,133164.84096,64.3560744253922,True,51,44,51:44
20260926T000115,134004.318976,64.3560744253922,True,60,35,60:35
20260926T000116,133756.825088,64.3560744253922,True,5,36,5:36
20260926T000116,133988.6976,64.3560744253922,True,7,34,7:34
20260926T000116,157135.920384,64.3560744253922,True,12,14,12:14
20260926T000116,134681.86112,64.3560744253922,True,13,45,13:45
20260926T000116,154795.703296,64.3560744253922,True,17,18,17:18
20260926T000116,134718.447104,64.3560744253922,True,20,42,20:42
20260926T000116,134995.181056,64.3560744253922,True,28,45,28:45
20260926T000116,134604.381696,64.3560744253922,True,33,36,33:36
20260926T000116,133693.441536,64.3560744253922,True,39,41,39:41
20260926T000116,134586.651648,64.3560744253922,True,42,38,42:38
20260926T000116,149932.616704,64.3560744253922,True,46,28,46:28
20260926T000116,133820.408576,64.3560744253922,True,46,49,46:49
20260926T000116,134927.70432,64.3560744253922,True,49,35,49:35
20260926T000116,134687.210496,64.3560744253922,True,63,40,63:40
20260926T000117,134049.147904,64.3560744253922,True,8,47,8:47
20260926T000117,134666.233856,64.3560744253922,True,12,35,12:35
20260926T000117,134439.280384,64.3560744253922,True,13,46,13:46
20260926T000117,133793.978368,64.3560744253922,True,14,42,14:42
20260926T000117,135627.828224,64.3560744253922,True,27,40,27:40
20260926T000117,134948.288256,64.3560744253922,True,30,44,30:44
20260926T000117,135596.902912,64.3560744253922,True,32,47,32:47
20260926T000117,134894.045184,64.3560744253922,True,35,41,35:41
20260926T000117,134945.540864,64.3560744253922,True,37,48,37:48
20260926T000117,143598.296832,64.3560744253922,True,43,25,43:25
20260926T000117,134379.554816,64.3560744253922,True,48,34,48:34
20260926T000117,154308.643328,64.3560744253922,True,50,20,50:20
20260926T000117,135829.326848,64.3560744253922,True,53,47,53:47
20260926T000117,134516.0896,64.3560744253922,True,56,49,56:49
20260926T000117,135548.347648,64.3560744253922,True,62,34,62:34
20260926T000118,136344.08064,64.3560744253922,True,0,40,0:40
20260926T000118,135292.137728,64.3560744253922,True,2,42,2:42
20260926T000118,135951.761408,64.3560744253922,True,4,49,4:49
20260926T000118,135737.469696,64.3560744253922,True,7,35,7:35
20260926T000118,136751.096064,64.3560744253922,True,8,46,8:46
20260926T000118,135299.350784,64.3560744253922,True,16,36,16:36
20260926T000118,136120.499456,64.3560744253922,True,18,44,18:44
20260926T000118,135217.068288,64.3560744253922,True,45,50,45:50
20260926T000118,136390.660352,64.3560744253922,True,46,48,46:48
20260926T000118,134922.942976,64.3560744253922,True,62,35,62:35
20260926T000119,136743.068672,64.3560744253922,True,20,43,20:43
20260926T000119,136451.11296,64.3560744253922,True,22,38,22:38
20260926T000119,135958.851072,64.3560744253922,True,27,41,27:41
20260926T000119,136985.208576,64.3560744253922,True,29,46,29:46
20260926T000119,136113.06496,64.3560744253922,True,30,45,30:45
20260926T000119,136136.443136,64.3560744253922,True,37,49,37:49
20260926T000119,136265.094656,64.3560744253922,True,40,41,40:41
20260926T000119,151692.329216,64.3560744253922,True,42,24,42:24
20260926T000119,136210.252032,64.3560744253922,True,47,35,47:35
20260926T000119,136925.942784,64.3560744253922,True,50,40,50:40
20260926T000119,135737.580288,64.3560744253922,True,55,35,55:35
20260926T000119,136127.358976,64.3560744253922,True,58,37,58:37
20260926T000120,137739.233536,64.3560744253922,True,6,48,6:48
20260926T000120,136568.345088,64.3560744253922,True,21,34,21:34
20260926T000120,138080.914432,64.3560744253922,True,22,37,22:37
20260926T000120,137696.933888,64.3560744253922,True,29,47,29:47
20260926T000120,137233.119744,64.3560744253922,True,36,46,36:46
20260926T000120,136778.294272,64.3560744253922,True,49,37,49:37
20260926T000120,136736.856832,64.3560744253922,True,54,41,54:41
20260926T000121,139038.354944,64.3560744253922,True,6,47,6:47
20260926T000121,139296.497664,64.3560744253922,True,10,48,10:48
20260926T000121,138707.136,64.3560744253922,True,11,35,11:35
20260926T000121,138929.9456,64.3560744253922,True,24,48,24:48
20260926T000121,138275.170048,64.3560744253922,True,25,48,25:48
20260926T000121,137134.28608,64.3560744253922,True,25,49,25:49
20260926T000121,139172.168192,64.3560744253922,True,28,46,28:46
20260926T000121,138087.769344,64.3560744253922,True,28,47,28:47
20260926T000121,138306.513664,64.3560744253922,True,33,37,33:37
20260926T000121,138865.989632,64.3560744253922,True,42,39,42:39
20260926T000121,137562.199552,64.3560744253922,True,44,48,44:48
20260926T000121,138745.954048,64.3560744253922,True,47,34,47:34
20260926T000121,154462.054144,64.3560744253922,True,50,23,50:23
20260926T000121,139445.479168,64.3560744253922,True,57,33,57:33
20260926T000121,137246.3744,64.3560744253922,True,63,43,63:43
20260926T000122,138671.805696,64.3560744253922,True,5,37,5:37
20260926T000122,139272.6144,64.3560744253922,True,9,36,9:36
20260926T000122,138534.758912,64.3560744253922,True,11,36,11:36
20260926T000122,138712.365568,64.3560744253922,True,12,36,12:36
20260926T000122,139136.032,64.3560744253922,True,15,49,15:49
20260926T000122,139213.25568,64.3560744253922,True,19,34,19:34
20260926T000122,139584.50048,64.3560744253922,True,23,42,23:42
20260926T000122,138354.443264,64.3560744253922,True,27,42,27:42
20260926T000122,138578.2656,64.3560744253922,True,32,49,32:49
20260926T000122,139651.800576,64.3560744253922,True,38,38,38:38
20260926T000122,138639.963136,64.3560744253922,True,45,51,45:51
20260926T000122,138493.591552,64.3560744253922,True,49,38,49:38
20260926T000122,139246.783488,64.3560744253922,True,50,41,50:41
20260926T000122,139668.011008,64.3560744253922,True,53,48,53:48
20260926T000122,138858.530048,64.3560744253922,True,57,34,57:34
20260926T000122,139186.046208,64.3560744253922,True,60,36,60:36
20260926T000122,138489.622272,64.3560744253922,True,61,47,61:47
20260926T000123,144278.826496,64.3560744253922,True,17,36,17:36
20260926T000123,139584.1024,64.3560744253922,True,37,50,37:50
20260926T000123,140826.348544,64.3560744253922,True,44,47,44:47
20260926T000123,139478.25152,64.3560744253922,True,46,50,46:50
20260926T000123,139565.86752,64.3560744253922,True,51,46,51:46
20260926T000123,139172.875776,64.3560744253922,True,53,50,53:50
20260926T000123,139144.922624,64.3560744253922,True,56,50,56:50
20260926T000123,138982.206208,64.3560744253922,True,58,38,58:38
20260926T000123,148532.89472,64.3560744253922,True,61,37,61:37
20260926T000124,141214.841856,64.3560744253922,True,3,44,3:44
20260926T000124,141285.051392,64.3560744253922,True,10,49,10:49
20260926T000124,158381.883904,64.3560744253922,True,12,20,12:20
20260926T000124,140864.396544,64.3560744253922,True,14,43,14:43
20260926T000124,140250.396416,64.3560744253922,True,31,40,31:40
20260926T000124,139876.83072,64.3560744253922,True,42,40,42:40
20260926T000124,140914.131456,64.3560744253922,True,51,45,51:45
20260926T000124,140120.331776,64.3560744253922,True,63,44,63:44
20260926T000125,141168.300288,64.3560744253922,True,1,42,1:42
20260926T000125,141653.80864,64.3560744253922,True,4,50,4:50
20260926T000125,141671.822592,64.3560744253922,True,13,47,13:47
20260926T000125,141390.183168,64.3560744253922,True,13,48,13:48
20260926T000125,142320.182016,64.3560744253922,True,18,45,18:45
20260926T000125,141618.057728,64.3560744253922,True,20,44,20:44
20260926T000125,142194.341376,64.3560744253922,True,24,49,24:49
20260926T000125,141444.10496,64.3560744253922,True,37,51,37:51
20260926T000125,141778.3552,64.3560744253922,True,39,42,39:42
20260926T000125,140987.365632,64.3560744253922,True,43,34,43:34
20260926T000125,145605.65248,64.3560744253922,True,49,33,49:33
20260926T000125,142380.683264,64.3560744253922,True,52,47,52:47
20260926T000125,141318.38464,64.3560744253922,True,53,49,53:49
20260926T000125,142288.854016,64.3560744253922,True,59,48,59:48
20260926T000126,141535.213824,64.3560744253922,True,0,43,0:43
20260926T000126,141613.427456,64.3560744253922,True,2,43,2:43
20260926T000126,141713.298432,64.3560744253922,True,7,36,7:36
20260926T000126,141914.301696,64.3560744253922,True,8,49,8:49
20260926T000126,142325.937152,64.3560744253922,True,24,50,24:50
20260926T000126,143144.335104,64.3560744253922,True,26,38,26:38
20260926T000126,142442.647808,64.3560744253922,True,29,48,29:48
20260926T000126,142031.429888,64.3560744253922,True,31,41,31:41
20260926T000126,147531.462912,64.3560744253922,True,33,33,33:33
20260926T000126,142097.900544,64.3560744253922,True,50,42,50:42
20260926T000126,142166.535936,64.3560744253922,True,59,49,59:49
20260926T000127,143382.511616,64.3560744253922,True,3,45,3:45
20260926T000127,143260.169984,64.3560744253922,True,5,38,5:38
20260926T000127,142899.184128,64.3560744253922,True,17,41,17:41
20260926T000127,142298.4448,64.3560744253922,True,21,35,21:35
20260926T000127,143600.796672,64.3560744253922,True,35,42,35:42
20260926T000127,143170.738176,64.3560744253922,True,40,42,40:42
20260926T000127,142938.26944,64.3560744253922,True,41,39,41:39
20260926T000127,142669.269504,64.3560744253922,True,48,35,48:35
20260926T000127,143234.556416,64.3560744253922,True,55,36,55:36
20260926T000128,144207.408896,64.3560744253922,True,6,49,6:49
20260926T000128,144909.566208,64.3560744253922,True,8,48,8:48
20260926T000128,143805.250816,64.3560744253922,True,11,37,11:37
20260926T000128,143753.216,64.3560744253922,True,16,38,16:38
20260926T000128,143032.572416,64.3560744253922,True,18,47,18:47
20260926T000128,143483.869952,64.3560744253922,True,20,45,20:45
20260926T000128,143770.57536,64.3560744253922,True,25,50,25:50
20260926T000128,143987.628032,64.3560744253922,True,27,43,27:43
20260926T000128,143716.54016,64.3560744253922,True,28,49,28:49
20260926T000128,144476.536832,64.3560744253922,True,30,46,30:46
20260926T000128,143928.717056,64.3560744253922,True,35,43,35:43
20260926T000128,144147.709184,64.3560744253922,True,36,47,36:47
20260926T000128,143758.514944,64.3560744253922,True,37,52,37:52
20260926T000128,144084.440064,64.3560744253922,True,44,49,44:49
20260926T000128,165189.90464,64.3560744253922,True,49,18,49:18
20260926T000128,143588.246272,64.3560744253922,True,54,42,54:42
20260926T000128,143533.670144,64.3560744253922,True,62,36,62:36
20260926T000129,144140.923136,64.3560744253922,True,3,46,3:46
20260926T000129,144011.379456,64.3560744253922,True,5,39,5:39
20260926T000129,144515.203328,64.3560744253922,True,6,50,6:50
20260926T000129,143921.899776,64.3560744253922,True,12,37,12:37
20260926T000129,144484.137984,64.3560744253922,True,14,44,14:44
20260926T000129,145835.441408,64.3560744253922,True,16,37,16:37
20260926T000129,145252.404224,64.3560744253922,True,24,51,24:51
20260926T000129,144229.437184,64.3560744253922,True,46,52,46:52
20260926T000129,144722.35008,64.3560744253922,True,51,47,51:47
20260926T000129,144931.001088,64.3560744253922,True,52,48,52:48
20260926T000129,144756.400128,64.3560744253922,True,59,50,59:50
20260926T000130,145204.7936,64.3560744253922,True,8,50,8:50
20260926T000130,145574.117632,64.3560744253922,True,19,35,19:35
20260926T000130,146132.237568,64.3560744253922,True,22,39,22:39
20260926T000130,145223.783424,64.3560744253922,True,22,40,22:40
20260926T000130,145146.781184,64.3560744253922,True,29,50,29:50
20260926T000130,146600.554752,64.3560744253922,True,38,39,38:39
20260926T000130,145864.502016,64.3560744253922,True,39,43,39:43
20260926T000130,145466.831872,64.3560744253922,True,42,41,42:41
20260926T000130,145169.678592,64.3560744253922,True,45,52,45:52
20260926T000130,145646.928128,64.3560744253922,True,57,35,57:35
20260926T000130,146171.550208,64.3560744253922,True,61,48,61:48
20260926T000131,168087.053824,64.3560744253922,True,3,23,3:23
20260926T000131,154522.367744,64.3560744253922,True,5,31,5:31
20260926T000131,145660.71808,64.3560744253922,True,6,51,6:51
20260926T000131,145563.776512,64.3560744253922,True,10,51,10:51
20260926T000131,146191.612672,64.3560744253922,True,23,44,23:44
20260926T000131,147124.676352,64.3560744253922,True,29,49,29:49
20260926T000131,147134.49216,64.3560744253922,True,32,50,32:50
20260926T000131,145437.48992,64.3560744253922,True,43,35,43:35
20260926T000131,146351.58656,64.3560744253922,True,48,36,48:36
20260926T000131,145600.81536,64.3560744253922,True,60,39,60:39
20260926T000131,146191.37408,64.3560744253922,True,61,49,61:49
20260926T000132,147468.018176,64.3560744253922,True,4,51,4:51
20260926T000132,147005.03296,64.3560744253922,True,4,52,4:52
20260926T000132,147799.694592,64.3560744253922,True,9,37,9:37
20260926T000132,146742.874624,64.3560744253922,True,13,50,13:50
20260926T000132,147230.746112,64.3560744253922,True,25,51,25:51
20260926T000132,147705.230848,64.3560744253922,True,46,51,46:51
20260926T000132,151900.297472,64.3560744253922,True,50,37,50:37
20260926T000132,147119.585536,64.3560744253922,True,50,43,50:43
20260926T000132,147864.459264,64.3560744253922,True,56,51,56:51
20260926T000133,148130.267904,64.3560744253922,True,0,44,0:44
20260926T000133,147500.734976,64.3560744253922,True,7,37,7:37
20260926T000133,147133.657856,64.3560744253922,True,15,52,15:52
20260926T000133,154263.639552,64.3560744253922,True,20,39,20:39
20260926T000133,148153.152256,64.3560744253922,True,39,44,39:44
20260926T000133,147263.79392,64.3560744253922,True,41,40,41:40
20260926T000133,147941.55264,64.3560744253922,True,45,53,45:53
20260926T000133,168704.889088,64.3560744253922,True,48,17,48:17
20260926T000133,147861.586688,64.3560744253922,True,55,37,55:37
20260926T000133,153449.3312,64.3560744253922,True,59,44,59:44
20260926T000134,149618.8032,64.3560744253922,True,1,43,1:43
20260926T000134,147807.346688,64.3560744253922,True,10,52,10:52
20260926T000134,148721.741312,64.3560744253922,True,11,38,11:38
20260926T000134,149215.985408,64.3560744253922,True,15,51,15:51
20260926T000134,148849.617152,64.3560744253922,True,27,44,27:44
20260926T000134,149524.166144,64.3560744253922,True,30,47,30:47
20260926T000134,165408.657408,64.3560744253922,True,40,26,40:26
20260926T000134,149347.376128,64.3560744253922,True,49,39,49:39
20260926T000134,149597.162752,64.3560744253922,True,52,49,52:49
20260926T000134,148593.579008,64.3560744253922,True,54,43,54:43
20260926T000134,148146.356992,64.3560744253922,True,61,50,61:50
20260926T000135,158405.934592,64.3560744253922,True,2,35,2:35
20260926T000135,150307.323648,64.3560744253922,True,13,49,13:49
20260926T000135,149784.727296,64.3560744253922,True,31,42,31:42
20260926T000135,149964.882176,64.3560744253922,True,32,51,32:51
20260926T000135,149624.67712,64.3560744253922,True,34,35,34:35
20260926T000135,149059.939328,64.3560744253922,True,49,40,49:40
20260926T000135,149816.947712,64.3560744253922,True,53,52,53:52
20260926T000135,149804.811008,64.3560744253922,True,56,52,56:52
20260926T000135,149434.074624,64.3560744253922,True,57,36,57:36
20260926T000135,150233.41312,64.3560744253922,True,62,37,62:37
20260926T000135,149953.631744,64.3560744253922,True,63,45,63:45
20260926T000136,158487.702784,64.3560744253922,True,3,39,3:39
20260926T000136,149616.288512,64.3560744253922,True,4,53,4:53
20260926T000136,166356.630784,64.3560744253922,True,14,28,14:28
20260926T000136,150011.43296,64.3560744253922,True,20,46,20:46
20260926T000136,150030.690304,64.3560744253922,True,21,36,21:36
20260926T000136,150119.634688,64.3560744253922,True,26,40,26:40
20260926T000136,159407.769856,64.3560744253922,True,32,40,32:40
20260926T000136,150143.433472,64.3560744253922,True,32,52,32:52
20260926T000136,150578.446592,64.3560744253922,True,35,44,35:44
20260926T000136,151324.479488,64.3560744253922,True,37,53,37:53
20260926T000136,150399.626496,64.3560744253922,True,38,41,38:41
20260926T000136,150933.25568,64.3560744253922,True,39,45,39:45
20260926T000136,151194.021888,64.3560744253922,True,40,43,40:43
20260926T000136,150256.928768,64.3560744253922,True,46,53,46:53
20260926T000136,151207.782144,64.3560744253922,True,52,50,52:50
20260926T000136,151074.69824,64.3560744253922,True,53,51,53:51
20260926T000136,150325.623552,64.3560744253922,True,59,52,59:52
20260926T000137,151682.1952,64.3560744253922,True,2,44,2:44
20260926T000137,151028.84352,64.3560744253922,True,2,45,2:45
20260926T000137,151697.761024,64.3560744253922,True,14,45,14:45
20260926T000137,155561.674752,64.3560744253922,True,23,41,23:41
20260926T000137,151043.641344,64.3560744253922,True,34,36,34:36
20260926T000137,151776.359936,64.3560744253922,True,36,48,36:48
20260926T000137,150860.71168,64.3560744253922,True,48,37,48:37
20260926T000138,152660.974848,64.3560744253922,True,0,45,0:45
20260926T000138,152800.230144,64.3560744253922,True,3,47,3:47
20260926T000138,152459.347712,64.3560744253922,True,5,40,5:40
20260926T000138,152025.852672,64.3560744253922,True,7,38,7:38
20260926T000138,152827.826688,64.3560744253922,True,9,38,9:38
20260926T000138,152766.40128,64.3560744253922,True,12,38,12:38
20260926T000138,152879.621376,64.3560744253922,True,18,48,18:48
20260926T000138,152729.082624,64.3560744253922,True,19,36,19:36
20260926T000138,151888.822528,64.3560744253922,True,20,47,20:47
20260926T000138,152082.505728,64.3560744253922,True,23,46,23:46
20260926T000138,153150.534656,64.3560744253922,True,30,48,30:48
20260926T000138,152034.230528,64.3560744253922,True,30,49,30:49
20260926T000138,152586.308352,64.3560744253922,True,40,44,40:44
20260926T000138,152158.683648,64.3560744253922,True,44,52,44:52
20260926T000138,152555.365888,64.3560744253922,True,50,44,50:44
20260926T000138,152623.531008,64.3560744253922,True,51,48,51:48
20260926T000138,153213.124352,64.3560744253922,True,59,51,59:51
20260926T000138,151965.12128,64.3560744253922,True,60,40,60:40
20260926T000139,153334.004992,64.3560744253922,True,1,44,1:44
20260926T000139,152732.210688,64.3560744253922,True,1,45,1:45
20260926T000139,152914.668032,64.3560744253922,True,25,52,25:52
20260926T000139,152259.478272,64.3560744253922,True,25,53,25:53
20260926T000139,152196.214272,64.3560744253922,True,38,42,38:42
20260926T000139,153417.655296,64.3560744253922,True,42,42,42:42
20260926T000139,153331.02336,64.3560744253922,True,47,37,47:37
20260926T000139,152312.392448,64.3560744253922,True,49,41,49:41
20260926T000139,152523.606272,64.3560744253922,True,56,54,56:54
20260926T000140,154644.611328,64.3560744253922,True,29,51,29:51
20260926T000140,153146.742016,64.3560744253922,True,45,55,45:55
20260926T000140,153958.267648,64.3560744253922,True,47,38,47:38
20260926T000140,154287.59424,64.3560744253922,True,52,51,52:51
20260926T000140,153668.426752,64.3560744253922,True,54,44,54:44
20260926T000140,154640.706816,64.3560744253922,True,63,46,63:46
20260926T000141,155067.791616,64.3560744253922,True,6,52,6:52
20260926T000141,154951.517696,64.3560744253922,True,8,51,8:51
20260926T000141,154725.349888,64.3560744253922,True,8,52,8:52
20260926T000141,154266.030336,64.3560744253922,True,21,37,21:37
20260926T000141,154459.713536,64.3560744253922,True,26,41,26:41
20260926T000141,155377.315584,64.3560744253922,True,28,50,28:50
20260926T000141,154088.596736,64.3560744253922,True,32,53,32:53
20260926T000141,155592.971264,64.3560744253922,True,33,40,33:40
20260926T000141,155102.71872,64.3560744253922,True,36,49,36:49
20260926T000141,154316.886016,64.3560744253922,True,44,53,44:53
20260926T000141,162111.432704,64.3560744253922,True,46,44,46:44
20260926T000141,159987.06688,64.3560744253922,True,58,36,58:36
20260926T000142,154764.310784,64.3560744253922,True,0,46,0:46
20260926T000142,154985.500672,64.3560744253922,True,5,41,5:41
20260926T000142,162169.434112,64.3560744253922,True,6,45,6:45
20260926T000142,155164.324864,64.3560744253922,True,9,39,9:39
20260926T000142,156055.748608,64.3560744253922,True,17,43,17:43
20260926T000142,163052.163328,64.3560744253922,True,19,31,19:31
20260926T000142,155030.235136,64.3560744253922,True,40,45,40:45
20260926T000142,155928.489216,64.3560744253922,True,56,53,56:53
20260926T000142,156293.419264,64.3560744253922,True,62,38,62:38
20260926T000143,156091.001344,64.3560744253922,True,3,48,3:48
20260926T000143,156148.612096,64.3560744253922,True,12,39,12:39
20260926T000143,156730.880256,64.3560744253922,True,15,53,15:53
20260926T000143,156023.182592,64.3560744253922,True,18,49,18:49
20260926T000143,156093.805568,64.3560744253922,True,20,48,20:48
20260926T000143,157024.574976,64.3560744253922,True,29,52,29:52
20260926T000143,156603.080448,64.3560744253922,True,35,45,35:45
20260926T000143,156124.565504,64.3560744253922,True,35,46,35:46
20260926T000143,156044.86016,64.3560744253922,True,39,46,39:46
20260926T000143,156270.042624,64.3560744253922,True,42,43,42:43
20260926T000143,156806.881024,64.3560744253922,True,53,53,53:53
20260926T000144,156846.243328,64.3560744253922,True,6,53,6:53
20260926T000144,156767.16416,64.3560744253922,True,6,54,6:54
20260926T000144,157167.060224,64.3560744253922,True,22,42,22:42
20260926T000144,156310.484224,64.3560744253922,True,27,46,27:46
20260926T000144,157019.748608,64.3560744253922,True,29,53,29:53
20260926T000144,157130.795264,64.3560744253922,True,30,50,30:50
20260926T000144,157668.031232,64.3560744253922,True,31,43,31:43
20260926T000144,156413.65376,64.3560744253922,True,31,44,31:44
20260926T000144,157566.531584,64.3560744253922,True,50,45,50:45
20260926T000144,156834.9632,64.3560744253922,True,53,54,53:54
20260926T000144,157232.803072,64.3560744253922,True,62,39,62:39
20260926T000145,158116.361472,64.3560744253922,True,10,53,10:53
20260926T000145,158629.577216,64.3560744253922,True,11,39,11:39
20260926T000145,157779.224832,64.3560744253922,True,13,52,13:52
20260926T000145,158423.492608,64.3560744253922,True,14,47,14:47
20260926T000145,161889.948416,64.3560744253922,True,23,43,23:43
20260926T000145,158015.392768,64.3560744253922,True,24,54,24:54
20260926T000145,157393.556736,64.3560744253922,True,25,54,25:54
20260926T000145,157598.789888,64.3560744253922,True,33,41,33:41
20260926T000145,158623.602944,64.3560744253922,True,41,41,41:41
20260926T000145,158180.60288,64.3560744253922,True,46,54,46:54
20260926T000145,158947.803392,64.3560744253922,True,52,52,52:52
20260926T000146,158339.501824,64.3560744253922,True,8,53,8:53
20260926T000146,178019.875584,64.3560744253922,True,9,23,9:23
20260926T000146,159539.397376,64.3560744253922,True,16,41,16:41
20260926T000146,159099.152896,64.3560744253922,True,17,44,17:44
20260926T000146,159525.358336,64.3560744253922,True,37,55,37:55
20260926T000146,158406.018304,64.3560744253922,True,42,44,42:44
20260926T000146,159757.00992,64.3560744253922,True,43,36,43:36
20260926T000146,158906.053376,64.3560744253922,True,48,38,48:38
20260926T000146,158395.416064,64.3560744253922,True,52,53,52:53
20260926T000147,160432.84992,64.3560744253922,True,4,54,4:54
20260926T000147,159954.174464,64.3560744253922,True,13,51,13:51
20260926T000147,159675.104768,64.3560744253922,True,16,42,16:42
20260926T000147,160220.807936,64.3560744253922,True,36,50,36:50
20260926T000147,159187.291648,64.3560744253922,True,56,55,56:55
20260926T000147,159958.637056,64.3560744253922,True,57,37,57:37
20260926T000147,159184.33792,64.3560744253922,True,59,54,59:54
20260926T000148,161206.197248,64.3560744253922,True,2,46,2:46
20260926T000148,160825.164032,64.3560744253922,True,19,37,19:37
20260926T000148,160602.174976,64.3560744253922,True,24,55,24:55
20260926T000148,160393.881344,64.3560744253922,True,26,42,26:42
20260926T000148,167554.920192,64.3560744253922,True,37,47,37:47
20260926T000148,160668.154624,64.3560744253922,True,43,37,43:37
20260926T000148,160021.03296,64.3560744253922,True,46,55,46:55
20260926T000148,160687.363584,64.3560744253922,True,47,39,47:39
20260926T000148,161172.26112,64.3560744253922,True,55,39,55:39
20260926T000148,160156.47872,64.3560744253922,True,58,42,58:42
20260926T000148,160985.029376,64.3560744253922,True,60,41,60:41
20260926T000148,160914.129152,64.3560744253922,True,61,52,61:52
20260926T000149,160994.793984,64.3560744253922,True,18,50,18:50
20260926T000149,165304.349184,64.3560744253922,True,26,39,26:39
20260926T000149,160889.631232,64.3560744253922,True,29,54,29:54
20260926T000149,161280.464896,64.3560744253922,True,34,38,34:38
20260926T000149,161172.299264,64.3560744253922,True,36,51,36:51
20260926T000149,161160.594176,64.3560744253922,True,39,47,39:47
20260926T000149,161048.623616,64.3560744253922,True,44,54,44:54
20260926T000149,160369.423872,64.3560744253922,True,51,51,51:51
20260926T000149,161974.6304,64.3560744253922,True,58,41,58:41
20260926T000149,181672.32384,64.3560744253922,True,59,29,59:29
20260926T000149,161894.74816,64.3560744253922,True,63,47,63:47
20260926T000150,166972.742656,64.3560744253922,True,0,42,0:42
20260926T000150,162438.745856,64.3560744253922,True,1,46,1:46
20260926T000150,162777.260288,64.3560744253922,True,4,55,4:55
20260926T000150,161981.9136,64.3560744253922,True,5,42,5:42
20260926T000150,165865.755648,64.3560744253922,True,18,46,18:46
20260926T000150,163014.273024,64.3560744253922,True,28,52,28:52
20260926T000150,162545.820672,64.3560744253922,True,32,54,32:54
20260926T000150,161262.52416,64.3560744253922,True,37,57,37:57
20260926T000150,162229.931264,64.3560744253922,True,41,42,41:42
20260926T000151,171265.299456,64.3560744253922,True,14,39,14:39
20260926T000151,163042.45248,64.3560744253922,True,19,38,19:38
20260926T000151,164173.215744,64.3560744253922,True,23,47,23:47
20260926T000151,163776.284416,64.3560744253922,True,37,56,37:56
20260926T000151,163461.988864,64.3560744253922,True,38,43,38:43
20260926T000151,163730.76224,64.3560744253922,True,40,46,40:46
20260926T000151,162922.424832,64.3560744253922,True,50,46,50:46
20260926T000151,163562.987008,64.3560744253922,True,51,50,51:50
20260926T000152,163946.291712,64.3560744253922,True,0,47,0:47
20260926T000152,163430.87488,64.3560744253922,True,9,41,9:41
20260926T000152,164320.936192,64.3560744253922,True,10,54,10:54
20260926T000152,163844.104704,64.3560744253922,True,14,48,14:48
20260926T000152,164547.392768,64.3560744253922,True,21,38,21:38
20260926T000152,168110.271232,64.3560744253922,True,28,48,28:48
20260926T000152,164557.943296,64.3560744253922,True,31,45,31:45
20260926T000152,163263.51872,64.3560744253922,True,32,55,32:55
20260926T000152,164148.771328,64.3560744253922,True,33,42,33:42
20260926T000152,163377.048576,64.3560744253922,True,46,56,46:56
20260926T000152,171093.73184,64.3560744253922,True,50,39,50:39
20260926T000152,164077.958144,64.3560744253922,True,55,40,55:40
20260926T000152,164139.4496,64.3560744253922,True,57,38,57:38
20260926T000153,164458.54464,64.3560744253922,True,10,55,10:55
20260926T000153,165760.628992,64.3560744253922,True,11,40,11:40
20260926T000153,164158.636032,64.3560744253922,True,13,53,13:53
20260926T000153,164746.453248,64.3560744253922,True,30,51,30:51
20260926T000153,164474.397696,64.3560744253922,True,31,46,31:46
20260926T000153,164598.358784,64.3560744253922,True,35,47,35:47
20260926T000153,165460.23552,64.3560744253922,True,45,56,45:56
20260926T000153,184914.209024,64.3560744253922,True,47,21,47:21
20260926T000153,165339.116288,64.3560744253922,True,48,39,48:39
20260926T000153,163945.571072,64.3560744253922,True,49,43,49:43
20260926T000153,171445.027584,64.3560744253922,True,56,48,56:48
20260926T000154,171721.241088,64.3560744253922,True,15,48,15:48
20260926T000154,166073.109504,64.3560744253922,True,15,55,15:55
20260926T000154,165222.845184,64.3560744253922,True,20,49,20:49
20260926T000154,166155.124736,64.3560744253922,True,25,55,25:55
20260926T000154,165512.601856,64.3560744253922,True,26,43,26:43
20260926T000154,165856.644096,64.3560744253922,True,40,47,40:47
20260926T000154,165580.719104,64.3560744253922,True,44,55,44:55
20260926T000154,165062.006528,64.3560744253922,True,45,58,45:58
20260926T000154,165673.575168,64.3560744253922,True,48,40,48:40
20260926T000154,165120.356864,64.3560744253922,True,52,54,52:54
20260926T000154,165996.194816,64.3560744253922,True,53,55,53:55
20260926T000154,165417.937408,64.3560744253922,True,61,54,61:54
20260926T000155,166418.734336,64.3560744253922,True,4,56,4:56
20260926T000155,166473.73696,64.3560744253922,True,12,40,12:40
20260926T000155,166321.005568,64.3560744253922,True,17,46,17:46
20260926T000155,167663.844096,64.3560744253922,True,22,43,22:43
20260926T000155,165891.906304,64.3560744253922,True,22,44,22:44
20260926T000155,167141.796864,64.3560744253922,True,27,47,27:47
20260926T000155,165979.181824,64.3560744253922,True,33,43,33:43
20260926T000156,166985.99936,64.3560744253922,True,5,43,5:43
20260926T000156,168299.448064,64.3560744253922,True,8,54,8:54
20260926T000156,167466.460672,64.3560744253922,True,8,55,8:55
20260926T000156,185882.933504,64.3560744253922,True,24,33,24:33
20260926T000156,167807.24992,64.3560744253922,True,28,53,28:53
20260926T000156,173684.189696,64.3560744253922,True,43,33,43:33
20260926T000156,167887.524608,64.3560744253922,True,49,42,49:42
20260926T000156,171270.827008,64.3560744253922,True,58,39,58:39
20260926T000156,168093.086208,64.3560744253922,True,63,48,63:48
20260926T000157,168217.923328,64.3560744253922,True,0,48,0:48
20260926T000157,168810.297344,64.3560744253922,True,1,47,1:47
20260926T000157,168990.758656,64.3560744253922,True,2,47,2:47
20260926T000157,168346.239488,64.3560744253922,True,18,51,18:51
20260926T000157,167958.07616,64.3560744253922,True,19,39,19:39
20260926T000157,173553.588736,64.3560744253922,True,33,38,33:38
20260926T000157,174203.732736,64.3560744253922,True,36,45,36:45
20260926T000157,168187.050496,64.3560744253922,True,42,45,42:45
20260926T000157,168296.397568,64.3560744253922,True,47,40,47:40
20260926T000157,184013.760256,64.3560744253922,True,53,35,53:35
20260926T000157,167822.467072,64.3560744253922,True,58,43,58:43
20260926T000158,170044.127744,64.3560744253922,True,6,55,6:55
20260926T000158,168504.188416,64.3560744253922,True,6,56,6:56
20260926T000158,169960.979456,64.3560744253922,True,15,56,15:56
20260926T000158,169348.25472,64.3560744253922,True,24,56,24:56
20260926T000158,168923.333632,64.3560744253922,True,27,48,27:48
20260926T000158,169099.428096,64.3560744253922,True,34,39,34:39
20260926T000158,168875.075584,64.3560744253922,True,44,56,44:56
20260926T000158,168588.108288,64.3560744253922,True,53,56,53:56
20260926T000158,169340.33024,64.3560744253922,True,60,42,60:42
20260926T000159,169833.588992,64.3560744253922,True,12,41,12:41
20260926T000159,169546.735616,64.3560744253922,True,15,57,15:57
20260926T000159,170128.950528,64.3560744253922,True,23,49,23:49
20260926T000159,170200.608,64.3560744253922,True,39,48,39:48
20260926T000159,175463.064064,64.3560744253922,True,41,38,41:38
20260926T000159,170794.629632,64.3560744253922,True,56,56,56:56
20260926T000159,170753.906432,64.3560744253922,True,59,55,59:55
20260926T000200,170220.022016,64.3560744253922,True,3,51,3:51
20260926T000200,170666.785536,64.3560744253922,True,10,56,10:56
20260926T000200,171656.963584,64.3560744253922,True,11,41,11:41
20260926T000200,185127.5584,64.3560744253922,True,21,27,21:27
20260926T000200,171854.207232,64.3560744253922,True,28,54,28:54
20260926T000200,170765.36576,64.3560744253922,True,39,49,39:49
20260926T000200,170525.18912,64.3560744253922,True,50,47,50:47
20260926T000200,170273.414656,64.3560744253922,True,62,41,62:41
20260926T000200,171184.300032,64.3560744253922,True,63,49,63:49
20260926T000200,170989.379072,64.3560744253922,True,63,50,63:50
20260926T000201,171911.22688,64.3560744253922,True,4,57,4:57
20260926T000201,172240.16384,64.3560744253922,True,16,43,16:43
20260926T000201,171347.201536,64.3560744253922,True,19,40,19:40
20260926T000201,192307.03872,64.3560744253922,True,23,26,23:26
20260926T000201,176002.189056,64.3560744253922,True,24,52,24:52
20260926T000201,171718.3808,64.3560744253922,True,29,55,29:55
20260926T000201,171662.153728,64.3560744253922,True,31,47,31:47
20260926T000201,171231.952384,64.3560744253922,True,36,53,36:53
20260926T000201,171234.128896,64.3560744253922,True,45,59,45:59
20260926T000201,187172.946176,64.3560744253922,True,48,26,48:26
20260926T000201,171039.989504,64.3560744253922,True,49,44,49:44
20260926T000201,171698.79936,64.3560744253922,True,54,47,54:47
20260926T000202,172334.43584,64.3560744253922,True,20,50,20:50
20260926T000202,172417.09312,64.3560744253922,True,21,39,21:39
20260926T000202,173345.09696,64.3560744253922,True,25,56,25:56
20260926T000202,172916.010496,64.3560744253922,True,28,55,28:55
20260926T000202,173314.159872,64.3560744253922,True,32,56,32:56
20260926T000202,172849.23136,64.3560744253922,True,38,45,38:45
20260926T000202,192875.944704,64.3560744253922,True,43,22,43:22
20260926T000202,172858.518272,64.3560744253922,True,43,38,43:38
20260926T000202,172580.995584,64.3560744253922,True,46,57,46:57
20260926T000202,172140.76672,64.3560744253922,True,51,53,51:53
20260926T000202,172486.810112,64.3560744253922,True,52,55,52:55
20260926T000202,172977.200128,64.3560744253922,True,56,57,56:57
20260926T000202,173350.913536,64.3560744253922,True,57,39,57:39
20260926T000202,173175.236608,64.3560744253922,True,59,56,59:56
20260926T000203,172967.30624,64.3560744253922,True,2,49,2:49
20260926T000203,173263.966976,64.3560744253922,True,10,57,10:57
20260926T000203,173450.155264,64.3560744253922,True,17,47,17:47
20260926T000203,172533.970176,64.3560744253922,True,21,40,21:40
20260926T000203,173072.436992,64.3560744253922,True,22,45,22:45
20260926T000203,173578.138624,64.3560744253922,True,26,44,26:44
20260926T000203,173949.46048,64.3560744253922,True,40,48,40:48
20260926T000203,172990.530816,64.3560744253922,True,55,41,55:41
20260926T000203,173092.078592,64.3560744253922,True,57,40,57:40
20260926T000203,173376.566528,64.3560744253922,True,61,55,61:55
20260926T000204,173637.914624,64.3560744253922,True,1,49,1:49
20260926T000204,174386.392832,64.3560744253922,True,12,42,12:42
20260926T000204,175231.142656,64.3560744253922,True,14,49,14:49
20260926T000204,173828.72192,64.3560744253922,True,24,58,24:58
20260926T000204,173604.917504,64.3560744253922,True,35,49,35:49
20260926T000204,173757.322496,64.3560744253922,True,38,46,38:46
20260926T000204,174593.083648,64.3560744253922,True,58,44,58:44
20260926T000204,173948.324352,64.3560744253922,True,60,43,60:43
20260926T000204,173481.6448,64.3560744253922,True,63,51,63:51
20260926T000205,175496.90496,64.3560744253922,True,8,56,8:56
20260926T000205,175944.472576,64.3560744253922,True,9,42,9:42
20260926T000205,179537.29408,64.3560744253922,True,16,39,16:39
20260926T000205,178807.7824,64.3560744253922,True,16,40,16:40
20260926T000205,175124.662272,64.3560744253922,True,27,49,27:49
20260926T000205,175159.089408,64.3560744253922,True,30,53,30:53
20260926T000205,175203.389952,64.3560744253922,True,32,57,32:57
20260926T000205,174514.443264,64.3560744253922,True,42,47,42:47
20260926T000206,175308.153088,64.3560744253922,True,4,59,4:59
20260926T000206,175926.69568,64.3560744253922,True,5,44,5:44
20260926T000206,176612.295936,64.3560744253922,True,13,54,13:54
20260926T000206,176422.647552,64.3560744253922,True,18,52,18:52
20260926T000206,176106.73792,64.3560744253922,True,25,57,25:57
20260926T000206,176451.5456,64.3560744253922,True,42,46,42:46
20260926T000206,176160.005376,64.3560744253922,True,48,41,48:41
20260926T000206,176040.14976,64.3560744253922,True,50,48,50:48
20260926T000206,175993.259776,64.3560744253922,True,52,56,52:56
20260926T000206,175855.222528,64.3560744253922,True,56,58,56:58
20260926T000206,175743.80544,64.3560744253922,True,60,44,60:44
20260926T000207,177411.729408,64.3560744253922,True,7,41,7:41
20260926T000207,175988.824064,64.3560744253922,True,10,58,10:58
20260926T000207,177091.993856,64.3560744253922,True,16,44,16:44
20260926T000207,177264.127744,64.3560744253922,True,20,51,20:51
20260926T000207,176278.420992,64.3560744253922,True,25,58,25:58
20260926T000207,177221.700096,64.3560744253922,True,29,56,29:56
20260926T000207,177072.45056,64.3560744253922,True,36,54,36:54
20260926T000207,176701.687552,64.3560744253922,True,37,59,37:59
20260926T000207,176795.008256,64.3560744253922,True,41,44,41:44
20260926T000207,176601.052672,64.3560744253922,True,47,41,47:41
20260926T000207,177668.514048,64.3560744253922,True,53,57,53:57
20260926T000207,177690.819328,64.3560744253922,True,54,48,54:48
20260926T000207,176468.761344,64.3560744253922,True,61,56,61:56
20260926T000208,178448.285184,64.3560744253922,True,6,57,6:57
20260926T000208,178058.331904,64.3560744253922,True,14,50,14:50
20260926T000208,177573.36832,64.3560744253922,True,23,50,23:50
20260926T000208,177739.677952,64.3560744253922,True,33,44,33:44
20260926T000208,177792.20608,64.3560744253922,True,34,40,34:40
20260926T000208,176942.394112,64.3560744253922,True,49,45,49:45
20260926T000208,176890.231808,64.3560744253922,True,50,49,50:49
20260926T000208,177721.62688,64.3560744253922,True,53,58,53:58
20260926T000209,178012.9728,64.3560744253922,True,0,51,0:51
20260926T000209,178173.007104,64.3560744253922,True,7,42,7:42
20260926T000209,179084.962048,64.3560744253922,True,11,42,11:42
20260926T000209,177779.564288,64.3560744253922,True,15,59,15:59
20260926T000209,177817.740032,64.3560744253922,True,17,48,17:48
20260926T000209,178925.246208,64.3560744253922,True,26,45,26:45
20260926T000209,198599.530752,64.3560744253922,True,27,28,27:28
20260926T000209,178162.285824,64.3560744253922,True,30,54,30:54
20260926T000209,178586.218496,64.3560744253922,True,32,58,32:58
20260926T000209,178791.34464,64.3560744253922,True,44,57,44:57
20260926T000209,184955.49696,64.3560744253922,True,60,37,60:37
20260926T000210,179088.825344,64.3560744253922,True,3,52,3:52
20260926T000210,179737.020416,64.3560744253922,True,6,58,6:58
20260926T000210,179042.523392,64.3560744253922,True,14,51,14:51
20260926T000210,179214.6176,64.3560744253922,True,19,41,19:41
20260926T000210,180034.91584,64.3560744253922,True,28,56,28:56
20260926T000210,179604.10496,64.3560744253922,True,40,49,40:49
20260926T000210,179896.497408,64.3560744253922,True,46,58,46:58
20260926T000210,179578.904832,64.3560744253922,True,48,42,48:42
20260926T000210,179377.607936,64.3560744253922,True,57,41,57:41
20260926T000210,178816.566784,64.3560744253922,True,59,58,59:58
20260926T000211,179580.73088,64.3560744253922,True,6,59,6:59
20260926T000211,180839.657216,64.3560744253922,True,13,55,13:55
20260926T000211,180105.523968,64.3560744253922,True,20,52,20:52
20260926T000211,180220.271104,64.3560744253922,True,44,58,44:58
20260926T000211,179689.84832,64.3560744253922,True,45,61,45:61
20260926T000211,197602.993152,64.3560744253922,True,46,36,46:36
20260926T000211,180034.434304,64.3560744253922,True,63,52,63:52
20260926T000212,181622.016,64.3560744253922,True,0,50,0:50
20260926T000212,184101.21856,64.3560744253922,True,9,40,9:40
20260926T000212,180699.661056,64.3560744253922,True,9,43,9:43
20260926T000212,181213.937664,64.3560744253922,True,16,45,16:45
20260926T000212,185263.542528,64.3560744253922,True,28,51,28:51
20260926T000212,181344.892416,64.3560744253922,True,45,60,45:60
20260926T000212,180804.237568,64.3560744253922,True,46,59,46:59
20260926T000212,180909.237248,64.3560744253922,True,49,46,49:46
20260926T000212,181338.136064,64.3560744253922,True,55,42,55:42
20260926T000212,187266.209792,64.3560744253922,True,60,38,60:38
20260926T000212,181944.9664,64.3560744253922,True,62,42,62:42
20260926T000213,182157.40928,64.3560744253922,True,1,50,1:50
20260926T000213,182517.886976,64.3560744253922,True,8,57,8:57
20260926T000213,180982.048768,64.3560744253922,True,17,49,17:49
20260926T000213,187194.13632,64.3560744253922,True,24,53,24:53
20260926T000213,182561.600768,64.3560744253922,True,37,60,37:60
20260926T000213,182259.00416,64.3560744253922,True,39,50,39:50
20260926T000213,188689.927168,64.3560744253922,True,47,36,47:36
20260926T000213,181696.457984,64.3560744253922,True,51,54,51:54
20260926T000213,182146.294272,64.3560744253922,True,52,57,52:57
20260926T000213,181821.376768,64.3560744253922,True,61,57,61:57
20260926T000214,182861.940224,64.3560744253922,True,12,43,12:43
20260926T000214,182724.697088,64.3560744253922,True,13,56,13:56
20260926T000214,182569.231104,64.3560744253922,True,27,51,27:51
20260926T000214,182587.844864,64.3560744253922,True,31,49,31:49
20260926T000214,182260.283392,64.3560744253922,True,42,48,42:48
20260926T000214,183240.436736,64.3560744253922,True,54,49,54:49
20260926T000214,182890.306048,64.3560744253922,True,56,59,56:59
20260926T000215,183947.366656,64.3560744253922,True,2,50,2:50
20260926T000215,182754.957056,64.3560744253922,True,6,60,6:60
20260926T000215,183271.611904,64.3560744253922,True,21,41,21:41
20260926T000215,183938.387968,64.3560744253922,True,22,46,22:46
20260926T000215,189411.354624,64.3560744253922,True,23,45,23:45
20260926T000215,184114.0352,64.3560744253922,True,23,51,23:51
20260926T000215,183502.445312,64.3560744253922,True,24,60,24:60
20260926T000215,184311.29216,64.3560744253922,True,29,57,29:57
20260926T000215,183076.327424,64.3560744253922,True,63,53,63:53
20260926T000216,183843.734528,64.3560744253922,True,15,60,15:60
20260926T000216,183784.92032,64.3560744253922,True,16,46,16:46
20260926T000216,184502.093312,64.3560744253922,True,18,54,18:54
20260926T000216,185185.861888,64.3560744253922,True,24,59,24:59
20260926T000216,184248.438016,64.3560744253922,True,26,46,26:46
20260926T000216,185157.752576,64.3560744253922,True,33,45,33:45
20260926T000216,184169.823232,64.3560744253922,True,37,61,37:61
20260926T000216,191702.433536,64.3560744253922,True,38,40,38:40
20260926T000216,184642.258432,64.3560744253922,True,38,47,38:47
20260926T000216,184874.580224,64.3560744253922,True,60,45,60:45
20260926T000217,185181.656064,64.3560744253922,True,0,52,0:52
20260926T000217,185398.469376,64.3560744253922,True,5,45,5:45
20260926T000217,185500.106752,64.3560744253922,True,7,43,7:43
20260926T000217,184984.664576,64.3560744253922,True,20,53,20:53
20260926T000217,185271.339264,64.3560744253922,True,28,57,28:57
20260926T000217,185335.96544,64.3560744253922,True,43,40,43:40
20260926T000217,185235.533312,64.3560744253922,True,50,50,50:50
20260926T000217,185203.340544,64.3560744253922,True,58,46,58:46
20260926T000218,186447.376384,64.3560744253922,True,11,43,11:43
20260926T000218,186475.029504,64.3560744253922,True,36,55,36:55
20260926T000218,186424.111616,64.3560744253922,True,39,51,39:51
20260926T000218,186706.029824,64.3560744253922,True,40,50,40:50
20260926T000218,185473.282816,64.3560744253922,True,40,51,40:51
20260926T000218,186696.856064,64.3560744253922,True,48,43,48:43
20260926T000219,187160.880128,64.3560744253922,True,1,51,1:51
20260926T000219,187160.247296,64.3560744253922,True,4,61,4:61
20260926T000219,186492.59648,64.3560744253922,True,6,61,6:61
20260926T000219,187085.837312,64.3560744253922,True,8,58,8:58
20260926T000219,187846.313472,64.3560744253922,True,10,59,10:59
20260926T000219,186889.893376,64.3560744253922,True,18,56,18:56
20260926T000219,186432.8128,64.3560744253922,True,23,52,23:52
20260926T000219,186732.212224,64.3560744253922,True,28,58,28:58
20260926T000219,188000.183808,64.3560744253922,True,35,50,35:50
20260926T000219,186874.743808,64.3560744253922,True,38,48,38:48
20260926T000219,186487.003648,64.3560744253922,True,52,58,52:58
20260926T000219,187226.821376,64.3560744253922,True,53,59,53:59
20260926T000219,187551.52256,64.3560744253922,True,62,43,62:43
20260926T000220,188321.809408,64.3560744253922,True,2,51,2:51
20260926T000220,188194.882816,64.3560744253922,True,3,53,3:53
20260926T000220,187630.540288,64.3560744253922,True,13,57,13:57
20260926T000220,188542.075904,64.3560744253922,True,18,55,18:55
20260926T000220,191220.626176,64.3560744253922,True,30,52,30:52
20260926T000220,188347.979264,64.3560744253922,True,46,60,46:60
20260926T000220,188662.19776,64.3560744253922,True,59,59,59:59
20260926T000220,188457.329664,64.3560744253922,True,61,58,61:58
20260926T000221,189464.938752,64.3560744253922,True,12,44,12:44
20260926T000221,188855.07328,64.3560744253922,True,24,61,24:61
20260926T000221,188913.678336,64.3560744253922,True,29,58,29:58
20260926T000221,189058.36928,64.3560744253922,True,30,55,30:55
20260926T000221,189382.281216,64.3560744253922,True,32,59,32:59
20260926T000221,188076.502272,64.3560744253922,True,42,49,42:49
20260926T000221,189117.006336,64.3560744253922,True,44,59,44:59
20260926T000221,188122.518784,64.3560744253922,True,47,43,47:43
20260926T000221,194414.753536,64.3560744253922,True,51,49,51:49
20260926T000222,189511.370496,64.3560744253922,True,7,44,7:44
20260926T000222,189845.358848,64.3560744253922,True,14,52,14:52
20260926T000222,189536.251904,64.3560744253922,True,26,47,26:47
20260926T000222,196430.620928,64.3560744253922,True,37,54,37:54
20260926T000222,196293.127936,64.3560744253922,True,44,51,44:51
20260926T000222,195990.744832,64.3560744253922,True,45,54,45:54
20260926T000222,189568.407552,64.3560744253922,True,45,62,45:62
20260926T000222,189495.695104,64.3560744253922,True,49,47,49:47
20260926T000222,189506.511104,64.3560744253922,True,51,55,51:55
20260926T000222,189700.312576,64.3560744253922,True,53,60,53:60
20260926T000222,189582.470144,64.3560744253922,True,54,50,54:50
20260926T000223,195828.445952,64.3560744253922,True,3,49,3:49
20260926T000223,194498.646528,64.3560744253922,True,3,50,3:50
20260926T000223,196365.321472,64.3560744253922,True,14,46,14:46
20260926T000223,195589.74464,64.3560744253922,True,15,54,15:54
20260926T000223,190140.880384,64.3560744253922,True,29,59,29:59
20260926T000223,191112.879616,64.3560744253922,True,33,46,33:46
20260926T000223,190880.917248,64.3560744253922,True,34,41,34:41
20260926T000223,197207.292928,64.3560744253922,True,58,40,58:40
20260926T000223,190445.37088,64.3560744253922,True,61,59,61:59
20260926T000224,190771.648768,64.3560744253922,True,8,60,8:60
20260926T000224,191223.806208,64.3560744253922,True,11,44,11:44
20260926T000224,190841.951744,64.3560744253922,True,13,58,13:58
20260926T000224,192379.332864,64.3560744253922,True,19,42,19:42
20260926T000224,191846.46656,64.3560744253922,True,22,47,22:47
20260926T000224,191079.68768,64.3560744253922,True,31,50,31:50
20260926T000224,191272.178944,64.3560744253922,True,33,47,33:47
20260926T000224,192187.937792,64.3560744253922,True,36,56,36:56
20260926T000224,192010.274816,64.3560744253922,True,43,41,43:41
20260926T000225,191587.04,64.3560744253922,True,14,53,14:53
20260926T000225,192771.143168,64.3560744253922,True,25,60,25:60
20260926T000225,191906.613504,64.3560744253922,True,25,61,25:61
20260926T000225,213198.862848,64.3560744253922,True,39,29,39:29
20260926T000225,191883.10912,64.3560744253922,True,43,42,43:42
20260926T000225,213237.831168,64.3560744253922,True,57,24,57:24
20260926T000225,192800.319232,64.3560744253922,True,63,54,63:54
20260926T000226,193276.530688,64.3560744253922,True,0,53,0:53
20260926T000226,208332.169728,64.3560744253922,True,1,35,1:35
20260926T000226,193136.868864,64.3560744253922,True,9,44,9:44
20260926T000226,193913.940992,64.3560744253922,True,21,42,21:42
20260926T000226,192982.64704,64.3560744253922,True,23,53,23:53
20260926T000226,200081.326592,64.3560744253922,True,27,45,27:45
20260926T000226,199178.15936,64.3560744253922,True,34,37,34:37
20260926T000226,193436.409344,64.3560744253922,True,39,52,39:52
20260926T000226,193129.925632,64.3560744253922,True,54,51,54:51
20260926T000226,193599.70688,64.3560744253922,True,56,61,56:61
20260926T000226,193499.67104,64.3560744253922,True,62,44,62:44
20260926T000227,193897.895936,64.3560744253922,True,3,55,3:55
20260926T000227,213603.401728,64.3560744253922,True,14,32,14:32
20260926T000227,194871.523328,64.3560744253922,True,15,61,15:61
20260926T000227,194241.199616,64.3560744253922,True,17,50,17:50
20260926T000227,193728.214784,64.3560744253922,True,18,57,18:57
20260926T000227,194031.235072,64.3560744253922,True,20,54,20:54
20260926T000227,193876.975616,64.3560744253922,True,30,56,30:56
20260926T000227,198109.444096,64.3560744253922,True,51,52,51:52
20260926T000227,199041.904896,64.3560744253922,True,54,46,54:46
20260926T000227,210994.917376,64.3560744253922,True,56,41,56:41
20260926T000227,194091.813632,64.3560744253922,True,56,62,56:62
20260926T000228,209701.78816,64.3560744253922,True,0,36,0:36
20260926T000228,198475.001088,64.3560744253922,True,0,49,0:49
20260926T000228,195487.355904,64.3560744253922,True,3,54,3:54
20260926T000228,194912.340224,64.3560744253922,True,6,62,6:62
20260926T000228,193978.957312,64.3560744253922,True,11,45,11:45
20260926T000228,195166.800896,64.3560744253922,True,16,47,16:47
20260926T000228,195256.380928,64.3560744253922,True,24,62,24:62
20260926T000228,194191.32672,64.3560744253922,True,32,61,32:61
20260926T000228,199062.628096,64.3560744253922,True,37,58,37:58
20260926T000228,195094.038528,64.3560744253922,True,37,62,37:62
20260926T000228,195701.380608,64.3560744253922,True,41,46,41:46
20260926T000228,194710.673664,64.3560744253922,True,46,61,46:61
20260926T000228,194671.627264,64.3560744253922,True,52,59,52:59
20260926T000228,200570.125568,64.3560744253922,True,54,45,54:45
20260926T000228,195285.106176,64.3560744253922,True,59,60,59:60
20260926T000229,195939.850752,64.3560744253922,True,2,52,2:52
20260926T000229,196116.747008,64.3560744253922,True,4,62,4:62
20260926T000229,195716.372224,64.3560744253922,True,13,59,13:59
20260926T000229,214396.303104,64.3560744253922,True,17,32,17:32
20260926T000229,196452.512512,64.3560744253922,True,28,59,28:59
20260926T000229,214568.677888,64.3560744253922,True,31,31,31:31
20260926T000229,195564.261632,64.3560744253922,True,37,63,37:63
20260926T000229,196051.93088,64.3560744253922,True,45,63,45:63
20260926T000229,195234.050304,64.3560744253922,True,46,62,46:62
20260926T000229,196365.665024,64.3560744253922,True,48,44,48:44
20260926T000229,196591.547648,64.3560744253922,True,50,51,50:51
20260926T000229,196335.384576,64.3560744253922,True,58,47,58:47
20260926T000230,196545.117184,64.3560744253922,True,10,61,10:61
20260926T000230,196440.75392,64.3560744253922,True,15,62,15:62
20260926T000230,196674.925568,64.3560744253922,True,19,43,19:43
20260926T000230,196964.715776,64.3560744253922,True,34,42,34:42
20260926T000230,196541.016576,64.3560744253922,True,51,56,51:56
20260926T000230,196411.291904,64.3560744253922,True,53,61,53:61
20260926T000230,203215.616512,64.3560744253922,True,59,53,59:53
20260926T000230,197338.845696,64.3560744253922,True,60,46,60:46
20260926T000231,196946.081536,64.3560744253922,True,0,54,0:54
20260926T000231,197213.281536,64.3560744253922,True,9,45,9:45
20260926T000231,198487.359488,64.3560744253922,True,12,45,12:45
20260926T000231,196821.78944,64.3560744253922,True,12,46,12:46
20260926T000231,197682.251776,64.3560744253922,True,16,48,16:48
20260926T000231,197869.55904,64.3560744253922,True,17,51,17:51
20260926T000231,197949.630464,64.3560744253922,True,22,48,22:48
20260926T000231,197698.97216,64.3560744253922,True,27,52,27:52
20260926T000231,200964.540928,64.3560744253922,True,31,48,31:48
20260926T000231,197599.913216,64.3560744253922,True,36,58,36:58
20260926T000231,197225.897216,64.3560744253922,True,41,47,41:47
20260926T000231,200755.991296,64.3560744253922,True,43,39,43:39
20260926T000231,197170.252544,64.3560744253922,True,45,64,45:64
20260926T000231,198056.764672,64.3560744253922,True,57,43,57:43
20260926T000231,197384.579584,64.3560744253922,True,59,61,59:61
20260926T000232,197486.316288,64.3560744253922,True,5,48,5:48
20260926T000232,197949.309696,64.3560744253922,True,18,58,18:58
20260926T000232,197490.913024,64.3560744253922,True,23,54,23:54
20260926T000232,202684.22784,64.3560744253922,True,24,57,24:57
20260926T000232,197996.85632,64.3560744253922,True,24,63,24:63
20260926T000232,197755.460864,64.3560744253922,True,25,62,25:62
20260926T000232,197979.90144,64.3560744253922,True,32,62,32:62
20260926T000232,198432.944896,64.3560744253922,True,35,52,35:52
20260926T000232,198215.629568,64.3560744253922,True,40,52,40:52
20260926T000232,197462.145024,64.3560744253922,True,45,65,45:65
20260926T000232,198890.948608,64.3560744253922,True,55,44,55:44
20260926T000232,204237.607168,64.3560744253922,True,61,53,61:53
20260926T000232,198448.029696,64.3560744253922,True,63,55,63:55
20260926T000233,198809.773824,64.3560744253922,True,2,53,2:53
20260926T000233,199975.31776,64.3560744253922,True,4,63,4:63
20260926T000233,199258.650624,64.3560744253922,True,4,64,4:64
20260926T000233,199558.604544,64.3560744253922,True,5,47,5:47
20260926T000233,204268.089856,64.3560744253922,True,7,40,7:40
20260926T000233,199532.055808,64.3560744253922,True,8,61,8:61
20260926T000233,198517.871616,64.3560744253922,True,20,55,20:55
20260926T000233,199379.670528,64.3560744253922,True,38,49,38:49
20260926T000233,217031.013888,64.3560744253922,True,39,34,39:34
20260926T000233,199359.195904,64.3560744253922,True,56,63,56:63
20260926T000233,199121.959936,64.3560744253922,True,62,45,62:45
20260926T000233,199144.863488,64.3560744253922,True,63,56,63:56
20260926T000234,199809.57952,64.3560744253922,True,7,45,7:45
20260926T000234,199337.492992,64.3560744253922,True,19,44,19:44
20260926T000234,200662.769408,64.3560744253922,True,21,43,21:43
20260926T000234,199282.0864,64.3560744253922,True,21,44,21:44
20260926T000234,217400.961024,64.3560744253922,True,25,40,25:40
20260926T000234,200180.742144,64.3560744253922,True,29,60,29:60
20260926T000234,200299.270656,64.3560744253922,True,30,57,30:57
20260926T000234,200033.829888,64.3560744253922,True,33,48,33:48
20260926T000234,199526.436864,64.3560744253922,True,42,51,42:51
20260926T000234,199901.234176,64.3560744253922,True,47,44,47:44
20260926T000234,199896.086528,64.3560744253922,True,49,48,49:48
20260926T000234,199992.212736,64.3560744253922,True,51,57,51:57
20260926T000234,219106.331904,64.3560744253922,True,53,39,53:39
20260926T000234,199396.291328,64.3560744253922,True,60,48,60:48
20260926T000235,201071.969536,64.3560744253922,True,1,52,1:52
20260926T000235,205297.978624,64.3560744253922,True,4,58,4:58
20260926T000235,200268.464384,64.3560744253922,True,9,46,9:46
20260926T000235,200207.498752,64.3560744253922,True,10,63,10:63
20260926T000235,200336.286464,64.3560744253922,True,15,63,15:63
20260926T000235,200849.366272,64.3560744253922,True,16,49,16:49
20260926T000235,200206.650624,64.3560744253922,True,25,63,25:63
20260926T000235,201431.72352,64.3560744253922,True,39,53,39:53
20260926T000235,200672.05888,64.3560744253922,True,40,53,40:53
20260926T000235,201413.951744,64.3560744253922,True,48,45,48:45
20260926T000235,200084.557312,64.3560744253922,True,52,61,52:61
20260926T000235,200687.698432,64.3560744253922,True,57,44,57:44
20260926T000235,200851.117824,64.3560744253922,True,63,57,63:57
20260926T000236,202194.336768,64.3560744253922,True,1,53,1:53
20260926T000236,200707.817472,64.3560744253922,True,4,65,4:65
20260926T000236,208857.996544,64.3560744253922,True,7,39,7:39
20260926T000236,201089.198848,64.3560744253922,True,13,60,13:60
20260926T000236,201172.438528,64.3560744253922,True,19,45,19:45
20260926T000236,201382.545152,64.3560744253922,True,22,49,22:49
20260926T000236,201736.727552,64.3560744253922,True,27,53,27:53
20260926T000236,201682.58816,64.3560744253922,True,28,60,28:60
20260926T000236,201817.517312,64.3560744253922,True,34,43,34:43
20260926T000236,202441.701888,64.3560744253922,True,37,64,37:64
20260926T000236,202187.358208,64.3560744253922,True,42,50,42:50
20260926T000236,201652.302336,64.3560744253922,True,46,63,46:63
20260926T000236,202004.632064,64.3560744253922,True,52,60,52:60
20260926T000236,200721.870592,64.3560744253922,True,53,63,53:63
20260926T000236,200497.259264,64.3560744253922,True,57,45,57:45
20260926T000236,201929.804544,64.3560744253922,True,60,47,60:47
20260926T000236,202343.017216,64.3560744253922,True,61,61,61:61
20260926T000236,201171.409408,64.3560744253922,True,62,46,62:46
20260926T000237,202655.845632,64.3560744253922,True,10,62,10:62
20260926T000237,202179.68512,64.3560744253922,True,17,52,17:52
20260926T000237,202418.255872,64.3560744253922,True,24,64,24:64
20260926T000237,202333.635328,64.3560744253922,True,26,49,26:49
20260926T000237,202127.145728,64.3560744253922,True,27,54,27:54
20260926T000237,201762.374144,64.3560744253922,True,29,62,29:62
20260926T000237,202993.832192,64.3560744253922,True,31,51,31:51
20260926T000237,215216.297728,64.3560744253922,True,35,40,35:40
20260926T000237,201277.00864,64.3560744253922,True,35,54,35:54
20260926T000237,202045.016064,64.3560744253922,True,36,59,36:59
20260926T000237,222718.462464,64.3560744253922,True,37,38,37:38
20260926T000237,202339.808512,64.3560744253922,True,44,61,44:61
20260926T000237,202009.923072,64.3560744253922,True,52,62,52:62
20260926T000237,202635.111168,64.3560744253922,True,53,62,53:62
20260926T000237,202795.185664,64.3560744253922,True,54,52,54:52
20260926T000237,201496.164608,64.3560744253922,True,58,49,58:49
20260926T000237,217703.8272,64.3560744253922,True,62,32,62:32
20260926T000238,203032.763392,64.3560744253922,True,2,54,2:54
20260926T000238,202202.948608,64.3560744253922,True,4,66,4:66
20260926T000238,201830.016768,64.3560744253922,True,5,49,5:49
20260926T000238,203716.644608,64.3560744253922,True,6,63,6:63
20260926T000238,202864.368128,64.3560744253922,True,6,64,6:64
20260926T000238,204035.491328,64.3560744253922,True,8,62,8:62
20260926T000238,203121.214464,64.3560744253922,True,8,63,8:63
20260926T000238,203095.263744,64.3560744253922,True,23,55,23:55
20260926T000238,203342.878976,64.3560744253922,True,28,61,28:61
20260926T000238,202481.476608,64.3560744253922,True,28,62,28:62
20260926T000238,202710.492416,64.3560744253922,True,29,63,29:63
20260926T000238,202924.279296,64.3560744253922,True,34,44,34:44
20260926T000238,203783.150336,64.3560744253922,True,38,50,38:50
20260926T000238,202771.787776,64.3560744253922,True,40,54,40:54
20260926T000238,203106.343936,64.3560744253922,True,46,64,46:64
20260926T000238,202499.076096,64.3560744253922,True,56,65,56:65
20260926T000238,203850.236928,64.3560744253922,True,58,48,58:48
20260926T000238,203940.54912,64.3560744253922,True,59,62,59:62
20260926T000238,202416.310272,64.3560744253922,True,59,63,59:63
20260926T000238,202477.58208,64.3560744253922,True,62,47,62:47
20260926T000239,202803.875584,64.3560744253922,True,11,47,11:47
20260926T000239,204261.644544,64.3560744253922,True,14,55,14:55
20260926T000239,210884.063232,64.3560744253922,True,17,45,17:45
20260926T000239,223385.108736,64.3560744253922,True,18,37,18:37
20260926T000239,204225.329664,64.3560744253922,True,18,59,18:59
20260926T000239,203822.159104,64.3560744253922,True,35,53,35:53
20260926T000239,217235.186944,64.3560744253922,True,44,46,44:46
20260926T000239,202650.011904,64.3560744253922,True,44,63,44:63
20260926T000239,204441.581312,64.3560744253922,True,49,49,49:49
20260926T000239,203359.087616,64.3560744253922,True,49,50,49:50
20260926T000239,203868.087808,64.3560744253922,True,50,53,50:53
20260926T000239,203697.63072,64.3560744253922,True,54,53,54:53
20260926T000240,204297.878272,64.3560744253922,True,3,57,3:57
20260926T000240,204086.99136,64.3560744253922,True,7,47,7:47
20260926T000240,203996.09856,64.3560744253922,True,9,47,9:47
20260926T000240,204033.626624,64.3560744253922,True,10,64,10:64
20260926T000240,204770.277888,64.3560744253922,True,30,59,30:59
20260926T000240,204722.49472,64.3560744253922,True,32,64,32:64
20260926T000240,211845.61792,64.3560744253922,True,38,44,38:44
20260926T000240,204947.136512,64.3560744253922,True,38,51,38:51
20260926T000240,203800.973568,64.3560744253922,True,39,55,39:55
20260926T000240,205323.5712,64.3560744253922,True,47,45,47:45
20260926T000240,205309.92128,64.3560744253922,True,51,58,51:58
20260926T000240,205561.970176,64.3560744253922,True,55,45,55:45
20260926T000240,205514.420224,64.3560744253922,True,56,64,56:64
20260926T000241,204796.256,64.3560744253922,True,0,56,0:56
20260926T000241,209613.44896,64.3560744253922,True,4,60,4:60
20260926T000241,206123.527936,64.3560744253922,True,12,47,12:47
20260926T000241,205010.088192,64.3560744253922,True,16,50,16:50
20260926T000241,204870.098176,64.3560744253922,True,17,53,17:53
20260926T000241,205419.77984,64.3560744253922,True,27,55,27:55
20260926T000241,205691.575296,64.3560744253922,True,31,53,31:53
20260926T000241,206236.015872,64.3560744253922,True,32,63,32:63
20260926T000241,205951.136768,64.3560744253922,True,33,49,33:49
20260926T000241,204976.51072,64.3560744253922,True,36,60,36:60
20260926T000241,206459.901952,64.3560744253922,True,41,48,41:48
20260926T000241,205761.097216,64.3560744253922,True,43,44,43:44
20260926T000241,205300.505856,64.3560744253922,True,55,46,55:46
20260926T000242,206871.315968,64.3560744253922,True,1,54,1:54
20260926T000242,206484.397824,64.3560744253922,True,3,58,3:58
20260926T000242,206383.961856,64.3560744253922,True,8,64,8:64
20260926T000242,204965.144832,64.3560744253922,True,10,65,10:65
20260926T000242,206741.571584,64.3560744253922,True,11,46,11:46
20260926T000242,205800.152832,64.3560744253922,True,15,65,15:65
20260926T000242,206443.1552,64.3560744253922,True,23,56,23:56
20260926T000242,205639.8848,64.3560744253922,True,35,55,35:55
20260926T000242,210773.628672,64.3560744253922,True,41,45,41:45
20260926T000242,205674.717952,64.3560744253922,True,56,67,56:67
20260926T000242,206145.696256,64.3560744253922,True,59,64,59:64
20260926T000243,207773.846528,64.3560744253922,True,7,46,7:46
20260926T000243,207902.606336,64.3560744253922,True,15,64,15:64
20260926T000243,207319.1232,64.3560744253922,True,37,66,37:66
20260926T000243,208227.100416,64.3560744253922,True,44,62,44:62
20260926T000243,206374.261504,64.3560744253922,True,46,65,46:65
20260926T000243,207769.891072,64.3560744253922,True,48,46,48:46
20260926T000243,207437.851392,64.3560744253922,True,50,54,50:54
20260926T000243,206360.13184,64.3560744253922,True,57,46,57:46
20260926T000243,205919.334656,64.3560744253922,True,61,64,61:64
20260926T000244,207174.542592,64.3560744253922,True,8,65,8:65
20260926T000244,207620.237568,64.3560744253922,True,12,48,12:48
20260926T000244,208792.564736,64.3560744253922,True,13,61,13:61
20260926T000244,208018.917376,64.3560744253922,True,18,60,18:60
20260926T000244,208538.130432,64.3560744253922,True,21,45,21:45
20260926T000244,208197.792,64.3560744253922,True,22,50,22:50
20260926T000244,207229.305856,64.3560744253922,True,23,57,23:57
20260926T000244,208530.910208,64.3560744253922,True,24,65,24:65
20260926T000244,212669.725952,64.3560744253922,True,25,59,25:59
20260926T000244,207324.256,64.3560744253922,True,31,54,31:54
20260926T000244,207496.909568,64.3560744253922,True,32,65,32:65
20260926T000244,207747.437056,64.3560744253922,True,45,67,45:67
20260926T000244,208419.606784,64.3560744253922,True,54,54,54:54
20260926T000244,208435.54688,64.3560744253922,True,61,62,61:62
20260926T000244,207605.179392,64.3560744253922,True,63,59,63:59
20260926T000245,216119.995136,64.3560744253922,True,1,48,1:48
20260926T000245,208909.238528,64.3560744253922,True,1,55,1:55
20260926T000245,208216.680448,64.3560744253922,True,2,56,2:56
20260926T000245,208173.032448,64.3560744253922,True,3,59,3:59
20260926T000245,208216.57472,64.3560744253922,True,18,61,18:61
20260926T000245,209683.83104,64.3560744253922,True,26,50,26:50
20260926T000245,209027.906304,64.3560744253922,True,40,55,40:55
20260926T000245,208217.179136,64.3560744253922,True,42,53,42:53
20260926T000245,208507.476736,64.3560744253922,True,45,68,45:68
20260926T000245,209817.80352,64.3560744253922,True,63,58,63:58
20260926T000246,208758.782976,64.3560744253922,True,4,68,4:68
20260926T000246,210143.391744,64.3560744253922,True,6,65,6:65
20260926T000246,210053.254656,64.3560744253922,True,13,62,13:62
20260926T000246,210108.105728,64.3560744253922,True,19,46,19:46
20260926T000246,209970.656,64.3560744253922,True,24,66,24:66
20260926T000246,208830.985984,64.3560744253922,True,24,67,24:67
20260926T000246,209887.158272,64.3560744253922,True,25,64,25:64
20260926T000246,209154.959104,64.3560744253922,True,34,45,34:45
20260926T000246,209663.342336,64.3560744253922,True,37,67,37:67
20260926T000246,208729.061632,64.3560744253922,True,40,56,40:56
20260926T000246,209644.92032,64.3560744253922,True,41,49,41:49
20260926T000246,209914.577408,64.3560744253922,True,42,52,42:52
20260926T000246,208635.289856,64.3560744253922,True,52,64,52:64
20260926T000246,210601.698816,64.3560744253922,True,53,64,53:64
20260926T000246,208773.138944,64.3560744253922,True,56,68,56:68
20260926T000246,210312.897536,64.3560744253922,True,60,49,60:49
20260926T000247,211114.999296,64.3560744253922,True,2,55,2:55
20260926T000247,209984.877312,64.3560744253922,True,4,67,4:67
20260926T000247,211145.114624,64.3560744253922,True,30,60,30:60
20260926T000247,211606.515968,64.3560744253922,True,33,50,33:50
20260926T000247,209980.581376,64.3560744253922,True,41,50,41:50
20260926T000247,210606.95424,64.3560744253922,True,53,65,53:65
20260926T000247,211307.541504,64.3560744253922,True,56,66,56:66
20260926T000247,210240.306688,64.3560744253922,True,60,50,60:50
20260926T000247,209407.74016,64.3560744253922,True,62,48,62:48
20260926T000248,211200.251392,64.3560744253922,True,6,66,6:66
20260926T000248,211009.801216,64.3560744253922,True,14,57,14:57
20260926T000248,210777.089024,64.3560744253922,True,16,51,16:51
20260926T000248,211456.101632,64.3560744253922,True,21,46,21:46
20260926T000248,210308.692736,64.3560744253922,True,22,52,22:52
20260926T000248,211674.81728,64.3560744253922,True,25,65,25:65
20260926T000248,226353.905664,64.3560744253922,True,26,37,26:37
20260926T000248,211319.742208,64.3560744253922,True,28,64,28:64
20260926T000248,211332.369664,64.3560744253922,True,29,64,29:64
20260926T000248,211312.678912,64.3560744253922,True,33,51,33:51
20260926T000248,210522.212096,64.3560744253922,True,37,68,37:68
20260926T000248,211070.469376,64.3560744253922,True,38,52,38:52
20260926T000248,210380.269312,64.3560744253922,True,42,54,42:54
20260926T000248,210347.303936,64.3560744253922,True,46,66,46:66
20260926T000248,211566.645504,64.3560744253922,True,47,46,47:46
20260926T000248,211465.058816,64.3560744253922,True,52,63,52:63
20260926T000248,210339.797248,64.3560744253922,True,53,66,53:66
20260926T000248,211074.73664,64.3560744253922,True,58,51,58:51
20260926T000248,210407.49568,64.3560744253922,True,60,51,60:51
20260926T000249,211349.540864,64.3560744253922,True,0,58,0:58
20260926T000249,211735.819264,64.3560744253922,True,1,56,1:56
20260926T000249,212235.174912,64.3560744253922,True,19,47,19:47
20260926T000249,211290.752512,64.3560744253922,True,31,55,31:55
20260926T000249,211439.27936,64.3560744253922,True,32,66,32:66
20260926T000249,211285.73824,64.3560744253922,True,36,62,36:62
20260926T000249,212777.060096,64.3560744253922,True,48,47,48:47
20260926T000249,212206.889728,64.3560744253922,True,49,51,49:51
20260926T000249,212458.83008,64.3560744253922,True,50,55,50:55
20260926T000249,211982.960384,64.3560744253922,True,55,47,55:47
20260926T000249,212877.847808,64.3560744253922,True,58,50,58:50
20260926T000249,212129.417728,64.3560744253922,True,59,65,59:65
20260926T000250,213125.340928,64.3560744253922,True,10,66,10:66
20260926T000250,213054.69184,64.3560744253922,True,30,61,30:61
20260926T000250,212158.57664,64.3560744253922,True,36,63,36:63
20260926T000250,212630.750208,64.3560744253922,True,43,46,43:46
20260926T000250,212565.886208,64.3560744253922,True,55,48,55:48
20260926T000250,212246.10688,64.3560744253922,True,59,66,59:66
20260926T000251,213143.7888,64.3560744253922,True,6,68,6:68
20260926T000251,213071.837952,64.3560744253922,True,18,62,18:62
20260926T000251,213567.379968,64.3560744253922,True,21,47,21:47
20260926T000251,212889.887488,64.3560744253922,True,24,68,24:68
20260926T000251,214245.303296,64.3560744253922,True,27,56,27:56
20260926T000251,213086.314752,64.3560744253922,True,30,62,30:62
20260926T000251,213163.414784,64.3560744253922,True,39,57,39:57
20260926T000251,213085.819136,64.3560744253922,True,45,69,45:69
20260926T000251,213939.470848,64.3560744253922,True,51,60,51:60
20260926T000251,213276.8256,64.3560744253922,True,52,65,52:65
20260926T000251,214239.765504,64.3560744253922,True,54,55,54:55
20260926T000252,220076.659712,64.3560744253922,True,8,59,8:59
20260926T000252,214776.820224,64.3560744253922,True,11,48,11:48
20260926T000252,214714.545664,64.3560744253922,True,20,58,20:58
20260926T000252,214282.132992,64.3560744253922,True,20,59,20:59
20260926T000252,214796.153344,64.3560744253922,True,26,52,26:52
20260926T000252,229035.756032,64.3560744253922,True,32,48,32:48
20260926T000252,215036.034048,64.3560744253922,True,39,56,39:56
20260926T000252,214991.958528,64.3560744253922,True,43,45,43:45
20260926T000252,215066.412032,64.3560744253922,True,47,47,47:47
20260926T000252,231261.737472,64.3560744253922,True,56,47,56:47
20260926T000252,213831.330048,64.3560744253922,True,60,52,60:52
20260926T000253,215202.105856,64.3560744253922,True,2,57,2:57
20260926T000253,215450.78912,64.3560744253922,True,9,48,9:48
20260926T000253,216011.64928,64.3560744253922,True,12,49,12:49
20260926T000253,214918.077696,64.3560744253922,True,16,52,16:52
20260926T000253,215438.198016,64.3560744253922,True,29,65,29:65
20260926T000253,214771.608064,64.3560744253922,True,29,66,29:66
20260926T000253,214495.901952,64.3560744253922,True,32,67,32:67
20260926T000253,229244.262656,64.3560744253922,True,34,34,34:34
20260926T000253,215009.416448,64.3560744253922,True,40,57,40:57
20260926T000253,215537.775104,64.3560744253922,True,48,48,48:48
20260926T000253,215171.910912,64.3560744253922,True,49,52,49:52
20260926T000253,215297.257216,64.3560744253922,True,56,69,56:69
20260926T000253,214703.452672,64.3560744253922,True,58,52,58:52
20260926T000254,216504.744448,64.3560744253922,True,3,60,3:60
20260926T000254,221613.065984,64.3560744253922,True,5,46,5:46
20260926T000254,216640.96256,64.3560744253922,True,6,67,6:67
20260926T000254,215821.423872,64.3560744253922,True,8,67,8:67
20260926T000254,215892.726016,64.3560744253922,True,14,58,14:58
20260926T000254,215701.402112,64.3560744253922,True,15,67,15:67
20260926T000254,216586.2912,64.3560744253922,True,35,56,35:56
20260926T000254,216917.676288,64.3560744253922,True,50,56,50:56
20260926T000254,215728.597504,64.3560744253922,True,51,61,51:61
20260926T000254,220225.157888,64.3560744253922,True,61,60,61:60
20260926T000255,217469.730304,64.3560744253922,True,1,57,1:57
20260926T000255,216094.00064,64.3560744253922,True,4,70,4:70
20260926T000255,215893.686528,64.3560744253922,True,10,68,10:68
20260926T000255,217238.395904,64.3560744253922,True,11,49,11:49
20260926T000255,217584.309504,64.3560744253922,True,13,63,13:63
20260926T000255,224518.563072,64.3560744253922,True,15,58,15:58
20260926T000255,215563.540992,64.3560744253922,True,22,53,22:53
20260926T000255,215890.59072,64.3560744253922,True,26,53,26:53
20260926T000255,217164.838144,64.3560744253922,True,27,57,27:57
20260926T000255,215659.833088,64.3560744253922,True,36,64,36:64
20260926T000255,215572.642816,64.3560744253922,True,37,70,37:70
20260926T000255,217213.703424,64.3560744253922,True,38,53,38:53
20260926T000255,216264.635392,64.3560744253922,True,44,66,44:66
20260926T000255,217586.92096,64.3560744253922,True,61,65,61:65
20260926T000256,236938.952192,64.3560744253922,True,2,38,2:38
20260926T000256,217154.942208,64.3560744253922,True,2,58,2:58
20260926T000256,217342.770688,64.3560744253922,True,4,69,4:69
20260926T000256,217952.831488,64.3560744253922,True,5,51,5:51
20260926T000256,217884.653312,64.3560744253922,True,7,49,7:49
20260926T000256,218537.840384,64.3560744253922,True,8,66,8:66
20260926T000256,218128.273152,64.3560744253922,True,28,65,28:65
20260926T000256,218050.618624,64.3560744253922,True,34,46,34:46
20260926T000256,217010.44096,64.3560744253922,True,35,57,35:57
20260926T000256,217328.7424,64.3560744253922,True,42,55,42:55
20260926T000256,217840.01152,64.3560744253922,True,44,65,44:65
20260926T000256,234700.60672,64.3560744253922,True,53,46,53:46
20260926T000256,218388.074496,64.3560744253922,True,54,56,54:56
20260926T000256,216385.61152,64.3560744253922,True,56,70,56:70
20260926T000257,217793.193216,64.3560744253922,True,12,50,12:50
20260926T000257,218690.787584,64.3560744253922,True,17,55,17:55
20260926T000257,218175.59424,64.3560744253922,True,19,48,19:48
20260926T000257,218633.702144,64.3560744253922,True,23,58,23:58
20260926T000257,218672.22016,64.3560744253922,True,25,67,25:67
20260926T000257,217664.717824,64.3560744253922,True,25,68,25:68
20260926T000257,217700.930816,64.3560744253922,True,32,68,32:68
20260926T000257,218798.920192,64.3560744253922,True,34,47,34:47
20260926T000257,224376.195584,64.3560744253922,True,36,57,36:57
20260926T000257,219320.917504,64.3560744253922,True,37,69,37:69
20260926T000257,217412.172544,64.3560744253922,True,49,53,49:53
20260926T000257,218383.665408,64.3560744253922,True,55,49,55:49
20260926T000258,218913.963008,64.3560744253922,True,6,69,6:69
20260926T000258,219497.827072,64.3560744253922,True,10,67,10:67
20260926T000258,219088.316928,64.3560744253922,True,11,50,11:50
20260926T000258,218300.934656,64.3560744253922,True,23,60,23:60
20260926T000258,218852.148992,64.3560744253922,True,24,69,24:69
20260926T000258,237665.752832,64.3560744253922,True,27,38,27:38
20260926T000258,218899.44192,64.3560744253922,True,41,51,41:51
20260926T000258,224080.400384,64.3560744253922,True,50,52,50:52
20260926T000258,218848.168704,64.3560744253922,True,55,50,55:50
20260926T000258,218559.103744,64.3560744253922,True,58,53,58:53
20260926T000258,220338.303232,64.3560744253922,True,59,67,59:67
20260926T000258,219233.577472,64.3560744253922,True,60,53,60:53
20260926T000258,219791.946496,64.3560744253922,True,63,61,63:61
20260926T000258,218188.627456,64.3560744253922,True,63,62,63:62
20260926T000259,218997.284096,64.3560744253922,True,1,59,1:59
20260926T000259,219380.591616,64.3560744253922,True,3,61,3:61
20260926T000259,220547.147776,64.3560744253922,True,5,52,5:52
20260926T000259,220717.59616,64.3560744253922,True,9,49,9:49
20260926T000259,219608.39424,64.3560744253922,True,13,65,13:65
20260926T000259,220002.059008,64.3560744253922,True,15,69,15:69
20260926T000259,219459.940864,64.3560744253922,True,17,56,17:56
20260926T000259,219645.563392,64.3560744253922,True,32,69,32:69
20260926T000259,219641.059328,64.3560744253922,True,33,53,33:53
20260926T000259,220624.482816,64.3560744253922,True,38,54,38:54
20260926T000259,220393.866496,64.3560744253922,True,46,67,46:67
20260926T000259,220473.955328,64.3560744253922,True,47,48,47:48
20260926T000259,220281.659136,64.3560744253922,True,53,67,53:67
20260926T000259,220890.46656,64.3560744253922,True,54,57,54:57
20260926T000259,220940.337408,64.3560744253922,True,57,48,57:48
20260926T000259,219046.58944,64.3560744253922,True,57,49,57:49
20260926T000300,220868.409344,64.3560744253922,True,1,58,1:58
20260926T000300,220332.052736,64.3560744253922,True,14,60,14:60
20260926T000300,220437.769216,64.3560744253922,True,18,64,18:64
20260926T000300,220603.212288,64.3560744253922,True,19,49,19:49
20260926T000300,221385.425408,64.3560744253922,True,27,58,27:58
20260926T000300,220441.118208,64.3560744253922,True,30,64,30:64
20260926T000300,220300.05248,64.3560744253922,True,35,58,35:58
20260926T000300,239429.699072,64.3560744253922,True,38,36,38:36
20260926T000301,222609.363968,64.3560744253922,True,0,59,0:59
20260926T000301,220969.548032,64.3560744253922,True,0,60,0:60
20260926T000301,221187.323904,64.3560744253922,True,12,51,12:51
20260926T000301,222403.117824,64.3560744253922,True,13,64,13:64
20260926T000301,243071.541248,64.3560744253922,True,17,35,17:35
20260926T000301,221738.670848,64.3560744253922,True,21,48,21:48
20260926T000301,222179.35872,64.3560744253922,True,28,66,28:66
20260926T000301,221767.12064,64.3560744253922,True,29,67,29:67
20260926T000301,220667.32544,64.3560744253922,True,31,57,31:57
20260926T000301,222074.99136,64.3560744253922,True,44,67,44:67
20260926T000301,222084.223744,64.3560744253922,True,45,70,45:70
20260926T000301,221499.294464,64.3560744253922,True,46,69,46:69
20260926T000301,222147.669248,64.3560744253922,True,50,57,50:57
20260926T000301,221472.17536,64.3560744253922,True,51,62,51:62
20260926T000301,221846.48192,64.3560744253922,True,54,58,54:58
20260926T000301,221338.273536,64.3560744253922,True,59,68,59:68
20260926T000301,220882.062336,64.3560744253922,True,61,68,61:68
20260926T000301,221533.6896,64.3560744253922,True,62,49,62:49
20260926T000302,221805.12,64.3560744253922,True,5,53,5:53
20260926T000302,222583.660032,64.3560744253922,True,7,50,7:50
20260926T000302,222627.65312,64.3560744253922,True,8,68,8:68
20260926T000302,237541.229824,64.3560744253922,True,10,50,10:50
20260926T000302,221805.338112,64.3560744253922,True,15,70,15:70
20260926T000302,222701.126144,64.3560744253922,True,20,60,20:60
20260926T000302,222687.063808,64.3560744253922,True,23,59,23:59
20260926T000302,222405.906432,64.3560744253922,True,27,60,27:60
20260926T000302,242223.107328,64.3560744253922,True,31,37,31:37
20260926T000302,221900.328192,64.3560744253922,True,34,48,34:48
20260926T000302,222876.891648,64.3560744253922,True,37,71,37:71
20260926T000302,222854.736384,64.3560744253922,True,41,52,41:52
20260926T000302,222045.044736,64.3560744253922,True,44,68,44:68
20260926T000302,223135.838976,64.3560744253922,True,48,49,48:49
20260926T000302,221547.362304,64.3560744253922,True,60,54,60:54
20260926T000303,240009.763072,64.3560744253922,True,0,41,0:41
20260926T000303,222810.208512,64.3560744253922,True,2,59,2:59
20260926T000303,237109.075712,64.3560744253922,True,17,42,17:42
20260926T000303,223937.07264,64.3560744253922,True,30,63,30:63
20260926T000303,223646.689536,64.3560744253922,True,40,58,40:58
20260926T000303,223281.563648,64.3560744253922,True,49,54,49:54
20260926T000303,223833.806592,64.3560744253922,True,52,66,52:66
20260926T000303,222517.19296,64.3560744253922,True,55,51,55:51
20260926T000303,223512.752128,64.3560744253922,True,61,67,61:67
20260926T000304,223978.901248,64.3560744253922,True,3,63,3:63
20260926T000304,224335.457536,64.3560744253922,True,10,69,10:69
20260926T000304,223798.751744,64.3560744253922,True,25,69,25:69
20260926T000304,223516.812032,64.3560744253922,True,36,65,36:65
20260926T000304,223929.26848,64.3560744253922,True,38,55,38:55
20260926T000304,223427.454208,64.3560744253922,True,39,60,39:60
20260926T000304,224147.280896,64.3560744253922,True,42,57,42:57
20260926T000304,223547.985152,64.3560744253922,True,43,48,43:48
20260926T000304,224335.293952,64.3560744253922,True,45,71,45:71
20260926T000304,223464.651264,64.3560744253922,True,45,72,45:72
20260926T000304,223309.786112,64.3560744253922,True,63,63,63:63
20260926T000305,223943.635968,64.3560744253922,True,17,57,17:57
20260926T000305,225088.57728,64.3560744253922,True,21,49,21:49
20260926T000305,224242.664192,64.3560744253922,True,22,55,22:55
20260926T000305,225622.396928,64.3560744253922,True,28,67,28:67
20260926T000305,224185.978624,64.3560744253922,True,30,65,30:65
20260926T000305,225303.344128,64.3560744253922,True,39,59,39:59
20260926T000305,224962.040576,64.3560744253922,True,47,49,47:49
20260926T000305,225841.324032,64.3560744253922,True,50,58,50:58
20260926T000305,224671.516928,64.3560744253922,True,50,59,50:59
20260926T000305,224988.66688,64.3560744253922,True,51,63,51:63
20260926T000305,224575.875584,64.3560744253922,True,58,54,58:54
20260926T000306,225632.253952,64.3560744253922,True,0,61,0:61
20260926T000306,226267.06304,64.3560744253922,True,3,62,3:62
20260926T000306,226808.819968,64.3560744253922,True,11,51,11:51
20260926T000306,225477.159424,64.3560744253922,True,24,71,24:71
20260926T000306,225465.92128,64.3560744253922,True,27,61,27:61
20260926T000306,225853.998848,64.3560744253922,True,29,69,29:69
20260926T000306,231428.499456,64.3560744253922,True,30,58,30:58
20260926T000306,226147.491584,64.3560744253922,True,37,72,37:72
20260926T000306,226410.739456,64.3560744253922,True,40,59,40:59
20260926T000306,244999.07584,64.3560744253922,True,45,47,45:47
20260926T000306,225988.512512,64.3560744253922,True,48,50,48:50
20260926T000306,226261.882624,64.3560744253922,True,53,69,53:69
20260926T000306,225914.774272,64.3560744253922,True,56,71,56:71
20260926T000306,226665.905408,64.3560744253922,True,62,50,62:50
20260926T000307,227207.227648,64.3560744253922,True,4,71,4:71
20260926T000307,226407.383808,64.3560744253922,True,4,72,4:72
20260926T000307,226148.937984,64.3560744253922,True,7,52,7:52
20260926T000307,226867.931392,64.3560744253922,True,9,50,9:50
20260926T000307,226645.499648,64.3560744253922,True,18,66,18:66
20260926T000307,227100.073728,64.3560744253922,True,20,61,20:61
20260926T000307,226631.209216,64.3560744253922,True,20,62,20:62
20260926T000307,227089.0368,64.3560744253922,True,22,54,22:54
20260926T000307,225833.334272,64.3560744253922,True,25,70,25:70
20260926T000307,225445.51168,64.3560744253922,True,28,69,28:69
20260926T000307,246199.138048,64.3560744253922,True,32,46,32:46
20260926T000307,226722.582272,64.3560744253922,True,32,70,32:70
20260926T000307,225753.395712,64.3560744253922,True,33,55,33:55
20260926T000307,226673.32608,64.3560744253922,True,59,69,59:69
20260926T000308,227770.867968,64.3560744253922,True,6,70,6:70
20260926T000308,227985.060864,64.3560744253922,True,7,51,7:51
20260926T000308,227326.675712,64.3560744253922,True,13,67,13:67
20260926T000308,245363.54048,64.3560744253922,True,17,40,17:40
20260926T000308,227027.468544,64.3560744253922,True,28,68,28:68
20260926T000308,227710.647552,64.3560744253922,True,29,68,29:68
20260926T000308,227778.817536,64.3560744253922,True,33,54,33:54
20260926T000308,227557.401856,64.3560744253922,True,40,60,40:60
20260926T000308,243470.592768,64.3560744253922,True,44,50,44:50
20260926T000308,226248.009472,64.3560744253922,True,46,71,46:71
20260926T000308,231537.709056,64.3560744253922,True,51,59,51:59
20260926T000308,228355.201024,64.3560744253922,True,52,67,52:67
20260926T000308,227296.6016,64.3560744253922,True,59,70,59:70
20260926T000309,227952.888576,64.3560744253922,True,2,61,2:61
20260926T000309,228931.313408,64.3560744253922,True,8,69,8:69
20260926T000309,227844.627968,64.3560744253922,True,10,70,10:70
20260926T000309,228277.905408,64.3560744253922,True,11,52,11:52
20260926T000309,228760.539904,64.3560744253922,True,13,66,13:66
20260926T000309,228583.597312,64.3560744253922,True,24,70,24:70
20260926T000309,227250.493952,64.3560744253922,True,25,71,25:71
20260926T000309,228033.2544,64.3560744253922,True,31,58,31:58
20260926T000309,227280.812544,64.3560744253922,True,38,57,38:57
20260926T000309,227710.008832,64.3560744253922,True,42,58,42:58
20260926T000309,228485.30176,64.3560744253922,True,46,70,46:70
20260926T000309,228226.463744,64.3560744253922,True,50,60,50:60
20260926T000309,227780.185088,64.3560744253922,True,54,60,54:60
20260926T000309,228243.606528,64.3560744253922,True,56,72,56:72
20260926T000309,227784.88064,64.3560744253922,True,61,70,61:70
20260926T000310,228647.998464,64.3560744253922,True,0,62,0:62
20260926T000310,236076.121856,64.3560744253922,True,3,56,3:56
20260926T000310,229520.3072,64.3560744253922,True,8,70,8:70
20260926T000310,228301.532928,64.3560744253922,True,9,51,9:51
20260926T000310,228963.650304,64.3560744253922,True,16,54,16:54
20260926T000310,228646.99008,64.3560744253922,True,24,72,24:72
20260926T000310,228622.39104,64.3560744253922,True,27,62,27:62
20260926T000310,229290.147584,64.3560744253922,True,36,66,36:66
20260926T000310,228996.235008,64.3560744253922,True,37,73,37:73
20260926T000310,228214.638592,64.3560744253922,True,37,74,37:74
20260926T000310,229803.517184,64.3560744253922,True,38,56,38:56
20260926T000310,229924.751104,64.3560744253922,True,54,59,54:59
20260926T000310,228459.792384,64.3560744253922,True,63,64,63:64
20260926T000311,229292.539136,64.3560744253922,True,1,61,1:61
20260926T000311,229432.905728,64.3560744253922,True,3,65,3:65
20260926T000311,229683.309312,64.3560744253922,True,6,71,6:71
20260926T000311,229545.58848,64.3560744253922,True,14,62,14:62
20260926T000311,229715.26272,64.3560744253922,True,15,72,15:72
20260926T000311,230188.325632,64.3560744253922,True,26,55,26:55
20260926T000311,229527.066624,64.3560744253922,True,31,59,31:59
20260926T000311,230634.984704,64.3560744253922,True,35,59,35:59
20260926T000311,229371.297536,64.3560744253922,True,44,70,44:70
20260926T000311,229947.980544,64.3560744253922,True,47,50,47:50
20260926T000311,230049.05472,64.3560744253922,True,57,50,57:50
20260926T000311,230106.646016,64.3560744253922,True,61,69,61:69
20260926T000312,231151.028992,64.3560744253922,True,1,60,1:60
20260926T000312,231063.802624,64.3560744253922,True,4,73,4:73
20260926T000312,230235.423488,64.3560744253922,True,18,67,18:67
20260926T000312,230038.846208,64.3560744253922,True,19,51,19:51
20260926T000312,230799.626496,64.3560744253922,True,40,61,40:61
20260926T000312,230199.95008,64.3560744253922,True,41,54,41:54
20260926T000312,230940.125184,64.3560744253922,True,45,73,45:73
20260926T000312,230752.652032,64.3560744253922,True,60,55,60:55
20260926T000313,232172.580864,64.3560744253922,True,3,64,3:64
20260926T000313,231092.99584,64.3560744253922,True,9,52,9:52
20260926T000313,238864.584704,64.3560744253922,True,14,54,14:54
20260926T000313,232407.181056,64.3560744253922,True,19,50,19:50
20260926T000313,231974.763776,64.3560744253922,True,21,50,21:50
20260926T000313,230691.291392,64.3560744253922,True,47,51,47:51
20260926T000313,232201.330944,64.3560744253922,True,51,64,51:64
20260926T000313,231144.838144,64.3560744253922,True,52,69,52:69
20260926T000313,232097.135104,64.3560744253922,True,53,70,53:70
20260926T000313,231106.86208,64.3560744253922,True,58,56,58:56
20260926T000314,237394.1952,64.3560744253922,True,5,50,5:50
20260926T000314,232680.685312,64.3560744253922,True,5,54,5:54
20260926T000314,231665.020672,64.3560744253922,True,5,55,5:55
20260926T000314,232761.012736,64.3560744253922,True,10,71,10:71
20260926T000314,232629.7856,64.3560744253922,True,12,52,12:52
20260926T000314,232602.271232,64.3560744253922,True,12,53,12:53
20260926T000314,232040.109312,64.3560744253922,True,13,68,13:68
20260926T000314,232722.320128,64.3560744253922,True,15,71,15:71
20260926T000314,232337.120768,64.3560744253922,True,16,55,16:55
20260926T000314,231434.638848,64.3560744253922,True,17,59,17:59
20260926T000314,237176.112128,64.3560744253922,True,26,51,26:51
20260926T000314,233160.785664,64.3560744253922,True,34,49,34:49
20260926T000314,231846.48576,64.3560744253922,True,50,61,50:61
20260926T000314,232963.249664,64.3560744253922,True,55,52,55:52
20260926T000315,232709.973248,64.3560744253922,True,1,62,1:62
20260926T000315,232721.694464,64.3560744253922,True,4,74,4:74
20260926T000315,233270.83136,64.3560744253922,True,8,71,8:71
20260926T000315,233366.088448,64.3560744253922,True,22,56,22:56
20260926T000315,232645.08032,64.3560744253922,True,25,72,25:72
20260926T000315,241928.695552,64.3560744253922,True,26,48,26:48
20260926T000315,233739.483648,64.3560744253922,True,29,70,29:70
20260926T000315,233384.388096,64.3560744253922,True,30,66,30:66
20260926T000315,232384.206848,64.3560744253922,True,42,59,42:59
20260926T000315,234104.270848,64.3560744253922,True,59,71,59:71
20260926T000315,232566.99264,64.3560744253922,True,59,72,59:72
20260926T000315,233146.560512,64.3560744253922,True,60,56,60:56
20260926T000315,233025.684224,64.3560744253922,True,62,52,62:52
20260926T000316,233892.479488,64.3560744253922,True,8,72,8:72
20260926T000316,233882.642688,64.3560744253922,True,17,58,17:58
20260926T000316,233169.75744,64.3560744253922,True,18,69,18:69
20260926T000316,233932.45952,64.3560744253922,True,20,63,20:63
20260926T000316,234014.861312,64.3560744253922,True,23,62,23:62
20260926T000316,235042.236928,64.3560744253922,True,26,56,26:56
20260926T000316,233679.767296,64.3560744253922,True,26,57,26:57
20260926T000316,233997.957376,64.3560744253922,True,33,56,33:56
20260926T000316,234290.166272,64.3560744253922,True,36,67,36:67
20260926T000316,233136.527104,64.3560744253922,True,38,58,38:58
20260926T000316,234196.346624,64.3560744253922,True,39,61,39:61
20260926T000316,233677.299712,64.3560744253922,True,43,50,43:50
20260926T000316,234829.937664,64.3560744253922,True,48,51,48:51
20260926T000316,234662.822912,64.3560744253922,True,51,65,51:65
20260926T000316,233122.202624,64.3560744253922,True,52,70,52:70
20260926T000316,233864.192,64.3560744253922,True,53,72,53:72
20260926T000316,233957.89952,64.3560744253922,True,55,53,55:53
20260926T000316,233957.123328,64.3560744253922,True,56,74,56:74
20260926T000316,253784.721408,64.3560744253922,True,63,42,63:42
20260926T000317,234086.176,64.3560744253922,True,6,73,6:73
20260926T000317,240317.178112,64.3560744253922,True,7,48,7:48
20260926T000317,234402.368256,64.3560744253922,True,11,54,11:54
20260926T000317,234890.97472,64.3560744253922,True,15,73,15:73
20260926T000317,234607.779328,64.3560744253922,True,21,51,21:51
20260926T000317,234836.731904,64.3560744253922,True,29,71,29:71
20260926T000317,235054.307328,64.3560744253922,True,32,71,32:71
20260926T000317,235588.943616,64.3560744253922,True,35,60,35:60
20260926T000317,234554.253568,64.3560744253922,True,44,71,44:71
20260926T000317,250868.143872,64.3560744253922,True,55,38,55:38
20260926T000318,236205.284352,64.3560744253922,True,11,53,11:53
20260926T000318,234520.08832,64.3560744253922,True,25,73,25:73
20260926T000318,235801.575168,64.3560744253922,True,31,60,31:60
20260926T000318,235703.03104,64.3560744253922,True,34,50,34:50
20260926T000318,236167.236352,64.3560744253922,True,43,49,43:49
20260926T000318,236053.852672,64.3560744253922,True,45,74,45:74
20260926T000318,236636.532736,64.3560744253922,True,49,56,49:56
20260926T000318,235419.221248,64.3560744253922,True,54,61,54:61
20260926T000318,234815.98848,64.3560744253922,True,61,72,61:72
20260926T000319,236920.589568,64.3560744253922,True,7,53,7:53
20260926T000319,242952.654336,64.3560744253922,True,28,63,28:63
20260926T000319,235998.002432,64.3560744253922,True,32,73,32:73
20260926T000319,235921.584384,64.3560744253922,True,45,75,45:75
20260926T000319,235964.48,64.3560744253922,True,50,62,50:62
20260926T000319,235918.674944,64.3560744253922,True,53,73,53:73
20260926T000319,236428.066816,64.3560744253922,True,61,71,61:71
20260926T000319,235328.958464,64.3560744253922,True,62,53,62:53
20260926T000319,236778.429696,64.3560744253922,True,63,65,63:65
20260926T000320,236804.790784,64.3560744253922,True,0,64,0:64
20260926T000320,236815.865344,64.3560744253922,True,16,56,16:56
20260926T000320,237460.846848,64.3560744253922,True,20,64,20:64
20260926T000320,238150.080512,64.3560744253922,True,24,73,24:73
20260926T000320,245527.358208,64.3560744253922,True,29,61,29:61
20260926T000320,237434.311424,64.3560744253922,True,29,72,29:72
20260926T000320,236889.24416,64.3560744253922,True,35,61,35:61
20260926T000320,237089.859328,64.3560744253922,True,41,55,41:55
20260926T000320,237210.061824,64.3560744253922,True,48,52,48:52
20260926T000320,236946.731008,64.3560744253922,True,52,71,52:71
20260926T000321,238141.649152,64.3560744253922,True,0,63,0:63
20260926T000321,238743.83232,64.3560744253922,True,2,62,2:62
20260926T000321,237262.08768,64.3560744253922,True,2,63,2:63
20260926T000321,238007.982336,64.3560744253922,True,5,56,5:56
20260926T000321,238380.566528,64.3560744253922,True,7,54,7:54
20260926T000321,237700.072704,64.3560744253922,True,11,55,11:55
20260926T000321,242467.094784,64.3560744253922,True,14,59,14:59
20260926T000321,237821.060352,64.3560744253922,True,15,74,15:74
20260926T000321,237946.767616,64.3560744253922,True,23,63,23:63
20260926T000321,237087.56608,64.3560744253922,True,27,64,27:64
20260926T000321,237518.745088,64.3560744253922,True,35,62,35:62
20260926T000321,238779.913216,64.3560744253922,True,40,62,40:62
20260926T000321,237624.638208,64.3560744253922,True,54,62,54:62
20260926T000321,237174.318848,64.3560744253922,True,55,54,55:54
20260926T000321,237998.721792,64.3560744253922,True,56,75,56:75
20260926T000321,237688.388096,64.3560744253922,True,59,73,59:73
20260926T000322,238084.414208,64.3560744253922,True,10,73,10:73
20260926T000322,238156.96512,64.3560744253922,True,14,64,14:64
20260926T000322,238622.671872,64.3560744253922,True,19,52,19:52
20260926T000322,239178.245888,64.3560744253922,True,24,74,24:74
20260926T000322,239035.461376,64.3560744253922,True,28,71,28:71
20260926T000322,239448.673792,64.3560744253922,True,37,76,37:76
20260926T000322,239257.070336,64.3560744253922,True,39,62,39:62
20260926T000322,237763.396864,64.3560744253922,True,45,76,45:76
20260926T000322,238080.387328,64.3560744253922,True,56,76,56:76
20260926T000322,238744.09728,64.3560744253922,True,58,57,58:57
20260926T000323,239424.099328,64.3560744253922,True,7,55,7:55
20260926T000323,240138.89024,64.3560744253922,True,10,72,10:72
20260926T000323,240162.728448,64.3560744253922,True,12,54,12:54
20260926T000323,240419.872,64.3560744253922,True,13,69,13:69
20260926T000323,239341.96864,64.3560744253922,True,17,60,17:60
20260926T000323,239821.141504,64.3560744253922,True,18,70,18:70
20260926T000323,240013.545728,64.3560744253922,True,33,57,33:57
20260926T000323,240071.314176,64.3560744253922,True,36,68,36:68
20260926T000323,260609.614592,64.3560744253922,True,40,40,40:40
20260926T000323,239463.244288,64.3560744253922,True,51,67,51:67
20260926T000323,240163.29216,64.3560744253922,True,60,57,60:57
20260926T000324,240734.081536,64.3560744253922,True,3,66,3:66
20260926T000324,241311.541504,64.3560744253922,True,6,74,6:74
20260926T000324,241300.671232,64.3560744253922,True,14,63,14:63
20260926T000324,248630.532352,64.3560744253922,True,20,56,20:56
20260926T000324,240309.343232,64.3560744253922,True,20,65,20:65
20260926T000324,240612.005888,64.3560744253922,True,28,72,28:72
20260926T000324,240871.770624,64.3560744253922,True,43,51,43:51
20260926T000324,239604.157184,64.3560744253922,True,44,72,44:72
20260926T000324,240543.091712,64.3560744253922,True,46,73,46:73
20260926T000324,240538.98752,64.3560744253922,True,47,52,47:52
20260926T000324,240632.460032,64.3560744253922,True,49,57,49:57
20260926T000324,240765.029632,64.3560744253922,True,51,66,51:66
20260926T000324,241344.407296,64.3560744253922,True,57,52,57:52
20260926T000324,240055.513856,64.3560744253922,True,61,74,61:74
20260926T000324,239788.729344,64.3560744253922,True,62,54,62:54
20260926T000324,241032.513536,64.3560744253922,True,63,66,63:66
20260926T000324,239646.48192,64.3560744253922,True,63,67,63:67
20260926T000325,262365.8816,64.3560744253922,True,1,41,1:41
20260926T000325,241544.305408,64.3560744253922,True,13,70,13:70
20260926T000325,240523.784704,64.3560744253922,True,13,71,13:71
20260926T000325,241940.401408,64.3560744253922,True,30,68,30:68
20260926T000325,241568.851968,64.3560744253922,True,39,63,39:63
20260926T000325,240545.023232,64.3560744253922,True,46,74,46:74
20260926T000325,241009.520896,64.3560744253922,True,61,73,61:73
20260926T000326,242941.737728,64.3560744253922,True,8,73,8:73
20260926T000326,241471.067392,64.3560744253922,True,19,53,19:53
20260926T000326,241977.390336,64.3560744253922,True,22,58,22:58
20260926T000326,242212.56448,64.3560744253922,True,29,73,29:73
20260926T000326,241673.421824,64.3560744253922,True,30,69,30:69
20260926T000326,261347.566592,64.3560744253922,True,33,39,33:39
20260926T000326,241604.88448,64.3560744253922,True,33,58,33:58
20260926T000326,242170.150656,64.3560744253922,True,34,51,34:51
20260926T000326,242172.283648,64.3560744253922,True,40,63,40:63
20260926T000326,242322.232576,64.3560744253922,True,50,63,50:63
20260926T000326,241421.821696,64.3560744253922,True,52,72,52:72
20260926T000326,241715.00672,64.3560744253922,True,59,75,59:75
20260926T000326,248977.685504,64.3560744253922,True,63,60,63:60
20260926T000327,243498.111744,64.3560744253922,True,3,67,3:67
20260926T000327,242760.724224,64.3560744253922,True,6,75,6:75
20260926T000327,242806.375424,64.3560744253922,True,16,57,16:57
20260926T000327,251065.61664,64.3560744253922,True,20,57,20:57
20260926T000327,242609.162496,64.3560744253922,True,22,59,22:59
20260926T000327,243881.120512,64.3560744253922,True,23,64,23:64
20260926T000327,243105.44512,64.3560744253922,True,24,75,24:75
20260926T000327,243740.672768,64.3560744253922,True,36,69,36:69
20260926T000327,242319.358976,64.3560744253922,True,40,64,40:64
20260926T000327,250532.805888,64.3560744253922,True,44,64,44:64
20260926T000327,242418.408192,64.3560744253922,True,55,55,55:55
20260926T000328,243962.805248,64.3560744253922,True,1,63,1:63
20260926T000328,243041.354496,64.3560744253922,True,3,68,3:68
20260926T000328,243547.223296,64.3560744253922,True,17,61,17:61
20260926T000328,243615.668736,64.3560744253922,True,18,71,18:71
20260926T000328,243183.754496,64.3560744253922,True,21,53,21:53
20260926T000328,251412.778752,64.3560744253922,True,22,51,22:51
20260926T000328,244592.076288,64.3560744253922,True,25,74,25:74
20260926T000328,244258.78528,64.3560744253922,True,37,77,37:77
20260926T000328,244345.650688,64.3560744253922,True,53,74,53:74
20260926T000328,244608.99584,64.3560744253922,True,59,74,59:74
20260926T000329,252224.595968,64.3560744253922,True,0,57,0:57
20260926T000329,244189.619712,64.3560744253922,True,5,58,5:58
20260926T000329,244498.536704,64.3560744253922,True,15,75,15:75
20260926T000329,244317.485312,64.3560744253922,True,20,66,20:66
20260926T000329,244630.07744,64.3560744253922,True,25,75,25:75
20260926T000329,244869.729536,64.3560744253922,True,26,59,26:59
20260926T000329,244866.132736,64.3560744253922,True,29,74,29:74
20260926T000329,244791.685376,64.3560744253922,True,31,62,31:62
20260926T000329,244402.043648,64.3560744253922,True,35,63,35:63
20260926T000329,244059.130624,64.3560744253922,True,39,64,39:64
20260926T000329,245097.287424,64.3560744253922,True,47,53,47:53
20260926T000329,244390.503936,64.3560744253922,True,56,77,56:77
20260926T000330,245434.301184,64.3560744253922,True,2,64,2:64
20260926T000330,245072.856832,64.3560744253922,True,6,76,6:76
20260926T000330,245316.495104,64.3560744253922,True,6,77,6:77
20260926T000330,245951.346176,64.3560744253922,True,10,74,10:74
20260926T000330,245383.565568,64.3560744253922,True,13,72,13:72
20260926T000330,245546.860544,64.3560744253922,True,14,65,14:65
20260926T000330,266134.895616,64.3560744253922,True,15,50,15:50
20260926T000330,245566.472192,64.3560744253922,True,28,73,28:73
20260926T000330,245130.558208,64.3560744253922,True,29,75,29:75
20260926T000330,251965.918208,64.3560744253922,True,33,52,33:52
20260926T000330,245730.686464,64.3560744253922,True,36,70,36:70
20260926T000330,245593.65504,64.3560744253922,True,38,60,38:60
20260926T000330,246457.783808,64.3560744253922,True,49,58,49:58
20260926T000330,245276.726272,64.3560744253922,True,51,68,51:68
20260926T000331,245799.175168,64.3560744253922,True,0,66,0:66
20260926T000331,246536.546304,64.3560744253922,True,23,65,23:65
20260926T000331,246183.182336,64.3560744253922,True,41,57,41:57
20260926T000331,246931.871232,64.3560744253922,True,54,63,54:63
20260926T000331,246178.653696,64.3560744253922,True,58,58,58:58
20260926T000331,245463.287808,64.3560744253922,True,58,59,58:59
20260926T000331,245675.339008,64.3560744253922,True,59,76,59:76
20260926T000331,247191.000064,64.3560744253922,True,60,58,60:58
20260926T000331,262228.421376,64.3560744253922,True,62,40,62:40
20260926T000331,246012.710144,64.3560744253922,True,63,68,63:68
20260926T000332,247485.133568,64.3560744253922,True,5,57,5:57
20260926T000332,247138.468096,64.3560744253922,True,16,58,16:58
20260926T000332,263577.599488,64.3560744253922,True,23,48,23:48
20260926T000332,246288.617728,64.3560744253922,True,25,76,25:76
20260926T000332,247526.04288,64.3560744253922,True,32,74,32:74
20260926T000332,246755.782656,64.3560744253922,True,36,71,36:71
20260926T000332,247367.97312,64.3560744253922,True,44,73,44:73
20260926T000332,246990.963968,64.3560744253922,True,52,73,52:73
20260926T000333,248230.605568,64.3560744253922,True,0,65,0:65
20260926T000333,247700.576768,64.3560744253922,True,2,65,2:65
20260926T000333,247352.6336,64.3560744253922,True,3,69,3:69
20260926T000333,248542.017792,64.3560744253922,True,27,65,27:65
20260926T000333,247581.77792,64.3560744253922,True,30,70,30:70
20260926T000333,248118.39488,64.3560744253922,True,37,78,37:78
20260926T000333,248232.90496,64.3560744253922,True,40,65,40:65
20260926T000333,247712.323072,64.3560744253922,True,48,54,48:54
20260926T000333,253625.089792,64.3560744253922,True,53,68,53:68
20260926T000334,249601.361664,64.3560744253922,True,8,75,8:75
20260926T000334,248413.705728,64.3560744253922,True,12,56,12:56
20260926T000334,248860.449024,64.3560744253922,True,21,54,21:54
20260926T000334,249950.238464,64.3560744253922,True,24,76,24:76
20260926T000334,248733.422336,64.3560744253922,True,32,75,32:75
20260926T000334,249273.631488,64.3560744253922,True,33,59,33:59
20260926T000334,248976.983808,64.3560744253922,True,34,52,34:52
20260926T000334,248730.417408,64.3560744253922,True,38,61,38:61
20260926T000334,249013.890816,64.3560744253922,True,45,77,45:77
20260926T000334,248968.596224,64.3560744253922,True,50,64,50:64
20260926T000334,248313.50016,64.3560744253922,True,54,64,54:64
20260926T000334,248198.639616,64.3560744253922,True,55,56,55:56
20260926T000335,250032.067328,64.3560744253922,True,4,77,4:77
20260926T000335,249663.442944,64.3560744253922,True,9,54,9:54
20260926T000335,250104.150016,64.3560744253922,True,10,75,10:75
20260926T000335,249711.26912,64.3560744253922,True,11,57,11:57
20260926T000335,250033.3632,64.3560744253922,True,18,72,18:72
20260926T000335,249621.779968,64.3560744253922,True,23,66,23:66
20260926T000335,249696.420352,64.3560744253922,True,24,77,24:77
20260926T000335,249590.951424,64.3560744253922,True,36,72,36:72
20260926T000335,250105.679104,64.3560744253922,True,47,54,47:54
20260926T000335,249221.773056,64.3560744253922,True,63,69,63:69
20260926T000336,250422.108672,64.3560744253922,True,4,78,4:78
20260926T000336,250208.74752,64.3560744253922,True,5,59,5:59
20260926T000336,250843.257088,64.3560744253922,True,19,54,19:54
20260926T000336,249914.432512,64.3560744253922,True,30,71,30:71
20260926T000336,249999.977728,64.3560744253922,True,35,64,35:64
20260926T000336,256742.160896,64.3560744253922,True,46,68,46:68
20260926T000336,250839.003136,64.3560744253922,True,49,59,49:59
20260926T000336,250588.956928,64.3560744253922,True,57,54,57:54
20260926T000336,250624.757504,64.3560744253922,True,60,59,60:59
20260926T000336,250671.0784,64.3560744253922,True,61,76,61:76
20260926T000337,251649.641984,64.3560744253922,True,8,76,8:76
20260926T000337,252078.748672,64.3560744253922,True,14,66,14:66
20260926T000337,251380.529664,64.3560744253922,True,15,77,15:77
20260926T000337,251255.435008,64.3560744253922,True,20,67,20:67
20260926T000337,252127.69408,64.3560744253922,True,42,61,42:61
20260926T000337,251117.72672,64.3560744253922,True,45,78,45:78
20260926T000337,250863.795968,64.3560744253922,True,53,76,53:76
20260926T000337,255850.65216,64.3560744253922,True,56,73,56:73
20260926T000337,251719.252736,64.3560744253922,True,61,75,61:75
20260926T000338,252263.136512,64.3560744253922,True,10,76,10:76
20260926T000338,251368.543488,64.3560744253922,True,14,67,14:67
20260926T000338,252032.401664,64.3560744253922,True,23,67,23:67
20260926T000338,252175.575808,64.3560744253922,True,31,63,31:63
20260926T000338,251904.33664,64.3560744253922,True,37,80,37:80
20260926T000338,258519.51488,64.3560744253922,True,39,58,39:58
20260926T000338,252055.68384,64.3560744253922,True,42,62,42:62
20260926T000338,252750.352896,64.3560744253922,True,46,75,46:75
20260926T000338,252240.237056,64.3560744253922,True,56,79,56:79
20260926T000338,252216.885248,64.3560744253922,True,59,77,59:77
20260926T000339,253102.637824,64.3560744253922,True,8,77,8:77
20260926T000339,260513.648384,64.3560744253922,True,18,63,18:63
20260926T000339,253315.116032,64.3560744253922,True,25,77,25:77
20260926T000339,253022.140672,64.3560744253922,True,32,76,32:76
20260926T000339,253263.121408,64.3560744253922,True,33,60,33:60
20260926T000339,253040.752384,64.3560744253922,True,41,58,41:58
20260926T000339,252808.618496,64.3560744253922,True,44,74,44:74
20260926T000339,253090.24384,64.3560744253922,True,52,74,52:74
20260926T000340,253817.903104,64.3560744253922,True,12,57,12:57
20260926T000340,253983.273728,64.3560744253922,True,20,68,20:68
20260926T000340,254240.10496,64.3560744253922,True,28,74,28:74
20260926T000340,253476.173312,64.3560744253922,True,34,53,34:53
20260926T000340,253818.356736,64.3560744253922,True,39,66,39:66
20260926T000340,253995.919104,64.3560744253922,True,50,65,50:65
20260926T000340,254504.931072,64.3560744253922,True,51,69,51:69
20260926T000341,254144.0448,64.3560744253922,True,3,70,3:70
20260926T000341,255013.831936,64.3560744253922,True,6,78,6:78
20260926T000341,255068.54144,64.3560744253922,True,11,58,11:58
20260926T000341,255036.646144,64.3560744253922,True,17,62,17:62
20260926T000341,275113.17248,64.3560744253922,True,22,41,22:41
20260926T000341,255061.592832,64.3560744253922,True,26,61,26:61
20260926T000341,254291.839232,64.3560744253922,True,28,75,28:75
20260926T000341,255247.885056,64.3560744253922,True,29,76,29:76
20260926T000341,255253.445632,64.3560744253922,True,40,66,40:66
20260926T000341,255120.113408,64.3560744253922,True,60,60,60:60
20260926T000341,262986.601216,64.3560744253922,True,61,66,61:66
20260926T000342,256299.172608,64.3560744253922,True,13,73,13:73
20260926T000342,255804.552704,64.3560744253922,True,16,59,16:59
20260926T000342,256169.952256,64.3560744253922,True,24,78,24:78
20260926T000342,255398.61376,64.3560744253922,True,26,62,26:62
20260926T000342,273507.388928,64.3560744253922,True,36,52,36:52
20260926T000342,255398.940672,64.3560744253922,True,46,77,46:77
20260926T000342,255284.13056,64.3560744253922,True,48,55,48:55
20260926T000343,255892.258048,64.3560744253922,True,0,68,0:68
20260926T000343,256978.246912,64.3560744253922,True,1,66,1:66
20260926T000343,256501.80224,64.3560744253922,True,10,77,10:77
20260926T000343,255828.713216,64.3560744253922,True,17,63,17:63
20260926T000343,272529.142784,64.3560744253922,True,18,53,18:53
20260926T000343,256747.638272,64.3560744253922,True,21,55,21:55
20260926T000343,256595.066112,64.3560744253922,True,35,65,35:65
20260926T000343,256778.316288,64.3560744253922,True,49,60,49:60
20260926T000343,256137.446656,64.3560744253922,True,57,55,57:55
20260926T000343,256860.921088,64.3560744253922,True,58,60,58:60
20260926T000343,256274.88768,64.3560744253922,True,60,61,60:61
20260926T000343,256548.066304,64.3560744253922,True,61,77,61:77
20260926T000344,257595.622912,64.3560744253922,True,0,67,0:67
20260926T000344,257655.06304,64.3560744253922,True,15,78,15:78
20260926T000344,257740.131328,64.3560744253922,True,18,74,18:74
20260926T000344,257553.244672,64.3560744253922,True,29,77,29:77
20260926T000344,256953.37344,64.3560744253922,True,32,77,32:77
20260926T000344,256899.574016,64.3560744253922,True,34,54,34:54
20260926T000344,256923.787008,64.3560744253922,True,38,62,38:62
20260926T000344,257104.344832,64.3560744253922,True,43,54,43:54
20260926T000344,257322.102784,64.3560744253922,True,44,75,44:75
20260926T000344,258182.4448,64.3560744253922,True,45,79,45:79
20260926T000344,256679.779328,64.3560744253922,True,54,66,54:66
20260926T000344,257697.213184,64.3560744253922,True,62,56,62:56
20260926T000344,257367.026432,64.3560744253922,True,63,70,63:70
20260926T000345,258659.858944,64.3560744253922,True,4,79,4:79
20260926T000345,258370.426112,64.3560744253922,True,14,68,14:68
20260926T000345,258226.737408,64.3560744253922,True,16,60,16:60
20260926T000345,257705.437696,64.3560744253922,True,19,55,19:55
20260926T000345,263201.12512,64.3560744253922,True,28,70,28:70
20260926T000345,275511.58656,64.3560744253922,True,35,48,35:48
20260926T000345,258175.483136,64.3560744253922,True,49,61,49:61
20260926T000345,258158.842112,64.3560744253922,True,50,66,50:66
20260926T000345,257774.13888,64.3560744253922,True,52,75,52:75
20260926T000345,272932.56448,64.3560744253922,True,57,42,57:42
20260926T000346,258649.651456,64.3560744253922,True,1,67,1:67
20260926T000346,258604.868864,64.3560744253922,True,3,71,3:71
20260926T000346,258866.179328,64.3560744253922,True,6,79,6:79
20260926T000346,265848.537856,64.3560744253922,True,23,61,23:61
20260926T000346,259416.608512,64.3560744253922,True,45,80,45:80
20260926T000346,258545.576192,64.3560744253922,True,47,56,47:56
20260926T000346,258628.1728,64.3560744253922,True,59,78,59:78
20260926T000347,259714.430976,64.3560744253922,True,23,68,23:68
20260926T000347,259331.686656,64.3560744253922,True,29,78,29:78
20260926T000347,260419.08736,64.3560744253922,True,30,72,30:72
20260926T000347,259355.606528,64.3560744253922,True,30,73,30:73
20260926T000347,260600.039424,64.3560744253922,True,36,73,36:73
20260926T000347,259896.84224,64.3560744253922,True,45,81,45:81
20260926T000347,259605.57312,64.3560744253922,True,50,67,50:67
20260926T000347,260365.209088,64.3560744253922,True,51,70,51:70
20260926T000347,260853.544448,64.3560744253922,True,53,77,53:77
20260926T000347,259731.892992,64.3560744253922,True,53,78,53:78
20260926T000347,260218.496768,64.3560744253922,True,55,57,55:57
20260926T000347,259977.404416,64.3560744253922,True,56,80,56:80
20260926T000347,259648.522752,64.3560744253922,True,60,62,60:62
20260926T000348,260313.957376,64.3560744253922,True,2,67,2:67
20260926T000348,261560.16384,64.3560744253922,True,5,60,5:60
20260926T000348,261279.915776,64.3560744253922,True,27,67,27:67
20260926T000348,260906.23616,64.3560744253922,True,31,65,31:65
20260926T000348,260821.30304,64.3560744253922,True,33,61,33:61
20260926T000348,261338.977792,64.3560744253922,True,40,67,40:67
20260926T000348,260545.935104,64.3560744253922,True,44,76,44:76
20260926T000349,262171.993088,64.3560744253922,True,7,58,7:58
20260926T000349,260970.075648,64.3560744253922,True,12,58,12:58
20260926T000349,262053.7984,64.3560744253922,True,13,74,13:74
20260926T000349,261291.07072,64.3560744253922,True,13,75,13:75
20260926T000349,261856.724224,64.3560744253922,True,22,61,22:61
20260926T000349,261214.992384,64.3560744253922,True,24,80,24:80
20260926T000349,269642.981376,64.3560744253922,True,26,54,26:54
20260926T000349,261183.948032,64.3560744253922,True,26,63,26:63
20260926T000349,261172.574208,64.3560744253922,True,27,68,27:68
20260926T000349,261575.154688,64.3560744253922,True,36,74,36:74
20260926T000349,262441.18272,64.3560744253922,True,37,81,37:81
20260926T000349,262176.648448,64.3560744253922,True,41,59,41:59
20260926T000349,280627.965696,64.3560744253922,True,45,57,45:57
20260926T000349,268437.744896,64.3560744253922,True,58,55,58:55
20260926T000350,270022.540544,64.3560744253922,True,2,60,2:60
20260926T000350,262667.364864,64.3560744253922,True,4,80,4:80
20260926T000350,262538.05056,64.3560744253922,True,11,59,11:59
20260926T000350,262697.669632,64.3560744253922,True,25,78,25:78
20260926T000350,262393.201152,64.3560744253922,True,28,76,28:76
20260926T000350,262531.613952,64.3560744253922,True,42,63,42:63
20260926T000351,263699.62368,64.3560744253922,True,6,80,6:80
20260926T000351,264016.835328,64.3560744253922,True,15,79,15:79
20260926T000351,264255.111168,64.3560744253922,True,20,69,20:69
20260926T000351,263646.52544,64.3560744253922,True,23,69,23:69
20260926T000351,263366.997248,64.3560744253922,True,25,79,25:79
20260926T000351,263072.387072,64.3560744253922,True,36,75,36:75
20260926T000351,263620.893184,64.3560744253922,True,37,82,37:82
20260926T000351,263833.19936,64.3560744253922,True,39,67,39:67
20260926T000351,267286.675456,64.3560744253922,True,42,60,42:60
20260926T000351,262597.9776,64.3560744253922,True,46,79,46:79
20260926T000351,262960.397312,64.3560744253922,True,52,76,52:76
20260926T000351,263864.623616,64.3560744253922,True,57,56,57:56
20260926T000351,262889.737984,64.3560744253922,True,62,57,62:57
20260926T000352,263886.470656,64.3560744253922,True,1,68,1:68
20260926T000352,264514.676224,64.3560744253922,True,4,81,4:81
20260926T000352,264496.871936,64.3560744253922,True,8,78,8:78
20260926T000352,263630.938624,64.3560744253922,True,8,79,8:79
20260926T000352,264808.11008,64.3560744253922,True,10,78,10:78
20260926T000352,269796.793344,64.3560744253922,True,18,68,18:68
20260926T000352,269440.779264,64.3560744253922,True,22,57,22:57
20260926T000352,271854.278656,64.3560744253922,True,41,53,41:53
20260926T000352,263911.7184,64.3560744253922,True,41,60,41:60
20260926T000352,264323.997696,64.3560744253922,True,58,61,58:61
20260926T000353,265069.750528,64.3560744253922,True,5,61,5:61
20260926T000353,265441.908224,64.3560744253922,True,14,69,14:69
20260926T000353,264311.215616,64.3560744253922,True,15,80,15:80
20260926T000353,265369.617664,64.3560744253922,True,19,56,19:56
20260926T000353,265274.01216,64.3560744253922,True,20,70,20:70
20260926T000353,265202.35008,64.3560744253922,True,22,62,22:62
20260926T000353,264907.56736,64.3560744253922,True,34,55,34:55
20260926T000353,265139.268864,64.3560744253922,True,38,64,38:64
20260926T000353,265436.544512,64.3560744253922,True,40,68,40:68
20260926T000353,264717.0624,64.3560744253922,True,44,77,44:77
20260926T000354,266451.522048,64.3560744253922,True,0,69,0:69
20260926T000354,265214.714368,64.3560744253922,True,13,76,13:76
20260926T000354,271688.4544,64.3560744253922,True,27,63,27:63
20260926T000354,271258.596608,64.3560744253922,True,32,72,32:72
20260926T000354,265054.889216,64.3560744253922,True,32,79,32:79
20260926T000354,266016.338432,64.3560744253922,True,35,66,35:66
20260926T000354,265414.42048,64.3560744253922,True,45,82,45:82
20260926T000354,266349.251328,64.3560744253922,True,51,71,51:71
20260926T000354,266003.338752,64.3560744253922,True,51,72,51:72
20260926T000354,266500.742656,64.3560744253922,True,63,71,63:71
20260926T000355,266539.902208,64.3560744253922,True,10,79,10:79
20260926T000355,267075.8528,64.3560744253922,True,16,61,16:61
20260926T000355,266221.288448,64.3560744253922,True,28,77,28:77
20260926T000355,266683.99232,64.3560744253922,True,30,74,30:74
20260926T000355,266461.406464,64.3560744253922,True,37,83,37:83
20260926T000355,266352.73728,64.3560744253922,True,40,69,40:69
20260926T000355,267536.23424,64.3560744253922,True,43,55,43:55
20260926T000355,272879.912704,64.3560744253922,True,46,72,46:72
20260926T000355,267205.887744,64.3560744253922,True,49,62,49:62
20260926T000355,273945.695744,64.3560744253922,True,52,68,52:68
20260926T000355,266007.944704,64.3560744253922,True,56,82,56:82
20260926T000355,266326.554624,64.3560744253922,True,63,72,63:72
20260926T000356,267129.983488,64.3560744253922,True,7,59,7:59
20260926T000356,268050.329856,64.3560744253922,True,9,56,9:56
20260926T000356,267179.232768,64.3560744253922,True,15,81,15:81
20260926T000356,267522.352384,64.3560744253922,True,29,79,29:79
20260926T000356,268081.269504,64.3560744253922,True,31,66,31:66
20260926T000356,267414.100224,64.3560744253922,True,47,57,47:57
20260926T000356,267711.631872,64.3560744253922,True,53,79,53:79
20260926T000356,267145.698816,64.3560744253922,True,57,57,57:57
20260926T000356,268140.839424,64.3560744253922,True,61,79,61:79
20260926T000357,269012.07424,64.3560744253922,True,11,60,11:60
20260926T000357,268873.622528,64.3560744253922,True,18,76,18:76
20260926T000357,267866.586112,64.3560744253922,True,18,77,18:77
20260926T000357,268444.075264,64.3560744253922,True,21,57,21:57
20260926T000357,268029.976832,64.3560744253922,True,32,80,32:80
20260926T000357,269430.252544,64.3560744253922,True,33,62,33:62
20260926T000357,274728.047872,64.3560744253922,True,37,75,37:75
20260926T000357,267854.7968,64.3560744253922,True,38,65,38:65
20260926T000357,273088.363776,64.3560744253922,True,48,53,48:53
20260926T000357,268770.01984,64.3560744253922,True,54,67,54:67
20260926T000357,268783.875328,64.3560744253922,True,55,58,55:58
20260926T000357,268591.323392,64.3560744253922,True,58,62,58:62
20260926T000358,274634.692096,64.3560744253922,True,9,53,9:53
20260926T000358,269729.818112,64.3560744253922,True,12,59,12:59
20260926T000358,269043.478784,64.3560744253922,True,19,57,19:57
20260926T000358,268789.242112,64.3560744253922,True,20,71,20:71
20260926T000358,272852.887296,64.3560744253922,True,37,79,37:79
20260926T000358,274862.490112,64.3560744253922,True,38,59,38:59
20260926T000358,269291.40096,64.3560744253922,True,39,69,39:69
20260926T000358,269257.631488,64.3560744253922,True,46,80,46:80
20260926T000358,286787.307264,64.3560744253922,True,58,45,58:45
20260926T000359,269875.237376,64.3560744253922,True,0,70,0:70
20260926T000359,270626.8352,64.3560744253922,True,2,68,2:68
20260926T000359,270727.558912,64.3560744253922,True,3,72,3:72
20260926T000359,276523.826176,64.3560744253922,True,4,75,4:75
20260926T000359,270075.085312,64.3560744253922,True,8,80,8:80
20260926T000359,269754.895872,64.3560744253922,True,23,70,23:70
20260926T000359,270071.675392,64.3560744253922,True,25,80,25:80
20260926T000359,275623.274496,64.3560744253922,True,26,58,26:58
20260926T000359,270025.202688,64.3560744253922,True,27,69,27:69
20260926T000359,269593.551104,64.3560744253922,True,31,67,31:67
20260926T000359,270659.318784,64.3560744253922,True,35,67,35:67
20260926T000359,270051.684352,64.3560744253922,True,54,68,54:68
20260926T000359,270222.893568,64.3560744253922,True,55,59,55:59
20260926T000359,270398.95424,64.3560744253922,True,59,80,59:80
20260926T000400,290690.848768,64.3560744253922,True,2,48,2:48
20260926T000400,271513.092608,64.3560744253922,True,6,81,6:81
20260926T000400,275649.383424,64.3560744253922,True,11,56,11:56
20260926T000400,270492.27008,64.3560744253922,True,12,60,12:60
20260926T000400,270857.025536,64.3560744253922,True,17,65,17:65
20260926T000400,276851.76576,64.3560744253922,True,21,52,21:52
20260926T000400,270688.209152,64.3560744253922,True,25,81,25:81
20260926T000400,271912.106752,64.3560744253922,True,26,64,26:64
20260926T000400,271368.23168,64.3560744253922,True,42,64,42:64
20260926T000400,285776.539904,64.3560744253922,True,43,43,43:43
20260926T000400,270517.9264,64.3560744253922,True,46,81,46:81
20260926T000400,270931.493632,64.3560744253922,True,53,80,53:80
20260926T000400,289670.031104,64.3560744253922,True,59,57,59:57
20260926T000400,270546.726144,64.3560744253922,True,61,80,61:80
20260926T000401,272584.812544,64.3560744253922,True,1,69,1:69
20260926T000401,271506.07104,64.3560744253922,True,7,60,7:60
20260926T000401,272021.129216,64.3560744253922,True,26,65,26:65
20260926T000401,289919.19616,64.3560744253922,True,27,50,27:50
20260926T000401,271689.107968,64.3560744253922,True,29,80,29:80
20260926T000401,271885.273088,64.3560744253922,True,35,68,35:68
20260926T000401,271370.2848,64.3560744253922,True,36,77,36:77
20260926T000401,276240.338688,64.3560744253922,True,43,52,43:52
20260926T000401,272320.15744,64.3560744253922,True,50,68,50:68
20260926T000401,271729.485056,64.3560744253922,True,59,81,59:81
20260926T000402,272372.980736,64.3560744253922,True,3,73,3:73
20260926T000402,272949.004032,64.3560744253922,True,4,82,4:82
20260926T000402,272935.565056,64.3560744253922,True,6,82,6:82
20260926T000402,273372.182784,64.3560744253922,True,9,57,9:57
20260926T000402,272972.16512,64.3560744253922,True,11,61,11:61
20260926T000402,271976.671232,64.3560744253922,True,20,72,20:72
20260926T000402,272503.735296,64.3560744253922,True,34,56,34:56
20260926T000402,272890.172928,64.3560744253922,True,40,70,40:70
20260926T000402,276462.096384,64.3560744253922,True,47,55,47:55
20260926T000402,272577.635584,64.3560744253922,True,51,73,51:73
20260926T000402,272792.403456,64.3560744253922,True,60,64,60:64
20260926T000402,272681.573888,64.3560744253922,True,62,58,62:58
20260926T000403,273397.379072,64.3560744253922,True,0,71,0:71
20260926T000403,274015.375616,64.3560744253922,True,5,62,5:62
20260926T000403,273296.088832,64.3560744253922,True,10,81,10:81
20260926T000403,273115.266816,64.3560744253922,True,11,62,11:62
20260926T000403,273003.958784,64.3560744253922,True,13,78,13:78
20260926T000403,273745.054464,64.3560744253922,True,28,78,28:78
20260926T000403,274355.475968,64.3560744253922,True,33,63,33:63
20260926T000403,273762.926848,64.3560744253922,True,44,78,44:78
20260926T000403,281262.823936,64.3560744253922,True,57,51,57:51
20260926T000403,272981.63712,64.3560744253922,True,62,59,62:59
20260926T000404,274179.960576,64.3560744253922,True,4,83,4:83
20260926T000404,275368.954368,64.3560744253922,True,10,80,10:80
20260926T000404,274471.203072,64.3560744253922,True,13,77,13:77
20260926T000404,274542.950912,64.3560744253922,True,21,58,21:58
20260926T000404,291296.977664,64.3560744253922,True,35,51,35:51
20260926T000404,274837.172736,64.3560744253922,True,37,84,37:84
20260926T000404,295029.61536,64.3560744253922,True,41,43,41:43
20260926T000404,278640.982784,64.3560744253922,True,43,53,43:53
20260926T000404,274271.130112,64.3560744253922,True,45,83,45:83
20260926T000404,274632.106496,64.3560744253922,True,47,58,47:58
20260926T000404,275086.438656,64.3560744253922,True,49,63,49:63
20260926T000404,274869.28896,64.3560744253922,True,56,83,56:83
20260926T000404,274013.847296,64.3560744253922,True,58,63,58:63
20260926T000404,273953.98144,64.3560744253922,True,61,81,61:81
20260926T000405,274948.03328,64.3560744253922,True,2,69,2:69
20260926T000405,275089.967872,64.3560744253922,True,9,58,9:58
20260926T000405,275296.922368,64.3560744253922,True,27,70,27:70
20260926T000405,274726.293248,64.3560744253922,True,28,79,28:79
20260926T000405,275401.464576,64.3560744253922,True,30,75,30:75
20260926T000405,274745.657344,64.3560744253922,True,36,78,36:78
20260926T000405,275067.863808,64.3560744253922,True,37,85,37:85
20260926T000405,278746.799616,64.3560744253922,True,46,76,46:76
20260926T000405,274465.830144,64.3560744253922,True,46,82,46:82
20260926T000406,275284.196608,64.3560744253922,True,5,63,5:63
20260926T000406,275551.949824,64.3560744253922,True,6,83,6:83
20260926T000406,275699.18208,64.3560744253922,True,8,82,8:82
20260926T000406,275985.285888,64.3560744253922,True,19,58,19:58
20260926T000406,275580.715264,64.3560744253922,True,29,81,29:81
20260926T000406,279775.067392,64.3560744253922,True,31,64,31:64
20260926T000406,275215.521792,64.3560744253922,True,31,68,31:68
20260926T000406,276610.16832,64.3560744253922,True,42,65,42:65
20260926T000406,277192.197376,64.3560744253922,True,43,56,43:56
20260926T000406,276802.309632,64.3560744253922,True,48,57,48:57
20260926T000406,276163.734528,64.3560744253922,True,52,78,52:78
20260926T000407,276678.268928,64.3560744253922,True,0,72,0:72
20260926T000407,276778.512896,64.3560744253922,True,3,74,3:74
20260926T000407,276667.976704,64.3560744253922,True,15,82,15:82
20260926T000407,277239.45088,64.3560744253922,True,17,66,17:66
20260926T000407,276335.172608,64.3560744253922,True,39,71,39:71
20260926T000407,276732.740608,64.3560744253922,True,40,71,40:71
20260926T000407,276831.258624,64.3560744253922,True,50,70,50:70
20260926T000407,276936.960512,64.3560744253922,True,52,79,52:79
20260926T000407,276573.954304,64.3560744253922,True,56,84,56:84
20260926T000407,277152.944384,64.3560744253922,True,60,65,60:65
20260926T000407,277037.073408,64.3560744253922,True,63,73,63:73
20260926T000408,278159.977216,64.3560744253922,True,1,70,1:70
20260926T000408,276658.07488,64.3560744253922,True,1,71,1:71
20260926T000408,276665.473792,64.3560744253922,True,12,61,12:61
20260926T000408,278346.7456,64.3560744253922,True,14,71,14:71
20260926T000408,278250.106368,64.3560744253922,True,24,83,24:83
20260926T000408,277931.628032,64.3560744253922,True,33,64,33:64
20260926T000408,277753.408256,64.3560744253922,True,34,57,34:57
20260926T000408,277793.294592,64.3560744253922,True,35,69,35:69
20260926T000408,277239.651072,64.3560744253922,True,42,66,42:66
20260926T000408,277500.98304,64.3560744253922,True,44,79,44:79
20260926T000408,277724.505344,64.3560744253922,True,48,58,48:58
20260926T000408,277120.70272,64.3560744253922,True,51,74,51:74
20260926T000408,277583.489024,64.3560744253922,True,57,59,57:59
20260926T000409,278565.190912,64.3560744253922,True,2,70,2:70
20260926T000409,285110.009088,64.3560744253922,True,12,55,12:55
20260926T000409,278518.931456,64.3560744253922,True,16,63,16:63
20260926T000409,278853.702912,64.3560744253922,True,39,70,39:70
20260926T000409,284586.95296,64.3560744253922,True,41,56,41:56
20260926T000409,279063.415296,64.3560744253922,True,45,84,45:84
20260926T000409,278753.923328,64.3560744253922,True,53,81,53:81
20260926T000409,278287.899648,64.3560744253922,True,53,83,53:83
20260926T000409,278407.261952,64.3560744253922,True,59,82,59:82
20260926T000409,278444.445952,64.3560744253922,True,61,82,61:82
20260926T000410,279190.70208,64.3560744253922,True,10,83,10:83
20260926T000410,279928.56832,64.3560744253922,True,23,71,23:71
20260926T000410,279441.99424,64.3560744253922,True,25,82,25:82
20260926T000410,279508.992768,64.3560744253922,True,38,66,38:66
20260926T000410,278483.22688,64.3560744253922,True,39,72,39:72
20260926T000410,279070.676736,64.3560744253922,True,41,62,41:62
20260926T000410,279216.850176,64.3560744253922,True,42,67,42:67
20260926T000410,279786.616064,64.3560744253922,True,43,57,43:57
20260926T000410,278772.97024,64.3560744253922,True,45,85,45:85
20260926T000410,279782.530304,64.3560744253922,True,54,69,54:69
20260926T000410,279913.613056,64.3560744253922,True,58,64,58:64
20260926T000411,279228.262912,64.3560744253922,True,2,71,2:71
20260926T000411,280746.784256,64.3560744253922,True,4,84,4:84
20260926T000411,280291.584512,64.3560744253922,True,10,82,10:82
20260926T000411,280701.889792,64.3560744253922,True,18,78,18:78
20260926T000411,280378.574592,64.3560744253922,True,20,73,20:73
20260926T000411,279904.28672,64.3560744253922,True,23,72,23:72
20260926T000411,280542.280448,64.3560744253922,True,27,71,27:71
20260926T000411,279688.423936,64.3560744253922,True,38,67,38:67
20260926T000411,279302.014464,64.3560744253922,True,43,58,43:58
20260926T000411,279932.17408,64.3560744253922,True,54,70,54:70
20260926T000411,280548.725248,64.3560744253922,True,55,60,55:60
20260926T000412,280738.12864,64.3560744253922,True,7,61,7:61
20260926T000412,300108.788992,64.3560744253922,False,10,60,10:60
20260926T000412,282044.747776,64.3560744253922,True,22,64,22:64
20260926T000412,280207.017984,64.3560744253922,True,27,72,27:72
20260926T000412,281682.27968,64.3560744253922,True,30,76,30:76
20260926T000412,280601.50528,64.3560744253922,True,30,77,30:77
20260926T000412,300266.48704,64.3560744253922,False,47,42,47:42
20260926T000412,300024.036864,64.3560744253922,False,55,43,55:43
20260926T000412,300008.113152,64.3560744253922,False,56,60,56:60
20260926T000412,280730.829568,64.3560744253922,True,60,66,60:66
20260926T000412,281664.395264,64.3560744253922,True,63,74,63:74
20260926T000413,297414.89664,64.3560744253922,True,14,56,14:56
20260926T000413,282134.675456,64.3560744253922,True,15,83,15:83
20260926T000413,282110.39744,64.3560744253922,True,21,59,21:59
20260926T000413,282197.0112,64.3560744253922,True,26,67,26:67
20260926T000413,282271.305216,64.3560744253922,True,29,82,29:82
20260926T000413,300007.188992,64.3560744253922,False,44,60,44:60
20260926T000413,282729.693696,64.3560744253922,True,53,82,53:82
20260926T000413,282161.70624,64.3560744253922,True,56,85,56:85
20260926T000413,280983.344128,64.3560744253922,True,61,83,61:83
20260926T000414,282321.676288,64.3560744253922,True,4,85,4:85
20260926T000414,283226.145024,64.3560744253922,True,14,72,14:72
20260926T000414,282442.672384,64.3560744253922,True,17,67,17:67
20260926T000414,281705.472768,64.3560744253922,True,18,80,18:80
20260926T000414,282740.450816,64.3560744253922,True,20,74,20:74
20260926T000414,282318.193152,64.3560744253922,True,26,68,26:68
20260926T000414,282628.127488,64.3560744253922,True,35,70,35:70
20260926T000414,282677.079808,64.3560744253922,True,36,79,36:79
20260926T000414,282278.161408,64.3560744253922,True,42,68,42:68
20260926T000414,282272.89856,64.3560744253922,True,46,83,46:83
20260926T000414,283182.306304,64.3560744253922,True,50,71,50:71
20260926T000414,282862.289152,64.3560744253922,True,58,65,58:65
20260926T000414,282548.670464,64.3560744253922,True,62,60,62:60
20260926T000415,300024.477952,64.3560744253922,False,0,55,0:55
20260926T000415,283189.489408,64.3560744253922,True,5,64,5:64
20260926T000415,284143.756288,64.3560744253922,True,6,84,6:84
20260926T000415,284094.33472,64.3560744253922,True,11,63,11:63
20260926T000415,289930.226944,64.3560744253922,True,15,76,15:76
20260926T000415,283354.579712,64.3560744253922,True,15,84,15:84
20260926T000415,283690.267648,64.3560744253922,True,22,65,22:65
20260926T000415,283575.90912,64.3560744253922,True,24,84,24:84
20260926T000415,283875.945472,64.3560744253922,True,25,83,25:83
20260926T000415,300029.1072,64.3560744253922,False,31,52,31:52
20260926T000415,283562.144768,64.3560744253922,True,32,83,32:83
20260926T000415,300081.41696,64.3560744253922,False,37,65,37:65
20260926T000415,284417.224192,64.3560744253922,True,37,86,37:86
20260926T000415,300106.308352,64.3560744253922,False,45,66,45:66
20260926T000415,283439.719936,64.3560744253922,True,45,86,45:86
20260926T000415,283160.345856,64.3560744253922,True,46,84,46:84
20260926T000415,284059.517696,64.3560744253922,True,52,80,52:80
20260926T000415,282663.624192,64.3560744253922,True,52,81,52:81
20260926T000415,283307.304704,64.3560744253922,True,59,83,59:83
20260926T000415,283399.883008,64.3560744253922,True,62,61,62:61
20260926T000416,284440.223488,64.3560744253922,True,0,73,0:73
20260926T000416,283320.585216,64.3560744253922,True,3,76,3:76
20260926T000416,284944.311296,64.3560744253922,True,8,83,8:83
20260926T000416,284490.09792,64.3560744253922,True,9,59,9:59
20260926T000416,283818.271744,64.3560744253922,True,12,62,12:62
20260926T000416,284806.435584,64.3560744253922,True,13,79,13:79
20260926T000416,284773.35552,64.3560744253922,True,14,73,14:73
20260926T000416,284438.967552,64.3560744253922,True,16,64,16:64
20260926T000416,283354.522112,64.3560744253922,True,16,65,16:65
20260926T000416,285251.807488,64.3560744253922,True,18,79,18:79
20260926T000416,284601.353472,64.3560744253922,True,33,65,33:65
20260926T000416,284079.550208,64.3560744253922,True,37,87,37:87
20260926T000416,284685.19936,64.3560744253922,True,51,75,51:75
20260926T000416,283576.714752,64.3560744253922,True,53,84,53:84
20260926T000416,284318.073856,64.3560744253922,True,57,60,57:60
20260926T000416,283891.415808,64.3560744253922,True,58,66,58:66
20260926T000416,300080.019456,64.3560744253922,False,61,63,61:63
20260926T000416,288784.141824,64.3560744253922,True,61,78,61:78
20260926T000417,285638.355968,64.3560744253922,True,3,75,3:75
20260926T000417,284031.854592,64.3560744253922,True,5,65,5:65
20260926T000417,284159.228672,64.3560744253922,True,14,74,14:74
20260926T000417,300052.931072,64.3560744253922,False,15,66,15:66
20260926T000417,300010.155008,64.3560744253922,False,17,54,17:54
20260926T000417,300014.560512,64.3560744253922,False,25,66,25:66
20260926T000417,284179.346944,64.3560744253922,True,28,81,28:81
20260926T000417,285563.696896,64.3560744253922,True,34,58,34:58
20260926T000417,300025.780224,64.3560744253922,False,36,61,36:61
20260926T000417,284823.625728,64.3560744253922,True,39,73,39:73
20260926T000417,285404.795392,64.3560744253922,True,40,72,40:72
20260926T000417,284800.804864,64.3560744253922,True,40,73,40:73
20260926T000417,285223.170816,64.3560744253922,True,41,63,41:63
20260926T000417,285541.815552,64.3560744253922,True,44,81,44:81
20260926T000417,285318.775296,64.3560744253922,True,47,59,47:59
20260926T000417,285526.09536,64.3560744253922,True,49,66,49:66
20260926T000417,291894.344192,64.3560744253922,True,56,78,56:78
20260926T000417,300054.915328,64.3560744253922,False,57,47,57:47
20260926T000417,284760.468224,64.3560744253922,True,59,84,59:84
20260926T000417,284197.389568,64.3560744253922,True,61,84,61:84
20260926T000418,286037.8944,64.3560744253922,True,6,85,6:85
20260926T000418,285121.284608,64.3560744253922,True,10,85,10:85
20260926T000418,285938.401024,64.3560744253922,True,11,64,11:64
20260926T000418,285032.415744,64.3560744253922,True,15,85,15:85
20260926T000418,285811.2896,64.3560744253922,True,24,86,24:86
20260926T000418,286809.935616,64.3560744253922,True,28,80,28:80
20260926T000418,285798.072576,64.3560744253922,True,29,83,29:83
20260926T000418,285632.529152,64.3560744253922,True,32,84,32:84
20260926T000418,285584.674304,64.3560744253922,True,35,71,35:71
20260926T000418,286657.613568,64.3560744253922,True,55,61,55:61
20260926T000418,285796.645632,64.3560744253922,True,56,86,56:86
20260926T000418,285888.091904,64.3560744253922,True,60,67,60:67
20260926T000419,286350.4768,64.3560744253922,True,0,74,0:74
20260926T000419,292804.814848,64.3560744253922,True,7,57,7:57
20260926T000419,300067.877888,64.3560744253922,False,15,68,15:68
20260926T000419,300020.707072,64.3560744253922,False,16,53,16:53
20260926T000419,287246.90176,64.3560744253922,True,17,68,17:68
20260926T000419,286122.777344,64.3560744253922,True,17,69,17:69
20260926T000419,287568.608768,64.3560744253922,True,19,59,19:59
20260926T000419,286747.812096,64.3560744253922,True,23,73,23:73
20260926T000419,300040.484608,64.3560744253922,False,27,59,27:59
20260926T000419,300149.646848,64.3560744253922,False,31,56,31:56
20260926T000419,287391.028992,64.3560744253922,True,31,69,31:69
20260926T000419,286447.255552,64.3560744253922,True,34,59,34:59
20260926T000419,286469.630976,64.3560744253922,True,41,64,41:64
20260926T000419,300062.059008,64.3560744253922,False,42,56,42:56
20260926T000419,300150.057216,64.3560744253922,False,43,47,43:47
20260926T000419,285773.0048,64.3560744253922,True,44,82,44:82
20260926T000419,287325.335552,64.3560744253922,True,47,60,47:60
20260926T000419,286716.794368,64.3560744253922,True,48,60,48:60
20260926T000419,285569.53984,64.3560744253922,True,50,73,50:73
20260926T000419,292928.119808,64.3560744253922,True,54,65,54:65
20260926T000419,286037.797376,64.3560744253922,True,59,86,59:86
20260926T000419,286839.039744,64.3560744253922,True,63,75,63:75
20260926T000420,287271.208704,64.3560744253922,True,9,60,9:60
20260926T000420,287432.01024,64.3560744253922,True,13,81,13:81
20260926T000420,300089.72672,64.3560744253922,False,18,65,18:65
20260926T000420,288062.190592,64.3560744253922,True,25,84,25:84
20260926T000420,286826.983424,64.3560744253922,True,32,85,32:85
20260926T000420,287466.499072,64.3560744253922,True,33,66,33:66
20260926T000420,286527.046912,64.3560744253922,True,36,81,36:81
20260926T000420,287376.303104,64.3560744253922,True,38,68,38:68
20260926T000420,292194.843136,64.3560744253922,True,39,68,39:68
20260926T000420,287047.079424,64.3560744253922,True,45,87,45:87
20260926T000420,287052.518912,64.3560744253922,True,49,67,49:67
20260926T000420,287920.419328,64.3560744253922,True,51,76,51:76
20260926T000420,287278.547968,64.3560744253922,True,52,82,52:82
20260926T000421,288393.87776,64.3560744253922,True,3,77,3:77
20260926T000421,289091.101184,64.3560744253922,True,7,62,7:62
20260926T000421,287675.203584,64.3560744253922,True,18,81,18:81
20260926T000421,287587.915776,64.3560744253922,True,18,82,18:82
20260926T000421,288441.679872,64.3560744253922,True,19,60,19:60
20260926T000421,287526.071552,64.3560744253922,True,19,61,19:61
20260926T000421,289131.020288,64.3560744253922,True,24,85,24:85
20260926T000421,288706.087936,64.3560744253922,True,27,73,27:73
20260926T000421,287968.49792,64.3560744253922,True,35,72,35:72
20260926T000421,288193.636864,64.3560744253922,True,36,80,36:80
20260926T000421,300040.795392,64.3560744253922,False,44,69,44:69
20260926T000421,287518.637568,64.3560744253922,True,44,83,44:83
20260926T000421,292746.749696,64.3560744253922,True,48,56,48:56
20260926T000421,300054.445568,64.3560744253922,False,49,55,49:55
20260926T000421,287717.104128,64.3560744253922,True,49,68,49:68
20260926T000421,288556.082176,64.3560744253922,True,50,72,50:72
20260926T000421,288302.456576,64.3560744253922,True,56,87,56:87
20260926T000421,300089.997824,64.3560744253922,False,62,51,62:51
20260926T000422,289625.172736,64.3560744253922,True,1,73,1:73
20260926T000422,288317.725952,64.3560744253922,True,4,88,4:88
20260926T000422,300072.830976,64.3560744253922,False,6,72,6:72
20260926T000422,287931.920896,64.3560744253922,True,8,86,8:86
20260926T000422,289916.26112,64.3560744253922,True,10,84,10:84
20260926T000422,288442.077952,64.3560744253922,True,11,65,11:65
20260926T000422,289059.858176,64.3560744253922,True,12,63,12:63
20260926T000422,288491.022336,64.3560744253922,True,20,77,20:77
20260926T000422,289004.180224,64.3560744253922,True,21,61,21:61
20260926T000422,288861.305088,64.3560744253922,True,29,84,29:84
20260926T000422,300047.61856,64.3560744253922,False,30,67,30:67
20260926T000422,289042.087424,64.3560744253922,True,47,61,47:61
20260926T000422,300088.160768,64.3560744253922,False,53,71,53:71
20260926T000422,288757.629952,64.3560744253922,True,54,72,54:72
20260926T000422,288075.556352,64.3560744253922,True,56,88,56:88
20260926T000422,289282.494208,64.3560744253922,True,57,61,57:61
20260926T000422,289037.46688,64.3560744253922,True,61,85,61:85
20260926T000422,288793.26592,64.3560744253922,True,62,62,62:62
20260926T000423,295757.753088,64.3560744253922,True,2,66,2:66
20260926T000423,290617.482496,64.3560744253922,True,2,72,2:72
20260926T000423,290836.08704,64.3560744253922,True,4,86,4:86
20260926T000423,289931.65056,64.3560744253922,True,6,86,6:86
20260926T000423,290246.663424,64.3560744253922,True,7,63,7:63
20260926T000423,294149.403136,64.3560744253922,True,14,70,14:70
20260926T000423,289526.845696,64.3560744253922,True,23,74,23:74
20260926T000423,290004.663552,64.3560744253922,True,26,69,26:69
20260926T000423,289149.178112,64.3560744253922,True,28,83,28:83
20260926T000423,290016.142592,64.3560744253922,True,39,74,39:74
20260926T000423,288990.008064,64.3560744253922,True,44,84,44:84
20260926T000423,289825.641984,64.3560744253922,True,46,85,46:85
20260926T000423,290209.169408,64.3560744253922,True,53,85,53:85
20260926T000423,290265.950976,64.3560744253922,True,59,85,59:85
20260926T000424,290602.993152,64.3560744253922,True,0,75,0:75
20260926T000424,300081.498368,64.3560744253922,False,4,76,4:76
20260926T000424,290964.412928,64.3560744253922,True,8,85,8:85
20260926T000424,290782.17216,64.3560744253922,True,14,75,14:75
20260926T000424,289798.550528,64.3560744253922,True,17,70,17:70
20260926T000424,289535.585536,64.3560744253922,True,19,62,19:62
20260926T000424,296896.354304,64.3560744253922,True,24,79,24:79
20260926T000424,290793.394176,64.3560744253922,True,24,87,24:87
20260926T000424,300081.65248,64.3560744253922,False,31,61,31:61
20260926T000424,291203.984128,64.3560744253922,True,37,88,37:88
20260926T000424,290461.916928,64.3560744253922,True,37,90,37:90
20260926T000424,290631.835904,64.3560744253922,True,38,69,38:69
20260926T000424,289938.912768,64.3560744253922,True,40,75,40:75
20260926T000424,291115.349504,64.3560744253922,True,54,71,54:71
20260926T000424,300065.689344,64.3560744253922,False,57,53,57:53
20260926T000424,290144.095232,64.3560744253922,True,58,67,58:67
20260926T000424,289913.334784,64.3560744253922,True,61,86,61:86
20260926T000424,289309.76256,64.3560744253922,True,62,63,62:63
20260926T000424,291072.743936,64.3560744253922,True,63,77,63:77
20260926T000425,300019.766016,64.3560744253922,False,1,64,1:64
20260926T000425,300026.444544,64.3560744253922,False,1,65,1:65
20260926T000425,291312.97408,64.3560744253922,True,1,74,1:74
20260926T000425,292504.593152,64.3560744253922,True,4,87,4:87
20260926T000425,300110.340864,64.3560744253922,False,7,56,7:56
20260926T000425,291363.739648,64.3560744253922,True,20,76,20:76
20260926T000425,297314.182912,64.3560744253922,True,21,56,21:56
20260926T000425,292005.042432,64.3560744253922,True,22,67,22:67
20260926T000425,291050.340864,64.3560744253922,True,22,68,22:68
20260926T000425,300361.604608,64.3560744253922,False,26,60,26:60
20260926T000425,291871.561216,64.3560744253922,True,30,78,30:78
20260926T000425,292216.703488,64.3560744253922,True,31,70,31:70
20260926T000425,291542.541056,64.3560744253922,True,32,86,32:86
20260926T000425,300032.584448,64.3560744253922,False,39,65,39:65
20260926T000425,291711.053312,64.3560744253922,True,42,69,42:69
20260926T000425,290968.255744,64.3560744253922,True,42,70,42:70
20260926T000425,291357.729024,64.3560744253922,True,43,60,43:60
20260926T000425,291196.3712,64.3560744253922,True,45,89,45:89
20260926T000425,290754.992128,64.3560744253922,True,47,62,47:62
20260926T000425,292015.303168,64.3560744253922,True,51,77,51:77
20260926T000425,300304.002816,64.3560744253922,False,53,75,53:75
20260926T000425,290154.099712,64.3560744253922,True,60,69,60:69
20260926T000425,300121.613056,64.3560744253922,False,62,55,62:55
20260926T000426,291575.56608,64.3560744253922,True,1,75,1:75
20260926T000426,300014.852096,64.3560744253922,False,18,73,18:73
20260926T000426,300039.607552,64.3560744253922,False,22,60,22:60
20260926T000426,293043.08352,64.3560744253922,True,25,85,25:85
20260926T000426,300033.855744,64.3560744253922,False,27,66,27:66
20260926T000426,292225.56544,64.3560744253922,True,27,74,27:74
20260926T000426,292957.649152,64.3560744253922,True,30,79,30:79
20260926T000426,291726.603264,64.3560744253922,True,37,91,37:91
20260926T000426,291524.702464,64.3560744253922,True,37,92,37:92
20260926T000426,290825.061376,64.3560744253922,True,39,76,39:76
20260926T000426,292266.724096,64.3560744253922,True,40,74,40:74
20260926T000426,292748.2048,64.3560744253922,True,45,88,45:88
20260926T000426,291982.847232,64.3560744253922,True,52,84,52:84
20260926T000426,292880.516608,64.3560744253922,True,60,68,60:68
20260926T000426,291343.00288,64.3560744253922,True,63,79,63:79
20260926T000427,292451.44704,64.3560744253922,True,2,74,2:74
20260926T000427,300002.093312,64.3560744253922,False,9,55,9:55
20260926T000427,293273.20064,64.3560744253922,True,13,82,13:82
20260926T000427,292861.501952,64.3560744253922,True,13,83,13:83
20260926T000427,300018.740224,64.3560744253922,False,18,75,18:75
20260926T000427,292838.917888,64.3560744253922,True,23,75,23:75
20260926T000427,291709.516288,64.3560744253922,True,23,76,23:76
20260926T000427,293564.06656,64.3560744253922,True,29,85,29:85
20260926T000427,291821.785856,64.3560744253922,True,29,87,29:87
20260926T000427,293165.695488,64.3560744253922,True,33,67,33:67
20260926T000427,298302.8032,64.3560744253922,True,36,76,36:76
20260926T000427,293581.274368,64.3560744253922,True,37,89,37:89
20260926T000427,300018.747648,64.3560744253922,False,38,63,38:63
20260926T000427,292891.882496,64.3560744253922,True,39,75,39:75
20260926T000427,297765.009408,64.3560744253922,True,41,61,41:61
20260926T000427,292091.954176,64.3560744253922,True,42,71,42:71
20260926T000427,300006.811392,64.3560744253922,False,46,78,46:78
20260926T000427,293099.117824,64.3560744253922,True,48,61,48:61
20260926T000427,293234.537984,64.3560744253922,True,50,74,50:74
20260926T000427,292804.832512,64.3560744253922,True,51,79,51:79
20260926T000427,293968.25984,64.3560744253922,True,52,83,52:83
20260926T000427,293082.029312,64.3560744253922,True,53,86,53:86
20260926T000427,294006.890496,64.3560744253922,True,55,63,55:63
20260926T000427,297332.670976,64.3560744253922,True,57,58,57:58
20260926T000427,292190.39616,64.3560744253922,True,61,87,61:87
20260926T000428,293421.499648,64.3560744253922,True,0,76,0:76
20260926T000428,292857.36064,64.3560744253922,True,0,77,0:77
20260926T000428,294691.593216,64.3560744253922,True,2,73,2:73
20260926T000428,292950.476544,64.3560744253922,True,2,75,2:75
20260926T000428,292964.216832,64.3560744253922,True,3,79,3:79
20260926T000428,294002.885376,64.3560744253922,True,9,61,9:61
20260926T000428,292611.909376,64.3560744253922,True,13,84,13:84
20260926T000428,294650.304256,64.3560744253922,True,16,66,16:66
20260926T000428,300089.97888,64.3560744253922,False,17,64,17:64
20260926T000428,293638.022656,64.3560744253922,True,18,83,18:83
20260926T000428,293414.965504,64.3560744253922,True,27,75,27:75
20260926T000428,293146.78784,64.3560744253922,True,29,86,29:86
20260926T000428,293907.026944,64.3560744253922,True,30,80,30:80
20260926T000428,300018.751232,64.3560744253922,False,32,78,32:78
20260926T000428,294003.504128,64.3560744253922,True,41,65,41:65
20260926T000428,292592.34176,64.3560744253922,True,41,66,41:66
20260926T000428,293356.38912,64.3560744253922,True,43,61,43:61
20260926T000428,294008.605184,64.3560744253922,True,46,86,46:86
20260926T000428,292820.781056,64.3560744253922,True,48,62,48:62
20260926T000428,300038.266112,64.3560744253922,False,56,81,56:81
20260926T000428,293217.215232,64.3560744253922,True,56,89,56:89
20260926T000428,300062.665216,64.3560744253922,False,59,79,59:79
20260926T000428,293168.937472,64.3560744253922,True,59,88,59:88
20260926T000429,293252.168448,64.3560744253922,True,5,68,5:68
20260926T000429,294695.721472,64.3560744253922,True,8,87,8:87
20260926T000429,294824.498432,64.3560744253922,True,10,86,10:86
20260926T000429,294693.687808,64.3560744253922,True,14,76,14:76
20260926T000429,293668.547584,64.3560744253922,True,14,77,14:77
20260926T000429,294788.21632,64.3560744253922,True,15,86,15:86
20260926T000429,293646.538752,64.3560744253922,True,16,67,16:67
20260926T000429,294246.525952,64.3560744253922,True,18,84,18:84
20260926T000429,294778.871296,64.3560744253922,True,21,62,21:62
20260926T000429,300054.700032,64.3560744253922,False,22,63,22:63
20260926T000429,300028.93056,64.3560744253922,False,24,81,24:81
20260926T000429,294971.765248,64.3560744253922,True,24,88,24:88
20260926T000429,294126.748928,64.3560744253922,True,33,68,33:68
20260926T000429,294466.488832,64.3560744253922,True,36,82,36:82
20260926T000429,294676.205056,64.3560744253922,True,38,70,38:70
20260926T000429,293352.00384,64.3560744253922,True,40,76,40:76
20260926T000429,294224.352512,64.3560744253922,True,46,87,46:87
20260926T000429,300057.124864,64.3560744253922,False,50,69,50:69
20260926T000429,294815.026432,64.3560744253922,True,51,78,51:78
20260926T000429,293521.049856,64.3560744253922,True,51,80,51:80
20260926T000429,295082.209536,64.3560744253922,True,54,73,54:73
20260926T000429,293302.451456,64.3560744253922,True,58,70,58:70
20260926T000429,300016.790016,64.3560744253922,False,60,63,60:63
20260926T000429,293655.998464,64.3560744253922,True,60,70,60:70
20260926T000429,293536.508928,64.3560744253922,True,61,89,61:89
20260926T000430,295519.73632,64.3560744253922,True,4,89,4:89
20260926T000430,296022.915328,64.3560744253922,True,6,88,6:88
20260926T000430,295722.105088,64.3560744253922,True,7,64,7:64
20260926T000430,293750.287104,64.3560744253922,True,7,66,7:66
20260926T000430,300018.55232,64.3560744253922,False,8,81,8:81
20260926T000430,293751.523072,64.3560744253922,True,8,89,8:89
20260926T000430,294849.971456,64.3560744253922,True,10,87,10:87
20260926T000430,294901.142784,64.3560744253922,True,10,88,10:88
20260926T000430,295830.866432,64.3560744253922,True,12,64,12:64
20260926T000430,293804.564992,64.3560744253922,True,13,85,13:85
20260926T000430,300057.02784,64.3560744253922,False,16,62,16:62
20260926T000430,294619.63264,64.3560744253922,True,17,71,17:71
20260926T000430,295553.601536,64.3560744253922,True,20,78,20:78
20260926T000430,300032.430336,64.3560744253922,False,24,82,24:82
20260926T000430,294265.022976,64.3560744253922,True,24,91,24:91
20260926T000430,295863.90016,64.3560744253922,True,25,86,25:86
20260926T000430,300010.599936,64.3560744253922,False,26,66,26:66
20260926T000430,295560.981504,64.3560744253922,True,28,84,28:84
20260926T000430,294076.246528,64.3560744253922,True,30,82,30:82
20260926T000430,300032.46208,64.3560744253922,False,32,81,32:81
20260926T000430,295145.305088,64.3560744253922,True,32,87,32:87
20260926T000430,294504.536832,64.3560744253922,True,33,69,33:69
20260926T000430,296080.454912,64.3560744253922,True,35,73,35:73
20260926T000430,294901.106432,64.3560744253922,True,38,71,38:71
20260926T000430,293499.122432,64.3560744253922,True,38,72,38:72
20260926T000430,293729.584896,64.3560744253922,True,44,86,44:86
20260926T000430,300020.653824,64.3560744253922,False,49,64,49:64
20260926T000430,293994.917632,64.3560744253922,True,54,76,54:76
20260926T000430,295532.252672,64.3560744253922,True,57,62,57:62
20260926T000430,294337.701376,64.3560744253922,True,57,63,57:63
20260926T000430,295923.839488,64.3560744253922,True,59,87,59:87
20260926T000430,294377.630976,64.3560744253922,True,61,88,61:88
20260926T000430,295379.826688,64.3560744253922,True,63,78,63:78
20260926T000431,295235.339264,64.3560744253922,True,3,80,3:80
20260926T000431,296764.575488,64.3560744253922,True,5,67,5:67
20260926T000431,296222.020864,64.3560744253922,True,9,62,9:62
20260926T000431,294385.307136,64.3560744253922,True,14,78,14:78
20260926T000431,296708.59776,64.3560744253922,True,24,89,24:89
20260926T000431,296516.39808,64.3560744253922,True,25,87,25:87
20260926T000431,295023.329024,64.3560744253922,True,27,77,27:77
20260926T000431,295058.83264,64.3560744253922,True,29,88,29:88
20260926T000431,300032.451072,64.3560744253922,False,32,82,32:82
20260926T000431,294132.4864,64.3560744253922,True,35,76,35:76
20260926T000431,295416.879872,64.3560744253922,True,37,93,37:93
20260926T000431,295749.280512,64.3560744253922,True,39,77,39:77
20260926T000431,300026.627072,64.3560744253922,False,44,80,44:80
20260926T000431,296176.235776,64.3560744253922,True,44,85,44:85
20260926T000431,295396.350208,64.3560744253922,True,45,90,45:90
20260926T000431,295142.675968,64.3560744253922,True,45,91,45:91
20260926T000431,294450.702592,64.3560744253922,True,47,64,47:64
20260926T000431,300062.378752,64.3560744253922,False,48,59,48:59
20260926T000431,300061.990656,64.3560744253922,False,49,65,49:65
20260926T000431,295128.376576,64.3560744253922,True,49,70,49:70
20260926T000431,295299.359744,64.3560744253922,True,50,76,50:76
20260926T000431,294792.313088,64.3560744253922,True,50,77,50:77
20260926T000431,296445.038848,64.3560744253922,True,52,85,52:85
20260926T000431,296893.751808,64.3560744253922,True,53,87,53:87
20260926T000431,294968.764416,64.3560744253922,True,56,91,56:91
20260926T000431,296674.652416,64.3560744253922,True,58,68,58:68
20260926T000431,294643.418624,64.3560744253922,True,58,71,58:71
20260926T000432,300038.159104,64.3560744253922,False,1,72,1:72
20260926T000432,295493.916416,64.3560744253922,True,3,81,3:81
20260926T000432,296886.413824,64.3560744253922,True,6,89,6:89
20260926T000432,296184.457472,64.3560744253922,True,6,90,6:90
20260926T000432,296661.7408,64.3560744253922,True,7,65,7:65
20260926T000432,300083.212032,64.3560744253922,False,8,84,8:84
20260926T000432,295751.753728,64.3560744253922,True,9,63,9:63
20260926T000432,294884.578304,64.3560744253922,True,9,64,9:64
20260926T000432,294609.47584,64.3560744253922,True,10,90,10:90
20260926T000432,296787.66976,64.3560744253922,True,12,65,12:65
20260926T000432,300058.208768,64.3560744253922,False,13,80,13:80
20260926T000432,296153.559808,64.3560744253922,True,18,85,18:85
20260926T000432,295183.865088,64.3560744253922,True,18,86,18:86
20260926T000432,295855.214592,64.3560744253922,True,19,63,19:63
20260926T000432,300077.661696,64.3560744253922,False,21,60,21:60
20260926T000432,296056.83712,64.3560744253922,True,21,63,21:63
20260926T000432,300068.550912,64.3560744253922,False,22,66,22:66
20260926T000432,296778.172416,64.3560744253922,True,24,90,24:90
20260926T000432,294752.600576,64.3560744253922,True,25,90,25:90
20260926T000432,296711.423744,64.3560744253922,True,26,71,26:71
20260926T000432,296143.276544,64.3560744253922,True,26,72,26:72
20260926T000432,295492.182784,64.3560744253922,True,29,89,29:89
20260926T000432,296647.728128,64.3560744253922,True,30,81,30:81
20260926T000432,295602.977792,64.3560744253922,True,30,83,30:83
20260926T000432,295456.902912,64.3560744253922,True,32,89,32:89
20260926T000432,294732.173312,64.3560744253922,True,38,73,38:73
20260926T000432,296185.821184,64.3560744253922,True,40,77,40:77
20260926T000432,297069.920768,64.3560744253922,True,50,75,50:75
20260926T000432,295346.505472,64.3560744253922,True,51,82,51:82
20260926T000432,296318.72512,64.3560744253922,True,52,86,52:86
20260926T000432,295983.366656,64.3560744253922,True,52,87,52:87
20260926T000432,296078.707456,64.3560744253922,True,54,75,54:75
20260926T000432,296914.255104,64.3560744253922,True,58,69,58:69
20260926T000432,295555.195136,64.3560744253922,True,61,90,61:90
20260926T000432,300032.770816,64.3560744253922,False,63,76,63:76
20260926T000432,296383.76704,64.3560744253922,True,63,80,63:80
20260926T000433,296477.957632,64.3560744253922,True,2,76,2:76
20260926T000433,295713.503232,64.3560744253922,True,2,77,2:77
20260926T000433,296315.274496,64.3560744253922,True,4,92,4:92
20260926T000433,295886.711808,64.3560744253922,True,7,67,7:67
20260926T000433,295576.675072,64.3560744253922,True,10,91,10:91
20260926T000433,295327.921152,64.3560744253922,True,14,79,14:79
20260926T000433,295830.689536,64.3560744253922,True,16,69,16:69
20260926T000433,300084.523776,64.3560744253922,False,20,75,20:75
20260926T000433,296975.104,64.3560744253922,True,20,79,20:79
20260926T000433,297944.665088,64.3560744253922,True,22,69,22:69
20260926T000433,297663.988736,64.3560744253922,True,25,88,25:88
20260926T000433,297317.23264,64.3560744253922,True,31,72,31:72
20260926T000433,298192.659456,64.3560744253922,True,32,88,32:88
20260926T000433,297697.86496,64.3560744253922,True,34,61,34:61
20260926T000433,300018.671104,64.3560744253922,False,43,59,43:59
20260926T000433,295698.831104,64.3560744253922,True,47,65,47:65
20260926T000433,296501.498112,64.3560744253922,True,48,63,48:63
20260926T000433,295441.646592,64.3560744253922,True,49,72,49:72
20260926T000433,297642.307328,64.3560744253922,True,54,74,54:74
20260926T000433,295268.163584,64.3560744253922,True,54,77,54:77
20260926T000433,300101.394176,64.3560744253922,False,55,62,55:62
20260926T000433,296021.211648,64.3560744253922,True,55,67,55:67
20260926T000434,297432.014848,64.3560744253922,True,0,78,0:78
20260926T000434,300096.064512,64.3560744253922,False,3,78,3:78
20260926T000434,300379.79904,64.3560744253922,False,5,66,5:66
20260926T000434,296545.475072,64.3560744253922,True,5,69,5:69
20260926T000434,300279.313152,64.3560744253922,False,6,87,6:87
20260926T000434,296330.335488,64.3560744253922,True,6,92,6:92
20260926T000434,298140.176384,64.3560744253922,True,8,88,8:88
20260926T000434,296306.432768,64.3560744253922,True,9,65,9:65
20260926T000434,297434.743552,64.3560744253922,True,10,89,10:89
20260926T000434,300029.936896,64.3560744253922,False,11,66,11:66
20260926T000434,298059.955712,64.3560744253922,True,11,68,11:68
20260926T000434,298726.963456,64.3560744253922,True,15,88,15:88
20260926T000434,296505.97632,64.3560744253922,True,16,70,16:70
20260926T000434,297086.512384,64.3560744253922,True,21,64,21:64
20260926T000434,298200.315648,64.3560744253922,True,23,77,23:77
20260926T000434,297335.42528,64.3560744253922,True,24,92,24:92
20260926T000434,300011.594752,64.3560744253922,False,26,70,26:70
20260926T000434,300370.680064,64.3560744253922,False,28,82,28:82
20260926T000434,300024.916224,64.3560744253922,False,31,71,31:71
20260926T000434,297859.853312,64.3560744253922,True,31,73,31:73
20260926T000434,297635.216896,64.3560744253922,True,33,70,33:70
20260926T000434,300068.156416,64.3560744253922,False,34,60,34:60
20260926T000434,299009.822464,64.3560744253922,True,36,83,36:83
20260926T000434,295765.2864,64.3560744253922,True,41,69,41:69
20260926T000434,298181.391872,64.3560744253922,True,43,62,43:62
20260926T000434,297310.579712,64.3560744253922,True,43,63,43:63
20260926T000434,298671.008,64.3560744253922,True,46,88,46:88
20260926T000434,298105.486848,64.3560744253922,True,46,89,46:89
20260926T000434,298547.330304,64.3560744253922,True,53,88,53:88
20260926T000434,296076.039168,64.3560744253922,True,53,91,53:91
20260926T000434,300055.362048,64.3560744253922,False,55,64,55:64
20260926T000434,298761.287936,64.3560744253922,True,56,90,56:90
20260926T000434,298661.705472,64.3560744253922,True,59,89,59:89
20260926T000434,296235.351552,64.3560744253922,True,63,83,63:83
20260926T000435,297284.844032,64.3560744253922,True,0,79,0:79
20260926T000435,297003.74784,64.3560744253922,True,0,80,0:80
20260926T000435,299433.434112,64.3560744253922,True,1,76,1:76
20260926T000435,297427.458048,64.3560744253922,True,1,78,1:78
20260926T000435,300021.129728,64.3560744253922,False,4,90,4:90
20260926T000435,298606.648832,64.3560744253922,True,6,91,6:91
20260926T000435,297399.057408,64.3560744253922,True,7,68,7:68
20260926T000435,300053.689856,64.3560744253922,False,11,67,11:67
20260926T000435,299175.457024,64.3560744253922,True,12,66,12:66
20260926T000435,297934.156288,64.3560744253922,True,13,86,13:86
20260926T000435,300057.586176,64.3560744253922,False,15,87,15:87
20260926T000435,298945.552384,64.3560744253922,True,16,68,16:68
20260926T000435,298883.912448,64.3560744253922,True,17,72,17:72
20260926T000435,297345.155328,64.3560744253922,True,21,65,21:65
20260926T000435,297724.301824,64.3560744253922,True,22,71,22:71
20260926T000435,296849.952768,64.3560744253922,True,24,94,24:94
20260926T000435,299337.041408,64.3560744253922,True,28,85,28:85
20260926T000435,300027.786496,64.3560744253922,False,35,74,35:74
20260926T000435,299110.15168,64.3560744253922,True,35,75,35:75
20260926T000435,297912.41728,64.3560744253922,True,39,79,39:79
20260926T000435,298846.372864,64.3560744253922,True,41,67,41:67
20260926T000435,296995.631616,64.3560744253922,True,44,88,44:88
20260926T000435,297843.700992,64.3560744253922,True,45,93,45:93
20260926T000435,300033.924352,64.3560744253922,False,47,63,47:63
20260926T000435,298017.927168,64.3560744253922,True,50,78,50:78
20260926T000435,298047.970048,64.3560744253922,True,52,88,52:88
20260926T000435,300011.952384,64.3560744253922,False,55,65,55:65
20260926T000435,297605.92896,64.3560744253922,True,56,92,56:92
20260926T000435,297338.675712,64.3560744253922,True,60,72,60:72
20260926T000436,300031.547904,64.3560744253922,False,4,91,4:91
20260926T000436,299069.311744,64.3560744253922,True,11,69,11:69
20260926T000436,300097.646848,64.3560744253922,False,15,89,15:89
20260926T000436,299013.584128,64.3560744253922,True,15,90,15:90
20260926T000436,297482.689792,64.3560744253922,True,17,75,17:75
20260926T000436,299073.164544,64.3560744253922,True,23,78,23:78
20260926T000436,300046.082304,64.3560744253922,False,25,89,25:89
20260926T000436,300013.746176,64.3560744253922,False,27,76,27:76
20260926T000436,299211.954944,64.3560744253922,True,28,86,28:86
20260926T000436,300008.468224,64.3560744253922,False,34,62,34:62
20260926T000436,298870.153216,64.3560744253922,True,35,77,35:77
20260926T000436,300085.866752,64.3560744253922,False,36,84,36:84
20260926T000436,299194.980096,64.3560744253922,True,36,85,36:85
20260926T000436,297343.72736,64.3560744253922,True,37,96,37:96
20260926T000436,299212.288768,64.3560744253922,True,39,78,39:78
20260926T000436,298212.41216,64.3560744253922,True,40,79,40:79
20260926T000436,300029.618944,64.3560744253922,False,42,72,42:72
20260926T000436,297959.234816,64.3560744253922,True,44,89,44:89
20260926T000436,299028.201984,64.3560744253922,True,45,92,45:92
20260926T000436,297472.299776,64.3560744253922,True,49,73,49:73
20260926T000436,296976.172544,64.3560744253922,True,50,79,50:79
20260926T000436,300092.880128,64.3560744253922,False,51,81,51:81
20260926T000436,300013.612288,64.3560744253922,False,53,89,53:89
20260926T000436,300017.170944,64.3560744253922,False,55,66,55:66
20260926T000436,297873.704704,64.3560744253922,True,57,65,57:65
20260926T000436,299854.367488,64.3560744253922,True,60,71,60:71
20260926T000436,300022.172416,64.3560744253922,False,62,64,62:64
20260926T000437,300042.2336,64.3560744253922,False,1,77,1:77
20260926T000437,298610.748416,64.3560744253922,True,3,83,3:83
20260926T000437,297951.085056,64.3560744253922,True,6,94,6:94
20260926T000437,299380.546816,64.3560744253922,True,8,90,8:90
20260926T000437,297932.497664,64.3560744253922,True,9,66,9:66
20260926T000437,298248.361216,64.3560744253922,True,11,71,11:71
20260926T000437,300027.46112,64.3560744253922,False,12,67,12:67
20260926T000437,299757.938176,64.3560744253922,True,13,87,13:87
20260926T000437,297854.7072,64.3560744253922,True,14,81,14:81
20260926T000437,299253.198592,64.3560744253922,True,15,91,15:91
20260926T000437,300033.345792,64.3560744253922,False,17,73,17:73
20260926T000437,299340.928512,64.3560744253922,True,18,87,18:87
20260926T000437,300008.44032,64.3560744253922,False,19,64,19:64
20260926T000437,300075.51232,64.3560744253922,False,20,80,20:80
20260926T000437,299764.236544,64.3560744253922,True,20,81,20:81
20260926T000437,300061.641216,64.3560744253922,False,22,70,22:70
20260926T000437,299187.354368,64.3560744253922,True,23,79,23:79
20260926T000437,298910.043904,64.3560744253922,True,25,91,25:91
20260926T000437,300029.868288,64.3560744253922,False,26,73,26:73
20260926T000437,299548.140544,64.3560744253922,True,27,78,27:78
20260926T000437,300054.964736,64.3560744253922,False,32,90,32:90
20260926T000437,300068.753408,64.3560744253922,False,33,71,33:71
20260926T000437,298558.742784,64.3560744253922,True,34,64,34:64
20260926T000437,299780.987648,64.3560744253922,True,37,94,37:94
20260926T000437,298793.998592,64.3560744253922,True,37,95,37:95
20260926T000437,298155.425792,64.3560744253922,True,38,74,38:74
20260926T000437,300025.511424,64.3560744253922,False,40,78,40:78
20260926T000437,300010.906368,64.3560744253922,False,41,68,41:68
20260926T000437,299398.526208,64.3560744253922,True,42,73,42:73
20260926T000437,300032.012032,64.3560744253922,False,44,87,44:87
20260926T000437,298169.669888,64.3560744253922,True,44,90,44:90
20260926T000437,300066.411264,64.3560744253922,False,46,90,46:90
20260926T000437,300060.429824,64.3560744253922,False,49,71,49:71
20260926T000437,300037.554432,64.3560744253922,False,53,90,53:90
20260926T000437,297639.53024,64.3560744253922,True,55,69,55:69
20260926T000437,298759.5264,64.3560744253922,True,56,93,56:93
20260926T000437,300027.675136,64.3560744253922,False,57,64,57:64
20260926T000437,300067.33184,64.3560744253922,False,59,90,59:90
20260926T000437,298624.9344,64.3560744253922,True,61,92,61:92
20260926T000437,300073.330688,64.3560744253922,False,62,65,62:65
20260926T000437,300031.69152,64.3560744253922,False,63,81,63:81
20260926T000437,300037.664,64.3560744253922,False,63,82,63:82
20260926T000438,300050.234368,64.3560744253922,False,1,79,1:79
20260926T000438,300043.159552,64.3560744253922,False,2,78,2:78
20260926T000438,300042.390784,64.3560744253922,False,3,82,3:82
20260926T000438,300036.983552,64.3560744253922,False,4,93,4:93
20260926T000438,298207.07968,64.3560744253922,True,4,95,4:95
20260926T000438,299842.847744,64.3560744253922,True,5,70,5:70
20260926T000438,300068.6016,64.3560744253922,False,8,91,8:91
20260926T000438,299488.182528,64.3560744253922,True,8,92,8:92
20260926T000438,300014.62272,64.3560744253922,False,11,70,11:70
20260926T000438,300030.781952,64.3560744253922,False,12,68,12:68
20260926T000438,299667.073536,64.3560744253922,True,13,88,13:88
20260926T000438,300026.285824,64.3560744253922,False,17,74,17:74
20260926T000438,298876.907264,64.3560744253922,True,18,88,18:88
20260926T000438,300037.136128,64.3560744253922,False,19,65,19:65
20260926T000438,299172.80896,64.3560744253922,True,20,82,20:82
20260926T000438,300032.621568,64.3560744253922,False,24,93,24:93
20260926T000438,298166.485504,64.3560744253922,True,24,96,24:96
20260926T000438,300014.11584,64.3560744253922,False,26,74,26:74
20260926T000438,299239.109632,64.3560744253922,True,27,79,27:79
20260926T000438,298189.211904,64.3560744253922,True,27,80,27:80
20260926T000438,299925.191424,64.3560744253922,True,28,87,28:87
20260926T000438,300050.7968,64.3560744253922,False,29,90,29:90
20260926T000438,300045.073664,64.3560744253922,False,30,84,30:84
20260926T000438,300074.135808,64.3560744253922,False,31,74,31:74
20260926T000438,300035.384576,64.3560744253922,False,32,91,32:91
20260926T000438,299164.460288,64.3560744253922,True,32,92,32:92
20260926T000438,300013.740288,64.3560744253922,False,33,72,33:72
20260926T000438,300061.435136,64.3560744253922,False,34,63,34:63
20260926T000438,300056.889344,64.3560744253922,False,36,86,36:86
20260926T000438,300026.284288,64.3560744253922,False,39,80,39:80
20260926T000438,300031.120384,64.3560744253922,False,42,74,42:74
20260926T000438,300045.89568,64.3560744253922,False,43,64,43:64
20260926T000438,300059.320832,64.3560744253922,False,45,94,45:94
20260926T000438,300037.321728,64.3560744253922,False,46,91,46:91
20260926T000438,299617.812736,64.3560744253922,True,46,92,46:92
20260926T000438,299481.916416,64.3560744253922,True,47,66,47:66
20260926T000438,300154.573824,64.3560744253922,False,48,64,48:64
20260926T000438,300056.31616,64.3560744253922,False,51,83,51:83
20260926T000438,300014.582272,64.3560744253922,False,52,89,52:89
20260926T000438,300015.159552,64.3560744253922,False,54,78,54:78
20260926T000438,299451.068928,64.3560744253922,True,55,68,55:68
20260926T000438,300105.565952,64.3560744253922,False,58,72,58:72
20260926T000438,299294.012928,64.3560744253922,True,58,73,58:73
20260926T000438,300135.25376,64.3560744253922,False,59,91,59:91
20260926T000438,300021.099264,64.3560744253922,False,61,91,61:91
20260926T000438,300015.857408,64.3560744253922,False,62,66,62:66
20260926T000439,300014.125568,64.3560744253922,False,0,81,0:81
20260926T000439,300094.542336,64.3560744253922,False,2,79,2:79
20260926T000439,299059.371776,64.3560744253922,True,3,85,3:85
20260926T000439,300083.183616,64.3560744253922,False,4,94,4:94
20260926T000439,300065.45024,64.3560744253922,False,5,71,5:71
20260926T000439,300025.238528,64.3560744253922,False,6,93,6:93
20260926T000439,300065.614336,64.3560744253922,False,7,69,7:69
20260926T000439,300030.858496,64.3560744253922,False,10,92,10:92
20260926T000439,298798.232064,64.3560744253922,True,11,72,11:72
20260926T000439,300064.070912,64.3560744253922,False,12,69,12:69
20260926T000439,300060.1728,64.3560744253922,False,13,89,13:89
20260926T000439,300070.628352,64.3560744253922,False,14,80,14:80
20260926T000439,300068.660992,64.3560744253922,False,15,92,15:92
20260926T000439,300132.717568,64.3560744253922,False,15,93,15:93
20260926T000439,300061.702144,64.3560744253922,False,16,71,16:71
20260926T000439,300007.373568,64.3560744253922,False,19,66,19:66
20260926T000439,300064.697088,64.3560744253922,False,21,66,21:66
20260926T000439,299973.647104,64.3560744253922,True,22,72,22:72
20260926T000439,300014.460928,64.3560744253922,False,23,80,23:80
20260926T000439,300084.019968,64.3560744253922,False,24,95,24:95
20260926T000439,300126.038528,64.3560744253922,False,25,92,25:92
20260926T000439,300016.72576,64.3560744253922,False,25,93,25:93
20260926T000439,300072.613376,64.3560744253922,False,26,75,26:75
20260926T000439,300055.321856,64.3560744253922,False,28,88,28:88
20260926T000439,300013.265408,64.3560744253922,False,28,89,28:89
20260926T000439,300050.536192,64.3560744253922,False,29,91,29:91
20260926T000439,300041.827584,64.3560744253922,False,30,85,30:85
20260926T000439,298905.703424,64.3560744253922,True,30,86,30:86
20260926T000439,300012.32512,64.3560744253922,False,31,75,31:75
20260926T000439,299152.44032,64.3560744253922,True,31,76,31:76
20260926T000439,300068.726528,64.3560744253922,False,32,93,32:93
20260926T000439,300081.268992,64.3560744253922,False,33,73,33:73
20260926T000439,300062.09664,64.3560744253922,False,35,78,35:78
20260926T000439,300077.607168,64.3560744253922,False,36,87,36:87
20260926T000439,299251.635456,64.3560744253922,True,36,88,36:88
20260926T000439,299939.1936,64.3560744253922,True,38,75,38:75
20260926T000439,299876.775168,64.3560744253922,True,40,80,40:80
20260926T000439,300026.172672,64.3560744253922,False,41,70,41:70
20260926T000439,300058.473984,64.3560744253922,False,42,75,42:75
20260926T000439,300090.309376,64.3560744253922,False,43,65,43:65
20260926T000439,300067.07072,64.3560744253922,False,45,95,45:95
20260926T000439,300044.083456,64.3560744253922,False,46,93,46:93
20260926T000439,300003.601664,64.3560744253922,False,48,65,48:65
20260926T000439,300019.079168,64.3560744253922,False,51,84,51:84
20260926T000439,300016.317952,64.3560744253922,False,52,90,52:90
20260926T000439,299042.05184,64.3560744253922,True,52,91,52:91
20260926T000439,300048.31872,64.3560744253922,False,53,92,53:92
20260926T000439,299612.496384,64.3560744253922,True,53,93,53:93
20260926T000439,300077.782784,64.3560744253922,False,54,79,54:79
20260926T000439,300031.527936,64.3560744253922,False,56,94,56:94
20260926T000439,299882.01856,64.3560744253922,True,57,66,57:66
20260926T000439,300140.735488,64.3560744253922,False,59,92,59:92
20260926T000439,300005.630208,64.3560744253922,False,59,93,59:93
20260926T000439,300084.041216,64.3560744253922,False,60,73,60:73
20260926T000439,300127.9232,64.3560744253922,False,60,74,60:74
20260926T000439,300061.718272,64.3560744253922,False,62,67,62:67
20260926T000439,300069.178624,64.3560744253922,False,63,84,63:84
20260926T000439,299516.95488,64.3560744253922,True,63,85,63:85
20260926T000440,300111.364864,64.3560744253922,False,0,82,0:82
20260926T000440,300065.280768,64.3560744253922,False,1,80,1:80
20260926T000440,300018.74688,64.3560744253922,False,1,81,1:81
20260926T000440,300010.099968,64.3560744253922,False,2,80,2:80
20260926T000440,298994.925568,64.3560744253922,True,2,81,2:81
20260926T000440,300066.69184,64.3560744253922,False,3,84,3:84
20260926T000440,300137.874944,64.3560744253922,False,4,96,4:96
20260926T000440,300021.41696,64.3560744253922,False,5,72,5:72
20260926T000440,299231.088128,64.3560744253922,True,7,70,7:70
20260926T000440,300045.619712,64.3560744253922,False,8,93,8:93
20260926T000440,300090.528256,64.3560744253922,False,8,94,8:94
20260926T000440,300031.130368,64.3560744253922,False,9,67,9:67
20260926T000440,300086.91072,64.3560744253922,False,10,93,10:93
20260926T000440,300003.371264,64.3560744253922,False,10,94,10:94
20260926T000440,300053.877248,64.3560744253922,False,13,90,13:90
20260926T000440,300153.815296,64.3560744253922,False,14,82,14:82
20260926T000440,300053.052672,64.3560744253922,False,15,94,15:94
20260926T000440,298959.979776,64.3560744253922,True,15,95,15:95
20260926T000440,300010.4064,64.3560744253922,False,16,72,16:72
20260926T000440,300021.221632,64.3560744253922,False,17,76,17:76
20260926T000440,300007.423488,64.3560744253922,False,18,89,18:89
20260926T000440,300028.841728,64.3560744253922,False,19,67,19:67
20260926T000440,300067.42144,64.3560744253922,False,20,83,20:83
20260926T000440,300019.038976,64.3560744253922,False,21,67,21:67
20260926T000440,300124.245504,64.3560744253922,False,22,73,22:73
20260926T000440,300021.425152,64.3560744253922,False,23,81,23:81
20260926T000440,300181.118976,64.3560744253922,False,25,94,25:94
20260926T000440,300035.069696,64.3560744253922,False,26,76,26:76
20260926T000440,300055.668736,64.3560744253922,False,27,81,27:81
20260926T000440,300006.71616,64.3560744253922,False,28,90,28:90
20260926T000440,300043.200256,64.3560744253922,False,29,92,29:92
20260926T000440,300033.080576,64.3560744253922,False,32,94,32:94
20260926T000440,300137.002752,64.3560744253922,False,33,74,33:74
20260926T000440,300044.792576,64.3560744253922,False,34,65,34:65
20260926T000440,300020.859648,64.3560744253922,False,35,79,35:79
20260926T000440,300034.341888,64.3560744253922,False,37,97,37:97
20260926T000440,300036.036608,64.3560744253922,False,37,98,37:98
20260926T000440,300013.150208,64.3560744253922,False,38,76,38:76
20260926T000440,299091.807232,64.3560744253922,True,38,77,38:77
20260926T000440,300069.632,64.3560744253922,False,39,81,39:81
20260926T000440,300153.55392,64.3560744253922,False,39,82,39:82
20260926T000440,300064.990464,64.3560744253922,False,40,81,40:81
20260926T000440,300033.659648,64.3560744253922,False,41,71,41:71
20260926T000440,300079.301376,64.3560744253922,False,42,76,42:76
20260926T000440,299733.551616,64.3560744253922,True,44,91,44:91
20260926T000440,300055.15008,64.3560744253922,False,45,96,45:96
20260926T000440,300036.950784,64.3560744253922,False,46,94,46:94
20260926T000440,300069.654272,64.3560744253922,False,47,67,47:67
20260926T000440,300067.78496,64.3560744253922,False,48,66,48:66
20260926T000440,300051.513856,64.3560744253922,False,49,74,49:74
20260926T000440,300067.425536,64.3560744253922,False,50,80,50:80
20260926T000440,300013.166336,64.3560744253922,False,51,85,51:85
20260926T000440,300041.224192,64.3560744253922,False,53,94,53:94
20260926T000440,300022.973952,64.3560744253922,False,54,80,54:80
20260926T000440,298955.736832,64.3560744253922,True,54,81,54:81
20260926T000440,300083.872768,64.3560744253922,False,55,70,55:70
20260926T000440,300074.405888,64.3560744253922,False,56,95,56:95
20260926T000440,300015.017728,64.3560744253922,False,57,67,57:67
20260926T000440,300049.928448,64.3560744253922,False,58,74,58:74
20260926T000440,300020.324608,64.3560744253922,False,58,75,58:75
20260926T000440,300069.5296,64.3560744253922,False,59,94,59:94
20260926T000440,299325.545984,64.3560744253922,True,59,95,59:95
20260926T000440,300079.516672,64.3560744253922,False,61,93,61:93
20260926T000440,300103.742464,64.3560744253922,False,62,68,62:68
20260926T000441,300099.022592,64.3560744253922,False,0,83,0:83
20260926T000441,300050.72,64.3560744253922,False,1,82,1:82
20260926T000441,300091.039488,64.3560744253922,False,3,86,3:86
20260926T000441,300099.598336,64.3560744253922,False,4,97,4:97
20260926T000441,300090.535424,64.3560744253922,False,5,73,5:73
20260926T000441,300090.072064,64.3560744253922,True,6,95,6:95
20260926T000441,300059.835392,64.3560744253922,False,6,96,6:96
20260926T000441,300074.692096,64.3560744253922,False,7,71,7:71
20260926T000441,300006.614016,64.3560744253922,False,8,95,8:95
20260926T000441,300100.786432,64.3560744253922,False,10,95,10:95
20260926T000441,300102.962688,64.3560744253922,False,11,73,11:73
20260926T000441,300040.284672,64.3560744253922,False,12,70,12:70
20260926T000441,300043.373312,64.3560744253922,False,13,91,13:91
20260926T000441,300068.151552,64.3560744253922,False,14,83,14:83
20260926T000441,300008.58112,64.3560744253922,False,15,96,15:96
20260926T000441,300041.900032,64.3560744253922,False,16,73,16:73
20260926T000441,300044.78592,64.3560744253922,False,17,77,17:77
20260926T000441,300002.948096,64.3560744253922,False,18,90,18:90
20260926T000441,300097.114368,64.3560744253922,False,19,68,19:68
20260926T000441,300129.148416,64.3560744253922,False,20,84,20:84
20260926T000441,300104.425984,64.3560744253922,False,21,68,21:68
20260926T000441,300068.033024,64.3560744253922,False,22,74,22:74
20260926T000441,300078.863104,64.3560744253922,False,23,82,23:82
20260926T000441,300019.649024,64.3560744253922,False,24,97,24:97
20260926T000441,300022.213376,64.3560744253922,False,24,98,24:98
20260926T000441,300036.493056,64.3560744253922,False,25,95,25:95
20260926T000441,300006.963968,64.3560744253922,False,26,77,26:77
20260926T000441,300035.917312,64.3560744253922,False,27,82,27:82
20260926T000441,300098.675712,64.3560744253922,False,28,91,28:91
20260926T000441,300105.925376,64.3560744253922,False,29,93,29:93
20260926T000441,300029.047296,64.3560744253922,False,30,87,30:87
20260926T000441,300086.365696,64.3560744253922,False,31,77,31:77
20260926T000441,300152.236288,64.3560744253922,False,32,95,32:95
20260926T000441,300106.358272,64.3560744253922,False,34,66,34:66
20260926T000441,300128.86016,64.3560744253922,False,35,80,35:80
20260926T000441,300054.337792,64.3560744253922,False,36,89,36:89
20260926T000441,299208.09728,64.3560744253922,True,36,90,36:90
20260926T000441,300027.956736,64.3560744253922,False,37,99,37:99
20260926T000441,300012.7744,64.3560744253922,False,39,83,39:83
20260926T000441,300164.34432,64.3560744253922,False,40,82,40:82
20260926T000441,300099.097088,64.3560744253922,False,41,72,41:72
20260926T000441,300040.733952,64.3560744253922,False,43,66,43:66
20260926T000441,300004.868352,64.3560744253922,False,43,67,43:67
20260926T000441,300061.327616,64.3560744253922,False,44,92,44:92
20260926T000441,299627.287552,64.3560744253922,True,45,97,45:97
20260926T000441,300011.527168,64.3560744253922,False,46,95,46:95
20260926T000441,299403.878912,64.3560744253922,True,46,96,46:96
20260926T000441,300043.47392,64.3560744253922,False,47,68,47:68
20260926T000441,300065.96352,64.3560744253922,False,48,67,48:67
20260926T000441,300061.18144,64.3560744253922,False,49,75,49:75
20260926T000441,300054.28992,64.3560744253922,False,50,81,50:81
20260926T000441,300123.892992,64.3560744253922,False,51,86,51:86
20260926T000441,300035.95136,64.3560744253922,False,52,92,52:92
20260926T000441,300034.045184,64.3560744253922,False,52,93,52:93
20260926T000441,300106.189824,64.3560744253922,False,53,95,53:95
20260926T000441,300027.65312,64.3560744253922,False,56,96,56:96
20260926T000441,299608.419328,64.3560744253922,True,58,76,58:76
20260926T000441,300016.428032,64.3560744253922,False,60,75,60:75
20260926T000441,299610.767872,64.3560744253922,True,60,76,60:76
20260926T000441,300088.555008,64.3560744253922,False,61,94,61:94
20260926T000441,300078.318848,64.3560744253922,False,61,95,61:95
20260926T000441,299892.828416,64.3560744253922,True,62,69,62:69
20260926T000441,300111.117056,64.3560744253922,False,63,86,63:86
20260926T000442,300036.591104,64.3560744253922,False,0,84,0:84
20260926T000442,300014.610688,64.3560744253922,False,1,83,1:83
20260926T000442,300034.32192,64.3560744253922,False,2,82,2:82
20260926T000442,300042.686208,64.3560744253922,False,2,83,2:83
20260926T000442,300099.585024,64.3560744253922,False,3,87,3:87
20260926T000442,300040.173824,64.3560744253922,False,4,98,4:98
20260926T000442,300145.09184,64.3560744253922,False,5,74,5:74
20260926T000442,300009.395968,64.3560744253922,False,6,97,6:97
20260926T000442,300161.346816,64.3560744253922,False,8,96,8:96
20260926T000442,300052.576256,64.3560744253922,False,8,97,8:97
20260926T000442,300122.852352,64.3560744253922,False,9,68,9:68
20260926T000442,300014.820864,64.3560744253922,False,10,96,10:96
20260926T000442,300070.247424,64.3560744253922,False,11,74,11:74
20260926T000442,300078.468096,64.3560744253922,False,12,71,12:71
20260926T000442,300132.876032,64.3560744253922,False,13,92,13:92
20260926T000442,300058.30656,64.3560744253922,False,13,93,13:93
20260926T000442,300050.358784,64.3560744253922,False,14,84,14:84
20260926T000442,300165.994496,64.3560744253922,False,15,97,15:97
20260926T000442,300056.605952,64.3560744253922,False,16,74,16:74
20260926T000442,300121.76128,64.3560744253922,False,17,78,17:78
20260926T000442,300055.057408,64.3560744253922,False,18,91,18:91
20260926T000442,300098.880256,64.3560744253922,False,19,69,19:69
20260926T000442,300051.48672,64.3560744253922,False,20,85,20:85
20260926T000442,300080.440832,64.3560744253922,False,21,69,21:69
20260926T000442,300070.780672,64.3560744253922,False,22,75,22:75
20260926T000442,300058.891776,64.3560744253922,False,23,83,23:83
20260926T000442,300059.807488,64.3560744253922,False,23,84,23:84
20260926T000442,300014.017024,64.3560744253922,False,24,99,24:99
20260926T000442,300055.429632,64.3560744253922,False,25,96,25:96
20260926T000442,300011.663616,64.3560744253922,False,26,78,26:78
20260926T000442,300038.073856,64.3560744253922,False,27,83,27:83
20260926T000442,300050.630912,64.3560744253922,False,28,92,28:92
20260926T000442,300032.841728,64.3560744253922,False,29,94,29:94
20260926T000442,300029.638656,64.3560744253922,False,29,95,29:95
20260926T000442,300098.569984,64.3560744253922,True,30,88,30:88
20260926T000442,300162.937344,64.3560744253922,False,31,78,31:78
20260926T000442,300014.722304,64.3560744253922,False,32,96,32:96
20260926T000442,300111.749888,64.3560744253922,False,32,97,32:97
20260926T000442,300188.249856,64.3560744253922,False,33,75,33:75
20260926T000442,300021.439744,64.3560744253922,False,34,67,34:67
20260926T000442,300021.167616,64.3560744253922,False,35,81,35:81
20260926T000442,300083.112448,64.3560744253922,False,37,100,37:100
20260926T000442,300182.843136,64.3560744253922,False,37,101,37:101
20260926T000442,299714.401536,64.3560744253922,True,38,78,38:78
20260926T000442,300025.559552,64.3560744253922,False,40,83,40:83
20260926T000442,300078.122496,64.3560744253922,False,40,84,40:84
20260926T000442,300032.81408,64.3560744253922,False,41,73,41:73
20260926T000442,300127.035136,64.3560744253922,False,42,77,42:77
20260926T000442,299793.686272,64.3560744253922,True,43,68,43:68
20260926T000442,300027.58272,64.3560744253922,False,44,93,44:93
20260926T000442,299966.213888,64.3560744253922,True,45,98,45:98
20260926T000442,300012.5568,64.3560744253922,False,47,69,47:69
20260926T000442,300018.053632,64.3560744253922,False,48,68,48:68
20260926T000442,300146.236672,64.3560744253922,False,49,76,49:76
20260926T000442,300137.790976,64.3560744253922,False,49,77,49:77
20260926T000442,300038.846976,64.3560744253922,False,50,82,50:82
20260926T000442,300070.903552,64.3560744253922,False,50,83,50:83
20260926T000442,300091.3664,64.3560744253922,False,51,87,51:87
20260926T000442,300099.605504,64.3560744253922,False,52,94,52:94
20260926T000442,300012.56832,64.3560744253922,False,53,96,53:96
20260926T000442,300148.172544,64.3560744253922,False,54,82,54:82
20260926T000442,300134.303488,64.3560744253922,False,55,71,55:71
20260926T000442,300089.75616,64.3560744253922,False,55,72,55:72
20260926T000442,300063.550208,64.3560744253922,False,56,97,56:97
20260926T000442,300039.788288,64.3560744253922,False,56,98,56:98
20260926T000442,300027.70432,64.3560744253922,False,57,68,57:68
20260926T000442,300058.650112,64.3560744253922,False,58,77,58:77
20260926T000442,300024.264448,64.3560744253922,False,59,96,59:96
20260926T000442,299477.0944,64.3560744253922,True,59,97,59:97
20260926T000442,300059.65952,64.3560744253922,False,60,77,60:77
20260926T000442,300123.565824,64.3560744253922,False,61,96,61:96
20260926T000442,300125.43488,64.3560744253922,False,62,70,62:70
20260926T000442,300041.404672,64.3560744253922,False,63,87,63:87
20260926T000442,300045.438208,64.3560744253922,False,63,88,63:88
20260926T000443,300272.989184,64.3560744253922,False,0,85,0:85
20260926T000443,300058.286592,64.3560744253922,False,1,84,1:84
20260926T000443,300018.473472,64.3560744253922,False,2,84,2:84
20260926T000443,300116.94464,64.3560744253922,False,3,88,3:88
20260926T000443,300393.385984,64.3560744253922,False,4,99,4:99
20260926T000443,299359.574528,64.3560744253922,True,4,100,4:100
20260926T000443,300057.545216,64.3560744253922,False,5,75,5:75
20260926T000443,300112.801536,64.3560744253922,True,6,98,6:98
20260926T000443,300309.435392,64.3560744253922,False,7,72,7:72
20260926T000443,300226.324736,64.3560744253922,False,8,98,8:98
20260926T000443,300494.67904,64.3560744253922,False,9,69,9:69
20260926T000443,300191.524608,64.3560744253922,False,10,97,10:97
20260926T000443,300028.738816,64.3560744253922,False,11,75,11:75
20260926T000443,300156.6912,64.3560744253922,False,12,72,12:72
20260926T000443,300058.574336,64.3560744253922,False,13,94,13:94
20260926T000443,300082.01216,64.3560744253922,False,14,85,14:85
20260926T000443,300103.615744,64.3560744253922,False,15,98,15:98
20260926T000443,300453.530112,64.3560744253922,False,16,75,16:75
20260926T000443,300083.174912,64.3560744253922,False,16,76,16:76
20260926T000443,300029.522944,64.3560744253922,False,17,79,17:79
20260926T000443,300388.895744,64.3560744253922,False,18,92,18:92
20260926T000443,300055.836416,64.3560744253922,False,19,70,19:70
20260926T000443,300083.012608,64.3560744253922,False,20,86,20:86
20260926T000443,300006.386944,64.3560744253922,True,21,70,21:70
20260926T000443,300293.385728,64.3560744253922,False,22,76,22:76
20260926T000443,300004.297728,64.3560744253922,False,24,100,24:100
20260926T000443,300064.253696,64.3560744253922,False,25,97,25:97
20260926T000443,300053.174272,64.3560744253922,False,25,98,25:98
20260926T000443,300016.883712,64.3560744253922,False,26,79,26:79
20260926T000443,300048.366848,64.3560744253922,False,27,84,27:84
20260926T000443,300285.269248,64.3560744253922,False,28,93,28:93
20260926T000443,300079.594496,64.3560744253922,False,29,96,29:96
20260926T000443,299894.405376,64.3560744253922,True,30,89,30:89
20260926T000443,300330.048256,64.3560744253922,False,31,79,31:79
20260926T000443,300220.292864,64.3560744253922,False,32,98,32:98
20260926T000443,300283.756032,64.3560744253922,False,33,76,33:76
20260926T000443,300076.442624,64.3560744253922,False,34,68,34:68
20260926T000443,300037.334784,64.3560744253922,False,35,82,35:82
20260926T000443,300317.758208,64.3560744253922,False,36,91,36:91
20260926T000443,300028.207872,64.3560744253922,False,36,92,36:92
20260926T000443,300088.283392,64.3560744253922,False,37,102,37:102
20260926T000443,300075.146752,64.3560744253922,False,38,79,38:79
20260926T000443,300416.86784,64.3560744253922,False,39,84,39:84
20260926T000443,300259.15776,64.3560744253922,False,41,74,41:74
20260926T000443,300291.548416,64.3560744253922,False,42,78,42:78
20260926T000443,300394.747392,64.3560744253922,False,44,94,44:94
20260926T000443,300386.453248,64.3560744253922,False,45,99,45:99
20260926T000443,300078.10688,64.3560744253922,False,45,100,45:100
20260926T000443,300104.496896,64.3560744253922,False,46,97,46:97
20260926T000443,300028.22144,64.3560744253922,False,47,70,47:70
20260926T000443,300051.137792,64.3560744253922,False,48,69,48:69
20260926T000443,300033.413376,64.3560744253922,False,49,78,49:78
20260926T000443,300282.79552,64.3560744253922,False,51,88,51:88
20260926T000443,300065.476352,64.3560744253922,False,52,95,52:95
20260926T000443,300331.702272,64.3560744253922,False,53,97,53:97
20260926T000443,300482.124288,64.3560744253922,False,54,83,54:83
20260926T000443,300014.05568,64.3560744253922,False,55,73,55:73
20260926T000443,300028.128,64.3560744253922,False,56,99,56:99
20260926T000443,300032.762112,64.3560744253922,False,57,69,57:69
20260926T000443,300047.71072,64.3560744253922,False,58,78,58:78
20260926T000443,300057.130496,64.3560744253922,False,60,78,60:78
20260926T000443,300072.690176,64.3560744253922,False,61,97,61:97
20260926T000443,300009.055488,64.3560744253922,False,63,89,63:89
20260926T000444,300124.359424,64.3560744253922,False,0,86,0:86
20260926T000444,300087.478272,64.3560744253922,False,1,85,1:85
20260926T000444,300132.16768,64.3560744253922,False,2,85,2:85
20260926T000444,300073.682944,64.3560744253922,False,3,89,3:89
20260926T000444,300126.881536,64.3560744253922,False,4,101,4:101
20260926T000444,300085.2352,64.3560744253922,False,6,99,6:99
20260926T000444,300088.683776,64.3560744253922,False,7,73,7:73
20260926T000444,300088.434432,64.3560744253922,False,8,99,8:99
20260926T000444,300044.209152,64.3560744253922,False,9,70,9:70
20260926T000444,300122.512384,64.3560744253922,False,10,98,10:98
20260926T000444,300127.417088,64.3560744253922,False,11,76,11:76
20260926T000444,300127.445504,64.3560744253922,False,12,73,12:73
20260926T000444,300082.289664,64.3560744253922,False,13,95,13:95
20260926T000444,300127.727872,64.3560744253922,False,14,86,14:86
20260926T000444,300127.353344,64.3560744253922,False,15,99,15:99
20260926T000444,300129.28256,64.3560744253922,False,16,77,16:77
20260926T000444,299790.08128,64.3560744253922,True,17,80,17:80
20260926T000444,300107.579392,64.3560744253922,False,18,93,18:93
20260926T000444,300093.52192,64.3560744253922,False,19,71,19:71
20260926T000444,300137.955328,64.3560744253922,False,20,87,20:87
20260926T000444,300089.985536,64.3560744253922,False,21,71,21:71
20260926T000444,300125.970688,64.3560744253922,False,22,77,22:77
20260926T000444,300066.08128,64.3560744253922,False,23,85,23:85
20260926T000444,300059.354624,64.3560744253922,False,24,101,24:101
20260926T000444,300083.989504,64.3560744253922,False,25,99,25:99
20260926T000444,300089.589504,64.3560744253922,False,26,80,26:80
20260926T000444,300120.393472,64.3560744253922,False,27,85,27:85
20260926T000444,300127.41504,64.3560744253922,False,28,94,28:94
20260926T000444,300075.954432,64.3560744253922,False,29,97,29:97
20260926T000444,300108.686848,64.3560744253922,False,30,90,30:90
20260926T000444,300058.291456,64.3560744253922,False,31,80,31:80
20260926T000444,300106.690304,64.3560744253922,False,32,99,32:99
20260926T000444,299742.14656,64.3560744253922,True,32,100,32:100
20260926T000444,300110.356992,64.3560744253922,False,33,77,33:77
20260926T000444,300117.921792,64.3560744253922,False,35,83,35:83
20260926T000444,300129.17632,64.3560744253922,False,36,93,36:93
20260926T000444,300128.355072,64.3560744253922,False,37,103,37:103
20260926T000444,300116.69888,64.3560744253922,False,38,80,38:80
20260926T000444,300129.750784,64.3560744253922,False,39,85,39:85
20260926T000444,300176.937216,64.3560744253922,False,40,85,40:85
20260926T000444,300089.600256,64.3560744253922,False,40,86,40:86
20260926T000444,300124.029184,64.3560744253922,False,41,75,41:75
20260926T000444,300779.166464,64.3560744253922,False,42,79,42:79
20260926T000444,300098.8032,64.3560744253922,False,43,69,43:69
20260926T000444,300106.322176,64.3560744253922,False,44,95,44:95
20260926T000444,300023.379456,64.3560744253922,False,44,96,44:96
20260926T000444,300103.761152,64.3560744253922,False,45,101,45:101
20260926T000444,300129.861888,64.3560744253922,False,46,98,46:98
20260926T000444,300121.159168,64.3560744253922,False,48,70,48:70
20260926T000444,300032.318464,64.3560744253922,False,49,79,49:79
20260926T000444,300104.366336,64.3560744253922,False,50,84,50:84
20260926T000444,300068.638208,64.3560744253922,False,50,85,50:85
20260926T000444,300082.056448,64.3560744253922,False,51,89,51:89
20260926T000444,300060.728832,64.3560744253922,False,52,96,52:96
20260926T000444,300081.810432,64.3560744253922,False,53,98,53:98
20260926T000444,300065.988864,64.3560744253922,False,54,84,54:84
20260926T000444,300100.159744,64.3560744253922,False,55,74,55:74
20260926T000444,300101.249792,64.3560744253922,False,56,100,56:100
20260926T000444,300114.477312,64.3560744253922,False,57,70,57:70
20260926T000444,300114.267904,64.3560744253922,False,58,79,58:79
20260926T000444,300026.130944,64.3560744253922,False,59,98,59:98
20260926T000444,300121.392896,64.3560744253922,False,60,79,60:79
20260926T000444,300117.76768,64.3560744253922,False,61,98,61:98
20260926T000444,300135.55968,64.3560744253922,False,62,71,62:71
20260926T000444,300116.229632,64.3560744253922,False,63,90,63:90
20260926T000445,300061.177856,64.3560744253922,False,0,87,0:87
20260926T000445,300009.388032,64.3560744253922,False,1,86,1:86
20260926T000445,300045.555968,64.3560744253922,False,2,86,2:86
20260926T000445,300093.969664,64.3560744253922,False,3,90,3:90
20260926T000445,300030.146304,64.3560744253922,False,4,102,4:102
20260926T000445,300109.905664,64.3560744253922,False,5,76,5:76
20260926T000445,300102.442752,64.3560744253922,False,6,100,6:100
20260926T000445,300022.639104,64.3560744253922,False,7,74,7:74
20260926T000445,300082.363136,64.3560744253922,False,8,100,8:100
20260926T000445,299549.748992,64.3560744253922,True,8,101,8:101
20260926T000445,300009.56928,64.3560744253922,False,9,71,9:71
20260926T000445,300031.259648,64.3560744253922,False,10,99,10:99
20260926T000445,300047.17952,64.3560744253922,False,11,77,11:77
20260926T000445,300013.172992,64.3560744253922,False,12,74,12:74
20260926T000445,300074.373888,64.3560744253922,False,13,96,13:96
20260926T000445,300027.508224,64.3560744253922,False,14,87,14:87
20260926T000445,300025.94944,64.3560744253922,False,15,100,15:100
20260926T000445,300028.482816,64.3560744253922,False,16,78,16:78
20260926T000445,300082.045184,64.3560744253922,False,17,81,17:81
20260926T000445,300069.808384,64.3560744253922,False,18,94,18:94
20260926T000445,300014.364928,64.3560744253922,False,18,95,18:95
20260926T000445,300044.61056,64.3560744253922,False,20,88,20:88
20260926T000445,300030.195968,64.3560744253922,False,21,72,21:72
20260926T000445,300032.072192,64.3560744253922,False,22,78,22:78
20260926T000445,300005.048064,64.3560744253922,False,23,86,23:86
20260926T000445,300098.695424,64.3560744253922,False,24,102,24:102
20260926T000445,300030.296832,64.3560744253922,False,24,103,24:103
20260926T000445,300042.74048,64.3560744253922,False,25,100,25:100
20260926T000445,299972.039168,64.3560744253922,True,26,81,26:81
20260926T000445,299422.3552,64.3560744253922,True,27,86,27:86
20260926T000445,300020.412416,64.3560744253922,False,28,95,28:95
20260926T000445,300043.82976,64.3560744253922,False,29,98,29:98
20260926T000445,300037.237248,64.3560744253922,False,30,91,30:91
20260926T000445,299561.697024,64.3560744253922,True,30,92,30:92
20260926T000445,300085.358848,64.3560744253922,False,31,81,31:81
20260926T000445,300065.020928,64.3560744253922,False,31,82,31:82
20260926T000445,299418.694656,64.3560744253922,True,33,78,33:78
20260926T000445,300101.455872,64.3560744253922,False,34,69,34:69
20260926T000445,300044.742144,64.3560744253922,False,35,84,35:84
20260926T000445,300051.702784,64.3560744253922,False,36,94,36:94
20260926T000445,300057.38624,64.3560744253922,False,37,104,37:104
20260926T000445,299562.254592,64.3560744253922,True,38,81,38:81
20260926T000445,300045.138432,64.3560744253922,False,39,86,39:86
20260926T000445,300053.670656,64.3560744253922,False,40,87,40:87
20260926T000445,300022.92352,64.3560744253922,False,41,76,41:76
20260926T000445,300072.464384,64.3560744253922,False,42,80,42:80
20260926T000445,300015.395328,64.3560744253922,False,43,70,43:70
20260926T000445,300022.114816,64.3560744253922,False,44,97,44:97
20260926T000445,300019.23456,64.3560744253922,False,45,102,45:102
20260926T000445,300071.004928,64.3560744253922,False,46,99,46:99
20260926T000445,300014.342144,64.3560744253922,False,47,71,47:71
20260926T000445,300045.702144,64.3560744253922,False,48,71,48:71
20260926T000445,300082.204416,64.3560744253922,False,49,80,49:80
20260926T000445,300041.426944,64.3560744253922,False,51,90,51:90
20260926T000445,300025.062912,64.3560744253922,False,52,97,52:97
20260926T000445,300015.734016,64.3560744253922,False,53,99,53:99
20260926T000445,300020.747264,64.3560744253922,False,53,100,53:100
20260926T000445,300029.901568,64.3560744253922,False,54,85,54:85
20260926T000445,299901.962496,64.3560744253922,True,56,101,56:101
20260926T000445,300007.511296,64.3560744253922,False,57,71,57:71
20260926T000445,300025.15712,64.3560744253922,False,58,80,58:80
20260926T000445,300098.821376,64.3560744253922,False,59,99,59:99
20260926T000445,300053.161984,64.3560744253922,False,59,100,59:100
20260926T000445,300054.661888,64.3560744253922,False,60,80,60:80
20260926T000445,300087.945472,64.3560744253922,False,61,99,61:99
20260926T000445,300019.906816,64.3560744253922,False,62,72,62:72
20260926T000445,300028.211712,64.3560744253922,False,63,91,63:91
20260926T000446,300105.049344,64.3560744253922,False,0,88,0:88
20260926T000446,300088.02048,64.3560744253922,False,1,87,1:87
20260926T000446,300108.378368,64.3560744253922,False,2,87,2:87
20260926T000446,300252.027136,64.3560744253922,False,3,91,3:91
20260926T000446,300052.729856,64.3560744253922,False,3,92,3:92
20260926T000446,300175.734784,64.3560744253922,False,4,103,4:103
20260926T000446,300144.356608,64.3560744253922,False,5,77,5:77
20260926T000446,300350.355712,64.3560744253922,False,6,101,6:101
20260926T000446,299661.348096,64.3560744253922,True,6,102,6:102
20260926T000446,300063.318528,64.3560744253922,False,8,102,8:102
20260926T000446,300128.526336,64.3560744253922,False,9,72,9:72
20260926T000446,300158.44608,64.3560744253922,False,10,100,10:100
20260926T000446,300108.3328,64.3560744253922,False,11,78,11:78
20260926T000446,300151.3664,64.3560744253922,False,12,75,12:75
20260926T000446,300026.774528,64.3560744253922,False,13,97,13:97
20260926T000446,300094.054912,64.3560744253922,False,14,88,14:88
20260926T000446,300170.126336,64.3560744253922,False,15,101,15:101
20260926T000446,300040.233216,64.3560744253922,False,15,102,15:102
20260926T000446,300042.380032,64.3560744253922,False,16,79,16:79
20260926T000446,300239.1488,64.3560744253922,False,19,72,19:72
20260926T000446,300333.149696,64.3560744253922,False,20,89,20:89
20260926T000446,300066.459136,64.3560744253922,False,20,90,20:90
20260926T000446,300197.1264,64.3560744253922,False,23,87,23:87
20260926T000446,300022.889216,64.3560744253922,False,24,104,24:104
20260926T000446,300040.120576,64.3560744253922,False,25,101,25:101
20260926T000446,300029.835776,64.3560744253922,False,26,82,26:82
20260926T000446,300021.58592,64.3560744253922,False,27,87,27:87
20260926T000446,300010.065152,64.3560744253922,False,28,96,28:96
20260926T000446,300128.235008,64.3560744253922,False,28,97,28:97
20260926T000446,300119.055104,64.3560744253922,False,29,99,29:99
20260926T000446,300041.753344,64.3560744253922,False,29,100,29:100
20260926T000446,300004.386048,64.3560744253922,False,30,93,30:93
20260926T000446,299581.234432,64.3560744253922,True,31,83,31:83
20260926T000446,300012.398848,64.3560744253922,False,32,101,32:101
20260926T000446,300041.442816,64.3560744253922,False,32,102,32:102
20260926T000446,300067.817472,64.3560744253922,False,33,79,33:79
20260926T000446,300117.86112,64.3560744253922,False,34,70,34:70
20260926T000446,300023.071232,64.3560744253922,False,35,85,35:85
20260926T000446,300323.812096,64.3560744253922,False,36,95,36:95
20260926T000446,300103.895296,64.3560744253922,False,36,96,36:96
20260926T000446,300020.734976,64.3560744253922,False,37,105,37:105
20260926T000446,300068.954624,64.3560744253922,False,37,106,37:106
20260926T000446,300093.287936,64.3560744253922,False,38,82,38:82
20260926T000446,300330.49216,64.3560744253922,False,39,87,39:87
20260926T000446,300044.255232,64.3560744253922,False,39,88,39:88
20260926T000446,300016.347392,64.3560744253922,False,40,88,40:88
20260926T000446,300054.61376,64.3560744253922,False,41,77,41:77
20260926T000446,300158.937088,64.3560744253922,False,42,81,42:81
20260926T000446,299354.4192,64.3560744253922,True,42,82,42:82
20260926T000446,300138.024704,64.3560744253922,False,43,71,43:71
20260926T000446,300028.161536,64.3560744253922,False,44,98,44:98
20260926T000446,300011.48416,64.3560744253922,False,45,103,45:103
20260926T000446,300192.837888,64.3560744253922,False,46,100,46:100
20260926T000446,300165.615616,64.3560744253922,False,47,72,47:72
20260926T000446,299547.332608,64.3560744253922,True,48,72,48:72
20260926T000446,300014.2528,64.3560744253922,False,49,81,49:81
20260926T000446,300046.52672,64.3560744253922,False,50,86,50:86
20260926T000446,300016.156928,64.3560744253922,False,50,87,50:87
20260926T000446,300301.40672,64.3560744253922,False,51,91,51:91
20260926T000446,300024.749312,64.3560744253922,False,51,92,51:92
20260926T000446,300036.726272,64.3560744253922,False,52,98,52:98
20260926T000446,299540.63872,64.3560744253922,True,53,101,53:101
20260926T000446,300022.279936,64.3560744253922,False,54,86,54:86
20260926T000446,300054.238976,64.3560744253922,False,54,87,54:87
20260926T000446,300011.944192,64.3560744253922,False,55,76,55:76
20260926T000446,300287.222016,64.3560744253922,False,56,102,56:102
20260926T000446,300057.557504,64.3560744253922,False,56,103,56:103
20260926T000446,300050.854912,64.3560744253922,False,57,72,57:72
20260926T000446,300096.121344,64.3560744253922,False,58,81,58:81
20260926T000446,300016.361216,64.3560744253922,False,59,101,59:101
20260926T000446,300019.039232,64.3560744253922,False,60,81,60:81
20260926T000446,300090.317824,64.3560744253922,False,61,100,61:100
20260926T000446,300033.608704,64.3560744253922,False,62,73,62:73
20260926T000446,300089.291776,64.3560744253922,False,63,92,63:92
20260926T000447,300203.087104,64.3560744253922,False,0,89,0:89
20260926T000447,300080.153344,64.3560744253922,False,1,88,1:88
20260926T000447,300013.033472,64.3560744253922,False,1,89,1:89
20260926T000447,300107.202304,64.3560744253922,False,2,88,2:88
20260926T000447,300053.185792,64.3560744253922,False,3,93,3:93
20260926T000447,300006.853888,64.3560744253922,False,4,104,4:104
20260926T000447,300035.347712,64.3560744253922,True,4,105,4:105
20260926T000447,300116.621824,64.3560744253922,False,5,78,5:78
20260926T000447,300030.322432,64.3560744253922,False,6,103,6:103
20260926T000447,300007.85664,64.3560744253922,False,7,75,7:75
20260926T000447,300067.129344,64.3560744253922,False,8,103,8:103
20260926T000447,300054.816768,64.3560744253922,False,9,73,9:73
20260926T000447,300051.599616,64.3560744253922,False,10,101,10:101
20260926T000447,300022.771712,64.3560744253922,False,10,102,10:102
20260926T000447,300063.332608,64.3560744253922,False,11,79,11:79
20260926T000447,300053.983744,64.3560744253922,False,12,76,12:76
20260926T000447,300030.651392,64.3560744253922,False,13,98,13:98
20260926T000447,300022.45632,64.3560744253922,False,14,89,14:89
20260926T000447,300087.827712,64.3560744253922,False,15,103,15:103
20260926T000447,300029.44768,64.3560744253922,False,16,80,16:80
20260926T000447,300105.236224,64.3560744253922,False,17,82,17:82
20260926T000447,300035.58144,64.3560744253922,False,18,96,18:96
20260926T000447,300009.887744,64.3560744253922,False,18,97,18:97
20260926T000447,300036.860416,64.3560744253922,False,19,73,19:73
20260926T000447,300028.829184,64.3560744253922,False,20,91,20:91
20260926T000447,300028.123392,64.3560744253922,False,21,73,21:73
20260926T000447,300046.73024,64.3560744253922,False,22,79,22:79
20260926T000447,300069.620224,64.3560744253922,False,23,88,23:88
20260926T000447,300026.215168,64.3560744253922,False,23,89,23:89
20260926T000447,300104.03072,64.3560744253922,False,24,105,24:105
20260926T000447,300069.544448,64.3560744253922,False,25,102,25:102
20260926T000447,300003.36896,64.3560744253922,False,26,83,26:83
20260926T000447,300008.09088,64.3560744253922,False,28,98,28:98
20260926T000447,300206.83136,64.3560744253922,False,29,101,29:101
20260926T000447,300099.209984,64.3560744253922,False,30,94,30:94
20260926T000447,300106.989056,64.3560744253922,False,30,95,30:95
20260926T000447,300014.906112,64.3560744253922,False,31,84,31:84
20260926T000447,300146.408704,64.3560744253922,False,32,103,32:103
20260926T000447,300016.1728,64.3560744253922,False,34,71,34:71
20260926T000447,300101.321472,64.3560744253922,False,35,86,35:86
20260926T000447,300205.418496,64.3560744253922,False,36,97,36:97
20260926T000447,300085.828352,64.3560744253922,False,37,107,37:107
20260926T000447,300108.502272,64.3560744253922,False,37,108,37:108
20260926T000447,300180.85632,64.3560744253922,False,38,83,38:83
20260926T000447,300024.788992,64.3560744253922,False,39,89,39:89
20260926T000447,300063.210752,64.3560744253922,False,40,89,40:89
20260926T000447,300116.105472,64.3560744253922,False,43,72,43:72
20260926T000447,300050.248192,64.3560744253922,False,44,99,44:99
20260926T000447,300093.468416,64.3560744253922,False,45,104,45:104
20260926T000447,300013.279744,64.3560744253922,False,45,105,45:105
20260926T000447,300021.28256,64.3560744253922,False,46,101,46:101
20260926T000447,300105.67936,64.3560744253922,False,46,102,46:102
20260926T000447,300115.746816,64.3560744253922,False,47,73,47:73
20260926T000447,300059.334912,64.3560744253922,False,47,74,47:74
20260926T000447,300064.333824,64.3560744253922,False,48,73,48:73
20260926T000447,300098.077184,64.3560744253922,False,49,82,49:82
20260926T000447,300064.66688,64.3560744253922,False,50,88,50:88
20260926T000447,300008.86784,64.3560744253922,False,51,93,51:93
20260926T000447,300038.215424,64.3560744253922,False,52,99,52:99
20260926T000447,299743.832064,64.3560744253922,True,52,100,52:100
20260926T000447,300130.910208,64.3560744253922,False,53,102,53:102
20260926T000447,299779.268864,64.3560744253922,True,54,88,54:88
20260926T000447,300051.159808,64.3560744253922,False,56,104,56:104
20260926T000447,300088.042752,64.3560744253922,False,57,73,57:73
20260926T000447,300084.492288,64.3560744253922,False,58,82,58:82
20260926T000447,300020.057088,64.3560744253922,False,59,102,59:102
20260926T000447,300024.323328,64.3560744253922,False,60,82,60:82
20260926T000447,300061.399808,64.3560744253922,False,61,101,61:101
20260926T000447,300035.488512,64.3560744253922,False,62,74,62:74
20260926T000447,300045.993216,64.3560744253922,False,63,93,63:93
20260926T000448,300068.948736,64.3560744253922,False,0,90,0:90
20260926T000448,300036.280064,64.3560744253922,False,2,89,2:89
20260926T000448,300110.932736,64.3560744253922,False,3,94,3:94
20260926T000448,300056.221184,64.3560744253922,False,4,106,4:106
20260926T000448,300035.798784,64.3560744253922,False,5,79,5:79
20260926T000448,300035.577856,64.3560744253922,False,6,104,6:104
20260926T000448,299447.614464,64.3560744253922,True,6,105,6:105
20260926T000448,300011.218432,64.3560744253922,False,7,76,7:76
20260926T000448,300011.56224,64.3560744253922,False,8,104,8:104
20260926T000448,299825.48352,64.3560744253922,True,8,105,8:105
20260926T000448,300066.700032,64.3560744253922,False,9,74,9:74
20260926T000448,300029.0112,64.3560744253922,False,10,103,10:103
20260926T000448,300044.960512,64.3560744253922,False,11,80,11:80
20260926T000448,299596.603136,64.3560744253922,True,11,81,11:81
20260926T000448,300046.350336,64.3560744253922,False,12,77,12:77
20260926T000448,300067.103232,64.3560744253922,False,13,99,13:99
20260926T000448,300019.685632,64.3560744253922,False,14,90,14:90
20260926T000448,300015.177728,64.3560744253922,False,15,104,15:104
20260926T000448,300058.364672,64.3560744253922,False,16,81,16:81
20260926T000448,300047.928064,64.3560744253922,False,17,83,17:83
20260926T000448,300097.140736,64.3560744253922,False,18,98,18:98
20260926T000448,300013.057792,64.3560744253922,False,19,74,19:74
20260926T000448,300054.83392,64.3560744253922,False,20,92,20:92
20260926T000448,300007.622144,64.3560744253922,False,21,74,21:74
20260926T000448,300029.855744,64.3560744253922,False,22,80,22:80
20260926T000448,300042.072064,64.3560744253922,False,23,90,23:90
20260926T000448,300071.34592,64.3560744253922,False,24,106,24:106
20260926T000448,300019.671552,64.3560744253922,False,25,103,25:103
20260926T000448,300093.00736,64.3560744253922,False,25,104,25:104
20260926T000448,300026.193408,64.3560744253922,False,26,84,26:84
20260926T000448,300079.427584,64.3560744253922,False,27,88,27:88
20260926T000448,300073.394688,64.3560744253922,False,27,89,27:89
20260926T000448,300033.138688,64.3560744253922,False,28,99,28:99
20260926T000448,300019.613952,64.3560744253922,False,29,102,29:102
20260926T000448,300104.582912,64.3560744253922,False,30,96,30:96
20260926T000448,300070.150144,64.3560744253922,False,32,104,32:104
20260926T000448,300075.69536,64.3560744253922,False,33,80,33:80
20260926T000448,300018.952192,64.3560744253922,False,35,87,35:87
20260926T000448,300022.49216,64.3560744253922,False,36,98,36:98
20260926T000448,300010.868992,64.3560744253922,False,37,109,37:109
20260926T000448,300017.564672,64.3560744253922,True,38,84,38:84
20260926T000448,300017.848832,64.3560744253922,False,39,90,39:90
20260926T000448,299671.33184,64.3560744253922,True,40,90,40:90
20260926T000448,300091.204608,64.3560744253922,False,41,78,41:78
20260926T000448,300049.548032,64.3560744253922,False,42,83,42:83
20260926T000448,299733.810176,64.3560744253922,True,43,73,43:73
20260926T000448,300057.10336,64.3560744253922,False,44,100,44:100
20260926T000448,300019.742464,64.3560744253922,False,45,106,45:106
20260926T000448,300042.6496,64.3560744253922,False,46,103,46:103
20260926T000448,300075.355904,64.3560744253922,False,47,75,47:75
20260926T000448,300018.858496,64.3560744253922,False,48,74,48:74
20260926T000448,299616.23296,64.3560744253922,True,49,83,49:83
20260926T000448,300046.357248,64.3560744253922,False,50,89,50:89
20260926T000448,300062.638592,64.3560744253922,False,51,94,51:94
20260926T000448,299756.574208,64.3560744253922,True,52,101,52:101
20260926T000448,300046.117632,64.3560744253922,False,53,103,53:103
20260926T000448,299186.912512,64.3560744253922,True,54,89,54:89
20260926T000448,300032.662784,64.3560744253922,False,55,77,55:77
20260926T000448,300034.051584,64.3560744253922,False,56,105,56:105
20260926T000448,300023.670272,64.3560744253922,False,57,74,57:74
20260926T000448,300037.993472,64.3560744253922,False,58,83,58:83
20260926T000448,300056.046848,64.3560744253922,False,59,103,59:103
20260926T000448,300013.952768,64.3560744253922,False,59,104,59:104
20260926T000448,300016.658688,64.3560744253922,False,60,83,60:83
20260926T000448,300089.695744,64.3560744253922,False,61,102,61:102
20260926T000448,300010.802944,64.3560744253922,False,62,75,62:75
20260926T000448,300025.403904,64.3560744253922,False,63,94,63:94
20260926T000449,300068.990976,64.3560744253922,False,0,91,0:91
20260926T000449,300043.909632,64.3560744253922,False,1,90,1:90
20260926T000449,300118.121472,64.3560744253922,False,2,90,2:90
20260926T000449,300041.699072,64.3560744253922,False,3,95,3:95
20260926T000449,300065.035008,64.3560744253922,False,4,107,4:107
20260926T000449,300018.537472,64.3560744253922,False,5,80,5:80
20260926T000449,300111.002368,64.3560744253922,False,6,106,6:106
20260926T000449,300095.648,64.3560744253922,False,7,77,7:77
20260926T000449,300108.041984,64.3560744253922,False,8,106,8:106
20260926T000449,300043.116032,64.3560744253922,False,9,75,9:75
20260926T000449,300085.408256,64.3560744253922,False,10,104,10:104
20260926T000449,300057.938944,64.3560744253922,False,12,78,12:78
20260926T000449,300028.401152,64.3560744253922,False,13,100,13:100
20260926T000449,300065.38368,64.3560744253922,False,14,91,14:91
20260926T000449,300076.276224,64.3560744253922,False,15,105,15:105
20260926T000449,300024.012288,64.3560744253922,False,16,82,16:82
20260926T000449,300030.36416,64.3560744253922,False,17,84,17:84
20260926T000449,300101.635072,64.3560744253922,False,18,99,18:99
20260926T000449,300014.376448,64.3560744253922,True,19,75,19:75
20260926T000449,300145.494528,64.3560744253922,False,20,93,20:93
20260926T000449,300051.372544,64.3560744253922,False,21,75,21:75
20260926T000449,300096.763648,64.3560744253922,False,22,81,22:81
20260926T000449,300037.319936,64.3560744253922,False,23,91,23:91
20260926T000449,299559.48032,64.3560744253922,True,23,92,23:92
20260926T000449,300032.123648,64.3560744253922,False,24,107,24:107
20260926T000449,300069.319936,64.3560744253922,False,25,105,25:105
20260926T000449,300104.520192,64.3560744253922,False,26,85,26:85
20260926T000449,300021.019648,64.3560744253922,False,27,90,27:90
20260926T000449,299885.540352,64.3560744253922,True,28,100,28:100
20260926T000449,300063.137536,64.3560744253922,False,29,103,29:103
20260926T000449,300058.84032,64.3560744253922,False,30,97,30:97
20260926T000449,300093.038336,64.3560744253922,False,31,85,31:85
20260926T000449,300110.316032,64.3560744253922,False,32,105,32:105
20260926T000449,300062.62272,64.3560744253922,False,32,106,32:106
20260926T000449,300064.363264,64.3560744253922,False,33,81,33:81
20260926T000449,300066.175488,64.3560744253922,False,34,72,34:72
20260926T000449,300056.632576,64.3560744253922,False,35,88,35:88
20260926T000449,300043.423232,64.3560744253922,False,36,99,36:99
20260926T000449,300062.64832,64.3560744253922,False,37,110,37:110
20260926T000449,300090.683648,64.3560744253922,False,38,85,38:85
20260926T000449,300014.156544,64.3560744253922,False,39,91,39:91
20260926T000449,300025.192192,64.3560744253922,False,40,91,40:91
20260926T000449,300029.814784,64.3560744253922,False,41,79,41:79
20260926T000449,300040.958208,64.3560744253922,False,42,84,42:84
20260926T000449,300038.090752,64.3560744253922,False,44,101,44:101
20260926T000449,300034.377728,64.3560744253922,False,45,107,45:107
20260926T000449,300073.915136,64.3560744253922,False,45,108,45:108
20260926T000449,300018.83392,64.3560744253922,False,46,104,46:104
20260926T000449,300046.225152,64.3560744253922,False,47,76,47:76
20260926T000449,300082.71104,64.3560744253922,False,48,75,48:75
20260926T000449,300042.562048,64.3560744253922,False,49,84,49:84
20260926T000449,300041.940992,64.3560744253922,False,50,90,50:90
20260926T000449,300064.61056,64.3560744253922,False,51,95,51:95
20260926T000449,300123.548416,64.3560744253922,False,53,104,53:104
20260926T000449,300042.1952,64.3560744253922,False,53,105,53:105
20260926T000449,300018.230528,64.3560744253922,False,54,90,54:90
20260926T000449,300048.278528,64.3560744253922,False,55,78,55:78
20260926T000449,299254.130176,64.3560744253922,True,55,79,55:79
20260926T000449,300017.81632,64.3560744253922,False,56,106,56:106
20260926T000449,300013.037568,64.3560744253922,False,56,107,56:107
20260926T000449,300070.18496,64.3560744253922,False,58,84,58:84
20260926T000449,300047.981312,64.3560744253922,False,59,105,59:105
20260926T000449,300048.964096,64.3560744253922,False,60,84,60:84
20260926T000449,300036.32256,64.3560744253922,False,61,103,61:103
20260926T000449,299396.833536,64.3560744253922,True,62,76,62:76
20260926T000449,300133.45152,64.3560744253922,False,63,95,63:95
20260926T000450,300112.862976,64.3560744253922,False,0,92,0:92
20260926T000450,300117.112064,64.3560744253922,False,1,91,1:91
20260926T000450,300016.104192,64.3560744253922,False,2,91,2:91
20260926T000450,300014.700544,64.3560744253922,False,3,96,3:96
20260926T000450,300074.51008,64.3560744253922,False,4,108,4:108
20260926T000450,300015.08736,64.3560744253922,True,6,107,6:107
20260926T000450,300162.622464,64.3560744253922,False,7,78,7:78
20260926T000450,300122.547968,64.3560744253922,False,8,107,8:107
20260926T000450,300136.131072,64.3560744253922,False,9,76,9:76
20260926T000450,300065.697792,64.3560744253922,False,10,105,10:105
20260926T000450,300020.527872,64.3560744253922,False,11,82,11:82
20260926T000450,300027.29088,64.3560744253922,False,13,101,13:101
20260926T000450,300088.59264,64.3560744253922,False,13,102,13:102
20260926T000450,299276.430592,64.3560744253922,True,14,92,14:92
20260926T000450,300190.910208,64.3560744253922,False,15,106,15:106
20260926T000450,299467.08736,64.3560744253922,True,16,83,16:83
20260926T000450,300072.313856,64.3560744253922,False,17,85,17:85
20260926T000450,300050.525952,64.3560744253922,False,18,100,18:100
20260926T000450,300046.213888,64.3560744253922,False,20,94,20:94
20260926T000450,300059.207168,64.3560744253922,False,22,82,22:82
20260926T000450,300012.608512,64.3560744253922,False,24,108,24:108
20260926T000450,300118.655232,64.3560744253922,False,24,109,24:109
20260926T000450,300010.148608,64.3560744253922,False,25,106,25:106
20260926T000450,300172.29824,64.3560744253922,False,26,86,26:86
20260926T000450,300173.51552,64.3560744253922,False,27,91,27:91
20260926T000450,300088.970496,64.3560744253922,False,28,101,28:101
20260926T000450,299421.011456,64.3560744253922,True,28,102,28:102
20260926T000450,300152.803328,64.3560744253922,False,29,104,29:104
20260926T000450,300092.2944,64.3560744253922,False,30,98,30:98
20260926T000450,300011.914752,64.3560744253922,False,31,86,31:86
20260926T000450,300136.118016,64.3560744253922,False,32,107,32:107
20260926T000450,300106.253056,64.3560744253922,False,33,82,33:82
20260926T000450,300095.336448,64.3560744253922,False,34,73,34:73
20260926T000450,300179.87328,64.3560744253922,False,35,89,35:89
20260926T000450,300029.245696,64.3560744253922,False,36,100,36:100
20260926T000450,300026.730496,64.3560744253922,False,37,111,37:111
20260926T000450,300049.970432,64.3560744253922,False,37,112,37:112
20260926T000450,300078.099968,64.3560744253922,False,39,92,39:92
20260926T000450,300042.16064,64.3560744253922,False,40,92,40:92
20260926T000450,300196.198656,64.3560744253922,False,41,80,41:80
20260926T000450,300088.43008,64.3560744253922,False,42,85,42:85
20260926T000450,300125.238016,64.3560744253922,False,43,74,43:74
20260926T000450,300060.624128,64.3560744253922,False,44,102,44:102
20260926T000450,300023.219712,64.3560744253922,False,44,103,44:103
20260926T000450,300094.47936,64.3560744253922,False,45,109,45:109
20260926T000450,300009.508608,64.3560744253922,False,46,105,46:105
20260926T000450,300058.653696,64.3560744253922,False,46,106,46:106
20260926T000450,300014.735872,64.3560744253922,False,47,77,47:77
20260926T000450,300097.33376,64.3560744253922,False,48,76,48:76
20260926T000450,300077.119488,64.3560744253922,False,49,85,49:85
20260926T000450,300061.298944,64.3560744253922,False,50,91,50:91
20260926T000450,299960.160768,64.3560744253922,True,51,96,51:96
20260926T000450,300057.1136,64.3560744253922,False,52,102,52:102
20260926T000450,300135.98592,64.3560744253922,False,52,103,52:103
20260926T000450,299679.404032,64.3560744253922,True,53,106,53:106
20260926T000450,300026.890752,64.3560744253922,False,54,91,54:91
20260926T000450,300193.933056,64.3560744253922,False,56,108,56:108
20260926T000450,300105.176576,64.3560744253922,False,57,75,57:75
20260926T000450,300136.1664,64.3560744253922,False,58,85,58:85
20260926T000450,300042.297856,64.3560744253922,False,59,106,59:106
20260926T000450,300012.284416,64.3560744253922,False,60,85,60:85
20260926T000450,300047.529472,64.3560744253922,False,61,104,61:104
20260926T000450,300002.653952,64.3560744253922,False,62,77,62:77
20260926T000450,300156.797952,64.3560744253922,False,63,96,63:96
20260926T000451,300080.771584,64.3560744253922,False,0,93,0:93
20260926T000451,300093.845248,64.3560744253922,False,1,92,1:92
20260926T000451,300052.352,64.3560744253922,False,2,92,2:92
20260926T000451,300014.677248,64.3560744253922,False,3,97,3:97
20260926T000451,300048.424448,64.3560744253922,False,4,109,4:109
20260926T000451,300029.17248,64.3560744253922,False,4,110,4:110
20260926T000451,300007.371008,64.3560744253922,False,5,81,5:81
20260926T000451,300068.169728,64.3560744253922,False,5,82,5:82
20260926T000451,300059.649536,64.3560744253922,False,6,108,6:108
20260926T000451,300022.719744,64.3560744253922,False,7,79,7:79
20260926T000451,300086.105344,64.3560744253922,False,8,108,8:108
20260926T000451,300094.03392,64.3560744253922,False,8,109,8:109
20260926T000451,300043.771648,64.3560744253922,False,9,77,9:77
20260926T000451,300081.2608,64.3560744253922,False,10,106,10:106
20260926T000451,300050.134528,64.3560744253922,False,10,107,10:107
20260926T000451,300015.475968,64.3560744253922,False,11,83,11:83
20260926T000451,300110.556928,64.3560744253922,False,12,79,12:79
20260926T000451,300012.444928,64.3560744253922,False,13,103,13:103
20260926T000451,300004.709632,64.3560744253922,False,14,93,14:93
20260926T000451,300044.502016,64.3560744253922,False,15,107,15:107
20260926T000451,300112.443648,64.3560744253922,False,16,84,16:84
20260926T000451,300016.562432,64.3560744253922,False,17,86,17:86
20260926T000451,300115.766784,64.3560744253922,False,18,101,18:101
20260926T000451,300091.519232,64.3560744253922,False,19,76,19:76
20260926T000451,300082.64832,64.3560744253922,False,20,95,20:95
20260926T000451,300069.646848,64.3560744253922,False,21,76,21:76
20260926T000451,300061.769216,64.3560744253922,False,22,83,22:83
20260926T000451,300081.113344,64.3560744253922,False,23,93,23:93
20260926T000451,300009.092096,64.3560744253922,False,24,110,24:110
20260926T000451,300037.261568,64.3560744253922,False,24,111,24:111
20260926T000451,300043.293952,64.3560744253922,False,25,107,25:107
20260926T000451,300111.265024,64.3560744253922,False,26,87,26:87
20260926T000451,300067.813888,64.3560744253922,False,27,92,27:92
20260926T000451,300014.459904,64.3560744253922,False,28,103,28:103
20260926T000451,300028.851456,64.3560744253922,False,29,105,29:105
20260926T000451,300036.762368,64.3560744253922,False,29,106,29:106
20260926T000451,300014.994944,64.3560744253922,False,30,99,30:99
20260926T000451,300056.004864,64.3560744253922,False,31,87,31:87
20260926T000451,300036.868864,64.3560744253922,False,32,108,32:108
20260926T000451,300020.713216,64.3560744253922,False,33,83,33:83
20260926T000451,300036.360704,64.3560744253922,False,35,90,35:90
20260926T000451,300020.651776,64.3560744253922,False,35,91,35:91
20260926T000451,300033.6576,64.3560744253922,False,36,101,36:101
20260926T000451,300025.014784,64.3560744253922,False,37,113,37:113
20260926T000451,300091.23712,64.3560744253922,False,38,86,38:86
20260926T000451,300004.728064,64.3560744253922,False,38,87,38:87
20260926T000451,300066.409472,64.3560744253922,False,39,93,39:93
20260926T000451,300091.462912,64.3560744253922,False,40,93,40:93
20260926T000451,299918.459648,64.3560744253922,True,41,81,41:81
20260926T000451,300083.784704,64.3560744253922,False,42,86,42:86
20260926T000451,299647.378944,64.3560744253922,True,43,75,43:75
20260926T000451,300095.747328,64.3560744253922,False,44,104,44:104
20260926T000451,300027.331584,64.3560744253922,False,45,110,45:110
20260926T000451,300022.076672,64.3560744253922,False,45,111,45:111
20260926T000451,299431.1104,64.3560744253922,True,45,112,45:112
20260926T000451,300093.103616,64.3560744253922,False,46,107,46:107
20260926T000451,300005.485312,64.3560744253922,False,47,78,47:78
20260926T000451,300038.450176,64.3560744253922,False,49,86,49:86
20260926T000451,300056.525312,64.3560744253922,False,50,92,50:92
20260926T000451,300006.238208,64.3560744253922,False,50,93,50:93
20260926T000451,300046.918656,64.3560744253922,False,51,97,51:97
20260926T000451,300036.917504,64.3560744253922,False,51,98,51:98
20260926T000451,300017.377536,64.3560744253922,False,52,104,52:104
20260926T000451,300052.066304,64.3560744253922,False,53,107,53:107
20260926T000451,300040.558848,64.3560744253922,False,54,92,54:92
20260926T000451,300044.97664,64.3560744253922,False,55,80,55:80
20260926T000451,300073.5744,64.3560744253922,False,56,109,56:109
20260926T000451,300052.534528,64.3560744253922,False,57,76,57:76
20260926T000451,300025.097728,64.3560744253922,False,57,77,57:77
20260926T000451,300015.42784,64.3560744253922,False,58,86,58:86
20260926T000451,300024.320512,64.3560744253922,False,59,107,59:107
20260926T000451,300071.69152,64.3560744253922,False,59,108,59:108
20260926T000451,300023.633152,64.3560744253922,False,60,86,60:86
20260926T000451,300034.956032,64.3560744253922,False,61,105,61:105
20260926T000451,300081.046528,64.3560744253922,False,63,97,63:97
20260926T000451,299274.005504,64.3560744253922,True,63,98,63:98
20260926T000452,300045.880832,64.3560744253922,False,0,94,0:94
20260926T000452,299424.33664,64.3560744253922,True,0,95,0:95
20260926T000452,300014.642176,64.3560744253922,False,1,93,1:93
20260926T000452,300042.513664,64.3560744253922,False,2,93,2:93
20260926T000452,300050.16704,64.3560744253922,False,3,98,3:98
20260926T000452,300005.16864,64.3560744253922,False,4,111,4:111
20260926T000452,300054.040576,64.3560744253922,False,6,109,6:109
20260926T000452,300090.557184,64.3560744253922,False,7,80,7:80
20260926T000452,300065.79712,64.3560744253922,False,8,110,8:110
20260926T000452,300050.819328,64.3560744253922,False,9,78,9:78
20260926T000452,300030.462208,64.3560744253922,False,10,108,10:108
20260926T000452,300003.030272,64.3560744253922,False,11,84,11:84
20260926T000452,300017.991168,64.3560744253922,False,12,80,12:80
20260926T000452,299862.532864,64.3560744253922,True,12,81,12:81
20260926T000452,300021.701376,64.3560744253922,False,13,104,13:104
20260926T000452,300036.143616,64.3560744253922,False,14,94,14:94
20260926T000452,300028.660736,64.3560744253922,False,15,108,15:108
20260926T000452,300061.776128,64.3560744253922,False,16,85,16:85
20260926T000452,300015.473408,64.3560744253922,False,17,87,17:87
20260926T000452,300058.242816,64.3560744253922,False,18,102,18:102
20260926T000452,300018.561024,64.3560744253922,False,19,77,19:77
20260926T000452,300015.098368,64.3560744253922,False,20,96,20:96
20260926T000452,300054.092544,64.3560744253922,False,21,77,21:77
20260926T000452,299900.187648,64.3560744253922,True,22,84,22:84
20260926T000452,300009.821952,64.3560744253922,False,23,94,23:94
20260926T000452,300068.798464,64.3560744253922,False,24,112,24:112
20260926T000452,300045.236992,64.3560744253922,False,25,108,25:108
20260926T000452,299425.51296,64.3560744253922,True,26,88,26:88
20260926T000452,299500.67072,64.3560744253922,True,26,89,26:89
20260926T000452,300022.22848,64.3560744253922,False,27,93,27:93
20260926T000452,299898.078208,64.3560744253922,True,28,104,28:104
20260926T000452,299639.602944,64.3560744253922,True,29,107,29:107
20260926T000452,299788.29184,64.3560744253922,True,30,100,30:100
20260926T000452,300065.554176,64.3560744253922,False,31,88,31:88
20260926T000452,300021.570816,64.3560744253922,False,32,109,32:109
20260926T000452,300067.998208,64.3560744253922,False,32,110,32:110
20260926T000452,300072.331008,64.3560744253922,False,33,84,33:84
20260926T000452,300016.080384,64.3560744253922,False,34,74,34:74
20260926T000452,300023.814912,64.3560744253922,False,36,102,36:102
20260926T000452,300036.37632,64.3560744253922,False,37,114,37:114
20260926T000452,300106.399744,64.3560744253922,False,38,88,38:88
20260926T000452,300074.043136,64.3560744253922,False,39,94,39:94
20260926T000452,300009.356288,64.3560744253922,False,40,94,40:94
20260926T000452,300022.41408,64.3560744253922,False,41,82,41:82
20260926T000452,300042.39616,64.3560744253922,False,42,87,42:87
20260926T000452,300002.857984,64.3560744253922,False,43,76,43:76
20260926T000452,300051.420416,64.3560744253922,False,44,105,44:105
20260926T000452,300015.140864,64.3560744253922,False,46,108,46:108
20260926T000452,300018.317568,64.3560744253922,False,47,79,47:79
20260926T000452,300053.520896,64.3560744253922,False,48,77,48:77
20260926T000452,300059.05408,64.3560744253922,False,49,87,49:87
20260926T000452,299541.735168,64.3560744253922,True,49,88,49:88
20260926T000452,300077.538048,64.3560744253922,False,51,99,51:99
20260926T000452,300057.289216,64.3560744253922,False,52,105,52:105
20260926T000452,300034.171136,64.3560744253922,False,52,106,52:106
20260926T000452,300059.580416,64.3560744253922,False,53,108,53:108
20260926T000452,300115.179776,64.3560744253922,False,54,93,54:93
20260926T000452,299804.561664,64.3560744253922,True,55,81,55:81
20260926T000452,300060.721152,64.3560744253922,False,56,110,56:110
20260926T000452,300033.164544,64.3560744253922,False,58,87,58:87
20260926T000452,300008.721152,64.3560744253922,False,59,109,59:109
20260926T000452,300089.545984,64.3560744253922,False,60,87,60:87
20260926T000452,300057.749504,64.3560744253922,False,61,106,61:106
20260926T000452,300073.1008,64.3560744253922,False,62,78,62:78
20260926T000453,299248.147968,64.3560744253922,True,0,96,0:96
20260926T000453,300024.912128,64.3560744253922,False,1,94,1:94
20260926T000453,300016.704,64.3560744253922,False,3,99,3:99
20260926T000453,299837.173504,64.3560744253922,True,4,112,4:112
20260926T000453,300010.568192,64.3560744253922,False,5,83,5:83
20260926T000453,300075.398656,64.3560744253922,False,6,110,6:110
20260926T000453,300017.786368,64.3560744253922,False,7,81,7:81
20260926T000453,300070.466304,64.3560744253922,False,8,111,8:111
20260926T000453,300052.932096,64.3560744253922,False,10,109,10:109
20260926T000453,299147.116288,64.3560744253922,True,10,110,10:110
20260926T000453,300057.613824,64.3560744253922,False,11,85,11:85
20260926T000453,300098.543872,64.3560744253922,False,13,105,13:105
20260926T000453,300083.25504,64.3560744253922,False,15,109,15:109
20260926T000453,299393.151488,64.3560744253922,True,16,86,16:86
20260926T000453,300088.142336,64.3560744253922,False,17,88,17:88
20260926T000453,300047.398656,64.3560744253922,False,18,103,18:103
20260926T000453,300092.884992,64.3560744253922,False,19,78,19:78
20260926T000453,299301.768448,64.3560744253922,True,19,79,19:79
20260926T000453,300095.66208,64.3560744253922,False,20,97,20:97
20260926T000453,300009.843712,64.3560744253922,False,21,78,21:78
20260926T000453,300039.080448,64.3560744253922,False,23,95,23:95
20260926T000453,300050.328832,64.3560744253922,False,24,113,24:113
20260926T000453,300105.799936,64.3560744253922,False,25,109,25:109
20260926T000453,300106.648576,64.3560744253922,False,27,94,27:94
20260926T000453,300071.331584,64.3560744253922,False,29,108,29:108
20260926T000453,300008.953344,64.3560744253922,False,30,101,30:101
20260926T000453,300144.003072,64.3560744253922,False,31,89,31:89
20260926T000453,300066.121216,64.3560744253922,False,32,111,32:111
20260926T000453,300008.630016,64.3560744253922,False,33,85,33:85
20260926T000453,300065.167104,64.3560744253922,False,34,75,34:75
20260926T000453,300085.05856,64.3560744253922,False,35,92,35:92
20260926T000453,300065.248512,64.3560744253922,False,36,103,36:103
20260926T000453,300011.825408,64.3560744253922,False,37,115,37:115
20260926T000453,300080.476928,64.3560744253922,False,39,95,39:95
20260926T000453,299514.192896,64.3560744253922,True,40,95,40:95
20260926T000453,300028.948736,64.3560744253922,False,41,83,41:83
20260926T000453,300026.739456,64.3560744253922,False,43,77,43:77
20260926T000453,300075.584256,64.3560744253922,False,44,106,44:106
20260926T000453,300178.141184,64.3560744253922,False,45,113,45:113
20260926T000453,300064.631552,64.3560744253922,False,46,109,46:109
20260926T000453,300076.97792,64.3560744253922,False,48,78,48:78
20260926T000453,300030.82496,64.3560744253922,False,49,89,49:89
20260926T000453,300136.75776,64.3560744253922,False,50,94,50:94
20260926T000453,300052.246016,64.3560744253922,False,51,100,51:100
20260926T000453,300094.876672,64.3560744253922,False,52,107,52:107
20260926T000453,300009.831424,64.3560744253922,False,53,109,53:109
20260926T000453,299808.09088,64.3560744253922,True,53,110,53:110
20260926T000453,300104.02944,64.3560744253922,False,56,111,56:111
20260926T000453,300041.419264,64.3560744253922,False,56,112,56:112
20260926T000453,300113.622528,64.3560744253922,False,57,78,57:78
20260926T000453,299190.278144,64.3560744253922,True,58,88,58:88
20260926T000453,300070.571264,64.3560744253922,False,59,110,59:110
20260926T000453,300033.729024,64.3560744253922,False,60,88,60:88
20260926T000453,300093.1712,64.3560744253922,False,61,107,61:107
20260926T000453,300017.805312,64.3560744253922,False,61,108,61:108
20260926T000453,300038.083328,64.3560744253922,False,62,79,62:79
20260926T000453,300046.66368,64.3560744253922,False,63,99,63:99
20260926T000454,300122.272768,64.3560744253922,False,1,95,1:95
20260926T000454,300450.711296,64.3560744253922,False,2,94,2:94
20260926T000454,300026.294784,64.3560744253922,False,2,95,2:95
20260926T000454,300234.589952,64.3560744253922,False,3,100,3:100
20260926T000454,300038.148864,64.3560744253922,False,4,113,4:113
20260926T000454,300167.514112,64.3560744253922,False,5,84,5:84
20260926T000454,300443.819008,64.3560744253922,False,6,111,6:111
20260926T000454,300042.924288,64.3560744253922,False,6,112,6:112
20260926T000454,300020.558592,64.3560744253922,False,7,82,7:82
20260926T000454,300035.173376,64.3560744253922,False,8,112,8:112
20260926T000454,300331.208448,64.3560744253922,False,9,79,9:79
20260926T000454,299157.763584,64.3560744253922,True,10,111,10:111
20260926T000454,300020.69888,64.3560744253922,False,11,86,11:86
20260926T000454,300221.02144,64.3560744253922,False,12,82,12:82
20260926T000454,300515.72992,64.3560744253922,False,13,106,13:106
20260926T000454,300040.734976,64.3560744253922,False,13,107,13:107
20260926T000454,300310.331904,64.3560744253922,False,14,95,14:95
20260926T000454,300018.685184,64.3560744253922,False,14,96,14:96
20260926T000454,300253.673728,64.3560744253922,False,15,110,15:110
20260926T000454,300015.136768,64.3560744253922,False,16,87,16:87
20260926T000454,300107.254016,64.3560744253922,False,17,89,17:89
20260926T000454,300507.612416,64.3560744253922,False,18,104,18:104
20260926T000454,300066.496256,64.3560744253922,False,18,105,18:105
20260926T000454,300243.113472,64.3560744253922,False,20,98,20:98
20260926T000454,300089.103616,64.3560744253922,False,21,79,21:79
20260926T000454,300349.468928,64.3560744253922,False,22,85,22:85
20260926T000454,300316.989952,64.3560744253922,False,23,96,23:96
20260926T000454,300460.315136,64.3560744253922,False,24,114,24:114
20260926T000454,300038.178816,64.3560744253922,False,24,115,24:115
20260926T000454,300508.737536,64.3560744253922,False,25,110,25:110
20260926T000454,300080.262144,64.3560744253922,False,25,111,25:111
20260926T000454,300010.167552,64.3560744253922,False,26,90,26:90
20260926T000454,300410.959616,64.3560744253922,False,27,95,27:95
20260926T000454,300489.854976,64.3560744253922,False,28,105,28:105
20260926T000454,300008.373504,64.3560744253922,False,28,106,28:106
20260926T000454,300414.104064,64.3560744253922,False,29,109,29:109
20260926T000454,300157.784832,64.3560744253922,False,30,102,30:102
20260926T000454,300196.455936,64.3560744253922,False,31,90,31:90
20260926T000454,300033.451008,64.3560744253922,False,32,112,32:112
20260926T000454,300350.348544,64.3560744253922,False,33,86,33:86
20260926T000454,300079.001344,64.3560744253922,False,34,76,34:76
20260926T000454,300529.36576,64.3560744253922,False,35,93,35:93
20260926T000454,300048.567296,64.3560744253922,False,35,94,35:94
20260926T000454,300008.054016,64.3560744253922,False,36,104,36:104
20260926T000454,300033.46304,64.3560744253922,False,37,116,37:116
20260926T000454,300542.873344,64.3560744253922,False,38,89,38:89
20260926T000454,300012.328704,64.3560744253922,False,38,90,38:90
20260926T000454,300049.926144,64.3560744253922,False,39,96,39:96
20260926T000454,300093.328896,64.3560744253922,False,40,96,40:96
20260926T000454,300490.087936,64.3560744253922,False,42,88,42:88
20260926T000454,300048.899328,64.3560744253922,False,42,89,42:89
20260926T000454,300138.48704,64.3560744253922,False,43,78,43:78
20260926T000454,300078.541824,64.3560744253922,False,44,107,44:107
20260926T000454,300366.236928,64.3560744253922,False,45,114,45:114
20260926T000454,300067.095808,64.3560744253922,False,46,110,46:110
20260926T000454,300286.985216,64.3560744253922,False,47,80,47:80
20260926T000454,300026.591744,64.3560744253922,False,48,79,48:79
20260926T000454,300018.699008,64.3560744253922,False,49,90,49:90
20260926T000454,300342.723072,64.3560744253922,False,50,95,50:95
20260926T000454,300046.455296,64.3560744253922,False,50,96,50:96
20260926T000454,300046.69312,64.3560744253922,False,51,101,51:101
20260926T000454,299769.16224,64.3560744253922,True,52,108,52:108
20260926T000454,300027.727104,64.3560744253922,False,53,111,53:111
20260926T000454,300541.88672,64.3560744253922,False,54,94,54:94
20260926T000454,300020.945664,64.3560744253922,False,54,95,54:95
20260926T000454,300298.216192,64.3560744253922,False,55,82,55:82
20260926T000454,300044.817664,64.3560744253922,False,55,83,55:83
20260926T000454,300031.438592,64.3560744253922,False,56,113,56:113
20260926T000454,300059.933184,64.3560744253922,False,57,79,57:79
20260926T000454,299686.776064,64.3560744253922,True,58,89,58:89
20260926T000454,300066.486528,64.3560744253922,False,59,111,59:111
20260926T000454,299870.3936,64.3560744253922,True,59,112,59:112
20260926T000454,300073.589248,64.3560744253922,False,60,89,60:89
20260926T000454,300028.951808,64.3560744253922,False,61,109,61:109
20260926T000454,300031.440384,64.3560744253922,False,62,80,62:80
20260926T000454,300053.995264,64.3560744253922,False,63,100,63:100
20260926T000455,300024.11648,64.3560744253922,False,0,97,0:97
20260926T000455,300014.962432,64.3560744253922,False,1,96,1:96
20260926T000455,300171.252224,64.3560744253922,False,2,96,2:96
20260926T000455,300045.682176,64.3560744253922,False,3,101,3:101
20260926T000455,300036.088064,64.3560744253922,False,4,114,4:114
20260926T000455,300033.4976,64.3560744253922,False,4,115,4:115
20260926T000455,300018.441728,64.3560744253922,False,5,85,5:85
20260926T000455,300079.14624,64.3560744253922,False,5,86,5:86
20260926T000455,300002.628096,64.3560744253922,False,6,113,6:113
20260926T000455,300208.946944,64.3560744253922,False,7,83,7:83
20260926T000455,300071.739648,64.3560744253922,False,8,113,8:113
20260926T000455,300031.07328,64.3560744253922,False,8,114,8:114
20260926T000455,300040.487936,64.3560744253922,False,9,80,9:80
20260926T000455,300004.167424,64.3560744253922,False,11,87,11:87
20260926T000455,300026.347776,64.3560744253922,False,12,83,12:83
20260926T000455,300158.258944,64.3560744253922,False,13,108,13:108
20260926T000455,300017.833216,64.3560744253922,False,14,97,14:97
20260926T000455,300064.339712,64.3560744253922,False,15,111,15:111
20260926T000455,300183.912448,64.3560744253922,False,15,112,15:112
20260926T000455,300009.0688,64.3560744253922,False,17,90,17:90
20260926T000455,300055.461888,64.3560744253922,False,18,106,18:106
20260926T000455,300033.715712,64.3560744253922,False,19,80,19:80
20260926T000455,300025.790976,64.3560744253922,False,20,99,20:99
20260926T000455,299583.248128,64.3560744253922,True,20,100,20:100
20260926T000455,300027.487744,64.3560744253922,False,21,80,21:80
20260926T000455,300019.357184,64.3560744253922,False,22,86,22:86
20260926T000455,299719.264512,64.3560744253922,True,22,87,22:87
20260926T000455,300030.592,64.3560744253922,False,23,97,23:97
20260926T000455,300099.926528,64.3560744253922,False,23,98,23:98
20260926T000455,300117.42208,64.3560744253922,False,24,116,24:116
20260926T000455,300007.724544,64.3560744253922,False,25,112,25:112
20260926T000455,300009.87136,64.3560744253922,False,26,91,26:91
20260926T000455,300024.904704,64.3560744253922,False,27,96,27:96
20260926T000455,300099.420928,64.3560744253922,False,27,97,27:97
20260926T000455,300042.559232,64.3560744253922,False,28,107,28:107
20260926T000455,300061.781504,64.3560744253922,False,29,110,29:110
20260926T000455,300144.414976,64.3560744253922,False,29,111,29:111
20260926T000455,300005.159936,64.3560744253922,False,30,103,30:103
20260926T000455,300040.609792,64.3560744253922,False,30,104,30:104
20260926T000455,300039.725312,64.3560744253922,False,31,91,31:91
20260926T000455,300031.482368,64.3560744253922,False,32,113,32:113
20260926T000455,300041.88544,64.3560744253922,False,33,87,33:87
20260926T000455,299722.11968,64.3560744253922,True,34,77,34:77
20260926T000455,300065.527808,64.3560744253922,False,35,95,35:95
20260926T000455,300007.454464,64.3560744253922,False,36,105,36:105
20260926T000455,300034.812672,64.3560744253922,True,37,117,37:117
20260926T000455,300038.308096,64.3560744253922,False,39,97,39:97
20260926T000455,300005.530368,64.3560744253922,False,40,97,40:97
20260926T000455,300057.346048,64.3560744253922,False,41,84,41:84
20260926T000455,300114.65984,64.3560744253922,False,42,90,42:90
20260926T000455,300018.980608,64.3560744253922,False,43,79,43:79
20260926T000455,300025.259776,64.3560744253922,False,44,108,44:108
20260926T000455,300098.293248,64.3560744253922,False,44,109,44:109
20260926T000455,300066.912,64.3560744253922,False,45,115,45:115
20260926T000455,300058.74048,64.3560744253922,False,45,116,45:116
20260926T000455,300056.149248,64.3560744253922,False,46,111,46:111
20260926T000455,300039.483904,64.3560744253922,False,47,81,47:81
20260926T000455,299783.679488,64.3560744253922,True,48,80,48:80
20260926T000455,300205.314816,64.3560744253922,False,49,91,49:91
20260926T000455,300134.778624,64.3560744253922,False,51,102,51:102
20260926T000455,300029.05728,64.3560744253922,False,52,109,52:109
20260926T000455,300177.635584,64.3560744253922,False,53,112,53:112
20260926T000455,300037.503488,64.3560744253922,False,54,96,54:96
20260926T000455,300057.458432,64.3560744253922,False,55,84,55:84
20260926T000455,300171.66592,64.3560744253922,False,56,114,56:114
20260926T000455,300130.591488,64.3560744253922,False,57,80,57:80
20260926T000455,300094.875392,64.3560744253922,False,58,90,58:90
20260926T000455,300118.891264,64.3560744253922,False,59,113,59:113
20260926T000455,300057.853696,64.3560744253922,False,60,90,60:90
20260926T000455,300209.64992,64.3560744253922,False,61,110,61:110
20260926T000455,300043.528192,64.3560744253922,False,62,81,62:81
20260926T000455,300032.443904,64.3560744253922,False,63,101,63:101
20260926T000456,300079.196928,64.3560744253922,False,0,98,0:98
20260926T000456,300045.72928,64.3560744253922,False,0,99,0:99
20260926T000456,300087.02336,64.3560744253922,False,1,97,1:97
20260926T000456,300062.304512,64.3560744253922,False,2,97,2:97
20260926T000456,300023.556864,64.3560744253922,False,3,102,3:102
20260926T000456,300135.625472,64.3560744253922,False,4,116,4:116
20260926T000456,300075.43424,64.3560744253922,False,6,114,6:114
20260926T000456,300051.458048,64.3560744253922,False,7,84,7:84
20260926T000456,300062.285568,64.3560744253922,False,8,115,8:115
20260926T000456,300033.88416,64.3560744253922,False,9,81,9:81
20260926T000456,300078.103808,64.3560744253922,False,10,112,10:112
20260926T000456,299792.083968,64.3560744253922,True,10,113,10:113
20260926T000456,299570.673152,64.3560744253922,True,10,114,10:114
20260926T000456,300066.191104,64.3560744253922,False,11,88,11:88
20260926T000456,300079.356928,64.3560744253922,False,12,84,12:84
20260926T000456,300061.852416,64.3560744253922,False,13,109,13:109
20260926T000456,300013.389312,64.3560744253922,False,14,98,14:98
20260926T000456,300042.966016,64.3560744253922,False,15,113,15:113
20260926T000456,300030.12736,64.3560744253922,False,16,88,16:88
20260926T000456,300101.769216,64.3560744253922,False,17,91,17:91
20260926T000456,300107.618816,64.3560744253922,False,18,107,18:107
20260926T000456,300016.865024,64.3560744253922,False,19,81,19:81
20260926T000456,300013.628928,64.3560744253922,False,21,81,21:81
20260926T000456,300065.032192,64.3560744253922,False,23,99,23:99
20260926T000456,300096.045824,64.3560744253922,False,24,117,24:117
20260926T000456,300028.588032,64.3560744253922,False,25,113,25:113
20260926T000456,300013.987584,64.3560744253922,False,25,114,25:114
20260926T000456,300059.630336,64.3560744253922,False,26,92,26:92
20260926T000456,300072.553728,64.3560744253922,False,28,108,28:108
20260926T000456,300048.324352,64.3560744253922,False,29,112,29:112
20260926T000456,300060.231936,64.3560744253922,True,31,92,31:92
20260926T000456,300049.578752,64.3560744253922,False,32,114,32:114
20260926T000456,300075.683584,64.3560744253922,False,33,88,33:88
20260926T000456,300068.005888,64.3560744253922,False,35,96,35:96
20260926T000456,300101.117952,64.3560744253922,False,36,106,36:106
20260926T000456,300044.76544,64.3560744253922,False,37,118,37:118
20260926T000456,300023.119872,64.3560744253922,False,38,91,38:91
20260926T000456,300094.03136,64.3560744253922,False,39,98,39:98
20260926T000456,299758.1696,64.3560744253922,True,40,98,40:98
20260926T000456,300060.771072,64.3560744253922,False,41,85,41:85
20260926T000456,299304.355328,64.3560744253922,True,41,86,41:86
20260926T000456,300105.196288,64.3560744253922,False,42,91,42:91
20260926T000456,300096.010496,64.3560744253922,False,44,110,44:110
20260926T000456,299586.049536,64.3560744253922,True,45,117,45:117
20260926T000456,300081.755648,64.3560744253922,False,46,112,46:112
20260926T000456,300129.629696,64.3560744253922,False,46,113,46:113
20260926T000456,300035.776256,64.3560744253922,False,47,82,47:82
20260926T000456,300008.987392,64.3560744253922,False,49,92,49:92
20260926T000456,300052.73216,64.3560744253922,False,50,97,50:97
20260926T000456,300016.898048,64.3560744253922,False,51,103,51:103
20260926T000456,300041.479936,64.3560744253922,False,52,110,52:110
20260926T000456,300081.773824,64.3560744253922,False,52,111,52:111
20260926T000456,300074.60736,64.3560744253922,False,53,113,53:113
20260926T000456,300110.567936,64.3560744253922,False,54,97,54:97
20260926T000456,300078.180352,64.3560744253922,False,56,115,56:115
20260926T000456,300093.342464,64.3560744253922,False,57,81,57:81
20260926T000456,300014.861312,64.3560744253922,False,58,91,58:91
20260926T000456,300056.706816,64.3560744253922,False,59,114,59:114
20260926T000456,300131.004672,64.3560744253922,False,60,91,60:91
20260926T000456,299390.613248,64.3560744253922,True,60,92,60:92
20260926T000456,300108.164096,64.3560744253922,False,61,111,61:111
20260926T000456,300110.462464,64.3560744253922,False,62,82,62:82
20260926T000456,300023.427072,64.3560744253922,False,63,102,63:102
20260926T000457,300064.815104,64.3560744253922,False,0,100,0:100
20260926T000457,300054.348032,64.3560744253922,False,1,98,1:98
20260926T000457,300047.01696,64.3560744253922,False,1,99,1:99
20260926T000457,300068.5952,64.3560744253922,False,2,98,2:98
20260926T000457,300004.641024,64.3560744253922,False,3,103,3:103
20260926T000457,300071.593216,64.3560744253922,False,4,117,4:117
20260926T000457,300050.159104,64.3560744253922,False,5,87,5:87
20260926T000457,300132.134144,64.3560744253922,False,5,88,5:88
20260926T000457,300119.334912,64.3560744253922,False,6,115,6:115
20260926T000457,299733.62048,64.3560744253922,True,6,116,6:116
20260926T000457,300059.33696,64.3560744253922,False,7,85,7:85
20260926T000457,300112.567808,64.3560744253922,False,8,116,8:116
20260926T000457,299723.854336,64.3560744253922,True,8,117,8:117
20260926T000457,300015.90272,64.3560744253922,False,9,82,9:82
20260926T000457,300014.364416,64.3560744253922,False,10,115,10:115
20260926T000457,300068.035328,64.3560744253922,False,11,89,11:89
20260926T000457,300016.486144,64.3560744253922,False,12,85,12:85
20260926T000457,299825.261056,64.3560744253922,True,13,110,13:110
20260926T000457,300067.628032,64.3560744253922,False,14,99,14:99
20260926T000457,300036.817152,64.3560744253922,False,15,114,15:114
20260926T000457,300003.319296,64.3560744253922,False,16,89,16:89
20260926T000457,300011.207936,64.3560744253922,False,17,92,17:92
20260926T000457,300036.371968,64.3560744253922,False,19,82,19:82
20260926T000457,300007.10656,64.3560744253922,False,20,101,20:101
20260926T000457,299785.886976,64.3560744253922,True,21,82,21:82
20260926T000457,300099.454976,64.3560744253922,False,22,88,22:88
20260926T000457,300091.017984,64.3560744253922,False,22,89,22:89
20260926T000457,300017.14048,64.3560744253922,False,23,100,23:100
20260926T000457,300045.763584,64.3560744253922,False,24,118,24:118
20260926T000457,300069.476096,64.3560744253922,False,25,115,25:115
20260926T000457,300046.079744,64.3560744253922,False,26,93,26:93
20260926T000457,300145.076224,64.3560744253922,False,27,98,27:98
20260926T000457,300010.287616,64.3560744253922,False,28,109,28:109
20260926T000457,300020.375296,64.3560744253922,False,28,110,28:110
20260926T000457,300038.61376,64.3560744253922,False,29,113,29:113
20260926T000457,300066.966016,64.3560744253922,False,30,105,30:105
20260926T000457,300016.607488,64.3560744253922,False,30,106,30:106
20260926T000457,300079.094784,64.3560744253922,False,31,93,31:93
20260926T000457,300076.25856,64.3560744253922,False,32,115,32:115
20260926T000457,300060.548096,64.3560744253922,False,32,116,32:116
20260926T000457,299580.699648,64.3560744253922,True,32,117,32:117
20260926T000457,300038.308608,64.3560744253922,False,33,89,33:89
20260926T000457,300059.080448,64.3560744253922,False,34,78,34:78
20260926T000457,300017.920512,64.3560744253922,False,35,97,35:97
20260926T000457,300064.992256,64.3560744253922,False,36,107,36:107
20260926T000457,300005.057536,64.3560744253922,False,36,108,36:108
20260926T000457,300139.31392,64.3560744253922,False,37,119,37:119
20260926T000457,300076.928768,64.3560744253922,False,37,120,37:120
20260926T000457,300064.446208,64.3560744253922,False,38,92,38:92
20260926T000457,300102.593792,64.3560744253922,False,39,99,39:99
20260926T000457,300057.179136,64.3560744253922,False,39,100,39:100
20260926T000457,300106.499328,64.3560744253922,False,40,99,40:99
20260926T000457,299325.993472,64.3560744253922,True,41,87,41:87
20260926T000457,300056.562944,64.3560744253922,False,42,92,42:92
20260926T000457,300105.522432,64.3560744253922,False,43,80,43:80
20260926T000457,299389.660416,64.3560744253922,True,43,81,43:81
20260926T000457,300021.219584,64.3560744253922,False,44,111,44:111
20260926T000457,300032.030208,64.3560744253922,False,45,118,45:118
20260926T000457,300061.385472,64.3560744253922,True,46,114,46:114
20260926T000457,300022.792448,64.3560744253922,False,47,83,47:83
20260926T000457,300028.831488,64.3560744253922,False,48,81,48:81
20260926T000457,300089.4464,64.3560744253922,False,49,93,49:93
20260926T000457,300104.012544,64.3560744253922,False,50,98,50:98
20260926T000457,300050.149376,64.3560744253922,False,50,99,50:99
20260926T000457,299188.728064,64.3560744253922,True,50,100,50:100
20260926T000457,300036.445952,64.3560744253922,False,51,104,51:104
20260926T000457,300047.10016,64.3560744253922,False,51,105,51:105
20260926T000457,300083.438592,64.3560744253922,False,52,112,52:112
20260926T000457,300044.531456,64.3560744253922,False,53,114,53:114
20260926T000457,300079.648,64.3560744253922,False,54,98,54:98
20260926T000457,300097.094912,64.3560744253922,False,55,85,55:85
20260926T000457,300035.216384,64.3560744253922,False,55,86,55:86
20260926T000457,300020.187904,64.3560744253922,False,56,116,56:116
20260926T000457,300040.0128,64.3560744253922,False,57,82,57:82
20260926T000457,300129.880832,64.3560744253922,False,59,115,59:115
20260926T000457,300098.145536,64.3560744253922,False,59,116,59:116
20260926T000457,300023.240192,64.3560744253922,False,61,112,61:112
20260926T000457,300052.97792,64.3560744253922,False,61,113,61:113
20260926T000457,300018.252288,64.3560744253922,False,62,83,62:83
20260926T000457,300062.079744,64.3560744253922,False,63,103,63:103
20260926T000458,300048.114944,64.3560744253922,False,0,101,0:101
20260926T000458,300020.033536,64.3560744253922,False,1,100,1:100
20260926T000458,300047.543552,64.3560744253922,False,2,99,2:99
20260926T000458,299583.641856,64.3560744253922,True,2,100,2:100
20260926T000458,300107.917056,64.3560744253922,False,3,104,3:104
20260926T000458,300088.263936,64.3560744253922,False,4,118,4:118
20260926T000458,299703.340544,64.3560744253922,True,4,119,4:119
20260926T000458,300087.128576,64.3560744253922,False,5,89,5:89
20260926T000458,300048.623616,64.3560744253922,False,6,117,6:117
20260926T000458,300016.286464,64.3560744253922,False,7,86,7:86
20260926T000458,300035.672832,64.3560744253922,False,8,118,8:118
20260926T000458,300085.048064,64.3560744253922,False,9,83,9:83
20260926T000458,300084.567808,64.3560744253922,False,10,116,10:116
20260926T000458,300014.157312,64.3560744253922,False,11,90,11:90
20260926T000458,299297.1136,64.3560744253922,True,12,86,12:86
20260926T000458,300057.248512,64.3560744253922,False,13,111,13:111
20260926T000458,300022.427648,64.3560744253922,False,13,112,13:112
20260926T000458,300007.2832,64.3560744253922,False,15,115,15:115
20260926T000458,300079.43808,64.3560744253922,False,16,90,16:90
20260926T000458,300085.957376,64.3560744253922,False,17,93,17:93
20260926T000458,300010.045952,64.3560744253922,False,18,109,18:109
20260926T000458,300101.626368,64.3560744253922,False,19,83,19:83
20260926T000458,300062.504448,64.3560744253922,False,20,102,20:102
20260926T000458,300044.595456,64.3560744253922,False,21,83,21:83
20260926T000458,300090.219008,64.3560744253922,False,22,90,22:90
20260926T000458,300074.705152,64.3560744253922,False,23,101,23:101
20260926T000458,300126.864128,64.3560744253922,False,24,119,24:119
20260926T000458,300031.604224,64.3560744253922,False,25,116,25:116
20260926T000458,300066.690816,64.3560744253922,False,26,94,26:94
20260926T000458,300041.30176,64.3560744253922,False,27,99,27:99
20260926T000458,300086.276096,64.3560744253922,False,27,100,27:100
20260926T000458,300037.545472,64.3560744253922,False,28,111,28:111
20260926T000458,300039.962368,64.3560744253922,False,29,114,29:114
20260926T000458,300069.668864,64.3560744253922,False,31,94,31:94
20260926T000458,300099.867904,64.3560744253922,False,33,90,33:90
20260926T000458,300076.484608,64.3560744253922,False,34,79,34:79
20260926T000458,299976.01792,64.3560744253922,True,35,98,35:98
20260926T000458,300065.307136,64.3560744253922,False,37,121,37:121
20260926T000458,299745.502208,64.3560744253922,True,38,93,38:93
20260926T000458,300077.851392,64.3560744253922,False,39,101,39:101
20260926T000458,299729.26976,64.3560744253922,True,40,100,40:100
20260926T000458,299583.176448,64.3560744253922,True,42,93,42:93
20260926T000458,300034.098176,64.3560744253922,False,44,112,44:112
20260926T000458,300058.08256,64.3560744253922,False,45,119,45:119
20260926T000458,300018.9952,64.3560744253922,False,46,115,46:115
20260926T000458,300055.48672,64.3560744253922,False,47,84,47:84
20260926T000458,300008.603136,64.3560744253922,False,48,82,48:82
20260926T000458,299780.49792,64.3560744253922,True,49,94,49:94
20260926T000458,300076.608,64.3560744253922,False,51,106,51:106
20260926T000458,300059.569664,64.3560744253922,False,52,113,52:113
20260926T000458,300084.829184,64.3560744253922,False,53,115,53:115
20260926T000458,299298.893312,64.3560744253922,True,54,99,54:99
20260926T000458,300086.03776,64.3560744253922,False,56,117,56:117
20260926T000458,300096.094464,64.3560744253922,False,56,118,56:118
20260926T000458,300032.9408,64.3560744253922,False,57,83,57:83
20260926T000458,300099.041024,64.3560744253922,False,58,92,58:92
20260926T000458,300027.854336,64.3560744253922,False,58,93,58:93
20260926T000458,300052.001536,64.3560744253922,False,59,117,59:117
20260926T000458,299418.8544,64.3560744253922,True,59,118,59:118
20260926T000458,300062.046976,64.3560744253922,False,60,93,60:93
20260926T000458,300072.507392,64.3560744253922,False,61,114,61:114
20260926T000458,299952.146432,64.3560744253922,True,62,84,62:84
20260926T000458,300029.87264,64.3560744253922,False,63,104,63:104
20260926T000459,300022.187776,64.3560744253922,False,0,102,0:102
20260926T000459,300108.210176,64.3560744253922,True,1,101,1:101
20260926T000459,300013.191424,64.3560744253922,False,4,120,4:120
20260926T000459,300018.351616,64.3560744253922,False,6,118,6:118
20260926T000459,300054.66112,64.3560744253922,False,7,87,7:87
20260926T000459,300002.12608,64.3560744253922,False,8,119,8:119
20260926T000459,300014.570752,64.3560744253922,False,10,117,10:117
20260926T000459,300057.53984,64.3560744253922,False,11,91,11:91
20260926T000459,300047.500288,64.3560744253922,False,13,113,13:113
20260926T000459,300105.3824,64.3560744253922,False,14,100,14:100
20260926T000459,300050.766592,64.3560744253922,False,15,116,15:116
20260926T000459,300019.451392,64.3560744253922,False,16,91,16:91
20260926T000459,300053.459968,64.3560744253922,False,18,110,18:110
20260926T000459,300020.817408,64.3560744253922,False,20,103,20:103
20260926T000459,300060.290816,64.3560744253922,False,22,91,22:91
20260926T000459,300086.082816,64.3560744253922,False,23,102,23:102
20260926T000459,300042.88384,64.3560744253922,False,24,120,24:120
20260926T000459,300049.281536,64.3560744253922,False,24,121,24:121
20260926T000459,300028.279808,64.3560744253922,False,25,117,25:117
20260926T000459,300071.055872,64.3560744253922,False,26,95,26:95
20260926T000459,300067.010816,64.3560744253922,False,27,101,27:101
20260926T000459,300040.894464,64.3560744253922,False,28,112,28:112
20260926T000459,300055.575808,64.3560744253922,False,29,115,29:115
20260926T000459,300067.264512,64.3560744253922,False,30,107,30:107
20260926T000459,300046.78272,64.3560744253922,False,31,95,31:95
20260926T000459,300009.689344,64.3560744253922,False,32,118,32:118
20260926T000459,300062.598144,64.3560744253922,False,33,91,33:91
20260926T000459,300061.64224,64.3560744253922,False,34,80,34:80
20260926T000459,300096.582144,64.3560744253922,False,35,99,35:99
20260926T000459,300014.525952,64.3560744253922,False,35,100,35:100
20260926T000459,300038.198272,64.3560744253922,False,36,109,36:109
20260926T000459,300076.831488,64.3560744253922,False,37,122,37:122
20260926T000459,300033.6064,64.3560744253922,False,38,94,38:94
20260926T000459,300035.249408,64.3560744253922,False,40,101,40:101
20260926T000459,300041.266944,64.3560744253922,False,41,88,41:88
20260926T000459,299627.459328,64.3560744253922,True,41,89,41:89
20260926T000459,300013.450752,64.3560744253922,False,43,82,43:82
20260926T000459,300029.58336,64.3560744253922,False,44,113,44:113
20260926T000459,300051.395072,64.3560744253922,False,44,114,44:114
20260926T000459,300097.41824,64.3560744253922,False,45,120,45:120
20260926T000459,300057.719552,64.3560744253922,False,46,116,46:116
20260926T000459,300059.72352,64.3560744253922,False,46,117,46:117
20260926T000459,300024.337408,64.3560744253922,False,47,85,47:85
20260926T000459,300023.419136,64.3560744253922,False,48,83,48:83
20260926T000459,300057.202432,64.3560744253922,False,49,95,49:95
20260926T000459,299921.334528,64.3560744253922,True,50,101,50:101
20260926T000459,300007.880704,64.3560744253922,False,51,107,51:107
20260926T000459,300055.187968,64.3560744253922,False,52,114,52:114
20260926T000459,300028.406528,64.3560744253922,False,53,116,53:116
20260926T000459,300090.4,64.3560744253922,False,53,117,53:117
20260926T000459,300070.449152,64.3560744253922,False,55,87,55:87
20260926T000459,300045.372672,64.3560744253922,False,56,119,56:119
20260926T000459,300035.85536,64.3560744253922,False,58,94,58:94
20260926T000459,300015.263488,64.3560744253922,False,60,94,60:94
20260926T000459,299951.909888,64.3560744253922,True,61,115,61:115
20260926T000459,300082.456576,64.3560744253922,False,63,105,63:105
20260926T000500,300022.758656,64.3560744253922,False,0,103,0:103
20260926T000500,300018.235648,64.3560744253922,False,1,102,1:102
20260926T000500,299371.257344,64.3560744253922,True,1,103,1:103
20260926T000500,300088.568576,64.3560744253922,False,2,101,2:101
20260926T000500,300057.062912,64.3560744253922,False,3,106,3:106
20260926T000500,300059.104512,64.3560744253922,False,4,121,4:121
20260926T000500,300033.737472,64.3560744253922,False,5,90,5:90
20260926T000500,300060.354048,64.3560744253922,False,5,91,5:91
20260926T000500,300081.106432,64.3560744253922,False,6,119,6:119
20260926T000500,299324.913408,64.3560744253922,True,7,88,7:88
20260926T000500,300094.348288,64.3560744253922,False,8,120,8:120
20260926T000500,300104.43264,64.3560744253922,False,9,84,9:84
20260926T000500,300072.126208,64.3560744253922,False,10,118,10:118
20260926T000500,300085.837056,64.3560744253922,False,11,92,11:92
20260926T000500,300016.9344,64.3560744253922,False,12,87,12:87
20260926T000500,300060.29824,64.3560744253922,False,13,114,13:114
20260926T000500,300018.803968,64.3560744253922,False,14,101,14:101
20260926T000500,300053.135104,64.3560744253922,False,14,102,14:102
20260926T000500,300018.397184,64.3560744253922,False,15,117,15:117
20260926T000500,300068.434176,64.3560744253922,False,16,92,16:92
20260926T000500,300014.427392,64.3560744253922,False,17,94,17:94
20260926T000500,300003.31264,64.3560744253922,False,18,111,18:111
20260926T000500,300078.556416,64.3560744253922,False,18,112,18:112
20260926T000500,300049.335808,64.3560744253922,False,19,84,19:84
20260926T000500,300043.326208,64.3560744253922,False,19,85,19:85
20260926T000500,300086.04928,64.3560744253922,False,20,104,20:104
20260926T000500,300063.487744,64.3560744253922,False,21,84,21:84
20260926T000500,300060.175616,64.3560744253922,False,22,92,22:92
20260926T000500,300041.107456,64.3560744253922,False,23,103,23:103
20260926T000500,300085.442816,64.3560744253922,False,23,104,23:104
20260926T000500,300015.027968,64.3560744253922,False,24,122,24:122
20260926T000500,300020.197632,64.3560744253922,False,25,118,25:118
20260926T000500,300012.121344,64.3560744253922,False,25,119,25:119
20260926T000500,299361.642496,64.3560744253922,True,26,96,26:96
20260926T000500,300005.039104,64.3560744253922,False,27,102,27:102
20260926T000500,300021.17632,64.3560744253922,False,28,113,28:113
20260926T000500,300037.231872,64.3560744253922,False,29,116,29:116
20260926T000500,300087.802368,64.3560744253922,False,29,117,29:117
20260926T000500,300056.904704,64.3560744253922,False,30,108,30:108
20260926T000500,300032.639744,64.3560744253922,False,31,96,31:96
20260926T000500,300054.530304,64.3560744253922,False,32,119,32:119
20260926T000500,299848.137472,64.3560744253922,True,32,120,32:120
20260926T000500,300115.092736,64.3560744253922,False,33,92,33:92
20260926T000500,299612.883712,64.3560744253922,True,35,101,35:101
20260926T000500,300068.329728,64.3560744253922,False,36,110,36:110
20260926T000500,300035.66208,64.3560744253922,False,36,111,36:111
20260926T000500,299445.547008,64.3560744253922,True,37,123,37:123
20260926T000500,300064.04992,64.3560744253922,False,38,95,38:95
20260926T000500,300037.659648,64.3560744253922,False,39,102,39:102
20260926T000500,300046.947328,64.3560744253922,False,39,103,39:103
20260926T000500,300077.946368,64.3560744253922,False,40,102,40:102
20260926T000500,300014.236928,64.3560744253922,False,42,94,42:94
20260926T000500,300074.938368,64.3560744253922,False,43,83,43:83
20260926T000500,300020.105472,64.3560744253922,False,44,115,44:115
20260926T000500,300050.56256,64.3560744253922,False,45,121,45:121
20260926T000500,300019.30752,64.3560744253922,False,45,122,45:122
20260926T000500,300034.488064,64.3560744253922,False,46,118,46:118
20260926T000500,300006.575616,64.3560744253922,False,47,86,47:86
20260926T000500,300083.812864,64.3560744253922,False,48,84,48:84
20260926T000500,300037.922048,64.3560744253922,False,49,96,49:96
20260926T000500,300010.00576,64.3560744253922,False,50,102,50:102
20260926T000500,300030.123264,64.3560744253922,False,51,108,51:108
20260926T000500,300010.8416,64.3560744253922,False,52,115,52:115
20260926T000500,300018.838016,64.3560744253922,False,53,118,53:118
20260926T000500,300055.938816,64.3560744253922,False,54,100,54:100
20260926T000500,300016.921088,64.3560744253922,False,54,101,54:101
20260926T000500,300008.441856,64.3560744253922,False,55,88,55:88
20260926T000500,300109.652992,64.3560744253922,False,56,120,56:120
20260926T000500,300086.547968,64.3560744253922,False,57,84,57:84
20260926T000500,300083.021056,64.3560744253922,False,57,85,57:85
20260926T000500,300015.00288,64.3560744253922,False,58,95,58:95
20260926T000500,300058.598144,64.3560744253922,False,59,119,59:119
20260926T000500,300093.80992,64.3560744253922,False,60,95,60:95
20260926T000500,300098.96064,64.3560744253922,False,61,116,61:116
20260926T000500,300047.632896,64.3560744253922,False,62,85,62:85
20260926T000500,300065.551104,64.3560744253922,False,63,106,63:106
20260926T000500,300017.115136,64.3560744253922,False,63,107,63:107
20260926T000501,300052.879104,64.3560744253922,False,0,104,0:104
20260926T000501,300063.538176,64.3560744253922,False,2,102,2:102
20260926T000501,300061.96352,64.3560744253922,False,3,107,3:107
20260926T000501,300020.271872,64.3560744253922,False,4,122,4:122
20260926T000501,300030.59968,64.3560744253922,False,5,92,5:92
20260926T000501,300062.586368,64.3560744253922,False,6,120,6:120
20260926T000501,300078.947328,64.3560744253922,False,6,121,6:121
20260926T000501,299665.831168,64.3560744253922,True,7,89,7:89
20260926T000501,300078.268672,64.3560744253922,False,8,121,8:121
20260926T000501,300018.149888,64.3560744253922,False,8,122,8:122
20260926T000501,300016.825856,64.3560744253922,False,9,85,9:85
20260926T000501,300030.018304,64.3560744253922,False,10,119,10:119
20260926T000501,300028.059392,64.3560744253922,False,12,88,12:88
20260926T000501,300100.378112,64.3560744253922,False,13,115,13:115
20260926T000501,299888.997376,64.3560744253922,True,13,116,13:116
20260926T000501,300013.018368,64.3560744253922,False,14,103,14:103
20260926T000501,300029.444608,64.3560744253922,False,15,118,15:118
20260926T000501,300019.964672,64.3560744253922,False,16,93,16:93
20260926T000501,300081.662208,64.3560744253922,False,17,95,17:95
20260926T000501,300077.649408,64.3560744253922,False,18,113,18:113
20260926T000501,300011.8656,64.3560744253922,False,20,105,20:105
20260926T000501,300022.801664,64.3560744253922,False,20,106,20:106
20260926T000501,299214.864896,64.3560744253922,True,20,107,20:107
20260926T000501,300050.987008,64.3560744253922,False,21,85,21:85
20260926T000501,300090.797824,64.3560744253922,False,22,93,22:93
20260926T000501,300026.671104,64.3560744253922,False,23,105,23:105
20260926T000501,300023.351808,64.3560744253922,False,24,123,24:123
20260926T000501,300082.105856,64.3560744253922,False,25,120,25:120
20260926T000501,300020.133632,64.3560744253922,False,27,103,27:103
20260926T000501,300025.184768,64.3560744253922,False,28,114,28:114
20260926T000501,300088.616448,64.3560744253922,False,29,118,29:118
20260926T000501,300056.637184,64.3560744253922,False,30,109,30:109
20260926T000501,300037.762048,64.3560744253922,False,31,97,31:97
20260926T000501,300069.106944,64.3560744253922,False,32,121,32:121
20260926T000501,300011.436288,64.3560744253922,False,33,93,33:93
20260926T000501,300090.657536,64.3560744253922,False,34,81,34:81
20260926T000501,300014.053632,64.3560744253922,False,35,102,35:102
20260926T000501,300043.341056,64.3560744253922,False,36,112,36:112
20260926T000501,300017.2416,64.3560744253922,False,37,124,37:124
20260926T000501,300049.991168,64.3560744253922,False,38,96,38:96
20260926T000501,299755.111936,64.3560744253922,True,40,103,40:103
20260926T000501,300048.03712,64.3560744253922,False,41,90,41:90
20260926T000501,300059.205632,64.3560744253922,False,42,95,42:95
20260926T000501,300082.293504,64.3560744253922,False,43,84,43:84
20260926T000501,300064.778496,64.3560744253922,False,44,116,44:116
20260926T000501,300044.209664,64.3560744253922,False,45,123,45:123
20260926T000501,300075.345408,64.3560744253922,False,46,119,46:119
20260926T000501,300025.68064,64.3560744253922,False,47,87,47:87
20260926T000501,300016.66304,64.3560744253922,False,48,85,48:85
20260926T000501,300090.938368,64.3560744253922,False,49,97,49:97
20260926T000501,300073.09568,64.3560744253922,False,50,103,50:103
20260926T000501,300018.304256,64.3560744253922,False,51,109,51:109
20260926T000501,299294.697216,64.3560744253922,True,51,110,51:110
20260926T000501,300010.78528,64.3560744253922,False,52,116,52:116
20260926T000501,300010.371584,64.3560744253922,False,53,119,53:119
20260926T000501,300045.317632,64.3560744253922,False,54,102,54:102
20260926T000501,300066.6368,64.3560744253922,False,55,89,55:89
20260926T000501,300063.77344,64.3560744253922,False,56,121,56:121
20260926T000501,300096.526336,64.3560744253922,False,59,120,59:120
20260926T000501,299759.396352,64.3560744253922,True,60,96,60:96
20260926T000501,300040.053248,64.3560744253922,False,61,117,61:117
20260926T000501,300073.700096,64.3560744253922,False,62,86,62:86
20260926T000502,300062.510592,64.3560744253922,False,0,105,0:105
20260926T000502,300046.987776,64.3560744253922,False,1,104,1:104
20260926T000502,300054.111744,64.3560744253922,False,2,103,2:103
20260926T000502,299699.597056,64.3560744253922,True,2,104,2:104
20260926T000502,300065.620992,64.3560744253922,False,3,108,3:108
20260926T000502,300021.026816,64.3560744253922,False,4,123,4:123
20260926T000502,300026.842112,64.3560744253922,False,5,93,5:93
20260926T000502,300015.74144,64.3560744253922,False,6,122,6:122
20260926T000502,300077.753088,64.3560744253922,False,7,90,7:90
20260926T000502,300003.200256,64.3560744253922,False,8,123,8:123
20260926T000502,300088.52736,64.3560744253922,False,9,86,9:86
20260926T000502,300030.363648,64.3560744253922,False,10,120,10:120
20260926T000502,300021.19424,64.3560744253922,False,11,93,11:93
20260926T000502,300046.874624,64.3560744253922,False,12,89,12:89
20260926T000502,300056.579584,64.3560744253922,False,14,104,14:104
20260926T000502,300093.094912,64.3560744253922,False,15,119,15:119
20260926T000502,300072.377344,64.3560744253922,False,17,96,17:96
20260926T000502,300038.466048,64.3560744253922,False,18,114,18:114
20260926T000502,300079.409408,64.3560744253922,False,19,86,19:86
20260926T000502,299757.563392,64.3560744253922,True,19,87,19:87
20260926T000502,300096.48256,64.3560744253922,False,21,86,21:86
20260926T000502,300105.512448,64.3560744253922,False,22,94,22:94
20260926T000502,300059.834368,64.3560744253922,False,23,106,23:106
20260926T000502,300007.9552,64.3560744253922,False,24,124,24:124
20260926T000502,300061.480448,64.3560744253922,False,25,121,25:121
20260926T000502,300014.022912,64.3560744253922,False,26,97,26:97
20260926T000502,300047.035648,64.3560744253922,False,28,115,28:115
20260926T000502,300040.269824,64.3560744253922,False,29,119,29:119
20260926T000502,300031.8592,64.3560744253922,False,30,110,30:110
20260926T000502,300053.530112,64.3560744253922,False,30,111,30:111
20260926T000502,300108.737792,64.3560744253922,False,31,98,31:98
20260926T000502,300039.32032,64.3560744253922,True,32,122,32:122
20260926T000502,300018.448128,64.3560744253922,False,33,94,33:94
20260926T000502,300048.050688,64.3560744253922,False,34,82,34:82
20260926T000502,300034.848768,64.3560744253922,False,34,83,34:83
20260926T000502,300060.983296,64.3560744253922,False,35,103,35:103
20260926T000502,300027.805184,64.3560744253922,False,35,104,35:104
20260926T000502,300012.564224,64.3560744253922,False,36,113,36:113
20260926T000502,300074.645504,64.3560744253922,False,37,125,37:125
20260926T000502,299417.662464,64.3560744253922,True,37,126,37:126
20260926T000502,299701.020416,64.3560744253922,True,38,97,38:97
20260926T000502,300087.224064,64.3560744253922,False,39,104,39:104
20260926T000502,300007.166208,64.3560744253922,False,39,105,39:105
20260926T000502,300019.40864,64.3560744253922,False,40,104,40:104
20260926T000502,300037.5104,64.3560744253922,False,41,91,41:91
20260926T000502,300053.007104,64.3560744253922,False,42,96,42:96
20260926T000502,300014.112768,64.3560744253922,False,43,85,43:85
20260926T000502,299632.163328,64.3560744253922,True,44,117,44:117
20260926T000502,300023.96032,64.3560744253922,False,45,124,45:124
20260926T000502,300055.598592,64.3560744253922,False,46,120,46:120
20260926T000502,300053.7664,64.3560744253922,False,47,88,47:88
20260926T000502,300064.05248,64.3560744253922,False,48,86,48:86
20260926T000502,300068.837632,64.3560744253922,False,50,104,50:104
20260926T000502,300081.478656,64.3560744253922,False,52,117,52:117
20260926T000502,300025.761536,64.3560744253922,False,52,118,52:118
20260926T000502,300100.022272,64.3560744253922,False,53,120,53:120
20260926T000502,300065.747456,64.3560744253922,False,55,90,55:90
20260926T000502,300031.158016,64.3560744253922,False,56,122,56:122
20260926T000502,300069.753344,64.3560744253922,False,56,123,56:123
20260926T000502,300100.10368,64.3560744253922,False,57,86,57:86
20260926T000502,300029.87392,64.3560744253922,False,58,96,58:96
20260926T000502,300047.133952,64.3560744253922,False,59,121,59:121
20260926T000502,300028.33408,64.3560744253922,False,60,97,60:97
20260926T000502,300028.493824,64.3560744253922,False,61,118,61:118
20260926T000502,300040.845056,64.3560744253922,False,62,87,62:87
20260926T000502,300063.148032,64.3560744253922,False,63,108,63:108
20260926T000503,300033.782784,64.3560744253922,False,0,106,0:106
20260926T000503,300018.836224,64.3560744253922,False,1,105,1:105
20260926T000503,300058.450944,64.3560744253922,False,2,105,2:105
20260926T000503,300016.538368,64.3560744253922,False,3,109,3:109
20260926T000503,300070.729216,64.3560744253922,True,4,124,4:124
20260926T000503,300067.248384,64.3560744253922,False,4,125,4:125
20260926T000503,300019.492864,64.3560744253922,False,5,94,5:94
20260926T000503,300116.921856,64.3560744253922,False,6,123,6:123
20260926T000503,300020.045056,64.3560744253922,False,7,91,7:91
20260926T000503,300010.105344,64.3560744253922,False,8,124,8:124
20260926T000503,299976.976128,64.3560744253922,True,8,125,8:125
20260926T000503,300085.929216,64.3560744253922,False,9,87,9:87
20260926T000503,300049.160192,64.3560744253922,False,10,121,10:121
20260926T000503,300021.41824,64.3560744253922,False,10,122,10:122
20260926T000503,300028.963328,64.3560744253922,False,11,94,11:94
20260926T000503,300006.680832,64.3560744253922,False,12,90,12:90
20260926T000503,300105.559296,64.3560744253922,False,13,117,13:117
20260926T000503,300063.385088,64.3560744253922,False,13,118,13:118
20260926T000503,300070.617344,64.3560744253922,False,14,105,14:105
20260926T000503,300053.789184,64.3560744253922,False,15,120,15:120
20260926T000503,300114.119168,64.3560744253922,False,16,94,16:94
20260926T000503,300072.173312,64.3560744253922,False,17,97,17:97
20260926T000503,300051.258624,64.3560744253922,False,18,115,18:115
20260926T000503,300020.364032,64.3560744253922,False,20,108,20:108
20260926T000503,300023.844096,64.3560744253922,False,21,87,21:87
20260926T000503,300100.049408,64.3560744253922,False,22,95,22:95
20260926T000503,300058.627584,64.3560744253922,False,23,107,23:107
20260926T000503,300058.304512,64.3560744253922,False,24,125,24:125
20260926T000503,300073.594368,64.3560744253922,False,24,126,24:126
20260926T000503,300090.888192,64.3560744253922,False,25,122,25:122
20260926T000503,300051.598592,64.3560744253922,False,26,98,26:98
20260926T000503,300048.355584,64.3560744253922,False,26,99,26:99
20260926T000503,300088.478208,64.3560744253922,False,27,104,27:104
20260926T000503,300031.237888,64.3560744253922,False,28,116,28:116
20260926T000503,300046.385152,64.3560744253922,False,29,120,29:120
20260926T000503,300064.868096,64.3560744253922,False,29,121,29:121
20260926T000503,300067.48928,64.3560744253922,False,30,112,30:112
20260926T000503,300027.324416,64.3560744253922,False,31,99,31:99
20260926T000503,300036.175616,64.3560744253922,False,32,123,32:123
20260926T000503,300079.006208,64.3560744253922,False,33,95,33:95
20260926T000503,300041.572352,64.3560744253922,False,35,105,35:105
20260926T000503,300095.960064,64.3560744253922,False,36,114,36:114
20260926T000503,300051.367936,64.3560744253922,False,36,115,36:115
20260926T000503,300038.853376,64.3560744253922,False,37,127,37:127
20260926T000503,300054.317824,64.3560744253922,False,38,98,38:98
20260926T000503,300041.860864,64.3560744253922,False,39,106,39:106
20260926T000503,300096.809216,64.3560744253922,False,40,105,40:105
20260926T000503,300075.308032,64.3560744253922,False,40,106,40:106
20260926T000503,300017.56416,64.3560744253922,False,41,92,41:92
20260926T000503,300071.934464,64.3560744253922,False,42,97,42:97
20260926T000503,300060.330496,64.3560744253922,False,43,86,43:86
20260926T000503,300067.800832,64.3560744253922,False,44,118,44:118
20260926T000503,300048.29056,64.3560744253922,False,44,119,44:119
20260926T000503,300079.98976,64.3560744253922,False,45,125,45:125
20260926T000503,300022.215168,64.3560744253922,False,45,126,45:126
20260926T000503,300071.93856,64.3560744253922,False,46,121,46:121
20260926T000503,300048.696064,64.3560744253922,False,46,122,46:122
20260926T000503,300083.476224,64.3560744253922,False,47,89,47:89
20260926T000503,300019.78752,64.3560744253922,False,48,87,48:87
20260926T000503,300065.829376,64.3560744253922,False,49,98,49:98
20260926T000503,299816.50816,64.3560744253922,True,49,99,49:99
20260926T000503,300050.00832,64.3560744253922,False,50,105,50:105
20260926T000503,300051.424512,64.3560744253922,False,51,111,51:111
20260926T000503,300086.655488,64.3560744253922,False,52,119,52:119
20260926T000503,300025.7792,64.3560744253922,False,53,121,53:121
20260926T000503,300007.175936,64.3560744253922,False,53,122,53:122
20260926T000503,300090.47552,64.3560744253922,False,54,103,54:103
20260926T000503,300038.445056,64.3560744253922,False,54,104,54:104
20260926T000503,300104.67456,64.3560744253922,False,55,91,55:91
20260926T000503,300028.519936,64.3560744253922,False,56,124,56:124
20260926T000503,300025.724928,64.3560744253922,False,56,125,56:125
20260926T000503,300070.066944,64.3560744253922,False,57,87,57:87
20260926T000503,300070.102528,64.3560744253922,False,58,97,58:97
20260926T000503,300084.771072,64.3560744253922,False,59,122,59:122
20260926T000503,300036.177408,64.3560744253922,False,59,123,59:123
20260926T000503,300065.97888,64.3560744253922,False,60,98,60:98
20260926T000503,300005.529344,64.3560744253922,False,61,119,61:119
20260926T000503,300058.042368,64.3560744253922,False,61,120,61:120
20260926T000503,300046.9888,64.3560744253922,False,63,109,63:109
20260926T000503,300043.479552,64.3560744253922,False,63,110,63:110
20260926T000504,300004.79488,64.3560744253922,False,0,107,0:107
20260926T000504,300089.917184,64.3560744253922,False,1,106,1:106
20260926T000504,300084.496128,64.3560744253922,False,2,106,2:106
20260926T000504,300066.72256,64.3560744253922,False,3,110,3:110
20260926T000504,300021.565952,64.3560744253922,False,4,126,4:126
20260926T000504,300037.511168,64.3560744253922,False,5,95,5:95
20260926T000504,300059.2768,64.3560744253922,False,5,96,5:96
20260926T000504,300116.514048,64.3560744253922,False,6,124,6:124
20260926T000504,300053.36448,64.3560744253922,False,6,125,6:125
20260926T000504,300091.265024,64.3560744253922,False,8,126,8:126
20260926T000504,300040.807168,64.3560744253922,False,9,88,9:88
20260926T000504,300079.048448,64.3560744253922,False,10,123,10:123
20260926T000504,300061.078016,64.3560744253922,False,11,95,11:95
20260926T000504,300058.42688,64.3560744253922,False,11,96,11:96
20260926T000504,300012.377344,64.3560744253922,False,12,91,12:91
20260926T000504,300014.528,64.3560744253922,False,13,119,13:119
20260926T000504,300084.276224,64.3560744253922,False,14,106,14:106
20260926T000504,300026.933248,64.3560744253922,False,15,121,15:121
20260926T000504,300078.56512,64.3560744253922,False,16,95,16:95
20260926T000504,300038.113792,64.3560744253922,False,17,98,17:98
20260926T000504,300008.788736,64.3560744253922,False,18,116,18:116
20260926T000504,300002.699008,64.3560744253922,False,19,88,19:88
20260926T000504,300060.030208,64.3560744253922,False,20,109,20:109
20260926T000504,299777.846272,64.3560744253922,True,21,88,21:88
20260926T000504,300066.657536,64.3560744253922,False,22,96,22:96
20260926T000504,300084.645888,64.3560744253922,False,23,108,23:108
20260926T000504,300050.019584,64.3560744253922,False,24,127,24:127
20260926T000504,300103.456,64.3560744253922,False,25,123,25:123
20260926T000504,300025.307904,64.3560744253922,False,25,124,25:124
20260926T000504,299284.19456,64.3560744253922,True,26,100,26:100
20260926T000504,300070.24384,64.3560744253922,False,27,105,27:105
20260926T000504,300022.181888,64.3560744253922,False,27,106,27:106
20260926T000504,300034.875392,64.3560744253922,False,28,117,28:117
20260926T000504,300007.135488,64.3560744253922,False,28,118,28:118
20260926T000504,299375.249664,64.3560744253922,True,29,122,29:122
20260926T000504,300035.671552,64.3560744253922,False,30,113,30:113
20260926T000504,300012.997376,64.3560744253922,False,31,100,31:100
20260926T000504,300034.954752,64.3560744253922,False,32,124,32:124
20260926T000504,300112.788224,64.3560744253922,False,33,96,33:96
20260926T000504,300089.71648,64.3560744253922,False,34,84,34:84
20260926T000504,300039.482112,64.3560744253922,False,35,106,35:106
20260926T000504,300010.327808,64.3560744253922,False,36,116,36:116
20260926T000504,300030.720256,64.3560744253922,False,37,128,37:128
20260926T000504,300038.650368,64.3560744253922,False,39,107,39:107
20260926T000504,300052.284416,64.3560744253922,False,41,93,41:93
20260926T000504,300089.701888,64.3560744253922,False,41,94,41:94
20260926T000504,300069.511936,64.3560744253922,False,42,98,42:98
20260926T000504,299923.5328,64.3560744253922,True,43,87,43:87
20260926T000504,300100.58496,64.3560744253922,False,44,120,44:120
20260926T000504,300023.083264,64.3560744253922,False,45,127,45:127
20260926T000504,300092.057344,64.3560744253922,False,46,123,46:123
20260926T000504,300058.852864,64.3560744253922,False,47,90,47:90
20260926T000504,299566.106624,64.3560744253922,True,48,88,48:88
20260926T000504,300084.119552,64.3560744253922,False,50,106,50:106
20260926T000504,300080.01152,64.3560744253922,False,51,112,51:112
20260926T000504,300019.979008,64.3560744253922,False,51,113,51:113
20260926T000504,300059.259648,64.3560744253922,False,52,120,52:120
20260926T000504,300034.537472,64.3560744253922,False,55,92,55:92
20260926T000504,300099.991552,64.3560744253922,False,57,88,57:88
20260926T000504,299412.365312,64.3560744253922,True,57,89,57:89
20260926T000504,299819.918848,64.3560744253922,True,58,98,58:98
20260926T000504,300088.211712,64.3560744253922,False,59,124,59:124
20260926T000504,300103.925248,64.3560744253922,False,60,99,60:99
20260926T000504,300043.449088,64.3560744253922,True,61,121,61:121
20260926T000504,300028.515328,64.3560744253922,False,62,88,62:88
20260926T000504,300011.23456,64.3560744253922,False,63,111,63:111
20260926T000505,300062.427648,64.3560744253922,False,0,108,0:108
20260926T000505,300080.80384,64.3560744253922,False,1,107,1:107
20260926T000505,300095.308544,64.3560744253922,False,2,107,2:107
20260926T000505,300010.196224,64.3560744253922,False,3,111,3:111
20260926T000505,300060.621056,64.3560744253922,False,4,127,4:127
20260926T000505,299400.972544,64.3560744253922,True,4,128,4:128
20260926T000505,300059.50592,64.3560744253922,False,5,97,5:97
20260926T000505,300051.766528,64.3560744253922,False,6,126,6:126
20260926T000505,300007.825664,64.3560744253922,False,7,92,7:92
20260926T000505,300087.976448,64.3560744253922,False,8,127,8:127
20260926T000505,300055.28064,64.3560744253922,False,9,89,9:89
20260926T000505,300100.803584,64.3560744253922,False,10,124,10:124
20260926T000505,300058.988288,64.3560744253922,False,11,97,11:97
20260926T000505,300047.044608,64.3560744253922,False,12,92,12:92
20260926T000505,300048.33408,64.3560744253922,False,13,120,13:120
20260926T000505,300109.712128,64.3560744253922,False,14,107,14:107
20260926T000505,300078.457088,64.3560744253922,False,15,122,15:122
20260926T000505,300059.062528,64.3560744253922,False,15,123,15:123
20260926T000505,300057.917952,64.3560744253922,False,16,96,16:96
20260926T000505,300034.206208,64.3560744253922,False,17,99,17:99
20260926T000505,300024.525056,64.3560744253922,False,18,117,18:117
20260926T000505,300068.956416,64.3560744253922,False,18,118,18:118
20260926T000505,300092.057344,64.3560744253922,False,19,89,19:89
20260926T000505,300099.061504,64.3560744253922,False,20,110,20:110
20260926T000505,300042.249216,64.3560744253922,False,21,89,21:89
20260926T000505,300030.46912,64.3560744253922,False,22,97,22:97
20260926T000505,300061.16736,64.3560744253922,False,23,109,23:109
20260926T000505,300011.871488,64.3560744253922,False,24,128,24:128
20260926T000505,300017.131008,64.3560744253922,False,25,125,25:125
20260926T000505,299096.921856,64.3560744253922,True,25,126,25:126
20260926T000505,300080.559616,64.3560744253922,False,27,107,27:107
20260926T000505,300014.294016,64.3560744253922,False,28,119,28:119
20260926T000505,300007.469056,64.3560744253922,False,29,123,29:123
20260926T000505,300060.21504,64.3560744253922,False,30,114,30:114
20260926T000505,300031.975168,64.3560744253922,False,31,101,31:101
20260926T000505,300056.845312,64.3560744253922,False,32,125,32:125
20260926T000505,300093.276928,64.3560744253922,False,33,97,33:97
20260926T000505,300029.220352,64.3560744253922,False,34,85,34:85
20260926T000505,300058.69312,64.3560744253922,False,35,107,35:107
20260926T000505,300077.913856,64.3560744253922,False,36,117,36:117
20260926T000505,300045.921536,64.3560744253922,False,37,129,37:129
20260926T000505,300064.360192,64.3560744253922,False,37,130,37:130
20260926T000505,300054.424064,64.3560744253922,False,38,99,38:99
20260926T000505,300093.96864,64.3560744253922,False,39,108,39:108
20260926T000505,300078.234368,64.3560744253922,False,40,107,40:107
20260926T000505,300067.432448,64.3560744253922,False,41,95,41:95
20260926T000505,300093.569792,64.3560744253922,False,42,99,42:99
20260926T000505,300064.446976,64.3560744253922,False,44,121,44:121
20260926T000505,300074.942208,64.3560744253922,False,45,128,45:128
20260926T000505,299627.993856,64.3560744253922,True,45,129,45:129
20260926T000505,300087.287552,64.3560744253922,False,46,124,46:124
20260926T000505,300022.073344,64.3560744253922,False,47,91,47:91
20260926T000505,300050.955008,64.3560744253922,False,48,89,48:89
20260926T000505,300029.217024,64.3560744253922,False,49,100,49:100
20260926T000505,300057.499648,64.3560744253922,False,49,101,49:101
20260926T000505,300040.904448,64.3560744253922,False,50,107,50:107
20260926T000505,300077.095936,64.3560744253922,False,51,114,51:114
20260926T000505,300038.030336,64.3560744253922,False,52,121,52:121
20260926T000505,300018.214144,64.3560744253922,False,53,123,53:123
20260926T000505,299405.712128,64.3560744253922,True,53,124,53:124
20260926T000505,300063.162368,64.3560744253922,False,54,105,54:105
20260926T000505,300004.094976,64.3560744253922,False,55,93,55:93
20260926T000505,300093.591296,64.3560744253922,False,56,126,56:126
20260926T000505,300042.310656,64.3560744253922,False,56,127,56:127
20260926T000505,299638.21568,64.3560744253922,True,57,90,57:90
20260926T000505,300095.968,64.3560744253922,False,58,99,58:99
20260926T000505,300070.689536,64.3560744253922,False,58,100,58:100
20260926T000505,300079.105536,64.3560744253922,False,59,125,59:125
20260926T000505,299805.476864,64.3560744253922,True,60,100,60:100
20260926T000505,300021.90208,64.3560744253922,False,61,122,61:122
20260926T000505,300034.578176,64.3560744253922,False,62,89,62:89
20260926T000505,300007.379968,64.3560744253922,False,63,112,63:112
20260926T000506,300573.492992,64.3560744253922,True,0,109,0:109
20260926T000506,300074.615808,64.3560744253922,False,0,110,0:110
20260926T000506,300634.665728,64.3560744253922,False,1,108,1:108
20260926T000506,300054.492672,64.3560744253922,False,1,109,1:109
20260926T000506,300226.628352,64.3560744253922,False,2,108,2:108
20260926T000506,300506.727424,64.3560744253922,False,3,112,3:112
20260926T000506,299777.372928,64.3560744253922,True,3,113,3:113
20260926T000506,300069.151232,64.3560744253922,False,4,129,4:129
20260926T000506,300063.39584,64.3560744253922,False,5,98,5:98
20260926T000506,300160.039936,64.3560744253922,False,6,127,6:127
20260926T000506,300072.21376,64.3560744253922,False,7,93,7:93
20260926T000506,300123.097344,64.3560744253922,False,8,128,8:128
20260926T000506,300475.168,64.3560744253922,False,10,125,10:125
20260926T000506,300059.895552,64.3560744253922,False,11,98,11:98
20260926T000506,300470.444544,64.3560744253922,False,12,93,12:93
20260926T000506,300042.083328,64.3560744253922,False,14,108,14:108
20260926T000506,300071.755776,64.3560744253922,False,15,124,15:124
20260926T000506,300562.198272,64.3560744253922,False,16,97,16:97
20260926T000506,300007.629312,64.3560744253922,False,16,98,16:98
20260926T000506,300139.863296,64.3560744253922,False,17,100,17:100
20260926T000506,300253.536768,64.3560744253922,False,20,111,20:111
20260926T000506,300067.0464,64.3560744253922,False,21,90,21:90
20260926T000506,300363.702528,64.3560744253922,False,22,98,22:98
20260926T000506,300521.014016,64.3560744253922,False,23,110,23:110
20260926T000506,300466.552576,64.3560744253922,False,24,129,24:129
20260926T000506,300596.985344,64.3560744253922,False,26,101,26:101
20260926T000506,299582.561792,64.3560744253922,True,26,102,26:102
20260926T000506,300117.046528,64.3560744253922,False,27,108,27:108
20260926T000506,300017.878272,64.3560744253922,False,28,120,28:120
20260926T000506,300230.716672,64.3560744253922,False,29,124,29:124
20260926T000506,300462.350848,64.3560744253922,False,30,115,30:115
20260926T000506,300354.370048,64.3560744253922,False,31,102,31:102
20260926T000506,300680.536576,64.3560744253922,False,32,126,32:126
20260926T000506,300043.46368,64.3560744253922,False,32,127,32:127
20260926T000506,300259.267584,64.3560744253922,False,34,86,34:86
20260926T000506,299456.152064,64.3560744253922,True,34,87,34:87
20260926T000506,300055.056128,64.3560744253922,False,35,108,35:108
20260926T000506,300284.695808,64.3560744253922,False,36,118,36:118
20260926T000506,300071.12576,64.3560744253922,False,37,131,37:131
20260926T000506,300358.2912,64.3560744253922,False,38,100,38:100
20260926T000506,300116.27136,64.3560744253922,False,39,109,39:109
20260926T000506,300656.672,64.3560744253922,False,40,108,40:108
20260926T000506,300041.082112,64.3560744253922,False,40,109,40:109
20260926T000506,300043.01056,64.3560744253922,False,42,100,42:100
20260926T000506,300615.372288,64.3560744253922,False,43,88,43:88
20260926T000506,300327.855616,64.3560744253922,False,44,122,44:122
20260926T000506,300033.474304,64.3560744253922,False,45,130,45:130
20260926T000506,299862.747136,64.3560744253922,True,46,125,46:125
20260926T000506,300054.487296,64.3560744253922,False,47,92,47:92
20260926T000506,299925.833472,64.3560744253922,True,49,102,49:102
20260926T000506,300368.721664,64.3560744253922,False,50,108,50:108
20260926T000506,300055.395584,64.3560744253922,False,51,115,51:115
20260926T000506,300493.808384,64.3560744253922,False,52,122,52:122
20260926T000506,300017.03552,64.3560744253922,False,53,125,53:125
20260926T000506,300450.259456,64.3560744253922,False,54,106,54:106
20260926T000506,300023.887616,64.3560744253922,False,55,94,55:94
20260926T000506,300383.171072,64.3560744253922,False,56,128,56:128
20260926T000506,300034.171904,64.3560744253922,False,56,129,56:129
20260926T000506,300553.594112,64.3560744253922,False,59,126,59:126
20260926T000506,300363.476736,64.3560744253922,False,60,101,60:101
20260926T000506,300069.735424,64.3560744253922,False,61,123,61:123
20260926T000506,300126.748672,64.3560744253922,False,62,90,62:90
20260926T000506,300369.299456,64.3560744253922,False,63,113,63:113
20260926T000507,300020.6848,64.3560744253922,False,1,110,1:110
20260926T000507,300047.5968,64.3560744253922,False,2,109,2:109
20260926T000507,300005.143808,64.3560744253922,False,3,114,3:114
20260926T000507,300021.983232,64.3560744253922,False,4,130,4:130
20260926T000507,300082.325504,64.3560744253922,False,4,131,4:131
20260926T000507,300021.081856,64.3560744253922,False,5,99,5:99
20260926T000507,300030.840064,64.3560744253922,False,6,128,6:128
20260926T000507,300160.13312,64.3560744253922,False,7,94,7:94
20260926T000507,300051.712,64.3560744253922,False,8,129,8:129
20260926T000507,300051.208192,64.3560744253922,False,8,130,8:130
20260926T000507,300063.172608,64.3560744253922,False,9,90,9:90
20260926T000507,300090.064896,64.3560744253922,False,9,91,9:91
20260926T000507,300078.127616,64.3560744253922,False,10,126,10:126
20260926T000507,300037.017088,64.3560744253922,False,11,99,11:99
20260926T000507,300082.8032,64.3560744253922,False,12,94,12:94
20260926T000507,300049.202944,64.3560744253922,False,13,121,13:121
20260926T000507,300133.199872,64.3560744253922,False,13,122,13:122
20260926T000507,300102.2272,64.3560744253922,False,14,109,14:109
20260926T000507,300024.992,64.3560744253922,False,15,125,15:125
20260926T000507,300059.748864,64.3560744253922,False,16,99,16:99
20260926T000507,300049.324288,64.3560744253922,False,17,101,17:101
20260926T000507,300019.484928,64.3560744253922,False,17,102,17:102
20260926T000507,300065.652992,64.3560744253922,False,18,119,18:119
20260926T000507,300045.078016,64.3560744253922,False,19,90,19:90
20260926T000507,300042.779136,64.3560744253922,False,19,91,19:91
20260926T000507,300024.19456,64.3560744253922,False,20,112,20:112
20260926T000507,300056.637696,64.3560744253922,False,22,99,22:99
20260926T000507,300040.184064,64.3560744253922,False,23,111,23:111
20260926T000507,300034.975232,64.3560744253922,False,24,130,24:130
20260926T000507,300013.590528,64.3560744253922,False,24,131,24:131
20260926T000507,300064.113408,64.3560744253922,False,25,127,25:127
20260926T000507,299800.011264,64.3560744253922,True,26,103,26:103
20260926T000507,300010.591744,64.3560744253922,False,27,109,27:109
20260926T000507,300007.073792,64.3560744253922,False,28,121,28:121
20260926T000507,300082.635264,64.3560744253922,False,29,125,29:125
20260926T000507,300030.158336,64.3560744253922,False,30,116,30:116
20260926T000507,300012.61184,64.3560744253922,False,30,117,30:117
20260926T000507,300039.003648,64.3560744253922,False,31,103,31:103
20260926T000507,300135.041024,64.3560744253922,False,32,128,32:128
20260926T000507,300064.447488,64.3560744253922,False,33,98,33:98
20260926T000507,300015.345408,64.3560744253922,False,35,109,35:109
20260926T000507,300052.205568,64.3560744253922,False,36,119,36:119
20260926T000507,300042.129152,64.3560744253922,False,37,132,37:132
20260926T000507,300069.135616,64.3560744253922,False,38,101,38:101
20260926T000507,300005.389824,64.3560744253922,False,39,110,39:110
20260926T000507,300036.244736,64.3560744253922,False,40,110,40:110
20260926T000507,300033.438976,64.3560744253922,False,41,96,41:96
20260926T000507,300022.718976,64.3560744253922,False,42,101,42:101
20260926T000507,300034.8928,64.3560744253922,False,43,89,43:89
20260926T000507,300078.39104,64.3560744253922,False,43,90,43:90
20260926T000507,300075.33056,64.3560744253922,False,44,123,44:123
20260926T000507,299495.011584,64.3560744253922,True,44,124,44:124
20260926T000507,300048.2496,64.3560744253922,False,45,131,45:131
20260926T000507,300006.111232,64.3560744253922,False,46,126,46:126
20260926T000507,300123.524608,64.3560744253922,False,47,93,47:93
20260926T000507,300052.464128,64.3560744253922,False,48,90,48:90
20260926T000507,300091.55328,64.3560744253922,False,50,109,50:109
20260926T000507,300014.383104,64.3560744253922,False,51,116,51:116
20260926T000507,300024.08576,64.3560744253922,False,52,123,52:123
20260926T000507,300089.993472,64.3560744253922,False,52,124,52:124
20260926T000507,300017.25696,64.3560744253922,False,53,126,53:126
20260926T000507,300058.6752,64.3560744253922,False,54,107,54:107
20260926T000507,300030.682368,64.3560744253922,False,56,130,56:130
20260926T000507,300057.790208,64.3560744253922,False,57,91,57:91
20260926T000507,300035.318016,64.3560744253922,False,58,101,58:101
20260926T000507,300099.001344,64.3560744253922,False,58,102,58:102
20260926T000507,300075.71584,64.3560744253922,False,59,127,59:127
20260926T000507,300106.162176,64.3560744253922,False,59,128,59:128
20260926T000507,300073.533952,64.3560744253922,False,60,102,60:102
20260926T000507,300010.915072,64.3560744253922,False,61,124,61:124
20260926T000507,300024.9728,64.3560744253922,False,62,91,62:91
20260926T000507,300015.093504,64.3560744253922,False,63,114,63:114
20260926T000508,300086.176512,64.3560744253922,False,0,111,0:111
20260926T000508,300019.342848,64.3560744253922,False,0,112,0:112
20260926T000508,300071.746304,64.3560744253922,False,1,111,1:111
20260926T000508,300022.802688,64.3560744253922,False,2,110,2:110
20260926T000508,299921.078528,64.3560744253922,True,3,115,3:115
20260926T000508,300061.790208,64.3560744253922,False,4,132,4:132
20260926T000508,300024.314624,64.3560744253922,False,5,100,5:100
20260926T000508,300063.187456,64.3560744253922,False,6,129,6:129
20260926T000508,300023.700224,64.3560744253922,False,7,95,7:95
20260926T000508,300048.685824,64.3560744253922,False,8,131,8:131
20260926T000508,300050.006016,64.3560744253922,False,10,127,10:127
20260926T000508,300053.72416,64.3560744253922,False,11,100,11:100
20260926T000508,300016.197632,64.3560744253922,False,12,95,12:95
20260926T000508,300067.138048,64.3560744253922,False,13,123,13:123
20260926T000508,300031.859712,64.3560744253922,False,14,110,14:110
20260926T000508,300041.532672,64.3560744253922,False,15,126,15:126
20260926T000508,300016.578048,64.3560744253922,False,17,103,17:103
20260926T000508,300087.52768,64.3560744253922,False,18,120,18:120
20260926T000508,300061.777408,64.3560744253922,False,18,121,18:121
20260926T000508,300065.601792,64.3560744253922,False,19,92,19:92
20260926T000508,300011.349504,64.3560744253922,False,20,113,20:113
20260926T000508,300078.246144,64.3560744253922,False,21,91,21:91
20260926T000508,300078.928128,64.3560744253922,False,22,100,22:100
20260926T000508,300013.831168,64.3560744253922,False,23,112,23:112
20260926T000508,300061.271552,64.3560744253922,False,24,132,24:132
20260926T000508,300042.358528,64.3560744253922,False,25,128,25:128
20260926T000508,300054.599936,64.3560744253922,False,27,110,27:110
20260926T000508,300025.318912,64.3560744253922,False,28,122,28:122
20260926T000508,300091.15648,64.3560744253922,False,29,126,29:126
20260926T000508,300041.097216,64.3560744253922,False,30,118,30:118
20260926T000508,300023.302144,64.3560744253922,False,31,104,31:104
20260926T000508,300081.801216,64.3560744253922,False,32,129,32:129
20260926T000508,300088.167168,64.3560744253922,False,33,99,33:99
20260926T000508,300042.433792,64.3560744253922,False,33,100,33:100
20260926T000508,300036.354304,64.3560744253922,False,34,88,34:88
20260926T000508,300013.904896,64.3560744253922,False,35,110,35:110
20260926T000508,300016.868608,64.3560744253922,False,36,121,36:121
20260926T000508,300063.691776,64.3560744253922,False,36,120,36:120
20260926T000508,300036.019968,64.3560744253922,False,37,133,37:133
20260926T000508,300019.423232,64.3560744253922,False,38,102,38:102
20260926T000508,300035.212544,64.3560744253922,False,39,111,39:111
20260926T000508,300042.731264,64.3560744253922,False,39,112,39:112
20260926T000508,300046.200576,64.3560744253922,False,40,111,40:111
20260926T000508,300097.725952,64.3560744253922,False,41,97,41:97
20260926T000508,300089.673984,64.3560744253922,False,42,102,42:102
20260926T000508,300034.38336,64.3560744253922,False,44,125,44:125
20260926T000508,300063.236352,64.3560744253922,False,45,132,45:132
20260926T000508,298932.84608,64.3560744253922,True,45,133,45:133
20260926T000508,300077.569536,64.3560744253922,False,46,127,46:127
20260926T000508,300078.899968,64.3560744253922,False,47,94,47:94
20260926T000508,300063.999744,64.3560744253922,False,48,91,48:91
20260926T000508,300033.929216,64.3560744253922,False,49,103,49:103
20260926T000508,300012.323328,64.3560744253922,False,50,110,50:110
20260926T000508,300046.657024,64.3560744253922,False,50,111,50:111
20260926T000508,300066.065152,64.3560744253922,False,51,117,51:117
20260926T000508,300069.56928,64.3560744253922,False,52,125,52:125
20260926T000508,300107.025152,64.3560744253922,False,53,127,53:127
20260926T000508,300022.715648,64.3560744253922,False,53,128,53:128
20260926T000508,300036.022528,64.3560744253922,False,54,108,54:108
20260926T000508,300034.751488,64.3560744253922,False,55,95,55:95
20260926T000508,300046.106368,64.3560744253922,False,56,131,56:131
20260926T000508,300026.473216,64.3560744253922,False,57,92,57:92
20260926T000508,300043.604224,64.3560744253922,False,58,103,58:103
20260926T000508,300020.678656,64.3560744253922,False,59,129,59:129
20260926T000508,300042.5856,64.3560744253922,False,60,103,60:103
20260926T000508,300026.576384,64.3560744253922,False,60,104,60:104
20260926T000508,298625.488384,64.3560744253922,True,60,105,60:105
20260926T000508,300024.624384,64.3560744253922,False,61,125,61:125
20260926T000508,300073.821184,64.3560744253922,False,62,92,62:92
20260926T000508,300038.0608,64.3560744253922,False,63,115,63:115
20260926T000509,300108.035328,64.3560744253922,False,1,112,1:112
20260926T000509,300043.834112,64.3560744253922,True,2,111,2:111
20260926T000509,300039.315456,64.3560744253922,False,6,130,6:130
20260926T000509,300093.111552,64.3560744253922,False,8,132,8:132
20260926T000509,300034.717184,64.3560744253922,False,10,128,10:128
20260926T000509,300116.998656,64.3560744253922,False,13,124,13:124
20260926T000509,300106.453504,64.3560744253922,False,14,111,14:111
20260926T000509,300042.321664,64.3560744253922,False,16,100,16:100
20260926T000509,300109.3952,64.3560744253922,False,17,104,17:104
20260926T000509,300115.897344,64.3560744253922,False,18,122,18:122
20260926T000509,300067.369216,64.3560744253922,False,23,113,23:113
20260926T000509,300045.041408,64.3560744253922,False,25,129,25:129
20260926T000509,300052.412928,64.3560744253922,False,26,104,26:104
20260926T000509,300095.778816,64.3560744253922,False,27,111,27:111
20260926T000509,300111.322112,64.3560744253922,False,29,127,29:127
20260926T000509,300080.882688,64.3560744253922,False,30,119,30:119
20260926T000509,300073.6768,64.3560744253922,False,31,105,31:105
20260926T000509,300108.203008,64.3560744253922,False,32,130,32:130
20260926T000509,300107.884544,64.3560744253922,False,37,134,37:134
20260926T000509,300095.07328,64.3560744253922,False,38,103,38:103
20260926T000509,300057.581568,64.3560744253922,False,41,98,41:98
20260926T000509,300031.5968,64.3560744253922,True,42,103,42:103
20260926T000509,299280.510464,64.3560744253922,True,43,91,43:91
20260926T000509,299627.085824,64.3560744253922,True,43,92,43:92
20260926T000509,300110.381312,64.3560744253922,False,44,126,44:126
20260926T000509,299807.27936,64.3560744253922,True,46,128,46:128
20260926T000509,300098.010112,64.3560744253922,False,47,95,47:95
20260926T000509,300074.193408,64.3560744253922,False,50,112,50:112
20260926T000509,300106.535936,64.3560744253922,False,52,126,52:126
20260926T000509,300110.221056,64.3560744253922,False,53,129,53:129
20260926T000509,300076.994304,64.3560744253922,False,54,110,54:110
20260926T000509,300079.490048,64.3560744253922,False,55,96,55:96
20260926T000509,300110.030848,64.3560744253922,False,59,130,59:130
20260926T000510,300105.532416,64.3560744253922,False,0,113,0:113
20260926T000510,299944.809472,64.3560744253922,True,1,113,1:113
20260926T000510,300110.896384,64.3560744253922,False,2,112,2:112
20260926T000510,300217.1328,64.3560744253922,False,3,116,3:116
20260926T000510,300084.101632,64.3560744253922,False,3,117,3:117
20260926T000510,300220.430336,64.3560744253922,False,4,133,4:133
20260926T000510,300095.560704,64.3560744253922,False,4,134,4:134
20260926T000510,300025.12256,64.3560744253922,False,4,135,4:135
20260926T000510,300091.577088,64.3560744253922,False,5,101,5:101
20260926T000510,300199.82848,64.3560744253922,False,6,131,6:131
20260926T000510,300053.092608,64.3560744253922,False,6,132,6:132
20260926T000510,300054.312192,64.3560744253922,False,7,96,7:96
20260926T000510,300043.71328,64.3560744253922,False,8,133,8:133
20260926T000510,300217.893376,64.3560744253922,False,9,92,9:92
20260926T000510,300022.482688,64.3560744253922,False,9,93,9:93
20260926T000510,300059.976448,64.3560744253922,False,10,129,10:129
20260926T000510,300101.180416,64.3560744253922,False,11,101,11:101
20260926T000510,300194.859264,64.3560744253922,False,12,96,12:96
20260926T000510,300028.774656,64.3560744253922,False,12,97,12:97
20260926T000510,300052.194816,64.3560744253922,False,13,125,13:125
20260926T000510,300020.728832,64.3560744253922,False,14,112,14:112
20260926T000510,300213.690624,64.3560744253922,False,15,127,15:127
20260926T000510,300094.104832,64.3560744253922,False,15,128,15:128
20260926T000510,300051.167744,64.3560744253922,False,15,129,15:129
20260926T000510,300074.606336,64.3560744253922,False,16,101,16:101
20260926T000510,300045.16992,64.3560744253922,False,17,105,17:105
20260926T000510,300049.023232,64.3560744253922,False,18,123,18:123
20260926T000510,300017.54496,64.3560744253922,False,19,93,19:93
20260926T000510,299359.310592,64.3560744253922,True,19,94,19:94
20260926T000510,300222.349312,64.3560744253922,False,20,114,20:114
20260926T000510,300012.539648,64.3560744253922,False,20,115,20:115
20260926T000510,300188.003584,64.3560744253922,False,21,92,21:92
20260926T000510,300098.160384,64.3560744253922,False,21,93,21:93
20260926T000510,300212.477184,64.3560744253922,False,22,101,22:101
20260926T000510,300007.126016,64.3560744253922,False,22,102,22:102
20260926T000510,300026.02624,64.3560744253922,False,23,114,23:114
20260926T000510,300201.651968,64.3560744253922,False,24,133,24:133
20260926T000510,300020.435968,64.3560744253922,False,24,134,24:134
20260926T000510,300048.979456,64.3560744253922,False,25,130,25:130
20260926T000510,300023.412992,64.3560744253922,False,25,131,25:131
20260926T000510,300025.063424,64.3560744253922,False,26,105,26:105
20260926T000510,300032.088064,64.3560744253922,False,27,112,27:112
20260926T000510,301021.90464,64.3560744253922,False,28,123,28:123
20260926T000510,300027.148288,64.3560744253922,False,28,124,28:124
20260926T000510,300027.145984,64.3560744253922,False,29,128,29:128
20260926T000510,300066.191872,64.3560744253922,False,30,120,30:120
20260926T000510,300168.731136,64.3560744253922,False,31,106,31:106
20260926T000510,300021.737728,64.3560744253922,False,31,107,31:107
20260926T000510,300221.057792,64.3560744253922,False,32,131,32:131
20260926T000510,300026.9632,64.3560744253922,False,32,132,32:132
20260926T000510,300175.438336,64.3560744253922,False,33,101,33:101
20260926T000510,300221.691136,64.3560744253922,False,34,89,34:89
20260926T000510,300234.347008,64.3560744253922,False,35,111,35:111
20260926T000510,300054.639104,64.3560744253922,False,35,112,35:112
20260926T000510,300053.642752,64.3560744253922,False,35,113,35:113
20260926T000510,300229.899008,64.3560744253922,False,36,122,36:122
20260926T000510,300022.120192,64.3560744253922,False,36,123,36:123
20260926T000510,300036.964864,64.3560744253922,False,37,135,37:135
20260926T000510,299876.79616,64.3560744253922,True,38,104,38:104
20260926T000510,300162.017792,64.3560744253922,False,39,113,39:113
20260926T000510,300062.093056,64.3560744253922,False,39,114,39:114
20260926T000510,300196.574976,64.3560744253922,False,40,112,40:112
20260926T000510,300035.724288,64.3560744253922,False,41,99,41:99
20260926T000510,300049.866496,64.3560744253922,False,42,104,42:104
20260926T000510,300003.661312,64.3560744253922,False,44,127,44:127
20260926T000510,300048.456704,64.3560744253922,False,44,128,44:128
20260926T000510,300055.853056,64.3560744253922,False,45,134,45:134
20260926T000510,300024.881664,64.3560744253922,False,45,135,45:135
20260926T000510,300117.332224,64.3560744253922,False,46,129,46:129
20260926T000510,300027.963392,64.3560744253922,False,46,130,46:130
20260926T000510,300020.588288,64.3560744253922,False,47,96,47:96
20260926T000510,300192.40192,64.3560744253922,False,48,92,48:92
20260926T000510,300058.168832,64.3560744253922,False,48,93,48:93
20260926T000510,300207.820032,64.3560744253922,False,49,104,49:104
20260926T000510,300186.875392,64.3560744253922,False,49,105,49:105
20260926T000510,299386.238208,64.3560744253922,True,50,113,50:113
20260926T000510,300213.769984,64.3560744253922,False,51,118,51:118
20260926T000510,300103.566336,64.3560744253922,False,51,119,51:119
20260926T000510,300026.220032,64.3560744253922,False,52,127,52:127
20260926T000510,300022.002688,64.3560744253922,False,53,130,53:130
20260926T000510,300206.28864,64.3560744253922,False,54,109,54:109
20260926T000510,300014.68288,64.3560744253922,False,54,111,54:111
20260926T000510,300028.419072,64.3560744253922,False,55,97,55:97
20260926T000510,300198.150912,64.3560744253922,False,56,132,56:132
20260926T000510,300146.967552,64.3560744253922,False,56,133,56:133
20260926T000510,300039.777792,64.3560744253922,False,56,134,56:134
20260926T000510,300233.4144,64.3560744253922,False,57,93,57:93
20260926T000510,300230.338304,64.3560744253922,False,58,104,58:104
20260926T000510,300043.760384,64.3560744253922,False,58,105,58:105
20260926T000510,299760.25984,64.3560744253922,True,59,131,59:131
20260926T000510,299957.80224,64.3560744253922,True,60,106,60:106
20260926T000510,300198.522624,64.3560744253922,False,61,126,61:126
20260926T000510,300008.690944,64.3560744253922,False,61,127,61:127
20260926T000510,300008.84352,64.3560744253922,False,61,128,61:128
20260926T000510,300121.627136,64.3560744253922,False,62,93,62:93
20260926T000510,300189.875712,64.3560744253922,False,63,116,63:116
20260926T000510,300091.240192,64.3560744253922,False,63,117,63:117
20260926T000511,300020.177152,64.3560744253922,False,0,114,0:114
20260926T000511,299429.028352,64.3560744253922,True,0,115,0:115
20260926T000511,300056.324096,64.3560744253922,False,1,114,1:114
20260926T000511,300151.153408,64.3560744253922,False,2,113,2:113
20260926T000511,300074.671104,64.3560744253922,False,3,118,3:118
20260926T000511,300040.275712,64.3560744253922,False,4,136,4:136
20260926T000511,299234.576384,64.3560744253922,True,4,137,4:137
20260926T000511,300026.335488,64.3560744253922,False,5,102,5:102
20260926T000511,300117.7536,64.3560744253922,False,6,133,6:133
20260926T000511,300041.682944,64.3560744253922,False,6,134,6:134
20260926T000511,300089.248768,64.3560744253922,False,7,97,7:97
20260926T000511,300031.007232,64.3560744253922,False,8,134,8:134
20260926T000511,300067.55456,64.3560744253922,False,10,130,10:130
20260926T000511,300033.312512,64.3560744253922,False,10,131,10:131
20260926T000511,300115.499264,64.3560744253922,False,11,102,11:102
20260926T000511,299744.055552,64.3560744253922,True,11,103,11:103
20260926T000511,300163.889664,64.3560744253922,False,12,98,12:98
20260926T000511,300113.522688,64.3560744253922,False,13,126,13:126
20260926T000511,300058.118144,64.3560744253922,False,13,127,13:127
20260926T000511,300189.812992,64.3560744253922,False,14,113,14:113
20260926T000511,300092.727808,64.3560744253922,False,15,130,15:130
20260926T000511,300113.0368,64.3560744253922,False,16,102,16:102
20260926T000511,299709.74592,64.3560744253922,True,16,103,16:103
20260926T000511,300043.197184,64.3560744253922,False,17,106,17:106
20260926T000511,300152.978432,64.3560744253922,False,18,124,18:124
20260926T000511,300079.86048,64.3560744253922,False,20,116,20:116
20260926T000511,300049.709568,64.3560744253922,False,21,94,21:94
20260926T000511,300048.616448,64.3560744253922,False,22,103,22:103
20260926T000511,300092.922624,64.3560744253922,False,23,115,23:115
20260926T000511,299740.613376,64.3560744253922,True,23,116,23:116
20260926T000511,300011.316736,64.3560744253922,False,24,135,24:135
20260926T000511,300060.172032,64.3560744253922,False,25,132,25:132
20260926T000511,300122.34624,64.3560744253922,False,26,106,26:106
20260926T000511,300047.145984,64.3560744253922,False,27,113,27:113
20260926T000511,300039.511296,64.3560744253922,False,28,125,28:125
20260926T000511,300015.547392,64.3560744253922,False,28,126,28:126
20260926T000511,300072.756992,64.3560744253922,False,29,129,29:129
20260926T000511,300059.31904,64.3560744253922,False,30,121,30:121
20260926T000511,300006.2976,64.3560744253922,False,31,108,31:108
20260926T000511,300048.834048,64.3560744253922,False,32,133,32:133
20260926T000511,300026.751744,64.3560744253922,False,33,102,33:102
20260926T000511,300018.279424,64.3560744253922,False,33,103,33:103
20260926T000511,300020.18432,64.3560744253922,False,34,90,34:90
20260926T000511,300043.318784,64.3560744253922,False,35,114,35:114
20260926T000511,300125.413376,64.3560744253922,False,36,124,36:124
20260926T000511,300013.523968,64.3560744253922,False,37,136,37:136
20260926T000511,300022.064896,64.3560744253922,False,37,137,37:137
20260926T000511,300165.013504,64.3560744253922,False,38,105,38:105
20260926T000511,300026.8608,64.3560744253922,False,39,115,39:115
20260926T000511,300040.640768,64.3560744253922,False,40,113,40:113
20260926T000511,300042.744576,64.3560744253922,False,40,114,40:114
20260926T000511,300004.736256,64.3560744253922,False,41,100,41:100
20260926T000511,300075.360512,64.3560744253922,False,42,105,42:105
20260926T000511,300077.536256,64.3560744253922,False,43,93,43:93
20260926T000511,300042.473216,64.3560744253922,False,44,129,44:129
20260926T000511,300032.676864,64.3560744253922,False,45,136,45:136
20260926T000511,300109.481216,64.3560744253922,False,46,131,46:131
20260926T000511,300026.32064,64.3560744253922,False,47,97,47:97
20260926T000511,300061.622528,64.3560744253922,True,48,94,48:94
20260926T000511,300008.291584,64.3560744253922,False,49,106,49:106
20260926T000511,300032.405504,64.3560744253922,False,49,107,49:107
20260926T000511,300083.226368,64.3560744253922,False,50,114,50:114
20260926T000511,300097.010688,64.3560744253922,False,51,120,51:120
20260926T000511,300042.78528,64.3560744253922,False,51,121,51:121
20260926T000511,300059.452672,64.3560744253922,False,52,128,52:128
20260926T000511,300043.488256,64.3560744253922,False,53,131,53:131
20260926T000511,300080.068608,64.3560744253922,False,54,112,54:112
20260926T000511,300069.817856,64.3560744253922,False,55,98,55:98
20260926T000511,300043.355392,64.3560744253922,False,56,135,56:135
20260926T000511,300030.7136,64.3560744253922,False,57,94,57:94
20260926T000511,300025.179392,64.3560744253922,False,57,95,57:95
20260926T000511,300065.601024,64.3560744253922,False,58,106,58:106
20260926T000511,300127.486464,64.3560744253922,False,59,132,59:132
20260926T000511,300019.253504,64.3560744253922,False,59,133,59:133
20260926T000511,300046.285056,64.3560744253922,False,60,107,60:107
20260926T000511,300043.583488,64.3560744253922,False,61,129,61:129
20260926T000511,300032.024576,64.3560744253922,False,62,94,62:94
20260926T000511,299574.1504,64.3560744253922,True,62,95,62:95
20260926T000511,300023.578112,64.3560744253922,False,63,118,63:118
20260926T000512,299638.378752,64.3560744253922,True,0,116,0:116
20260926T000512,300024.073984,64.3560744253922,False,1,115,1:115
20260926T000512,300060.9984,64.3560744253922,False,2,114,2:114
20260926T000512,300031.731968,64.3560744253922,False,3,119,3:119
20260926T000512,300031.404544,64.3560744253922,False,5,103,5:103
20260926T000512,300102.866944,64.3560744253922,False,6,135,6:135
20260926T000512,299191.795456,64.3560744253922,True,6,136,6:136
20260926T000512,300049.990656,64.3560744253922,False,7,98,7:98
20260926T000512,299460.301312,64.3560744253922,True,7,99,7:99
20260926T000512,300036.052736,64.3560744253922,False,8,135,8:135
20260926T000512,300051.058944,64.3560744253922,False,8,136,8:136
20260926T000512,300056.30976,64.3560744253922,False,9,94,9:94
20260926T000512,300052.218112,64.3560744253922,False,10,132,10:132
20260926T000512,300039.241728,64.3560744253922,False,12,99,12:99
20260926T000512,299859.606784,64.3560744253922,True,13,128,13:128
20260926T000512,300025.902592,64.3560744253922,False,14,114,14:114
20260926T000512,300024.400896,64.3560744253922,False,15,131,15:131
20260926T000512,300026.098176,64.3560744253922,False,17,107,17:107
20260926T000512,300017.701376,64.3560744253922,False,18,125,18:125
20260926T000512,299825.08032,64.3560744253922,True,18,126,18:126
20260926T000512,300014.96832,64.3560744253922,False,19,95,19:95
20260926T000512,299544.51712,64.3560744253922,True,19,96,19:96
20260926T000512,300032.601344,64.3560744253922,False,20,117,20:117
20260926T000512,300056.169472,64.3560744253922,False,21,95,21:95
20260926T000512,300070.97984,64.3560744253922,False,22,104,22:104
20260926T000512,300082.552064,64.3560744253922,False,23,117,23:117
20260926T000512,300060.397824,64.3560744253922,False,24,136,24:136
20260926T000512,300060.217344,64.3560744253922,False,25,133,25:133
20260926T000512,299477.419776,64.3560744253922,True,25,134,25:134
20260926T000512,300023.789568,64.3560744253922,False,26,107,26:107
20260926T000512,300081.361408,64.3560744253922,False,27,114,27:114
20260926T000512,300073.811712,64.3560744253922,False,28,127,28:127
20260926T000512,300013.67552,64.3560744253922,False,29,130,29:130
20260926T000512,300021.917184,64.3560744253922,False,29,131,29:131
20260926T000512,300042.236416,64.3560744253922,False,30,122,30:122
20260926T000512,300034.752256,64.3560744253922,False,31,109,31:109
20260926T000512,300014.372352,64.3560744253922,False,32,134,32:134
20260926T000512,300029.88288,64.3560744253922,False,34,91,34:91
20260926T000512,300072.69504,64.3560744253922,False,35,115,35:115
20260926T000512,300041.77792,64.3560744253922,False,36,125,36:125
20260926T000512,300025.541632,64.3560744253922,False,37,138,37:138
20260926T000512,300007.623936,64.3560744253922,False,38,106,38:106
20260926T000512,300071.881728,64.3560744253922,False,39,116,39:116
20260926T000512,299567.20384,64.3560744253922,True,40,115,40:115
20260926T000512,300003.022336,64.3560744253922,False,41,101,41:101
20260926T000512,300028.794624,64.3560744253922,False,42,106,42:106
20260926T000512,300069.95456,64.3560744253922,False,43,94,43:94
20260926T000512,300041.7536,64.3560744253922,False,44,130,44:130
20260926T000512,300077.186048,64.3560744253922,False,45,137,45:137
20260926T000512,300026.474752,64.3560744253922,False,46,132,46:132
20260926T000512,300051.25888,64.3560744253922,False,48,95,48:95
20260926T000512,300006.876928,64.3560744253922,False,49,108,49:108
20260926T000512,300078.861312,64.3560744253922,False,50,115,50:115
20260926T000512,300031.320576,64.3560744253922,False,51,122,51:122
20260926T000512,300071.766528,64.3560744253922,False,52,129,52:129
20260926T000512,300005.877248,64.3560744253922,False,53,132,53:132
20260926T000512,300042.625024,64.3560744253922,True,54,113,54:113
20260926T000512,300056.101632,64.3560744253922,False,56,136,56:136
20260926T000512,300013.312256,64.3560744253922,False,57,96,57:96
20260926T000512,299688.72704,64.3560744253922,True,58,107,58:107
20260926T000512,300056.830976,64.3560744253922,False,59,134,59:134
20260926T000512,300008.521984,64.3560744253922,False,60,108,60:108
20260926T000512,300055.024128,64.3560744253922,False,63,119,63:119
20260926T000513,300022.756608,64.3560744253922,False,0,117,0:117
20260926T000513,300015.067136,64.3560744253922,False,1,116,1:116
20260926T000513,299845.677568,64.3560744253922,True,2,115,2:115
20260926T000513,299989.896192,64.3560744253922,True,2,116,2:116
20260926T000513,300009.165824,64.3560744253922,False,3,120,3:120
20260926T000513,300027.207424,64.3560744253922,False,3,121,3:121
20260926T000513,299312.96896,64.3560744253922,True,3,122,3:122
20260926T000513,300059.466496,64.3560744253922,False,4,138,4:138
20260926T000513,300072.065536,64.3560744253922,False,5,104,5:104
20260926T000513,300022.246656,64.3560744253922,False,8,137,8:137
20260926T000513,299478.909184,64.3560744253922,True,8,138,8:138
20260926T000513,300035.50464,64.3560744253922,False,9,95,9:95
20260926T000513,300005.312768,64.3560744253922,False,10,133,10:133
20260926T000513,299976.8384,64.3560744253922,True,11,104,11:104
20260926T000513,300079.48672,64.3560744253922,False,12,100,12:100
20260926T000513,299944.393216,64.3560744253922,True,12,101,12:101
20260926T000513,300057.75872,64.3560744253922,False,13,129,13:129
20260926T000513,300039.280384,64.3560744253922,False,14,115,14:115
20260926T000513,300050.915072,64.3560744253922,False,15,132,15:132
20260926T000513,300037.801984,64.3560744253922,False,16,104,16:104
20260926T000513,300025.983232,64.3560744253922,False,16,105,16:105
20260926T000513,300048.732672,64.3560744253922,False,17,108,17:108
20260926T000513,300043.14496,64.3560744253922,False,18,127,18:127
20260926T000513,300060.333312,64.3560744253922,False,20,118,20:118
20260926T000513,300072.186624,64.3560744253922,False,20,119,20:119
20260926T000513,300033.148416,64.3560744253922,False,21,96,21:96
20260926T000513,299736.805376,64.3560744253922,True,22,105,22:105
20260926T000513,300050.345472,64.3560744253922,False,23,118,23:118
20260926T000513,300072.077568,64.3560744253922,False,24,137,24:137
20260926T000513,300078.15936,64.3560744253922,False,25,135,25:135
20260926T000513,300019.75296,64.3560744253922,False,26,108,26:108
20260926T000513,300060.214528,64.3560744253922,False,27,115,27:115
20260926T000513,300061.089536,64.3560744253922,False,28,128,28:128
20260926T000513,300057.31968,64.3560744253922,False,29,132,29:132
20260926T000513,300003.645696,64.3560744253922,False,30,123,30:123
20260926T000513,300037.751808,64.3560744253922,False,30,124,30:124
20260926T000513,300037.387776,64.3560744253922,False,31,110,31:110
20260926T000513,300063.370496,64.3560744253922,False,32,135,32:135
20260926T000513,300057.498112,64.3560744253922,False,32,136,32:136
20260926T000513,300030.601472,64.3560744253922,False,33,104,33:104
20260926T000513,300077.23264,64.3560744253922,False,34,92,34:92
20260926T000513,300074.001664,64.3560744253922,False,36,126,36:126
20260926T000513,300041.079296,64.3560744253922,False,36,127,36:127
20260926T000513,300046.941696,64.3560744253922,False,37,139,37:139
20260926T000513,300037.33504,64.3560744253922,False,38,107,38:107
20260926T000513,300020.152064,64.3560744253922,False,39,117,39:117
20260926T000513,300022.481408,64.3560744253922,False,40,116,40:116
20260926T000513,300046.661632,64.3560744253922,False,41,102,41:102
20260926T000513,300058.145536,64.3560744253922,False,42,107,42:107
20260926T000513,300017.244416,64.3560744253922,False,43,95,43:95
20260926T000513,300099.3152,64.3560744253922,False,44,131,44:131
20260926T000513,300082.31424,64.3560744253922,False,45,138,45:138
20260926T000513,300064.08576,64.3560744253922,False,46,133,46:133
20260926T000513,299121.493504,64.3560744253922,True,46,134,46:134
20260926T000513,300053.247744,64.3560744253922,False,47,98,47:98
20260926T000513,300070.231808,64.3560744253922,False,49,109,49:109
20260926T000513,300007.245056,64.3560744253922,False,50,116,50:116
20260926T000513,300038.83904,64.3560744253922,False,51,123,51:123
20260926T000513,300054.79936,64.3560744253922,False,51,124,51:124
20260926T000513,300036.601344,64.3560744253922,False,52,130,52:130
20260926T000513,300077.82528,64.3560744253922,False,53,133,53:133
20260926T000513,300052.411904,64.3560744253922,False,54,114,54:114
20260926T000513,300051.093248,64.3560744253922,False,55,99,55:99
20260926T000513,300044.799232,64.3560744253922,False,55,100,55:100
20260926T000513,300006.187776,64.3560744253922,False,56,137,56:137
20260926T000513,300057.756416,64.3560744253922,False,56,138,56:138
20260926T000513,300048.928512,64.3560744253922,False,58,108,58:108
20260926T000513,300018.335488,64.3560744253922,False,59,135,59:135
20260926T000513,300011.590144,64.3560744253922,False,60,109,60:109
20260926T000513,300076.815616,64.3560744253922,False,61,130,61:130
20260926T000513,300022.437888,64.3560744253922,False,61,131,61:131
20260926T000513,300064.386048,64.3560744253922,False,62,96,62:96
20260926T000513,300036.911872,64.3560744253922,False,63,120,63:120
20260926T000514,300104.368384,64.3560744253922,False,0,118,0:118
20260926T000514,300016.73728,64.3560744253922,False,1,117,1:117
20260926T000514,300035.597568,64.3560744253922,False,2,117,2:117
20260926T000514,300046.446592,64.3560744253922,False,4,139,4:139
20260926T000514,300035.538688,64.3560744253922,False,5,105,5:105
20260926T000514,300064.652288,64.3560744253922,False,6,137,6:137
20260926T000514,300058.87872,64.3560744253922,False,7,100,7:100
20260926T000514,300050.064896,64.3560744253922,False,9,96,9:96
20260926T000514,300104.255744,64.3560744253922,False,10,134,10:134
20260926T000514,300020.672512,64.3560744253922,False,11,105,11:105
20260926T000514,300022.715904,64.3560744253922,False,13,130,13:130
20260926T000514,300051.795456,64.3560744253922,False,14,116,14:116
20260926T000514,300021.465344,64.3560744253922,False,14,117,14:117
20260926T000514,300015.296768,64.3560744253922,False,15,133,15:133
20260926T000514,300039.025664,64.3560744253922,False,16,106,16:106
20260926T000514,300017.216512,64.3560744253922,False,17,109,17:109
20260926T000514,300012.354304,64.3560744253922,False,18,128,18:128
20260926T000514,300052.280832,64.3560744253922,False,19,97,19:97
20260926T000514,300043.567872,64.3560744253922,False,21,97,21:97
20260926T000514,299540.574976,64.3560744253922,True,22,106,22:106
20260926T000514,300067.034368,64.3560744253922,False,23,119,23:119
20260926T000514,300074.761728,64.3560744253922,False,23,120,23:120
20260926T000514,300087.146752,64.3560744253922,False,24,138,24:138
20260926T000514,300048.652288,64.3560744253922,False,24,139,24:139
20260926T000514,300086.421504,64.3560744253922,False,25,136,25:136
20260926T000514,300087.167488,64.3560744253922,False,26,109,26:109
20260926T000514,300078.200576,64.3560744253922,False,27,116,27:116
20260926T000514,300058.591232,64.3560744253922,False,28,129,28:129
20260926T000514,300050.221568,64.3560744253922,False,29,133,29:133
20260926T000514,300034.78656,64.3560744253922,False,30,125,30:125
20260926T000514,300038.400256,64.3560744253922,False,31,111,31:111
20260926T000514,300016.281344,64.3560744253922,False,32,137,32:137
20260926T000514,300065.202688,64.3560744253922,False,33,105,33:105
20260926T000514,300035.144448,64.3560744253922,False,34,93,34:93
20260926T000514,300083.700736,64.3560744253922,False,35,116,35:116
20260926T000514,300040.780032,64.3560744253922,False,36,128,36:128
20260926T000514,300037.998848,64.3560744253922,False,37,140,37:140
20260926T000514,300040.067328,64.3560744253922,False,38,108,38:108
20260926T000514,300066.387456,64.3560744253922,False,39,118,39:118
20260926T000514,300045.482496,64.3560744253922,False,41,103,41:103
20260926T000514,300038.284544,64.3560744253922,False,42,108,42:108
20260926T000514,300043.64672,64.3560744253922,False,44,132,44:132
20260926T000514,300031.422976,64.3560744253922,False,45,139,45:139
20260926T000514,300034.102784,64.3560744253922,False,46,135,46:135
20260926T000514,300020.005888,64.3560744253922,False,47,99,47:99
20260926T000514,300033.190144,64.3560744253922,False,48,96,48:96
20260926T000514,299595.748864,64.3560744253922,True,48,97,48:97
20260926T000514,300022.74816,64.3560744253922,False,49,110,49:110
20260926T000514,300070.249984,64.3560744253922,False,50,117,50:117
20260926T000514,300066.247936,64.3560744253922,False,51,125,51:125
20260926T000514,300034.846208,64.3560744253922,False,52,131,52:131
20260926T000514,300048.5632,64.3560744253922,False,53,134,53:134
20260926T000514,300058.518016,64.3560744253922,False,53,135,53:135
20260926T000514,300100.752896,64.3560744253922,False,54,115,54:115
20260926T000514,300065.106944,64.3560744253922,False,54,116,54:116
20260926T000514,299899.50976,64.3560744253922,True,56,139,56:139
20260926T000514,300005.017088,64.3560744253922,False,57,97,57:97
20260926T000514,299938.872064,64.3560744253922,True,58,109,58:109
20260926T000514,300040.97792,64.3560744253922,False,59,136,59:136
20260926T000514,300042.079488,64.3560744253922,False,60,110,60:110
20260926T000514,300006.277376,64.3560744253922,False,61,132,61:132
20260926T000514,300045.478656,64.3560744253922,False,62,97,62:97
20260926T000514,300056.695552,64.3560744253922,False,63,121,63:121
20260926T000514,300074.723328,64.3560744253922,False,63,122,63:122
20260926T000515,300054.550272,64.3560744253922,False,0,119,0:119
20260926T000515,300085.75488,64.3560744253922,False,0,120,0:120
20260926T000515,300061.055232,64.3560744253922,False,1,118,1:118
20260926T000515,300090.425088,64.3560744253922,False,2,118,2:118
20260926T000515,300048.790784,64.3560744253922,False,3,123,3:123
20260926T000515,300058.37696,64.3560744253922,False,4,140,4:140
20260926T000515,300021.40928,64.3560744253922,False,4,141,4:141
20260926T000515,300027.4496,64.3560744253922,False,5,106,5:106
20260926T000515,300039.120896,64.3560744253922,False,6,138,6:138
20260926T000515,300060.212992,64.3560744253922,True,6,139,6:139
20260926T000515,300006.233088,64.3560744253922,False,7,101,7:101
20260926T000515,300023.8016,64.3560744253922,False,8,139,8:139
20260926T000515,300074.196736,64.3560744253922,False,9,97,9:97
20260926T000515,300026.300416,64.3560744253922,False,10,135,10:135
20260926T000515,300045.668096,64.3560744253922,False,11,106,11:106
20260926T000515,300068.418816,64.3560744253922,False,12,102,12:102
20260926T000515,300033.997312,64.3560744253922,False,13,131,13:131
20260926T000515,300021.809152,64.3560744253922,False,14,118,14:118
20260926T000515,300114.097664,64.3560744253922,False,15,134,15:134
20260926T000515,299263.643136,64.3560744253922,True,15,135,15:135
20260926T000515,300057.823232,64.3560744253922,False,18,129,18:129
20260926T000515,300031.611648,64.3560744253922,False,19,98,19:98
20260926T000515,300078.70592,64.3560744253922,False,20,120,20:120
20260926T000515,300035.842304,64.3560744253922,False,20,121,20:121
20260926T000515,300024.486656,64.3560744253922,False,21,98,21:98
20260926T000515,300013.406464,64.3560744253922,False,22,107,22:107
20260926T000515,300032.334592,64.3560744253922,False,23,121,23:121
20260926T000515,300050.661888,64.3560744253922,False,24,140,24:140
20260926T000515,300062.11328,64.3560744253922,False,25,137,25:137
20260926T000515,300036.48128,64.3560744253922,False,26,110,26:110
20260926T000515,300061.458176,64.3560744253922,False,27,117,27:117
20260926T000515,300012.648448,64.3560744253922,False,28,130,28:130
20260926T000515,300047.090176,64.3560744253922,False,29,134,29:134
20260926T000515,300048.191488,64.3560744253922,False,30,126,30:126
20260926T000515,300007.634432,64.3560744253922,False,31,112,31:112
20260926T000515,300070.67904,64.3560744253922,False,32,138,32:138
20260926T000515,300065.644288,64.3560744253922,False,33,106,33:106
20260926T000515,300085.746944,64.3560744253922,False,34,94,34:94
20260926T000515,300035.567616,64.3560744253922,False,35,117,35:117
20260926T000515,299312.738048,64.3560744253922,True,36,129,36:129
20260926T000515,300084.525312,64.3560744253922,False,37,141,37:141
20260926T000515,300065.708288,64.3560744253922,False,38,109,38:109
20260926T000515,300068.08704,64.3560744253922,False,39,119,39:119
20260926T000515,300062.00448,64.3560744253922,False,40,117,40:117
20260926T000515,300081.169408,64.3560744253922,False,41,104,41:104
20260926T000515,300090.686976,64.3560744253922,False,42,109,42:109
20260926T000515,299484.06656,64.3560744253922,True,42,110,42:110
20260926T000515,300015.051776,64.3560744253922,False,43,96,43:96
20260926T000515,300053.66144,64.3560744253922,False,44,133,44:133
20260926T000515,300036.130304,64.3560744253922,False,45,140,45:140
20260926T000515,300007.342592,64.3560744253922,False,46,136,46:136
20260926T000515,299701.661696,64.3560744253922,True,46,137,46:137
20260926T000515,300074.364416,64.3560744253922,False,47,100,47:100
20260926T000515,300056.192512,64.3560744253922,False,49,111,49:111
20260926T000515,300061.09056,64.3560744253922,False,50,118,50:118
20260926T000515,300074.263552,64.3560744253922,False,51,126,51:126
20260926T000515,299526.354944,64.3560744253922,True,51,127,51:127
20260926T000515,300081.607168,64.3560744253922,False,52,132,52:132
20260926T000515,300061.361664,64.3560744253922,False,52,133,52:133
20260926T000515,300067.904768,64.3560744253922,False,53,136,53:136
20260926T000515,300065.658368,64.3560744253922,False,54,117,54:117
20260926T000515,300021.942272,64.3560744253922,False,55,101,55:101
20260926T000515,300065.959424,64.3560744253922,False,56,140,56:140
20260926T000515,300053.141248,64.3560744253922,False,57,98,57:98
20260926T000515,300060.713728,64.3560744253922,False,59,137,59:137
20260926T000515,299570.076928,64.3560744253922,True,60,111,60:111
20260926T000515,300063.275776,64.3560744253922,False,61,133,61:133
20260926T000515,300073.266688,64.3560744253922,False,62,98,62:98
20260926T000515,300037.86752,64.3560744253922,False,63,123,63:123
20260926T000516,300065.126144,64.3560744253922,False,0,121,0:121
20260926T000516,300020.13184,64.3560744253922,False,1,119,1:119
20260926T000516,300028.975616,64.3560744253922,False,2,119,2:119
20260926T000516,300018.659072,64.3560744253922,False,3,124,3:124
20260926T000516,300014.29888,64.3560744253922,False,4,142,4:142
20260926T000516,299907.396096,64.3560744253922,True,5,107,5:107
20260926T000516,300005.16864,64.3560744253922,False,6,140,6:140
20260926T000516,300026.848768,64.3560744253922,False,7,102,7:102
20260926T000516,300081.164032,64.3560744253922,False,8,140,8:140
20260926T000516,300080.21888,64.3560744253922,False,8,141,8:141
20260926T000516,300025.73312,64.3560744253922,False,9,98,9:98
20260926T000516,300026.293504,64.3560744253922,False,10,136,10:136
20260926T000516,299634.316288,64.3560744253922,True,10,137,10:137
20260926T000516,300069.58592,64.3560744253922,False,11,107,11:107
20260926T000516,300007.93088,64.3560744253922,False,12,103,12:103
20260926T000516,300061.137152,64.3560744253922,False,13,132,13:132
20260926T000516,300041.741312,64.3560744253922,False,14,119,14:119
20260926T000516,300042.381824,64.3560744253922,False,16,107,16:107
20260926T000516,300068.474624,64.3560744253922,False,17,110,17:110
20260926T000516,300022.836224,64.3560744253922,False,18,130,18:130
20260926T000516,300054.871552,64.3560744253922,False,19,99,19:99
20260926T000516,300051.163648,64.3560744253922,False,20,122,20:122
20260926T000516,300092.006144,64.3560744253922,False,22,108,22:108
20260926T000516,300019.871232,64.3560744253922,True,23,122,23:122
20260926T000516,300048.897024,64.3560744253922,False,24,141,24:141
20260926T000516,300026.307328,64.3560744253922,False,25,138,25:138
20260926T000516,300042.264832,64.3560744253922,False,25,139,25:139
20260926T000516,300030.299904,64.3560744253922,False,26,111,26:111
20260926T000516,300004.959744,64.3560744253922,False,26,112,26:112
20260926T000516,300056.214272,64.3560744253922,False,27,118,27:118
20260926T000516,300053.432576,64.3560744253922,False,27,119,27:119
20260926T000516,300028.238336,64.3560744253922,False,28,131,28:131
20260926T000516,300074.294272,64.3560744253922,False,29,135,29:135
20260926T000516,300027.94496,64.3560744253922,False,29,136,29:136
20260926T000516,300095.408128,64.3560744253922,False,30,127,30:127
20260926T000516,299764.879616,64.3560744253922,True,30,128,30:128
20260926T000516,300025.179136,64.3560744253922,False,31,113,31:113
20260926T000516,299375.236096,64.3560744253922,True,31,114,31:114
20260926T000516,300022.171904,64.3560744253922,False,32,139,32:139
20260926T000516,300032.184064,64.3560744253922,False,32,140,32:140
20260926T000516,300072.984832,64.3560744253922,False,33,107,33:107
20260926T000516,300005.88544,64.3560744253922,False,34,95,34:95
20260926T000516,300039.872256,64.3560744253922,False,35,118,35:118
20260926T000516,300025.148416,64.3560744253922,False,36,130,36:130
20260926T000516,300032.962816,64.3560744253922,False,37,142,37:142
20260926T000516,300031.732736,64.3560744253922,False,37,143,37:143
20260926T000516,300036.311808,64.3560744253922,False,38,110,38:110
20260926T000516,300099.076352,64.3560744253922,False,39,120,39:120
20260926T000516,300087.69664,64.3560744253922,False,40,118,40:118
20260926T000516,300029.661696,64.3560744253922,False,40,119,40:119
20260926T000516,300058.3616,64.3560744253922,False,41,105,41:105
20260926T000516,300069.527296,64.3560744253922,False,43,97,43:97
20260926T000516,300084.90368,64.3560744253922,False,44,134,44:134
20260926T000516,300012.420352,64.3560744253922,False,44,135,44:135
20260926T000516,300076.660224,64.3560744253922,False,45,141,45:141
20260926T000516,300021.575168,64.3560744253922,True,45,142,45:142
20260926T000516,300028.36608,64.3560744253922,False,47,101,47:101
20260926T000516,300016.162048,64.3560744253922,False,48,98,48:98
20260926T000516,300050.487552,64.3560744253922,False,49,112,49:112
20260926T000516,299307.559168,64.3560744253922,True,49,113,49:113
20260926T000516,300002.452736,64.3560744253922,False,50,119,50:119
20260926T000516,300080.775424,64.3560744253922,False,52,134,52:134
20260926T000516,300008.280064,64.3560744253922,False,53,137,53:137
20260926T000516,300011.212288,64.3560744253922,False,54,118,54:118
20260926T000516,300020.888832,64.3560744253922,False,55,102,55:102
20260926T000516,300034.61376,64.3560744253922,False,56,141,56:141
20260926T000516,300070.897152,64.3560744253922,False,56,142,56:142
20260926T000516,300062.854656,64.3560744253922,False,57,99,57:99
20260926T000516,300048.18944,64.3560744253922,False,58,110,58:110
20260926T000516,300039.390464,64.3560744253922,False,59,138,59:138
20260926T000516,299517.86368,64.3560744253922,True,59,139,59:139
20260926T000516,299644.494592,64.3560744253922,True,60,112,60:112
20260926T000516,300043.771648,64.3560744253922,False,61,134,61:134
20260926T000516,299335.081984,64.3560744253922,True,61,135,61:135
20260926T000516,299462.27072,64.3560744253922,True,62,99,62:99
20260926T000516,300028.54272,64.3560744253922,False,63,124,63:124
20260926T000517,299859.37408,64.3560744253922,True,0,122,0:122
20260926T000517,300036.437504,64.3560744253922,False,1,120,1:120
20260926T000517,300055.416576,64.3560744253922,False,2,120,2:120
20260926T000517,300118.04416,64.3560744253922,False,3,125,3:125
20260926T000517,300108.891904,64.3560744253922,False,4,143,4:143
20260926T000517,300056.07808,64.3560744253922,False,4,144,4:144
20260926T000517,300035.459072,64.3560744253922,False,6,141,6:141
20260926T000517,300027.79776,64.3560744253922,False,6,142,6:142
20260926T000517,300033.13664,64.3560744253922,False,7,103,7:103
20260926T000517,300013.939712,64.3560744253922,False,8,142,8:142
20260926T000517,300008.169984,64.3560744253922,False,9,99,9:99
20260926T000517,300027.919872,64.3560744253922,False,11,108,11:108
20260926T000517,300079.380736,64.3560744253922,False,12,104,12:104
20260926T000517,299368.759296,64.3560744253922,True,12,105,12:105
20260926T000517,300040.880128,64.3560744253922,False,13,133,13:133
20260926T000517,300075.02464,64.3560744253922,False,14,120,14:120
20260926T000517,300066.962688,64.3560744253922,False,15,136,15:136
20260926T000517,299215.302144,64.3560744253922,True,15,137,15:137
20260926T000517,300043.837184,64.3560744253922,False,16,108,16:108
20260926T000517,300095.016448,64.3560744253922,False,16,109,16:109
20260926T000517,300023.7184,64.3560744253922,False,17,111,17:111
20260926T000517,299714.404096,64.3560744253922,True,17,112,17:112
20260926T000517,300052.939776,64.3560744253922,False,18,131,18:131
20260926T000517,300053.35936,64.3560744253922,False,20,123,20:123
20260926T000517,300054.849792,64.3560744253922,False,21,99,21:99
20260926T000517,300048.599552,64.3560744253922,False,22,109,22:109
20260926T000517,300072.995072,64.3560744253922,False,23,123,23:123
20260926T000517,300003.006464,64.3560744253922,False,24,142,24:142
20260926T000517,300055.959808,64.3560744253922,False,24,143,24:143
20260926T000517,300058.272256,64.3560744253922,False,25,140,25:140
20260926T000517,300010.749184,64.3560744253922,False,26,113,26:113
20260926T000517,300036.69632,64.3560744253922,False,28,132,28:132
20260926T000517,300025.169664,64.3560744253922,False,28,133,28:133
20260926T000517,300066.444288,64.3560744253922,False,29,137,29:137
20260926T000517,300036.955136,64.3560744253922,False,32,141,32:141
20260926T000517,299881.352704,64.3560744253922,True,33,108,33:108
20260926T000517,300036.2816,64.3560744253922,False,34,96,34:96
20260926T000517,300080.785408,64.3560744253922,False,35,119,35:119
20260926T000517,300008.305408,64.3560744253922,False,36,131,36:131
20260926T000517,300012.677888,64.3560744253922,False,37,144,37:144
20260926T000517,300069.381888,64.3560744253922,False,38,111,38:111
20260926T000517,300020.5632,64.3560744253922,False,39,121,39:121
20260926T000517,300073.552128,64.3560744253922,False,40,120,40:120
20260926T000517,300085.806336,64.3560744253922,False,41,106,41:106
20260926T000517,300079.136,64.3560744253922,False,42,111,42:111
20260926T000517,300069.383936,64.3560744253922,False,43,98,43:98
20260926T000517,300049.325312,64.3560744253922,False,44,136,44:136
20260926T000517,300042.604032,64.3560744253922,False,45,143,45:143
20260926T000517,300062.80448,64.3560744253922,False,46,138,46:138
20260926T000517,299723.6864,64.3560744253922,True,47,102,47:102
20260926T000517,300020.041984,64.3560744253922,False,48,99,48:99
20260926T000517,300054.285824,64.3560744253922,False,50,120,50:120
20260926T000517,300043.488,64.3560744253922,False,51,128,51:128
20260926T000517,300103.1616,64.3560744253922,False,51,129,51:129
20260926T000517,300069.925632,64.3560744253922,False,52,135,52:135
20260926T000517,300008.206592,64.3560744253922,False,53,138,53:138
20260926T000517,300009.472256,64.3560744253922,False,53,139,53:139
20260926T000517,300050.944768,64.3560744253922,False,55,103,55:103
20260926T000517,300041.810176,64.3560744253922,False,56,143,56:143
20260926T000517,300036.853248,64.3560744253922,False,57,100,57:100
20260926T000517,300036.260096,64.3560744253922,False,58,111,58:111
20260926T000517,300053.862656,64.3560744253922,False,59,140,59:140
20260926T000517,300086.331648,64.3560744253922,False,60,113,60:113
20260926T000517,300049.079296,64.3560744253922,False,61,136,61:136
20260926T000517,300065.545216,64.3560744253922,False,63,125,63:125
20260926T000518,300048.00768,64.3560744253922,False,0,123,0:123
20260926T000518,300009.849344,64.3560744253922,False,1,121,1:121
20260926T000518,300063.81952,64.3560744253922,False,2,121,2:121
20260926T000518,300032.497408,64.3560744253922,False,3,126,3:126
20260926T000518,300060.676096,64.3560744253922,False,4,145,4:145
20260926T000518,300026.535168,64.3560744253922,False,5,108,5:108
20260926T000518,299128.009984,64.3560744253922,True,5,109,5:109
20260926T000518,300092.285184,64.3560744253922,False,6,143,6:143
20260926T000518,300010.34752,64.3560744253922,False,7,104,7:104
20260926T000518,300071.109632,64.3560744253922,False,8,143,8:143
20260926T000518,300082.493184,64.3560744253922,False,9,100,9:100
20260926T000518,300069.564928,64.3560744253922,False,10,138,10:138
20260926T000518,299868.041984,64.3560744253922,True,10,139,10:139
20260926T000518,300013.161216,64.3560744253922,False,11,109,11:109
20260926T000518,300074.568704,64.3560744253922,False,13,134,13:134
20260926T000518,300034.719232,64.3560744253922,False,14,121,14:121
20260926T000518,300063.679232,64.3560744253922,False,15,138,15:138
20260926T000518,300005.721344,64.3560744253922,False,16,110,16:110
20260926T000518,300105.225728,64.3560744253922,False,18,132,18:132
20260926T000518,300019.323392,64.3560744253922,False,19,100,19:100
20260926T000518,300042.897408,64.3560744253922,False,20,124,20:124
20260926T000518,300025.89952,64.3560744253922,False,21,100,21:100
20260926T000518,300047.331328,64.3560744253922,False,22,110,22:110
20260926T000518,300005.40672,64.3560744253922,False,23,124,23:124
20260926T000518,300054.057472,64.3560744253922,False,25,141,25:141
20260926T000518,300059.43808,64.3560744253922,False,26,114,26:114
20260926T000518,300040.3584,64.3560744253922,False,27,120,27:120
20260926T000518,300021.914112,64.3560744253922,False,28,134,28:134
20260926T000518,300027.397376,64.3560744253922,False,29,138,29:138
20260926T000518,300062.980608,64.3560744253922,False,30,129,30:129
20260926T000518,300037.077248,64.3560744253922,False,31,115,31:115
20260926T000518,300030.487296,64.3560744253922,False,32,142,32:142
20260926T000518,300007.272704,64.3560744253922,False,33,109,33:109
20260926T000518,300036.39936,64.3560744253922,False,35,120,35:120
20260926T000518,300044.025344,64.3560744253922,False,36,132,36:132
20260926T000518,300027.785728,64.3560744253922,False,37,145,37:145
20260926T000518,300071.208192,64.3560744253922,False,38,112,38:112
20260926T000518,300086.17728,64.3560744253922,False,39,122,39:122
20260926T000518,300034.806528,64.3560744253922,False,39,123,39:123
20260926T000518,299617.213696,64.3560744253922,True,40,121,40:121
20260926T000518,300076.34688,64.3560744253922,False,41,107,41:107
20260926T000518,300082.96448,64.3560744253922,False,42,112,42:112
20260926T000518,300035.600896,64.3560744253922,False,43,99,43:99
20260926T000518,300051.059712,64.3560744253922,False,44,137,44:137
20260926T000518,300026.476288,64.3560744253922,False,45,144,45:144
20260926T000518,300035.513088,64.3560744253922,False,46,139,46:139
20260926T000518,300021.830144,64.3560744253922,False,46,140,46:140
20260926T000518,300084.549888,64.3560744253922,False,47,103,47:103
20260926T000518,299865.786112,64.3560744253922,True,49,114,49:114
20260926T000518,300092.205056,64.3560744253922,False,50,121,50:121
20260926T000518,300021.105152,64.3560744253922,False,51,130,51:130
20260926T000518,300028.777216,64.3560744253922,False,52,136,52:136
20260926T000518,300035.84,64.3560744253922,False,53,140,53:140
20260926T000518,300044.551168,64.3560744253922,False,54,119,54:119
20260926T000518,300032.494592,64.3560744253922,False,55,104,55:104
20260926T000518,300110.914048,64.3560744253922,False,56,144,56:144
20260926T000518,300060.019712,64.3560744253922,False,56,145,56:145
20260926T000518,299447.181824,64.3560744253922,True,56,146,56:146
20260926T000518,300079.405568,64.3560744253922,False,58,112,58:112
20260926T000518,300073.030144,64.3560744253922,False,59,141,59:141
20260926T000518,300082.257664,64.3560744253922,False,60,114,60:114
20260926T000518,300059.967488,64.3560744253922,False,61,137,61:137
20260926T000518,300111.876608,64.3560744253922,False,62,100,62:100
20260926T000518,300027.33184,64.3560744253922,False,63,126,63:126
20260926T000519,299340.399872,64.3560744253922,True,0,124,0:124
20260926T000519,300064.419328,64.3560744253922,False,1,122,1:122
20260926T000519,300066.177024,64.3560744253922,False,3,127,3:127
20260926T000519,300039.42272,64.3560744253922,False,6,144,6:144
20260926T000519,300100.646912,64.3560744253922,False,7,105,7:105
20260926T000519,300085.061632,64.3560744253922,False,8,144,8:144
20260926T000519,299381.444096,64.3560744253922,True,9,101,9:101
20260926T000519,299919.256576,64.3560744253922,True,10,140,10:140
20260926T000519,300038.802432,64.3560744253922,False,11,110,11:110
20260926T000519,299696.197888,64.3560744253922,True,12,106,12:106
20260926T000519,300004.539136,64.3560744253922,False,13,135,13:135
20260926T000519,300016.96256,64.3560744253922,False,14,122,14:122
20260926T000519,300029.123072,64.3560744253922,False,15,139,15:139
20260926T000519,299009.389824,64.3560744253922,True,16,111,16:111
20260926T000519,300029.033728,64.3560744253922,False,17,113,17:113
20260926T000519,299566.891264,64.3560744253922,True,17,114,17:114
20260926T000519,300095.371776,64.3560744253922,False,18,133,18:133
20260926T000519,300022.925824,64.3560744253922,False,19,101,19:101
20260926T000519,300047.566336,64.3560744253922,False,20,125,20:125
20260926T000519,300023.911168,64.3560744253922,False,21,101,21:101
20260926T000519,300063.971072,64.3560744253922,False,22,111,22:111
20260926T000519,300111.849728,64.3560744253922,False,23,125,23:125
20260926T000519,299848.467968,64.3560744253922,True,24,145,24:145
20260926T000519,300046.694144,64.3560744253922,False,25,142,25:142
20260926T000519,300035.819008,64.3560744253922,False,25,143,25:143
20260926T000519,300004.834816,64.3560744253922,False,27,121,27:121
20260926T000519,300029.330688,64.3560744253922,False,28,135,28:135
20260926T000519,300025.3632,64.3560744253922,False,29,139,29:139
20260926T000519,300109.16736,64.3560744253922,False,30,130,30:130
20260926T000519,300072.559872,64.3560744253922,False,31,116,31:116
20260926T000519,300113.776384,64.3560744253922,False,32,143,32:143
20260926T000519,300049.137408,64.3560744253922,False,33,110,33:110
20260926T000519,300061.876736,64.3560744253922,False,34,97,34:97
20260926T000519,299230.878208,64.3560744253922,True,34,98,34:98
20260926T000519,300094.571776,64.3560744253922,False,35,121,35:121
20260926T000519,299768.895488,64.3560744253922,True,35,122,35:122
20260926T000519,300076.633088,64.3560744253922,False,36,133,36:133
20260926T000519,300046.791168,64.3560744253922,False,37,146,37:146
20260926T000519,300109.138176,64.3560744253922,False,38,113,38:113
20260926T000519,300053.408,64.3560744253922,False,41,108,41:108
20260926T000519,300051.94496,64.3560744253922,False,43,100,43:100
20260926T000519,300075.341568,64.3560744253922,False,44,138,44:138
20260926T000519,300086.607104,64.3560744253922,False,45,145,45:145
20260926T000519,300091.215104,64.3560744253922,False,46,141,46:141
20260926T000519,300028.98048,64.3560744253922,False,47,104,47:104
20260926T000519,300025.006336,64.3560744253922,False,48,100,48:100
20260926T000519,300061.08288,64.3560744253922,False,49,115,49:115
20260926T000519,299204.763904,64.3560744253922,True,51,132,51:132
20260926T000519,300031.399424,64.3560744253922,False,52,137,52:137
20260926T000519,300029.859584,64.3560744253922,False,53,141,53:141
20260926T000519,299011.657216,64.3560744253922,True,53,142,53:142
20260926T000519,300009.047808,64.3560744253922,False,54,120,54:120
20260926T000519,300030.530816,64.3560744253922,False,55,105,55:105
20260926T000519,299991.149312,64.3560744253922,True,57,101,57:101
20260926T000519,300037.01376,64.3560744253922,False,58,113,58:113
20260926T000519,299091.043072,64.3560744253922,True,58,114,58:114
20260926T000519,300033.837824,64.3560744253922,False,59,142,59:142
20260926T000519,300066.321152,64.3560744253922,False,61,138,61:138
20260926T000519,299008.36992,64.3560744253922,True,61,139,61:139
20260926T000519,300084.273664,64.3560744253922,False,62,101,62:101
20260926T000519,300056.1536,64.3560744253922,False,63,127,63:127
20260926T000520,300091.749376,64.3560744253922,False,0,125,0:125
20260926T000520,299689.09952,64.3560744253922,True,0,126,0:126
20260926T000520,300466.121728,64.3560744253922,False,1,123,1:123
20260926T000520,300511.616,64.3560744253922,False,2,122,2:122
20260926T000520,299336.417536,64.3560744253922,True,2,123,2:123
20260926T000520,300541.101568,64.3560744253922,False,3,128,3:128
20260926T000520,300014.340608,64.3560744253922,False,3,129,3:129
20260926T000520,300662.290944,64.3560744253922,False,4,146,4:146
20260926T000520,300037.836288,64.3560744253922,False,4,147,4:147
20260926T000520,300205.35296,64.3560744253922,False,5,110,5:110
20260926T000520,300025.752064,64.3560744253922,False,6,145,6:145
20260926T000520,300186.19264,64.3560744253922,False,8,145,8:145
20260926T000520,300025.316608,64.3560744253922,False,10,141,10:141
20260926T000520,300185.570304,64.3560744253922,False,11,111,11:111
20260926T000520,300239.211776,64.3560744253922,False,12,107,12:107
20260926T000520,300482.464256,64.3560744253922,False,13,136,13:136
20260926T000520,300239.979776,64.3560744253922,False,14,123,14:123
20260926T000520,300499.74912,64.3560744253922,False,15,140,15:140
20260926T000520,299536.103936,64.3560744253922,True,17,115,17:115
20260926T000520,300284.475648,64.3560744253922,False,18,134,18:134
20260926T000520,300388.036864,64.3560744253922,False,19,102,19:102
20260926T000520,300367.940352,64.3560744253922,True,20,126,20:126
20260926T000520,300032.915968,64.3560744253922,False,20,127,20:127
20260926T000520,300036.740608,64.3560744253922,False,21,102,21:102
20260926T000520,300088.914688,64.3560744253922,False,22,112,22:112
20260926T000520,300039.714048,64.3560744253922,False,23,126,23:126
20260926T000520,300492.557568,64.3560744253922,False,24,146,24:146
20260926T000520,300041.322752,64.3560744253922,False,25,144,25:144
20260926T000520,300475.172864,64.3560744253922,False,26,115,26:115
20260926T000520,300160.966144,64.3560744253922,False,27,122,27:122
20260926T000520,300024.78336,64.3560744253922,False,28,136,28:136
20260926T000520,300670.889216,64.3560744253922,False,29,140,29:140
20260926T000520,300065.62944,64.3560744253922,False,29,141,29:141
20260926T000520,300461.47584,64.3560744253922,False,30,131,30:131
20260926T000520,300007.969792,64.3560744253922,False,30,132,30:132
20260926T000520,300176.027136,64.3560744253922,False,31,117,31:117
20260926T000520,300487.117568,64.3560744253922,False,32,144,32:144
20260926T000520,300059.684864,64.3560744253922,False,32,145,32:145
20260926T000520,300336.5312,64.3560744253922,False,33,111,33:111
20260926T000520,299332.407552,64.3560744253922,True,33,112,33:112
20260926T000520,300035.518464,64.3560744253922,False,36,134,36:134
20260926T000520,300580.217088,64.3560744253922,False,37,147,37:147
20260926T000520,300128.362752,64.3560744253922,False,38,114,38:114
20260926T000520,300655.9936,64.3560744253922,False,39,124,39:124
20260926T000520,300019.759616,64.3560744253922,False,39,125,39:125
20260926T000520,300679.272704,64.3560744253922,False,40,122,40:122
20260926T000520,300289.83552,64.3560744253922,False,41,109,41:109
20260926T000520,300661.466112,64.3560744253922,False,42,113,42:113
20260926T000520,300196.499456,64.3560744253922,False,43,101,43:101
20260926T000520,300283.632384,64.3560744253922,False,44,139,44:139
20260926T000520,299632.059904,64.3560744253922,True,44,140,44:140
20260926T000520,300435.03232,64.3560744253922,False,45,146,45:146
20260926T000520,300094.968576,64.3560744253922,False,45,147,45:147
20260926T000520,300354.26048,64.3560744253922,False,46,142,46:142
20260926T000520,299526.683904,64.3560744253922,True,47,105,47:105
20260926T000520,300243.151616,64.3560744253922,False,48,101,48:101
20260926T000520,300064.793344,64.3560744253922,False,49,116,49:116
20260926T000520,300665.325824,64.3560744253922,False,50,122,50:122
20260926T000520,300024.98304,64.3560744253922,False,50,123,50:123
20260926T000520,300685.527296,64.3560744253922,False,51,131,51:131
20260926T000520,300096.950016,64.3560744253922,False,52,138,52:138
20260926T000520,300021.8496,64.3560744253922,False,53,143,53:143
20260926T000520,300364.236288,64.3560744253922,False,54,121,54:121
20260926T000520,300009.063168,64.3560744253922,False,55,106,55:106
20260926T000520,300133.304576,64.3560744253922,False,56,147,56:147
20260926T000520,299339.914752,64.3560744253922,True,56,148,56:148
20260926T000520,300554.435072,64.3560744253922,False,57,102,57:102
20260926T000520,300011.819776,64.3560744253922,False,57,103,57:103
20260926T000520,300425.79584,64.3560744253922,False,59,143,59:143
20260926T000520,300584.075776,64.3560744253922,False,60,115,60:115
20260926T000520,300424.062976,64.3560744253922,False,62,102,62:102
20260926T000520,300667.982336,64.3560744253922,False,63,128,63:128
20260926T000521,300041.207296,64.3560744253922,False,1,124,1:124
20260926T000521,300018.526976,64.3560744253922,False,1,125,1:125
20260926T000521,300040.82304,64.3560744253922,False,2,124,2:124
20260926T000521,299254.418944,64.3560744253922,True,3,130,3:130
20260926T000521,300058.820864,64.3560744253922,False,4,148,4:148
20260926T000521,300006.413312,64.3560744253922,False,5,111,5:111
20260926T000521,300116.768,64.3560744253922,False,6,146,6:146
20260926T000521,300034.752512,64.3560744253922,False,7,106,7:106
20260926T000521,299972.707072,64.3560744253922,True,8,146,8:146
20260926T000521,300010.575104,64.3560744253922,False,8,147,8:147
20260926T000521,300055.934976,64.3560744253922,False,9,102,9:102
20260926T000521,300031.410944,64.3560744253922,False,10,142,10:142
20260926T000521,300123.145472,64.3560744253922,False,11,112,11:112
20260926T000521,300037.45152,64.3560744253922,False,12,108,12:108
20260926T000521,300018.706432,64.3560744253922,False,13,137,13:137
20260926T000521,300112.210176,64.3560744253922,False,13,138,13:138
20260926T000521,299576.93952,64.3560744253922,True,13,139,13:139
20260926T000521,300012.494848,64.3560744253922,False,14,124,14:124
20260926T000521,300017.363968,64.3560744253922,False,14,125,14:125
20260926T000521,300047.547392,64.3560744253922,False,15,141,15:141
20260926T000521,300116.178432,64.3560744253922,False,15,142,15:142
20260926T000521,300023.540736,64.3560744253922,False,16,112,16:112
20260926T000521,300079.851008,64.3560744253922,False,18,135,18:135
20260926T000521,300018.12992,64.3560744253922,False,19,103,19:103
20260926T000521,300120.963584,64.3560744253922,False,20,128,20:128
20260926T000521,300042.263808,64.3560744253922,False,21,103,21:103
20260926T000521,299230.825216,64.3560744253922,True,22,113,22:113
20260926T000521,300008.68736,64.3560744253922,False,23,127,23:127
20260926T000521,300055.926016,64.3560744253922,False,24,147,24:147
20260926T000521,300012.230912,64.3560744253922,False,24,148,24:148
20260926T000521,300063.243264,64.3560744253922,False,25,145,25:145
20260926T000521,300056.382464,64.3560744253922,False,26,116,26:116
20260926T000521,300007.14496,64.3560744253922,False,27,123,27:123
20260926T000521,300077.68192,64.3560744253922,False,28,137,28:137
20260926T000521,300029.193984,64.3560744253922,False,29,142,29:142
20260926T000521,300070.566912,64.3560744253922,False,30,133,30:133
20260926T000521,300017.833728,64.3560744253922,False,31,118,31:118
20260926T000521,299534.142464,64.3560744253922,True,32,146,32:146
20260926T000521,300016.009984,64.3560744253922,False,34,99,34:99
20260926T000521,300096.749568,64.3560744253922,False,35,123,35:123
20260926T000521,300065.21344,64.3560744253922,False,35,124,35:124
20260926T000521,300036.208128,64.3560744253922,False,36,135,36:135
20260926T000521,300010.386688,64.3560744253922,False,37,148,37:148
20260926T000521,300013.100032,64.3560744253922,False,37,149,37:149
20260926T000521,299667.804672,64.3560744253922,True,38,115,38:115
20260926T000521,300020.3904,64.3560744253922,False,39,126,39:126
20260926T000521,300051.704576,64.3560744253922,False,40,123,40:123
20260926T000521,300058.21952,64.3560744253922,False,41,110,41:110
20260926T000521,300060.795904,64.3560744253922,False,42,114,42:114
20260926T000521,300089.523712,64.3560744253922,False,43,102,43:102
20260926T000521,300082.552576,64.3560744253922,False,44,141,44:141
20260926T000521,300031.313664,64.3560744253922,False,45,148,45:148
20260926T000521,300046.56768,64.3560744253922,False,46,143,46:143
20260926T000521,300052.344576,64.3560744253922,False,46,144,46:144
20260926T000521,300026.729984,64.3560744253922,False,47,106,47:106
20260926T000521,300043.812096,64.3560744253922,False,48,102,48:102
20260926T000521,300142.705152,64.3560744253922,False,49,117,49:117
20260926T000521,300052.915712,64.3560744253922,False,50,124,50:124
20260926T000521,300082.031616,64.3560744253922,False,51,133,51:133
20260926T000521,300022.731008,64.3560744253922,False,52,139,52:139
20260926T000521,300008.42496,64.3560744253922,False,53,144,53:144
20260926T000521,300023.652864,64.3560744253922,False,54,122,54:122
20260926T000521,299783.731456,64.3560744253922,True,55,107,55:107
20260926T000521,299328.687616,64.3560744253922,True,56,149,56:149
20260926T000521,300062.72768,64.3560744253922,False,58,115,58:115
20260926T000521,300030.659072,64.3560744253922,False,59,144,59:144
20260926T000521,300033.371904,64.3560744253922,False,59,145,59:145
20260926T000521,300069.805312,64.3560744253922,False,60,116,60:116
20260926T000521,300088.789504,64.3560744253922,False,61,140,61:140
20260926T000521,299236.980992,64.3560744253922,True,61,142,61:142
20260926T000521,300081.92512,64.3560744253922,True,62,103,62:103
20260926T000521,300024.567552,64.3560744253922,False,63,129,63:129
20260926T000522,300015.989248,64.3560744253922,False,0,127,0:127
20260926T000522,300022.114304,64.3560744253922,False,0,128,0:128
20260926T000522,300055.339264,64.3560744253922,False,2,125,2:125
20260926T000522,300075.115776,64.3560744253922,False,3,131,3:131
20260926T000522,300048.686592,64.3560744253922,False,4,149,4:149
20260926T000522,300007.07328,64.3560744253922,False,5,112,5:112
20260926T000522,300046.199808,64.3560744253922,False,6,147,6:147
20260926T000522,300074.727936,64.3560744253922,False,7,107,7:107
20260926T000522,299622.046976,64.3560744253922,True,7,108,7:108
20260926T000522,300023.970816,64.3560744253922,False,8,148,8:148
20260926T000522,300025.718528,64.3560744253922,False,9,103,9:103
20260926T000522,300014.512384,64.3560744253922,False,10,143,10:143
20260926T000522,300054.818048,64.3560744253922,False,10,144,10:144
20260926T000522,300080.602112,64.3560744253922,False,11,113,11:113
20260926T000522,300038.500096,64.3560744253922,False,12,109,12:109
20260926T000522,299450.429184,64.3560744253922,True,13,140,13:140
20260926T000522,300046.62016,64.3560744253922,False,14,126,14:126
20260926T000522,300011.147008,64.3560744253922,False,15,143,15:143
20260926T000522,300108.002816,64.3560744253922,False,16,113,16:113
20260926T000522,300081.435904,64.3560744253922,False,17,116,17:116
20260926T000522,299601.496064,64.3560744253922,True,17,117,17:117
20260926T000522,300011.000576,64.3560744253922,False,18,136,18:136
20260926T000522,300070.240256,64.3560744253922,False,19,104,19:104
20260926T000522,300061.677056,64.3560744253922,False,20,129,20:129
20260926T000522,300081.770496,64.3560744253922,False,22,114,22:114
20260926T000522,300026.591488,64.3560744253922,False,23,128,23:128
20260926T000522,300100.834816,64.3560744253922,False,24,149,24:149
20260926T000522,300031.93856,64.3560744253922,False,25,146,25:146
20260926T000522,300061.40288,64.3560744253922,False,26,117,26:117
20260926T000522,300059.853056,64.3560744253922,False,26,118,26:118
20260926T000522,300103.825408,64.3560744253922,False,27,124,27:124
20260926T000522,300057.62176,64.3560744253922,False,28,138,28:138
20260926T000522,300072.964608,64.3560744253922,False,29,143,29:143
20260926T000522,300107.241472,64.3560744253922,False,30,134,30:134
20260926T000522,300046.525696,64.3560744253922,False,31,119,31:119
20260926T000522,300026.070528,64.3560744253922,False,32,147,32:147
20260926T000522,300061.131776,64.3560744253922,False,33,113,33:113
20260926T000522,300007.239424,64.3560744253922,False,34,100,34:100
20260926T000522,300061.411328,64.3560744253922,False,35,125,35:125
20260926T000522,300029.08928,64.3560744253922,False,36,136,36:136
20260926T000522,300060.758528,64.3560744253922,False,37,150,37:150
20260926T000522,300050.365184,64.3560744253922,False,38,116,38:116
20260926T000522,300054.62528,64.3560744253922,False,39,127,39:127
20260926T000522,300013.857792,64.3560744253922,False,40,124,40:124
20260926T000522,300029.368832,64.3560744253922,False,40,125,40:125
20260926T000522,300019.52128,64.3560744253922,False,41,111,41:111
20260926T000522,300091.258368,64.3560744253922,False,42,115,42:115
20260926T000522,300035.041536,64.3560744253922,False,43,103,43:103
20260926T000522,300048.562944,64.3560744253922,False,44,142,44:142
20260926T000522,300111.363072,64.3560744253922,False,45,149,45:149
20260926T000522,300049.597952,64.3560744253922,False,46,145,46:145
20260926T000522,299278.952448,64.3560744253922,True,47,107,47:107
20260926T000522,300069.444864,64.3560744253922,False,48,103,48:103
20260926T000522,300008.096,64.3560744253922,False,49,118,49:118
20260926T000522,300031.005952,64.3560744253922,False,50,125,50:125
20260926T000522,300064.725504,64.3560744253922,False,51,134,51:134
20260926T000522,300060.576,64.3560744253922,False,52,140,52:140
20260926T000522,299705.05856,64.3560744253922,True,53,145,53:145
20260926T000522,300023.035392,64.3560744253922,False,53,146,53:146
20260926T000522,300019.646464,64.3560744253922,False,54,123,54:123
20260926T000522,300017.50784,64.3560744253922,False,56,150,56:150
20260926T000522,300086.187264,64.3560744253922,False,57,104,57:104
20260926T000522,299707.571712,64.3560744253922,True,58,116,58:116
20260926T000522,300014.273024,64.3560744253922,False,59,146,59:146
20260926T000522,300034.851584,64.3560744253922,False,60,117,60:117
20260926T000522,300054.277632,64.3560744253922,False,61,141,61:141
20260926T000522,300009.77664,64.3560744253922,False,62,104,62:104
20260926T000522,300081.885952,64.3560744253922,False,63,130,63:130
20260926T000523,299813.900544,64.3560744253922,True,0,129,0:129
20260926T000523,300009.210624,64.3560744253922,False,1,126,1:126
20260926T000523,300018.007296,64.3560744253922,False,2,126,2:126
20260926T000523,300045.29152,64.3560744253922,False,3,132,3:132
20260926T000523,300077.481472,64.3560744253922,False,4,150,4:150
20260926T000523,300017.225216,64.3560744253922,True,4,151,4:151
20260926T000523,299702.010368,64.3560744253922,True,5,113,5:113
20260926T000523,300015.2704,64.3560744253922,False,6,148,6:148
20260926T000523,300017.996288,64.3560744253922,False,8,149,8:149
20260926T000523,300026.119936,64.3560744253922,False,9,104,9:104
20260926T000523,300030.725376,64.3560744253922,False,10,145,10:145
20260926T000523,300134.554112,64.3560744253922,False,11,114,11:114
20260926T000523,300079.182336,64.3560744253922,False,12,110,12:110
20260926T000523,300060.555008,64.3560744253922,False,13,141,13:141
20260926T000523,300040.726528,64.3560744253922,False,14,127,14:127
20260926T000523,300025.715456,64.3560744253922,False,15,144,15:144
20260926T000523,300058.738944,64.3560744253922,False,16,114,16:114
20260926T000523,300026.750208,64.3560744253922,False,17,118,17:118
20260926T000523,300014.094848,64.3560744253922,False,18,137,18:137
20260926T000523,300031.131392,64.3560744253922,False,19,105,19:105
20260926T000523,299636.628992,64.3560744253922,True,20,130,20:130
20260926T000523,300094.949888,64.3560744253922,False,21,104,21:104
20260926T000523,300020.18304,64.3560744253922,False,21,105,21:105
20260926T000523,300032.813312,64.3560744253922,False,22,115,22:115
20260926T000523,300017.353728,64.3560744253922,False,23,129,23:129
20260926T000523,300033.676544,64.3560744253922,False,24,150,24:150
20260926T000523,299562.789376,64.3560744253922,True,24,151,24:151
20260926T000523,300035.349248,64.3560744253922,False,25,147,25:147
20260926T000523,300028.994816,64.3560744253922,False,26,119,26:119
20260926T000523,299910.907648,64.3560744253922,True,27,125,27:125
20260926T000523,300057.306624,64.3560744253922,False,28,139,28:139
20260926T000523,300024.331264,64.3560744253922,False,28,140,28:140
20260926T000523,300076.124416,64.3560744253922,False,29,144,29:144
20260926T000523,300007.853568,64.3560744253922,False,29,145,29:145
20260926T000523,300031.618816,64.3560744253922,False,30,135,30:135
20260926T000523,300035.051264,64.3560744253922,False,31,120,31:120
20260926T000523,300048.77696,64.3560744253922,False,31,121,31:121
20260926T000523,300059.574016,64.3560744253922,False,32,148,32:148
20260926T000523,300013.164288,64.3560744253922,False,32,149,32:149
20260926T000523,300014.671104,64.3560744253922,False,33,114,33:114
20260926T000523,299758.17856,64.3560744253922,True,34,101,34:101
20260926T000523,300042.60736,64.3560744253922,False,35,126,35:126
20260926T000523,300047.692032,64.3560744253922,False,36,137,36:137
20260926T000523,300033.163264,64.3560744253922,False,37,151,37:151
20260926T000523,300019.346176,64.3560744253922,False,38,117,38:117
20260926T000523,300025.989376,64.3560744253922,False,39,128,39:128
20260926T000523,300098.267136,64.3560744253922,False,40,126,40:126
20260926T000523,300010.30656,64.3560744253922,False,41,112,41:112
20260926T000523,300069.351424,64.3560744253922,False,42,116,42:116
20260926T000523,300019.570176,64.3560744253922,False,42,117,42:117
20260926T000523,300040.63744,64.3560744253922,False,43,104,43:104
20260926T000523,300039.503616,64.3560744253922,False,44,143,44:143
20260926T000523,300059.876096,64.3560744253922,False,45,150,45:150
20260926T000523,300042.38848,64.3560744253922,False,45,151,45:151
20260926T000523,300042.831616,64.3560744253922,False,46,146,46:146
20260926T000523,299705.185792,64.3560744253922,True,47,108,47:108
20260926T000523,300016.891136,64.3560744253922,False,49,119,49:119
20260926T000523,300078.228736,64.3560744253922,False,50,126,50:126
20260926T000523,300070.554368,64.3560744253922,False,51,135,51:135
20260926T000523,300019.884288,64.3560744253922,False,52,141,52:141
20260926T000523,299820.425216,64.3560744253922,True,52,142,52:142
20260926T000523,300019.114496,64.3560744253922,False,53,147,53:147
20260926T000523,300039.700736,64.3560744253922,False,54,124,54:124
20260926T000523,300012.809216,64.3560744253922,False,54,125,54:125
20260926T000523,300061.330688,64.3560744253922,False,55,108,55:108
20260926T000523,300034.450944,64.3560744253922,False,56,151,56:151
20260926T000523,300040.615168,64.3560744253922,False,57,105,57:105
20260926T000523,300040.907008,64.3560744253922,False,58,117,58:117
20260926T000523,300018.084352,64.3560744253922,False,59,147,59:147
20260926T000523,300021.613568,64.3560744253922,False,60,118,60:118
20260926T000523,300086.318848,64.3560744253922,False,61,143,61:143
20260926T000523,300006.024192,64.3560744253922,False,62,105,62:105
20260926T000523,300093.068544,64.3560744253922,False,63,131,63:131
20260926T000524,300039.113728,64.3560744253922,False,48,104,48:104
20260926T000524,300042.053632,64.3560744253922,False,51,136,51:136
20260926T000524,300030.820096,64.3560744253922,False,56,152,56:152
20260926T000524,300020.274688,64.3560744253922,False,63,132,63:132
