received_timestamp,complete_response_time,success_rate,success,worker_idx,request_idx,global_request_id
20261002T155254,972.87168,100.0,True,10,0,10:0
20261002T155254,968.114432,100.0,True,15,0,15:0
20261002T155255,1424.676096,100.0,True,2,0,2:0
20261002T155255,1762.104832,100.0,True,11,0,11:0
20261002T155256,2563.143168,100.0,True,6,0,6:0
20261002T155256,3023.016448,100.0,True,13,0,13:0
20261002T155257,289.522176,100.0,True,10,1,10:1
20261002T155258,795.283712,100.0,True,1,1,1:1
20261002T155258,1860.732416,100.0,True,14,1,14:1
20261002T155259,1521.897216,100.0,True,2,1,2:1
20261002T155300,2140.05888,100.0,True,0,1,0:1
20261002T155300,2542.95552,100.0,True,8,1,8:1
20261002T155300,1814.584832,100.0,True,9,1,9:1
20261002T155300,794.720512,100.0,True,11,1,11:1
20261002T155300,1486.848,100.0,True,12,1,12:1
20261002T155300,2887.17056,100.0,True,16,1,16:1
20261002T155301,2509.444608,100.0,True,17,1,17:1
20261002T155302,9208.384768,100.0,True,0,0,0:0
20261002T155302,1227.894016,100.0,True,0,2,0:2
20261002T155302,834.89408,100.0,True,3,2,3:2
20261002T155302,461.736704,100.0,True,8,2,8:2
20261002T155302,1158.397184,100.0,True,10,2,10:2
20261002T155302,1040.804352,100.0,True,14,2,14:2
20261002T155302,385.271552,100.0,True,15,2,15:2
20261002T155303,1058.943232,100.0,True,16,2,16:2
20261002T155304,2586.55744,100.0,True,1,2,1:2
20261002T155304,11170.385664,100.0,True,5,0,5:0
20261002T155304,1630.067968,100.0,True,5,2,5:2
20261002T155304,325.713408,100.0,True,7,2,7:2
20261002T155304,1431.437824,100.0,True,11,2,11:2
20261002T155305,11549.79072,100.0,True,4,0,4:0
20261002T155305,2801.083136,100.0,True,9,2,9:2
20261002T155306,12922.694912,100.0,True,1,0,1:0
20261002T155306,13177.377024,100.0,True,8,0,8:0
20261002T155306,12908.031744,100.0,True,12,0,12:0
20261002T155306,81.419008,100.0,True,14,3,14:3
20261002T155306,12727.890176,100.0,True,16,0,16:0
20261002T155307,1852.622336,100.0,True,4,3,4:3
20261002T155307,2448.218624,100.0,True,12,2,12:2
20261002T155307,9511.06176,100.0,True,15,1,15:1
20261002T155308,11358.8736,100.0,True,6,1,6:1
20261002T155309,11835.723776,100.0,True,4,1,4:1
20261002T155309,928.449792,100.0,True,6,4,6:4
20261002T155309,15443.321344,100.0,True,7,0,7:0
20261002T155309,9772.814592,100.0,True,7,1,7:1
20261002T155309,1875.127552,100.0,True,9,3,9:3
20261002T155309,545.240064,100.0,True,15,4,15:4
20261002T155309,2475.840512,100.0,True,16,3,16:3
20261002T155310,2202.797824,100.0,True,0,4,0:4
20261002T155310,12407.48928,100.0,True,5,1,5:1
20261002T155310,16551.993856,100.0,True,9,0,9:0
20261002T155310,1291.594496,100.0,True,13,4,13:4
20261002T155310,16489.385216,100.0,True,14,0,14:0
20261002T155310,16249.726208,100.0,True,17,0,17:0
20261002T155311,1235.716352,100.0,True,2,4,2:4
20261002T155311,17354.13376,100.0,True,3,0,3:0
20261002T155311,2355.350016,100.0,True,12,3,12:3
20261002T155311,12818.562816,100.0,True,13,1,13:1
20261002T155311,1540.997376,100.0,True,17,4,17:4
20261002T155312,13467.181312,100.0,True,3,1,3:1
20261002T155312,2979.067904,100.0,True,3,4,3:4
20261002T155312,1609.027328,100.0,True,8,4,8:4
20261002T155312,2217.854208,100.0,True,10,4,10:4
20261002T155312,895.554304,100.0,True,16,4,16:4
20261002T155313,2901.513984,100.0,True,1,4,1:4
20261002T155313,10427.848704,100.0,True,17,2,17:2
20261002T155314,640.736512,100.0,True,5,4,5:4
20261002T155314,2204.189184,100.0,True,6,5,6:5
20261002T155314,1461.836032,100.0,True,7,4,7:4
20261002T155314,137.911552,100.0,True,17,5,17:5
20261002T155315,10687.191552,100.0,True,1,3,1:3
20261002T155315,928.331776,100.0,True,4,6,4:6
20261002T155315,9684.894464,100.0,True,8,3,8:3
20261002T155315,10855.09376,100.0,True,10,3,10:3
20261002T155315,827.307008,100.0,True,11,4,11:4
20261002T155315,3004.705792,100.0,True,15,5,15:5
20261002T155316,11321.156864,100.0,True,0,3,0:3
20261002T155316,776.955392,100.0,True,13,6,13:6
20261002T155317,15702.98624,100.0,True,2,2,2:2
20261002T155317,2122.296064,100.0,True,2,5,2:5
20261002T155317,16236.3456,100.0,True,6,2,6:2
20261002T155317,524.817664,100.0,True,10,6,10:6
20261002T155317,11367.779584,100.0,True,13,3,13:3
20261002T155317,81.718272,100.0,True,14,6,14:6
20261002T155318,12252.881664,100.0,True,2,3,2:3
20261002T155318,13102.203136,100.0,True,3,3,3:3
20261002T155318,9129.612032,100.0,True,7,3,7:3
20261002T155318,10273.540096,100.0,True,11,3,11:3
20261002T155319,18090.882304,100.0,True,4,2,4:2
20261002T155319,10886.959872,100.0,True,4,4,4:4
20261002T155319,2565.748992,100.0,True,6,6,6:6
20261002T155319,2904.14592,100.0,True,8,6,8:6
20261002T155319,2048.258816,100.0,True,11,5,11:5
20261002T155319,10390.77376,100.0,True,14,4,14:4
20261002T155319,2137.02528,100.0,True,15,6,15:6
20261002T155319,3110.867456,100.0,True,16,5,16:5
20261002T155320,15337.01376,100.0,True,6,3,6:3
20261002T155320,16996.075776,100.0,True,13,2,13:2
20261002T155320,249.15456,100.0,True,13,7,13:7
20261002T155320,14100.260608,100.0,True,17,3,17:3
20261002T155320,856.522752,100.0,True,17,6,17:6
20261002T155321,477.788416,100.0,True,10,7,10:7
20261002T155322,1661.100544,100.0,True,16,6,16:6
20261002T155323,9379.843328,100.0,True,1,5,1:5
20261002T155323,2314.342656,100.0,True,1,7,1:7
20261002T155323,15330.753024,100.0,True,5,3,5:3
20261002T155323,2538.737408,100.0,True,5,6,5:6
20261002T155323,9454.01472,100.0,True,8,5,8:5
20261002T155323,18283.141376,100.0,True,15,3,15:3
20261002T155324,2393.71904,100.0,True,2,7,2:7
20261002T155324,12786.71488,100.0,True,9,4,9:4
20261002T155324,616.689408,100.0,True,10,8,10:8
20261002T155324,976.934656,100.0,True,15,8,15:8
20261002T155324,334.092544,100.0,True,17,7,17:7
20261002T155325,14249.23008,100.0,True,4,5,4:5
20261002T155325,852.302848,100.0,True,6,8,6:8
20261002T155325,11475.721728,100.0,True,10,5,10:5
20261002T155325,12825.644544,100.0,True,13,5,13:5
20261002T155326,1812.665856,100.0,True,1,8,1:8
20261002T155326,884.397568,100.0,True,5,7,5:7
20261002T155326,1502.003968,100.0,True,8,8,8:8
20261002T155327,14528.570624,100.0,True,0,5,0:5
20261002T155327,2350.82368,100.0,True,0,8,0:8
20261002T155327,1582.023168,100.0,True,2,8,2:8
20261002T155327,14356.211712,100.0,True,3,5,3:5
20261002T155327,14406.249984,100.0,True,14,5,14:5
20261002T155327,1971.66464,100.0,True,14,8,14:8
20261002T155327,1738.97344,100.0,True,16,7,16:7
20261002T155328,10604.031744,100.0,True,3,6,3:6
20261002T155328,13959.439104,100.0,True,12,4,12:4
20261002T155328,1424.304896,100.0,True,12,6,12:6
20261002T155329,84.54912,100.0,True,0,9,0:9
20261002T155329,314.450432,100.0,True,11,7,11:7
20261002T155330,2431.041024,100.0,True,1,9,1:9
20261002T155330,523.190272,100.0,True,2,9,2:9
20261002T155330,12041.940736,100.0,True,4,7,4:7
20261002T155330,12583.182336,100.0,True,7,5,7:5
20261002T155330,3050.748672,100.0,True,15,9,15:9
20261002T155331,10167.544576,100.0,True,0,7,0:7
20261002T155331,552.122624,100.0,True,10,10,10:10
20261002T155332,10882.204416,100.0,True,3,7,3:7
20261002T155332,2381.292032,100.0,True,4,10,4:10
20261002T155332,1880.933376,100.0,True,12,7,12:7
20261002T155332,2054.546432,100.0,True,14,9,14:9
20261002T155333,620.75776,100.0,True,0,10,0:10
20261002T155333,15498.682112,100.0,True,1,6,1:6
20261002T155333,15573.896192,100.0,True,5,5,5:5
20261002T155333,2627.718144,100.0,True,5,8,5:8
20261002T155333,11805.699072,100.0,True,6,7,6:7
20261002T155333,1911.747328,100.0,True,8,10,8:10
20261002T155333,16122.334976,100.0,True,9,5,9:5
20261002T155333,1901.082368,100.0,True,15,10,15:10
20261002T155334,1396.707584,100.0,True,1,10,1:10
20261002T155334,15607.666432,100.0,True,2,6,2:6
20261002T155334,3173.176064,100.0,True,3,10,3:10
20261002T155334,14529.65888,100.0,True,8,7,8:7
20261002T155334,14368.965888,100.0,True,15,7,15:7
20261002T155335,18082.309632,100.0,True,0,6,0:6
20261002T155335,1815.841536,100.0,True,9,8,9:8
20261002T155335,413.85728,100.0,True,10,11,10:11
20261002T155336,2163.996416,100.0,True,8,11,8:11
20261002T155336,13459.090944,100.0,True,11,6,11:6
20261002T155336,15652.627712,100.0,True,12,5,12:5
20261002T155336,1681.23776,100.0,True,15,11,15:11
20261002T155337,13455.759616,100.0,True,13,8,13:8
20261002T155337,2524.75008,100.0,True,13,11,13:11
20261002T155338,12791.176704,100.0,True,4,9,4:9
20261002T155338,15437.996032,100.0,True,7,6,7:6
20261002T155338,15681.610752,100.0,True,9,6,9:6
20261002T155338,10093.856,100.0,True,17,8,17:8
20261002T155339,14322.054656,100.0,True,3,8,3:8
20261002T155339,15911.898368,100.0,True,4,8,4:8
20261002T155339,1892.370944,100.0,True,4,12,4:12
20261002T155340,12775.806464,100.0,True,3,9,3:9
20261002T155340,1573.090048,100.0,True,3,12,3:12
20261002T155340,11055.595776,100.0,True,9,7,9:7
20261002T155340,1132.189184,100.0,True,10,12,10:12
20261002T155340,18413.893888,100.0,True,14,7,14:7
20261002T155341,2055.143936,100.0,True,16,10,16:10
20261002T155342,2804.430592,100.0,True,2,11,2:11
20261002T155342,2071.126528,100.0,True,5,10,5:10
20261002T155342,1187.153664,100.0,True,7,9,7:9
20261002T155342,3126.459904,100.0,True,11,9,11:9
20261002T155342,2848.71808,100.0,True,17,10,17:10
20261002T155343,2306.156032,100.0,True,4,13,4:13
20261002T155343,15287.2192,100.0,True,7,7,7:7
20261002T155343,15427.394304,100.0,True,8,9,8:9
20261002T155343,2328.72832,100.0,True,8,13,8:13
20261002T155343,246.9568,100.0,True,10,13,10:13
20261002T155343,16122.797312,100.0,True,13,9,13:9
20261002T155343,2500.710656,100.0,True,14,12,14:12
20261002T155344,747.844864,100.0,True,1,12,1:12
20261002T155344,896.329472,100.0,True,2,12,2:12
20261002T155344,16509.317376,100.0,True,6,9,6:9
20261002T155344,16920.703488,100.0,True,10,9,10:9
20261002T155344,204.43392,100.0,True,14,13,14:13
20261002T155345,13257.64352,100.0,True,6,10,6:10
20261002T155345,1914.089984,100.0,True,13,13,13:13
20261002T155346,969.645568,100.0,True,5,11,5:11
20261002T155346,10001.366272,100.0,True,6,11,6:11
20261002T155346,12124.676608,100.0,True,7,8,7:8
20261002T155346,1375.0912,100.0,True,8,14,8:14
20261002T155346,16639.218688,100.0,True,16,8,16:8
20261002T155347,1459.88608,100.0,True,3,14,3:14
20261002T155347,3043.346432,100.0,True,4,14,4:14
20261002T155347,12623.646976,100.0,True,5,9,5:9
20261002T155347,16003.88864,100.0,True,13,10,13:10
20261002T155347,9725.731584,100.0,True,14,11,14:11
20261002T155347,3097.016576,100.0,True,15,14,15:14
20261002T155347,2635.995392,100.0,True,17,11,17:11
20261002T155348,10262.461184,100.0,True,0,11,0:11
20261002T155348,14880.047616,100.0,True,4,11,4:11
20261002T155348,10926.817536,100.0,True,9,9,9:9
20261002T155348,14771.508736,100.0,True,17,9,17:9
20261002T155349,2857.334272,100.0,True,0,13,0:13
20261002T155349,899.700992,100.0,True,1,13,1:13
20261002T155349,1313.622784,100.0,True,2,13,2:13
20261002T155349,14877.567232,100.0,True,3,11,3:11
20261002T155349,992.385792,100.0,True,4,15,4:15
20261002T155349,1336.621568,100.0,True,9,11,9:11
20261002T155349,1739.84896,100.0,True,10,14,10:14
20261002T155349,10043.366144,100.0,True,13,12,13:12
20261002T155350,16853.024768,100.0,True,2,10,2:10
20261002T155350,11532.70016,100.0,True,6,12,6:12
20261002T155350,13009.750272,100.0,True,8,12,8:12
20261002T155350,17506.895872,100.0,True,14,10,14:10
20261002T155350,404.049664,100.0,True,14,14,14:14
20261002T155351,2014.827776,100.0,True,7,11,7:11
20261002T155351,2399.504384,100.0,True,8,15,8:15
20261002T155351,16698.158848,100.0,True,12,8,12:8
20261002T155351,2354.959872,100.0,True,15,15,15:15
20261002T155351,2041.807616,100.0,True,16,12,16:12
20261002T155352,17880.877568,100.0,True,11,8,11:8
20261002T155352,11629.569792,100.0,True,15,13,15:13
20261002T155352,917.63712,100.0,True,15,16,15:16
20261002T155352,17644.543488,100.0,True,16,9,16:9
20261002T155352,166.656256,100.0,True,17,13,17:13
20261002T155353,655.943168,100.0,True,8,16,8:16
20261002T155353,525.627648,100.0,True,10,15,10:15
20261002T155353,1496.412672,100.0,True,11,12,11:12
20261002T155354,15997.422848,100.0,True,1,11,1:11
20261002T155354,2145.580288,100.0,True,2,14,2:14
20261002T155354,1598.656,100.0,True,4,16,4:16
20261002T155354,2852.250112,100.0,True,5,12,5:12
20261002T155354,195.21536,100.0,True,7,12,7:12
20261002T155354,1044.219904,100.0,True,9,12,9:12
20261002T155354,2096.47872,100.0,True,12,11,12:11
20261002T155355,1204.506624,100.0,True,3,16,3:16
20261002T155355,2453.649664,100.0,True,6,16,6:16
20261002T155355,11069.897216,100.0,True,11,10,11:10
20261002T155355,1131.401728,100.0,True,13,16,13:16
20261002T155356,17816.982272,100.0,True,15,12,15:12
20261002T155357,157.292032,100.0,True,0,15,0:15
20261002T155357,11034.761472,100.0,True,6,14,6:14
20261002T155357,243.700224,100.0,True,8,17,8:17
20261002T155357,713.971968,100.0,True,10,16,10:16
20261002T155357,2164.66048,100.0,True,16,13,16:13
20261002T155357,456.61568,100.0,True,17,14,17:14
20261002T155358,2812.04864,100.0,True,1,15,1:15
20261002T155358,16308.221696,100.0,True,3,13,3:13
20261002T155358,18073.750528,100.0,True,12,9,12:9
20261002T155358,242.04288,100.0,True,13,17,13:17
20261002T155359,1829.192704,100.0,True,3,17,3:17
20261002T155359,17084.857344,100.0,True,6,13,6:13
20261002T155359,10060.715008,100.0,True,6,15,6:15
20261002T155359,16123.356928,100.0,True,9,10,9:10
20261002T155359,11528.584704,100.0,True,11,11,11:11
20261002T155359,12083.723008,100.0,True,12,10,12:10
20261002T155400,17678.649344,100.0,True,0,12,0:12
20261002T155400,13768.372736,100.0,True,13,14,13:14
20261002T155400,519.48672,100.0,True,15,18,15:18
20261002T155400,882.092032,100.0,True,16,14,16:14
20261002T155401,11473.901568,100.0,True,3,15,3:15
20261002T155401,2179.884544,100.0,True,7,13,7:13
20261002T155401,2138.046464,100.0,True,9,13,9:13
20261002T155401,1853.838592,100.0,True,10,17,10:17
20261002T155401,10288.68864,100.0,True,13,15,13:15
20261002T155401,1549.101824,100.0,True,14,16,14:16
20261002T155401,16336.20224,100.0,True,16,11,16:11
20261002T155401,13124.32128,100.0,True,17,12,17:12
20261002T155402,16237.744384,100.0,True,7,10,7:10
20261002T155403,568.333824,100.0,True,4,19,4:19
20261002T155404,2940.324352,100.0,True,2,16,2:16
20261002T155404,490.304768,100.0,True,8,19,8:19
20261002T155405,2459.915776,100.0,True,3,18,3:18
20261002T155405,533.023488,100.0,True,4,20,4:20
20261002T155405,234.535424,100.0,True,5,15,5:15
20261002T155405,1324.706048,100.0,True,10,18,10:18
20261002T155405,10256.810752,100.0,True,14,15,14:15
20261002T155406,14857.8944,100.0,True,0,14,0:14
20261002T155406,1517.776384,100.0,True,14,17,14:17
20261002T155407,12222.734592,100.0,True,15,17,15:17
20261002T155408,2642.78272,100.0,True,0,17,0:17
20261002T155408,16745.081088,100.0,True,1,14,1:14
20261002T155408,2380.758528,100.0,True,1,17,1:17
20261002T155408,1430.635264,100.0,True,10,19,10:19
20261002T155408,10084.858112,100.0,True,11,13,11:13
20261002T155408,10617.328384,100.0,True,12,12,12:12
20261002T155408,640.313344,100.0,True,15,20,15:20
20261002T155408,389.647872,100.0,True,17,16,17:16
20261002T155409,13168.433152,100.0,True,5,13,5:13
20261002T155409,13601.089792,100.0,True,6,17,6:17
20261002T155409,2207.641856,100.0,True,6,20,6:20
20261002T155409,771.081472,100.0,True,16,16,16:16
20261002T155410,13954.533632,100.0,True,2,15,2:15
20261002T155411,2439.663104,100.0,True,1,18,1:18
20261002T155411,642.674688,100.0,True,10,20,10:20
20261002T155411,9152.41856,100.0,True,13,18,13:18
20261002T155411,2343.192832,100.0,True,13,20,13:20
20261002T155411,2742.253824,100.0,True,14,18,14:18
20261002T155412,16780.515584,100.0,True,4,17,4:17
20261002T155412,11367.953664,100.0,True,8,18,8:18
20261002T155412,10388.226048,100.0,True,17,15,17:15
20261002T155413,1475.5008,100.0,True,3,20,3:20
20261002T155413,13904.959488,100.0,True,6,18,6:18
20261002T155413,370.52672,100.0,True,7,16,7:16
20261002T155413,10424.185344,100.0,True,16,15,16:15
20261002T155414,11678.435328,100.0,True,7,14,7:14
20261002T155414,11414.67136,100.0,True,11,14,11:14
20261002T155414,2000.712192,100.0,True,13,21,13:21
20261002T155414,2425.37728,100.0,True,14,19,14:19
20261002T155414,1233.786112,100.0,True,16,17,16:17
20261002T155415,1191.924992,100.0,True,0,19,0:19
20261002T155415,14598.107136,100.0,True,1,16,1:16
20261002T155415,2229.7024,100.0,True,2,19,2:19
20261002T155415,15829.094144,100.0,True,4,18,4:18
20261002T155415,663.797248,100.0,True,9,16,9:16
20261002T155415,2225.093888,100.0,True,12,16,12:16
20261002T155416,13607.745792,100.0,True,0,16,0:16
20261002T155416,1391.795712,100.0,True,4,23,4:23
20261002T155416,10626.948096,100.0,True,9,14,9:14
20261002T155416,2606.495232,100.0,True,10,21,10:21
20261002T155416,664.226816,100.0,True,11,17,11:17
20261002T155416,14686.985216,100.0,True,12,13,12:13
20261002T155417,10557.311232,100.0,True,8,20,8:20
20261002T155417,10419.23328,100.0,True,11,15,11:15
20261002T155418,16325.814528,100.0,True,5,14,5:14
20261002T155418,2507.767552,100.0,True,6,22,6:22
20261002T155418,626.899968,100.0,True,10,22,10:22
20261002T155418,12475.711488,100.0,True,12,14,12:14
20261002T155418,14342.79168,100.0,True,15,19,15:19
20261002T155419,12906.754304,100.0,True,3,19,3:19
20261002T155419,13438.98624,100.0,True,13,19,13:19
20261002T155419,1820.301056,100.0,True,13,22,13:22
20261002T155420,16242.84032,100.0,True,2,17,2:17
20261002T155420,16814.260224,100.0,True,6,19,6:19
20261002T155420,1373.287168,100.0,True,9,17,9:17
20261002T155420,897.26976,100.0,True,14,21,14:21
20261002T155420,1554.354176,100.0,True,17,18,17:18
20261002T155421,12264.937472,100.0,True,0,18,0:18
20261002T155421,13126.57024,100.0,True,4,21,4:21
20261002T155421,10953.23392,100.0,True,4,22,4:22
20261002T155422,13127.747584,100.0,True,2,18,2:18
20261002T155422,11193.778688,100.0,True,9,15,9:15
20261002T155422,619.151872,100.0,True,10,23,10:23
20261002T155423,2925.533952,100.0,True,6,23,6:23
20261002T155423,15588.312832,100.0,True,7,15,7:15
20261002T155423,968.542464,100.0,True,8,24,8:24
20261002T155423,10552.362752,100.0,True,17,17,17:17
20261002T155424,10761.552128,100.0,True,5,17,5:17
20261002T155424,13831.659008,100.0,True,8,21,8:21
20261002T155424,13767.607296,100.0,True,11,16,11:16
20261002T155424,12883.861248,100.0,True,15,21,15:21
20261002T155425,15995.11296,100.0,True,5,16,5:16
20261002T155426,1512.075264,100.0,True,13,24,13:24
20261002T155427,10574.372608,100.0,True,1,20,1:20
20261002T155427,10294.442496,100.0,True,2,20,2:20
20261002T155427,2954.582528,100.0,True,3,23,3:23
20261002T155427,2538.240256,100.0,True,17,19,17:19
20261002T155428,10820.84864,100.0,True,0,20,0:20
20261002T155428,15616.704512,100.0,True,1,19,1:19
20261002T155428,10572.91904,100.0,True,7,17,7:17
20261002T155428,18700.280064,100.0,True,12,15,12:15
20261002T155429,2352.6464,100.0,True,5,20,5:20
20261002T155429,1497.650944,100.0,True,6,25,6:25
20261002T155429,1659.273984,100.0,True,7,19,7:19
20261002T155429,560.206848,100.0,True,10,25,10:25
20261002T155429,13696.91264,100.0,True,15,22,15:22
20261002T155429,476.012544,100.0,True,15,26,15:26
20261002T155430,1230.714112,100.0,True,2,23,2:23
20261002T155430,18265.50912,100.0,True,6,21,6:21
20261002T155430,15328.867072,100.0,True,8,22,8:22
20261002T155430,541.064704,100.0,True,8,26,8:26
20261002T155430,1101.205248,100.0,True,9,19,9:19
20261002T155430,12609.769728,100.0,True,12,17,12:17
20261002T155431,12234.637056,100.0,True,4,24,4:24
20261002T155431,695.260416,100.0,True,5,21,5:21
20261002T155431,15465.617664,100.0,True,14,20,14:20
20261002T155432,9579.691008,100.0,True,0,21,0:21
20261002T155432,12959.753216,100.0,True,15,23,15:23
20261002T155432,10399.257856,100.0,True,15,24,15:24
20261002T155432,207.030016,100.0,True,15,27,15:27
20261002T155432,12968.608512,100.0,True,16,18,16:18
20261002T155433,9553.432832,100.0,True,2,22,2:22
20261002T155433,288.843264,100.0,True,2,24,2:24
20261002T155433,16217.143296,100.0,True,3,21,3:21
20261002T155433,15890.797056,100.0,True,8,23,8:23
20261002T155433,1329.98528,100.0,True,11,20,11:20
20261002T155434,13745.017088,100.0,True,3,22,3:22
20261002T155435,2095.341056,100.0,True,4,28,4:28
20261002T155435,11978.907136,100.0,True,6,24,6:24
20261002T155435,1050.973952,100.0,True,8,27,8:27
20261002T155435,13693.334016,100.0,True,11,18,11:18
20261002T155435,9716.707584,100.0,True,11,19,11:19
20261002T155435,13695.491584,100.0,True,13,23,13:23
20261002T155435,2557.788928,100.0,True,14,24,14:24
20261002T155436,15467.540736,100.0,True,2,21,2:21
20261002T155436,16131.635712,100.0,True,5,18,5:18
20261002T155436,11531.704064,100.0,True,9,18,9:18
20261002T155436,12370.953728,100.0,True,10,24,10:24
20261002T155437,10223.006464,100.0,True,0,22,0:22
20261002T155437,2902.49856,100.0,True,6,27,6:27
20261002T155437,3111.725824,100.0,True,9,20,9:20
20261002T155437,16297.938176,100.0,True,12,18,12:18
20261002T155437,12748.449792,100.0,True,14,22,14:22
20261002T155437,965.50528,100.0,True,14,25,14:25
20261002T155438,17095.472384,100.0,True,1,21,1:21
20261002T155438,3035.821056,100.0,True,1,24,1:24
20261002T155438,15169.969152,100.0,True,4,25,4:25
20261002T155438,3062.531072,100.0,True,10,27,10:27
20261002T155438,3008.386304,100.0,True,11,21,11:21
20261002T155438,10474.246144,100.0,True,13,25,13:25
20261002T155438,920.19968,100.0,True,16,22,16:22
20261002T155439,9717.368576,100.0,True,3,24,3:24
20261002T155439,13982.836736,100.0,True,4,26,4:26
20261002T155439,9665.540864,100.0,True,4,27,4:27
20261002T155439,16002.30144,100.0,True,5,19,5:19
20261002T155439,2390.233344,100.0,True,15,28,15:28
20261002T155439,16584.5888,100.0,True,16,19,16:19
20261002T155440,17306.635264,100.0,True,7,18,7:18
20261002T155440,1547.5968,100.0,True,10,28,10:28
20261002T155440,14224.410624,100.0,True,12,19,12:19
20261002T155441,424.337664,100.0,True,0,26,0:26
20261002T155441,1479.61088,100.0,True,2,26,2:26
20261002T155441,1064.809984,100.0,True,5,23,5:23
20261002T155441,1336.679424,100.0,True,6,28,6:28
20261002T155441,2221.32352,100.0,True,8,28,8:28
20261002T155441,2970.013952,100.0,True,9,21,9:21
20261002T155441,16105.858304,100.0,True,15,25,15:25
20261002T155442,2715.526912,100.0,True,11,22,11:22
20261002T155442,2273.529856,100.0,True,14,26,14:26
20261002T155442,13748.177408,100.0,True,16,20,16:20
20261002T155442,1211.813376,100.0,True,16,23,16:23
20261002T155442,2111.605248,100.0,True,17,22,17:22
20261002T155443,18062.67776,100.0,True,1,22,1:22
20261002T155444,3025.053184,100.0,True,1,25,1:25
20261002T155444,9835.337472,100.0,True,3,25,3:25
20261002T155444,1664.882944,100.0,True,7,22,7:22
20261002T155444,18074.534144,100.0,True,8,25,8:25
20261002T155444,1676.004608,100.0,True,12,22,12:22
20261002T155444,15064.581888,100.0,True,17,20,17:20
20261002T155445,771.18848,100.0,True,4,31,4:31
20261002T155445,10804.682752,100.0,True,13,27,13:27
20261002T155446,15617.893376,100.0,True,1,23,1:23
20261002T155446,2547.795968,100.0,True,3,27,3:27
20261002T155446,1396.799488,100.0,True,11,23,11:23
20261002T155446,15103.840512,100.0,True,12,20,12:20
20261002T155446,1244.862208,100.0,True,13,30,13:30
20261002T155446,18631.905024,100.0,True,14,23,14:23
20261002T155446,1002.565632,100.0,True,14,27,14:27
20261002T155446,1033.448704,100.0,True,15,30,15:30
20261002T155447,16216.268032,100.0,True,0,23,0:23
20261002T155447,9371.37792,100.0,True,4,29,4:29
20261002T155447,2223.892992,100.0,True,5,24,5:24
20261002T155448,16647.364352,100.0,True,6,26,6:26
20261002T155448,2196.073728,100.0,True,8,30,8:30
20261002T155448,17047.850752,100.0,True,10,26,10:26
20261002T155448,16847.073536,100.0,True,13,26,13:26
20261002T155448,13656.824064,100.0,True,16,21,16:21
20261002T155449,15666.50496,100.0,True,0,24,0:24
20261002T155449,12275.670528,100.0,True,13,28,13:28
20261002T155451,1800.352,100.0,True,0,28,0:28
20261002T155451,2130.722816,100.0,True,1,27,1:27
20261002T155451,1838.36672,100.0,True,5,25,5:25
20261002T155451,1032.350464,100.0,True,6,31,6:31
20261002T155451,18022.947072,100.0,True,7,20,7:20
20261002T155451,13292.102912,100.0,True,7,21,7:21
20261002T155451,1992.67072,100.0,True,7,23,7:23
20261002T155451,2444.365568,100.0,True,12,23,12:23
20261002T155451,2618.170368,100.0,True,13,31,13:31
20261002T155452,15843.60576,100.0,True,2,25,2:25
20261002T155452,10237.218304,100.0,True,4,30,4:30
20261002T155452,17806.945536,100.0,True,17,21,17:21
20261002T155453,14972.424192,100.0,True,0,25,0:25
20261002T155453,143.566592,100.0,True,0,29,0:29
20261002T155453,13168.590848,100.0,True,3,26,3:26
20261002T155453,17074.183424,100.0,True,5,22,5:22
20261002T155453,16739.405568,100.0,True,12,21,12:21
20261002T155453,827.826944,100.0,True,13,32,13:32
20261002T155454,2774.09792,100.0,True,4,33,4:33
20261002T155454,148.9344,100.0,True,6,32,6:32
20261002T155454,12514.448384,100.0,True,8,29,8:29
20261002T155454,12252.444672,100.0,True,13,29,13:29
20261002T155454,2438.73792,100.0,True,16,25,16:25
20261002T155455,1800.543232,100.0,True,12,24,12:24
20261002T155455,1042.125824,100.0,True,15,32,15:32
20261002T155456,1435.785984,100.0,True,8,32,8:32
20261002T155457,594.9952,100.0,True,3,30,3:30
20261002T155458,12491.266304,100.0,True,2,27,2:27
20261002T155458,2857.965312,100.0,True,4,34,4:34
20261002T155458,470.216192,100.0,True,4,35,4:35
20261002T155459,13088.380416,100.0,True,0,27,0:27
20261002T155459,14741.219584,100.0,True,1,26,1:26
20261002T155459,12867.390976,100.0,True,6,30,6:30
20261002T155459,17810.988288,100.0,True,15,29,15:29
20261002T155459,12916.524544,100.0,True,16,24,16:24
20261002T155459,1426.579712,100.0,True,17,26,17:26
20261002T155500,11390.9376,100.0,True,3,28,3:28
20261002T155500,2018.921728,100.0,True,10,33,10:33
20261002T155500,1297.701632,100.0,True,14,30,14:30
20261002T155500,2248.337664,100.0,True,15,33,15:33
20261002T155501,427.19488,100.0,True,2,30,2:30
20261002T155501,13923.684864,100.0,True,4,32,4:32
20261002T155501,17339.134976,100.0,True,10,29,10:29
20261002T155501,14310.47936,100.0,True,10,30,10:30
20261002T155501,16785.135616,100.0,True,17,23,17:23
20261002T155502,10962.728448,100.0,True,2,28,2:28
20261002T155502,18230.03648,100.0,True,6,29,6:29
20261002T155502,18255.090432,100.0,True,9,22,9:22
20261002T155502,9288.495104,100.0,True,9,24,9:24
20261002T155502,1130.195456,100.0,True,15,34,15:34
20261002T155503,2102.758912,100.0,True,0,31,0:31
20261002T155503,1109.110272,100.0,True,9,26,9:26
20261002T155503,13279.86176,100.0,True,11,24,11:24
20261002T155503,2458.586112,100.0,True,11,26,11:26
20261002T155504,10102.223872,100.0,True,3,29,3:29
20261002T155504,13385.51424,100.0,True,10,31,10:31
20261002T155504,393.056256,100.0,True,13,35,13:35
20261002T155504,1524.84864,100.0,True,17,27,17:27
20261002T155505,1380.420096,100.0,True,5,28,5:28
20261002T155505,2916.869376,100.0,True,10,34,10:34
20261002T155505,15635.356416,100.0,True,14,28,14:28
20261002T155505,10972.447744,100.0,True,17,25,17:25
20261002T155506,17615.779328,100.0,True,9,23,9:23
20261002T155506,319.507712,100.0,True,10,35,10:35
20261002T155506,11847.006464,100.0,True,14,29,14:29
20261002T155506,3136.051456,100.0,True,14,31,14:31
20261002T155506,17102.58944,100.0,True,17,24,17:24
20261002T155506,281.911808,100.0,True,17,28,17:28
20261002T155507,10845.907456,100.0,True,2,29,2:29
20261002T155507,16745.34656,100.0,True,8,31,8:31
20261002T155507,13029.23904,100.0,True,10,32,10:32
20261002T155507,2837.21728,100.0,True,12,26,12:26
20261002T155507,11487.839488,100.0,True,13,33,13:33
20261002T155507,17560.494336,100.0,True,15,31,15:31
20261002T155507,2512.315904,100.0,True,15,35,15:35
20261002T155507,11782.849536,100.0,True,16,26,16:26
20261002T155508,14419.809024,100.0,True,1,28,1:28
20261002T155508,1570.023936,100.0,True,3,32,3:32
20261002T155508,10078.045952,100.0,True,6,33,6:33
20261002T155508,12491.57888,100.0,True,7,24,7:24
20261002T155508,649.916928,100.0,True,8,35,8:35
20261002T155509,9640.678144,100.0,True,13,34,13:34
20261002T155509,1205.99808,100.0,True,14,32,14:32
20261002T155510,12721.151744,100.0,True,1,29,1:29
20261002T155510,2404.44544,100.0,True,7,26,7:26
20261002T155510,812.155648,100.0,True,11,28,11:28
20261002T155510,9849.77664,100.0,True,16,27,16:27
20261002T155510,687.237888,100.0,True,16,29,16:29
20261002T155512,10126.364672,100.0,True,3,31,3:31
20261002T155512,583.746816,100.0,True,3,33,3:33
20261002T155512,17395.883264,100.0,True,5,26,5:26
20261002T155512,14071.322112,100.0,True,5,27,5:27
20261002T155512,9688.638208,100.0,True,6,34,6:34
20261002T155512,16577.773824,100.0,True,11,25,11:25
20261002T155513,474.747648,100.0,True,1,32,1:32
20261002T155513,1396.552704,100.0,True,9,28,9:28
20261002T155513,2353.18912,100.0,True,10,36,10:36
20261002T155514,1224.449024,100.0,True,7,27,7:27
20261002T155514,414.639616,100.0,True,11,29,11:29
20261002T155515,18322.321664,100.0,True,0,30,0:30
20261002T155515,12907.785728,100.0,True,4,36,4:36
20261002T155515,735.944192,100.0,True,4,39,4:39
20261002T155515,1340.058368,100.0,True,8,37,8:37
20261002T155515,553.123584,100.0,True,16,30,16:30
20261002T155516,18330.387456,100.0,True,9,25,9:25
20261002T155516,12516.453376,100.0,True,16,28,16:28
20261002T155517,17972.387328,100.0,True,8,33,8:33
20261002T155517,2353.026816,100.0,True,10,37,10:37
20261002T155517,17898.688512,100.0,True,12,25,12:25
20261002T155517,9869.311232,100.0,True,13,36,13:36
20261002T155518,14824.555008,100.0,True,1,30,1:30
20261002T155518,2357.767168,100.0,True,6,38,6:38
20261002T155518,16384.304128,100.0,True,7,25,7:25
20261002T155518,14666.553344,100.0,True,8,34,8:34
20261002T155518,12508.12288,100.0,True,11,27,11:27
20261002T155519,1800.890624,100.0,True,1,33,1:33
20261002T155519,13342.84672,100.0,True,2,31,2:31
20261002T155519,113.333248,100.0,True,5,31,5:31
20261002T155519,13638.226944,100.0,True,6,35,6:35
20261002T155519,1816.960768,100.0,True,8,38,8:38
20261002T155519,13648.486144,100.0,True,9,27,9:27
20261002T155520,2370.54592,100.0,True,7,28,7:28
20261002T155520,3024.619264,100.0,True,15,38,15:38
20261002T155520,1482.140928,100.0,True,17,31,17:31
20261002T155521,12198.567168,100.0,True,1,31,1:31
20261002T155521,2797.714688,100.0,True,4,40,4:40
20261002T155521,2835.591936,100.0,True,11,30,11:30
20261002T155522,16504.914176,100.0,True,0,32,0:32
20261002T155522,1549.512448,100.0,True,3,35,3:35
20261002T155522,15514.377728,100.0,True,4,37,4:37
20261002T155522,645.402624,100.0,True,9,30,9:30
20261002T155522,12135.507712,100.0,True,12,27,12:27
20261002T155523,13922.917376,100.0,True,0,33,0:33
20261002T155523,2280.348928,100.0,True,0,36,0:36
20261002T155523,13711.096576,100.0,True,2,32,2:32
20261002T155523,12000.6464,100.0,True,4,38,4:38
20261002T155523,14900.767488,100.0,True,6,36,6:36
20261002T155523,2268.363008,100.0,True,14,35,14:35
20261002T155523,1995.68512,100.0,True,15,39,15:39
20261002T155524,15177.480704,100.0,True,5,29,5:29
20261002T155524,9816.870144,100.0,True,5,30,5:30
20261002T155524,2680.408064,100.0,True,7,29,7:29
20261002T155524,9493.93792,100.0,True,13,38,13:38
20261002T155525,12902.086912,100.0,True,0,34,0:34
20261002T155525,10801.973248,100.0,True,2,33,2:33
20261002T155525,11871.991296,100.0,True,14,33,14:33
20261002T155526,729.476864,100.0,True,1,35,1:35
20261002T155526,2647.199232,100.0,True,2,35,2:35
20261002T155526,2749.21472,100.0,True,3,36,3:36
20261002T155526,2953.474304,100.0,True,6,40,6:40
20261002T155526,15637.576192,100.0,True,8,36,8:36
20261002T155526,1453.281024,100.0,True,8,40,8:40
20261002T155526,15469.76896,100.0,True,13,37,13:37
20261002T155526,1749.04064,100.0,True,14,36,14:36
20261002T155527,14352.187392,100.0,True,12,28,12:28
20261002T155527,965.268736,100.0,True,12,31,12:31
20261002T155527,10392.3456,100.0,True,13,39,13:39
20261002T155527,3067.901952,100.0,True,16,32,16:32
20261002T155527,17491.944192,100.0,True,17,29,17:29
20261002T155528,3056.374016,100.0,True,13,41,13:41
20261002T155528,18359.997696,100.0,True,15,36,15:36
20261002T155528,2192.888832,100.0,True,15,40,15:40
20261002T155529,661.334272,100.0,True,2,36,2:36
20261002T155529,1753.63968,100.0,True,4,42,4:42
20261002T155529,17847.601408,100.0,True,6,37,6:37
20261002T155529,433.770496,100.0,True,6,42,6:42
20261002T155529,13397.33888,100.0,True,9,29,9:29
20261002T155529,12127.967488,100.0,True,12,29,12:29
20261002T155530,2901.126656,100.0,True,0,38,0:38
20261002T155530,2631.812096,100.0,True,8,41,8:41
20261002T155530,1090.342144,100.0,True,13,42,13:42
20261002T155530,16543.312128,100.0,True,15,37,15:37
20261002T155530,10170.525952,100.0,True,16,31,16:31
20261002T155531,1483.460864,100.0,True,1,36,1:36
20261002T155531,1793.30944,100.0,True,16,33,16:33
20261002T155531,16365.457152,100.0,True,17,30,17:30
20261002T155531,1768.140032,100.0,True,17,33,17:33
20261002T155532,12680.2624,100.0,True,10,38,10:38
20261002T155532,9911.916288,100.0,True,13,40,13:40
20261002T155533,15103.015936,100.0,True,6,39,6:39
20261002T155533,567.97696,100.0,True,12,32,12:32
20261002T155534,1660.06784,100.0,True,2,37,2:37
20261002T155534,18254.308608,100.0,True,3,34,3:34
20261002T155534,13118.752768,100.0,True,8,39,8:39
20261002T155534,919.781888,100.0,True,10,42,10:42
20261002T155534,1588.913408,100.0,True,14,38,14:38
20261002T155535,16837.257216,100.0,True,0,35,0:35
20261002T155535,10394.295296,100.0,True,0,37,0:37
20261002T155535,2282.5344,100.0,True,7,31,7:31
20261002T155535,12755.322112,100.0,True,11,31,11:31
20261002T155535,17937.755648,100.0,True,14,34,14:34
20261002T155536,12676.664576,100.0,True,4,41,4:41
20261002T155536,1368.521472,100.0,True,8,43,8:43
20261002T155536,2119.305472,100.0,True,9,32,9:32
20261002T155536,2774.943232,100.0,True,15,42,15:42
20261002T155536,11737.036544,100.0,True,17,32,17:32
20261002T155537,15163.336448,100.0,True,1,34,1:34
20261002T155537,18040.192512,100.0,True,2,34,2:34
20261002T155537,761.997312,100.0,True,2,38,2:38
20261002T155537,15476.026368,100.0,True,12,30,12:30
20261002T155537,682.904576,100.0,True,12,33,12:33
20261002T155537,1708.971008,100.0,True,16,34,16:34
20261002T155538,125.645312,100.0,True,5,35,5:35
20261002T155538,533.91232,100.0,True,10,43,10:43
20261002T155538,2001.532928,100.0,True,13,44,13:44
20261002T155538,1140.92416,100.0,True,14,39,14:39
20261002T155538,732.535808,100.0,True,15,43,15:43
20261002T155539,10167.725568,100.0,True,3,37,3:37
20261002T155539,15081.228288,100.0,True,5,32,5:32
20261002T155539,1818.55104,100.0,True,6,44,6:44
20261002T155539,1383.622912,100.0,True,7,32,7:32
20261002T155539,11743.645952,100.0,True,10,40,10:40
20261002T155540,1385.692416,100.0,True,8,44,8:44
20261002T155540,940.205056,100.0,True,9,33,9:33
20261002T155540,18161.075968,100.0,True,10,39,10:39
20261002T155540,10414.564096,100.0,True,10,41,10:41
20261002T155541,9680.574976,100.0,True,4,43,4:43
20261002T155541,11738.423296,100.0,True,5,33,5:33
20261002T155541,14649.888,100.0,True,7,30,7:30
20261002T155541,1495.245312,100.0,True,11,34,11:34
20261002T155541,528.236544,100.0,True,12,34,12:34
20261002T155541,13040.852992,100.0,True,14,37,14:37
20261002T155541,1627.435264,100.0,True,14,40,14:40
20261002T155541,1909.732864,100.0,True,16,35,16:35
20261002T155542,9859.583744,100.0,True,0,39,0:39
20261002T155542,83.881728,100.0,True,10,44,10:44
20261002T155542,13094.471424,100.0,True,15,41,15:41
20261002T155543,10096.194304,100.0,True,3,38,3:38
20261002T155543,2916.73216,100.0,True,3,40,3:40
20261002T155543,16866.917376,100.0,True,6,41,6:41
20261002T155543,2989.31584,100.0,True,6,45,6:45
20261002T155544,1159.386112,100.0,True,0,42,0:42
20261002T155544,10317.715712,100.0,True,1,37,1:37
20261002T155544,149.435392,100.0,True,1,39,1:39
20261002T155544,9873.595136,100.0,True,5,34,5:34
20261002T155544,16490.845184,100.0,True,9,31,9:31
20261002T155544,15328.718592,100.0,True,11,32,11:32
20261002T155545,13148.071936,100.0,True,13,43,13:43
20261002T155546,572.849664,100.0,True,2,40,2:40
20261002T155546,13465.863424,100.0,True,6,43,6:43
20261002T155546,403.380736,100.0,True,8,46,8:46
20261002T155546,523.174912,100.0,True,12,35,12:35
20261002T155546,878.371072,100.0,True,14,41,14:41
20261002T155546,1642.762752,100.0,True,17,36,17:36
20261002T155547,1320.023552,100.0,True,3,41,3:41
20261002T155547,640.667648,100.0,True,5,37,5:37
20261002T155547,2164.494592,100.0,True,9,34,9:34
20261002T155548,15030.860544,100.0,True,17,34,17:34
20261002T155549,10800.921344,100.0,True,1,38,1:38
20261002T155549,12867.259392,100.0,True,4,44,4:44
20261002T155549,17903.031808,100.0,True,8,42,8:42
20261002T155549,714.766336,100.0,True,8,47,8:47
20261002T155549,2598.618368,100.0,True,16,37,16:37
20261002T155550,9879.53152,100.0,True,0,41,0:41
20261002T155550,1247.454208,100.0,True,3,42,3:42
20261002T155550,2659.591168,100.0,True,6,47,6:47
20261002T155550,263.977728,100.0,True,14,42,14:42
20261002T155551,15055.629568,100.0,True,0,40,0:40
20261002T155551,17503.204352,100.0,True,11,33,11:33
20261002T155552,1798.256384,100.0,True,5,38,5:38
20261002T155552,2033.222144,100.0,True,12,36,12:36
20261002T155552,11536.822272,100.0,True,13,45,13:45
20261002T155552,13506.341888,100.0,True,17,35,17:35
20261002T155553,13114.89792,100.0,True,2,39,2:39
20261002T155553,2581.31584,100.0,True,2,41,2:41
20261002T155553,15572.6592,100.0,True,3,39,3:39
20261002T155553,14379.314688,100.0,True,4,45,4:45
20261002T155553,10007.920384,100.0,True,7,33,7:33
20261002T155553,1257.283072,100.0,True,10,47,10:47
20261002T155553,2707.962624,100.0,True,17,37,17:37
20261002T155554,1316.22784,100.0,True,0,45,0:45
20261002T155554,3007.004416,100.0,True,9,35,9:35
20261002T155555,2881.888256,100.0,True,1,41,1:41
20261002T155555,12452.996096,100.0,True,8,45,8:45
20261002T155555,2302.068736,100.0,True,8,48,8:48
20261002T155555,10262.10688,100.0,True,10,45,10:45
20261002T155555,11913.892096,100.0,True,16,36,16:36
20261002T155556,322.067968,100.0,True,1,42,1:42
20261002T155556,477.151488,100.0,True,6,49,6:49
20261002T155556,944.562176,100.0,True,12,37,12:37
20261002T155556,14746.218496,100.0,True,15,44,15:44
20261002T155557,162.609152,100.0,True,0,46,0:46
20261002T155557,3011.218432,100.0,True,10,48,10:48
20261002T155557,3037.964288,100.0,True,11,37,11:37
20261002T155557,12907.679232,100.0,True,13,46,13:46
20261002T155558,14699.57632,100.0,True,6,46,6:46
20261002T155558,905.188864,100.0,True,8,49,8:49
20261002T155559,9971.828992,100.0,True,0,44,0:44
20261002T155559,764.3776,100.0,True,3,44,3:44
20261002T155559,10463.551232,100.0,True,7,34,7:34
20261002T155559,615.12704,100.0,True,7,36,7:36
20261002T155559,13520.877568,100.0,True,15,45,15:45
20261002T155600,1900.80256,100.0,True,4,50,4:50
20261002T155600,17849.6256,100.0,True,5,36,5:36
20261002T155601,1970.48704,100.0,True,2,43,2:43
20261002T155601,17523.18208,100.0,True,4,46,4:46
20261002T155601,15017.992192,100.0,True,4,47,4:47
20261002T155601,1810.826496,100.0,True,6,50,6:50
20261002T155601,12352.557056,100.0,True,11,36,11:36
20261002T155601,2465.150976,100.0,True,11,38,11:38
20261002T155601,12977.140992,100.0,True,13,47,13:47
20261002T155601,2943.301632,100.0,True,15,49,15:49
20261002T155601,9559.189248,100.0,True,16,38,16:38
20261002T155602,15546.315008,100.0,True,0,43,0:43
20261002T155602,10822.500864,100.0,True,6,48,6:48
20261002T155602,17518.900224,100.0,True,11,35,11:35
20261002T155602,2967.378944,100.0,True,17,39,17:39
20261002T155603,384.446464,100.0,True,3,45,3:45
20261002T155603,2074.565376,100.0,True,12,38,12:38
20261002T155603,10955.77472,100.0,True,15,47,15:47
20261002T155603,672.538112,100.0,True,15,50,15:50
20261002T155604,16682.691072,100.0,True,1,40,1:40
20261002T155604,1432.544512,100.0,True,1,44,1:44
20261002T155604,10362.789888,100.0,True,7,35,7:35
20261002T155604,10405.278208,100.0,True,14,43,14:43
20261002T155604,2366.793728,100.0,True,14,45,14:45
20261002T155605,11887.714304,100.0,True,3,43,3:43
20261002T155605,9605.221888,100.0,True,4,49,4:49
20261002T155605,2626.23872,100.0,True,9,37,9:37
20261002T155605,1112.076544,100.0,True,11,39,11:39
20261002T155605,11378.053888,100.0,True,17,38,17:38
20261002T155606,17918.724096,100.0,True,10,46,10:46
20261002T155606,2824.314368,100.0,True,16,40,16:40
20261002T155606,2878.36544,100.0,True,17,40,17:40
20261002T155607,637.282048,100.0,True,1,45,1:45
20261002T155607,13375.621376,100.0,True,2,42,2:42
20261002T155607,2965.118976,100.0,True,2,44,2:44
20261002T155607,16969.191936,100.0,True,4,48,4:48
20261002T155607,1316.006912,100.0,True,13,52,13:52
20261002T155607,17852.426752,100.0,True,15,46,15:46
20261002T155608,853.510144,100.0,True,3,46,3:46
20261002T155608,9149.904128,100.0,True,10,49,10:49
20261002T155608,2562.592,100.0,True,14,46,14:46
20261002T155609,13357.26336,100.0,True,5,39,5:39
20261002T155609,12568.45696,100.0,True,9,36,9:36
20261002T155609,445.08288,100.0,True,9,38,9:38
20261002T155609,17526.701568,100.0,True,13,48,13:48
20261002T155609,10204.525568,100.0,True,13,50,13:50
20261002T155609,2348.239104,100.0,True,15,51,15:51
20261002T155610,717.031424,100.0,True,10,52,10:52
20261002T155610,2182.614528,100.0,True,17,41,17:41
20261002T155611,1204.453888,100.0,True,0,49,0:49
20261002T155611,12323.714304,100.0,True,1,43,1:43
20261002T155611,461.187328,100.0,True,12,40,12:40
20261002T155611,1221.161728,100.0,True,13,53,13:53
20261002T155611,15771.54816,100.0,True,15,48,15:48
20261002T155612,2512.417792,100.0,True,4,53,4:53
20261002T155612,16851.061504,100.0,True,13,49,13:49
20261002T155612,931.947264,100.0,True,14,47,14:47
20261002T155613,1355.167744,100.0,True,2,46,2:46
20261002T155613,11806.659328,100.0,True,4,51,4:51
20261002T155613,13013.374208,100.0,True,8,50,8:50
20261002T155613,2362.33344,100.0,True,16,42,16:42
20261002T155614,2727.156224,100.0,True,8,53,8:53
20261002T155614,15896.235008,100.0,True,14,44,14:44
20261002T155614,16942.265344,100.0,True,16,39,16:39
20261002T155615,1696.064,100.0,True,0,50,0:50
20261002T155615,1853.35168,100.0,True,4,54,4:54
20261002T155615,15416.93568,100.0,True,5,40,5:40
20261002T155615,784.910592,100.0,True,6,54,6:54
20261002T155615,10881.393664,100.0,True,8,51,8:51
20261002T155615,1157.303808,100.0,True,12,41,12:41
20261002T155616,1186.784512,100.0,True,2,47,2:47
20261002T155616,998.26944,100.0,True,5,43,5:43
20261002T155616,2648.137216,100.0,True,9,39,9:39
20261002T155616,2232.998656,100.0,True,15,53,15:53
20261002T155617,15060.934912,100.0,True,0,47,0:47
20261002T155617,1681.546496,100.0,True,3,48,3:48
20261002T155617,11952.678144,100.0,True,5,41,5:41
20261002T155617,14502.628608,100.0,True,6,51,6:51
20261002T155617,14393.207808,100.0,True,10,50,10:50
20261002T155617,2350.82368,100.0,True,11,41,11:41
20261002T155617,14258.025728,100.0,True,13,51,13:51
20261002T155617,1584.057856,100.0,True,17,43,17:43
20261002T155618,13204.99072,100.0,True,4,52,4:52
20261002T155618,1285.471744,100.0,True,10,54,10:54
20261002T155618,1141.470464,100.0,True,13,55,13:55
20261002T155618,2079.426816,100.0,True,14,48,14:48
20261002T155618,2093.82144,100.0,True,16,43,16:43
20261002T155619,816.995328,100.0,True,6,55,6:55
20261002T155619,10678.23104,100.0,True,8,52,8:52
20261002T155619,96.457984,100.0,True,11,42,11:42
20261002T155620,2366.754816,100.0,True,4,55,4:55
20261002T155620,271.672832,100.0,True,5,44,5:44
20261002T155620,14054.345728,100.0,True,12,39,12:39
20261002T155621,10747.862272,100.0,True,6,53,6:53
20261002T155621,706.155264,100.0,True,17,44,17:44
20261002T155622,966.08256,100.0,True,10,55,10:55
20261002T155623,1974.349568,100.0,True,1,49,1:49
20261002T155623,15411.2896,100.0,True,2,45,2:45
20261002T155623,2266.38336,100.0,True,4,56,4:56
20261002T155623,17089.973504,100.0,True,6,52,6:52
20261002T155623,2159.854848,100.0,True,6,56,6:56
20261002T155623,17779.657472,100.0,True,7,37,7:37
20261002T155623,16129.42848,100.0,True,10,51,10:51
20261002T155623,2265.239296,100.0,True,16,44,16:44
20261002T155624,17871.539968,100.0,True,0,48,0:48
20261002T155624,13662.092288,100.0,True,3,47,3:47
20261002T155624,13921.744896,100.0,True,7,38,7:38
20261002T155624,728.491008,100.0,True,8,56,8:56
20261002T155624,14564.871424,100.0,True,15,52,15:52
20261002T155625,12173.91232,100.0,True,1,47,1:47
20261002T155625,1285.1264,100.0,True,2,49,2:49
20261002T155625,14953.152,100.0,True,5,42,5:42
20261002T155625,12519.051264,100.0,True,10,53,10:53
20261002T155625,16857.75872,100.0,True,11,40,11:40
20261002T155625,2914.667776,100.0,True,11,43,11:43
20261002T155625,17265.547776,100.0,True,16,41,16:41
20261002T155626,16023.4112,100.0,True,1,46,1:46
20261002T155626,1611.343616,100.0,True,7,41,7:41
20261002T155626,12667.144192,100.0,True,13,54,13:54
20261002T155626,288.816128,100.0,True,14,51,14:51
20261002T155627,2038.200832,100.0,True,1,50,1:50
20261002T155627,2758.303744,100.0,True,13,57,13:57
20261002T155628,2144.182784,100.0,True,8,57,8:57
20261002T155628,2684.18048,100.0,True,15,56,15:56
20261002T155628,16750.620928,100.0,True,17,42,17:42
20261002T155628,2479.637504,100.0,True,17,45,17:45
20261002T155629,964.627456,100.0,True,2,50,2:50
20261002T155629,2434.43456,100.0,True,9,41,9:41
20261002T155629,293.385728,100.0,True,15,57,15:57
20261002T155630,12042.72256,100.0,True,1,48,1:48
20261002T155630,2035.49696,100.0,True,6,58,6:58
20261002T155630,9378.231296,100.0,True,7,40,7:40
20261002T155630,14287.291392,100.0,True,8,54,8:54
20261002T155630,10258.732288,100.0,True,12,42,12:42
20261002T155630,75.575552,100.0,True,17,46,17:46
20261002T155631,2616.997888,100.0,True,5,46,5:46
20261002T155631,3031.58272,100.0,True,10,57,10:57
20261002T155631,887.693568,100.0,True,12,44,12:44
20261002T155631,951.233024,100.0,True,14,52,14:52
20261002T155631,14657.661184,100.0,True,15,54,15:54
20261002T155632,13084.863232,100.0,True,0,51,0:51
20261002T155632,2006.717696,100.0,True,1,51,1:51
20261002T155632,1173.409536,100.0,True,6,59,6:59
20261002T155632,17191.553536,100.0,True,7,39,7:39
20261002T155632,12131.228672,100.0,True,8,55,8:55
20261002T155632,2573.49632,100.0,True,8,58,8:58
20261002T155632,11952.180736,100.0,True,9,40,9:40
20261002T155633,1580.380928,100.0,True,9,42,9:42
20261002T155633,668.8512,100.0,True,10,58,10:58
20261002T155633,1167.253248,100.0,True,11,45,11:45
20261002T155633,11516.719872,100.0,True,13,56,13:56
20261002T155634,9156.927488,100.0,True,6,57,6:57
20261002T155635,2870.561792,100.0,True,2,51,2:51
20261002T155635,430.990848,100.0,True,4,60,4:60
20261002T155635,10772.127744,100.0,True,5,45,5:45
20261002T155635,1405.516288,100.0,True,7,43,7:43
20261002T155635,15341.426176,100.0,True,14,49,14:49
20261002T155635,1340.195584,100.0,True,14,53,14:53
20261002T155635,1009.223424,100.0,True,16,47,16:47
20261002T155636,16788.209152,100.0,True,2,48,2:48
20261002T155636,17006.624256,100.0,True,3,49,3:49
20261002T155636,11202.202368,100.0,True,4,57,4:57
20261002T155636,1440.475136,100.0,True,17,47,17:47
20261002T155637,14207.001088,100.0,True,0,52,0:52
20261002T155637,880.035072,100.0,True,2,52,2:52
20261002T155637,424.882432,100.0,True,5,48,5:48
20261002T155638,1283.485184,100.0,True,8,60,8:60
20261002T155638,2885.559296,100.0,True,11,46,11:46
20261002T155638,10439.473408,100.0,True,13,58,13:58
20261002T155638,17301.24928,100.0,True,15,55,15:55
20261002T155638,9590.916352,100.0,True,16,46,16:46
20261002T155639,2145.398272,100.0,True,0,55,0:55
20261002T155639,314.399488,100.0,True,9,43,9:43
20261002T155639,11034.449408,100.0,True,11,44,11:44
20261002T155640,2298.10944,100.0,True,1,53,1:53
20261002T155640,713.076224,100.0,True,3,54,3:54
20261002T155640,2424.47488,100.0,True,13,61,13:61
20261002T155640,15927.99744,100.0,True,16,45,16:45
20261002T155641,17407.558144,100.0,True,3,50,3:50
20261002T155641,9741.568768,100.0,True,4,59,4:59
20261002T155641,17259.356416,100.0,True,10,56,10:56
20261002T155641,10552.364288,100.0,True,13,59,13:59
20261002T155641,18109.565696,100.0,True,14,50,14:50
20261002T155642,645.373184,100.0,True,10,60,10:60
20261002T155642,3087.766528,100.0,True,16,48,16:48
20261002T155643,15405.95072,100.0,True,3,51,3:51
20261002T155643,13007.286528,100.0,True,7,42,7:42
20261002T155643,421.18016,100.0,True,7,45,7:45
20261002T155643,16997.993984,100.0,True,12,43,12:43
20261002T155643,1440.205312,100.0,True,12,46,12:46
20261002T155644,11070.038528,100.0,True,3,52,3:52
20261002T155644,2378.562048,100.0,True,15,60,15:60
20261002T155645,1001.05472,100.0,True,0,57,0:57
20261002T155645,16563.267328,100.0,True,4,58,4:58
20261002T155645,1321.426688,100.0,True,9,44,9:44
20261002T155645,10872.31488,100.0,True,13,60,13:60
20261002T155646,17988.544768,100.0,True,0,53,0:53
20261002T155646,10426.647808,100.0,True,3,53,3:53
20261002T155646,467.164416,100.0,True,4,63,4:63
20261002T155646,335.6544,100.0,True,5,50,5:50
20261002T155646,2753.942016,100.0,True,14,55,14:55
20261002T155647,13591.747584,100.0,True,0,54,0:54
20261002T155647,2611.167488,100.0,True,6,63,6:63
20261002T155647,13802.59968,100.0,True,8,59,8:59
20261002T155647,2849.468928,100.0,True,8,62,8:62
20261002T155647,13767.992064,100.0,True,15,58,15:58
20261002T155648,16021.380096,100.0,True,5,47,5:47
20261002T155648,1580.935168,100.0,True,13,63,13:63
20261002T155648,9365.913344,100.0,True,14,54,14:54
20261002T155649,14022.009088,100.0,True,1,52,1:52
20261002T155649,1311.52384,100.0,True,3,56,3:56
20261002T155649,898.893824,100.0,True,6,64,6:64
20261002T155649,653.958912,100.0,True,8,63,8:63
20261002T155650,1853.48352,100.0,True,2,55,2:55
20261002T155651,12208.537088,100.0,True,6,61,6:61
20261002T155651,308.628224,100.0,True,10,62,10:62
20261002T155651,10572.304128,100.0,True,11,47,11:47
20261002T155651,1519.2128,100.0,True,13,64,13:64
20261002T155651,13135.512576,100.0,True,15,59,15:59
20261002T155651,1948.316416,100.0,True,15,62,15:62
20261002T155652,10618.0992,100.0,True,1,54,1:54
20261002T155652,13003.371776,100.0,True,7,44,7:44
20261002T155652,15646.475008,100.0,True,12,45,12:45
20261002T155652,2888.214272,100.0,True,16,50,16:50
20261002T155653,12560.541184,100.0,True,0,56,0:56
20261002T155653,9959.415808,100.0,True,4,62,4:62
20261002T155653,11040.758784,100.0,True,5,49,5:49
20261002T155653,17562.9888,100.0,True,6,60,6:60
20261002T155653,1175.609088,100.0,True,6,65,6:65
20261002T155654,2305.455872,100.0,True,0,59,0:59
20261002T155654,2146.747648,100.0,True,8,64,8:64
20261002T155655,16012.336384,100.0,True,2,53,2:53
20261002T155655,11215.987456,100.0,True,3,55,3:55
20261002T155655,2959.145472,100.0,True,3,57,3:57
20261002T155655,16167.452928,100.0,True,4,61,4:61
20261002T155655,1440.016384,100.0,True,4,65,4:65
20261002T155655,17664.47104,100.0,True,10,59,10:59
20261002T155655,12954.372096,100.0,True,13,62,13:62
20261002T155655,14355.913216,100.0,True,17,48,17:48
20261002T155656,821.722112,100.0,True,3,58,3:58
20261002T155656,2985.240064,100.0,True,15,63,15:63
20261002T155657,955.702784,100.0,True,0,60,0:60
20261002T155657,14637.244416,100.0,True,2,54,2:54
20261002T155657,2329.184,100.0,True,9,46,9:46
20261002T155657,13834.436864,100.0,True,11,48,11:48
20261002T155657,13765.617152,100.0,True,16,49,16:49
20261002T155658,774.96192,100.0,True,2,57,2:57
20261002T155658,15536.553984,100.0,True,6,62,6:62
20261002T155658,12336.41216,100.0,True,10,61,10:61
20261002T155658,2503.979264,100.0,True,10,63,10:63
20261002T155658,13162.040576,100.0,True,15,61,15:61
20261002T155659,1742.211328,100.0,True,4,66,4:66
20261002T155659,16961.739008,100.0,True,8,61,8:61
20261002T155659,2659.616768,100.0,True,8,65,8:65
20261002T155659,9983.050752,100.0,True,9,45,9:45
20261002T155659,2717.81888,100.0,True,12,49,12:49
20261002T155659,1471.905792,100.0,True,14,58,14:58
20261002T155659,13796.156928,100.0,True,17,49,17:49
20261002T155700,11697.892864,100.0,True,0,58,0:58
20261002T155700,96.898048,100.0,True,15,65,15:65
20261002T155701,1503.126272,100.0,True,1,58,1:58
20261002T155701,1172.031488,100.0,True,4,67,4:67
20261002T155701,650.637824,100.0,True,6,67,6:67
20261002T155701,12004.475648,100.0,True,7,46,7:46
20261002T155701,2477.263872,100.0,True,10,64,10:64
20261002T155702,16906.35392,100.0,True,1,55,1:55
20261002T155702,1549.009408,100.0,True,7,48,7:48
20261002T155703,219.813632,100.0,True,10,65,10:65
20261002T155703,16001.970432,100.0,True,11,49,11:49
20261002T155703,10278.817024,100.0,True,13,65,13:65
20261002T155704,13400.7936,100.0,True,1,56,1:56
20261002T155704,9662.159872,100.0,True,5,52,5:52
20261002T155704,15662.993152,100.0,True,12,47,12:47
20261002T155704,10874.612736,100.0,True,14,57,14:57
20261002T155704,1006.833408,100.0,True,14,59,14:59
20261002T155705,1477.93792,100.0,True,3,60,3:60
20261002T155705,12698.681088,100.0,True,11,50,11:50
20261002T155706,15389.728768,100.0,True,4,64,4:64
20261002T155706,1505.92128,100.0,True,12,51,12:51
20261002T155706,9600.316416,100.0,True,13,66,13:66
20261002T155706,17690.805248,100.0,True,14,56,14:56
20261002T155706,2651.296256,100.0,True,15,66,15:66
20261002T155706,2135.271424,100.0,True,16,53,16:53
20261002T155707,1983.481856,100.0,True,0,62,0:62
20261002T155707,2407.395328,100.0,True,1,59,1:59
20261002T155707,386.77248,100.0,True,2,59,2:59
20261002T155707,17647.81056,100.0,True,5,51,5:51
20261002T155707,2672.612608,100.0,True,5,54,5:54
20261002T155707,10794.061056,100.0,True,6,66,6:66
20261002T155707,1245.70496,100.0,True,10,66,10:66
20261002T155708,11223.258368,100.0,True,11,51,11:51
20261002T155708,15825.15328,100.0,True,12,48,12:48
20261002T155708,442.08512,100.0,True,15,67,15:67
20261002T155709,2330.767616,100.0,True,13,69,13:69
20261002T155709,12474.292992,100.0,True,15,64,15:64
20261002T155709,18111.736832,100.0,True,17,50,17:50
20261002T155709,14085.966336,100.0,True,17,51,17:51
20261002T155710,14426.476032,100.0,True,1,57,1:57
20261002T155710,1837.959936,100.0,True,1,60,1:60
20261002T155710,17061.878016,100.0,True,2,56,2:56
20261002T155710,10596.65664,100.0,True,5,53,5:53
20261002T155710,972.93824,100.0,True,5,55,5:55
20261002T155710,858.288128,100.0,True,13,70,13:70
20261002T155710,11512.010752,100.0,True,16,52,16:52
20261002T155710,886.666752,100.0,True,16,54,16:54
20261002T155711,9675.837696,100.0,True,0,61,0:61
20261002T155711,2899.840512,100.0,True,0,63,0:63
20261002T155711,15916.908032,100.0,True,7,47,7:47
20261002T155711,11739.43808,100.0,True,9,47,9:47
20261002T155711,1215.7568,100.0,True,10,67,10:67
20261002T155711,9802.613248,100.0,True,11,52,11:52
20261002T155712,2865.504512,100.0,True,8,69,8:69
20261002T155712,833.384704,100.0,True,11,54,11:54
20261002T155712,16878.096896,100.0,True,16,51,16:51
20261002T155713,1457.344256,100.0,True,2,60,2:60
20261002T155713,315.968512,100.0,True,5,56,5:56
20261002T155713,11107.177216,100.0,True,8,67,8:67
20261002T155713,1925.31456,100.0,True,14,61,14:61
20261002T155713,1371.511552,100.0,True,17,55,17:55
20261002T155714,1207.442432,100.0,True,1,61,1:61
20261002T155714,1832.054272,100.0,True,3,62,3:62
20261002T155714,1553.570816,100.0,True,7,50,7:50
20261002T155714,14540.834816,100.0,True,8,66,8:66
20261002T155714,13984.486912,100.0,True,12,50,12:50
20261002T155714,1750.711552,100.0,True,13,71,13:71
20261002T155715,2933.939968,100.0,True,4,70,4:70
20261002T155715,2800.96896,100.0,True,8,70,8:70
20261002T155715,3014.18752,100.0,True,15,68,15:68
20261002T155715,15718.342912,100.0,True,17,52,17:52
20261002T155716,245.004288,100.0,True,2,61,2:61
20261002T155716,424.36992,100.0,True,3,63,3:63
20261002T155716,579.807488,100.0,True,11,55,11:55
20261002T155716,15980.88576,100.0,True,13,67,13:67
20261002T155716,9709.403904,100.0,True,14,60,14:60
20261002T155717,15581.065216,100.0,True,2,58,2:58
20261002T155717,17749.855232,100.0,True,3,59,3:59
20261002T155717,438.395392,100.0,True,5,57,5:57
20261002T155717,12189.287936,100.0,True,6,68,6:68
20261002T155717,434.621184,100.0,True,14,62,14:62
20261002T155717,15085.919744,100.0,True,17,53,17:53
20261002T155718,15228.142848,100.0,True,4,68,4:68
20261002T155718,12295.906304,100.0,True,11,53,11:53
20261002T155718,14049.902848,100.0,True,13,68,13:68
20261002T155719,2336.39168,100.0,True,6,71,6:71
20261002T155719,2620.6144,100.0,True,8,71,8:71
20261002T155719,13161.091584,100.0,True,17,54,17:54
20261002T155720,2960.690176,100.0,True,7,51,7:51
20261002T155720,9887.875072,100.0,True,9,49,9:49
20261002T155720,9907.581184,100.0,True,12,52,12:52
20261002T155720,2909.787136,100.0,True,13,72,13:72
20261002T155720,1040.937728,100.0,True,16,56,16:56
20261002T155721,1222.712064,100.0,True,1,63,1:63
20261002T155721,790.922752,100.0,True,4,73,4:73
20261002T155721,15972.09216,100.0,True,8,68,8:68
20261002T155721,1050.009344,100.0,True,13,73,13:73
20261002T155722,3028.051712,100.0,True,6,72,6:72
20261002T155723,15254.893312,100.0,True,3,61,3:61
20261002T155723,15920.758528,100.0,True,4,69,4:69
20261002T155723,15355.45344,100.0,True,7,49,7:49
20261002T155723,2977.408768,100.0,True,10,70,10:70
20261002T155723,609.117184,100.0,True,12,54,12:54
20261002T155724,17486.874368,100.0,True,9,48,9:48
20261002T155724,2848.506112,100.0,True,17,57,17:57
20261002T155725,11139.45088,100.0,True,0,64,0:64
20261002T155725,486.299904,100.0,True,2,63,2:63
20261002T155725,9862.131968,100.0,True,4,71,4:71
20261002T155725,16092.804864,100.0,True,6,69,6:69
20261002T155725,600.833792,100.0,True,13,74,13:74
20261002T155726,1583.107072,100.0,True,3,65,3:65
20261002T155726,2228.007168,100.0,True,9,51,9:51
20261002T155726,918.037248,100.0,True,10,71,10:71
20261002T155726,9204.222208,100.0,True,12,53,12:53
20261002T155726,2642.991872,100.0,True,15,71,15:71
20261002T155726,1773.594624,100.0,True,16,57,16:57
20261002T155726,9739.246848,100.0,True,17,56,17:56
20261002T155727,14310.856192,100.0,True,10,68,10:68
20261002T155727,281.420544,100.0,True,17,58,17:58
20261002T155728,2753.898752,100.0,True,5,59,5:59
20261002T155728,14015.536128,100.0,True,15,69,15:69
20261002T155729,691.326464,100.0,True,4,75,4:75
20261002T155729,16025.539072,100.0,True,6,70,6:70
20261002T155729,2050.858752,100.0,True,6,74,6:74
20261002T155729,12453.215744,100.0,True,10,69,10:69
20261002T155729,9293.14176,100.0,True,11,56,11:56
20261002T155729,1646.30656,100.0,True,14,65,14:65
20261002T155729,569.175808,100.0,True,16,58,16:58
20261002T155730,12662.826496,100.0,True,0,65,0:65
20261002T155730,2534.26048,100.0,True,0,67,0:67
20261002T155730,2750.763008,100.0,True,1,65,1:65
20261002T155730,9450.658304,100.0,True,8,72,8:72
20261002T155730,13036.343296,100.0,True,9,50,9:50
20261002T155730,16759.899392,100.0,True,16,55,16:55
20261002T155731,13259.077632,100.0,True,4,72,4:72
20261002T155731,2963.456256,100.0,True,7,53,7:53
20261002T155732,294.175488,100.0,True,0,68,0:68
20261002T155732,15517.909504,100.0,True,1,62,1:62
20261002T155732,11267.80672,100.0,True,3,64,3:64
20261002T155732,1241.022208,100.0,True,8,75,8:75
20261002T155732,2548.589056,100.0,True,11,58,11:58
20261002T155732,468.232448,100.0,True,13,76,13:76
20261002T155732,596.145152,100.0,True,14,66,14:66
20261002T155732,13176.469248,100.0,True,15,70,15:70
20261002T155733,3011.936256,100.0,True,10,72,10:72
20261002T155734,2387.746048,100.0,True,4,76,4:76
20261002T155734,11302.267904,100.0,True,7,52,7:52
20261002T155734,733.963264,100.0,True,7,54,7:54
20261002T155734,9407.101952,100.0,True,8,73,8:73
20261002T155735,13851.691008,100.0,True,2,62,2:62
20261002T155735,13801.012992,100.0,True,5,58,5:58
20261002T155735,1417.254144,100.0,True,15,74,15:74
20261002T155736,336.10752,100.0,True,0,69,0:69
20261002T155736,15651.739648,100.0,True,14,63,14:63
20261002T155737,14123.591168,100.0,True,1,64,1:64
20261002T155737,95.282176,100.0,True,3,68,3:68
20261002T155737,9678.303488,100.0,True,8,74,8:74
20261002T155737,1808.871168,100.0,True,11,59,11:59
20261002T155737,9223.719424,100.0,True,12,55,12:55
20261002T155737,13558.733824,100.0,True,14,64,14:64
20261002T155737,10803.504128,100.0,True,15,72,15:72
20261002T155738,2091.555584,100.0,True,4,77,4:77
20261002T155738,15406.39232,100.0,True,6,73,6:73
20261002T155738,839.497216,100.0,True,8,77,8:77
20261002T155739,2931.38432,100.0,True,9,53,9:53
20261002T155739,1697.084672,100.0,True,15,75,15:75
20261002T155739,2625.003776,100.0,True,17,60,17:60
20261002T155740,17634.850816,100.0,True,0,66,0:66
20261002T155740,1418.114816,100.0,True,7,55,7:55
20261002T155740,132.130304,100.0,True,11,60,11:60
20261002T155740,12590.537216,100.0,True,13,75,13:75
20261002T155740,1548.904448,100.0,True,16,60,16:60
20261002T155741,12603.054848,100.0,True,3,66,3:66
20261002T155741,11342.84032,100.0,True,5,60,5:60
20261002T155741,2549.479936,100.0,True,5,62,5:62
20261002T155741,1023.928832,100.0,True,14,68,14:68
20261002T155742,17361.933568,100.0,True,4,74,4:74
20261002T155742,16884.433152,100.0,True,11,57,11:57
20261002T155742,2434.397184,100.0,True,13,78,13:78
20261002T155743,1238.070272,100.0,True,1,68,1:68
20261002T155743,2760.25216,100.0,True,3,69,3:69
20261002T155743,460.75264,100.0,True,4,79,4:79
20261002T155743,9484.031744,100.0,True,5,61,5:61
20261002T155744,1592.829696,100.0,True,0,71,0:71
20261002T155744,234.401536,100.0,True,2,67,2:67
20261002T155744,2084.627456,100.0,True,8,78,8:78
20261002T155744,9345.287424,100.0,True,13,77,13:77
20261002T155744,444.131072,100.0,True,14,69,14:69
20261002T155744,2104.593152,100.0,True,15,76,15:76
20261002T155744,11872.324096,100.0,True,17,59,17:59
20261002T155745,11786.172416,100.0,True,1,66,1:66
20261002T155745,639.04768,100.0,True,3,70,3:70
20261002T155745,1773.797888,100.0,True,7,56,7:56
20261002T155745,14431.011328,100.0,True,9,52,9:52
20261002T155745,16268.00256,100.0,True,15,73,15:73
20261002T155746,1686.672384,100.0,True,13,79,13:79
20261002T155746,542.50368,100.0,True,15,77,15:77
20261002T155747,16476.623104,100.0,True,2,64,2:64
20261002T155747,11674.403584,100.0,True,2,65,2:65
20261002T155747,15818.892288,100.0,True,6,75,6:75
20261002T155747,324.42112,100.0,True,6,79,6:79
20261002T155747,1559.30624,100.0,True,9,55,9:55
20261002T155748,441.330944,100.0,True,13,80,13:80
20261002T155749,13328.080384,100.0,True,6,76,6:76
20261002T155749,14767.57248,100.0,True,16,59,16:59
20261002T155750,654.505728,100.0,True,0,73,0:73
20261002T155750,13548.905472,100.0,True,1,67,1:67
20261002T155750,2232.6272,100.0,True,1,69,1:69
20261002T155750,9758.070016,100.0,True,4,78,4:78
20261002T155750,16582.406912,100.0,True,12,56,12:56
20261002T155750,14174.628096,100.0,True,14,67,14:67
20261002T155751,17976.135936,100.0,True,3,67,3:67
20261002T155751,2374.893312,100.0,True,8,80,8:80
20261002T155751,10718.968832,100.0,True,10,75,10:75
20261002T155751,2741.660672,100.0,True,14,70,14:70
20261002T155752,2923.956736,100.0,True,3,71,3:71
20261002T155752,548.254976,100.0,True,6,80,6:80
20261002T155752,17720.906752,100.0,True,8,76,8:76
20261002T155752,17685.868288,100.0,True,10,73,10:73
20261002T155753,14547.888896,100.0,True,6,77,6:77
20261002T155753,15199.776768,100.0,True,10,74,10:74
20261002T155753,922.22848,100.0,True,12,60,12:60
20261002T155754,13923.578368,100.0,True,2,66,2:66
20261002T155754,11206.23104,100.0,True,6,78,6:78
20261002T155754,13596.768256,100.0,True,9,54,9:54
20261002T155754,2658.35904,100.0,True,14,71,14:71
20261002T155754,1850.729216,100.0,True,15,79,15:79
20261002T155755,2866.609152,100.0,True,1,70,1:70
20261002T155755,16882.622976,100.0,True,12,57,12:57
20261002T155756,17580.056832,100.0,True,0,70,0:70
20261002T155756,1715.92704,100.0,True,0,74,0:74
20261002T155756,1363.780352,100.0,True,4,83,4:83
20261002T155756,1146.55616,100.0,True,6,81,6:81
20261002T155756,10591.57248,100.0,True,10,76,10:76
20261002T155756,12351.493888,100.0,True,12,58,12:58
20261002T155756,2464.51968,100.0,True,16,63,16:63
20261002T155756,14458.03776,100.0,True,17,61,17:61
20261002T155757,10680.607488,100.0,True,0,72,0:72
20261002T155757,3079.21152,100.0,True,2,69,2:69
20261002T155757,10023.547392,100.0,True,4,80,4:80
20261002T155757,2571.322368,100.0,True,10,78,10:78
20261002T155758,3014.747136,100.0,True,3,72,3:72
20261002T155758,9117.597184,100.0,True,4,81,4:81
20261002T155758,870.37056,100.0,True,8,82,8:82
20261002T155758,337.486592,100.0,True,10,79,10:79
20261002T155758,14592.100352,100.0,True,16,61,16:61
20261002T155758,1419.51872,100.0,True,17,65,17:65
20261002T155759,1306.52288,100.0,True,2,70,2:70
20261002T155759,10848.762624,100.0,True,5,64,5:64
20261002T155759,1741.000192,100.0,True,6,82,6:82
20261002T155759,530.387712,100.0,True,9,58,9:58
20261002T155800,1187.427328,100.0,True,3,73,3:73
20261002T155800,15129.474816,100.0,True,8,79,8:79
20261002T155800,16893.087488,100.0,True,11,61,11:61
20261002T155800,10767.99488,100.0,True,11,62,11:62
20261002T155800,2731.20256,100.0,True,11,64,11:64
20261002T155800,416.718336,100.0,True,14,73,14:73
20261002T155800,14612.783104,100.0,True,17,62,17:62
20261002T155801,697.449984,100.0,True,2,71,2:71
20261002T155801,2298.070784,100.0,True,13,83,13:83
20261002T155801,11394.173184,100.0,True,16,62,16:62
20261002T155801,12212.061184,100.0,True,17,63,17:63
20261002T155802,17156.938752,100.0,True,5,63,5:63
20261002T155802,9851.195904,100.0,True,8,81,8:81
20261002T155802,231.950848,100.0,True,11,65,11:65
20261002T155802,14520.852224,100.0,True,12,59,12:59
20261002T155803,2469.407232,100.0,True,6,83,6:83
20261002T155803,15319.885312,100.0,True,15,78,15:78
20261002T155803,2691.053312,100.0,True,17,66,17:66
20261002T155804,2345.615872,100.0,True,8,83,8:83
20261002T155805,15576.402944,100.0,True,2,68,2:68
20261002T155805,610.343168,100.0,True,3,74,3:74
20261002T155805,16688.27776,100.0,True,7,57,7:57
20261002T155805,229.550336,100.0,True,7,60,7:60
20261002T155805,12279.706624,100.0,True,11,63,11:63
20261002T155805,437.821952,100.0,True,16,65,16:65
20261002T155805,12318.432768,100.0,True,17,64,17:64
20261002T155806,13228.927488,100.0,True,4,82,4:82
20261002T155806,215.659776,100.0,True,8,84,8:84
20261002T155806,11069.214208,100.0,True,14,72,14:72
20261002T155807,1327.970816,100.0,True,2,72,2:72
20261002T155807,2022.022656,100.0,True,4,86,4:86
20261002T155807,908.873216,100.0,True,9,60,9:60
20261002T155807,17536.142336,100.0,True,10,77,10:77
20261002T155807,16385.412864,100.0,True,13,81,13:81
20261002T155807,1165.773824,100.0,True,13,85,13:85
20261002T155808,18034.318336,100.0,True,9,56,9:56
20261002T155808,13972.711168,100.0,True,9,57,9:57
20261002T155809,17399.787008,100.0,True,5,65,5:65
20261002T155809,13659.009792,100.0,True,13,82,13:82
20261002T155810,11044.661248,100.0,True,0,75,0:75
20261002T155810,16740.041472,100.0,True,7,58,7:58
20261002T155810,1149.85856,100.0,True,10,82,10:82
20261002T155810,1644.790016,100.0,True,12,63,12:63
20261002T155810,14982.080512,100.0,True,15,80,15:80
20261002T155810,2878.267136,100.0,True,15,83,15:83
20261002T155810,1774.16576,100.0,True,16,66,16:66
20261002T155811,9330.963712,100.0,True,5,67,5:67
20261002T155811,1301.356288,100.0,True,7,61,7:61
20261002T155811,2538.100736,100.0,True,8,85,8:85
20261002T155811,11343.213568,100.0,True,15,81,15:81
20261002T155811,12873.861632,100.0,True,16,64,16:64
20261002T155812,16728.104704,100.0,True,1,71,1:71
20261002T155812,12518.01984,100.0,True,1,72,1:72
20261002T155812,2918.165504,100.0,True,3,75,3:75
20261002T155812,2742.626048,100.0,True,4,87,4:87
20261002T155812,16200.671232,100.0,True,5,66,5:66
20261002T155812,11953.561856,100.0,True,7,59,7:59
20261002T155812,9692.944384,100.0,True,10,80,10:80
20261002T155813,14149.519104,100.0,True,4,84,4:84
20261002T155813,9859.710464,100.0,True,6,84,6:84
20261002T155813,2948.788224,100.0,True,9,61,9:61
20261002T155814,2819.930112,100.0,True,6,86,6:86
20261002T155814,15953.692672,100.0,True,12,61,12:61
20261002T155814,572.474624,100.0,True,14,76,14:76
20261002T155815,742.466304,100.0,True,5,70,5:70
20261002T155815,2270.77248,100.0,True,12,64,12:64
20261002T155815,1750.230272,100.0,True,16,67,16:67
20261002T155815,1894.828288,100.0,True,17,69,17:69
20261002T155816,12465.890048,100.0,True,1,73,1:73
20261002T155816,691.02336,100.0,True,2,74,2:74
20261002T155816,14053.199872,100.0,True,4,85,4:85
20261002T155816,2689.348096,100.0,True,7,62,7:62
20261002T155816,11107.353856,100.0,True,10,81,10:81
20261002T155817,14323.191808,100.0,True,0,76,0:76
20261002T155817,990.953472,100.0,True,10,84,10:84
20261002T155817,15273.100032,100.0,True,13,84,13:84
20261002T155818,1368.279808,100.0,True,1,76,1:76
20261002T155818,696.699904,100.0,True,7,63,7:63
20261002T155818,1474.649088,100.0,True,11,68,11:68
20261002T155818,14127.272448,100.0,True,12,62,12:62
20261002T155818,14415.972864,100.0,True,14,74,14:74
20261002T155819,1790.42048,100.0,True,3,77,3:77
20261002T155819,2013.78816,100.0,True,6,88,6:88
20261002T155819,3089.964288,100.0,True,8,87,8:87
20261002T155819,16310.784256,100.0,True,9,59,9:59
20261002T155819,9261.998336,100.0,True,13,86,13:86
20261002T155819,9835.290112,100.0,True,14,75,14:75
20261002T155819,16802.558976,100.0,True,15,82,15:82
20261002T155819,13563.069696,100.0,True,17,67,17:67
20261002T155819,9358.159872,100.0,True,17,68,17:68
20261002T155821,14424.088832,100.0,True,11,66,11:66
20261002T155821,2793.592064,100.0,True,12,65,12:65
20261002T155822,15018.800896,100.0,True,5,68,5:68
20261002T155822,13569.308672,100.0,True,6,85,6:85
20261002T155822,85.449216,100.0,True,7,64,7:64
20261002T155822,1783.666176,100.0,True,15,87,15:87
20261002T155823,11006.552832,100.0,True,0,78,0:78
20261002T155823,2330.721024,100.0,True,8,88,8:88
20261002T155823,1649.0176,100.0,True,9,63,9:63
20261002T155823,2593.205248,100.0,True,10,85,10:85
20261002T155824,17064.707072,100.0,True,1,74,1:74
20261002T155824,3049.938944,100.0,True,1,77,1:77
20261002T155824,1087.74528,100.0,True,2,76,2:76
20261002T155824,11617.445888,100.0,True,10,83,10:83
20261002T155824,13642.737152,100.0,True,15,84,15:84
20261002T155825,17230.964224,100.0,True,0,77,0:77
20261002T155825,9292.635648,100.0,True,0,79,0:79
20261002T155825,14425.593088,100.0,True,5,69,5:69
20261002T155825,11286.661888,100.0,True,8,86,8:86
20261002T155826,16155.26784,100.0,True,2,73,2:73
20261002T155826,74.254592,100.0,True,2,77,2:77
20261002T155826,13304.753664,100.0,True,4,88,4:88
20261002T155826,1542.32192,100.0,True,5,72,5:72
20261002T155826,1489.729536,100.0,True,6,90,6:90
20261002T155827,13378.535936,100.0,True,6,87,6:87
20261002T155827,9496.696064,100.0,True,9,62,9:62
20261002T155827,2315.767296,100.0,True,10,86,10:86
20261002T155827,15724.414976,100.0,True,11,67,11:67
20261002T155827,564.221952,100.0,True,13,90,13:90
20261002T155827,9212.484864,100.0,True,14,77,14:77
20261002T155828,11019.749376,100.0,True,4,89,4:89
20261002T155828,1807.063296,100.0,True,4,91,4:91
20261002T155828,756.520704,100.0,True,6,91,6:91
20261002T155828,1534.617856,100.0,True,7,65,7:65
20261002T155829,2999.075072,100.0,True,9,64,9:64
20261002T155830,17773.537792,100.0,True,1,75,1:75
20261002T155830,10878.477312,100.0,True,2,75,2:75
20261002T155830,16893.197568,100.0,True,3,76,3:76
20261002T155830,15905.55136,100.0,True,15,85,15:85
20261002T155831,10860.66176,100.0,True,0,80,0:80
20261002T155831,2708.092672,100.0,True,0,82,0:82
20261002T155831,14284.5888,100.0,True,13,88,13:88
20261002T155831,14037.845248,100.0,True,17,70,17:70
20261002T155832,1513.339392,100.0,True,4,92,4:92
20261002T155832,13188.225024,100.0,True,5,71,5:71
20261002T155832,1724.806656,100.0,True,5,73,5:73
20261002T155832,2266.307328,100.0,True,7,66,7:66
20261002T155832,17718.742784,100.0,True,13,87,13:87
20261002T155832,14903.347456,100.0,True,15,86,15:86
20261002T155832,1800.915968,100.0,True,15,90,15:90
20261002T155833,3105.931008,100.0,True,1,79,1:79
20261002T155833,2599.1168,100.0,True,3,80,3:80
20261002T155833,11991.353344,100.0,True,6,89,6:89
20261002T155833,994.230272,100.0,True,6,92,6:92
20261002T155833,132.054272,100.0,True,15,91,15:91
20261002T155833,14788.888064,100.0,True,16,68,16:68
20261002T155834,10073.92128,100.0,True,0,81,0:81
20261002T155834,1731.366656,100.0,True,0,83,0:83
20261002T155834,843.847936,100.0,True,1,80,1:80
20261002T155834,11730.60864,100.0,True,11,69,11:69
20261002T155834,2523.442688,100.0,True,11,71,11:71
20261002T155835,11077.165312,100.0,True,16,69,16:69
20261002T155835,14260.488192,100.0,True,17,71,17:71
20261002T155836,178.509056,100.0,True,0,84,0:84
20261002T155836,2910.316544,100.0,True,12,68,12:68
20261002T155836,14365.61792,100.0,True,13,89,13:89
20261002T155837,15462.335744,100.0,True,4,90,4:90
20261002T155837,1933.235712,100.0,True,9,66,9:66
20261002T155837,9284.709632,100.0,True,10,87,10:87
20261002T155837,10569.95328,100.0,True,14,79,14:79
20261002T155837,10111.522048,100.0,True,16,70,16:70
20261002T155838,2208.511744,100.0,True,6,93,6:93
20261002T155838,2726.46016,100.0,True,7,67,7:67
20261002T155838,3032.329984,100.0,True,8,92,8:92
20261002T155838,901.25568,100.0,True,11,72,11:72
20261002T155838,13394.182912,100.0,True,12,66,12:66
20261002T155838,2152.872192,100.0,True,16,72,16:72
20261002T155839,17087.9168,100.0,True,3,78,3:78
20261002T155839,14081.638912,100.0,True,8,89,8:89
20261002T155839,12254.775552,100.0,True,11,70,11:70
20261002T155839,1475.501824,100.0,True,12,69,12:69
20261002T155839,16596.671744,100.0,True,14,78,14:78
20261002T155839,14377.900544,100.0,True,15,88,15:88
20261002T155839,12968.681984,100.0,True,17,72,17:72
20261002T155840,14248.985344,100.0,True,3,79,3:79
20261002T155840,1598.198784,100.0,True,8,93,8:93
20261002T155840,9698.102528,100.0,True,9,65,9:65
20261002T155840,788.205056,100.0,True,13,93,13:93
20261002T155840,877.690624,100.0,True,14,82,14:82
20261002T155840,2868.619008,100.0,True,15,92,15:92
20261002T155841,2517.263616,100.0,True,5,75,5:75
20261002T155841,854.720768,100.0,True,6,94,6:94
20261002T155841,9400.749568,100.0,True,8,91,8:91
20261002T155841,10373.414144,100.0,True,13,91,13:91
20261002T155842,15738.027776,100.0,True,1,78,1:78
20261002T155842,1094.703104,100.0,True,7,68,7:68
20261002T155842,14038.499584,100.0,True,8,90,8:90
20261002T155842,14039.159296,100.0,True,12,67,12:67
20261002T155842,11751.564032,100.0,True,14,80,14:80
20261002T155842,703.056896,100.0,True,15,93,15:93
20261002T155842,11308.569088,100.0,True,17,73,17:73
20261002T155843,724.309248,100.0,True,1,82,1:82
20261002T155843,1627.15136,100.0,True,2,81,2:81
20261002T155843,9339.919104,100.0,True,5,74,5:74
20261002T155843,2925.18528,100.0,True,10,90,10:90
20261002T155843,2587.928832,100.0,True,16,73,16:73
20261002T155844,14760.804608,100.0,True,2,78,2:78
20261002T155844,82.115584,100.0,True,6,95,6:95
20261002T155844,2796.598272,100.0,True,9,67,9:67
20261002T155844,13510.793472,100.0,True,10,88,10:88
20261002T155845,457.837056,100.0,True,5,76,5:76
20261002T155845,519.481344,100.0,True,10,91,10:91
20261002T155845,1745.031424,100.0,True,11,73,11:73
20261002T155845,17231.802112,100.0,True,15,89,15:89
20261002T155845,9159.844608,100.0,True,17,74,17:74
20261002T155846,118.485248,100.0,True,4,96,4:96
20261002T155846,1131.887616,100.0,True,8,95,8:95
20261002T155846,2738.540032,100.0,True,13,94,13:94
20261002T155846,11322.47424,100.0,True,14,81,14:81
20261002T155846,2242.18496,100.0,True,14,83,14:83
20261002T155847,9945.177856,100.0,True,1,81,1:81
20261002T155847,11399.307264,100.0,True,10,89,10:89
20261002T155847,2344.811776,100.0,True,15,94,15:94
20261002T155848,15119.759872,100.0,True,2,79,2:79
20261002T155848,11946.342912,100.0,True,2,80,2:80
20261002T155848,8955.465216,100.0,True,4,94,4:94
20261002T155848,2767.926272,100.0,True,7,69,7:69
20261002T155848,13518.700288,100.0,True,13,92,13:92
20261002T155848,15248.626688,100.0,True,16,71,16:71
20261002T155848,2330.212608,100.0,True,16,74,16:74
20261002T155849,2672.381696,100.0,True,0,87,0:87
20261002T155849,1819.054592,100.0,True,6,96,6:96
20261002T155849,2791.542784,100.0,True,13,95,13:95
20261002T155850,15116.132096,100.0,True,4,93,4:93
20261002T155850,1023.725824,100.0,True,5,77,5:77
20261002T155850,82.25152,100.0,True,17,77,17:77
20261002T155851,11997.634304,100.0,True,0,85,0:85
20261002T155851,15918.406144,100.0,True,3,81,3:81
20261002T155851,975.572992,100.0,True,3,84,3:84
20261002T155851,1562.696704,100.0,True,4,97,4:97
20261002T155851,1586.184192,100.0,True,9,69,9:69
20261002T155851,9641.11104,100.0,True,12,70,12:70
20261002T155852,823.126784,100.0,True,2,83,2:83
20261002T155852,11493.408256,100.0,True,3,82,3:82
20261002T155852,481.801472,100.0,True,7,70,7:70
20261002T155852,2776.499968,100.0,True,15,95,15:95
20261002T155853,10481.028096,100.0,True,0,86,0:86
20261002T155853,10933.307136,100.0,True,4,95,4:95
20261002T155853,418.819584,100.0,True,13,97,13:97
20261002T155854,2190.95424,100.0,True,0,88,0:88
20261002T155854,1722.707712,100.0,True,4,98,4:98
20261002T155854,293.766144,100.0,True,9,70,9:70
20261002T155854,810.084864,100.0,True,10,93,10:93
20261002T155854,11957.806592,100.0,True,17,75,17:75
20261002T155856,395.113984,100.0,True,2,84,2:84
20261002T155856,14131.08736,100.0,True,8,94,8:94
20261002T155857,915.251712,100.0,True,1,85,1:85
20261002T155857,12101.367296,100.0,True,3,83,3:83
20261002T155857,818.33984,100.0,True,4,99,4:99
20261002T155857,1201.363456,100.0,True,8,98,8:98
20261002T155857,113.728256,100.0,True,10,94,10:94
20261002T155857,1141.692416,100.0,True,15,97,15:97
20261002T155858,2729.279488,100.0,True,6,98,6:98
20261002T155858,1078.085632,100.0,True,13,98,13:98
20261002T155858,12576.382976,100.0,True,17,76,17:76
20261002T155859,2792.312832,100.0,True,12,73,12:73
20261002T155859,9557.100288,100.0,True,13,96,13:96
20261002T155859,11359.007232,100.0,True,14,84,14:84
20261002T155900,14667.076352,100.0,True,1,83,1:83
20261002T155900,2862.696192,100.0,True,11,76,11:76
20261002T155901,1625.83808,100.0,True,1,86,1:86
20261002T155901,13629.005312,100.0,True,2,82,2:82
20261002T155901,1850.111232,100.0,True,5,79,5:79
20261002T155901,2971.82848,100.0,True,7,71,7:71
20261002T155901,12541.45792,100.0,True,8,96,8:96
20261002T155901,1692.036352,100.0,True,9,71,9:71
20261002T155902,2217.4784,100.0,True,0,90,0:90
20261002T155902,2031.452928,100.0,True,2,85,2:85
20261002T155902,12834.6944,100.0,True,10,92,10:92
20261002T155903,580.422656,100.0,True,4,101,4:101
20261002T155903,422.76736,100.0,True,5,80,5:80
20261002T155903,398.48704,100.0,True,6,100,6:100
20261002T155903,16568.51456,100.0,True,9,68,9:68
20261002T155903,17530.713344,100.0,True,12,71,12:71
20261002T155903,12011.968,100.0,True,12,72,12:72
20261002T155903,148.755712,100.0,True,13,100,13:100
20261002T155904,11730.957312,100.0,True,14,85,14:85
20261002T155904,1425.209856,100.0,True,16,77,16:77
20261002T155905,13387.712,100.0,True,1,84,1:84
20261002T155905,957.41952,100.0,True,1,87,1:87
20261002T155905,13391.181312,100.0,True,8,97,8:97
20261002T155905,1418.772224,100.0,True,8,100,8:100
20261002T155905,16724.832512,100.0,True,11,74,11:74
20261002T155906,14319.596544,100.0,True,6,97,6:97
20261002T155906,13260.557568,100.0,True,15,96,15:96
20261002T155907,1289.03424,100.0,True,6,101,6:101
20261002T155907,14241.974016,100.0,True,11,75,11:75
20261002T155908,12916.944128,100.0,True,0,89,0:89
20261002T155908,327.102976,100.0,True,7,73,7:73
20261002T155908,169.330432,100.0,True,8,101,8:101
20261002T155908,11561.375744,100.0,True,14,86,14:86
20261002T155909,1622.559488,100.0,True,0,92,0:92
20261002T155909,1002.814464,100.0,True,1,88,1:88
20261002T155909,17309.310208,100.0,True,16,75,16:75
20261002T155909,10297.190656,100.0,True,17,79,17:79
20261002T155910,230.098176,100.0,True,2,87,2:87
20261002T155910,16651.576832,100.0,True,3,85,3:85
20261002T155910,1514.203392,100.0,True,5,81,5:81
20261002T155910,11445.626112,100.0,True,6,99,6:99
20261002T155911,12168.91648,100.0,True,4,100,4:100
20261002T155911,16261.18144,100.0,True,5,78,5:78
20261002T155911,381.83424,100.0,True,16,79,16:79
20261002T155911,17046.469376,100.0,True,17,78,17:78
20261002T155912,11342.966784,100.0,True,3,87,3:87
20261002T155912,2462.731008,100.0,True,3,89,3:89
20261002T155912,12293.408256,100.0,True,8,99,8:99
20261002T155912,14177.210624,100.0,True,16,76,16:76
20261002T155913,2977.184768,100.0,True,0,93,0:93
20261002T155913,2741.707264,100.0,True,4,103,4:103
20261002T155913,2721.439488,100.0,True,9,73,9:73
20261002T155913,14382.144768,100.0,True,15,98,15:98
20261002T155913,10080.014848,100.0,True,15,99,15:99
20261002T155913,2167.040768,100.0,True,15,101,15:101
20261002T155914,17910.27968,100.0,True,3,86,3:86
20261002T155915,9630.559744,100.0,True,2,86,2:86
20261002T155915,2133.625088,100.0,True,5,82,5:82
20261002T155915,13469.904384,100.0,True,10,95,10:95
20261002T155915,9929.620736,100.0,True,12,75,12:75
20261002T155915,752.773632,100.0,True,15,102,15:102
20261002T155916,2987.976448,100.0,True,3,90,3:90
20261002T155916,9622.984448,100.0,True,4,102,4:102
20261002T155916,15275.572224,100.0,True,12,74,12:74
20261002T155916,16302.193408,100.0,True,13,99,13:99
20261002T155916,1514.33216,100.0,True,14,90,14:90
20261002T155916,154.496512,100.0,True,16,80,16:80
20261002T155916,11958.229248,100.0,True,17,80,17:80
20261002T155917,1088.56448,100.0,True,1,90,1:90
20261002T155917,644.483072,100.0,True,3,91,3:91
20261002T155917,12558.015488,100.0,True,10,96,10:96
20261002T155917,16215.575552,100.0,True,11,77,11:77
20261002T155918,2651.503872,100.0,True,0,94,0:94
20261002T155918,15610.69824,100.0,True,7,72,7:72
20261002T155918,2797.753856,100.0,True,8,103,8:103
20261002T155918,10828.427008,100.0,True,13,101,13:101
20261002T155919,14385.232128,100.0,True,3,88,3:88
20261002T155919,1888.2816,100.0,True,5,83,5:83
20261002T155919,1881.363456,100.0,True,10,99,10:99
20261002T155919,1623.546624,100.0,True,13,104,13:104
20261002T155919,17790.098176,100.0,True,14,87,14:87
20261002T155920,2385.593344,100.0,True,2,89,2:89
20261002T155920,2597.780992,100.0,True,6,104,6:104
20261002T155920,777.346304,100.0,True,14,91,14:91
20261002T155921,12008.27136,100.0,True,12,76,12:76
20261002T155921,2892.516864,100.0,True,15,103,15:103
20261002T155922,17838.594048,100.0,True,0,91,0:91
20261002T155922,2629.940224,100.0,True,0,95,0:95
20261002T155922,2946.004992,100.0,True,8,104,8:104
20261002T155922,1431.167744,100.0,True,9,75,9:75
20261002T155922,1493.174528,100.0,True,13,105,13:105
20261002T155922,15902.424576,100.0,True,15,100,15:100
20261002T155922,15638.39872,100.0,True,16,78,16:78
20261002T155922,1174.731264,100.0,True,16,81,16:81
20261002T155923,2603.95008,100.0,True,1,91,1:91
20261002T155923,2232.406528,100.0,True,5,84,5:84
20261002T155923,2694.306304,100.0,True,6,105,6:105
20261002T155923,18338.621952,100.0,True,9,72,9:72
20261002T155923,16221.817856,100.0,True,14,88,14:88
20261002T155924,3063.429888,100.0,True,2,90,2:90
20261002T155924,1329.099008,100.0,True,7,76,7:76
20261002T155924,17897.53344,100.0,True,11,78,11:78
20261002T155924,12470.682624,100.0,True,11,79,11:79
20261002T155924,12471.693312,100.0,True,13,102,13:102
20261002T155924,10454.129664,100.0,True,17,82,17:82
20261002T155924,816.679936,100.0,True,17,84,17:84
20261002T155925,16375.537152,100.0,True,6,102,6:102
20261002T155925,16198.337536,100.0,True,10,97,10:97
20261002T155925,15028.256512,100.0,True,14,89,14:89
20261002T155926,1188.379136,100.0,True,9,76,9:76
20261002T155926,215.027968,100.0,True,10,101,10:101
20261002T155926,1499.41888,100.0,True,16,82,16:82
20261002T155926,15755.921408,100.0,True,17,81,17:81
20261002T155927,403.708928,100.0,True,2,91,2:91
20261002T155927,14022.833664,100.0,True,7,74,7:74
20261002T155927,391.684864,100.0,True,15,105,15:105
20261002T155928,16390.284288,100.0,True,1,89,1:89
20261002T155928,685.040896,100.0,True,1,93,1:93
20261002T155928,100.268288,100.0,True,10,102,10:102
20261002T155929,17361.075456,100.0,True,8,102,8:102
20261002T155930,16955.672064,100.0,True,2,88,2:88
20261002T155930,16055.703808,100.0,True,4,104,4:104
20261002T155930,356.173824,100.0,True,9,77,9:77
20261002T155930,13490.68928,100.0,True,11,80,11:80
20261002T155930,17327.929856,100.0,True,12,77,12:77
20261002T155931,18013.852416,100.0,True,6,103,6:103
20261002T155931,18227.771648,100.0,True,10,98,10:98
20261002T155931,2470.50496,100.0,True,12,80,12:80
20261002T155931,3101.931008,100.0,True,17,85,17:85
20261002T155932,17639.767296,100.0,True,13,103,13:103
20261002T155933,14711.08224,100.0,True,7,75,7:75
20261002T155933,17784.600832,100.0,True,9,74,9:74
20261002T155933,12537.334016,100.0,True,10,100,10:100
20261002T155933,14958.119168,100.0,True,12,78,12:78
20261002T155934,9410.51904,100.0,True,0,96,0:96
20261002T155934,14314.653952,100.0,True,3,92,3:92
20261002T155934,11809.053952,100.0,True,8,105,8:105
20261002T155934,2802.952448,100.0,True,8,107,8:107
20261002T155934,2265.345536,100.0,True,10,103,10:103
20261002T155934,2574.69824,100.0,True,11,83,11:83
20261002T155934,11524.465408,100.0,True,12,79,12:79
20261002T155934,1122.63936,100.0,True,13,108,13:108
20261002T155934,2002.409472,100.0,True,14,94,14:94
20261002T155934,2219.968512,100.0,True,17,86,17:86
20261002T155935,3089.384448,100.0,True,0,98,0:98
20261002T155935,16841.765888,100.0,True,4,105,4:105
20261002T155935,3093.755136,100.0,True,12,81,12:81
20261002T155935,17394.085888,100.0,True,17,83,17:83
20261002T155936,11587.668224,100.0,True,1,92,1:92
20261002T155936,2767.047168,100.0,True,4,109,4:109
20261002T155936,12031.767296,100.0,True,13,106,13:106
20261002T155936,521.791488,100.0,True,16,84,16:84
20261002T155937,9235.907328,100.0,True,0,97,0:97
20261002T155937,159.597568,100.0,True,1,95,1:95
20261002T155937,849.116928,100.0,True,3,96,3:96
20261002T155937,12274.149632,100.0,True,6,106,6:106
20261002T155937,467.28576,100.0,True,11,84,11:84
20261002T155937,14545.625344,100.0,True,15,104,15:104
20261002T155938,15982.493184,100.0,True,11,81,11:81
20261002T155938,1572.54272,100.0,True,12,82,12:82
20261002T155938,757.312,100.0,True,14,95,14:95
20261002T155939,17223.597056,100.0,True,4,106,4:106
20261002T155939,2257.6576,100.0,True,4,110,4:110
20261002T155939,285.090048,100.0,True,13,110,13:110
20261002T155939,15291.026688,100.0,True,14,92,14:92
20261002T155940,12273.80608,100.0,True,13,107,13:107
20261002T155941,1878.528512,100.0,True,0,100,0:100
20261002T155941,15356.5696,100.0,True,4,107,4:107
20261002T155941,13202.229504,100.0,True,7,77,7:77
20261002T155941,13792.855808,100.0,True,8,106,8:106
20261002T155941,1142.210304,100.0,True,9,79,9:79
20261002T155941,13062.493696,100.0,True,14,93,14:93
20261002T155942,13074.121728,100.0,True,4,108,4:108
20261002T155942,10515.292672,100.0,True,5,86,5:86
20261002T155942,2252.080128,100.0,True,6,110,6:110
20261002T155942,2218.30528,100.0,True,8,109,8:109
20261002T155942,385.652992,100.0,True,10,106,10:106
20261002T155942,657.341952,100.0,True,14,96,14:96
20261002T155942,350.54208,100.0,True,15,109,15:109
20261002T155942,737.158912,100.0,True,16,85,16:85
20261002T155943,17344.568576,100.0,True,3,93,3:93
20261002T155943,13157.05984,100.0,True,16,83,16:83
20261002T155943,1543.233792,100.0,True,17,88,17:88
20261002T155944,2338.844928,100.0,True,1,96,1:96
20261002T155944,12267.650048,100.0,True,2,92,2:92
20261002T155944,16817.168128,100.0,True,11,82,11:82
20261002T155944,9896.602112,100.0,True,15,107,15:107
20261002T155945,238.88512,100.0,True,4,112,4:112
20261002T155945,18302.349824,100.0,True,5,85,5:85
20261002T155946,13953.225984,100.0,True,1,94,1:94
20261002T155946,2566.213632,100.0,True,7,80,7:80
20261002T155946,854.375424,100.0,True,12,84,12:84
20261002T155946,9820.535808,100.0,True,13,109,13:109
20261002T155946,16738.84416,100.0,True,15,106,15:106
20261002T155947,17090.59072,100.0,True,3,94,3:94
20261002T155947,2115.222016,100.0,True,5,89,5:89
20261002T155947,17616.258304,100.0,True,6,107,6:107
20261002T155947,1225.143552,100.0,True,6,112,6:112
20261002T155947,13705.17248,100.0,True,7,78,7:78
20261002T155947,1667.188992,100.0,True,16,86,16:86
20261002T155947,9325.883136,100.0,True,17,87,17:87
20261002T155948,13278.83776,100.0,True,2,93,2:93
20261002T155948,1261.235968,100.0,True,2,96,2:96
20261002T155948,290.701312,100.0,True,3,99,3:99
20261002T155948,12306.284032,100.0,True,5,87,5:87
20261002T155948,16078.153728,100.0,True,6,108,6:108
20261002T155948,10105.178624,100.0,True,15,108,15:108
20261002T155948,2816.428544,100.0,True,17,89,17:89
20261002T155949,14056.262656,100.0,True,6,109,6:109
20261002T155949,11296.649216,100.0,True,7,79,7:79
20261002T155949,946.186496,100.0,True,11,86,11:86
20261002T155950,1428.813568,100.0,True,0,102,0:102
20261002T155950,16604.433408,100.0,True,3,95,3:95
20261002T155950,10624.608768,100.0,True,3,97,3:97
20261002T155950,13067.546368,100.0,True,9,78,9:78
20261002T155951,15459.67488,100.0,True,0,99,0:99
20261002T155951,16095.401216,100.0,True,8,108,8:108
20261002T155951,16586.47936,100.0,True,10,104,10:104
20261002T155951,755.302912,100.0,True,14,98,14:98
20261002T155952,13746.408704,100.0,True,2,94,2:94
20261002T155952,12301.809152,100.0,True,5,88,5:88
20261002T155953,149.50528,100.0,True,7,82,7:82
20261002T155954,10706.548736,100.0,True,2,95,2:95
20261002T155954,10771.913216,100.0,True,3,98,3:98
20261002T155954,11306.529536,100.0,True,8,110,8:110
20261002T155954,3108.358144,100.0,True,8,112,8:112
20261002T155954,2437.499392,100.0,True,9,81,9:81
20261002T155954,16130.304512,100.0,True,10,105,10:105
20261002T155954,9466.487552,100.0,True,15,110,15:110
20261002T155955,13615.55328,100.0,True,4,111,4:111
20261002T155955,13205.806848,100.0,True,11,85,11:85
20261002T155955,2794.656,100.0,True,11,87,11:87
20261002T155955,635.263488,100.0,True,13,114,13:114
20261002T155955,499.535104,100.0,True,14,99,14:99
20261002T155956,11990.453504,100.0,True,0,101,0:101
20261002T155956,1739.324928,100.0,True,5,91,5:91
20261002T155956,10066.257408,100.0,True,9,80,9:80
20261002T155956,11351.281408,100.0,True,10,107,10:107
20261002T155956,1551.981568,100.0,True,12,86,12:86
20261002T155957,12109.597184,100.0,True,1,97,1:97
20261002T155957,9318.25792,100.0,True,7,81,7:81
20261002T155957,213.67936,100.0,True,7,83,7:83
20261002T155957,10833.103104,100.0,True,8,111,8:111
20261002T155957,2607.168256,100.0,True,8,113,8:113
20261002T155957,10378.803968,100.0,True,15,111,15:111
20261002T155958,9835.455744,100.0,True,10,108,10:108
20261002T155958,17507.284992,100.0,True,12,83,12:83
20261002T155958,15242.586112,100.0,True,13,111,13:111
20261002T155959,301.092608,100.0,True,3,102,3:102
20261002T155959,12919.545088,100.0,True,13,112,13:112
20261002T155959,560.204288,100.0,True,14,100,14:100
20261002T155959,2810.176512,100.0,True,16,88,16:88
20261002T155959,3071.20512,100.0,True,17,91,17:91
20261002T160000,430.008064,100.0,True,4,116,4:116
20261002T160000,16888.680704,100.0,True,6,111,6:111
20261002T160000,1340.643328,100.0,True,8,114,8:114
20261002T160000,14348.10112,100.0,True,14,97,14:97
20261002T160000,9299.300608,100.0,True,15,112,15:112
20261002T160001,12660.74112,100.0,True,4,113,4:113
20261002T160001,1885.602048,100.0,True,6,115,6:115
20261002T160002,9288.251904,100.0,True,1,99,1:99
20261002T160002,2084.973824,100.0,True,12,87,12:87
20261002T160002,10665.631232,100.0,True,17,90,17:90
20261002T160003,10635.093248,100.0,True,3,100,3:100
20261002T160003,2812.490496,100.0,True,5,92,5:92
20261002T160003,465.522688,100.0,True,9,83,9:83
20261002T160004,2388.287232,100.0,True,0,105,0:105
20261002T160004,1556.887296,100.0,True,1,101,1:101
20261002T160004,309.025536,100.0,True,4,117,4:117
20261002T160004,13359.686144,100.0,True,6,113,6:113
20261002T160005,73.77024,100.0,True,16,90,16:90
20261002T160006,13528.788736,100.0,True,2,97,2:97
20261002T160006,9679.141632,100.0,True,4,115,4:115
20261002T160006,15018.456832,100.0,True,13,113,13:113
20261002T160006,14467.131648,100.0,True,16,87,16:87
20261002T160007,18341.300224,100.0,True,1,98,1:98
20261002T160007,16397.524736,100.0,True,5,90,5:90
20261002T160007,847.918848,100.0,True,7,85,7:85
20261002T160007,18159.657472,100.0,True,12,85,12:85
20261002T160007,1728.374016,100.0,True,17,93,17:93
20261002T160008,15490.477056,100.0,True,0,103,0:103
20261002T160008,11459.71328,100.0,True,0,104,0:104
20261002T160008,10493.84576,100.0,True,1,100,1:100
20261002T160008,11546.561792,100.0,True,2,98,2:98
20261002T160008,2502.834944,100.0,True,8,116,8:116
20261002T160008,2356.199424,100.0,True,9,84,9:84
20261002T160008,16233.673728,100.0,True,10,109,10:109
20261002T160008,1607.985408,100.0,True,10,113,10:113
20261002T160008,921.048832,100.0,True,11,90,11:90
20261002T160009,2505.337856,100.0,True,6,117,6:117
20261002T160009,615.113216,100.0,True,8,117,8:117
20261002T160010,14161.425664,100.0,True,3,101,3:101
20261002T160010,17445.075968,100.0,True,4,114,4:114
20261002T160010,2023.699968,100.0,True,4,118,4:118
20261002T160010,15065.51552,100.0,True,6,114,6:114
20261002T160010,1395.614208,100.0,True,15,117,15:117
20261002T160011,12172.28672,100.0,True,10,111,10:111
20261002T160011,14499.312128,100.0,True,11,88,11:88
20261002T160011,1922.535424,100.0,True,16,91,16:91
20261002T160011,10491.902976,100.0,True,17,92,17:92
20261002T160012,10017.590528,100.0,True,6,116,6:116
20261002T160012,9767.547648,100.0,True,14,101,14:101
20261002T160012,17926.279424,100.0,True,15,113,15:113
20261002T160013,18069.849088,100.0,True,10,110,10:110
20261002T160013,1312.306176,100.0,True,14,103,14:103
20261002T160014,1660.022272,100.0,True,2,101,2:101
20261002T160014,13028.265984,100.0,True,7,84,7:84
20261002T160014,17993.638912,100.0,True,9,82,9:82
20261002T160014,9766.320384,100.0,True,10,112,10:112
20261002T160014,2708.102656,100.0,True,11,91,11:91
20261002T160014,2776.59776,100.0,True,13,118,13:118
20261002T160014,17138.962176,100.0,True,15,114,15:114
20261002T160014,13926.394624,100.0,True,15,115,15:115
20261002T160015,11399.357952,100.0,True,3,103,3:103
20261002T160015,2471.867136,100.0,True,7,86,7:86
20261002T160015,13399.21152,100.0,True,11,89,11:89
20261002T160015,13233.677312,100.0,True,13,116,13:116
20261002T160016,1058.813184,100.0,True,1,104,1:104
20261002T160016,9893.245184,100.0,True,12,88,12:88
20261002T160016,18002.640896,100.0,True,13,115,13:115
20261002T160016,9460.215808,100.0,True,13,117,13:117
20261002T160016,1163.505408,100.0,True,13,119,13:119
20261002T160016,14512.384,100.0,True,16,89,16:89
20261002T160016,1146.388992,100.0,True,17,95,17:95
20261002T160017,744.378112,100.0,True,15,119,15:119
20261002T160018,12389.363456,100.0,True,0,106,0:106
20261002T160018,601.432576,100.0,True,2,102,2:102
20261002T160018,15585.01376,100.0,True,8,115,8:115
20261002T160018,2702.826752,100.0,True,16,93,16:93
20261002T160019,17300.690432,100.0,True,2,99,2:99
20261002T160019,1662.6176,100.0,True,12,90,12:90
20261002T160020,9297.306112,100.0,True,1,103,1:103
20261002T160020,109.472768,100.0,True,3,107,3:107
20261002T160020,334.182912,100.0,True,4,121,4:121
20261002T160021,11979.442688,100.0,True,0,107,0:107
20261002T160021,2255.516416,100.0,True,9,86,9:86
20261002T160021,168.221184,100.0,True,10,117,10:117
20261002T160021,1958.206464,100.0,True,13,120,13:120
20261002T160021,14528.329728,100.0,True,14,102,14:102
20261002T160021,2582.065152,100.0,True,15,120,15:120
20261002T160022,3074.599168,100.0,True,7,87,7:87
20261002T160022,1218.822144,100.0,True,14,105,14:105
20261002T160022,17690.619904,100.0,True,15,116,15:116
20261002T160022,2312.81408,100.0,True,17,96,17:96
20261002T160023,16612.338432,100.0,True,2,100,2:100
20261002T160023,17008.036352,100.0,True,5,93,5:93
20261002T160023,2112.054784,100.0,True,6,121,6:121
20261002T160023,1036.15232,100.0,True,8,120,8:120
20261002T160023,13646.180608,100.0,True,17,94,17:94
20261002T160024,16155.253504,100.0,True,1,102,1:102
20261002T160024,2016.945664,100.0,True,1,106,1:106
20261002T160024,1627.690496,100.0,True,5,96,5:96
20261002T160024,906.396672,100.0,True,6,122,6:122
20261002T160024,11472.470016,100.0,True,9,85,9:85
20261002T160025,10073.117952,100.0,True,4,120,4:120
20261002T160025,14646.722048,100.0,True,6,118,6:118
20261002T160025,1865.863168,100.0,True,9,87,9:87
20261002T160025,15225.724416,100.0,True,10,114,10:114
20261002T160025,11485.685504,100.0,True,10,115,10:115
20261002T160025,980.801536,100.0,True,11,93,11:93
20261002T160026,17437.191936,100.0,True,3,104,3:104
20261002T160026,9675.654656,100.0,True,5,95,5:95
20261002T160026,11643.395328,100.0,True,6,119,6:119
20261002T160027,14819.061504,100.0,True,3,105,3:105
20261002T160027,1641.488896,100.0,True,4,123,4:123
20261002T160027,15630.55616,100.0,True,5,94,5:94
20261002T160027,971.10784,100.0,True,5,97,5:97
20261002T160027,2039.460352,100.0,True,8,121,8:121
20261002T160027,14681.718528,100.0,True,12,89,12:89
20261002T160027,430.878208,100.0,True,12,92,12:92
20261002T160027,1939.887104,100.0,True,17,97,17:97
20261002T160028,14275.020544,100.0,True,0,108,0:108
20261002T160028,9457.788928,100.0,True,1,105,1:105
20261002T160028,16662.468608,100.0,True,4,119,4:119
20261002T160028,488.440576,100.0,True,4,124,4:124
20261002T160028,10027.778304,100.0,True,6,120,6:120
20261002T160028,2510.836992,100.0,True,14,106,14:106
20261002T160028,15641.674496,100.0,True,15,118,15:118
20261002T160028,15767.341568,100.0,True,16,92,16:92
20261002T160029,930.109696,100.0,True,3,109,3:109
20261002T160029,799.675648,100.0,True,8,122,8:122
20261002T160029,483.345152,100.0,True,11,94,11:94
20261002T160030,2627.892224,100.0,True,2,104,2:104
20261002T160030,2263.668992,100.0,True,6,123,6:123
20261002T160030,17156.251904,100.0,True,8,118,8:118
20261002T160030,13153.49888,100.0,True,8,119,8:119
20261002T160030,2988.816128,100.0,True,10,119,10:119
20261002T160030,502.166016,100.0,True,10,120,10:120
20261002T160030,12260.923648,100.0,True,11,92,11:92
20261002T160031,437.27232,100.0,True,0,112,0:112
20261002T160031,15474.659328,100.0,True,3,106,3:106
20261002T160031,2498.748928,100.0,True,9,88,9:88
20261002T160031,12615.313664,100.0,True,10,116,10:116
20261002T160031,14869.558016,100.0,True,14,104,14:104
20261002T160032,364.018688,100.0,True,2,105,2:105
20261002T160032,2652.420864,100.0,True,7,89,7:89
20261002T160032,10661.263872,100.0,True,12,91,12:91
20261002T160032,1388.228864,100.0,True,14,107,14:107
20261002T160033,15718.291712,100.0,True,0,109,0:109
20261002T160033,2829.7024,100.0,True,1,108,1:108
20261002T160033,875.758848,100.0,True,3,110,3:110
20261002T160033,1845.106688,100.0,True,4,125,4:125
20261002T160033,1572.171008,100.0,True,15,123,15:123
20261002T160034,898.632448,100.0,True,1,109,1:109
20261002T160034,361.386752,100.0,True,10,121,10:121
20261002T160034,11586.63808,100.0,True,15,121,15:121
20261002T160035,857.046016,100.0,True,6,125,6:125
20261002T160035,2886.111744,100.0,True,8,123,8:123
20261002T160036,387.405312,100.0,True,0,113,0:113
20261002T160036,10485.77536,100.0,True,1,107,1:107
20261002T160036,12130.418176,100.0,True,13,121,13:121
20261002T160036,1257.208576,100.0,True,13,124,13:124
20261002T160037,880.320256,100.0,True,1,110,1:110
20261002T160037,14535.704064,100.0,True,4,122,4:122
20261002T160037,1950.534144,100.0,True,4,126,4:126
20261002T160037,772.636416,100.0,True,9,89,9:89
20261002T160037,2308.749568,100.0,True,11,95,11:95
20261002T160038,15780.525056,100.0,True,0,110,0:110
20261002T160038,15986.120192,100.0,True,2,103,2:103
20261002T160038,744.021504,100.0,True,2,106,2:106
20261002T160038,2631.3984,100.0,True,12,94,12:94
20261002T160038,10687.663616,100.0,True,15,122,15:122
20261002T160038,17678.13376,100.0,True,16,94,16:94
20261002T160039,14867.197184,100.0,True,10,118,10:118
20261002T160039,11052.343552,100.0,True,13,122,13:122
20261002T160040,14111.194112,100.0,True,0,111,0:111
20261002T160040,2010.954752,100.0,True,10,122,10:122
20261002T160040,16180.43008,100.0,True,16,95,16:95
20261002T160041,16910.494976,100.0,True,3,108,3:108
20261002T160041,10220.94208,100.0,True,6,124,6:124
20261002T160042,2183.621632,100.0,True,3,112,3:112
20261002T160042,1745.229056,100.0,True,5,100,5:100
20261002T160042,17512.57344,100.0,True,7,88,7:88
20261002T160042,2844.58624,100.0,True,7,91,7:91
20261002T160042,400.806144,100.0,True,10,123,10:123
20261002T160042,2349.536,100.0,True,12,95,12:95
20261002T160043,1927.518464,100.0,True,4,128,4:128
20261002T160043,12837.44128,100.0,True,12,93,12:93
20261002T160044,14338.761728,100.0,True,5,98,5:98
20261002T160044,9842.35776,100.0,True,5,99,5:99
20261002T160044,2919.731968,100.0,True,9,90,9:90
20261002T160044,15592.302592,100.0,True,17,98,17:98
20261002T160045,9195.009792,100.0,True,7,90,7:90
20261002T160045,10926.580224,100.0,True,14,108,14:108
20261002T160045,17032.494592,100.0,True,16,96,16:96
20261002T160045,11585.720832,100.0,True,16,97,16:97
20261002T160045,1204.77184,100.0,True,16,99,16:99
20261002T160045,10760.306176,100.0,True,17,99,17:99
20261002T160046,2094.254336,100.0,True,3,113,3:113
20261002T160047,10821.422336,100.0,True,3,111,3:111
20261002T160047,10490.896384,100.0,True,8,124,8:124
20261002T160047,3008.327424,100.0,True,12,96,12:96
20261002T160047,14237.120512,100.0,True,13,123,13:123
20261002T160047,2838.78528,100.0,True,13,126,13:126
20261002T160047,642.659072,100.0,True,15,127,15:127
20261002T160048,273.61152,100.0,True,0,116,0:116
20261002T160048,2938.902272,100.0,True,6,128,6:128
20261002T160048,2668.233472,100.0,True,8,126,8:126
20261002T160048,216.582144,100.0,True,16,100,16:100
20261002T160049,586.22208,100.0,True,2,109,2:109
20261002T160049,1141.775104,100.0,True,12,97,12:97
20261002T160049,10862.970624,100.0,True,16,98,16:98
20261002T160050,744.683008,100.0,True,1,113,1:113
20261002T160050,2178.708736,100.0,True,3,114,3:114
20261002T160050,530.294272,100.0,True,5,102,5:102
20261002T160050,1660.350208,100.0,True,8,127,8:127
20261002T160050,10741.368832,100.0,True,11,96,11:96
20261002T160050,307.24352,100.0,True,13,128,13:128
20261002T160050,10432.728064,100.0,True,17,100,17:100
20261002T160051,1794.551296,100.0,True,7,93,7:93
20261002T160051,1456.086272,100.0,True,11,98,11:98
20261002T160051,3036.835328,100.0,True,17,102,17:102
20261002T160052,3053.403648,100.0,True,6,129,6:129
20261002T160052,12512.96256,100.0,True,13,125,13:125
20261002T160052,15891.743232,100.0,True,15,124,15:124
20261002T160052,343.36512,100.0,True,17,103,17:103
20261002T160053,11737.427712,100.0,True,1,111,1:111
20261002T160053,9021.795328,100.0,True,4,129,4:129
20261002T160053,1806.281728,100.0,True,4,131,4:131
20261002T160053,10049.647104,100.0,True,15,126,15:126
20261002T160053,2065.429248,100.0,True,15,128,15:128
20261002T160053,1144.732416,100.0,True,16,101,16:101
20261002T160053,10871.556864,100.0,True,17,101,17:101
20261002T160054,14863.861248,100.0,True,0,114,0:114
20261002T160054,13041.147136,100.0,True,2,107,2:107
20261002T160054,15165.899264,100.0,True,4,127,4:127
20261002T160054,15223.26272,100.0,True,6,126,6:126
20261002T160054,2290.328064,100.0,True,6,130,6:130
20261002T160054,2795.864832,100.0,True,8,128,8:128
20261002T160054,1606.05312,100.0,True,12,98,12:98
20261002T160055,2793.92128,100.0,True,0,117,0:117
20261002T160055,793.142784,100.0,True,13,129,13:129
20261002T160056,645.128192,100.0,True,6,131,6:131
20261002T160056,15135.9936,100.0,True,8,125,8:125
20261002T160056,1598.514432,100.0,True,10,126,10:126
20261002T160056,644.610304,100.0,True,16,102,16:102
20261002T160057,2338.989312,100.0,True,1,114,1:114
20261002T160057,13145.388288,100.0,True,2,108,2:108
20261002T160057,11743.923456,100.0,True,5,101,5:101
20261002T160057,15281.068288,100.0,True,6,127,6:127
20261002T160057,2659.158784,100.0,True,7,94,7:94
20261002T160057,2222.223872,100.0,True,8,129,8:129
20261002T160057,1159.583488,100.0,True,9,93,9:93
20261002T160057,10671.551744,100.0,True,10,124,10:124
20261002T160057,17425.756928,100.0,True,14,109,14:109
20261002T160058,13893.892352,100.0,True,0,115,0:115
20261002T160058,2188.299008,100.0,True,0,118,0:118
20261002T160058,2483.913216,100.0,True,4,132,4:132
20261002T160058,11815.619584,100.0,True,9,91,9:91
20261002T160058,13781.28,100.0,True,11,97,11:97
20261002T160058,17836.109824,100.0,True,15,125,15:125
20261002T160058,578.594304,100.0,True,17,104,17:104
20261002T160059,1571.017216,100.0,True,2,111,2:111
20261002T160059,11754.484736,100.0,True,4,130,4:130
20261002T160059,13880.2048,100.0,True,7,92,7:92
20261002T160100,14948.339712,100.0,True,1,112,1:112
20261002T160101,984.185856,100.0,True,0,119,0:119
20261002T160101,601.428736,100.0,True,11,100,11:100
20261002T160101,15803.184128,100.0,True,14,110,14:110
20261002T160102,193.54624,100.0,True,3,117,3:117
20261002T160102,11846.178048,100.0,True,10,125,10:125
20261002T160102,2156.98944,100.0,True,12,100,12:100
20261002T160102,2059.555328,100.0,True,15,130,15:130
20261002T160102,210.089472,100.0,True,17,105,17:105
20261002T160103,307.968512,100.0,True,0,120,0:120
20261002T160103,8947.053056,100.0,True,5,103,5:103
20261002T160103,1464.391168,100.0,True,7,95,7:95
20261002T160103,116.610304,100.0,True,13,131,13:131
20261002T160103,2924.538112,100.0,True,16,103,16:103
20261002T160104,12194.642944,100.0,True,2,110,2:110
20261002T160104,1876.516352,100.0,True,2,112,2:112
20261002T160104,11490.395648,100.0,True,9,92,9:92
20261002T160104,352.194816,100.0,True,10,128,10:128
20261002T160104,17464.603392,100.0,True,13,127,13:127
20261002T160104,14714.522112,100.0,True,14,111,14:111
20261002T160105,1497.083136,100.0,True,1,116,1:116
20261002T160105,2860.557568,100.0,True,4,134,4:134
20261002T160105,10233.492736,100.0,True,11,99,11:99
20261002T160105,9359.738368,100.0,True,15,129,15:129
20261002T160106,426.013696,100.0,True,2,113,2:113
20261002T160106,14126.600192,100.0,True,3,115,3:115
20261002T160107,9962.360832,100.0,True,3,116,3:116
20261002T160107,420.1472,100.0,True,3,118,3:118
20261002T160107,1113.621504,100.0,True,4,135,4:135
20261002T160107,2486.684416,100.0,True,12,101,12:101
20261002T160107,14044.748544,100.0,True,14,112,14:112
20261002T160108,1931.373824,100.0,True,7,96,7:96
20261002T160108,8867.913472,100.0,True,8,130,8:130
20261002T160108,2231.81952,100.0,True,9,95,9:95
20261002T160108,717.35808,100.0,True,10,129,10:129
20261002T160108,9530.828288,100.0,True,13,130,13:130
20261002T160109,10644.997888,100.0,True,14,113,14:113
20261002T160109,1002.926336,100.0,True,15,132,15:132
20261002T160110,294.869504,100.0,True,5,106,5:106
20261002T160111,748.202752,100.0,True,3,119,3:119
20261002T160111,2126.776064,100.0,True,4,136,4:136
20261002T160111,8953.02656,100.0,True,6,133,6:133
20261002T160111,404.80128,100.0,True,13,133,13:133
20261002T160112,2277.746176,100.0,True,16,105,16:105
20261002T160113,217.144064,100.0,True,0,122,0:122
20261002T160113,900.832,100.0,True,1,118,1:118
20261002T160113,859.621632,100.0,True,6,136,6:136
20261002T160113,701.760256,100.0,True,9,96,9:96
20261002T160113,17003.730432,100.0,True,12,99,12:99
20261002T160113,9896.946944,100.0,True,15,131,15:131
20261002T160114,15233.103104,100.0,True,1,115,1:115
20261002T160114,519.351296,100.0,True,4,137,4:137
20261002T160114,15154.630656,100.0,True,6,132,6:132
20261002T160114,11519.309056,100.0,True,9,94,9:94
20261002T160115,1692.511232,100.0,True,3,120,3:120
20261002T160115,15314.11584,100.0,True,5,104,5:104
20261002T160115,710.37952,100.0,True,7,98,7:98
20261002T160115,10373.753088,100.0,True,11,101,11:101
20261002T160115,445.674752,100.0,True,17,108,17:108
20261002T160116,943.910656,100.0,True,2,115,2:115
20261002T160116,16523.515136,100.0,True,4,133,4:133
20261002T160116,14282.42048,100.0,True,8,131,8:131
20261002T160116,1829.459456,100.0,True,8,134,8:134
20261002T160116,17051.596544,100.0,True,10,127,10:127
20261002T160117,9954.728704,100.0,True,13,132,13:132
20261002T160117,11055.88736,100.0,True,16,104,16:104
20261002T160118,12107.63648,100.0,True,8,132,8:132
20261002T160118,11044.959488,100.0,True,14,115,14:115
20261002T160119,10072.157952,100.0,True,6,135,6:135
20261002T160119,9141.88288,100.0,True,12,102,12:102
20261002T160119,1730.39744,100.0,True,15,135,15:135
20261002T160120,324.032768,100.0,True,11,104,11:104
20261002T160120,17010.314496,100.0,True,14,114,14:114
20261002T160120,574.995968,100.0,True,14,118,14:118
20261002T160121,16097.295104,100.0,True,5,105,5:105
20261002T160121,15371.01056,100.0,True,6,134,6:134
20261002T160121,2361.725696,100.0,True,9,97,9:97
20261002T160121,2761.109504,100.0,True,12,104,12:104
20261002T160121,2885.961216,100.0,True,16,107,16:107
20261002T160121,1105.677312,100.0,True,17,109,17:109
20261002T160122,13536.60544,100.0,True,0,121,0:121
20261002T160122,2018.382336,100.0,True,1,120,1:120
20261002T160122,2356.236032,100.0,True,2,116,2:116
20261002T160122,1905.02272,100.0,True,15,136,15:136
20261002T160122,16677.9584,100.0,True,17,106,17:106
20261002T160122,12482.32832,100.0,True,17,107,17:107
20261002T160123,15936.129024,100.0,True,1,117,1:117
20261002T160124,393.699072,100.0,True,11,105,11:105
20261002T160124,362.254592,100.0,True,12,105,12:105
20261002T160124,12885.355776,100.0,True,15,133,15:133
20261002T160124,10246.936064,100.0,True,16,106,16:106
20261002T160124,83.651072,100.0,True,16,108,16:108
20261002T160125,1497.979392,100.0,True,1,121,1:121
20261002T160125,1654.621184,100.0,True,2,117,2:117
20261002T160125,2536.05632,100.0,True,3,122,3:122
20261002T160125,827.602944,100.0,True,6,139,6:139
20261002T160125,9951.500032,100.0,True,14,117,14:117
20261002T160126,2522.333696,100.0,True,0,125,0:125
20261002T160126,15512.315648,100.0,True,7,97,7:97
20261002T160126,2620.933888,100.0,True,9,98,9:98
20261002T160126,9846.642176,100.0,True,10,131,10:131
20261002T160126,16633.633536,100.0,True,11,102,11:102
20261002T160126,11181.691392,100.0,True,13,134,13:134
20261002T160126,2411.918848,100.0,True,14,119,14:119
20261002T160126,12046.191616,100.0,True,15,134,15:134
20261002T160127,11302.920192,100.0,True,0,123,0:123
20261002T160127,12578.313984,100.0,True,5,107,5:107
20261002T160127,13470.8544,100.0,True,12,103,12:103
20261002T160128,11511.485696,100.0,True,1,119,1:119
20261002T160128,17017.019904,100.0,True,2,114,2:114
20261002T160128,10794.351616,100.0,True,4,138,4:138
20261002T160128,1738.580224,100.0,True,6,140,6:140
20261002T160128,17736.15744,100.0,True,8,133,8:133
20261002T160128,14384.3968,100.0,True,11,103,11:103
20261002T160128,9675.916032,100.0,True,13,135,13:135
20261002T160129,2919.076864,100.0,True,3,123,3:123
20261002T160129,13434.092032,100.0,True,6,137,6:137
20261002T160129,11246.685952,100.0,True,7,99,7:99
20261002T160129,16762.760192,100.0,True,10,130,10:130
20261002T160129,2086.272768,100.0,True,10,134,10:134
20261002T160130,2148.519424,100.0,True,0,126,0:126
20261002T160130,18045.912064,100.0,True,14,116,14:116
20261002T160130,2826.99776,100.0,True,14,120,14:120
20261002T160130,2168.02304,100.0,True,16,109,16:109
20261002T160131,2610.02496,100.0,True,2,118,2:118
20261002T160131,1164.175104,100.0,True,3,124,3:124
20261002T160131,12009.764608,100.0,True,8,135,8:135
20261002T160131,1064.226816,100.0,True,8,138,8:138
20261002T160131,1339.791616,100.0,True,9,99,9:99
20261002T160131,2499.49696,100.0,True,12,106,12:106
20261002T160131,1626.941184,100.0,True,13,138,13:138
20261002T160132,2438.307072,100.0,True,7,101,7:101
20261002T160132,1443.907584,100.0,True,14,121,14:121
20261002T160133,13210.38976,100.0,True,0,124,0:124
20261002T160133,13682.12864,100.0,True,6,138,6:138
20261002T160133,1804.469248,100.0,True,10,135,10:135
20261002T160134,1284.228096,100.0,True,0,127,0:127
20261002T160134,651.166208,100.0,True,6,142,6:142
20261002T160134,11934.731008,100.0,True,8,136,8:136
20261002T160134,1335.737344,100.0,True,11,107,11:107
20261002T160134,2484.754176,100.0,True,15,139,15:139
20261002T160134,700.58496,100.0,True,17,112,17:112
20261002T160135,14696.834304,100.0,True,5,108,5:108
20261002T160135,1328.500224,100.0,True,9,100,9:100
20261002T160136,2763.837184,100.0,True,1,123,1:123
20261002T160136,17599.210752,100.0,True,3,121,3:121
20261002T160136,1782.86976,100.0,True,3,125,3:125
20261002T160137,14514.431488,100.0,True,4,139,4:139
20261002T160137,1100.883712,100.0,True,8,140,8:140
20261002T160137,17870.842368,100.0,True,10,132,10:132
20261002T160137,15552.423168,100.0,True,10,133,10:133
20261002T160137,15227.864576,100.0,True,13,136,13:136
20261002T160138,13128.197888,100.0,True,5,109,5:109
20261002T160138,11327.049216,100.0,True,13,137,13:137
20261002T160138,13102.528512,100.0,True,17,110,17:110
20261002T160139,10290.738432,100.0,True,11,106,11:106
20261002T160140,12137.386496,100.0,True,1,122,1:122
20261002T160140,15123.310336,100.0,True,4,140,4:140
20261002T160140,15876.983552,100.0,True,7,100,7:100
20261002T160140,14379.998976,100.0,True,8,137,8:137
20261002T160141,11745.946624,100.0,True,4,141,4:141
20261002T160141,2015.501824,100.0,True,12,108,12:108
20261002T160141,332.945408,100.0,True,13,141,13:141
20261002T160141,17063.974912,100.0,True,15,137,15:137
20261002T160141,2815.234816,100.0,True,15,141,15:141
20261002T160142,728.183552,100.0,True,1,125,1:125
20261002T160142,923.172864,100.0,True,2,121,2:121
20261002T160142,2615.977728,100.0,True,10,137,10:137
20261002T160142,1518.237952,100.0,True,14,123,14:123
20261002T160142,13179.722752,100.0,True,17,111,17:111
20261002T160143,2219.12832,100.0,True,4,144,4:144
20261002T160143,2814.293504,100.0,True,7,103,7:103
20261002T160143,2701.467136,100.0,True,9,101,9:101
20261002T160143,9482.241792,100.0,True,12,107,12:107
20261002T160144,1845.802496,100.0,True,3,127,3:127
20261002T160144,9494.906624,100.0,True,7,102,7:102
20261002T160144,11075.72864,100.0,True,16,110,16:110
20261002T160144,2843.373568,100.0,True,16,112,16:112
20261002T160145,15327.523072,100.0,True,5,110,5:110
20261002T160145,2692.174592,100.0,True,5,113,5:113
20261002T160145,2822.914048,100.0,True,6,144,6:144
20261002T160145,1780.071424,100.0,True,11,109,11:109
20261002T160145,17978.486784,100.0,True,15,138,15:138
20261002T160145,2724.518912,100.0,True,15,142,15:142
20261002T160146,13016.908544,100.0,True,2,119,2:119
20261002T160147,14210.3616,100.0,True,4,142,4:142
20261002T160147,3009.604608,100.0,True,10,138,10:138
20261002T160147,9392.5824,100.0,True,11,108,11:108
20261002T160147,13673.214976,100.0,True,13,139,13:139
20261002T160147,11316.4992,100.0,True,14,122,14:122
20261002T160147,874.295296,100.0,True,15,143,15:143
20261002T160147,2725.236992,100.0,True,17,115,17:115
20261002T160148,9537.75616,100.0,True,1,124,1:124
20261002T160148,17439.008256,100.0,True,6,141,6:141
20261002T160148,15568.559616,100.0,True,8,139,8:139
20261002T160148,849.503488,100.0,True,8,143,8:143
20261002T160148,1698.982656,100.0,True,16,113,16:113
20261002T160149,1994.045184,100.0,True,3,128,3:128
20261002T160149,1254.432,100.0,True,10,139,10:139
20261002T160149,11846.315264,100.0,True,13,140,13:140
20261002T160149,14035.71328,100.0,True,15,140,15:140
20261002T160150,13453.880576,100.0,True,2,120,2:120
20261002T160150,12580.138496,100.0,True,3,126,3:126
20261002T160150,13071.18976,100.0,True,4,143,4:143
20261002T160150,12182.93248,100.0,True,6,143,6:143
20261002T160150,2135.041536,100.0,True,13,143,13:143
20261002T160151,2337.956608,100.0,True,1,127,1:127
20261002T160151,16708.891136,100.0,True,5,111,5:111
20261002T160151,12539.056128,100.0,True,5,112,5:112
20261002T160151,1224.778752,100.0,True,6,146,6:146
20261002T160151,338.39872,100.0,True,15,144,15:144
20261002T160152,1544.266496,100.0,True,2,123,2:123
20261002T160152,1114.04544,100.0,True,3,129,3:129
20261002T160152,16396.545024,100.0,True,10,136,10:136
20261002T160152,958.390528,100.0,True,13,144,13:144
20261002T160152,11907.379968,100.0,True,17,114,17:114
20261002T160153,16331.621632,100.0,True,0,128,0:128
20261002T160153,12904.915456,100.0,True,0,129,0:129
20261002T160153,2784.977152,100.0,True,11,110,11:110
20261002T160154,2457.061376,100.0,True,7,105,7:105
20261002T160154,2729.898752,100.0,True,12,111,12:111
20261002T160154,17209.124608,100.0,True,17,113,17:113
20261002T160155,9772.721408,100.0,True,7,104,7:104
20261002T160155,15429.343488,100.0,True,8,141,8:141
20261002T160155,490.838784,100.0,True,15,145,15:145
20261002T160155,17741.885952,100.0,True,16,111,16:111
20261002T160156,752.362496,100.0,True,6,148,6:148
20261002T160156,2991.08864,100.0,True,10,140,10:140
20261002T160156,1766.115584,100.0,True,13,145,13:145
20261002T160156,2870.64832,100.0,True,16,115,16:115
20261002T160157,1588.022272,100.0,True,2,124,2:124
20261002T160158,1219.387648,100.0,True,0,133,0:133
20261002T160158,13495.60064,100.0,True,1,126,1:126
20261002T160158,10347.053312,100.0,True,4,146,4:146
20261002T160158,2681.15584,100.0,True,8,145,8:145
20261002T160158,14513.520896,100.0,True,13,142,13:142
20261002T160158,1054.822144,100.0,True,17,118,17:118
20261002T160159,10615.586304,100.0,True,0,131,0:131
20261002T160159,170.744832,100.0,True,3,131,3:131
20261002T160159,313.8752,100.0,True,4,149,4:149
20261002T160159,12651.681792,100.0,True,9,102,9:102
20261002T160159,14788.04864,100.0,True,14,124,14:124
20261002T160159,1280.72192,100.0,True,16,116,16:116
20261002T160200,1106.29248,100.0,True,1,129,1:129
20261002T160200,15210.230528,100.0,True,2,122,2:122
20261002T160200,1341.912064,100.0,True,6,149,6:149
20261002T160200,16324.864768,100.0,True,8,142,8:142
20261002T160200,2409.38112,100.0,True,12,112,12:112
20261002T160201,2611.170048,100.0,True,5,116,5:116
20261002T160201,17881.609984,100.0,True,12,109,12:109
20261002T160201,655.826688,100.0,True,17,119,17:119
20261002T160202,17903.233536,100.0,True,0,130,0:130
20261002T160202,11668.885248,100.0,True,9,103,9:103
20261002T160202,1660.061952,100.0,True,9,105,9:105
20261002T160202,2575.92192,100.0,True,15,146,15:146
20261002T160203,2484.2944,100.0,True,2,125,2:125
20261002T160203,18157.06112,100.0,True,4,145,4:145
20261002T160203,14894.390528,100.0,True,5,114,5:114
20261002T160203,1519.21792,100.0,True,6,150,6:150
20261002T160203,2725.270528,100.0,True,10,142,10:142
20261002T160204,17990.969088,100.0,True,6,145,6:145
20261002T160204,16787.304192,100.0,True,12,110,12:110
20261002T160204,2174.955264,100.0,True,12,113,12:113
20261002T160204,14859.926272,100.0,True,14,125,14:125
20261002T160204,752.0704,100.0,True,15,147,15:147
20261002T160205,1171.66208,100.0,True,7,108,7:108
20261002T160205,2755.622144,100.0,True,8,147,8:147
20261002T160205,1218.320384,100.0,True,13,147,13:147
20261002T160205,938.69312,100.0,True,14,128,14:128
20261002T160206,13615.405568,100.0,True,0,132,0:132
20261002T160206,2462.791424,100.0,True,3,132,3:132
20261002T160206,1774.129664,100.0,True,5,117,5:117
20261002T160206,13470.594048,100.0,True,6,147,6:147
20261002T160206,14133.249024,100.0,True,8,144,8:144
20261002T160206,16384.678656,100.0,True,16,114,16:114
20261002T160206,18159.056896,100.0,True,17,116,17:116
20261002T160207,15285.5424,100.0,True,4,147,4:147
20261002T160207,12117.976576,100.0,True,4,148,4:148
20261002T160207,1771.479296,100.0,True,6,151,6:151
20261002T160207,2365.586688,100.0,True,11,113,11:113
20261002T160208,2830.444544,100.0,True,1,131,1:131
20261002T160208,1084.47872,100.0,True,15,148,15:148
20261002T160208,16729.188608,100.0,True,17,117,17:117
20261002T160208,2881.146624,100.0,True,17,120,17:120
20261002T160209,1523.711232,100.0,True,2,127,2:127
20261002T160209,1127.570688,100.0,True,6,152,6:152
20261002T160209,13343.291136,100.0,True,9,104,9:104
20261002T160210,17127.074304,100.0,True,1,128,1:128
20261002T160210,16948.562688,100.0,True,5,115,5:115
20261002T160210,373.466624,100.0,True,11,114,11:114
20261002T160210,2175.13728,100.0,True,14,129,14:129
20261002T160211,10647.892736,100.0,True,0,134,0:134
20261002T160211,16307.478784,100.0,True,3,130,3:130
20261002T160211,2465.378816,100.0,True,3,133,3:133
20261002T160211,223.834624,100.0,True,4,152,4:152
20261002T160211,2476.404224,100.0,True,10,144,10:144
20261002T160211,15086.330368,100.0,True,11,111,11:111
20261002T160211,16860.861952,100.0,True,14,126,14:126
20261002T160211,11925.825024,100.0,True,14,127,14:127
20261002T160212,2759.504896,100.0,True,5,118,5:118
20261002T160212,10265.256704,100.0,True,11,112,11:112
20261002T160212,450.231808,100.0,True,13,149,13:149
20261002T160213,11423.865856,100.0,True,1,130,1:130
20261002T160213,918.603008,100.0,True,12,115,12:115
20261002T160213,1963.561984,100.0,True,14,130,14:130
20261002T160213,1128.186112,100.0,True,16,119,16:119
20261002T160214,9161.155584,100.0,True,0,135,0:135
20261002T160214,9579.397888,100.0,True,2,126,2:126
20261002T160214,18013.476352,100.0,True,7,106,7:106
20261002T160214,14948.44928,100.0,True,13,146,13:146
20261002T160215,1832.91776,100.0,True,3,134,3:134
20261002T160215,16158.450944,100.0,True,8,146,8:146
20261002T160215,18166.587392,100.0,True,10,141,10:141
20261002T160215,1776.012544,100.0,True,15,150,15:150
20261002T160215,2098.515968,100.0,True,17,122,17:122
20261002T160216,2621.315072,100.0,True,1,133,1:133
20261002T160216,15191.875072,100.0,True,7,107,7:107
20261002T160217,10151.427584,100.0,True,8,148,8:148
20261002T160217,14779.702528,100.0,True,16,117,16:117
20261002T160218,14824.742656,100.0,True,4,150,4:150
20261002T160218,573.96224,100.0,True,12,116,12:116
20261002T160219,12112.797952,100.0,True,4,151,4:151
20261002T160219,1817.916672,100.0,True,8,151,8:151
20261002T160219,2066.207744,100.0,True,10,146,10:146
20261002T160220,13074.948608,100.0,True,16,118,16:118
20261002T160221,2782.734336,100.0,True,0,138,0:138
20261002T160221,2872.850688,100.0,True,3,135,3:135
20261002T160221,2464.224512,100.0,True,13,151,13:151
20261002T160221,173.224448,100.0,True,15,152,15:152
20261002T160222,1561.465856,100.0,True,6,155,6:155
20261002T160222,9525.278976,100.0,True,9,107,9:107
20261002T160223,10806.858496,100.0,True,2,128,2:128
20261002T160223,15785.890816,100.0,True,9,106,9:106
20261002T160223,18018.55488,100.0,True,10,143,10:143
20261002T160223,13364.6336,100.0,True,15,149,15:149
20261002T160224,14940.5248,100.0,True,7,109,7:109
20261002T160224,16656.487936,100.0,True,13,148,13:148
20261002T160225,15534.056192,100.0,True,0,136,0:136
20261002T160225,288.966912,100.0,True,4,156,4:156
20261002T160225,1995.193088,100.0,True,5,121,5:121
20261002T160225,1908.676352,100.0,True,11,117,11:117
20261002T160225,2081.89696,100.0,True,14,133,14:133
20261002T160225,2743.111424,100.0,True,16,121,16:121
20261002T160226,10118.244608,100.0,True,6,154,6:154
20261002T160226,11554.62016,100.0,True,7,110,7:110
20261002T160226,14577.497088,100.0,True,8,149,8:149
20261002T160226,12985.70496,100.0,True,10,145,10:145
20261002T160226,18164.799744,100.0,True,12,114,12:114
20261002T160226,16500.43776,100.0,True,17,121,17:121
20261002T160227,12360.579072,100.0,True,0,137,0:137
20261002T160227,16714.371072,100.0,True,1,132,1:132
20261002T160227,14449.81888,100.0,True,6,153,6:153
20261002T160227,678.489344,100.0,True,16,122,16:122
20261002T160228,1271.321344,100.0,True,0,140,0:140
20261002T160228,3096.935168,100.0,True,1,135,1:135
20261002T160228,11248.933888,100.0,True,4,154,4:154
20261002T160228,11013.821952,100.0,True,15,151,15:151
20261002T160228,2935.878656,100.0,True,17,125,17:125
20261002T160229,2637.912064,100.0,True,2,131,2:131
20261002T160229,1549.572096,100.0,True,6,157,6:157
20261002T160229,14101.60512,100.0,True,13,150,13:150
20261002T160229,1563.688192,100.0,True,13,153,13:153
20261002T160229,12743.64544,100.0,True,17,123,17:123
20261002T160230,15254.573568,100.0,True,8,150,8:150
20261002T160230,2104.838144,100.0,True,11,118,11:118
20261002T160230,14292.703232,100.0,True,14,131,14:131
20261002T160230,422.948096,100.0,True,15,155,15:155
20261002T160231,505.963776,100.0,True,6,158,6:158
20261002T160231,13507.248896,100.0,True,9,108,9:108
20261002T160231,3060.827904,100.0,True,9,110,9:110
20261002T160231,186.190848,100.0,True,10,149,10:149
20261002T160231,17236.288256,100.0,True,11,115,11:115
20261002T160232,921.102848,100.0,True,2,132,2:132
20261002T160232,17606.42304,100.0,True,4,153,4:153
20261002T160232,10319.735552,100.0,True,4,155,4:155
20261002T160232,17656.283136,100.0,True,5,119,5:119
20261002T160232,12128.287488,100.0,True,7,111,7:111
20261002T160232,11566.715648,100.0,True,8,152,8:152
20261002T160233,15999.93984,100.0,True,2,129,2:129
20261002T160233,11111.407872,100.0,True,2,130,2:130
20261002T160233,9866.55872,100.0,True,7,112,7:112
20261002T160233,1390.374912,100.0,True,8,155,8:155
20261002T160233,16072.985856,100.0,True,16,120,16:120
20261002T160234,2850.75328,100.0,True,0,141,0:141
20261002T160234,15183.606272,100.0,True,5,120,5:120
20261002T160234,16066.027008,100.0,True,11,116,11:116
20261002T160234,825.033472,100.0,True,15,156,15:156
20261002T160235,12637.820672,100.0,True,0,139,0:139
20261002T160235,579.82336,100.0,True,5,123,5:123
20261002T160235,10853.42848,100.0,True,9,109,9:109
20261002T160235,3020.122624,100.0,True,9,111,9:111
20261002T160235,12027.867904,100.0,True,13,152,13:152
20261002T160235,2149.784064,100.0,True,14,135,14:135
20261002T160235,13201.183232,100.0,True,17,124,17:124
20261002T160236,940.04736,100.0,True,0,142,0:142
20261002T160236,16952.387328,100.0,True,1,134,1:134
20261002T160236,527.55456,100.0,True,3,139,3:139
20261002T160236,1747.887104,100.0,True,6,159,6:159
20261002T160236,11464.182528,100.0,True,8,153,8:153
20261002T160236,13718.701568,100.0,True,10,147,10:147
20261002T160237,13952.667648,100.0,True,3,136,3:136
20261002T160237,421.705216,100.0,True,4,159,4:159
20261002T160237,2064.93568,100.0,True,13,155,13:155
20261002T160237,18029.85728,100.0,True,14,132,14:132
20261002T160237,332.585728,100.0,True,16,124,16:124
20261002T160237,2820.230912,100.0,True,17,127,17:127
20261002T160238,1681.54624,100.0,True,12,120,12:120
20261002T160238,10731.636224,100.0,True,14,134,14:134
20261002T160238,14087.740928,100.0,True,15,153,15:153
20261002T160239,14953.532416,100.0,True,6,156,6:156
20261002T160239,2315.401216,100.0,True,8,156,8:156
20261002T160239,2512.177408,100.0,True,15,157,15:157
20261002T160239,1314.155008,100.0,True,17,128,17:128
20261002T160240,374.704384,100.0,True,2,134,2:134
20261002T160240,11301.907712,100.0,True,5,122,5:122
20261002T160240,2016.460032,100.0,True,6,160,6:160
20261002T160240,18061.570816,100.0,True,12,117,12:117
20261002T160241,2234.985216,100.0,True,5,124,5:124
20261002T160241,15055.195392,100.0,True,10,148,10:148
20261002T160241,481.0752,100.0,True,16,125,16:125
20261002T160242,10018.23232,100.0,True,4,158,4:158
20261002T160242,12250.73664,100.0,True,7,113,7:113
20261002T160243,12861.4336,100.0,True,4,157,4:157
20261002T160243,14887.014656,100.0,True,8,154,8:154
20261002T160243,14888.339968,100.0,True,12,118,12:118
20261002T160243,1893.614848,100.0,True,15,158,15:158
20261002T160243,13705.15712,100.0,True,17,126,17:126
20261002T160244,2844.103424,100.0,True,3,140,3:140
20261002T160244,455.798016,100.0,True,7,116,7:116
20261002T160244,1793.170688,100.0,True,10,152,10:152
20261002T160244,645.54496,100.0,True,13,157,13:157
20261002T160244,16821.729536,100.0,True,15,154,15:154
20261002T160244,12033.827584,100.0,True,16,123,16:123
20261002T160245,17139.126528,100.0,True,3,137,3:137
20261002T160245,1787.001344,100.0,True,4,161,4:161
20261002T160245,689.642496,100.0,True,5,125,5:125
20261002T160245,2104.05248,100.0,True,6,161,6:161
20261002T160245,2815.104768,100.0,True,11,121,11:121
20261002T160246,2684.27776,100.0,True,1,139,1:139
20261002T160246,809.668608,100.0,True,2,135,2:135
20261002T160246,13092.63616,100.0,True,3,138,3:138
20261002T160246,941.933568,100.0,True,9,114,9:114
20261002T160247,17644.214528,100.0,True,1,136,1:136
20261002T160247,10591.801856,100.0,True,9,112,9:112
20261002T160247,11253.9648,100.0,True,10,150,10:150
20261002T160247,1234.417408,100.0,True,16,126,16:126
20261002T160248,13607.774208,100.0,True,1,137,1:137
20261002T160249,11098.52544,100.0,True,1,138,1:138
20261002T160249,1024.004608,100.0,True,1,140,1:140
20261002T160249,10027.066368,100.0,True,4,160,4:160
20261002T160249,16586.156544,100.0,True,12,119,12:119
20261002T160249,1056.698112,100.0,True,12,122,12:122
20261002T160249,17531.24352,100.0,True,13,154,13:154
20261002T160249,2142.12736,100.0,True,14,138,14:138
20261002T160249,2468.021248,100.0,True,17,130,17:130
20261002T160250,14863.493888,100.0,True,2,133,2:133
20261002T160250,16492.031232,100.0,True,7,114,7:114
20261002T160250,468.073472,100.0,True,8,160,8:160
20261002T160250,16537.389312,100.0,True,11,119,11:119
20261002T160251,613.530112,100.0,True,6,163,6:163
20261002T160251,12588.053248,100.0,True,7,115,7:115
20261002T160251,9273.47968,100.0,True,17,129,17:129
20261002T160252,1685.831936,100.0,True,7,117,7:117
20261002T160252,611.133696,100.0,True,9,115,9:115
20261002T160252,14209.481216,100.0,True,11,120,11:120
20261002T160252,9152.30848,100.0,True,12,121,12:121
20261002T160252,12769.77408,100.0,True,13,156,13:156
20261002T160252,13329.904896,100.0,True,14,136,14:136
20261002T160252,877.588992,100.0,True,16,127,16:127
20261002T160253,13990.538752,100.0,True,8,157,8:157
20261002T160253,1521.174016,100.0,True,14,139,14:139
20261002T160253,258.595584,100.0,True,15,161,15:161
20261002T160254,11524.048896,100.0,True,8,158,8:158
20261002T160254,1480.986624,100.0,True,12,123,12:123
20261002T160255,15974.440448,100.0,True,0,143,0:143
20261002T160255,465.516032,100.0,True,4,164,4:164
20261002T160256,16021.41696,100.0,True,9,113,9:113
20261002T160256,15882.420992,100.0,True,10,151,10:151
20261002T160256,1285.913856,100.0,True,13,160,13:160
20261002T160256,12996.0576,100.0,True,14,137,14:137
20261002T160256,572.54272,100.0,True,15,162,15:162
20261002T160257,273.33248,100.0,True,7,118,7:118
20261002T160257,9643.472128,100.0,True,11,122,11:122
20261002T160257,444.487424,100.0,True,11,124,11:124
20261002T160257,1893.784064,100.0,True,16,128,16:128
20261002T160258,15304.832,100.0,True,0,144,0:144
20261002T160258,12888.38016,100.0,True,8,159,8:159
20261002T160258,246.951168,100.0,True,9,116,9:116
20261002T160258,1753.498624,100.0,True,10,156,10:156
20261002T160258,12446.73536,100.0,True,15,159,15:159
20261002T160259,1962.155008,100.0,True,2,138,2:138
20261002T160259,1867.448576,100.0,True,5,128,5:128
20261002T160259,12291.921408,100.0,True,6,162,6:162
20261002T160259,1151.333632,100.0,True,13,161,13:161
20261002T160300,13862.932736,100.0,True,0,145,0:145
20261002T160300,264.99456,100.0,True,0,148,0:148
20261002T160300,1094.86592,100.0,True,10,157,10:157
20261002T160300,12357.789952,100.0,True,13,158,13:158
20261002T160301,14821.84576,100.0,True,10,153,10:153
20261002T160301,1884.569344,100.0,True,15,163,15:163
20261002T160301,778.028288,100.0,True,16,129,16:129
20261002T160302,10019.051264,100.0,True,1,141,1:141
20261002T160302,161.952,100.0,True,2,139,2:139
20261002T160302,16375.368192,100.0,True,3,141,3:141
20261002T160302,12855.408896,100.0,True,3,142,3:142
20261002T160302,185.103872,100.0,True,13,162,13:162
20261002T160303,12229.463808,100.0,True,0,146,0:146
20261002T160303,2914.603264,100.0,True,6,165,6:165
20261002T160303,280.676096,100.0,True,17,133,17:133
20261002T160304,11031.356672,100.0,True,2,137,2:137
20261002T160304,2606.741248,100.0,True,4,166,4:166
20261002T160304,2915.224832,100.0,True,5,129,5:129
20261002T160304,11097.978368,100.0,True,8,161,8:161
20261002T160304,14843.762688,100.0,True,10,154,10:154
20261002T160304,11420.633856,100.0,True,10,155,10:155
20261002T160305,14522.253824,100.0,True,2,136,2:136
20261002T160305,12271.641088,100.0,True,3,143,3:143
20261002T160305,17494.445568,100.0,True,4,162,4:162
20261002T160305,17215.378688,100.0,True,5,126,5:126
20261002T160305,12092.041216,100.0,True,5,127,5:127
20261002T160305,1725.30944,100.0,True,8,164,8:164
20261002T160305,2621.540864,100.0,True,10,158,10:158
20261002T160305,2016.513792,100.0,True,15,164,15:164
20261002T160305,483.29984,100.0,True,16,130,16:130
20261002T160306,10101.057536,100.0,True,0,147,0:147
20261002T160306,1195.579136,100.0,True,9,118,9:118
20261002T160306,14346.054656,100.0,True,11,123,11:123
20261002T160306,176.13824,100.0,True,15,165,15:165
20261002T160307,1837.011456,100.0,True,3,146,3:146
20261002T160307,2681.75872,100.0,True,14,142,14:142
20261002T160308,17106.32192,100.0,True,4,163,4:163
20261002T160308,1298.629376,100.0,True,5,130,5:130
20261002T160308,1737.873408,100.0,True,7,120,7:120
20261002T160308,780.011264,100.0,True,8,165,8:165
20261002T160308,1095.503104,100.0,True,10,159,10:159
20261002T160308,17999.376384,100.0,True,15,160,15:160
20261002T160309,2423.052288,100.0,True,11,126,11:126
20261002T160309,17542.975488,100.0,True,13,159,13:159
20261002T160309,428.053504,100.0,True,15,166,15:166
20261002T160309,17035.95392,100.0,True,17,131,17:131
20261002T160309,2248.967168,100.0,True,17,134,17:134
20261002T160310,2243.159296,100.0,True,0,150,0:150
20261002T160310,13464.632832,100.0,True,1,142,1:142
20261002T160310,10885.90976,100.0,True,1,143,1:143
20261002T160310,602.440704,100.0,True,3,147,3:147
20261002T160310,15212.837632,100.0,True,6,164,6:164
20261002T160310,13879.505152,100.0,True,8,162,8:162
20261002T160310,14196.68352,100.0,True,14,140,14:140
20261002T160311,2151.207424,100.0,True,12,126,12:126
20261002T160311,102.917888,100.0,True,13,164,13:164
20261002T160311,210.345728,100.0,True,15,167,15:167
20261002T160312,3017.68192,100.0,True,2,141,2:141
20261002T160312,635.419904,100.0,True,4,169,4:169
20261002T160312,13506.659072,100.0,True,12,124,12:124
20261002T160313,12901.894144,100.0,True,3,145,3:145
20261002T160313,2141.992192,100.0,True,6,168,6:168
20261002T160313,15262.668032,100.0,True,17,132,17:132
20261002T160314,207.761152,100.0,True,1,146,1:146
20261002T160314,17406.050048,100.0,True,3,144,3:144
20261002T160314,12199.66464,100.0,True,7,119,7:119
20261002T160314,13251.287296,100.0,True,9,117,9:117
20261002T160314,2284.978944,100.0,True,11,127,11:127
20261002T160314,9641.846528,100.0,True,12,125,12:125
20261002T160314,14459.786752,100.0,True,14,141,14:141
20261002T160314,2110.91712,100.0,True,14,144,14:144
20261002T160315,17446.158592,100.0,True,4,165,4:165
20261002T160316,11906.115072,100.0,True,1,144,1:144
20261002T160316,1979.337984,100.0,True,2,142,2:142
20261002T160316,11712.710144,100.0,True,4,167,4:167
20261002T160316,17151.390976,100.0,True,8,163,8:163
20261002T160316,13542.713344,100.0,True,11,125,11:125
20261002T160316,506.611456,100.0,True,14,145,14:145
20261002T160317,14366.455552,100.0,True,0,149,0:149
20261002T160317,2600.66816,100.0,True,3,148,3:148
20261002T160317,2039.186688,100.0,True,13,165,13:165
20261002T160318,15136.568832,100.0,True,6,166,6:166
20261002T160318,10312.539136,100.0,True,6,167,6:167
20261002T160318,98.70592,100.0,True,6,170,6:170
20261002T160318,574.849792,100.0,True,15,169,15:169
20261002T160319,10186.259712,100.0,True,1,145,1:145
20261002T160319,2688.069888,100.0,True,5,132,5:132
20261002T160319,12723.670016,100.0,True,13,163,13:163
20261002T160320,2272.91904,100.0,True,1,147,1:147
20261002T160320,12494.798592,100.0,True,14,143,14:143
20261002T160321,1739.778304,100.0,True,14,146,14:146
20261002T160322,15967.930624,100.0,True,2,140,2:140
20261002T160322,2072.088832,100.0,True,4,171,4:171
20261002T160322,132.790272,100.0,True,10,163,10:163
20261002T160323,2726.494464,100.0,True,8,168,8:168
20261002T160323,1410.849536,100.0,True,15,170,15:170
20261002T160323,2425.444608,100.0,True,17,137,17:137
20261002T160324,15865.441792,100.0,True,4,168,4:168
20261002T160325,2908.254208,100.0,True,2,144,2:144
20261002T160325,2166.657792,100.0,True,9,122,9:122
20261002T160325,884.159488,100.0,True,16,134,16:134
20261002T160325,9812.466944,100.0,True,17,136,17:136
20261002T160326,1618.317824,100.0,True,0,154,0:154
20261002T160326,15229.62432,100.0,True,5,131,5:131
20261002T160326,1525.378816,100.0,True,5,134,5:134
20261002T160326,806.157568,100.0,True,6,172,6:172
20261002T160326,12798.138624,100.0,True,9,120,9:120
20261002T160326,16183.33824,100.0,True,16,131,16:131
20261002T160327,12021.119488,100.0,True,6,169,6:169
20261002T160327,15168.36096,100.0,True,7,121,7:121
20261002T160327,17318.795008,100.0,True,9,119,9:119
20261002T160327,9404.216064,100.0,True,11,128,11:128
20261002T160327,2750.953472,100.0,True,11,129,11:129
20261002T160328,781.847296,100.0,True,3,151,3:151
20261002T160328,2189.633792,100.0,True,4,173,4:173
20261002T160328,17701.122048,100.0,True,10,160,10:160
20261002T160328,636.304128,100.0,True,12,130,12:130
20261002T160328,14478.232576,100.0,True,15,168,15:168
20261002T160328,2162.401536,100.0,True,15,171,15:171
20261002T160328,17068.418048,100.0,True,17,135,17:135
20261002T160329,2267.555072,100.0,True,1,149,1:149
20261002T160329,1470.992896,100.0,True,7,124,7:124
20261002T160329,17739.399168,100.0,True,8,166,8:166
20261002T160329,12514.004992,100.0,True,16,132,16:132
20261002T160330,18169.662208,100.0,True,0,151,0:151
20261002T160330,12750.638336,100.0,True,2,143,2:143
20261002T160330,481.557504,100.0,True,4,174,4:174
20261002T160330,16366.089728,100.0,True,12,127,12:127
20261002T160330,11193.633536,100.0,True,13,166,13:166
20261002T160331,13733.297408,100.0,True,0,152,0:152
20261002T160331,11333.733888,100.0,True,3,149,3:149
20261002T160331,16339.726848,100.0,True,8,167,8:167
20261002T160331,2308.114688,100.0,True,10,165,10:165
20261002T160331,2966.057216,100.0,True,14,148,14:148
20261002T160332,1307.250176,100.0,True,1,150,1:150
20261002T160332,12014.854144,100.0,True,5,133,5:133
20261002T160332,14840.676608,100.0,True,9,121,9:121
20261002T160332,18073.470464,100.0,True,10,161,10:161
20261002T160332,9808.187904,100.0,True,12,129,12:129
20261002T160333,12131.87456,100.0,True,0,153,0:153
20261002T160333,17449.862656,100.0,True,4,170,4:170
20261002T160333,10752.103424,100.0,True,7,123,7:123
20261002T160333,1594.533888,100.0,True,9,124,9:124
20261002T160333,1702.585344,100.0,True,13,169,13:169
20261002T160334,159.405056,100.0,True,4,175,4:175
20261002T160334,12379.960064,100.0,True,6,171,6:171
20261002T160334,2995.136,100.0,True,8,171,8:171
20261002T160334,940.50944,100.0,True,10,166,10:166
20261002T160335,842.784256,100.0,True,2,147,2:147
20261002T160335,1467.40096,100.0,True,5,136,5:136
20261002T160335,17517.215232,100.0,True,7,122,7:122
20261002T160335,17658.746624,100.0,True,10,162,10:162
20261002T160335,3071.519232,100.0,True,14,149,14:149
20261002T160335,2504.30976,100.0,True,16,136,16:136
20261002T160336,1958.122496,100.0,True,8,172,8:172
20261002T160336,18121.358592,100.0,True,12,128,12:128
20261002T160337,954.402816,100.0,True,1,151,1:151
20261002T160337,14486.444032,100.0,True,4,172,4:172
20261002T160337,556.519168,100.0,True,12,132,12:132
20261002T160337,1632.915968,100.0,True,13,170,13:170
20261002T160337,16452.789504,100.0,True,16,133,16:133
20261002T160338,304.74368,100.0,True,4,176,4:176
20261002T160338,1409.522688,100.0,True,6,175,6:175
20261002T160339,706.690304,100.0,True,5,137,5:137
20261002T160339,2650.423296,100.0,True,7,126,7:126
20261002T160339,14626.964992,100.0,True,10,164,10:164
20261002T160339,16042.714368,100.0,True,13,167,13:167
20261002T160340,10288.100352,100.0,True,0,155,0:155
20261002T160340,18227.601152,100.0,True,1,148,1:148
20261002T160341,16716.844032,100.0,True,3,150,3:150
20261002T160341,12420.662528,100.0,True,5,135,5:135
20261002T160341,12922.605568,100.0,True,6,173,6:173
20261002T160341,16984.562688,100.0,True,8,169,8:169
20261002T160341,13230.777856,100.0,True,16,135,16:135
20261002T160341,15144.866816,100.0,True,17,138,17:138
20261002T160342,241.724672,100.0,True,0,158,0:158
20261002T160342,15621.910528,100.0,True,2,145,2:145
20261002T160342,11498.149376,100.0,True,2,146,2:146
20261002T160342,10555.95392,100.0,True,6,174,6:174
20261002T160342,1488.465152,100.0,True,6,176,6:176
20261002T160342,14703.711232,100.0,True,8,170,8:170
20261002T160342,1073.783808,100.0,True,9,126,9:126
20261002T160342,2583.456768,100.0,True,11,132,11:132
20261002T160342,1535.487232,100.0,True,13,171,13:171
20261002T160342,2376.429824,100.0,True,15,175,15:175
20261002T160343,204.638208,100.0,True,5,138,5:138
20261002T160343,11416.215808,100.0,True,7,125,7:125
20261002T160343,1657.092352,100.0,True,7,127,7:127
20261002T160343,15705.096704,100.0,True,9,123,9:123
20261002T160343,1787.261952,100.0,True,10,168,10:168
20261002T160343,18145.686528,100.0,True,14,147,14:147
20261002T160344,123.931904,100.0,True,2,149,2:149
20261002T160344,11444.365056,100.0,True,3,152,3:152
20261002T160344,2986.853376,100.0,True,4,177,4:177
20261002T160345,1748.377344,100.0,True,1,153,1:153
20261002T160345,2890.825728,100.0,True,8,174,8:174
20261002T160345,11484.528128,100.0,True,11,131,11:131
20261002T160345,18048.227584,100.0,True,13,168,13:168
20261002T160345,15196.621056,100.0,True,15,172,15:172
20261002T160346,1795.525632,100.0,True,6,177,6:177
20261002T160346,14727.099648,100.0,True,12,131,12:131
20261002T160346,1057.911552,100.0,True,14,152,14:152
20261002T160347,1769.382144,100.0,True,3,155,3:155
20261002T160347,2184.888064,100.0,True,4,178,4:178
20261002T160347,1307.683072,100.0,True,8,175,8:175
20261002T160347,11239.89376,100.0,True,9,125,9:125
20261002T160347,1001.334016,100.0,True,12,134,12:134
20261002T160347,13320.70016,100.0,True,15,173,15:173
20261002T160347,15193.959936,100.0,True,17,139,17:139
20261002T160348,1036.946944,100.0,True,9,127,9:127
20261002T160348,17993.02016,100.0,True,11,130,11:130
20261002T160349,15324.057344,100.0,True,0,156,0:156
20261002T160349,9164.467968,100.0,True,2,148,2:148
20261002T160349,12436.49408,100.0,True,3,153,3:153
20261002T160349,385.432576,100.0,True,8,176,8:176
20261002T160349,1137.716736,100.0,True,11,134,11:134
20261002T160349,11897.82656,100.0,True,16,137,16:137
20261002T160349,1705.924096,100.0,True,16,139,16:139
20261002T160349,13387.047936,100.0,True,17,140,17:140
20261002T160350,2254.870784,100.0,True,2,150,2:150
20261002T160350,465.71264,100.0,True,4,179,4:179
20261002T160351,13558.646016,100.0,True,0,157,0:157
20261002T160351,694.272256,100.0,True,10,170,10:170
20261002T160351,1879.284992,100.0,True,13,173,13:173
20261002T160351,2783.670016,100.0,True,17,143,17:143
20261002T160352,774.765056,100.0,True,5,140,5:140
20261002T160352,2160.512768,100.0,True,12,135,12:135
20261002T160352,14494.584064,100.0,True,14,150,14:150
20261002T160352,15518.514176,100.0,True,15,174,15:174
20261002T160353,741.38496,100.0,True,8,177,8:177
20261002T160353,15077.107456,100.0,True,10,167,10:167
20261002T160353,158.935296,100.0,True,13,174,13:174
20261002T160353,1375.204096,100.0,True,14,154,14:154
20261002T160353,10935.0528,100.0,True,16,138,16:138
20261002T160354,1046.050816,100.0,True,1,155,1:155
20261002T160354,15531.579648,100.0,True,8,173,8:173
20261002T160354,643.099136,100.0,True,10,171,10:171
20261002T160354,1915.698688,100.0,True,11,135,11:135
20261002T160354,877.896192,100.0,True,12,136,12:136
20261002T160354,14409.783296,100.0,True,17,141,17:141
20261002T160355,9656.684544,100.0,True,10,169,10:169
20261002T160355,10900.997376,100.0,True,15,176,15:176
20261002T160355,471.305728,100.0,True,15,179,15:179
20261002T160355,2945.599232,100.0,True,16,140,16:140
20261002T160356,2812.729344,100.0,True,6,180,6:180
20261002T160356,12254.091264,100.0,True,11,133,11:133
20261002T160356,14847.705856,100.0,True,12,133,12:133
20261002T160356,11261.982208,100.0,True,13,172,13:172
20261002T160356,958.902528,100.0,True,17,145,17:145
20261002T160357,17591.233792,100.0,True,1,152,1:152
20261002T160357,2494.342912,100.0,True,2,152,2:152
20261002T160357,413.47968,100.0,True,3,158,3:158
20261002T160357,2713.406208,100.0,True,8,178,8:178
20261002T160357,1277.8368,100.0,True,14,155,14:155
20261002T160357,12938.967808,100.0,True,17,142,17:142
20261002T160358,17179.766272,100.0,True,3,154,3:154
20261002T160358,1667.313664,100.0,True,6,181,6:181
20261002T160358,354.580992,100.0,True,10,172,10:172
20261002T160358,16829.334272,100.0,True,14,151,14:151
20261002T160359,13018.112,100.0,True,0,159,0:159
20261002T160359,2398.42176,100.0,True,4,181,4:181
20261002T160359,1858.137856,100.0,True,12,137,12:137
20261002T160400,1377.281792,100.0,True,2,153,2:153
20261002T160400,253.830656,100.0,True,4,182,4:182
20261002T160400,11857.427456,100.0,True,5,139,5:139
20261002T160400,13362.62784,100.0,True,6,178,6:178
20261002T160400,12503.996672,100.0,True,7,128,7:128
20261002T160400,763.374848,100.0,True,9,129,9:129
20261002T160400,12177.354496,100.0,True,15,177,15:177
20261002T160401,193.742592,100.0,True,7,130,7:130
20261002T160401,2239.36384,100.0,True,17,146,17:146
20261002T160402,866.38464,100.0,True,1,157,1:157
20261002T160402,9664.757504,100.0,True,4,180,4:180
20261002T160402,12559.82976,100.0,True,6,179,6:179
20261002T160402,2551.341312,100.0,True,15,180,15:180
20261002T160403,14194.432,100.0,True,1,154,1:154
20261002T160403,11783.856128,100.0,True,2,151,2:151
20261002T160403,1389.129216,100.0,True,3,159,3:159
20261002T160403,14943.999488,100.0,True,14,153,14:153
20261002T160404,1372.020736,100.0,True,6,183,6:183
20261002T160404,741.046272,100.0,True,15,181,15:181
20261002T160405,13313.558528,100.0,True,0,160,0:160
20261002T160405,438.226432,100.0,True,1,158,1:158
20261002T160405,16325.837056,100.0,True,3,156,3:156
20261002T160405,1342.647296,100.0,True,13,177,13:177
20261002T160405,13696.148736,100.0,True,15,178,15:178
20261002T160406,246.3616,100.0,True,9,130,9:130
20261002T160406,14387.555072,100.0,True,17,144,17:144
20261002T160407,10435.162112,100.0,True,0,161,0:161
20261002T160407,10832.593152,100.0,True,1,156,1:156
20261002T160407,14187.232768,100.0,True,3,157,3:157
20261002T160407,2319.236864,100.0,True,4,183,4:183
20261002T160407,822.300672,100.0,True,7,131,7:131
20261002T160407,2113.6832,100.0,True,10,174,10:174
20261002T160407,9898.551552,100.0,True,16,141,16:141
20261002T160407,2696.571136,100.0,True,17,147,17:147
20261002T160408,263.103488,100.0,True,5,143,5:143
20261002T160408,9640.473088,100.0,True,14,156,14:156
20261002T160409,12874.99648,100.0,True,5,141,5:141
20261002T160409,2095.625216,100.0,True,6,184,6:184
20261002T160409,15577.410304,100.0,True,9,128,9:128
20261002T160409,955.111168,100.0,True,12,139,12:139
20261002T160409,1491.8784,100.0,True,15,182,15:182
20261002T160410,1315.742208,100.0,True,1,159,1:159
20261002T160410,393.757952,100.0,True,4,184,4:184
20261002T160410,10331.460608,100.0,True,6,182,6:182
20261002T160410,956.305664,100.0,True,10,175,10:175
20261002T160410,1244.961024,100.0,True,11,138,11:138
20261002T160411,3001.98912,100.0,True,0,164,0:164
20261002T160411,16842.34112,100.0,True,7,129,7:129
20261002T160411,522.55488,100.0,True,8,182,8:182
20261002T160411,13619.93856,100.0,True,11,136,11:136
20261002T160411,13485.72288,100.0,True,13,175,13:175
20261002T160412,139.050496,100.0,True,4,185,4:185
20261002T160412,1058.9632,100.0,True,9,131,9:131
20261002T160412,10807.139328,100.0,True,13,176,13:176
20261002T160412,1383.875328,100.0,True,15,183,15:183
20261002T160413,430.418944,100.0,True,0,165,0:165
20261002T160413,2748.891392,100.0,True,7,132,7:132
20261002T160414,15502.452224,100.0,True,8,179,8:179
20261002T160414,11043.525888,100.0,True,14,157,14:157
20261002T160415,14664.475392,100.0,True,0,162,0:162
20261002T160415,2827.500032,100.0,True,1,160,1:160
20261002T160415,1549.861888,100.0,True,2,156,2:156
20261002T160415,12704.390912,100.0,True,8,180,8:180
20261002T160415,2046.167296,100.0,True,12,140,12:140
20261002T160415,1521.49504,100.0,True,14,160,14:160
20261002T160415,2877.10336,100.0,True,17,149,17:149
20261002T160416,1966.162944,100.0,True,6,186,6:186
20261002T160416,14821.552384,100.0,True,10,173,10:173
20261002T160416,12771.266304,100.0,True,11,137,11:137
20261002T160416,9412.033024,100.0,True,14,158,14:158
20261002T160417,1051.692032,100.0,True,1,161,1:161
20261002T160417,15420.174592,100.0,True,5,142,5:142
20261002T160417,15653.90464,100.0,True,12,138,12:138
20261002T160417,999.864576,100.0,True,15,184,15:184
20261002T160417,11735.09632,100.0,True,16,143,16:143
20261002T160418,1131.989248,100.0,True,2,157,2:157
20261002T160418,11875.594496,100.0,True,8,181,8:181
20261002T160418,16069.754112,100.0,True,16,142,16:142
20261002T160419,15745.49248,100.0,True,2,154,2:154
20261002T160419,728.278272,100.0,True,4,187,4:187
20261002T160419,9192.750336,100.0,True,6,185,6:185
20261002T160419,974.952704,100.0,True,15,185,15:185
20261002T160420,1030.590464,100.0,True,3,163,3:163
20261002T160420,2690.052096,100.0,True,8,184,8:184
20261002T160420,1982.171392,100.0,True,11,140,11:140
20261002T160420,10970.542336,100.0,True,14,159,14:159
20261002T160420,2720.555776,100.0,True,16,145,16:145
20261002T160421,17329.574656,100.0,True,0,163,0:163
20261002T160421,368.894208,100.0,True,2,158,2:158
20261002T160421,336.032768,100.0,True,8,185,8:185
20261002T160421,393.165824,100.0,True,16,146,16:146
20261002T160422,2478.881024,100.0,True,1,162,1:162
20261002T160422,373.900544,100.0,True,11,141,11:141
20261002T160422,109.232896,100.0,True,14,162,14:162
20261002T160422,14473.690624,100.0,True,17,148,17:148
20261002T160423,14668.66304,100.0,True,2,155,2:155
20261002T160423,17907.163392,100.0,True,3,160,3:160
20261002T160423,548.300032,100.0,True,9,133,9:133
20261002T160423,2027.320832,100.0,True,10,178,10:178
20261002T160423,1471.836928,100.0,True,12,142,12:142
20261002T160424,9788.09216,100.0,True,4,186,4:186
20261002T160424,16530.446848,100.0,True,13,178,13:178
20261002T160424,2967.164416,100.0,True,13,181,13:181
20261002T160424,427.505408,100.0,True,17,152,17:152
20261002T160425,1962.865152,100.0,True,1,163,1:163
20261002T160425,2595.966208,100.0,True,7,134,7:134
20261002T160425,11256.901632,100.0,True,8,183,8:183
20261002T160425,876.00384,100.0,True,8,186,8:186
20261002T160426,16324.171264,100.0,True,3,161,3:161
20261002T160426,13744.220672,100.0,True,5,144,5:144
20261002T160426,1319.447296,100.0,True,6,189,6:189
20261002T160426,1115.966208,100.0,True,15,187,15:187
20261002T160427,10465.646336,100.0,True,14,161,14:161
20261002T160427,229.006336,100.0,True,14,163,14:163
20261002T160427,15062.526976,100.0,True,16,144,16:144
20261002T160427,2768.57728,100.0,True,16,147,16:147
20261002T160428,122.761984,100.0,True,1,164,1:164
20261002T160428,2407.26272,100.0,True,2,159,2:159
20261002T160428,2575.18208,100.0,True,4,189,4:189
20261002T160428,11604.19328,100.0,True,9,132,9:132
20261002T160428,10805.851648,100.0,True,12,141,12:141
20261002T160428,1609.741568,100.0,True,12,143,12:143
20261002T160429,12311.426048,100.0,True,5,145,5:145
20261002T160429,16125.136128,100.0,True,10,176,10:176
20261002T160429,16870.67264,100.0,True,13,179,13:179
20261002T160429,761.50656,100.0,True,16,148,16:148
20261002T160429,13376.148224,100.0,True,17,150,17:150
20261002T160430,14797.3696,100.0,True,3,162,3:162
20261002T160430,13677.435904,100.0,True,7,133,7:133
20261002T160430,12508.783872,100.0,True,10,177,10:177
20261002T160430,2245.735424,100.0,True,11,142,11:142
20261002T160430,1842.64576,100.0,True,17,153,17:153
20261002T160431,2206.866688,100.0,True,15,188,15:188
20261002T160431,10820.067584,100.0,True,17,151,17:151
20261002T160432,11043.470592,100.0,True,0,167,0:167
20261002T160432,17879.423488,100.0,True,11,139,11:139
20261002T160433,1637.033472,100.0,True,3,166,3:166
20261002T160433,10826.817792,100.0,True,4,188,4:188
20261002T160433,11988.1216,100.0,True,5,146,5:146
20261002T160433,97.242368,100.0,True,10,181,10:181
20261002T160433,2001.849088,100.0,True,12,144,12:144
20261002T160433,11354.879232,100.0,True,15,186,15:186
20261002T160433,1547.128832,100.0,True,15,189,15:189
20261002T160434,17728.366336,100.0,True,0,166,0:166
20261002T160434,648.88448,100.0,True,0,170,0:170
20261002T160434,13189.265408,100.0,True,6,188,6:188
20261002T160434,1160.113152,100.0,True,9,135,9:135
20261002T160434,16854.942976,100.0,True,13,180,13:180
20261002T160434,2775.505152,100.0,True,13,184,13:184
20261002T160435,842.27584,100.0,True,2,161,2:161
20261002T160435,13054.890496,100.0,True,3,164,3:164
20261002T160435,543.732992,100.0,True,5,149,5:149
20261002T160435,17649.65888,100.0,True,6,187,6:187
20261002T160435,390.254592,100.0,True,8,189,8:189
20261002T160435,10542.723328,100.0,True,13,182,13:182
20261002T160436,2641.457664,100.0,True,6,191,6:191
20261002T160436,318.03264,100.0,True,6,192,6:192
20261002T160437,1507.036416,100.0,True,4,192,4:192
20261002T160437,10019.6096,100.0,True,8,187,8:187
20261002T160437,1123.478784,100.0,True,12,145,12:145
20261002T160437,1241.781504,100.0,True,13,185,13:185
20261002T160438,360.023552,100.0,True,3,168,3:168
20261002T160438,9154.550784,100.0,True,6,190,6:190
20261002T160438,303.06688,100.0,True,10,182,10:182
20261002T160438,2029.172736,100.0,True,14,165,14:165
20261002T160439,15214.003968,100.0,True,0,168,0:168
20261002T160439,1593.843712,100.0,True,7,137,7:137
20261002T160439,883.417344,100.0,True,8,190,8:190
20261002T160440,9435.147776,100.0,True,8,188,8:188
20261002T160440,596.808192,100.0,True,15,191,15:191
20261002T160441,2277.846016,100.0,True,2,162,2:162
20261002T160441,13586.367232,100.0,True,3,165,3:165
20261002T160441,1274.966272,100.0,True,4,193,4:193
20261002T160441,8981.278464,100.0,True,14,164,14:164
20261002T160442,453.09056,100.0,True,2,163,2:163
20261002T160442,16049.154048,100.0,True,5,147,5:147
20261002T160442,2828.690944,100.0,True,6,193,6:193
20261002T160442,17192.674304,100.0,True,10,179,10:179
20261002T160442,9101.605632,100.0,True,17,154,17:154
20261002T160443,1288.648448,100.0,True,0,172,0:172
20261002T160443,13775.564288,100.0,True,2,160,2:160
20261002T160443,13982.582272,100.0,True,9,134,9:134
20261002T160443,1672.150016,100.0,True,12,146,12:146
20261002T160443,671.163136,100.0,True,15,192,15:192
20261002T160444,827.689472,100.0,True,7,138,7:138
20261002T160444,727.021568,100.0,True,9,137,9:137
20261002T160444,10535.374848,100.0,True,16,149,16:149
20261002T160445,15872.763904,100.0,True,0,169,0:169
20261002T160445,17205.832192,100.0,True,4,190,4:190
20261002T160445,2046.851072,100.0,True,6,194,6:194
20261002T160445,17483.661056,100.0,True,13,183,13:183
20261002T160446,12000.266752,100.0,True,3,167,3:167
20261002T160446,1811.75552,100.0,True,5,151,5:151
20261002T160446,17824.594432,100.0,True,7,135,7:135
20261002T160446,16229.889024,100.0,True,10,180,10:180
20261002T160447,1710.365184,100.0,True,2,164,2:164
20261002T160447,769.666304,100.0,True,14,167,14:167
20261002T160447,287.269632,100.0,True,15,193,15:193
20261002T160447,1374.816,100.0,True,17,157,17:157
20261002T160448,2411.2128,100.0,True,3,170,3:170
20261002T160448,17623.70432,100.0,True,5,148,5:148
20261002T160448,9778.82752,100.0,True,9,136,9:136
20261002T160448,2061.33248,100.0,True,11,146,11:146
20261002T160448,1505.782272,100.0,True,13,188,13:188
20261002T160448,1525.613824,100.0,True,16,152,16:152
20261002T160449,17869.099776,100.0,True,4,191,4:191
20261002T160449,2305.916928,100.0,True,6,195,6:195
20261002T160449,11321.911296,100.0,True,16,150,16:150
20261002T160450,9283.480064,100.0,True,14,166,14:166
20261002T160451,17862.071552,100.0,True,1,165,1:165
20261002T160451,17428.077312,100.0,True,7,136,7:136
20261002T160451,17982.467072,100.0,True,11,143,11:143
20261002T160451,14821.466368,100.0,True,11,144,11:144
20261002T160452,2773.69344,100.0,True,0,174,0:174
20261002T160452,645.04704,100.0,True,2,165,2:165
20261002T160452,1746.285312,100.0,True,7,139,7:139
20261002T160452,11366.957312,100.0,True,10,183,10:183
20261002T160452,788.992256,100.0,True,10,186,10:186
20261002T160452,11350.568448,100.0,True,11,145,11:145
20261002T160453,15500.679936,100.0,True,0,171,0:171
20261002T160453,14040.662784,100.0,True,1,166,1:166
20261002T160453,2787.007488,100.0,True,4,196,4:196
20261002T160453,14813.90848,100.0,True,5,150,5:150
20261002T160453,2616.339968,100.0,True,8,193,8:193
20261002T160453,2293.684992,100.0,True,12,148,12:148
20261002T160453,16870.90176,100.0,True,15,190,15:190
20261002T160454,1611.6864,100.0,True,1,169,1:169
20261002T160454,2272.371712,100.0,True,3,172,3:172
20261002T160454,221.94688,100.0,True,7,140,7:140
20261002T160454,10957.32736,100.0,True,13,187,13:187
20261002T160454,10980.037632,100.0,True,16,151,16:151
20261002T160455,9946.811648,100.0,True,0,173,0:173
20261002T160455,2748.030976,100.0,True,9,139,9:139
20261002T160455,11451.935488,100.0,True,10,184,10:184
20261002T160455,1394.980608,100.0,True,13,190,13:190
20261002T160455,17596.816384,100.0,True,17,155,17:155
20261002T160455,766.511616,100.0,True,17,159,17:159
20261002T160456,13815.51488,100.0,True,1,167,1:167
20261002T160456,14237.605376,100.0,True,3,169,3:169
20261002T160456,9896.233728,100.0,True,4,195,4:195
20261002T160456,13864.10368,100.0,True,8,191,8:191
20261002T160456,517.846272,100.0,True,11,148,11:148
20261002T160457,17857.9392,100.0,True,13,186,13:186
20261002T160458,1425.225216,100.0,True,2,166,2:166
20261002T160458,9630.51648,100.0,True,5,152,5:152
20261002T160458,1148.120576,100.0,True,10,188,10:188
20261002T160458,16823.36768,100.0,True,17,156,17:156
20261002T160459,12756.17792,100.0,True,8,192,8:192
20261002T160459,12058.262784,100.0,True,9,138,9:138
20261002T160459,2839.88864,100.0,True,9,140,9:140
20261002T160459,1579.989504,100.0,True,13,191,13:191
20261002T160500,17303.02208,100.0,True,4,194,4:194
20261002T160501,13231.372288,100.0,True,10,185,10:185
20261002T160502,1367.34848,100.0,True,0,177,0:177
20261002T160502,2754.629376,100.0,True,2,167,2:167
20261002T160502,251.89376,100.0,True,4,199,4:199
20261002T160502,10974.618624,100.0,True,6,196,6:196
20261002T160502,1877.454848,100.0,True,12,150,12:150
20261002T160502,1342.4256,100.0,True,15,197,15:197
20261002T160503,1245.670656,100.0,True,8,196,8:196
20261002T160503,2972.068096,100.0,True,10,189,10:189
20261002T160503,1882.752512,100.0,True,11,149,11:149
20261002T160503,1525.09056,100.0,True,13,192,13:192
20261002T160503,13342.474496,100.0,True,17,158,17:158
20261002T160504,11039.492608,100.0,True,0,175,0:175
20261002T160504,2133.424384,100.0,True,5,155,5:155
20261002T160504,1039.666944,100.0,True,10,190,10:190
20261002T160504,17410.949376,100.0,True,12,147,12:147
20261002T160504,1214.274816,100.0,True,16,155,16:155
20261002T160505,1769.256448,100.0,True,2,168,2:168
20261002T160505,16759.026944,100.0,True,3,171,3:171
20261002T160505,10021.261312,100.0,True,12,149,12:149
20261002T160505,11364.862208,100.0,True,15,195,15:195
20261002T160505,1439.319808,100.0,True,15,198,15:198
20261002T160506,2156.340224,100.0,True,0,178,0:178
20261002T160506,18102.271232,100.0,True,1,168,1:168
20261002T160506,10213.134592,100.0,True,3,173,3:173
20261002T160507,1935.778304,100.0,True,1,172,1:172
20261002T160507,427.461888,100.0,True,3,175,3:175
20261002T160507,14876.850176,100.0,True,5,153,5:153
20261002T160507,16198.691072,100.0,True,11,147,11:147
20261002T160507,16889.68192,100.0,True,15,194,15:194
20261002T160507,10165.328896,100.0,True,15,196,15:196
20261002T160507,1207.626752,100.0,True,17,162,17:162
20261002T160508,411.63776,100.0,True,0,179,0:179
20261002T160508,528.10112,100.0,True,9,142,9:142
20261002T160508,13207.658496,100.0,True,10,187,10:187
20261002T160508,1193.782272,100.0,True,10,191,10:191
20261002T160508,1482.180352,100.0,True,12,151,12:151
20261002T160508,17429.492992,100.0,True,13,189,13:189
20261002T160508,16412.0064,100.0,True,14,168,14:168
20261002T160508,11503.423744,100.0,True,14,169,14:169
20261002T160508,1931.612928,100.0,True,14,171,14:171
20261002T160508,15944.854272,100.0,True,16,153,16:153
20261002T160508,10009.306368,100.0,True,16,154,16:154
20261002T160509,15450.503424,100.0,True,4,197,4:197
20261002T160509,13170.436096,100.0,True,5,154,5:154
20261002T160509,2693.790976,100.0,True,13,193,13:193
20261002T160509,10826.95552,100.0,True,17,160,17:160
20261002T160510,115.76832,100.0,True,1,173,1:173
20261002T160510,14544.4224,100.0,True,6,197,6:197
20261002T160510,830.229248,100.0,True,6,201,6:201
20261002T160510,15524.102912,100.0,True,8,194,8:194
20261002T160511,11440.545024,100.0,True,1,171,1:171
20261002T160511,2517.195776,100.0,True,8,198,8:198
20261002T160511,985.04832,100.0,True,10,192,10:192
20261002T160511,1259.603712,100.0,True,11,151,11:151
20261002T160511,591.913216,100.0,True,17,163,17:163
20261002T160512,15624.41728,100.0,True,0,176,0:176
20261002T160512,14166.033664,100.0,True,8,195,8:195
20261002T160512,9757.36064,100.0,True,9,141,9:141
20261002T160512,1857.418752,100.0,True,13,194,13:194
20261002T160512,10375.246848,100.0,True,14,170,14:170
20261002T160512,1438.146048,100.0,True,14,172,14:172
20261002T160513,16699.333376,100.0,True,1,170,1:170
20261002T160513,1345.165568,100.0,True,4,202,4:202
20261002T160513,838.121984,100.0,True,8,199,8:199
20261002T160514,811.370496,100.0,True,1,174,1:174
20261002T160514,14316.970496,100.0,True,7,141,7:141
20261002T160514,453.060352,100.0,True,9,143,9:143
20261002T160515,17451.898624,100.0,True,4,198,4:198
20261002T160515,14846.717696,100.0,True,6,198,6:198
20261002T160515,2800.290304,100.0,True,10,193,10:193
20261002T160515,2969.189888,100.0,True,16,157,16:157
20261002T160515,13184.604416,100.0,True,17,161,17:161
20261002T160516,10410.656512,100.0,True,6,200,6:200
20261002T160516,343.73504,100.0,True,7,144,7:144
20261002T160516,1615.321344,100.0,True,14,173,14:173
20261002T160516,9745.445632,100.0,True,16,156,16:156
20261002T160516,649.600256,100.0,True,16,158,16:158
20261002T160517,303.006464,100.0,True,1,175,1:175
20261002T160517,15465.387264,100.0,True,3,174,3:174
20261002T160517,14177.978112,100.0,True,6,199,6:199
20261002T160517,10865.57952,100.0,True,7,142,7:142
20261002T160517,2563.4624,100.0,True,17,164,17:164
20261002T160518,12800.093696,100.0,True,11,150,11:150
20261002T160518,9252.862208,100.0,True,15,199,15:199
20261002T160518,1917.89056,100.0,True,15,201,15:201
20261002T160519,225.247744,100.0,True,0,182,0:182
20261002T160519,10899.915264,100.0,True,4,201,4:201
20261002T160519,1417.676544,100.0,True,4,204,4:204
20261002T160519,2356.134144,100.0,True,6,203,6:203
20261002T160519,13371.556608,100.0,True,8,197,8:197
20261002T160519,883.250944,100.0,True,8,201,8:201
20261002T160520,298.587904,100.0,True,11,153,11:153
20261002T160520,852.282624,100.0,True,13,196,13:196
20261002T160520,572.009472,100.0,True,15,202,15:202
20261002T160520,69.42848,100.0,True,16,159,16:159
20261002T160520,638.807808,100.0,True,17,165,17:165
20261002T160521,900.546816,100.0,True,6,204,6:204
20261002T160521,2411.844864,100.0,True,14,174,14:174
20261002T160522,10278.169344,100.0,True,0,180,0:180
20261002T160522,407.15904,100.0,True,1,176,1:176
20261002T160522,132.985344,100.0,True,2,172,2:172
20261002T160522,16378.865408,100.0,True,4,200,4:200
20261002T160522,519.163392,100.0,True,4,205,4:205
20261002T160522,10455.48544,100.0,True,5,157,5:157
20261002T160522,1702.463232,100.0,True,9,144,9:144
20261002T160522,11450.674432,100.0,True,12,152,12:152
20261002T160522,2977.499392,100.0,True,12,154,12:154
20261002T160522,10155.55968,100.0,True,15,200,15:200
20261002T160523,13110.594816,100.0,True,3,176,3:176
20261002T160523,15646.185984,100.0,True,5,156,5:156
20261002T160524,16502.211584,100.0,True,2,169,2:169
20261002T160524,1874.706688,100.0,True,3,179,3:179
20261002T160524,1967.4368,100.0,True,7,145,7:145
20261002T160524,989.56672,100.0,True,8,202,8:202
20261002T160525,13408.107776,100.0,True,2,170,2:170
20261002T160525,10698.130176,100.0,True,3,177,3:177
20261002T160525,496.056064,100.0,True,9,145,9:145
20261002T160525,925.924864,100.0,True,16,160,16:160
20261002T160526,11373.914624,100.0,True,0,181,0:181
20261002T160526,10747.239936,100.0,True,8,200,8:200
20261002T160526,11721.660928,100.0,True,13,195,13:195
20261002T160526,824.899072,100.0,True,15,204,15:204
20261002T160527,975.121408,100.0,True,6,206,6:206
20261002T160527,12932.489216,100.0,True,12,153,12:153
20261002T160528,12075.079168,100.0,True,10,194,10:194
20261002T160528,762.08128,100.0,True,10,197,10:197
20261002T160529,1522.95552,100.0,True,0,184,0:184
20261002T160529,14162.387456,100.0,True,4,203,4:203
20261002T160529,17157.168384,100.0,True,7,143,7:143
20261002T160529,13451.121408,100.0,True,11,152,11:152
20261002T160529,2993.313024,100.0,True,13,198,13:198
20261002T160529,528.8512,100.0,True,17,167,17:167
20261002T160530,17128.76288,100.0,True,6,202,6:202
20261002T160530,1840.441088,100.0,True,7,146,7:146
20261002T160530,1246.890496,100.0,True,11,155,11:155
20261002T160531,1468.590336,100.0,True,1,178,1:178
20261002T160532,1230.308608,100.0,True,3,181,3:181
20261002T160532,13898.492672,100.0,True,5,158,5:158
20261002T160532,2848.75776,100.0,True,5,160,5:160
20261002T160532,1188.166144,100.0,True,6,207,6:207
20261002T160532,1479.09504,100.0,True,14,177,14:177
20261002T160532,9870.275328,100.0,True,15,203,15:203
20261002T160533,16319.385856,100.0,True,2,171,2:171
20261002T160533,1917.676032,100.0,True,8,204,8:204
20261002T160533,9248.676864,100.0,True,13,197,13:197
20261002T160533,9282.869248,100.0,True,17,166,17:166
20261002T160534,2298.238976,100.0,True,2,174,2:174
20261002T160534,9778.395904,100.0,True,12,155,12:155
20261002T160534,655.22432,100.0,True,17,168,17:168
20261002T160535,12357.26848,100.0,True,6,205,6:205
20261002T160536,16410.731008,100.0,True,3,178,3:178
20261002T160536,2555.79008,100.0,True,7,147,7:147
20261002T160536,13709.585664,100.0,True,11,154,11:154
20261002T160536,2726.363648,100.0,True,11,156,11:156
20261002T160536,14554.34752,100.0,True,14,175,14:175
20261002T160537,13911.974912,100.0,True,0,183,0:183
20261002T160537,10121.952256,100.0,True,2,173,2:173
20261002T160537,12269.59616,100.0,True,4,206,4:206
20261002T160537,2252.465664,100.0,True,16,162,16:162
20261002T160538,10139.6032,100.0,True,4,207,4:207
20261002T160538,11149.117696,100.0,True,8,203,8:203
20261002T160538,17816.762368,100.0,True,10,195,10:195
20261002T160538,2302.90176,100.0,True,12,157,12:157
20261002T160539,12670.249472,100.0,True,3,180,3:180
20261002T160539,10303.256576,100.0,True,9,146,9:146
20261002T160539,15943.251712,100.0,True,10,196,10:196
20261002T160540,1563.338752,100.0,True,3,183,3:183
20261002T160540,1302.940672,100.0,True,4,210,4:210
20261002T160540,3189.091072,100.0,True,5,162,5:162
20261002T160540,14442.445824,100.0,True,14,176,14:176
20261002T160540,11064.978176,100.0,True,16,161,16:161
20261002T160541,15663.597056,100.0,True,1,177,1:177
20261002T160541,2898.635008,100.0,True,10,200,10:200
20261002T160541,11182.294784,100.0,True,12,156,12:156
20261002T160541,2581.763072,100.0,True,14,179,14:179
20261002T160542,154.220288,100.0,True,3,184,3:184
20261002T160542,18009.850624,100.0,True,5,159,5:159
20261002T160542,1590.010368,100.0,True,6,210,6:210
20261002T160542,11924.085504,100.0,True,10,198,10:198
20261002T160543,9948.605952,100.0,True,0,185,0:185
20261002T160543,3027.823616,100.0,True,0,187,0:187
20261002T160543,10505.204224,100.0,True,5,161,5:161
20261002T160543,267.052032,100.0,True,10,201,10:201
20261002T160543,12396.996608,100.0,True,13,199,13:199
20261002T160544,612.818176,100.0,True,0,188,0:188
20261002T160544,9643.8912,100.0,True,4,209,4:209
20261002T160544,2430.685696,100.0,True,12,158,12:158
20261002T160544,2383.51488,100.0,True,15,208,15:208
20261002T160545,10608.489472,100.0,True,1,179,1:179
20261002T160545,2700.927744,100.0,True,1,181,1:181
20261002T160545,10024.402688,100.0,True,14,178,14:178
20261002T160545,2147.648256,100.0,True,17,170,17:170
20261002T160546,11331.58144,100.0,True,6,208,6:208
20261002T160547,15362.33088,100.0,True,4,208,4:208
20261002T160547,2229.499136,100.0,True,8,208,8:208
20261002T160547,11450.112512,100.0,True,9,147,9:147
20261002T160547,13760.175616,100.0,True,13,200,13:200
20261002T160547,2942.517504,100.0,True,13,203,13:203
20261002T160547,16323.178496,100.0,True,15,205,15:205
20261002T160548,2796.614656,100.0,True,1,182,1:182
20261002T160548,1412.973568,100.0,True,12,159,12:159
20261002T160548,11076.951808,100.0,True,15,207,15:207
20261002T160549,2595.66208,100.0,True,5,164,5:164
20261002T160549,11764.255232,100.0,True,6,209,6:209
20261002T160549,1596.304384,100.0,True,7,150,7:150
20261002T160549,2547.488512,100.0,True,9,149,9:149
20261002T160549,15241.024768,100.0,True,10,199,10:199
20261002T160549,1807.630336,100.0,True,14,181,14:181
20261002T160549,1543.970816,100.0,True,16,165,16:165
20261002T160550,2716.329472,100.0,True,3,185,3:185
20261002T160550,1126.010624,100.0,True,4,213,4:213
20261002T160550,12969.376768,100.0,True,7,148,7:148
20261002T160550,14893.588736,100.0,True,8,205,8:205
20261002T160550,2625.857792,100.0,True,11,159,11:159
20261002T160550,15474.432768,100.0,True,15,206,15:206
20261002T160551,15073.38752,100.0,True,2,175,2:175
20261002T160551,10784.46336,100.0,True,5,163,5:163
20261002T160552,677.645056,100.0,True,0,190,0:190
20261002T160552,109.699328,100.0,True,2,179,2:179
20261002T160552,17395.005952,100.0,True,3,182,3:182
20261002T160552,285.207808,100.0,True,5,165,5:165
20261002T160552,15458.619648,100.0,True,13,201,13:201
20261002T160552,1195.934208,100.0,True,16,166,16:166
20261002T160553,14344.354304,100.0,True,1,180,1:180
20261002T160553,1417.417216,100.0,True,7,151,7:151
20261002T160553,13804.178432,100.0,True,11,157,11:157
20261002T160553,1593.541888,100.0,True,11,160,11:160
20261002T160553,2475.21024,100.0,True,12,160,12:160
20261002T160553,10920.8768,100.0,True,14,180,14:180
20261002T160553,514.868992,100.0,True,15,211,15:211
20261002T160554,17399.7632,100.0,True,0,186,0:186
20261002T160554,10302.811904,100.0,True,11,158,11:158
20261002T160555,10768.664064,100.0,True,2,177,2:177
20261002T160555,2753.540608,100.0,True,3,186,3:186
20261002T160555,2069.600768,100.0,True,6,214,6:214
20261002T160555,15898.941696,100.0,True,8,206,8:206
20261002T160555,13351.56992,100.0,True,8,207,8:207
20261002T160555,14859.118336,100.0,True,9,148,9:148
20261002T160555,14903.49568,100.0,True,13,202,13:202
20261002T160555,16123.89888,100.0,True,16,163,16:163
20261002T160555,17005.728768,100.0,True,17,169,17:169
20261002T160556,873.331456,100.0,True,4,215,4:215
20261002T160556,1379.506688,100.0,True,12,161,12:161
20261002T160557,12368.491008,100.0,True,15,209,15:209
20261002T160557,233.046528,100.0,True,16,167,16:167
20261002T160558,18087.964672,100.0,True,2,176,2:176
20261002T160558,1637.377536,100.0,True,2,180,2:180
20261002T160558,10055.567616,100.0,True,8,209,8:209
20261002T160558,1946.095872,100.0,True,13,206,13:206
20261002T160558,698.32064,100.0,True,17,173,17:173
20261002T160559,11613.040896,100.0,True,2,178,2:178
20261002T160559,17348.216832,100.0,True,4,211,4:211
20261002T160559,15373.763584,100.0,True,6,211,6:211
20261002T160559,16420.119296,100.0,True,7,149,7:149
20261002T160559,2698.242816,100.0,True,10,205,10:205
20261002T160559,2541.659648,100.0,True,11,161,11:161
20261002T160559,2880.44288,100.0,True,14,183,14:183
20261002T160559,11788.349184,100.0,True,15,210,15:210
20261002T160600,12214.033152,100.0,True,0,189,0:189
20261002T160600,540.105216,100.0,True,0,192,0:192
20261002T160600,2341.119232,100.0,True,8,212,8:212
20261002T160600,17456.756736,100.0,True,16,164,16:164
20261002T160601,308.511232,100.0,True,13,207,13:207
20261002T160602,10860.049664,100.0,True,6,213,6:213
20261002T160602,9926.710528,100.0,True,9,150,9:150
20261002T160602,14581.28128,100.0,True,10,202,10:202
20261002T160602,13574.982656,100.0,True,13,204,13:204
20261002T160602,10463.587328,100.0,True,14,182,14:182
20261002T160602,15843.883008,100.0,True,17,171,17:171
20261002T160602,10294.995712,100.0,True,17,172,17:172
20261002T160602,975.870976,100.0,True,17,174,17:174
20261002T160603,18318.968064,100.0,True,4,212,4:212
20261002T160603,16456.842496,100.0,True,6,212,6:212
20261002T160603,12408.318976,100.0,True,10,203,10:203
20261002T160603,654.853376,100.0,True,16,168,16:168
20261002T160604,931.360512,100.0,True,0,193,0:193
20261002T160605,527.719936,100.0,True,3,189,3:189
20261002T160605,204.20096,100.0,True,6,217,6:217
20261002T160605,9670.809088,100.0,True,8,211,8:211
20261002T160605,2323.827456,100.0,True,8,213,8:213
20261002T160605,1239.27552,100.0,True,10,207,10:207
20261002T160605,11465.998592,100.0,True,13,205,13:205
20261002T160606,2513.910272,100.0,True,1,186,1:186
20261002T160606,9105.819904,100.0,True,7,152,7:152
20261002T160606,428.327936,100.0,True,12,163,12:163
20261002T160607,11878.202624,100.0,True,1,184,1:184
20261002T160607,1584.017408,100.0,True,8,214,8:214
20261002T160607,87.975168,100.0,True,10,208,10:208
20261002T160607,1246.204416,100.0,True,14,185,14:185
20261002T160607,904.095232,100.0,True,17,175,17:175
20261002T160608,2387.839488,100.0,True,2,182,2:182
20261002T160609,18066.070784,100.0,True,1,183,1:183
20261002T160609,2052.25088,100.0,True,5,168,5:168
20261002T160609,16759.788032,100.0,True,8,210,8:210
20261002T160609,15540.150784,100.0,True,10,204,10:204
20261002T160610,2398.250752,100.0,True,0,194,0:194
20261002T160610,1284.332288,100.0,True,3,190,3:190
20261002T160610,17646.344704,100.0,True,4,214,4:214
20261002T160610,9866.64192,100.0,True,6,216,6:216
20261002T160610,13391.392256,100.0,True,15,212,15:212
20261002T160611,15238.023168,100.0,True,3,187,3:187
20261002T160611,10008.598784,100.0,True,5,167,5:167
20261002T160611,345.367296,100.0,True,9,153,9:153
20261002T160611,10566.89664,100.0,True,11,162,11:162
20261002T160611,9586.652416,100.0,True,14,184,14:184
20261002T160612,10826.86336,100.0,True,2,181,2:181
20261002T160612,15167.99232,100.0,True,6,215,6:215
20261002T160612,1605.499648,100.0,True,8,215,8:215
20261002T160612,1540.6976,100.0,True,11,164,11:164
20261002T160612,984.586752,100.0,True,12,164,12:164
20261002T160612,13232.829696,100.0,True,15,213,15:213
20261002T160612,9657.43744,100.0,True,15,214,15:214
20261002T160612,2273.032448,100.0,True,17,176,17:176
20261002T160613,17018.545408,100.0,True,0,191,0:191
20261002T160613,1233.017344,100.0,True,6,219,6:219
20261002T160613,15093.888,100.0,True,9,151,9:151
20261002T160613,2016.826624,100.0,True,15,216,15:216
20261002T160614,16659.155968,100.0,True,5,166,5:166
20261002T160615,14608.745984,100.0,True,1,185,1:185
20261002T160615,1174.45504,100.0,True,14,187,14:187
20261002T160616,426.2208,100.0,True,0,196,0:196
20261002T160616,16577.531392,100.0,True,4,216,4:216
20261002T160616,1428.367616,100.0,True,4,220,4:220
20261002T160616,756.201216,100.0,True,5,170,5:170
20261002T160616,1775.634432,100.0,True,10,210,10:210
20261002T160616,249.809152,100.0,True,11,165,11:165
20261002T160617,17145.787392,100.0,True,3,188,3:188
20261002T160617,15175.649792,100.0,True,10,206,10:206
20261002T160617,16370.128384,100.0,True,12,162,12:162
20261002T160617,11507.579136,100.0,True,13,208,13:208
20261002T160617,10105.698304,100.0,True,15,215,15:215
20261002T160617,2489.990144,100.0,True,15,217,15:217
20261002T160618,1518.500608,100.0,True,1,189,1:189
20261002T160618,488.206848,100.0,True,2,185,2:185
20261002T160618,1315.43808,100.0,True,3,192,3:192
20261002T160618,1489.01504,100.0,True,8,217,8:217
20261002T160618,13246.563328,100.0,True,9,152,9:152
20261002T160618,13164.753408,100.0,True,11,163,11:163
20261002T160619,11631.304704,100.0,True,1,187,1:187
20261002T160619,17228.329728,100.0,True,7,153,7:153
20261002T160619,11801.884928,100.0,True,7,154,7:154
20261002T160619,1014.630144,100.0,True,16,171,16:171
20261002T160620,10328.152064,100.0,True,2,183,2:183
20261002T160620,13393.820416,100.0,True,4,218,4:218
20261002T160620,771.139584,100.0,True,4,221,4:221
20261002T160620,2409.048576,100.0,True,14,188,14:188
20261002T160620,13102.589952,100.0,True,16,169,16:169
20261002T160621,17783.865344,100.0,True,4,217,4:217
20261002T160621,10656.571904,100.0,True,10,209,10:209
20261002T160621,11124.29952,100.0,True,14,186,14:186
20261002T160622,2151.266048,100.0,True,0,197,0:197
20261002T160622,2249.25184,100.0,True,8,218,8:218
20261002T160622,2315.837184,100.0,True,9,155,9:155
20261002T160622,1881.59744,100.0,True,11,166,11:166
20261002T160622,1524.283392,100.0,True,13,212,13:212
20261002T160623,1244.207616,100.0,True,2,186,2:186
20261002T160623,2849.650176,100.0,True,12,166,12:166
20261002T160624,2543.683328,100.0,True,3,193,3:193
20261002T160624,14551.972352,100.0,True,13,209,13:209
20261002T160624,1895.020032,100.0,True,15,219,15:219
20261002T160625,14472.409344,100.0,True,0,195,0:195
20261002T160625,14775.634176,100.0,True,5,169,5:169
20261002T160625,12746.659328,100.0,True,7,155,7:155
20261002T160625,11581.377792,100.0,True,8,216,8:216
20261002T160625,234.284032,100.0,True,10,213,10:213
20261002T160626,11558.242304,100.0,True,2,184,2:184
20261002T160626,17479.034112,100.0,True,6,218,6:218
20261002T160626,13611.818752,100.0,True,13,210,13:210
20261002T160626,1837.37728,100.0,True,14,190,14:190
20261002T160627,14673.9328,100.0,True,1,188,1:188
20261002T160627,2357.154304,100.0,True,2,187,2:187
20261002T160627,1049.513472,100.0,True,3,194,3:194
20261002T160627,1506.187776,100.0,True,5,172,5:172
20261002T160627,1302.761984,100.0,True,9,156,9:156
20261002T160627,1896.382464,100.0,True,15,220,15:220
20261002T160628,18138.647296,100.0,True,4,219,4:219
20261002T160628,12854.03136,100.0,True,6,220,6:220
20261002T160628,2860.029184,100.0,True,11,167,11:167
20261002T160628,10951.481088,100.0,True,13,211,13:211
20261002T160629,17381.191168,100.0,True,3,191,3:191
20261002T160629,3052.654336,100.0,True,4,223,4:223
20261002T160629,9359.385088,100.0,True,6,221,6:221
20261002T160629,14259.199232,100.0,True,9,154,9:154
20261002T160629,1035.494656,100.0,True,10,214,10:214
20261002T160629,284.712448,100.0,True,14,191,14:191
20261002T160629,16927.17568,100.0,True,16,170,16:170
20261002T160629,2923.685376,100.0,True,17,180,17:180
20261002T160630,9843.008512,100.0,True,5,171,5:171
20261002T160630,13327.847424,100.0,True,10,211,10:211
20261002T160630,13730.809088,100.0,True,12,165,12:165
20261002T160630,9169.006592,100.0,True,14,189,14:189
20261002T160631,390.608384,100.0,True,0,200,0:200
20261002T160631,1131.048192,100.0,True,2,188,2:188
20261002T160631,810.601984,100.0,True,3,195,3:195
20261002T160631,1533.263616,100.0,True,4,224,4:224
20261002T160631,9986.394368,100.0,True,7,157,7:157
20261002T160631,13126.11968,100.0,True,17,178,17:178
20261002T160632,10615.533824,100.0,True,1,190,1:190
20261002T160632,1420.227328,100.0,True,1,192,1:192
20261002T160632,15338.497792,100.0,True,7,156,7:156
20261002T160632,10328.56064,100.0,True,10,212,10:212
20261002T160632,17812.775168,100.0,True,17,177,17:177
20261002T160632,1817.295872,100.0,True,17,181,17:181
20261002T160633,1185.383936,100.0,True,9,157,9:157
20261002T160634,1458.833408,100.0,True,8,222,8:222
20261002T160634,2819.369472,100.0,True,13,215,13:215
20261002T160634,12073.918464,100.0,True,17,179,17:179
20261002T160635,16251.193088,100.0,True,15,218,15:218
20261002T160635,2771.882752,100.0,True,15,222,15:222
20261002T160636,1865.646848,100.0,True,6,225,6:225
20261002T160637,12163.854592,100.0,True,0,198,0:198
20261002T160637,9168.459008,100.0,True,0,199,0:199
20261002T160637,862.477312,100.0,True,4,226,4:226
20261002T160637,2334.748672,100.0,True,7,160,7:160
20261002T160637,2884.810496,100.0,True,13,216,13:216
20261002T160638,670.695168,100.0,True,6,226,6:226
20261002T160638,2292.45952,100.0,True,8,223,8:223
20261002T160638,1796.346112,100.0,True,11,169,11:169
20261002T160638,11689.105664,100.0,True,12,167,12:167
20261002T160638,14859.515904,100.0,True,13,213,13:213
20261002T160638,14457.010688,100.0,True,16,172,16:172
20261002T160638,2225.946624,100.0,True,17,182,17:182
20261002T160639,1379.442688,100.0,True,3,197,3:197
20261002T160640,273.651712,100.0,True,2,190,2:190
20261002T160640,2789.83424,100.0,True,5,174,5:174
20261002T160640,16547.746048,100.0,True,6,222,6:222
20261002T160640,16554.944768,100.0,True,8,219,8:219
20261002T160640,13231.96288,100.0,True,8,220,8:220
20261002T160640,702.518528,100.0,True,10,217,10:217
20261002T160640,12691.060224,100.0,True,13,214,13:214
20261002T160641,17354.45888,100.0,True,4,222,4:222
20261002T160641,13237.572864,100.0,True,6,223,6:223
20261002T160641,2662.961664,100.0,True,13,217,13:217
20261002T160641,12447.690752,100.0,True,16,173,16:173
20261002T160642,1383.761664,100.0,True,1,194,1:194
20261002T160642,9697.826816,100.0,True,4,225,4:225
20261002T160642,2732.583168,100.0,True,7,161,7:161
20261002T160642,11959.579392,100.0,True,8,221,8:221
20261002T160642,10307.648512,100.0,True,10,215,10:215
20261002T160642,13062.688512,100.0,True,15,221,15:221
20261002T160643,15322.81344,100.0,True,1,191,1:191
20261002T160643,2382.788352,100.0,True,3,198,3:198
20261002T160643,11482.328832,100.0,True,6,224,6:224
20261002T160643,718.998272,100.0,True,11,170,11:170
20261002T160644,10015.523072,100.0,True,3,196,3:196
20261002T160644,386.658048,100.0,True,4,228,4:228
20261002T160644,2199.536384,100.0,True,9,159,9:159
20261002T160644,13465.13408,100.0,True,12,168,12:168
20261002T160645,1831.65056,100.0,True,0,203,0:203
20261002T160645,9294.446592,100.0,True,1,193,1:193
20261002T160645,1763.702528,100.0,True,8,225,8:225
20261002T160645,10958.754816,100.0,True,14,192,14:192
20261002T160646,278.651392,100.0,True,3,199,3:199
20261002T160646,18146.906112,100.0,True,7,158,7:158
20261002T160646,1190.490624,100.0,True,12,171,12:171
20261002T160646,10668.923648,100.0,True,15,223,15:223
20261002T160646,589.815552,100.0,True,17,184,17:184
20261002T160647,440.481792,100.0,True,0,204,0:204
20261002T160647,15643.014912,100.0,True,7,159,7:159
20261002T160647,12497.550592,100.0,True,16,174,16:174
20261002T160648,2888.487936,100.0,True,1,195,1:195
20261002T160648,16343.829504,100.0,True,5,173,5:173
20261002T160648,1356.432896,100.0,True,9,160,9:160
20261002T160648,17972.662016,100.0,True,11,168,11:168
20261002T160648,2813.65632,100.0,True,13,219,13:219
20261002T160648,881.683712,100.0,True,14,195,14:195
20261002T160648,2080.8064,100.0,True,16,176,16:176
20261002T160649,14602.590464,100.0,True,0,201,0:201
20261002T160649,9570.408704,100.0,True,0,202,0:202
20261002T160649,1911.908352,100.0,True,11,171,11:171
20261002T160649,14030.255616,100.0,True,12,169,12:169
20261002T160649,641.198336,100.0,True,13,220,13:220
20261002T160650,15277.360384,100.0,True,2,189,2:189
20261002T160650,199.804672,100.0,True,3,200,3:200
20261002T160650,9606.865664,100.0,True,4,227,4:227
20261002T160650,12112.633856,100.0,True,9,158,9:158
20261002T160650,9683.793408,100.0,True,16,175,16:175
20261002T160650,667.847936,100.0,True,17,185,17:185
20261002T160651,9228.064768,100.0,True,5,175,5:175
20261002T160651,588.605184,100.0,True,6,229,6:229
20261002T160651,15297.458688,100.0,True,10,216,10:216
20261002T160651,12435.48928,100.0,True,14,193,14:193
20261002T160652,2619.600128,100.0,True,10,220,10:220
20261002T160652,13031.4752,100.0,True,15,224,15:224
20261002T160652,1758.869504,100.0,True,15,227,15:227
20261002T160653,1095.076864,100.0,True,0,205,0:205
20261002T160653,10607.498752,100.0,True,6,227,6:227
20261002T160654,2291.982592,100.0,True,5,177,5:177
20261002T160654,14397.646336,100.0,True,8,224,8:224
20261002T160654,2025.177344,100.0,True,9,161,9:161
20261002T160654,977.190912,100.0,True,11,172,11:172
20261002T160654,12642.41408,100.0,True,13,218,13:218
20261002T160655,346.422784,100.0,True,17,186,17:186
20261002T160656,9897.91744,100.0,True,2,192,2:192
20261002T160656,2191.508992,100.0,True,2,194,2:194
20261002T160656,10487.740416,100.0,True,5,176,5:176
20261002T160656,9200.820736,100.0,True,6,228,6:228
20261002T160656,12381.964544,100.0,True,7,162,7:162
20261002T160657,1075.08608,100.0,True,0,206,0:206
20261002T160657,2837.55008,100.0,True,8,228,8:228
20261002T160657,486.2464,100.0,True,8,229,8:229
20261002T160657,14808.823808,100.0,True,10,218,10:218
20261002T160657,17829.394688,100.0,True,12,170,12:170
20261002T160657,1367.355136,100.0,True,12,173,12:173
20261002T160657,2755.115264,100.0,True,15,228,15:228
20261002T160657,1416.705024,100.0,True,16,178,16:178
20261002T160658,15268.362496,100.0,True,2,191,2:191
20261002T160658,999.040768,100.0,True,5,178,5:178
20261002T160658,10424.347392,100.0,True,7,163,7:163
20261002T160658,730.390016,100.0,True,7,165,7:165
20261002T160658,15647.023872,100.0,True,15,225,15:225
20261002T160658,11013.449728,100.0,True,15,226,15:226
20261002T160658,17455.72608,100.0,True,17,183,17:183
20261002T160659,674.63296,100.0,True,3,202,3:202
20261002T160700,9537.576192,100.0,True,2,193,2:193
20261002T160700,16828.735232,100.0,True,14,194,14:194
20261002T160701,1028.69888,100.0,True,5,179,5:179
20261002T160701,1022.93248,100.0,True,8,230,8:230
20261002T160701,581.063168,100.0,True,9,163,9:163
20261002T160701,15403.141376,100.0,True,10,219,10:219
20261002T160701,9615.705344,100.0,True,13,221,13:221
20261002T160701,2530.76224,100.0,True,15,229,15:229
20261002T160702,15486.270464,100.0,True,4,229,4:229
20261002T160702,9503.392768,100.0,True,7,164,7:164
20261002T160702,12362.779136,100.0,True,8,227,8:227
20261002T160702,1697.384192,100.0,True,12,174,12:174
20261002T160703,16108.82432,100.0,True,8,226,8:226
20261002T160703,9786.099712,100.0,True,10,221,10:221
20261002T160703,13046.975488,100.0,True,12,172,12:172
20261002T160704,14038.25792,100.0,True,1,196,1:196
20261002T160704,2509.085952,100.0,True,4,233,4:233
20261002T160704,307.161856,100.0,True,11,175,11:175
20261002T160704,13184.5056,100.0,True,14,196,14:196
20261002T160704,1453.564672,100.0,True,14,199,14:199
20261002T160705,1890.59712,100.0,True,3,203,3:203
20261002T160706,10014.518528,100.0,True,1,197,1:197
20261002T160706,12981.506304,100.0,True,3,201,3:201
20261002T160706,1644.053248,100.0,True,13,224,13:224
20261002T160707,528.11392,100.0,True,0,209,0:209
20261002T160707,537.374464,100.0,True,2,197,2:197
20261002T160707,1048.063488,100.0,True,5,180,5:180
20261002T160707,870.62528,100.0,True,12,175,12:175
20261002T160707,16840.242432,100.0,True,16,177,16:177
20261002T160707,1597.481728,100.0,True,17,188,17:188
20261002T160708,16819.45344,100.0,True,4,230,4:230
20261002T160708,9256.17024,100.0,True,4,232,4:232
20261002T160708,302.205952,100.0,True,7,167,7:167
20261002T160708,497.572096,100.0,True,8,232,8:232
20261002T160708,12045.78688,100.0,True,9,162,9:162
20261002T160708,2229.03936,100.0,True,14,200,14:200
20261002T160709,2786.125312,100.0,True,6,233,6:233
20261002T160709,11973.317632,100.0,True,11,173,11:173
20261002T160711,12948.80896,100.0,True,2,195,2:195
20261002T160711,2691.273216,100.0,True,6,234,6:234
20261002T160712,2988.454144,100.0,True,1,200,1:200
20261002T160712,1569.558528,100.0,True,3,205,3:205
20261002T160712,15165.540608,100.0,True,10,222,10:222
20261002T160712,16645.95968,100.0,True,14,197,14:197
20261002T160712,13285.956864,100.0,True,14,198,14:198
20261002T160713,17185.067008,100.0,True,4,231,4:231
20261002T160713,17697.233664,100.0,True,6,230,6:230
20261002T160713,14785.649408,100.0,True,6,231,6:231
20261002T160713,10147.58016,100.0,True,6,232,6:232
20261002T160713,2773.77664,100.0,True,8,233,8:233
20261002T160713,16429.73184,100.0,True,13,222,13:222
20261002T160713,11479.60704,100.0,True,15,230,15:230
20261002T160713,1599.235072,100.0,True,16,182,16:182
20261002T160714,11855.981312,100.0,True,2,196,2:196
20261002T160715,15482.94528,100.0,True,0,207,0:207
20261002T160715,14702.990336,100.0,True,1,198,1:198
20261002T160715,10537.850368,100.0,True,1,199,1:199
20261002T160715,753.922304,100.0,True,2,199,2:199
20261002T160715,1198.767616,100.0,True,4,237,4:237
20261002T160715,14576.49152,100.0,True,13,223,13:223
20261002T160715,9769.171712,100.0,True,15,231,15:231
20261002T160716,1713.455872,100.0,True,3,206,3:206
20261002T160716,12800.837888,100.0,True,8,231,8:231
20261002T160716,15673.526016,100.0,True,10,223,10:223
20261002T160716,1209.46944,100.0,True,15,234,15:234
20261002T160716,16620.2112,100.0,True,16,179,16:179
20261002T160717,13849.102592,100.0,True,0,208,0:208
20261002T160717,14694.309888,100.0,True,7,166,7:166
20261002T160717,14210.739968,100.0,True,16,180,16:180
20261002T160717,17720.23296,100.0,True,17,187,17:187
20261002T160718,9478.53184,100.0,True,4,235,4:235
20261002T160718,464.503552,100.0,True,5,182,5:182
20261002T160718,17886.978048,100.0,True,11,174,11:174
20261002T160718,1696.081408,100.0,True,16,183,16:183
20261002T160718,283.921408,100.0,True,17,191,17:191
20261002T160719,142.677504,100.0,True,7,169,7:169
20261002T160720,1934.179328,100.0,True,8,235,8:235
20261002T160720,16994.001664,100.0,True,10,224,10:224
20261002T160720,10668.461312,100.0,True,13,225,13:225
20261002T160720,1028.6976,100.0,True,13,227,13:227
20261002T160721,2668.684032,100.0,True,0,212,0:212
20261002T160721,9678.788096,100.0,True,1,201,1:201
20261002T160721,14108.493824,100.0,True,3,204,3:204
20261002T160721,14582.244352,100.0,True,10,225,10:225
20261002T160722,2413.756928,100.0,True,1,203,1:203
20261002T160722,17408.03072,100.0,True,4,234,4:234
20261002T160722,10560.397312,100.0,True,4,236,4:236
20261002T160722,12880.232192,100.0,True,11,176,11:176
20261002T160723,1721.176576,100.0,True,8,236,8:236
20261002T160723,17121.755136,100.0,True,9,164,9:164
20261002T160723,12207.165184,100.0,True,9,165,9:165
20261002T160723,2762.553856,100.0,True,12,178,12:178
20261002T160724,12611.433984,100.0,True,0,210,0:210
20261002T160724,13848.732672,100.0,True,2,198,2:198
20261002T160724,441.979136,100.0,True,2,201,2:201
20261002T160724,12072.392192,100.0,True,12,176,12:176
20261002T160724,2932.031744,100.0,True,14,204,14:204
20261002T160724,17009.378304,100.0,True,16,181,16:181
20261002T160724,2821.274624,100.0,True,17,192,17:192
20261002T160725,13243.712512,100.0,True,5,181,5:181
20261002T160725,3134.54848,100.0,True,5,183,5:183
20261002T160725,938.546432,100.0,True,7,170,7:170
20261002T160725,10714.18368,100.0,True,8,234,8:234
20261002T160725,2459.784448,100.0,True,16,184,16:184
20261002T160726,82.533632,100.0,True,6,239,6:239
20261002T160726,10833.014272,100.0,True,9,166,9:166
20261002T160726,9407.484928,100.0,True,10,227,10:227
20261002T160726,1044.039424,100.0,True,11,179,11:179
20261002T160726,12454.525952,100.0,True,13,226,13:226
20261002T160726,521.345536,100.0,True,13,229,13:229
20261002T160726,15648.632832,100.0,True,17,189,17:189
20261002T160727,485.589504,100.0,True,0,214,0:214
20261002T160727,13722.209792,100.0,True,6,235,6:235
20261002T160727,2018.019584,100.0,True,12,179,12:179
20261002T160727,18501.132032,100.0,True,15,232,15:232
20261002T160727,13162.722816,100.0,True,17,190,17:190
20261002T160728,13298.748672,100.0,True,0,211,0:211
20261002T160728,2621.733376,100.0,True,4,240,4:240
20261002T160728,2764.161024,100.0,True,8,237,8:237
20261002T160728,13503.311616,100.0,True,11,177,11:177
20261002T160728,17914.040576,100.0,True,14,201,14:201
20261002T160728,14365.320704,100.0,True,14,202,14:202
20261002T160728,388.620288,100.0,True,16,185,16:185
20261002T160729,13485.501952,100.0,True,1,202,1:202
20261002T160729,368.053504,100.0,True,1,205,1:205
20261002T160729,493.564672,100.0,True,3,209,3:209
20261002T160729,17272.380672,100.0,True,10,226,10:226
20261002T160729,16997.572608,100.0,True,15,233,15:233
20261002T160730,613.998592,100.0,True,10,230,10:230
20261002T160730,14407.89504,100.0,True,12,177,12:177
20261002T160730,534.56128,100.0,True,12,180,12:180
20261002T160730,1484.808704,100.0,True,15,238,15:238
20261002T160731,379.63904,100.0,True,5,185,5:185
20261002T160731,17024.27008,100.0,True,7,168,7:168
20261002T160731,590.641152,100.0,True,7,171,7:171
20261002T160731,11915.853312,100.0,True,15,235,15:235
20261002T160732,12519.660288,100.0,True,2,200,2:200
20261002T160732,12377.485568,100.0,True,9,167,9:167
20261002T160732,15003.943936,100.0,True,14,203,14:203
20261002T160732,10613.293568,100.0,True,15,236,15:236
20261002T160733,672.267008,100.0,True,2,203,2:203
20261002T160733,10293.531648,100.0,True,4,239,4:239
20261002T160733,376.781568,100.0,True,4,242,4:242
20261002T160733,17273.959936,100.0,True,6,236,6:236
20261002T160734,923.254272,100.0,True,6,241,6:241
20261002T160734,2272.02688,100.0,True,8,239,8:239
20261002T160735,2097.976064,100.0,True,1,206,1:206
20261002T160735,17449.330432,100.0,True,4,238,4:238
20261002T160735,9569.303296,100.0,True,10,229,10:229
20261002T160735,88.604672,100.0,True,13,232,13:232
20261002T160735,1559.126272,100.0,True,14,207,14:207
20261002T160735,942.81728,100.0,True,15,240,15:240
20261002T160735,672.443904,100.0,True,17,195,17:195
20261002T160736,16461.091328,100.0,True,11,178,11:178
20261002T160737,13216.15744,100.0,True,1,204,1:204
20261002T160737,9314.083584,100.0,True,2,202,2:202
20261002T160737,17034.820864,100.0,True,3,207,3:207
20261002T160737,1971.65568,100.0,True,5,186,5:186
20261002T160737,18365.645312,100.0,True,6,237,6:237
20261002T160737,204.237056,100.0,True,10,232,10:232
20261002T160737,2567.159808,100.0,True,16,186,16:186
20261002T160738,15855.552512,100.0,True,6,238,6:238
20261002T160738,13843.463168,100.0,True,15,237,15:237
20261002T160739,2532.324864,100.0,True,3,211,3:211
20261002T160739,16158.18624,100.0,True,13,228,13:228
20261002T160739,74.175744,100.0,True,13,233,13:233
20261002T160739,14625.838336,100.0,True,14,205,14:205
20261002T160739,830.850048,100.0,True,14,208,14:208
20261002T160739,11110.365696,100.0,True,17,194,17:194
20261002T160740,13220.435456,100.0,True,5,184,5:184
20261002T160740,1935.023616,100.0,True,8,241,8:241
20261002T160740,13612.007168,100.0,True,9,168,9:168
20261002T160740,18161.147648,100.0,True,10,228,10:228
20261002T160740,2828.091904,100.0,True,11,181,11:181
20261002T160740,9266.010368,100.0,True,15,239,15:239
20261002T160740,1807.617024,100.0,True,16,187,16:187
20261002T160741,16566.302976,100.0,True,3,208,3:208
20261002T160741,1106.027264,100.0,True,7,173,7:173
20261002T160741,11146.70464,100.0,True,9,169,9:169
20261002T160741,2609.033728,100.0,True,12,182,12:182
20261002T160741,13169.981184,100.0,True,14,206,14:206
20261002T160742,17735.666432,100.0,True,0,213,0:213
20261002T160742,18135.07584,100.0,True,17,193,17:193
20261002T160743,1541.529088,100.0,True,2,205,2:205
20261002T160743,10889.307392,100.0,True,3,210,3:210
20261002T160743,10840.271616,100.0,True,10,231,10:231
20261002T160743,10777.297152,100.0,True,13,231,13:231
20261002T160744,1841.476352,100.0,True,1,208,1:208
20261002T160744,2788.970752,100.0,True,3,212,3:212
20261002T160744,15812.4864,100.0,True,4,241,4:241
20261002T160744,532.802048,100.0,True,4,245,4:245
20261002T160744,14303.808512,100.0,True,6,240,6:240
20261002T160744,9505.212416,100.0,True,7,172,7:172
20261002T160744,13926.101248,100.0,True,13,230,13:230
20261002T160744,2295.985152,100.0,True,16,188,16:188
20261002T160745,10699.417344,100.0,True,9,170,9:170
20261002T160745,1163.301376,100.0,True,13,234,13:234
20261002T160745,2738.969344,100.0,True,14,209,14:209
20261002T160745,2739.912192,100.0,True,17,197,17:197
20261002T160746,17796.927232,100.0,True,8,238,8:238
20261002T160747,14610.84544,100.0,True,0,215,0:215
20261002T160747,1164.899072,100.0,True,2,206,2:206
20261002T160747,318.375168,100.0,True,4,246,4:246
20261002T160747,2306.966016,100.0,True,7,174,7:174
20261002T160747,16111.396352,100.0,True,11,180,11:180
20261002T160748,10551.046912,100.0,True,4,243,4:243
20261002T160748,337.563904,100.0,True,6,245,6:245
20261002T160748,12710.116608,100.0,True,8,240,8:240
20261002T160748,2233.124864,100.0,True,12,184,12:184
20261002T160748,389.868288,100.0,True,17,198,17:198
20261002T160749,1990.983168,100.0,True,3,213,3:213
20261002T160749,1878.258176,100.0,True,5,189,5:189
20261002T160749,601.331968,100.0,True,9,173,9:173
20261002T160749,16388.499712,100.0,True,12,181,12:181
20261002T160749,10632.390656,100.0,True,17,196,17:196
20261002T160750,107.772416,100.0,True,7,175,7:175
20261002T160750,989.039616,100.0,True,8,244,8:244
20261002T160750,118.36928,100.0,True,12,185,12:185
20261002T160750,2830.08512,100.0,True,16,189,16:189
20261002T160752,3009.079552,100.0,True,2,207,2:207
20261002T160752,10196.9664,100.0,True,8,242,8:242
20261002T160752,14435.43552,100.0,True,9,171,9:171
20261002T160752,2225.528576,100.0,True,11,184,11:184
20261002T160753,17246.317056,100.0,True,0,216,0:216
20261002T160753,11941.373696,100.0,True,0,217,0:217
20261002T160753,15747.965184,100.0,True,2,204,2:204
20261002T160753,708.874752,100.0,True,6,246,6:246
20261002T160753,15534.803712,100.0,True,15,241,15:241
20261002T160754,17057.14304,100.0,True,1,207,1:207
20261002T160754,13549.269248,100.0,True,4,244,4:244
20261002T160754,15192.653056,100.0,True,5,187,5:187
20261002T160754,16284.508672,100.0,True,6,242,6:242
20261002T160754,9177.058048,100.0,True,6,244,6:244
20261002T160754,9422.770432,100.0,True,8,243,8:243
20261002T160754,263.371776,100.0,True,8,245,8:245
20261002T160755,2057.647872,100.0,True,2,208,2:208
20261002T160755,11539.79776,100.0,True,5,188,5:188
20261002T160755,162.39744,100.0,True,11,185,11:185
20261002T160755,9355.889664,100.0,True,15,243,15:243
20261002T160756,747.526912,100.0,True,0,220,0:220
20261002T160756,13624.474368,100.0,True,15,242,15:242
20261002T160757,10827.159552,100.0,True,0,218,0:218
20261002T160757,606.841344,100.0,True,3,215,3:215
20261002T160757,15410.333696,100.0,True,10,233,10:233
20261002T160757,12210.765824,100.0,True,10,234,10:234
20261002T160757,15797.704704,100.0,True,11,182,11:182
20261002T160757,15050.962176,100.0,True,12,183,12:183
20261002T160757,10166.297088,100.0,True,13,235,13:235
20261002T160757,1790.539776,100.0,True,14,212,14:212
20261002T160758,2028.938752,100.0,True,5,191,5:191
20261002T160758,12545.667072,100.0,True,11,183,11:183
20261002T160759,1058.15168,100.0,True,2,209,2:209
20261002T160800,17973.987072,100.0,True,6,243,6:243
20261002T160800,2526.35136,100.0,True,15,246,15:246
20261002T160801,745.671168,100.0,True,0,221,0:221
20261002T160801,3150.967808,100.0,True,4,249,4:249
20261002T160801,982.097152,100.0,True,5,192,5:192
20261002T160801,18113.321472,100.0,True,9,172,9:172
20261002T160801,747.613952,100.0,True,12,187,12:187
20261002T160802,2332.900608,100.0,True,11,186,11:186
20261002T160802,1609.059584,100.0,True,15,247,15:247
20261002T160803,16246.906368,100.0,True,1,209,1:209
20261002T160803,700.48256,100.0,True,6,249,6:249
20261002T160803,13343.175168,100.0,True,10,235,10:235
20261002T160803,17378.377984,100.0,True,14,210,14:210
20261002T160803,9604.340992,100.0,True,15,245,15:245
20261002T160803,11793.224192,100.0,True,16,190,16:190
20261002T160804,12868.59776,100.0,True,4,247,4:247
20261002T160804,2474.389504,100.0,True,7,177,7:177
20261002T160805,1669.191936,100.0,True,5,193,5:193
20261002T160805,190.337536,100.0,True,9,176,9:176
20261002T160805,16408.534016,100.0,True,15,244,15:244
20261002T160805,506.708736,100.0,True,17,202,17:202
20261002T160806,15636.543232,100.0,True,1,210,1:210
20261002T160806,10846.391296,100.0,True,12,186,12:186
20261002T160806,1903.7568,100.0,True,12,188,12:188
20261002T160806,14814.774016,100.0,True,14,211,14:211
20261002T160807,2358.801408,100.0,True,3,217,3:217
20261002T160807,15279.144448,100.0,True,5,190,5:190
20261002T160807,10854.455808,100.0,True,10,237,10:237
20261002T160807,17160.80896,100.0,True,13,236,13:236
20261002T160807,12341.650176,100.0,True,13,237,13:237
20261002T160807,2969.912064,100.0,True,15,248,15:248
20261002T160808,17530.015744,100.0,True,0,219,0:219
20261002T160808,9323.309568,100.0,True,6,248,6:248
20261002T160808,2748.621312,100.0,True,6,250,6:250
20261002T160808,13856.4032,100.0,True,9,174,9:174
20261002T160808,11870.27456,100.0,True,16,191,16:191
20261002T160808,1829.704192,100.0,True,16,193,16:193
20261002T160808,17202.9248,100.0,True,17,199,17:199
20261002T160808,11517.018624,100.0,True,17,200,17:200
20261002T160809,1537.211136,100.0,True,0,223,0:223
20261002T160809,685.408512,100.0,True,8,249,8:249
20261002T160809,15562.53312,100.0,True,10,236,10:236
20261002T160810,14282.142208,100.0,True,1,211,1:211
20261002T160810,10024.3584,100.0,True,1,212,1:212
20261002T160810,17907.169792,100.0,True,3,214,3:214
20261002T160810,14535.744,100.0,True,4,248,4:248
20261002T160810,756.409856,100.0,True,5,194,5:194
20261002T160810,15409.953792,100.0,True,6,247,6:247
20261002T160810,1917.952512,100.0,True,10,240,10:240
20261002T160810,2696.845056,100.0,True,13,240,13:240
20261002T160811,1738.149376,100.0,True,2,211,2:211
20261002T160811,2330.441216,100.0,True,4,252,4:252
20261002T160811,1116.798464,100.0,True,9,177,9:177
20261002T160811,1522.574592,100.0,True,11,188,11:188
20261002T160811,2179.524608,100.0,True,17,203,17:203
20261002T160812,352.525056,100.0,True,4,253,4:253
20261002T160812,2869.031936,100.0,True,6,251,6:251
20261002T160812,15886.313728,100.0,True,7,176,7:176
20261002T160812,3047.185152,100.0,True,15,249,15:249
20261002T160813,9420.620032,100.0,True,2,210,2:210
20261002T160813,12538.6496,100.0,True,3,216,3:216
20261002T160813,14576.228864,100.0,True,13,238,13:238
20261002T160813,10669.529088,100.0,True,13,239,13:239
20261002T160813,2782.256896,100.0,True,13,241,13:241
20261002T160813,1700.284928,100.0,True,16,194,16:194
20261002T160814,10073.32224,100.0,True,1,213,1:213
20261002T160814,712.227584,100.0,True,3,219,3:219
20261002T160814,13333.33504,100.0,True,4,250,4:250
20261002T160814,15242.624,100.0,True,8,246,8:246
20261002T160814,11671.56864,100.0,True,8,247,8:247
20261002T160814,2190.17984,100.0,True,8,250,8:250
20261002T160814,16007.693312,100.0,True,9,175,9:175
20261002T160814,9151.872256,100.0,True,11,187,11:187
20261002T160815,92.434432,100.0,True,8,251,8:251
20261002T160815,9475.222528,100.0,True,10,239,10:239
20261002T160815,1073.816576,100.0,True,11,189,11:189
20261002T160815,10546.130944,100.0,True,14,214,14:214
20261002T160816,888.41088,100.0,True,4,254,4:254
20261002T160816,2093.821696,100.0,True,9,178,9:178
20261002T160816,2773.698304,100.0,True,10,241,10:241
20261002T160816,16478.502144,100.0,True,14,213,14:213
20261002T160816,14316.354048,100.0,True,16,192,16:192
20261002T160817,604.596992,100.0,True,5,196,5:196
20261002T160817,9378.6944,100.0,True,7,178,7:178
20261002T160817,16450.384384,100.0,True,10,238,10:238
20261002T160817,1414.436352,100.0,True,14,217,14:217
20261002T160817,16976.34176,100.0,True,17,201,17:201
20261002T160818,13148.295168,100.0,True,8,248,8:248
20261002T160818,178.029824,100.0,True,9,179,9:179
20261002T160818,1255.251456,100.0,True,15,251,15:251
20261002T160820,212.934656,100.0,True,1,217,1:217
20261002T160820,9047.299072,100.0,True,7,179,7:179
20261002T160820,2990.073088,100.0,True,7,180,7:180
20261002T160820,1533.302272,100.0,True,10,242,10:242
20261002T160820,2409.695232,100.0,True,12,191,12:191
20261002T160821,18128.0512,100.0,True,0,222,0:222
20261002T160821,2564.069376,100.0,True,6,254,6:254
20261002T160821,2642.4,100.0,True,8,252,8:252
20261002T160822,17706.408448,100.0,True,4,251,4:251
20261002T160822,694.99136,100.0,True,5,197,5:197
20261002T160822,13627.18208,100.0,True,14,215,14:215
20261002T160822,9624.794624,100.0,True,15,250,15:250
20261002T160823,11782.218496,100.0,True,0,224,0:224
20261002T160823,2447.083264,100.0,True,2,214,2:214
20261002T160823,1289.838848,100.0,True,10,243,10:243
20261002T160824,709.060352,100.0,True,0,227,0:227
20261002T160824,14985.083904,100.0,True,1,214,1:214
20261002T160824,11910.819328,100.0,True,1,215,1:215
20261002T160824,2340.31488,100.0,True,4,256,4:256
20261002T160824,2223.974144,100.0,True,6,255,6:255
20261002T160824,1343.545088,100.0,True,13,244,13:244
20261002T160825,1785.954304,100.0,True,7,181,7:181
20261002T160826,17209.800448,100.0,True,3,218,3:218
20261002T160826,286.363392,100.0,True,6,256,6:256
20261002T160826,275.692544,100.0,True,8,254,8:254
20261002T160826,1626.406144,100.0,True,9,180,9:180
20261002T160826,13139.200512,100.0,True,12,190,12:190
20261002T160826,689.814272,100.0,True,14,219,14:219
20261002T160826,1830.596608,100.0,True,15,253,15:253
20261002T160826,9311.40736,100.0,True,16,195,16:195
20261002T160826,544.589568,100.0,True,17,206,17:206
20261002T160827,17539.636736,100.0,True,12,189,12:189
20261002T160828,15016.39296,100.0,True,2,212,2:212
20261002T160828,15311.8336,100.0,True,6,252,6:252
20261002T160828,16613.826304,100.0,True,14,216,14:216
20261002T160828,14169.098496,100.0,True,17,204,17:204
20261002T160829,12963.818752,100.0,True,2,213,2:213
20261002T160829,16504.802304,100.0,True,5,195,5:195
20261002T160829,1960.569344,100.0,True,7,182,7:182
20261002T160829,190.447616,100.0,True,11,192,11:192
20261002T160829,10260.418304,100.0,True,13,243,13:243
20261002T160829,1105.105664,100.0,True,15,254,15:254
20261002T160830,11163.620608,100.0,True,0,226,0:226
20261002T160830,14742.617344,100.0,True,6,253,6:253
20261002T160830,10569.547008,100.0,True,17,205,17:205
20261002T160831,15066.33088,100.0,True,0,225,0:225
20261002T160831,16814.4704,100.0,True,13,242,13:242
20261002T160831,482.541312,100.0,True,14,220,14:220
20261002T160831,817.521408,100.0,True,17,207,17:207
20261002T160832,16248.930816,100.0,True,1,216,1:216
20261002T160832,927.470336,100.0,True,2,216,2:216
20261002T160832,12006.419712,100.0,True,3,221,3:221
20261002T160832,1255.647488,100.0,True,3,223,3:223
20261002T160832,2382.856704,100.0,True,10,245,10:245
20261002T160832,10731.665408,100.0,True,16,196,16:196
20261002T160833,1428.137728,100.0,True,4,259,4:259
20261002T160833,2605.230848,100.0,True,9,181,9:181
20261002T160833,13814.883584,100.0,True,15,252,15:252
20261002T160833,2214.404096,100.0,True,16,198,16:198
20261002T160834,17328.16,100.0,True,3,220,3:220
20261002T160834,16395.44576,100.0,True,4,255,4:255
20261002T160834,2720.707072,100.0,True,5,199,5:199
20261002T160834,14054.673152,100.0,True,11,190,11:190
20261002T160834,10889.902336,100.0,True,12,192,12:192
20261002T160834,1818.395904,100.0,True,12,194,12:194
20261002T160834,1198.221056,100.0,True,13,247,13:247
20261002T160835,2207.446272,100.0,True,0,229,0:229
20261002T160835,137.19424,100.0,True,4,260,4:260
20261002T160835,1481.96992,100.0,True,17,208,17:208
20261002T160836,1948.87424,100.0,True,1,220,1:220
20261002T160836,2023.54688,100.0,True,6,258,6:258
20261002T160836,15019.645952,100.0,True,8,253,8:253
20261002T160836,9473.373696,100.0,True,13,245,13:245
20261002T160836,15377.534208,100.0,True,14,218,14:218
20261002T160836,983.976192,100.0,True,15,256,15:256
20261002T160837,10605.476352,100.0,True,2,215,2:215
20261002T160837,2455.908608,100.0,True,3,224,3:224
20261002T160837,859.11296,100.0,True,8,257,8:257
20261002T160837,11949.085696,100.0,True,16,197,16:197
20261002T160837,377.321984,100.0,True,16,199,16:199
20261002T160838,267.008,100.0,True,0,230,0:230
20261002T160838,13392.150784,100.0,True,4,257,4:257
20261002T160838,821.305088,100.0,True,5,200,5:200
20261002T160838,14774.374912,100.0,True,11,191,11:191
20261002T160839,13676.524544,100.0,True,3,222,3:222
20261002T160839,12620.585728,100.0,True,5,198,5:198
20261002T160840,11208.07936,100.0,True,1,219,1:219
20261002T160840,2479.169536,100.0,True,2,218,2:218
20261002T160840,2074.50496,100.0,True,4,261,4:261
20261002T160840,2324.954112,100.0,True,13,248,13:248
20261002T160840,104.485376,100.0,True,13,249,13:249
20261002T160840,9274.651392,100.0,True,15,255,15:255
20261002T160841,13314.41408,100.0,True,0,228,0:228
20261002T160841,16474.250752,100.0,True,1,218,1:218
20261002T160841,1494.121728,100.0,True,9,183,9:183
20261002T160841,11101.525504,100.0,True,13,246,13:246
20261002T160841,2606.519296,100.0,True,14,222,14:222
20261002T160842,1150.875648,100.0,True,0,231,0:231
20261002T160842,14068.70912,100.0,True,4,258,4:258
20261002T160842,1442.512128,100.0,True,6,260,6:260
20261002T160842,16494.15296,100.0,True,10,244,10:244
20261002T160842,2993.921536,100.0,True,15,257,15:257
20261002T160843,2988.429312,100.0,True,10,248,10:248
20261002T160843,1605.519616,100.0,True,12,196,12:196
20261002T160844,10742.801664,100.0,True,8,256,8:256
20261002T160845,1783.48288,100.0,True,3,226,3:226
20261002T160845,16550.999552,100.0,True,8,255,8:255
20261002T160845,10627.950592,100.0,True,9,182,9:182
20261002T160845,1312.572672,100.0,True,11,195,11:195
20261002T160845,17415.63008,100.0,True,12,193,12:193
20261002T160845,2219.164928,100.0,True,13,250,13:250
20261002T160846,901.10336,100.0,True,1,223,1:223
20261002T160846,13014.576896,100.0,True,10,246,10:246
20261002T160847,17419.998976,100.0,True,6,257,6:257
20261002T160847,14970.137344,100.0,True,7,183,7:183
20261002T160847,11341.655552,100.0,True,7,184,7:184
20261002T160848,11630.560256,100.0,True,10,247,10:247
20261002T160849,2936.464128,100.0,True,8,260,8:260
20261002T160849,1264.696576,100.0,True,10,250,10:250
20261002T160849,988.16896,100.0,True,15,259,15:259
20261002T160849,2031.02848,100.0,True,16,201,16:201
20261002T160850,1116.06016,100.0,True,0,233,0:233
20261002T160850,3015.589376,100.0,True,2,220,2:220
20261002T160850,935.289856,100.0,True,8,261,8:261
20261002T160850,91.7184,100.0,True,9,185,9:185
20261002T160850,11496.745728,100.0,True,11,194,11:194
20261002T160850,2031.552512,100.0,True,14,224,14:224
20261002T160851,2099.861504,100.0,True,1,224,1:224
20261002T160851,16334.867712,100.0,True,2,217,2:217
20261002T160851,2956.894464,100.0,True,6,262,6:262
20261002T160851,1234.070016,100.0,True,11,196,11:196
20261002T160851,13448.284928,100.0,True,17,209,17:209
20261002T160852,17135.448832,100.0,True,11,193,11:193
20261002T160852,14904.18176,100.0,True,12,195,12:195
20261002T160852,621.477888,100.0,True,13,252,13:252
20261002T160852,931.503872,100.0,True,14,225,14:225
20261002T160853,574.810624,100.0,True,0,234,0:234
20261002T160853,9914.072576,100.0,True,2,219,2:219
20261002T160853,1362.42176,100.0,True,5,203,5:203
20261002T160853,17112.990976,100.0,True,14,221,14:221
20261002T160853,1996.516608,100.0,True,15,260,15:260
20261002T160853,11602.89408,100.0,True,17,210,17:210
20261002T160854,14429.921536,100.0,True,1,221,1:221
20261002T160854,12165.177344,100.0,True,4,262,4:262
20261002T160854,9747.108352,100.0,True,6,261,6:261
20261002T160854,11372.227328,100.0,True,7,185,7:185
20261002T160854,2249.125888,100.0,True,7,187,7:187
20261002T160854,1870.257408,100.0,True,12,198,12:198
20261002T160855,2442.067712,100.0,True,2,221,2:221
20261002T160855,17312.46592,100.0,True,6,259,6:259
20261002T160855,10397.32992,100.0,True,9,184,9:184
20261002T160855,1204.388864,100.0,True,11,197,11:197
20261002T160856,2559.115776,100.0,True,1,225,1:225
20261002T160856,16662.793472,100.0,True,3,225,3:225
20261002T160856,10181.303296,100.0,True,4,263,4:263
20261002T160856,14340.918528,100.0,True,5,201,5:201
20261002T160856,16471.927296,100.0,True,8,258,8:258
20261002T160856,1008.179968,100.0,True,9,186,9:186
20261002T160856,13435.621888,100.0,True,10,249,10:249
20261002T160857,12045.735936,100.0,True,0,232,0:232
20261002T160857,14858.36544,100.0,True,1,222,1:222
20261002T160857,10344.41344,100.0,True,3,227,3:227
20261002T160857,10060.574464,100.0,True,7,186,7:186
20261002T160857,10933.2864,100.0,True,12,197,12:197
20261002T160857,11936.550144,100.0,True,17,211,17:211
20261002T160857,2206.15424,100.0,True,17,213,17:213
20261002T160858,2907.295232,100.0,True,10,252,10:252
20261002T160858,15305.167616,100.0,True,14,223,14:223
20261002T160858,3035.190784,100.0,True,14,226,14:226
20261002T160858,17562.479104,100.0,True,16,200,16:200
20261002T160858,3018.610432,100.0,True,16,203,16:203
20261002T160859,1196.015104,100.0,True,1,226,1:226
20261002T160859,9556.119808,100.0,True,4,264,4:264
20261002T160859,385.572608,100.0,True,11,198,11:198
20261002T160859,11105.2416,100.0,True,13,251,13:251
20261002T160859,15432.901376,100.0,True,15,258,15:258
20261002T160900,2341.977344,100.0,True,6,265,6:265
20261002T160900,18040.982272,100.0,True,8,259,8:259
20261002T160901,2986.050816,100.0,True,4,266,4:266
20261002T160901,13849.974528,100.0,True,5,202,5:202
20261002T160901,262.993408,100.0,True,6,266,6:266
20261002T160901,10212.935936,100.0,True,10,251,10:251
20261002T160901,1947.327744,100.0,True,15,262,15:262
20261002T160901,940.621312,100.0,True,17,214,17:214
20261002T160902,2892.2752,100.0,True,3,230,3:230
20261002T160902,1973.271296,100.0,True,13,255,13:255
20261002T160902,1929.444864,100.0,True,14,227,14:227
20261002T160902,11485.616384,100.0,True,16,202,16:202
20261002T160903,1539.073536,100.0,True,10,254,10:254
20261002T160904,2985.887488,100.0,True,5,205,5:205
20261002T160904,13550.240512,100.0,True,6,263,6:263
20261002T160904,274.729472,100.0,True,14,228,14:228
20261002T160905,115.980288,100.0,True,2,224,2:224
20261002T160905,2899.899136,100.0,True,3,231,3:231
20261002T160905,2355.17056,100.0,True,7,189,7:189
20261002T160905,1613.95456,100.0,True,11,199,11:199
20261002T160906,886.382336,100.0,True,1,228,1:228
20261002T160906,14773.139456,100.0,True,3,228,3:228
20261002T160906,11894.164992,100.0,True,13,253,13:253
20261002T160906,10726.622208,100.0,True,15,261,15:261
20261002T160906,15680.290816,100.0,True,17,212,17:212
20261002T160907,2861.686784,100.0,True,6,267,6:267
20261002T160907,2223.190016,100.0,True,10,255,10:255
20261002T160908,9062.481408,100.0,True,0,236,0:236
20261002T160908,11381.494784,100.0,True,12,199,12:199
20261002T160908,668.545792,100.0,True,16,206,16:206
20261002T160909,1802.350336,100.0,True,0,238,0:238
20261002T160909,13903.16544,100.0,True,3,229,3:229
20261002T160909,2051.629312,100.0,True,4,269,4:269
20261002T160909,2234.223616,100.0,True,8,265,8:265
20261002T160910,16592.146176,100.0,True,4,265,4:265
20261002T160910,16170.345472,100.0,True,8,262,8:262
20261002T160910,10862.990848,100.0,True,10,253,10:253
20261002T160910,367.766528,100.0,True,15,265,15:265
20261002T160911,14392.711424,100.0,True,2,222,2:222
20261002T160911,1471.380736,100.0,True,3,233,3:233
20261002T160911,527.421696,100.0,True,4,270,4:270
20261002T160911,13027.346944,100.0,True,5,204,5:204
20261002T160912,2150.695168,100.0,True,1,229,1:229
20261002T160912,17057.281024,100.0,True,6,264,6:264
20261002T160912,2320.414464,100.0,True,6,269,6:269
20261002T160912,1481.2352,100.0,True,7,191,7:191
20261002T160912,10717.39136,100.0,True,9,187,9:187
20261002T160913,1200.102912,100.0,True,0,239,0:239
20261002T160913,13446.42944,100.0,True,2,223,2:223
20261002T160913,2541.233408,100.0,True,17,216,17:216
20261002T160914,17735.981312,100.0,True,0,235,0:235
20261002T160914,15828.94848,100.0,True,7,188,7:188
20261002T160914,2686.038784,100.0,True,11,201,11:201
20261002T160914,11519.07584,100.0,True,12,200,12:200
20261002T160914,670.958848,100.0,True,15,266,15:266
20261002T160914,2211.085568,100.0,True,16,207,16:207
20261002T160915,11059.781632,100.0,True,0,237,0:237
20261002T160915,774.661632,100.0,True,2,226,2:226
20261002T160915,14452.86912,100.0,True,4,267,4:267
20261002T160915,3163.404544,100.0,True,5,207,5:207
20261002T160915,16313.627136,100.0,True,8,263,8:263
20261002T160915,12856.301312,100.0,True,8,264,8:264
20261002T160916,2925.37088,100.0,True,1,230,1:230
20261002T160916,18086.816,100.0,True,13,254,13:254
20261002T160916,12720.194048,100.0,True,13,256,13:256
20261002T160916,12723.986176,100.0,True,15,263,15:263
20261002T160916,897.663232,100.0,True,17,217,17:217
20261002T160917,2970.428416,100.0,True,4,271,4:271
20261002T160917,9254.232832,100.0,True,13,257,13:257
20261002T160917,17375.545088,100.0,True,16,204,16:204
20261002T160918,11139.062272,100.0,True,6,268,6:268
20261002T160918,10653.58592,100.0,True,9,188,9:188
20261002T160918,10871.317248,100.0,True,11,200,11:200
20261002T160918,1979.482368,100.0,True,12,203,12:203
20261002T160918,12540.33792,100.0,True,17,215,17:215
20261002T160919,17457.745664,100.0,True,1,227,1:227
20261002T160919,13804.61952,100.0,True,3,232,3:232
20261002T160919,2414.601984,100.0,True,3,235,3:235
20261002T160919,15142.015488,100.0,True,4,268,4:268
20261002T160919,12552.602112,100.0,True,7,190,7:190
20261002T160919,1372.790784,100.0,True,9,190,9:190
20261002T160919,10182.782208,100.0,True,10,256,10:256
20261002T160919,2512.749312,100.0,True,10,258,10:258
20261002T160919,68.99072,100.0,True,13,260,13:260
20261002T160920,2741.404416,100.0,True,1,231,1:231
20261002T160920,14257.239808,100.0,True,15,264,15:264
20261002T160920,17049.047296,100.0,True,16,205,16:205
20261002T160921,2956.316672,100.0,True,2,227,2:227
20261002T160921,2622.130432,100.0,True,7,193,7:193
20261002T160921,10729.062912,100.0,True,8,266,8:266
20261002T160921,619.186432,100.0,True,10,259,10:259
20261002T160921,1791.490816,100.0,True,14,231,14:231
20261002T160922,1835.888128,100.0,True,5,209,5:209
20261002T160922,2988.514304,100.0,True,8,268,8:268
20261002T160922,16662.723072,100.0,True,12,201,12:201
20261002T160922,2334.979584,100.0,True,12,204,12:204
20261002T160923,16974.687488,100.0,True,5,206,5:206
20261002T160923,9771.140864,100.0,True,9,189,9:189
20261002T160923,10957.410304,100.0,True,12,202,12:202
20261002T160924,9085.054464,100.0,True,7,192,7:192
20261002T160924,2332.752384,100.0,True,9,191,9:191
20261002T160924,12796.871168,100.0,True,13,258,13:258
20261002T160924,149.66272,100.0,True,13,261,13:261
20261002T160925,2706.055168,100.0,True,1,232,1:232
20261002T160925,1577.155584,100.0,True,10,260,10:260
20261002T160925,15323.463168,100.0,True,14,229,14:229
20261002T160926,17123.722752,100.0,True,2,225,2:225
20261002T160926,13399.176192,100.0,True,3,234,3:234
20261002T160926,9673.629184,100.0,True,4,272,4:272
20261002T160926,9353.379584,100.0,True,5,208,5:208
20261002T160926,2706.146048,100.0,True,6,273,6:273
20261002T160926,2431.355392,100.0,True,7,194,7:194
20261002T160926,946.189568,100.0,True,15,269,15:269
20261002T160926,700.346112,100.0,True,17,219,17:219
20261002T160927,2791.505152,100.0,True,4,274,4:274
20261002T160927,12291.107328,100.0,True,13,259,13:259
20261002T160927,234.335488,100.0,True,13,262,13:262
20261002T160928,448.576256,100.0,True,1,233,1:233
20261002T160928,733.02144,100.0,True,6,274,6:274
20261002T160928,12606.143232,100.0,True,11,202,11:202
20261002T160929,2688.34688,100.0,True,3,237,3:237
20261002T160929,8982.166784,100.0,True,6,272,6:272
20261002T160929,1372.773376,100.0,True,14,233,14:233
20261002T160929,10725.667328,100.0,True,16,208,16:208
20261002T160930,16586.512384,100.0,True,6,270,6:270
20261002T160930,16712.12928,100.0,True,10,257,10:257
20261002T160931,172.76288,100.0,True,10,262,10:262
20261002T160932,10493.969152,100.0,True,0,241,0:241
20261002T160932,14509.178112,100.0,True,6,271,6:271
20261002T160932,2524.17536,100.0,True,7,195,7:195
20261002T160932,17512.014592,100.0,True,8,267,8:267
20261002T160932,17192.960768,100.0,True,14,230,14:230
20261002T160932,15245.535488,100.0,True,15,267,15:267
20261002T160933,2196.457984,100.0,True,3,238,3:238
20261002T160933,11326.097152,100.0,True,11,203,11:203
20261002T160933,3058.784512,100.0,True,12,206,12:206
20261002T160933,1929.475584,100.0,True,17,220,17:220
20261002T160934,9618.036736,100.0,True,2,228,2:228
20261002T160934,2759.70688,100.0,True,5,211,5:211
20261002T160934,2498.43072,100.0,True,14,234,14:234
20261002T160935,18402.155008,100.0,True,0,240,0:240
20261002T160935,14392.555008,100.0,True,3,236,3:236
20261002T160935,15168.740864,100.0,True,4,273,4:273
20261002T160935,13776.657152,100.0,True,15,268,15:268
20261002T160936,556.99712,100.0,True,3,239,3:239
20261002T160936,11004.08576,100.0,True,5,210,5:210
20261002T160936,12447.940864,100.0,True,8,269,8:269
20261002T160936,712.166144,100.0,True,10,263,10:263
20261002T160936,1965.030144,100.0,True,12,207,12:207
20261002T160936,12602.370048,100.0,True,14,232,14:232
20261002T160937,2166.33984,100.0,True,13,264,13:264
20261002T160937,15903.990784,100.0,True,17,218,17:218
20261002T160937,351.817216,100.0,True,17,221,17:221
20261002T160938,11927.549696,100.0,True,0,242,0:242
20261002T160938,1473.132544,100.0,True,1,235,1:235
20261002T160938,3125.629952,100.0,True,7,196,7:196
20261002T160938,3138.190336,100.0,True,8,272,8:272
20261002T160938,2883.888384,100.0,True,14,235,14:235
20261002T160939,10085.156608,100.0,True,0,243,0:243
20261002T160939,10609.2736,100.0,True,8,270,8:270
20261002T160939,11785.099776,100.0,True,10,261,10:261
20261002T160939,13699.251968,100.0,True,11,204,11:204
20261002T160939,14385.980672,100.0,True,12,205,12:205
20261002T160939,814.6816,100.0,True,16,212,16:212
20261002T160940,13908.617216,100.0,True,4,275,4:275
20261002T160940,599.819008,100.0,True,5,213,5:213
20261002T160940,12558.780928,100.0,True,9,192,9:192
20261002T160940,2125.507072,100.0,True,10,264,10:264
20261002T160940,1574.124288,100.0,True,15,273,15:273
20261002T160940,16072.988928,100.0,True,16,209,16:209
20261002T160941,2628.543232,100.0,True,4,278,4:278
20261002T160941,270.996992,100.0,True,4,279,4:279
20261002T160941,9865.766656,100.0,True,6,275,6:275
20261002T160941,2569.835008,100.0,True,6,277,6:277
20261002T160941,9034.024448,100.0,True,11,205,11:205
20261002T160941,438.76224,100.0,True,11,207,11:207
20261002T160942,13656.584448,100.0,True,15,270,15:270
20261002T160942,12333.45152,100.0,True,16,210,16:210
20261002T160942,1736.667136,100.0,True,17,222,17:222
20261002T160943,600.720896,100.0,True,6,278,6:278
20261002T160943,1686.134784,100.0,True,15,274,15:274
20261002T160944,14969.115904,100.0,True,2,229,2:229
20261002T160944,13497.542912,100.0,True,8,271,8:271
20261002T160944,14558.67776,100.0,True,13,263,13:263
20261002T160944,2792.677888,100.0,True,13,266,13:266
20261002T160945,9962.095872,100.0,True,6,276,6:276
20261002T160945,12551.70944,100.0,True,9,193,9:193
20261002T160945,13822.979072,100.0,True,15,271,15:271
20261002T160946,13750.645504,100.0,True,1,234,1:234
20261002T160946,10867.521024,100.0,True,2,230,2:230
20261002T160946,15673.053696,100.0,True,4,276,4:276
20261002T160946,2141.680384,100.0,True,8,274,8:274
20261002T160947,3016.480256,100.0,True,4,280,4:280
20261002T160947,2738.787072,100.0,True,5,214,5:214
20261002T160947,939.09632,100.0,True,11,208,11:208
20261002T160947,2360.004096,100.0,True,15,275,15:275
20261002T160947,2484.36096,100.0,True,17,223,17:223
20261002T160948,1561.683968,100.0,True,4,281,4:281
20261002T160948,357.635072,100.0,True,12,210,12:210
20261002T160948,14527.147264,100.0,True,15,272,15:272
20261002T160948,12746.602752,100.0,True,16,211,16:211
20261002T160948,1205.367808,100.0,True,16,214,16:214
20261002T160949,3030.802944,100.0,True,3,242,3:242
20261002T160949,1111.739136,100.0,True,5,215,5:215
20261002T160949,9676.08448,100.0,True,8,273,8:273
20261002T160949,9127.682304,100.0,True,14,236,14:236
20261002T160950,15129.24928,100.0,True,4,277,4:277
20261002T160950,2860.630784,100.0,True,9,196,9:196
20261002T160950,1877.307136,100.0,True,15,276,15:276
20261002T160951,14956.294144,100.0,True,5,212,5:212
20261002T160951,12999.752448,100.0,True,12,208,12:208
20261002T160951,12494.043648,100.0,True,13,265,13:265
20261002T160951,2263.564032,100.0,True,17,224,17:224
20261002T160952,10099.894784,100.0,True,0,246,0:246
20261002T160952,10204.027648,100.0,True,3,241,3:241
20261002T160952,14816.478208,100.0,True,9,194,9:194
20261002T160952,572.730624,100.0,True,16,215,16:215
20261002T160953,17880.156928,100.0,True,0,244,0:244
20261002T160953,1129.840128,100.0,True,1,239,1:239
20261002T160953,13797.693952,100.0,True,7,197,7:197
20261002T160953,305.72416,100.0,True,14,239,14:239
20261002T160954,16158.65344,100.0,True,0,245,0:245
20261002T160954,2431.684096,100.0,True,0,249,0:249
20261002T160954,14416.489216,100.0,True,2,231,2:231
20261002T160954,2165.841408,100.0,True,3,243,3:243
20261002T160954,10782.238976,100.0,True,9,195,9:195
20261002T160954,17392.223488,100.0,True,11,206,11:206
20261002T160955,13808.83584,100.0,True,1,236,1:236
20261002T160955,2052.710144,100.0,True,9,197,9:197
20261002T160955,198.179072,100.0,True,15,278,15:278
20261002T160956,11950.19008,100.0,True,1,237,1:237
20261002T160956,17966.272256,100.0,True,3,240,3:240
20261002T160956,9562.44864,100.0,True,13,267,13:267
20261002T160956,14250.176512,100.0,True,16,213,16:213
20261002T160957,10007.633408,100.0,True,7,199,7:199
20261002T160957,3079.007232,100.0,True,13,269,13:269
20261002T160958,10387.50848,100.0,True,1,238,1:238
20261002T160958,14841.2288,100.0,True,2,232,2:232
20261002T160958,10473.57184,100.0,True,2,233,2:233
20261002T160958,16270.001664,100.0,True,10,265,10:265
20261002T160959,16090.057984,100.0,True,7,198,7:198
20261002T160959,3043.545856,100.0,True,7,201,7:201
20261002T161000,13428.349696,100.0,True,10,266,10:266
20261002T161000,15728.338176,100.0,True,14,237,14:237
20261002T161000,11595.025664,100.0,True,14,238,14:238
20261002T161001,929.680896,100.0,True,0,251,0:251
20261002T161001,11469.687808,100.0,True,4,282,4:282
20261002T161001,2670.156032,100.0,True,5,217,5:217
20261002T161001,11780.570624,100.0,True,6,280,6:280
20261002T161001,1939.985408,100.0,True,8,278,8:278
20261002T161001,2916.626432,100.0,True,10,269,10:269
20261002T161001,17417.22368,100.0,True,12,209,12:209
20261002T161002,2717.955584,100.0,True,15,279,15:279
20261002T161002,1031.628288,100.0,True,17,227,17:227
20261002T161003,17676.495872,100.0,True,0,247,0:247
20261002T161003,17481.106176,100.0,True,6,279,6:279
20261002T161003,11471.802368,100.0,True,8,276,8:276
20261002T161003,11754.70336,100.0,True,15,277,15:277
20261002T161004,2484.928256,100.0,True,4,285,4:285
20261002T161004,1218.85824,100.0,True,7,202,7:202
20261002T161004,2246.075904,100.0,True,14,241,14:241
20261002T161005,9495.43168,100.0,True,2,235,2:235
20261002T161005,3101.459456,100.0,True,5,218,5:218
20261002T161006,17370.109184,100.0,True,0,248,0:248
20261002T161006,16434.296064,100.0,True,11,209,11:209
20261002T161006,1576.628992,100.0,True,11,212,11:212
20261002T161007,10364.176128,100.0,True,1,240,1:240
20261002T161007,16147.641088,100.0,True,2,234,2:234
20261002T161007,18444.761856,100.0,True,8,275,8:275
20261002T161007,430.965504,100.0,True,8,280,8:280
20261002T161008,3199.998464,100.0,True,4,286,4:286
20261002T161008,1364.504576,100.0,True,5,219,5:219
20261002T161008,15584.5824,100.0,True,6,281,6:281
20261002T161008,10675.848704,100.0,True,6,282,6:282
20261002T161008,16919.6288,100.0,True,7,200,7:200
20261002T161008,17566.357248,100.0,True,13,268,13:268
20261002T161008,1569.548288,100.0,True,17,228,17:228
20261002T161009,13868.545024,100.0,True,0,250,0:250
20261002T161009,375.516416,100.0,True,0,253,0:253
20261002T161009,3152.137216,100.0,True,2,238,2:238
20261002T161009,16407.639296,100.0,True,5,216,5:216
20261002T161009,2095.22944,100.0,True,6,285,6:285
20261002T161009,13214.488064,100.0,True,8,277,8:277
20261002T161009,18488.473856,100.0,True,10,267,10:267
20261002T161009,14793.888,100.0,True,11,210,11:210
20261002T161009,361.982208,100.0,True,12,214,12:214
20261002T161009,11661.894144,100.0,True,17,226,17:226
20261002T161010,12075.535104,100.0,True,4,284,4:284
20261002T161011,17785.430784,100.0,True,4,283,4:283
20261002T161011,594.032384,100.0,True,8,281,8:281
20261002T161011,17322.520064,100.0,True,10,268,10:268
20261002T161011,704.891904,100.0,True,10,272,10:272
20261002T161011,17031.287296,100.0,True,12,211,12:211
20261002T161011,13872.960256,100.0,True,12,212,12:212
20261002T161011,12569.27872,100.0,True,14,240,14:240
20261002T161011,1386.61376,100.0,True,14,243,14:243
20261002T161012,12622.131456,100.0,True,2,236,2:236
20261002T161012,11580.916224,100.0,True,16,217,16:217
20261002T161012,18273.424384,100.0,True,17,225,17:225
20261002T161013,16829.298176,100.0,True,3,244,3:244
20261002T161013,2567.316992,100.0,True,3,247,3:247
20261002T161013,277.017088,100.0,True,4,288,4:288
20261002T161013,12899.24224,100.0,True,6,283,6:283
20261002T161013,11086.291712,100.0,True,13,271,13:271
20261002T161014,1390.74432,100.0,True,0,254,0:254
20261002T161014,12468.110336,100.0,True,3,245,3:245
20261002T161014,1364.384512,100.0,True,5,220,5:220
20261002T161014,738.559744,100.0,True,6,287,6:287
20261002T161014,2272.4032,100.0,True,7,204,7:204
20261002T161014,639.766272,100.0,True,9,201,9:201
20261002T161014,763.984384,100.0,True,13,274,13:274
20261002T161014,2420.804096,100.0,True,15,282,15:282
20261002T161015,13764.35968,100.0,True,1,241,1:241
20261002T161015,10641.515008,100.0,True,6,284,6:284
20261002T161015,17099.417856,100.0,True,9,198,9:198
20261002T161015,17591.575808,100.0,True,16,216,16:216
20261002T161016,10950.725376,100.0,True,0,252,0:252
20261002T161016,13668.388608,100.0,True,2,237,2:237
20261002T161016,671.330304,100.0,True,4,289,4:289
20261002T161016,15273.45024,100.0,True,10,270,10:270
20261002T161016,16777.649152,100.0,True,11,211,11:211
20261002T161016,18149.93792,100.0,True,13,270,13:270
20261002T161017,10021.896192,100.0,True,1,242,1:242
20261002T161017,926.179328,100.0,True,6,288,6:288
20261002T161017,9462.231552,100.0,True,7,203,7:203
20261002T161017,2643.072512,100.0,True,17,230,17:230
20261002T161018,9343.185152,100.0,True,4,287,4:287
20261002T161018,3020.79616,100.0,True,11,214,11:214
20261002T161018,14713.900032,100.0,True,15,280,15:280
20261002T161018,2955.03616,100.0,True,16,220,16:220
20261002T161019,16269.172736,100.0,True,8,279,8:279
20261002T161019,15213.262336,100.0,True,9,199,9:199
20261002T161019,10718.884096,100.0,True,9,200,9:200
20261002T161019,71.321088,100.0,True,12,216,12:216
20261002T161019,704.242688,100.0,True,14,245,14:245
20261002T161020,14369.199616,100.0,True,3,246,3:246
20261002T161020,2014.699008,100.0,True,5,221,5:221
20261002T161020,9593.542144,100.0,True,6,286,6:286
20261002T161020,2033.574656,100.0,True,7,205,7:205
20261002T161020,15043.604736,100.0,True,14,242,14:242
20261002T161020,12651.717376,100.0,True,15,281,15:281
20261002T161020,15269.645568,100.0,True,16,218,16:218
20261002T161021,562.778624,100.0,True,2,241,2:241
20261002T161021,1811.691776,100.0,True,3,249,3:249
20261002T161021,1027.27936,100.0,True,4,290,4:290
20261002T161021,18134.445824,100.0,True,12,213,12:213
20261002T161021,11455.667968,100.0,True,16,219,16:219
20261002T161022,11611.608832,100.0,True,2,239,2:239
20261002T161022,16473.065984,100.0,True,10,271,10:271
20261002T161022,705.519872,100.0,True,10,275,10:275
20261002T161022,2259.736576,100.0,True,15,284,15:284
20261002T161023,950.899968,100.0,True,1,245,1:245
20261002T161023,456.956416,100.0,True,7,206,7:206
20261002T161023,17054.7584,100.0,True,13,272,13:272
20261002T161023,13596.019968,100.0,True,13,273,13:273
20261002T161024,12003.954432,100.0,True,1,243,1:243
20261002T161024,1355.401216,100.0,True,9,203,9:203
20261002T161024,2254.10176,100.0,True,13,276,13:276
20261002T161024,454.793984,100.0,True,14,246,14:246
20261002T161025,2154.794752,100.0,True,5,222,5:222
20261002T161025,11132.531456,100.0,True,10,273,10:273
20261002T161025,1426.308352,100.0,True,15,285,15:285
20261002T161026,1583.094016,100.0,True,3,250,3:250
20261002T161026,1306.577152,100.0,True,10,276,10:276
20261002T161026,17141.670144,100.0,True,11,213,11:213
20261002T161026,1037.574656,100.0,True,12,217,12:217
20261002T161026,12106.128896,100.0,True,14,244,14:244
20261002T161026,2729.889536,100.0,True,17,232,17:232
20261002T161027,10966.604544,100.0,True,2,240,2:240
20261002T161027,2755.366656,100.0,True,2,242,2:242
20261002T161027,1121.06752,100.0,True,4,292,4:292
20261002T161027,11656.161024,100.0,True,8,282,8:282
20261002T161027,12335.227648,100.0,True,12,215,12:215
20261002T161027,15681.03552,100.0,True,17,229,17:229
20261002T161028,898.870016,100.0,True,7,207,7:207
20261002T161028,10189.393152,100.0,True,8,283,8:283
20261002T161028,3027.282432,100.0,True,13,277,13:277
20261002T161029,1011.299328,100.0,True,2,243,2:243
20261002T161029,13780.12544,100.0,True,3,248,3:248
20261002T161029,552.678656,100.0,True,6,291,6:291
20261002T161029,2714.739456,100.0,True,8,285,8:285
20261002T161029,10476.295168,100.0,True,9,202,9:202
20261002T161029,1837.798144,100.0,True,9,204,9:204
20261002T161029,3017.498624,100.0,True,11,216,11:216
20261002T161029,10625.08928,100.0,True,13,275,13:275
20261002T161029,13157.0432,100.0,True,15,283,15:283
20261002T161030,8930.509312,100.0,True,6,289,6:289
20261002T161030,2457.22752,100.0,True,17,233,17:233
20261002T161031,1801.137664,100.0,True,1,247,1:247
20261002T161032,11237.240064,100.0,True,0,256,0:256
20261002T161032,1271.789824,100.0,True,8,286,8:286
20261002T161032,14172.216064,100.0,True,10,274,10:274
20261002T161032,2120.10112,100.0,True,12,218,12:218
20261002T161033,15945.552384,100.0,True,1,244,1:244
20261002T161033,915.868928,100.0,True,5,224,5:224
20261002T161033,604.290816,100.0,True,17,234,17:234
20261002T161034,17016.993536,100.0,True,0,255,0:255
20261002T161034,1966.662656,100.0,True,2,244,2:244
20261002T161034,13161.589504,100.0,True,16,221,16:221
20261002T161035,513.6768,100.0,True,0,259,0:259
20261002T161035,9808.258048,100.0,True,1,246,1:246
20261002T161035,11171.889664,100.0,True,6,290,6:290
20261002T161035,1666.395904,100.0,True,14,248,14:248
20261002T161036,10067.457792,100.0,True,0,257,0:257
20261002T161036,13098.040832,100.0,True,4,291,4:291
20261002T161036,712.504832,100.0,True,8,287,8:287
20261002T161036,1367.620864,100.0,True,16,224,16:224
20261002T161036,17188.762624,100.0,True,17,231,17:231
20261002T161037,1023.71584,100.0,True,5,225,5:225
20261002T161037,17002.081792,100.0,True,11,215,11:215
20261002T161037,9845.478912,100.0,True,13,278,13:278
20261002T161038,16194.9376,100.0,True,8,284,8:284
20261002T161038,11784.341504,100.0,True,16,222,16:222
20261002T161039,1054.553088,100.0,True,9,206,9:206
20261002T161039,10712.658432,100.0,True,10,277,10:277
20261002T161040,2892.698368,100.0,True,7,209,7:209
20261002T161040,9527.979776,100.0,True,11,217,11:217
20261002T161040,11419.69408,100.0,True,14,247,14:247
20261002T161042,3029.862144,100.0,True,8,288,8:288
20261002T161042,9708.359936,100.0,True,10,278,10:278
20261002T161043,14943.251712,100.0,True,3,251,3:251
20261002T161043,2835.360768,100.0,True,3,254,3:254
20261002T161043,12665.12384,100.0,True,4,293,4:293
20261002T161043,2260.7296,100.0,True,4,296,4:296
20261002T161043,16772.798464,100.0,True,5,223,5:223
20261002T161043,12125.595904,100.0,True,7,208,7:208
20261002T161043,12047.021568,100.0,True,13,279,13:279
20261002T161043,838.598656,100.0,True,13,282,13:282
20261002T161044,13987.933952,100.0,True,0,258,0:258
20261002T161044,1006.351104,100.0,True,3,255,3:255
20261002T161044,11152.219392,100.0,True,6,292,6:292
20261002T161044,17011.617792,100.0,True,15,286,15:286
20261002T161044,11497.755392,100.0,True,15,287,15:287
20261002T161045,10764.822528,100.0,True,4,294,4:294
20261002T161045,11552.251136,100.0,True,11,218,11:218
20261002T161045,14127.658496,100.0,True,16,223,16:223
20261002T161046,1498.189824,100.0,True,4,297,4:297
20261002T161046,1527.263232,100.0,True,8,289,8:289
20261002T161046,2953.903616,100.0,True,11,220,11:220
20261002T161046,1472.050176,100.0,True,15,290,15:290
20261002T161046,1557.291008,100.0,True,16,226,16:226
20261002T161047,3060.354816,100.0,True,1,250,1:250
20261002T161047,10140.218112,100.0,True,2,245,2:245
20261002T161047,14123.805696,100.0,True,3,252,3:252
20261002T161047,2160.370944,100.0,True,10,281,10:281
20261002T161047,1337.076736,100.0,True,17,237,17:237
20261002T161048,13063.645696,100.0,True,1,248,1:248
20261002T161048,383.415296,100.0,True,13,283,13:283
20261002T161048,11595.986432,100.0,True,15,288,15:288
20261002T161048,11370.152704,100.0,True,17,235,17:235
20261002T161049,11715.509504,100.0,True,4,295,4:295
20261002T161049,2075.924736,100.0,True,6,296,6:296
20261002T161049,2100.480256,100.0,True,9,208,9:208
20261002T161049,12155.343872,100.0,True,10,279,10:279
20261002T161050,1300.242176,100.0,True,14,251,14:251
20261002T161051,11064.670976,100.0,True,0,260,0:260
20261002T161051,12998.614016,100.0,True,11,219,11:219
20261002T161051,11787.942144,100.0,True,14,249,14:249
20261002T161051,10339.601408,100.0,True,15,289,15:289
20261002T161052,10933.328384,100.0,True,5,226,5:226
20261002T161052,18195.351552,100.0,True,9,205,9:205
20261002T161052,12008.366848,100.0,True,12,220,12:220
20261002T161052,1113.202176,100.0,True,12,222,12:222
20261002T161052,12766.299136,100.0,True,13,281,13:281
20261002T161052,1464.50432,100.0,True,13,284,13:284
20261002T161053,12060.432384,100.0,True,2,246,2:246
20261002T161053,1553.9968,100.0,True,6,297,6:297
20261002T161053,11532.387584,100.0,True,7,210,7:210
20261002T161053,713.690112,100.0,True,7,212,7:212
20261002T161053,10783.233792,100.0,True,9,207,9:207
20261002T161053,1324.44544,100.0,True,9,209,9:209
20261002T161053,17722.888448,100.0,True,12,219,12:219
20261002T161053,2503.017728,100.0,True,16,227,16:227
20261002T161054,1877.037312,100.0,True,1,252,1:252
20261002T161054,1360.267008,100.0,True,2,249,2:249
20261002T161054,13042.886144,100.0,True,10,280,10:280
20261002T161054,18248.10368,100.0,True,13,280,13:280
20261002T161054,14479.499776,100.0,True,16,225,16:225
20261002T161055,17946.501632,100.0,True,3,253,3:253
20261002T161055,18036.68992,100.0,True,6,293,6:293
20261002T161055,2381.298944,100.0,True,10,283,10:283
20261002T161055,11467.921408,100.0,True,14,250,14:250
20261002T161056,12746.713856,100.0,True,0,261,0:261
20261002T161056,3051.269376,100.0,True,0,264,0:264
20261002T161056,273.510912,100.0,True,6,298,6:298
20261002T161056,665.252608,100.0,True,13,285,13:285
20261002T161057,17785.312256,100.0,True,1,249,1:249
20261002T161057,582.189568,100.0,True,1,253,1:253
20261002T161057,376.745472,100.0,True,5,229,5:229
20261002T161057,10166.763264,100.0,True,7,211,7:211
20261002T161057,16592.736512,100.0,True,17,236,17:236
20261002T161058,739.152896,100.0,True,2,250,2:250
20261002T161058,10320.1344,100.0,True,5,227,5:227
20261002T161058,285.179904,100.0,True,8,293,8:293
20261002T161058,1690.43072,100.0,True,10,284,10:284
20261002T161058,13077.233664,100.0,True,12,221,12:221
20261002T161059,10652.83584,100.0,True,3,256,3:256
20261002T161059,1984.355072,100.0,True,3,258,3:258
20261002T161059,11051.585024,100.0,True,4,298,4:298
20261002T161059,3048.751872,100.0,True,4,301,4:301
20261002T161059,18263.486464,100.0,True,6,294,6:294
20261002T161059,15858.796288,100.0,True,6,295,6:295
20261002T161059,2448.800512,100.0,True,9,210,9:210
20261002T161059,10204.813312,100.0,True,10,282,10:282
20261002T161059,3018.897664,100.0,True,16,228,16:228
20261002T161100,12014.29632,100.0,True,2,248,2:248
20261002T161101,11695.629056,100.0,True,0,263,0:263
20261002T161101,10602.114048,100.0,True,8,291,8:291
20261002T161101,11505.479168,100.0,True,11,221,11:221
20261002T161102,15499.849984,100.0,True,0,262,0:262
20261002T161102,13573.2096,100.0,True,1,251,1:251
20261002T161102,16800.324864,100.0,True,2,247,2:247
20261002T161102,357.661952,100.0,True,3,259,3:259
20261002T161102,9315.064576,100.0,True,5,228,5:228
20261002T161102,15255.076096,100.0,True,8,290,8:290
20261002T161103,440.889088,100.0,True,4,303,4:303
20261002T161103,2264.731904,100.0,True,10,285,10:285
20261002T161103,2413.979904,100.0,True,13,286,13:286
20261002T161104,2018.461952,100.0,True,0,266,0:266
20261002T161104,2628.956672,100.0,True,5,230,5:230
20261002T161104,10900.929536,100.0,True,8,292,8:292
20261002T161104,2273.342208,100.0,True,8,294,8:294
20261002T161104,13530.431232,100.0,True,15,292,15:292
20261002T161104,10549.485056,100.0,True,17,239,17:239
20261002T161105,10806.926592,100.0,True,11,222,11:222
20261002T161105,17654.40384,100.0,True,15,291,15:291
20261002T161105,1762.052352,100.0,True,16,230,16:230
20261002T161105,16823.956736,100.0,True,17,238,17:238
20261002T161106,2084.714496,100.0,True,2,252,2:252
20261002T161106,3037.83296,100.0,True,6,300,6:300
20261002T161106,583.360768,100.0,True,6,301,6:301
20261002T161106,913.249536,100.0,True,11,224,11:224
20261002T161106,13775.409408,100.0,True,14,252,14:252
20261002T161107,1500.702464,100.0,True,8,295,8:295
20261002T161108,371.792384,100.0,True,2,253,2:253
20261002T161108,18099.46752,100.0,True,4,299,4:299
20261002T161108,9443.671296,100.0,True,15,294,15:294
20261002T161109,15729.259776,100.0,True,3,257,3:257
20261002T161109,10470.333184,100.0,True,6,299,6:299
20261002T161110,2810.474496,100.0,True,1,255,1:255
20261002T161110,17183.88096,100.0,True,4,300,4:300
20261002T161110,885.494272,100.0,True,10,287,10:287
20261002T161110,12611.80032,100.0,True,12,223,12:223
20261002T161110,16556.812288,100.0,True,15,293,15:293
20261002T161111,2209.677824,100.0,True,0,268,0:268
20261002T161111,14282.024448,100.0,True,7,213,7:213
20261002T161111,2528.314112,100.0,True,8,296,8:296
20261002T161111,806.854656,100.0,True,17,242,17:242
20261002T161112,9386.518016,100.0,True,1,254,1:254
20261002T161112,13592.147456,100.0,True,11,223,11:223
20261002T161113,16098.873344,100.0,True,0,265,0:265
20261002T161113,977.193984,100.0,True,8,297,8:297
20261002T161113,13478.735616,100.0,True,17,240,17:240
20261002T161114,1543.667712,100.0,True,1,256,1:256
20261002T161114,608.43776,100.0,True,3,262,3:262
20261002T161114,14193.712384,100.0,True,4,302,4:302
20261002T161114,838.992896,100.0,True,6,303,6:303
20261002T161114,2565.0752,100.0,True,9,213,9:213
20261002T161114,1917.130496,100.0,True,10,288,10:288
20261002T161114,1812.099584,100.0,True,12,226,12:226
20261002T161114,16931.457024,100.0,True,14,253,14:253
20261002T161115,10636.247552,100.0,True,0,267,0:267
20261002T161115,2561.806336,100.0,True,5,232,5:232
20261002T161115,11054.703104,100.0,True,13,287,13:287
20261002T161115,15070.945792,100.0,True,16,229,16:229
20261002T161116,2412.341248,100.0,True,0,269,0:269
20261002T161116,9890.607872,100.0,True,9,212,9:212
20261002T161116,646.563072,100.0,True,10,289,10:289
20261002T161116,12276.372992,100.0,True,14,255,14:255
20261002T161116,14088.375808,100.0,True,15,295,15:295
20261002T161117,16225.263104,100.0,True,9,211,9:211
20261002T161117,707.222272,100.0,True,9,214,9:214
20261002T161117,12835.75936,100.0,True,10,286,10:286
20261002T161117,652.598784,100.0,True,11,226,11:226
20261002T161117,15156.217088,100.0,True,12,224,12:224
20261002T161117,16502.980608,100.0,True,14,254,14:254
20261002T161117,526.569472,100.0,True,14,258,14:258
20261002T161118,17503.198208,100.0,True,2,251,2:251
20261002T161118,800.422144,100.0,True,4,307,4:307
20261002T161119,2475.200256,100.0,True,1,257,1:257
20261002T161119,16649.390848,100.0,True,7,214,7:214
20261002T161119,2735.11936,100.0,True,7,217,7:217
20261002T161119,2715.5456,100.0,True,8,298,8:298
20261002T161119,142.2208,100.0,True,10,290,10:290
20261002T161119,10654.802432,100.0,True,13,288,13:288
20261002T161119,9882.751488,100.0,True,15,297,15:297
20261002T161119,14401.547776,100.0,True,17,241,17:241
20261002T161120,9691.70688,100.0,True,3,261,3:261
20261002T161120,12221.495552,100.0,True,12,225,12:225
20261002T161121,1685.817856,100.0,True,2,256,2:256
20261002T161121,15655.095296,100.0,True,3,260,3:260
20261002T161121,14380.175616,100.0,True,4,304,4:304
20261002T161121,14983.655168,100.0,True,15,296,15:296
20261002T161122,1072.9024,100.0,True,1,258,1:258
20261002T161122,9991.048704,100.0,True,7,216,7:216
20261002T161122,752.37248,100.0,True,11,227,11:227
20261002T161122,245.87136,100.0,True,14,259,14:259
20261002T161122,13056.736,100.0,True,16,231,16:231
20261002T161123,12106.684928,100.0,True,4,305,4:305
20261002T161123,13644.987648,100.0,True,6,302,6:302
20261002T161123,16412.311808,100.0,True,7,215,7:215
20261002T161123,612.590592,100.0,True,7,218,7:218
20261002T161123,2073.869312,100.0,True,15,300,15:300
20261002T161124,16428.530688,100.0,True,5,231,5:231
20261002T161124,2418.107392,100.0,True,9,215,9:215
20261002T161124,1164.740352,100.0,True,10,291,10:291
20261002T161124,13284.56576,100.0,True,11,225,11:225
20261002T161124,218.737152,100.0,True,11,228,11:228
20261002T161124,11370.287616,100.0,True,13,289,13:289
20261002T161125,2143.841024,100.0,True,2,257,2:257
20261002T161125,1187.845632,100.0,True,5,234,5:234
20261002T161125,1556.34176,100.0,True,12,228,12:228
20261002T161125,16770.551296,100.0,True,14,256,14:256
20261002T161125,11407.290112,100.0,True,17,243,17:243
20261002T161126,340.775424,100.0,True,1,259,1:259
20261002T161126,14482.970368,100.0,True,2,254,2:254
20261002T161126,1842.894592,100.0,True,6,306,6:306
20261002T161126,2257.935104,100.0,True,8,300,8:300
20261002T161126,409.732864,100.0,True,15,301,15:301
20261002T161127,9043.649792,100.0,True,6,304,6:304
20261002T161128,1467.316992,100.0,True,0,272,0:272
20261002T161128,2715.076608,100.0,True,3,265,3:265
20261002T161128,13828.452864,100.0,True,4,306,4:306
20261002T161128,438.16448,100.0,True,8,301,8:301
20261002T161128,1566.357248,100.0,True,17,246,17:246
20261002T161129,2082.339072,100.0,True,2,258,2:258
20261002T161129,891.233024,100.0,True,5,235,5:235
20261002T161129,10286.772224,100.0,True,13,291,13:291
20261002T161129,16165.55648,100.0,True,14,257,14:257
20261002T161129,2617.784832,100.0,True,14,260,14:260
20261002T161129,16075.627008,100.0,True,15,298,15:298
20261002T161129,11167.048704,100.0,True,15,299,15:299
20261002T161130,390.47296,100.0,True,4,311,4:311
20261002T161130,2300.148736,100.0,True,6,307,6:307
20261002T161130,11209.302272,100.0,True,12,227,12:227
20261002T161130,1039.137536,100.0,True,13,294,13:294
20261002T161130,16914.934528,100.0,True,16,232,16:232
20261002T161131,213.640704,100.0,True,0,273,0:273
20261002T161131,15854.305536,100.0,True,2,255,2:255
20261002T161131,12677.66016,100.0,True,5,233,5:233
20261002T161131,10707.24352,100.0,True,8,299,8:299
20261002T161132,1872.29312,100.0,True,3,266,3:266
20261002T161132,17238.732544,100.0,True,13,290,13:290
20261002T161132,2338.722816,100.0,True,15,302,15:302
20261002T161132,13203.2512,100.0,True,17,244,17:244
20261002T161133,14305.858816,100.0,True,3,263,3:263
20261002T161133,12373.872896,100.0,True,4,308,4:308
20261002T161133,12061.88928,100.0,True,6,305,6:305
20261002T161134,16042.725632,100.0,True,16,233,16:233
20261002T161134,12284.877824,100.0,True,16,234,16:234
20261002T161136,17287.611648,100.0,True,0,270,0:270
20261002T161136,1708.307968,100.0,True,3,267,3:267
20261002T161136,1685.993984,100.0,True,6,309,6:309
20261002T161136,3016.752896,100.0,True,9,217,9:217
20261002T161136,2598.33984,100.0,True,14,262,14:262
20261002T161137,2281.68704,100.0,True,0,274,0:274
20261002T161137,2997.924608,100.0,True,4,312,4:312
20261002T161137,1061.976064,100.0,True,8,303,8:303
20261002T161137,2290.449664,100.0,True,12,230,12:230
20261002T161138,16125.263616,100.0,True,0,271,0:271
20261002T161138,16585.821952,100.0,True,3,264,3:264
20261002T161138,14427.600128,100.0,True,4,309,4:309
20261002T161138,11830.131968,100.0,True,9,216,9:216
20261002T161138,15773.28896,100.0,True,13,292,13:292
20261002T161138,601.689088,100.0,True,14,263,14:263
20261002T161138,1205.342976,100.0,True,16,237,16:237
20261002T161140,729.635584,100.0,True,2,261,2:261
20261002T161140,12336.142336,100.0,True,7,219,7:219
20261002T161140,2653.814528,100.0,True,10,295,10:295
20261002T161140,14816.505856,100.0,True,13,293,13:293
20261002T161140,17127.9296,100.0,True,17,245,17:245
20261002T161141,9902.697472,100.0,True,2,259,2:259
20261002T161141,2463.503104,100.0,True,7,221,7:221
20261002T161141,13886.00448,100.0,True,10,292,10:292
20261002T161141,11205.676288,100.0,True,12,229,12:229
20261002T161142,11751.152896,100.0,True,6,308,6:308
20261002T161142,9417.170432,100.0,True,8,302,8:302
20261002T161142,12099.056896,100.0,True,14,261,14:261
20261002T161142,12270.470656,100.0,True,17,247,17:247
20261002T161142,9283.649536,100.0,True,17,248,17:248
20261002T161143,13190.72384,100.0,True,1,260,1:260
20261002T161143,559.683328,100.0,True,7,222,7:222
20261002T161143,1964.281344,100.0,True,10,296,10:296
20261002T161144,2205.024768,100.0,True,2,262,2:262
20261002T161144,2832.344576,100.0,True,5,238,5:238
20261002T161144,1119.045376,100.0,True,14,264,14:264
20261002T161144,2016.98816,100.0,True,16,238,16:238
20261002T161145,2167.494912,100.0,True,0,276,0:276
20261002T161145,10569.328896,100.0,True,2,260,2:260
20261002T161145,17634.70336,100.0,True,4,310,4:310
20261002T161145,2027.858432,100.0,True,15,306,15:306
20261002T161145,17815.372544,100.0,True,16,235,16:235
20261002T161146,1154.22208,100.0,True,5,239,5:239
20261002T161146,152.320512,100.0,True,6,312,6:312
20261002T161146,14004.46848,100.0,True,13,295,13:295
20261002T161146,601.676288,100.0,True,14,265,14:265
20261002T161146,12802.443264,100.0,True,15,303,15:303
20261002T161147,2480.344576,100.0,True,1,263,1:263
20261002T161147,3008.655616,100.0,True,3,269,3:269
20261002T161147,15267.211008,100.0,True,7,220,7:220
20261002T161147,859.633408,100.0,True,10,297,10:297
20261002T161147,17014.635264,100.0,True,11,229,11:229
20261002T161147,11250.287616,100.0,True,13,296,13:296
20261002T161148,659.46624,100.0,True,0,277,0:277
20261002T161148,10274.465536,100.0,True,9,218,9:218
20261002T161148,17765.773312,100.0,True,10,293,10:293
20261002T161148,2238.392832,100.0,True,12,232,12:232
20261002T161148,16599.006464,100.0,True,16,236,16:236
20261002T161149,11164.734208,100.0,True,0,275,0:275
20261002T161149,1455.6352,100.0,True,3,270,3:270
20261002T161149,2285.546752,100.0,True,4,316,4:316
20261002T161149,16720.639744,100.0,True,5,236,5:236
20261002T161149,1323.148032,100.0,True,8,306,8:306
20261002T161149,2627.761152,100.0,True,13,299,13:299
20261002T161149,2368.2432,100.0,True,16,239,16:239
20261002T161150,16501.378304,100.0,True,10,294,10:294
20261002T161150,896.804096,100.0,True,11,233,11:233
20261002T161150,13818.70592,100.0,True,15,304,15:304
20261002T161151,16465.681408,100.0,True,1,261,1:261
20261002T161151,11727.744512,100.0,True,1,262,1:262
20261002T161151,2208.410624,100.0,True,1,264,1:264
20261002T161151,14096.174592,100.0,True,4,313,4:313
20261002T161151,635.484672,100.0,True,13,300,13:300
20261002T161151,1644.266752,100.0,True,14,266,14:266
20261002T161151,758.102016,100.0,True,17,252,17:252
20261002T161152,12923.348224,100.0,True,3,268,3:268
20261002T161152,2327.551488,100.0,True,6,313,6:313
20261002T161152,1295.428096,100.0,True,8,307,8:307
20261002T161152,2012.01024,100.0,True,10,298,10:298
20261002T161152,1866.027008,100.0,True,15,308,15:308
20261002T161153,16231.363328,100.0,True,5,237,5:237
20261002T161153,13550.934784,100.0,True,8,304,8:304
20261002T161153,17211.955712,100.0,True,11,230,11:230
20261002T161153,12401.761792,100.0,True,12,231,12:231
20261002T161153,15750.747648,100.0,True,17,249,17:249
20261002T161154,14005.937408,100.0,True,4,314,4:314
20261002T161154,124.731392,100.0,True,5,241,5:241
20261002T161155,2312.406528,100.0,True,3,271,3:271
20261002T161155,590.04416,100.0,True,7,224,7:224
20261002T161155,183.560448,100.0,True,8,308,8:308
20261002T161156,2353.18784,100.0,True,1,265,1:265
20261002T161156,308.26368,100.0,True,3,272,3:272
20261002T161156,17078.351872,100.0,True,6,310,6:310
20261002T161156,2199.53536,100.0,True,6,314,6:314
20261002T161156,16154.434048,100.0,True,11,231,11:231
20261002T161156,475.384832,100.0,True,16,241,16:241
20261002T161156,10611.312128,100.0,True,17,251,17:251
20261002T161157,2363.821056,100.0,True,2,265,2:265
20261002T161157,13040.717056,100.0,True,4,315,4:315
20261002T161157,13204.985344,100.0,True,8,305,8:305
20261002T161157,2301.23392,100.0,True,10,299,10:299
20261002T161157,17730.892544,100.0,True,13,297,13:297
20261002T161157,2989.632768,100.0,True,14,267,14:267
20261002T161157,17710.420992,100.0,True,15,305,15:305
20261002T161157,9911.091456,100.0,True,15,307,15:307
20261002T161157,15592.946944,100.0,True,17,250,17:250
20261002T161158,15121.820672,100.0,True,6,311,6:311
20261002T161158,1082.06976,100.0,True,6,315,6:315
20261002T161158,13112.448,100.0,True,9,219,9:219
20261002T161158,14982.95168,100.0,True,13,298,13:298
20261002T161159,112.190464,100.0,True,2,266,2:266
20261002T161159,1342.553344,100.0,True,8,309,8:309
20261002T161159,1986.833152,100.0,True,15,310,15:310
20261002T161200,9349.796864,100.0,True,9,220,9:220
20261002T161200,15596.052224,100.0,True,11,232,11:232
20261002T161200,2169.880064,100.0,True,11,235,11:235
20261002T161200,740.377088,100.0,True,12,235,12:235
20261002T161201,2628.868352,100.0,True,1,266,1:266
20261002T161201,15778.577152,100.0,True,2,263,2:263
20261002T161201,11318.11968,100.0,True,5,240,5:240
20261002T161201,2093.76896,100.0,True,5,242,5:242
20261002T161201,1767.7696,100.0,True,13,302,13:302
20261002T161202,1951.000576,100.0,True,6,316,6:316
20261002T161202,13723.187712,100.0,True,7,223,7:223
20261002T161202,2717.554944,100.0,True,7,225,7:225
20261002T161203,1767.908864,100.0,True,3,273,3:273
20261002T161203,9654.899456,100.0,True,11,234,11:234
20261002T161204,2859.441664,100.0,True,0,280,0:280
20261002T161204,227.294976,100.0,True,0,281,0:281
20261002T161204,581.106432,100.0,True,1,267,1:267
20261002T161204,14283.720192,100.0,True,2,264,2:264
20261002T161204,14648.457728,100.0,True,4,317,4:317
20261002T161204,2144.65408,100.0,True,4,320,4:320
20261002T161204,2838.877184,100.0,True,15,311,15:311
20261002T161205,1836.026624,100.0,True,9,222,9:222
20261002T161205,11052.204032,100.0,True,15,309,15:309
20261002T161205,742.292736,100.0,True,17,255,17:255
20261002T161206,11898.585088,100.0,True,4,318,4:318
20261002T161206,430.694656,100.0,True,10,302,10:302
20261002T161206,15202.45248,100.0,True,12,233,12:233
20261002T161206,14907.733248,100.0,True,16,240,16:240
20261002T161207,15481.645568,100.0,True,0,278,0:278
20261002T161207,13005.166848,100.0,True,17,253,17:253
20261002T161208,680.07552,100.0,True,11,237,11:237
20261002T161209,9036.310784,100.0,True,17,254,17:254
20261002T161210,14875.61088,100.0,True,13,301,13:301
20261002T161210,1934.8288,100.0,True,13,304,13:304
20261002T161210,845.955072,100.0,True,17,256,17:256
20261002T161211,1666.707456,100.0,True,3,275,3:275
20261002T161211,2292.642304,100.0,True,5,244,5:244
20261002T161211,986.488832,100.0,True,7,227,7:227
20261002T161211,15474.044672,100.0,True,12,234,12:234
20261002T161211,583.575808,100.0,True,15,313,15:313
20261002T161212,16301.381632,100.0,True,0,279,0:279
20261002T161212,9988.036864,100.0,True,8,310,8:310
20261002T161212,436.537344,100.0,True,13,305,13:305
20261002T161213,2011.309568,100.0,True,0,283,0:283
20261002T161213,1802.807808,100.0,True,2,269,2:269
20261002T161214,1706.103808,100.0,True,1,269,1:269
20261002T161214,15619.47136,100.0,True,4,319,4:319
20261002T161214,2738.286592,100.0,True,6,319,6:319
20261002T161214,17259.935488,100.0,True,9,221,9:221
20261002T161214,14984.409088,100.0,True,10,300,10:300
20261002T161214,1283.497984,100.0,True,11,238,11:238
20261002T161214,11553.225728,100.0,True,14,269,14:269
20261002T161214,12988.614144,100.0,True,16,242,16:242
20261002T161215,2455.606272,100.0,True,5,245,5:245
20261002T161215,9958.037504,100.0,True,16,243,16:243
20261002T161216,9268.847104,100.0,True,1,268,1:268
20261002T161216,10717.478144,100.0,True,3,274,3:274
20261002T161216,11710.976,100.0,True,5,243,5:243
20261002T161216,11485.750528,100.0,True,7,226,7:226
20261002T161216,2219.188992,100.0,True,10,304,10:304
20261002T161216,10209.472256,100.0,True,15,312,15:312
20261002T161216,2279.671296,100.0,True,17,257,17:257
20261002T161217,12636.144896,100.0,True,4,321,4:321
20261002T161217,17952.07424,100.0,True,14,268,14:268
20261002T161218,13080.313856,100.0,True,6,317,6:317
20261002T161218,13186.90048,100.0,True,8,311,8:311
20261002T161218,9499.153152,100.0,True,9,223,9:223
20261002T161218,16794.643456,100.0,True,10,301,10:301
20261002T161218,1226.5408,100.0,True,11,239,11:239
20261002T161219,2479.261184,100.0,True,1,270,1:270
20261002T161219,1098.216704,100.0,True,6,321,6:321
20261002T161219,17037.87648,100.0,True,11,236,11:236
20261002T161219,14979.298048,100.0,True,13,303,13:303
20261002T161220,15581.467904,100.0,True,2,267,2:267
20261002T161220,1570.039552,100.0,True,5,246,5:246
20261002T161220,15320.239616,100.0,True,12,236,12:236
20261002T161220,1912.15488,100.0,True,12,239,12:239
20261002T161221,2235.500032,100.0,True,8,315,8:315
20261002T161221,1065.498624,100.0,True,11,240,11:240
20261002T161221,12642.746624,100.0,True,12,237,12:237
20261002T161221,13101.995776,100.0,True,16,244,16:244
20261002T161222,13064.524032,100.0,True,6,318,6:318
20261002T161222,2318.33728,100.0,True,13,307,13:307
20261002T161222,16523.173376,100.0,True,14,270,14:270
20261002T161223,2050.58432,100.0,True,2,271,2:271
20261002T161223,1115.84384,100.0,True,5,247,5:247
20261002T161223,2158.782464,100.0,True,8,316,8:316
20261002T161223,1718.21056,100.0,True,17,259,17:259
20261002T161224,16685.412608,100.0,True,2,268,2:268
20261002T161224,2920.973824,100.0,True,7,229,7:229
20261002T161224,9310.2208,100.0,True,15,314,15:314
20261002T161224,2655.735808,100.0,True,16,247,16:247
20261002T161225,10086.422784,100.0,True,8,314,8:314
20261002T161225,12410.749696,100.0,True,12,238,12:238
20261002T161225,12778.718208,100.0,True,16,245,16:245
20261002T161226,17586.746112,100.0,True,0,282,0:282
20261002T161226,2062.258944,100.0,True,2,272,2:272
20261002T161226,17381.347584,100.0,True,4,322,4:322
20261002T161226,14228.398336,100.0,True,8,313,8:313
20261002T161226,653.985792,100.0,True,8,317,8:317
20261002T161226,2872.496896,100.0,True,9,226,9:226
20261002T161226,1373.104384,100.0,True,11,241,11:241
20261002T161226,2550.928128,100.0,True,13,308,13:308
20261002T161226,11116.251136,100.0,True,14,272,14:272
20261002T161226,501.408512,100.0,True,14,275,14:275
20261002T161227,1032.069376,100.0,True,0,286,0:286
20261002T161227,10161.532928,100.0,True,2,270,2:270
20261002T161227,13960.182528,100.0,True,4,323,4:323
20261002T161227,1605.054464,100.0,True,6,323,6:323
20261002T161227,18235.315968,100.0,True,8,312,8:312
20261002T161227,195.764224,100.0,True,10,307,10:307
20261002T161227,383.073536,100.0,True,17,260,17:260
20261002T161228,18137.808128,100.0,True,10,303,10:303
20261002T161229,2146.930432,100.0,True,3,279,3:279
20261002T161229,1158.820352,100.0,True,12,241,12:241
20261002T161229,18254.711808,100.0,True,14,271,14:271
20261002T161229,11987.881984,100.0,True,16,246,16:246
20261002T161230,831.185152,100.0,True,9,227,9:227
20261002T161230,14071.83488,100.0,True,13,306,13:306
20261002T161230,11980.436992,100.0,True,17,258,17:258
20261002T161231,2395.502336,100.0,True,1,273,1:273
20261002T161231,1127.837184,100.0,True,3,280,3:280
20261002T161231,15257.367552,100.0,True,7,228,7:228
20261002T161231,18133.111552,100.0,True,9,224,9:224
20261002T161231,14336.029952,100.0,True,9,225,9:225
20261002T161231,1686.296832,100.0,True,14,276,14:276
20261002T161232,15518.184704,100.0,True,0,284,0:284
20261002T161232,16149.93536,100.0,True,4,324,4:324
20261002T161232,479.595264,100.0,True,7,231,7:231
20261002T161233,12254.597376,100.0,True,1,271,1:271
20261002T161233,18169.289216,100.0,True,3,276,3:276
20261002T161233,17264.812544,100.0,True,6,320,6:320
20261002T161233,13675.04256,100.0,True,14,273,14:273
20261002T161233,13452.733696,100.0,True,15,315,15:315
20261002T161234,16363.298304,100.0,True,10,305,10:305
20261002T161234,12037.492992,100.0,True,10,306,10:306
20261002T161234,1454.98752,100.0,True,11,243,11:243
20261002T161235,15310.764288,100.0,True,4,325,4:325
20261002T161235,13309.898752,100.0,True,6,322,6:322
20261002T161235,1899.78624,100.0,True,15,319,15:319
20261002T161236,14852.841728,100.0,True,0,285,0:285
20261002T161236,362.775552,100.0,True,3,281,3:281
20261002T161236,1458.377984,100.0,True,10,309,10:309
20261002T161237,18168.052224,100.0,True,3,277,3:277
20261002T161237,10575.821824,100.0,True,7,230,7:230
20261002T161237,15299.123456,100.0,True,12,240,12:240
20261002T161237,10649.85216,100.0,True,16,248,16:248
20261002T161237,1067.36128,100.0,True,17,262,17:262
20261002T161238,1718.363904,100.0,True,0,288,0:288
20261002T161238,13031.43296,100.0,True,1,272,1:272
20261002T161238,1897.718016,100.0,True,1,275,1:275
20261002T161238,11573.401088,100.0,True,5,248,5:248
20261002T161238,2560.670976,100.0,True,8,320,8:320
20261002T161238,3048.446976,100.0,True,9,228,9:228
20261002T161238,11420.906496,100.0,True,13,309,13:309
20261002T161238,400.10624,100.0,True,14,278,14:278
20261002T161238,15289.708544,100.0,True,15,316,15:316
20261002T161239,14909.82912,100.0,True,3,278,3:278
20261002T161239,2682.139904,100.0,True,7,232,7:232
20261002T161239,2303.400704,100.0,True,11,244,11:244
20261002T161239,266.555136,100.0,True,17,263,17:263
20261002T161240,382.637312,100.0,True,3,282,3:282
20261002T161240,15998.482944,100.0,True,4,326,4:326
20261002T161240,10556.926208,100.0,True,13,310,13:310
20261002T161240,17733.301248,100.0,True,14,274,14:274
20261002T161240,9981.818624,100.0,True,15,318,15:318
20261002T161240,2912.493312,100.0,True,15,320,15:320
20261002T161241,1405.061632,100.0,True,1,276,1:276
20261002T161241,3064.360192,100.0,True,4,330,4:330
20261002T161241,12780.285696,100.0,True,6,324,6:324
20261002T161241,15222.266112,100.0,True,15,317,15:317
20261002T161241,9631.92192,100.0,True,17,261,17:261
20261002T161242,11021.657856,100.0,True,0,287,0:287
20261002T161242,1527.807488,100.0,True,9,229,9:229
20261002T161242,10824.239616,100.0,True,16,249,16:249
20261002T161243,430.85568,100.0,True,7,233,7:233
20261002T161243,13780.214528,100.0,True,11,242,11:242
20261002T161243,2992.999424,100.0,True,12,243,12:243
20261002T161243,10530.97088,100.0,True,14,277,14:277
20261002T161244,2880.569088,100.0,True,2,276,2:276
20261002T161244,17328.021248,100.0,True,4,327,4:327
20261002T161244,13581.33248,100.0,True,4,328,4:328
20261002T161244,1734.04928,100.0,True,4,331,4:331
20261002T161245,1601.073408,100.0,True,5,251,5:251
20261002T161245,1092.77568,100.0,True,6,328,6:328
20261002T161245,13656.928768,100.0,True,8,319,8:319
20261002T161245,10982.801152,100.0,True,12,242,12:242
20261002T161245,2578.77888,100.0,True,14,279,14:279
20261002T161245,820.939776,100.0,True,15,322,15:322
20261002T161246,17980.756224,100.0,True,2,273,2:273
20261002T161246,263.176704,100.0,True,2,277,2:277
20261002T161246,13902.285568,100.0,True,5,249,5:249
20261002T161246,13779.71584,100.0,True,6,325,6:325
20261002T161246,17588.990976,100.0,True,8,318,8:318
20261002T161246,141.829376,100.0,True,12,244,12:244
20261002T161246,2987.376896,100.0,True,17,264,17:264
20261002T161247,15128.6208,100.0,True,2,274,2:274
20261002T161247,13311.801088,100.0,True,4,329,4:329
20261002T161247,377.095424,100.0,True,7,234,7:234
20261002T161247,2695.396864,100.0,True,9,230,9:230
20261002T161247,16889.555968,100.0,True,10,308,10:308
20261002T161248,2438.804736,100.0,True,4,332,4:332
20261002T161248,11476.159744,100.0,True,6,326,6:326
20261002T161248,9824.289536,100.0,True,10,310,10:310
20261002T161249,1853.040896,100.0,True,1,278,1:278
20261002T161249,11133.409536,100.0,True,5,250,5:250
20261002T161250,17765.135872,100.0,True,1,274,1:274
20261002T161250,13657.83296,100.0,True,2,275,2:275
20261002T161250,9542.836992,100.0,True,10,311,10:311
20261002T161250,17058.02368,100.0,True,13,311,13:311
20261002T161250,9666.32192,100.0,True,13,313,13:313
20261002T161250,2184.423424,100.0,True,14,280,14:280
20261002T161251,11960.4096,100.0,True,8,321,8:321
20261002T161251,1368.489728,100.0,True,10,313,10:313
20261002T161251,9302.721536,100.0,True,15,321,15:321
20261002T161251,2705.08032,100.0,True,15,323,15:323
20261002T161251,2548.37376,100.0,True,17,265,17:265
20261002T161252,10601.06624,100.0,True,0,289,0:289
20261002T161252,9372.8,100.0,True,1,277,1:277
20261002T161252,1434.7264,100.0,True,3,285,3:285
20261002T161252,1026.026752,100.0,True,12,245,12:245
20261002T161252,16208.697344,100.0,True,13,312,13:312
20261002T161252,15224.56832,100.0,True,16,250,16:250
20261002T161253,2270.898688,100.0,True,0,291,0:291
20261002T161253,707.470848,100.0,True,5,253,5:253
20261002T161253,9798.356736,100.0,True,8,322,8:322
20261002T161254,1955.095552,100.0,True,4,334,4:334
20261002T161254,2569.2352,100.0,True,14,281,14:281
20261002T161256,377.006592,100.0,True,14,282,14:282
20261002T161257,1573.933824,100.0,True,0,292,0:292
20261002T161257,16760.1408,100.0,True,6,327,6:327
20261002T161257,9316.17408,100.0,True,8,323,8:323
20261002T161257,11631.79648,100.0,True,10,312,10:312
20261002T161257,12254.305792,100.0,True,13,314,13:314
20261002T161258,1234.935296,100.0,True,13,317,13:317
20261002T161259,2228.73856,100.0,True,1,280,1:280
20261002T161259,15373.644544,100.0,True,3,283,3:283
20261002T161259,17900.34816,100.0,True,11,245,11:245
20261002T161259,17412.809984,100.0,True,16,251,16:251
20261002T161300,1775.033344,100.0,True,2,280,2:280
20261002T161300,12977.739008,100.0,True,6,329,6:329
20261002T161300,550.951936,100.0,True,8,326,8:326
20261002T161300,13638.664448,100.0,True,11,246,11:246
20261002T161300,9546.034432,100.0,True,11,247,11:247
20261002T161301,266.46272,100.0,True,10,316,10:316
20261002T161301,13111.959808,100.0,True,13,315,13:315
20261002T161302,14715.903488,100.0,True,3,284,3:284
20261002T161302,13725.643264,100.0,True,4,333,4:333
20261002T161302,1799.039232,100.0,True,7,237,7:237
20261002T161302,1867.505152,100.0,True,13,318,13:318
20261002T161302,11122.830848,100.0,True,15,324,15:324
20261002T161303,17419.10656,100.0,True,0,290,0:290
20261002T161303,10942.317056,100.0,True,1,279,1:279
20261002T161303,282.103808,100.0,True,5,255,5:255
20261002T161303,241.199104,100.0,True,12,247,12:247
20261002T161303,10120.477952,100.0,True,13,316,13:316
20261002T161303,16368.974592,100.0,True,16,252,16:252
20261002T161303,3034.31552,100.0,True,17,268,17:268
20261002T161304,1243.067904,100.0,True,0,294,0:294
20261002T161304,1222.046208,100.0,True,8,327,8:327
20261002T161304,15684.085248,100.0,True,9,231,9:231
20261002T161304,332.338688,100.0,True,15,328,15:328
20261002T161305,17563.918848,100.0,True,5,252,5:252
20261002T161305,11912.38912,100.0,True,16,253,16:253
20261002T161305,13345.900032,100.0,True,17,266,17:266
20261002T161306,2992.296448,100.0,True,3,288,3:288
20261002T161306,15128.58112,100.0,True,6,330,6:330
20261002T161306,2300.989696,100.0,True,9,234,9:234
20261002T161306,3059.127296,100.0,True,11,249,11:249
20261002T161306,2892.851712,100.0,True,14,284,14:284
20261002T161308,17571.029504,100.0,True,2,278,2:278
20261002T161308,11976.658432,100.0,True,4,335,4:335
20261002T161308,16785.719296,100.0,True,7,235,7:235
20261002T161308,12276.28032,100.0,True,7,236,7:236
20261002T161308,16154.034432,100.0,True,8,324,8:324
20261002T161308,12176.3776,100.0,True,8,325,8:325
20261002T161308,1570.936832,100.0,True,8,328,8:328
20261002T161309,967.003648,100.0,True,4,338,4:338
20261002T161309,801.295104,100.0,True,14,285,14:285
20261002T161310,16214.430208,100.0,True,2,279,2:279
20261002T161310,1478.290176,100.0,True,2,282,2:282
20261002T161310,13115.597312,100.0,True,12,246,12:246
20261002T161311,2763.877888,100.0,True,0,295,0:295
20261002T161311,9818.649344,100.0,True,1,281,1:281
20261002T161311,11018.027264,100.0,True,4,336,4:336
20261002T161311,17470.931712,100.0,True,9,232,9:232
20261002T161311,16311.595264,100.0,True,10,314,10:314
20261002T161311,12673.870848,100.0,True,10,315,10:315
20261002T161311,1272.946432,100.0,True,13,320,13:320
20261002T161311,12929.58336,100.0,True,16,254,16:254
20261002T161311,2761.006336,100.0,True,17,270,17:270
20261002T161312,17989.701888,100.0,True,3,286,3:286
20261002T161312,896.673024,100.0,True,3,290,3:290
20261002T161312,17621.714432,100.0,True,6,331,6:331
20261002T161312,1161.088,100.0,True,8,329,8:329
20261002T161312,17206.537984,100.0,True,15,325,15:325
20261002T161312,13668.360448,100.0,True,15,326,15:326
20261002T161312,2864.609536,100.0,True,16,256,16:256
20261002T161312,741.800192,100.0,True,17,271,17:271
20261002T161313,14543.582208,100.0,True,0,293,0:293
20261002T161313,9586.779904,100.0,True,6,334,6:334
20261002T161313,16529.010176,100.0,True,11,248,11:248
20261002T161313,16645.047296,100.0,True,17,267,17:267
20261002T161314,10306.913792,100.0,True,4,337,4:337
20261002T161314,15350.888192,100.0,True,5,254,5:254
20261002T161314,16666.191872,100.0,True,6,332,6:332
20261002T161314,15792.289792,100.0,True,9,233,9:233
20261002T161315,2942.519552,100.0,True,4,339,4:339
20261002T161316,14724.675072,100.0,True,6,333,6:333
20261002T161316,2711.27808,100.0,True,10,319,10:319
20261002T161316,15738.585088,100.0,True,14,283,14:283
20261002T161316,1766.768128,100.0,True,16,257,16:257
20261002T161317,1875.143424,100.0,True,3,291,3:291
20261002T161317,12673.642752,100.0,True,10,317,10:317
20261002T161317,654.129664,100.0,True,10,320,10:320
20261002T161317,1652.339456,100.0,True,14,287,14:287
20261002T161318,13251.314944,100.0,True,1,282,1:282
20261002T161318,1070.534656,100.0,True,1,285,1:285
20261002T161318,15130.557696,100.0,True,2,281,2:281
20261002T161318,18299.59936,100.0,True,3,287,3:287
20261002T161318,2837.329408,100.0,True,6,337,6:337
20261002T161318,17236.817408,100.0,True,15,327,15:327
20261002T161318,10090.879744,100.0,True,15,329,15:329
20261002T161318,2995.96032,100.0,True,15,331,15:331
20261002T161319,11098.21824,100.0,True,7,238,7:238
20261002T161319,2598.900224,100.0,True,17,272,17:272
20261002T161320,2528.255488,100.0,True,11,252,11:252
20261002T161320,9744.966656,100.0,True,15,330,15:330
20261002T161320,2339.709696,100.0,True,15,332,15:332
20261002T161321,11329.483776,100.0,True,1,283,1:283
20261002T161321,386.128384,100.0,True,1,286,1:286
20261002T161321,152.597504,100.0,True,10,321,10:321
20261002T161321,17100.96128,100.0,True,16,255,16:255
20261002T161322,2255.296512,100.0,True,9,237,9:237
20261002T161322,13527.18208,100.0,True,12,248,12:248
20261002T161322,16749.857792,100.0,True,13,319,13:319
20261002T161322,1305.184512,100.0,True,13,323,13:323
20261002T161322,17139.917312,100.0,True,17,269,17:269
20261002T161323,2261.37984,100.0,True,3,293,3:293
20261002T161323,2996.018688,100.0,True,4,341,4:341
20261002T161323,9480.363264,100.0,True,5,258,5:258
20261002T161323,14833.676544,100.0,True,11,250,11:250
20261002T161323,1822.591744,100.0,True,11,253,11:253
20261002T161324,1752.307712,100.0,True,2,285,2:285
20261002T161324,18063.961856,100.0,True,5,256,5:256
20261002T161324,500.487168,100.0,True,8,333,8:333
20261002T161324,1135.324928,100.0,True,15,333,15:333
20261002T161325,13847.533312,100.0,True,0,296,0:296
20261002T161325,418.681344,100.0,True,1,287,1:287
20261002T161325,18362.43456,100.0,True,3,289,3:289
20261002T161325,17049.867008,100.0,True,6,335,6:335
20261002T161325,15893.77664,100.0,True,10,318,10:318
20261002T161325,10422.719232,100.0,True,12,249,12:249
20261002T161325,10879.062784,100.0,True,13,321,13:321
20261002T161325,1990.874368,100.0,True,14,289,14:289
20261002T161325,3096.044288,100.0,True,17,273,17:273
20261002T161326,13788.035328,100.0,True,7,239,7:239
20261002T161326,16164.259584,100.0,True,9,235,9:235
20261002T161326,15030.122496,100.0,True,14,286,14:286
20261002T161327,2873.736704,100.0,True,0,299,0:299
20261002T161327,12320.768512,100.0,True,9,236,9:236
20261002T161327,3104.319744,100.0,True,12,251,12:251
20261002T161327,1596.681984,100.0,True,16,260,16:260
20261002T161328,197.77792,100.0,True,0,300,0:300
20261002T161328,17879.5712,100.0,True,5,257,5:257
20261002T161328,269.09824,100.0,True,7,242,7:242
20261002T161328,2905.110784,100.0,True,17,274,17:274
20261002T161329,14958.57408,100.0,True,1,284,1:284
20261002T161329,15705.519872,100.0,True,2,283,2:283
20261002T161329,10558.28992,100.0,True,3,292,3:292
20261002T161329,12332.011776,100.0,True,4,340,4:340
20261002T161329,11312.630272,100.0,True,5,259,5:259
20261002T161329,1454.537472,100.0,True,6,340,6:340
20261002T161329,15799.84896,100.0,True,8,330,8:330
20261002T161329,9739.68768,100.0,True,8,332,8:332
20261002T161329,1720.771328,100.0,True,10,323,10:323
20261002T161329,2460.241664,100.0,True,11,254,11:254
20261002T161329,11406.90304,100.0,True,13,322,13:322
20261002T161329,784.949248,100.0,True,13,325,13:325
20261002T161329,2849.891328,100.0,True,15,334,15:334
20261002T161330,2146.511616,100.0,True,4,343,4:343
20261002T161330,17914.275584,100.0,True,6,336,6:336
20261002T161330,17350.04928,100.0,True,11,251,11:251
20261002T161330,1950.114048,100.0,True,14,290,14:290
20261002T161331,1765.335296,100.0,True,1,288,1:288
20261002T161331,1549.565696,100.0,True,2,287,2:287
20261002T161331,1442.645248,100.0,True,6,341,6:341
20261002T161331,906.942976,100.0,True,12,252,12:252
20261002T161331,9179.557376,100.0,True,16,259,16:259
20261002T161332,16751.18592,100.0,True,0,297,0:297
20261002T161332,12587.87328,100.0,True,0,298,0:298
20261002T161332,1062.40512,100.0,True,4,344,4:344
20261002T161332,3056.908288,100.0,True,5,261,5:261
20261002T161332,15422.51136,100.0,True,8,331,8:331
20261002T161332,1727.41888,100.0,True,11,255,11:255
20261002T161332,2687.767808,100.0,True,15,335,15:335
20261002T161332,774.20032,100.0,True,16,261,16:261
20261002T161333,14941.873408,100.0,True,2,284,2:284
20261002T161333,13598.550272,100.0,True,6,338,6:338
20261002T161333,1048.46208,100.0,True,10,324,10:324
20261002T161333,13384.956416,100.0,True,12,250,12:250
20261002T161333,750.185472,100.0,True,15,336,15:336
20261002T161333,15579.552,100.0,True,16,258,16:258
20261002T161334,2876.076032,100.0,True,0,301,0:301
20261002T161334,995.168512,100.0,True,6,342,6:342
20261002T161334,10012.755712,100.0,True,10,322,10:322
20261002T161334,13433.58592,100.0,True,14,288,14:288
20261002T161335,1319.138816,100.0,True,1,289,1:289
20261002T161335,1975.577856,100.0,True,3,296,3:296
20261002T161335,17313.546752,100.0,True,7,240,7:240
20261002T161335,12686.029568,100.0,True,7,241,7:241
20261002T161335,11639.724288,100.0,True,9,238,9:238
20261002T161336,12674.070016,100.0,True,5,260,5:260
20261002T161336,172.165376,100.0,True,6,343,6:343
20261002T161337,9933.14176,100.0,True,2,286,2:286
20261002T161337,2576.532224,100.0,True,7,243,7:243
20261002T161337,2656.972288,100.0,True,12,253,12:253
20261002T161338,2092.450048,100.0,True,4,345,4:345
20261002T161338,1814.281216,100.0,True,10,325,10:325
20261002T161338,1460.963584,100.0,True,13,327,13:327
20261002T161338,418.210048,100.0,True,14,292,14:292
20261002T161339,2655.82976,100.0,True,3,297,3:297
20261002T161339,16730.38848,100.0,True,6,339,6:339
20261002T161339,12350.38208,100.0,True,8,334,8:334
20261002T161339,1468.798464,100.0,True,15,337,15:337
20261002T161340,16082.887936,100.0,True,4,342,4:342
20261002T161340,10866.351872,100.0,True,9,239,9:239
20261002T161340,15090.6176,100.0,True,13,324,13:324
20261002T161341,1419.162368,100.0,True,0,303,0:303
20261002T161341,11932.180736,100.0,True,3,295,3:295
20261002T161341,2037.970944,100.0,True,4,346,4:346
20261002T161341,2734.117888,100.0,True,6,344,6:344
20261002T161341,10675.067392,100.0,True,8,335,8:335
20261002T161341,9950.530816,100.0,True,13,326,13:326
20261002T161341,865.980672,100.0,True,13,328,13:328
20261002T161341,2363.364864,100.0,True,16,263,16:263
20261002T161341,11141.393664,100.0,True,17,275,17:275
20261002T161341,956.575744,100.0,True,17,277,17:277
20261002T161342,10235.531776,100.0,True,5,262,5:262
20261002T161342,1422.310912,100.0,True,7,244,7:244
20261002T161342,1357.775872,100.0,True,8,338,8:338
20261002T161342,1199.785472,100.0,True,10,326,10:326
20261002T161343,17243.053568,100.0,True,3,294,3:294
20261002T161343,1932.42624,100.0,True,3,298,3:298
20261002T161344,155.630336,100.0,True,10,327,10:327
20261002T161344,2510.846976,100.0,True,12,255,12:255
20261002T161344,2766.927872,100.0,True,14,293,14:293
20261002T161344,369.408,100.0,True,16,264,16:264
20261002T161345,11320.927488,100.0,True,8,336,8:336
20261002T161346,11552.859648,100.0,True,0,302,0:302
20261002T161346,8897.881344,100.0,True,8,337,8:337
20261002T161346,1777.176832,100.0,True,13,329,13:329
20261002T161346,1392.72192,100.0,True,17,278,17:278
20261002T161347,1960.720384,100.0,True,1,292,1:292
20261002T161347,9386.262016,100.0,True,2,289,2:289
20261002T161347,1238.173952,100.0,True,4,348,4:348
20261002T161347,11193.098752,100.0,True,5,263,5:263
20261002T161347,12029.7792,100.0,True,16,262,16:262
20261002T161349,280.669696,100.0,True,3,300,3:300
20261002T161349,14241.152256,100.0,True,9,240,9:240
20261002T161349,15751.227136,100.0,True,14,291,14:291
20261002T161349,2662.020608,100.0,True,14,294,14:294
20261002T161349,1670.738944,100.0,True,16,265,16:265
20261002T161349,14234.031104,100.0,True,17,276,17:276
20261002T161350,497.46304,100.0,True,0,305,0:305
20261002T161350,12982.495744,100.0,True,1,290,1:290
20261002T161350,16498.7456,100.0,True,2,288,2:288
20261002T161350,10334.070528,100.0,True,5,264,5:264
20261002T161350,3031.443968,100.0,True,7,245,7:245
20261002T161350,511.729408,100.0,True,9,243,9:243
20261002T161351,2159.134464,100.0,True,2,291,2:291
20261002T161351,11823.081472,100.0,True,9,241,9:241
20261002T161351,10835.855616,100.0,True,15,338,15:338
20261002T161352,13802.29888,100.0,True,12,254,12:254
20261002T161352,533.51552,100.0,True,16,266,16:266
20261002T161353,687.63776,100.0,True,8,341,8:341
20261002T161353,16528.195072,100.0,True,11,256,11:256
20261002T161354,810.762496,100.0,True,6,348,6:348
20261002T161354,9268.420096,100.0,True,9,242,9:242
20261002T161354,12154.86592,100.0,True,11,257,11:257
20261002T161354,1375.988736,100.0,True,12,257,12:257
20261002T161355,475.37664,100.0,True,0,306,0:306
20261002T161355,1258.805504,100.0,True,2,292,2:292
20261002T161355,510.449664,100.0,True,5,267,5:267
20261002T161355,13073.353984,100.0,True,6,345,6:345
20261002T161355,1624.664832,100.0,True,13,331,13:331
20261002T161355,10641.836544,100.0,True,15,339,15:339
20261002T161356,14749.814016,100.0,True,1,291,1:291
20261002T161356,194.42304,100.0,True,3,302,3:302
20261002T161356,12714.064896,100.0,True,4,347,4:347
20261002T161356,12336.82048,100.0,True,8,339,8:339
20261002T161356,9178.743552,100.0,True,8,340,8:340
20261002T161356,1509.728256,100.0,True,9,244,9:244
20261002T161356,2605.574912,100.0,True,10,329,10:329
20261002T161356,903.696128,100.0,True,17,280,17:280
20261002T161357,13053.394688,100.0,True,2,290,2:290
20261002T161357,9990.459392,100.0,True,15,340,15:340
20261002T161358,1011.324416,100.0,True,1,295,1:295
20261002T161358,12066.57024,100.0,True,5,265,5:265
20261002T161358,11966.810112,100.0,True,6,346,6:346
20261002T161358,2074.274048,100.0,True,7,247,7:247
20261002T161358,1484.66944,100.0,True,11,260,11:260
20261002T161359,127.34976,100.0,True,6,350,6:350
20261002T161359,549.424896,100.0,True,10,331,10:331
20261002T161359,1779.522304,100.0,True,14,297,14:297
20261002T161400,15149.30432,100.0,True,0,304,0:304
20261002T161400,1983.28576,100.0,True,8,343,8:343
20261002T161400,393.89696,100.0,True,12,258,12:258
20261002T161400,910.969088,100.0,True,13,333,13:333
20261002T161401,11875.694848,100.0,True,1,293,1:293
20261002T161401,16198.111744,100.0,True,3,299,3:299
20261002T161401,873.96608,100.0,True,3,303,3:303
20261002T161401,735.244544,100.0,True,5,268,5:268
20261002T161401,14035.214592,100.0,True,12,256,12:256
20261002T161401,12605.266432,100.0,True,13,330,13:330
20261002T161401,11449.91872,100.0,True,14,295,14:295
20261002T161402,2614.506752,100.0,True,4,352,4:352
20261002T161402,10232.46208,100.0,True,7,246,7:246
20261002T161402,13882.592512,100.0,True,10,328,10:328
20261002T161402,14236.317184,100.0,True,11,258,11:258
20261002T161402,1644.6784,100.0,True,16,268,16:268
20261002T161402,12846.845696,100.0,True,17,279,17:279
20261002T161403,9992.978176,100.0,True,4,350,4:350
20261002T161403,1592.413184,100.0,True,8,344,8:344
20261002T161403,2383.52896,100.0,True,9,245,9:245
20261002T161403,1382.73792,100.0,True,14,298,14:298
20261002T161403,3066.324224,100.0,True,17,281,17:281
20261002T161404,961.832192,100.0,True,4,353,4:353
20261002T161404,12096.283904,100.0,True,15,341,15:341
20261002T161405,1352.481024,100.0,True,0,308,0:308
20261002T161405,2723.715584,100.0,True,1,296,1:296
20261002T161405,1627.116288,100.0,True,2,294,2:294
20261002T161405,570.245632,100.0,True,3,304,3:304
20261002T161405,1169.84576,100.0,True,5,269,5:269
20261002T161405,15219.969024,100.0,True,6,347,6:347
20261002T161405,2954.253312,100.0,True,13,334,13:334
20261002T161406,1134.393344,100.0,True,14,299,14:299
20261002T161407,456.896512,100.0,True,4,354,4:354
20261002T161407,17094.768896,100.0,True,5,266,5:266
20261002T161407,11475.2128,100.0,True,8,342,8:342
20261002T161407,1643.914496,100.0,True,8,345,8:345
20261002T161407,14876.358912,100.0,True,11,259,11:259
20261002T161407,668.77824,100.0,True,11,262,11:262
20261002T161408,15051.026688,100.0,True,1,294,1:294
20261002T161408,480.772352,100.0,True,1,297,1:297
20261002T161408,15209.258752,100.0,True,3,301,3:301
20261002T161408,17641.9904,100.0,True,4,349,4:349
20261002T161408,2282.816768,100.0,True,7,249,7:249
20261002T161408,11814.4448,100.0,True,13,332,13:332
20261002T161408,12411.697408,100.0,True,15,342,15:342
20261002T161409,9097.231872,100.0,True,7,248,7:248
20261002T161409,13026.258176,100.0,True,10,330,10:330
20261002T161409,2820.05248,100.0,True,10,333,10:333
20261002T161410,13479.817216,100.0,True,6,349,6:349
20261002T161410,191.415296,100.0,True,6,353,6:353
20261002T161410,10721.09696,100.0,True,15,343,15:343
20261002T161411,17475.145984,100.0,True,14,296,14:296
20261002T161411,1490.31936,100.0,True,14,300,14:300
20261002T161412,2151.48416,100.0,True,3,305,3:305
20261002T161412,1418.105856,100.0,True,4,355,4:355
20261002T161412,16397.275136,100.0,True,16,267,16:267
20261002T161412,1107.364096,100.0,True,17,283,17:283
20261002T161413,13424.27904,100.0,True,0,307,0:307
20261002T161413,531.118336,100.0,True,1,298,1:298
20261002T161413,14116.155136,100.0,True,2,293,2:293
20261002T161413,677.924864,100.0,True,8,347,8:347
20261002T161413,2864.886528,100.0,True,12,260,12:260
20261002T161413,1884.784384,100.0,True,16,270,16:270
20261002T161414,2382.337024,100.0,True,2,296,2:296
20261002T161414,1097.848064,100.0,True,3,306,3:306
20261002T161414,17591.184128,100.0,True,4,351,4:351
20261002T161414,898.623488,100.0,True,5,271,5:271
20261002T161414,2495.303424,100.0,True,9,247,9:247
20261002T161414,14010.238208,100.0,True,11,261,11:261
20261002T161414,9926.94912,100.0,True,12,259,12:259
20261002T161414,1458.29888,100.0,True,13,337,13:337
20261002T161414,9616.64384,100.0,True,17,282,17:282
20261002T161415,1282.206208,100.0,True,4,356,4:356
20261002T161415,12506.053632,100.0,True,15,344,15:344
20261002T161416,13018.574848,100.0,True,10,332,10:332
20261002T161416,2694.669824,100.0,True,14,301,14:301
20261002T161416,9359.757056,100.0,True,15,345,15:345
20261002T161416,626.133248,100.0,True,17,284,17:284
20261002T161417,2566.91968,100.0,True,0,310,0:310
20261002T161417,10853.191168,100.0,True,6,352,6:352
20261002T161417,184.521472,100.0,True,13,338,13:338
20261002T161417,2167.584256,100.0,True,15,347,15:347
20261002T161417,1004.616704,100.0,True,16,271,16:271
20261002T161418,1560.68224,100.0,True,1,299,1:299
20261002T161418,1348.59264,100.0,True,9,248,9:248
20261002T161418,9435.328256,100.0,True,10,334,10:334
20261002T161418,9694.853632,100.0,True,13,336,13:336
20261002T161419,1635.225856,100.0,True,4,357,4:357
20261002T161419,9963.335168,100.0,True,5,270,5:270
20261002T161419,2167.517696,100.0,True,14,302,14:302
20261002T161420,794.267648,100.0,True,6,356,6:356
20261002T161420,2040.112384,100.0,True,7,251,7:251
20261002T161420,14719.805184,100.0,True,9,246,9:246
20261002T161420,885.867776,100.0,True,11,265,11:265
20261002T161421,12621.534976,100.0,True,0,309,0:309
20261002T161421,12628.611072,100.0,True,2,295,2:295
20261002T161421,17222.65856,100.0,True,6,351,6:351
20261002T161421,10855.0848,100.0,True,11,263,11:263
20261002T161421,15586.673408,100.0,True,13,335,13:335
20261002T161421,15445.158144,100.0,True,16,269,16:269
20261002T161422,1033.491968,100.0,True,3,308,3:308
20261002T161422,13644.49152,100.0,True,8,346,8:346
20261002T161422,1058.833152,100.0,True,8,349,8:349
20261002T161423,897.757184,100.0,True,0,312,0:312
20261002T161423,1213.604608,100.0,True,5,273,5:273
20261002T161424,1895.63648,100.0,True,1,300,1:300
20261002T161424,499.218432,100.0,True,11,266,11:266
20261002T161424,2466.294528,100.0,True,12,262,12:262
20261002T161424,1198.37568,100.0,True,13,340,13:340
20261002T161424,13268.240128,100.0,True,15,346,15:346
20261002T161425,626.962944,100.0,True,4,359,4:359
20261002T161425,13118.35008,100.0,True,7,250,7:250
20261002T161425,877.886464,100.0,True,7,252,7:252
20261002T161425,765.225472,100.0,True,8,350,8:350
20261002T161426,963.529216,100.0,True,14,304,14:304
20261002T161427,638.921728,100.0,True,12,263,12:263
20261002T161427,2843.872768,100.0,True,17,286,17:286
20261002T161428,164.287232,100.0,True,4,360,4:360
20261002T161428,12114.55872,100.0,True,8,348,8:348
20261002T161428,15410.648832,100.0,True,10,335,10:335
20261002T161428,2860.841728,100.0,True,10,338,10:338
20261002T161428,1075.155712,100.0,True,15,350,15:350
20261002T161429,1278.821632,100.0,True,2,300,2:300
20261002T161429,1187.64672,100.0,True,6,358,6:358
20261002T161429,487.828736,100.0,True,9,250,9:250
20261002T161429,13160.512256,100.0,True,12,261,12:261
20261002T161430,17357.895936,100.0,True,6,354,6:354
20261002T161430,2521.380096,100.0,True,13,341,13:341
20261002T161431,15407.343872,100.0,True,2,297,2:297
20261002T161431,12099.776256,100.0,True,2,298,2:298
20261002T161431,10522.123008,100.0,True,4,358,4:358
20261002T161431,15545.276672,100.0,True,6,355,6:355
20261002T161431,935.000576,100.0,True,7,253,7:253
20261002T161431,2019.958528,100.0,True,11,267,11:267
20261002T161432,2752.17536,100.0,True,3,310,3:310
20261002T161432,817.048064,100.0,True,4,361,4:361
20261002T161432,16801.058048,100.0,True,11,264,11:264
20261002T161432,11883.34208,100.0,True,14,303,14:303
20261002T161432,9407.329792,100.0,True,16,272,16:272
20261002T161433,1691.195648,100.0,True,2,301,2:301
20261002T161433,10957.088,100.0,True,9,249,9:249
20261002T161433,15420.052224,100.0,True,10,336,10:336
20261002T161433,13163.9552,100.0,True,13,339,13:339
20261002T161433,14781.863424,100.0,True,15,348,15:348
20261002T161434,15176.693504,100.0,True,0,311,0:311
20261002T161434,10853.52832,100.0,True,2,299,2:299
20261002T161434,1371.513344,100.0,True,3,311,3:311
20261002T161434,2020.787968,100.0,True,6,359,6:359
20261002T161434,14123.309824,100.0,True,17,285,17:285
20261002T161434,503.61472,100.0,True,17,288,17:288
20261002T161435,16500.765696,100.0,True,3,307,3:307
20261002T161435,16925.515008,100.0,True,5,272,5:272
20261002T161436,1952.019968,100.0,True,1,303,1:303
20261002T161436,194.295552,100.0,True,6,360,6:360
20261002T161436,1334.876672,100.0,True,15,352,15:352
20261002T161437,684.30976,100.0,True,13,343,13:343
20261002T161437,14570.984448,100.0,True,15,349,15:349
20261002T161438,11608.73088,100.0,True,5,274,5:274
20261002T161438,384.859136,100.0,True,9,252,9:252
20261002T161438,17073.966336,100.0,True,10,337,10:337
20261002T161439,11919.63648,100.0,True,0,313,0:313
20261002T161439,14412.652544,100.0,True,1,301,1:301
20261002T161439,1852.396288,100.0,True,4,363,4:363
20261002T161439,10750.402304,100.0,True,8,351,8:351
20261002T161439,10519.687936,100.0,True,14,305,14:305
20261002T161440,735.423744,100.0,True,0,316,0:316
20261002T161440,10967.7376,100.0,True,1,302,1:302
20261002T161440,1399.70176,100.0,True,1,304,1:304
20261002T161440,9516.344832,100.0,True,5,275,5:275
20261002T161440,16601.549824,100.0,True,6,357,6:357
20261002T161440,12433.268224,100.0,True,10,339,10:339
20261002T161440,12043.63904,100.0,True,16,273,16:273
20261002T161441,1779.767808,100.0,True,11,269,11:269
20261002T161441,10675.554816,100.0,True,12,264,12:264
20261002T161441,413.112576,100.0,True,12,266,12:266
20261002T161442,17793.96608,100.0,True,3,309,3:309
20261002T161442,10641.310208,100.0,True,10,340,10:340
20261002T161442,1826.05184,100.0,True,13,344,13:344
20261002T161442,12616.566272,100.0,True,15,351,15:351
20261002T161442,2176.622592,100.0,True,15,354,15:354
20261002T161442,12563.742976,100.0,True,17,287,17:287
20261002T161443,146.961664,100.0,True,7,256,7:256
20261002T161443,9299.958784,100.0,True,9,251,9:251
20261002T161443,956.399104,100.0,True,17,290,17:290
20261002T161444,13360.873216,100.0,True,0,314,0:314
20261002T161444,2065.997824,100.0,True,0,317,0:317
20261002T161444,371.818752,100.0,True,1,305,1:305
20261002T161444,2447.34336,100.0,True,2,303,2:303
20261002T161444,1182.24256,100.0,True,3,314,3:314
20261002T161444,1276.8384,100.0,True,11,270,11:270
20261002T161444,12308.36992,100.0,True,13,342,13:342
20261002T161444,921.908992,100.0,True,15,355,15:355
20261002T161445,10060.799744,100.0,True,8,353,8:353
20261002T161445,2471.806208,100.0,True,8,355,8:355
20261002T161445,456.830208,100.0,True,13,345,13:345
20261002T161446,1331.493376,100.0,True,4,365,4:365
20261002T161446,14898.383872,100.0,True,8,352,8:352
20261002T161446,11706.618624,100.0,True,11,268,11:268
20261002T161447,816.86016,100.0,True,0,318,0:318
20261002T161448,13325.59104,100.0,True,5,276,5:276
20261002T161448,10325.373696,100.0,True,5,277,5:277
20261002T161448,13410.377728,100.0,True,12,265,12:265
20261002T161448,15223.844864,100.0,True,14,306,14:306
20261002T161448,1782.28992,100.0,True,14,309,14:309
20261002T161448,10335.29216,100.0,True,15,353,15:353
20261002T161449,13182.426368,100.0,True,3,312,3:312
20261002T161449,13407.696128,100.0,True,10,341,10:341
20261002T161449,2464.450816,100.0,True,15,356,15:356
20261002T161449,16750.003456,100.0,True,16,274,16:274
20261002T161449,1975.71712,100.0,True,17,291,17:291
20261002T161450,9918.227712,100.0,True,3,313,3:313
20261002T161450,14897.853696,100.0,True,4,362,4:362
20261002T161450,1522.019328,100.0,True,11,271,11:271
20261002T161450,1693.901312,100.0,True,13,346,13:346
20261002T161451,15026.362624,100.0,True,0,315,0:315
20261002T161451,16441.973504,100.0,True,7,254,7:254
20261002T161451,12397.553664,100.0,True,8,354,8:354
20261002T161451,10081.710336,100.0,True,9,253,9:253
20261002T161452,9779.070208,100.0,True,5,278,5:278
20261002T161452,1802.205952,100.0,True,15,357,15:357
20261002T161452,385.589248,100.0,True,16,278,16:278
20261002T161452,14438.317312,100.0,True,17,289,17:289
20261002T161453,1685.721856,100.0,True,7,258,7:258
20261002T161453,2428.800512,100.0,True,8,357,8:357
20261002T161453,1544.619008,100.0,True,12,268,12:268
20261002T161453,10545.049344,100.0,True,16,276,16:276
20261002T161454,18245.782272,100.0,True,2,302,2:302
20261002T161454,657.160704,100.0,True,3,317,3:317
20261002T161455,16018.937344,100.0,True,6,361,6:361
20261002T161455,9722.830848,100.0,True,8,356,8:356
20261002T161455,9257.024512,100.0,True,9,254,9:254
20261002T161455,15193.981696,100.0,True,10,342,10:342
20261002T161456,2315.680512,100.0,True,2,306,2:306
20261002T161456,14325.213696,100.0,True,4,364,4:364
20261002T161456,2326.81344,100.0,True,6,365,6:365
20261002T161456,712.222208,100.0,True,7,259,7:259
20261002T161456,17823.818752,100.0,True,16,275,16:275
20261002T161457,14308.098304,100.0,True,6,362,6:362
20261002T161457,18293.252864,100.0,True,7,255,7:255
20261002T161457,1204.344064,100.0,True,8,359,8:359
20261002T161457,18132.327168,100.0,True,14,307,14:307
20261002T161457,2202.533376,100.0,True,14,311,14:311
20261002T161457,2987.4688,100.0,True,15,358,15:358
20261002T161458,9362.390528,100.0,True,1,306,1:306
20261002T161458,2045.659136,100.0,True,4,368,4:368
20261002T161458,13952.224512,100.0,True,10,343,10:343
20261002T161459,13663.12064,100.0,True,2,304,2:304
20261002T161459,1662.279936,100.0,True,6,366,6:366
20261002T161459,12932.963584,100.0,True,16,277,16:277
20261002T161500,10232.489216,100.0,True,3,316,3:316
20261002T161500,11216.323328,100.0,True,4,366,4:366
20261002T161500,774.910208,100.0,True,4,369,4:369
20261002T161500,13390.406144,100.0,True,6,363,6:363
20261002T161500,2701.695744,100.0,True,13,348,13:348
20261002T161500,17738.484992,100.0,True,14,308,14:308
20261002T161500,1490.183168,100.0,True,14,312,14:312
20261002T161501,13846.638592,100.0,True,3,315,3:315
20261002T161501,14730.431488,100.0,True,5,279,5:279
20261002T161501,2977.226496,100.0,True,15,359,15:359
20261002T161502,12465.024512,100.0,True,2,305,2:305
20261002T161502,2355.541504,100.0,True,5,282,5:282
20261002T161502,12218.000384,100.0,True,9,255,9:255
20261002T161502,13060.045568,100.0,True,10,344,10:344
20261002T161502,2011.041024,100.0,True,15,360,15:360
20261002T161502,1277.027584,100.0,True,17,294,17:294
20261002T161503,2207.393024,100.0,True,0,322,0:322
20261002T161503,10066.2336,100.0,True,1,307,1:307
20261002T161503,770.344192,100.0,True,4,370,4:370
20261002T161503,12525.115392,100.0,True,6,364,6:364
20261002T161503,754.472448,100.0,True,6,367,6:367
20261002T161503,2652.86656,100.0,True,7,260,7:260
20261002T161503,17715.1488,100.0,True,12,267,12:267
20261002T161503,1676.1664,100.0,True,12,270,12:270
20261002T161504,194.657024,100.0,True,2,308,2:308
20261002T161504,11610.650368,100.0,True,10,345,10:345
20261002T161504,11549.915648,100.0,True,11,272,11:272
20261002T161505,16357.579008,100.0,True,0,319,0:319
20261002T161505,2276.754432,100.0,True,1,309,1:309
20261002T161505,16864.70784,100.0,True,7,257,7:257
20261002T161505,787.26528,100.0,True,8,361,8:361
20261002T161505,12594.466816,100.0,True,13,347,13:347
20261002T161505,14429.810944,100.0,True,14,310,14:310
20261002T161506,10742.932736,100.0,True,5,281,5:281
20261002T161506,12471.760128,100.0,True,8,358,8:358
20261002T161506,1480.81536,100.0,True,13,350,13:350
20261002T161507,281.360384,100.0,True,3,320,3:320
20261002T161507,2520.201216,100.0,True,4,371,4:371
20261002T161507,1848.9152,100.0,True,5,283,5:283
20261002T161507,11198.814464,100.0,True,17,293,17:293
20261002T161508,2454.21952,100.0,True,0,323,0:323
20261002T161508,16078.097408,100.0,True,4,367,4:367
20261002T161508,886.342144,100.0,True,7,261,7:261
20261002T161508,12477.238784,100.0,True,9,256,9:256
20261002T161508,16915.316992,100.0,True,17,292,17:292
20261002T161508,2681.504256,100.0,True,17,295,17:295
20261002T161509,18026.551808,100.0,True,5,280,5:280
20261002T161509,252.512256,100.0,True,5,284,5:284
20261002T161509,12420.372224,100.0,True,11,273,11:273
20261002T161510,17029.740032,100.0,True,0,320,0:320
20261002T161510,2222.58432,100.0,True,1,310,1:310
20261002T161510,12266.42048,100.0,True,3,318,3:318
20261002T161510,2585.758464,100.0,True,4,372,4:372
20261002T161510,1241.126656,100.0,True,8,362,8:362
20261002T161510,1016.272896,100.0,True,9,258,9:258
20261002T161510,2134.436096,100.0,True,12,271,12:271
20261002T161511,14708.322816,100.0,True,0,321,0:321
20261002T161511,1949.8816,100.0,True,2,309,2:309
20261002T161511,946.449408,100.0,True,10,349,10:349
20261002T161511,9745.593088,100.0,True,13,349,13:349
20261002T161512,14906.745856,100.0,True,12,269,12:269
20261002T161513,15839.762944,100.0,True,1,308,1:308
20261002T161513,9376.57728,100.0,True,16,280,16:280
20261002T161514,11731.598336,100.0,True,3,319,3:319
20261002T161514,16271.406848,100.0,True,10,346,10:346
20261002T161514,12708.816128,100.0,True,11,274,11:274
20261002T161514,2360.034048,100.0,True,15,363,15:363
20261002T161515,840.341504,100.0,True,15,364,15:364
20261002T161516,17761.697536,100.0,True,2,307,2:307
20261002T161516,2139.783424,100.0,True,4,374,4:374
20261002T161516,10844.679936,100.0,True,6,368,6:368
20261002T161516,809.24672,100.0,True,9,259,9:259
20261002T161516,15209.462272,100.0,True,10,347,10:347
20261002T161516,2355.367936,100.0,True,10,350,10:350
20261002T161516,12553.828096,100.0,True,14,313,14:313
20261002T161516,17923.849216,100.0,True,16,279,16:279
20261002T161517,2856.442368,100.0,True,0,325,0:325
20261002T161517,12180.338944,100.0,True,10,348,10:348
20261002T161517,1703.821824,100.0,True,14,316,14:316
20261002T161518,1588.316416,100.0,True,0,326,0:326
20261002T161518,17753.313792,100.0,True,8,360,8:360
20261002T161518,1671.520256,100.0,True,11,277,11:277
20261002T161518,10601.062912,100.0,True,13,351,13:351
20261002T161519,3061.978368,100.0,True,2,311,2:311
20261002T161519,1063.552768,100.0,True,3,323,3:323
20261002T161519,1078.551296,100.0,True,5,286,5:286
20261002T161519,16983.668992,100.0,True,9,257,9:257
20261002T161519,1508.081152,100.0,True,10,351,10:351
20261002T161519,12618.871808,100.0,True,11,275,11:275
20261002T161519,14877.5744,100.0,True,15,361,15:361
20261002T161520,10794.082048,100.0,True,6,369,6:369
20261002T161521,1207.609344,100.0,True,1,313,1:313
20261002T161521,1539.7568,100.0,True,2,312,2:312
20261002T161521,1913.693696,100.0,True,14,317,14:317
20261002T161522,255.036928,100.0,True,0,327,0:327
20261002T161522,9600.128256,100.0,True,1,311,1:311
20261002T161522,10149.807872,100.0,True,6,370,6:370
20261002T161522,9821.819904,100.0,True,7,262,7:262
20261002T161522,186.85312,100.0,True,7,264,7:264
20261002T161522,13864.188928,100.0,True,14,314,14:314
20261002T161522,12857.081088,100.0,True,15,362,15:362
20261002T161523,13092.56704,100.0,True,0,324,0:324
20261002T161523,11772.480256,100.0,True,3,321,3:321
20261002T161523,854.447616,100.0,True,4,376,4:376
20261002T161523,1154.129664,100.0,True,10,352,10:352
20261002T161524,14142.542336,100.0,True,4,373,4:373
20261002T161524,426.002432,100.0,True,6,373,6:373
20261002T161524,2952.923136,100.0,True,8,366,8:366
20261002T161524,1561.744896,100.0,True,13,355,13:355
20261002T161524,14217.841152,100.0,True,17,296,17:296
20261002T161524,2457.391104,100.0,True,17,298,17:298
20261002T161525,12994.7776,100.0,True,14,315,14:315
20261002T161525,15236.257792,100.0,True,16,281,16:281
20261002T161525,898.132992,100.0,True,16,284,16:284
20261002T161525,9559.764736,100.0,True,17,297,17:297
20261002T161526,13747.401728,100.0,True,8,363,8:363
20261002T161526,2337.800192,100.0,True,8,367,8:367
20261002T161526,1896.902144,100.0,True,14,318,14:318
20261002T161526,931.500544,100.0,True,15,367,15:367
20261002T161527,2437.337344,100.0,True,2,313,2:313
20261002T161527,13070.004224,100.0,True,5,285,5:285
20261002T161527,798.807296,100.0,True,9,261,9:261
20261002T161527,15256.647936,100.0,True,11,276,11:276
20261002T161527,16320.543744,100.0,True,13,352,13:352
20261002T161528,14721.647616,100.0,True,2,310,2:310
20261002T161528,2032.390656,100.0,True,4,377,4:377
20261002T161528,251.185664,100.0,True,8,368,8:368
20261002T161528,290.749696,100.0,True,10,354,10:354
20261002T161529,570.418432,100.0,True,2,314,2:314
20261002T161529,13289.5168,100.0,True,3,322,3:322
20261002T161529,1157.873408,100.0,True,5,288,5:288
20261002T161529,2921.6384,100.0,True,13,356,13:356
20261002T161529,14374.69952,100.0,True,16,282,16:282
20261002T161529,2982.351616,100.0,True,17,299,17:299
20261002T161530,9777.691136,100.0,True,6,372,6:372
20261002T161530,2091.13344,100.0,True,12,275,12:275
20261002T161530,2157.697792,100.0,True,14,319,14:319
20261002T161531,2231.520256,100.0,True,4,378,4:378
20261002T161531,18062.896384,100.0,True,12,272,12:272
20261002T161531,12855.1424,100.0,True,13,354,13:354
20261002T161531,1385.605632,100.0,True,13,357,13:357
20261002T161532,2072.684288,100.0,True,0,329,0:329
20261002T161532,16166.557952,100.0,True,1,312,1:312
20261002T161532,14057.225984,100.0,True,4,375,4:375
20261002T161532,1111.84128,100.0,True,8,369,8:369
20261002T161533,17941.671936,100.0,True,8,364,8:364
20261002T161533,17319.350272,100.0,True,13,353,13:353
20261002T161534,10195.276288,100.0,True,3,324,3:324
20261002T161534,17635.439104,100.0,True,6,371,6:371
20261002T161534,2729.146624,100.0,True,10,355,10:355
20261002T161534,12656.328448,100.0,True,11,278,11:278
20261002T161534,668.238592,100.0,True,13,358,13:358
20261002T161535,9721.696256,100.0,True,1,314,1:314
20261002T161535,2824.76288,100.0,True,4,379,4:379
20261002T161535,2610.546176,100.0,True,7,266,7:266
20261002T161535,11362.925824,100.0,True,12,274,12:274
20261002T161535,13727.580928,100.0,True,15,366,15:366
20261002T161535,14906.901504,100.0,True,16,283,16:283
20261002T161536,17920.092672,100.0,True,7,263,7:263
20261002T161536,18291.938048,100.0,True,8,365,8:365
20261002T161536,15360.080384,100.0,True,9,260,9:260
20261002T161536,17407.99104,100.0,True,12,273,12:273
20261002T161536,18026.349056,100.0,True,15,365,15:365
20261002T161536,1569.659136,100.0,True,16,286,16:286
20261002T161537,2473.842432,100.0,True,0,330,0:330
20261002T161537,194.025984,100.0,True,2,316,2:316
20261002T161537,855.761408,100.0,True,4,380,4:380
20261002T161537,2514.143488,100.0,True,6,376,6:376
20261002T161537,2058.714624,100.0,True,10,356,10:356
20261002T161537,2464.53504,100.0,True,11,281,11:281
20261002T161538,9568.262656,100.0,True,11,280,11:280
20261002T161538,1471.648512,100.0,True,15,370,15:370
20261002T161539,15853.194496,100.0,True,5,287,5:287
20261002T161539,767.51744,100.0,True,6,377,6:377
20261002T161539,10771.694592,100.0,True,7,265,7:265
20261002T161539,1925.19936,100.0,True,7,267,7:267
20261002T161539,14614.787328,100.0,True,11,279,11:279
20261002T161539,1371.77728,100.0,True,12,277,12:277
20261002T161539,2546.504448,100.0,True,13,359,13:359
20261002T161540,15364.518144,100.0,True,0,328,0:328
20261002T161541,12927.326208,100.0,True,3,325,3:325
20261002T161541,16238.528768,100.0,True,10,353,10:353
20261002T161541,2845.663744,100.0,True,10,357,10:357
20261002T161542,103.945216,100.0,True,2,317,2:317
20261002T161542,2748.34944,100.0,True,4,381,4:381
20261002T161542,2294.223104,100.0,True,11,282,11:282
20261002T161542,9310.019328,100.0,True,12,276,12:276
20261002T161542,9121.689344,100.0,True,14,320,14:320
20261002T161543,10033.762816,100.0,True,3,326,3:326
20261002T161543,1617.846272,100.0,True,3,328,3:328
20261002T161543,1843.791104,100.0,True,14,322,14:322
20261002T161543,2168.163584,100.0,True,15,371,15:371
20261002T161544,11368.754688,100.0,True,9,262,9:262
20261002T161544,13138.008576,100.0,True,17,300,17:300
20261002T161545,3088.576512,100.0,True,0,332,0:332
20261002T161545,12560.61696,100.0,True,1,316,1:316
20261002T161545,13199.851264,100.0,True,5,289,5:289
20261002T161545,16556.812032,100.0,True,6,374,6:374
20261002T161545,392.859904,100.0,True,8,373,8:373
20261002T161545,14904.144128,100.0,True,16,285,16:285
20261002T161546,9832.748288,100.0,True,1,317,1:317
20261002T161547,18053.247488,100.0,True,1,315,1:315
20261002T161547,13427.699968,100.0,True,2,315,2:315
20261002T161547,1596.797184,100.0,True,3,329,3:329
20261002T161547,16011.388672,100.0,True,6,375,6:375
20261002T161547,1605.654272,100.0,True,6,379,6:379
20261002T161547,1448.825344,100.0,True,14,323,14:323
20261002T161547,17972.860672,100.0,True,15,368,15:368
20261002T161548,12686.64832,100.0,True,8,370,8:370
20261002T161548,10063.982592,100.0,True,9,263,9:263
20261002T161548,16253.172992,100.0,True,15,369,15:369
20261002T161548,1293.873152,100.0,True,17,303,17:303
20261002T161549,1411.926016,100.0,True,12,279,12:279
20261002T161549,10326.491904,100.0,True,16,287,16:287
20261002T161550,9751.867904,100.0,True,1,318,1:318
20261002T161550,11521.55392,100.0,True,3,327,3:327
20261002T161550,801.510912,100.0,True,5,292,5:292
20261002T161550,1699.45472,100.0,True,8,374,8:374
20261002T161551,2561.820416,100.0,True,3,330,3:330
20261002T161551,14502.23104,100.0,True,14,321,14:321
20261002T161552,13747.012864,100.0,True,8,371,8:371
20261002T161552,898.01088,100.0,True,9,265,9:265
20261002T161552,1121.547264,100.0,True,16,290,16:290
20261002T161552,15513.444608,100.0,True,17,301,17:301
20261002T161553,9832.167424,100.0,True,12,278,12:278
20261002T161553,13063.63264,100.0,True,13,360,13:360
20261002T161553,11299.090176,100.0,True,17,302,17:302
20261002T161553,815.232512,100.0,True,17,304,17:304
20261002T161554,1143.760128,100.0,True,1,321,1:321
20261002T161554,17503.77088,100.0,True,5,290,5:290
20261002T161554,10868.260608,100.0,True,5,291,5:291
20261002T161554,2164.777472,100.0,True,6,381,6:381
20261002T161554,1698.860288,100.0,True,7,270,7:270
20261002T161554,2400.11136,100.0,True,8,375,8:375
20261002T161554,9891.719936,100.0,True,13,361,13:361
20261002T161554,2116.3072,100.0,True,13,363,13:363
20261002T161554,564.905728,100.0,True,14,325,14:325
20261002T161555,15740.982272,100.0,True,0,331,0:331
20261002T161555,12592.164608,100.0,True,4,382,4:382
20261002T161555,1620.166144,100.0,True,4,385,4:385
20261002T161556,2890.504448,100.0,True,0,335,0:335
20261002T161556,2519.47392,100.0,True,5,293,5:293
20261002T161556,13966.236672,100.0,True,8,372,8:372
20261002T161556,12104.152576,100.0,True,9,264,9:264
20261002T161556,527.466496,100.0,True,11,285,11:285
20261002T161557,15609.82528,100.0,True,6,378,6:378
20261002T161557,13672.911616,100.0,True,7,268,7:268
20261002T161557,9193.750272,100.0,True,15,373,15:373
20261002T161557,14106.59968,100.0,True,16,288,16:288
20261002T161558,10186.169344,100.0,True,7,269,7:269
20261002T161558,2010.3808,100.0,True,9,266,9:266
20261002T161558,1538.310144,100.0,True,17,305,17:305
20261002T161559,9497.00096,100.0,True,0,334,0:334
20261002T161559,12998.348288,100.0,True,2,318,2:318
20261002T161559,1685.863424,100.0,True,3,332,3:332
20261002T161559,12923.659008,100.0,True,4,383,4:383
20261002T161559,12905.573376,100.0,True,10,359,10:359
20261002T161559,295.480832,100.0,True,10,362,10:362
20261002T161559,10384.134144,100.0,True,13,362,13:362
20261002T161600,9985.726976,100.0,True,4,384,4:384
20261002T161600,2666.672128,100.0,True,4,386,4:386
20261002T161600,704.780032,100.0,True,5,294,5:294
20261002T161600,2526.606336,100.0,True,7,271,7:271
20261002T161600,17153.494528,100.0,True,10,358,10:358
20261002T161600,519.534848,100.0,True,15,376,15:376
20261002T161601,2238.610432,100.0,True,13,365,13:365
20261002T161601,16812.66432,100.0,True,15,372,15:372
20261002T161602,13184.209152,100.0,True,1,320,1:320
20261002T161602,9802.924544,100.0,True,3,331,3:331
20261002T161602,13115.50464,100.0,True,6,380,6:380
20261002T161602,167.123968,100.0,True,7,272,7:272
20261002T161603,16908.302848,100.0,True,0,333,0:333
20261002T161603,17879.613696,100.0,True,1,319,1:319
20261002T161603,2659.425536,100.0,True,1,323,1:323
20261002T161603,1832.67968,100.0,True,2,322,2:322
20261002T161603,2733.373696,100.0,True,3,333,3:333
20261002T161603,1430.848512,100.0,True,4,387,4:387
20261002T161603,227.777536,100.0,True,8,378,8:378
20261002T161603,12120.772608,100.0,True,11,284,11:284
20261002T161604,14202.863104,100.0,True,2,319,2:319
20261002T161604,195.666432,100.0,True,6,384,6:384
20261002T161604,18245.476096,100.0,True,11,283,11:283
20261002T161604,15168.788224,100.0,True,14,324,14:324
20261002T161605,566.007296,100.0,True,4,388,4:388
20261002T161605,2642.712064,100.0,True,10,363,10:363
20261002T161605,17773.266176,100.0,True,16,289,16:289
20261002T161606,9294.817024,100.0,True,1,322,1:322
20261002T161606,1506.598144,100.0,True,3,334,3:334
20261002T161606,1150.766336,100.0,True,9,268,9:268
20261002T161606,15003.574272,100.0,True,10,360,10:360
20261002T161606,1282.220288,100.0,True,10,364,10:364
20261002T161606,15026.847232,100.0,True,12,280,12:280
20261002T161606,603.650048,100.0,True,12,283,12:283
20261002T161606,740.381184,100.0,True,17,307,17:307
20261002T161607,10391.516672,100.0,True,0,336,0:336
20261002T161607,2035.127808,100.0,True,1,324,1:324
20261002T161607,1235.481856,100.0,True,8,379,8:379
20261002T161607,11072.058368,100.0,True,13,364,13:364
20261002T161607,542.47552,100.0,True,14,328,14:328
20261002T161607,9492.811264,100.0,True,16,291,16:291
20261002T161607,1765.790208,100.0,True,16,293,16:293
20261002T161608,9047.21024,100.0,True,6,383,6:383
20261002T161608,732.213504,100.0,True,6,385,6:385
20261002T161608,9333.818112,100.0,True,11,286,11:286
20261002T161609,10719.085568,100.0,True,2,321,2:321
20261002T161609,2002.911232,100.0,True,4,389,4:389
20261002T161609,10747.425792,100.0,True,8,377,8:377
20261002T161609,176.3328,100.0,True,13,368,13:368
20261002T161609,17065.718016,100.0,True,15,374,15:374
20261002T161610,2062.39488,100.0,True,3,335,3:335
20261002T161610,1549.015552,100.0,True,7,273,7:273
20261002T161610,14851.088384,100.0,True,8,376,8:376
20261002T161610,10163.834112,100.0,True,9,267,9:267
20261002T161610,16034.257152,100.0,True,10,361,10:361
20261002T161610,13655.621632,100.0,True,12,281,12:281
20261002T161610,214.748672,100.0,True,12,284,12:284
20261002T161610,1653.456384,100.0,True,17,308,17:308
20261002T161611,17687.260416,100.0,True,2,320,2:320
20261002T161611,1984.821504,100.0,True,2,324,2:324
20261002T161611,1330.637568,100.0,True,5,296,5:296
20261002T161611,11116.574464,100.0,True,12,282,12:282
20261002T161611,9686.029056,100.0,True,16,292,16:292
20261002T161612,2781.3632,100.0,True,1,325,1:325
20261002T161612,718.141696,100.0,True,6,386,6:386
20261002T161612,17616.981504,100.0,True,15,375,15:375
20261002T161612,1051.969024,100.0,True,16,294,16:294
20261002T161613,2774.530048,100.0,True,4,390,4:390
20261002T161613,17790.826496,100.0,True,6,382,6:382
20261002T161613,2578.180352,100.0,True,9,269,9:269
20261002T161613,14525.59616,100.0,True,14,326,14:326
20261002T161614,13396.863232,100.0,True,0,337,0:337
20261002T161614,9700.315648,100.0,True,0,338,0:338
20261002T161614,839.36896,100.0,True,5,297,5:297
20261002T161614,1849.937664,100.0,True,8,381,8:381
20261002T161614,10337.366528,100.0,True,11,287,11:287
20261002T161614,11619.95648,100.0,True,13,366,13:366
20261002T161615,495.976704,100.0,True,0,340,0:340
20261002T161615,670.681088,100.0,True,10,366,10:366
20261002T161615,8850.286848,100.0,True,13,367,13:367
20261002T161615,898.227968,100.0,True,17,309,17:309
20261002T161616,1779.736576,100.0,True,4,391,4:391
20261002T161616,13768.457216,100.0,True,14,327,14:327
20261002T161617,11307.26784,100.0,True,2,323,2:323
20261002T161617,2469.534208,100.0,True,12,285,12:285
20261002T161617,2846.42944,100.0,True,15,380,15:380
20261002T161617,1292.384,100.0,True,16,295,16:295
20261002T161617,17256.103424,100.0,True,17,306,17:306
20261002T161618,13219.897088,100.0,True,5,295,5:295
20261002T161618,9216.385024,100.0,True,8,380,8:380
20261002T161618,116.885248,100.0,True,10,367,10:367
20261002T161619,227.853824,100.0,True,7,275,7:275
20261002T161619,9581.80224,100.0,True,10,365,10:365
20261002T161619,1540.754944,100.0,True,11,290,11:290
20261002T161619,16227.52512,100.0,True,15,377,15:377
20261002T161620,1142.38208,100.0,True,0,341,0:341
20261002T161620,1646.838784,100.0,True,1,327,1:327
20261002T161620,546.617344,100.0,True,8,383,8:383
20261002T161620,1419.14368,100.0,True,15,381,15:381
20261002T161621,2982.043136,100.0,True,3,337,3:337
20261002T161621,2963.589376,100.0,True,6,388,6:388
20261002T161621,13157.617152,100.0,True,15,378,15:378
20261002T161621,1641.062912,100.0,True,16,296,16:296
20261002T161622,112.718336,100.0,True,4,393,4:393
20261002T161622,13282.331136,100.0,True,11,288,11:288
20261002T161622,1484.503808,100.0,True,13,371,13:371
20261002T161623,11949.455104,100.0,True,15,379,15:379
20261002T161624,15204.054784,100.0,True,0,339,0:339
20261002T161624,10464.722944,100.0,True,1,326,1:326
20261002T161624,10875.552512,100.0,True,6,387,6:387
20261002T161624,664.328192,100.0,True,16,297,16:297
20261002T161625,1726.050304,100.0,True,3,338,3:338
20261002T161625,11306.267392,100.0,True,7,274,7:274
20261002T161625,2972.850944,100.0,True,10,368,10:368
20261002T161625,12678.623488,100.0,True,13,369,13:369
20261002T161625,2675.420928,100.0,True,15,382,15:382
20261002T161626,2738.417152,100.0,True,2,327,2:327
20261002T161626,1032.612608,100.0,True,6,390,6:390
20261002T161626,2936.635392,100.0,True,7,276,7:276
20261002T161626,916.104192,100.0,True,12,287,12:287
20261002T161627,276.627712,100.0,True,1,329,1:329
20261002T161627,163.002368,100.0,True,5,300,5:300
20261002T161627,13561.247744,100.0,True,11,289,11:289
20261002T161627,2426.66496,100.0,True,11,292,11:292
20261002T161627,11155.016448,100.0,True,13,370,13:370
20261002T161628,15181.545216,100.0,True,2,325,2:325
20261002T161628,2899.270656,100.0,True,4,394,4:394
20261002T161628,12991.04,100.0,True,9,270,9:270
20261002T161628,16468.729856,100.0,True,14,329,14:329
20261002T161629,10781.795584,100.0,True,2,326,2:326
20261002T161629,16273.156096,100.0,True,3,336,3:336
20261002T161629,1000.6464,100.0,True,4,395,4:395
20261002T161629,512.908544,100.0,True,6,391,6:391
20261002T161629,13522.44608,100.0,True,8,382,8:382
20261002T161629,13390.464768,100.0,True,14,330,14:330
20261002T161630,66.759424,100.0,True,12,288,12:288
20261002T161630,1006.662144,100.0,True,13,373,13:373
20261002T161630,10917.29664,100.0,True,14,331,14:331
20261002T161631,872.720384,100.0,True,8,386,8:386
20261002T161631,10039.216384,100.0,True,9,271,9:271
20261002T161631,1798.040576,100.0,True,11,293,11:293
20261002T161632,13302.010624,100.0,True,12,286,12:286
20261002T161633,9321.0432,100.0,True,0,342,0:342
20261002T161633,2500.481536,100.0,True,0,344,0:344
20261002T161633,2057.938688,100.0,True,4,396,4:396
20261002T161633,15406.7392,100.0,True,5,298,5:298
20261002T161633,2295.070208,100.0,True,14,334,14:334
20261002T161634,1276.32,100.0,True,2,329,2:329
20261002T161634,2384.301056,100.0,True,6,392,6:392
20261002T161634,1149.729536,100.0,True,7,278,7:278
20261002T161635,1836.25984,100.0,True,3,340,3:340
20261002T161635,16734.554368,100.0,True,4,392,4:392
20261002T161635,1846.251008,100.0,True,10,371,10:371
20261002T161635,2857.772032,100.0,True,13,374,13:374
20261002T161635,9262.941184,100.0,True,15,383,15:383
20261002T161636,15343.409408,100.0,True,6,389,6:389
20261002T161636,12982.847488,100.0,True,8,384,8:384
20261002T161636,2623.598848,100.0,True,11,294,11:294
20261002T161636,17270.873856,100.0,True,17,310,17:310
20261002T161637,13476.975616,100.0,True,1,328,1:328
20261002T161637,9915.397376,100.0,True,2,328,2:328
20261002T161637,15686.36928,100.0,True,5,299,5:299
20261002T161637,266.056448,100.0,True,7,279,7:279
20261002T161637,2519.905024,100.0,True,9,273,9:273
20261002T161637,1309.087744,100.0,True,13,375,13:375
20261002T161637,13175.329792,100.0,True,17,311,17:311
20261002T161638,1079.915008,100.0,True,5,302,5:302
20261002T161638,16351.243264,100.0,True,11,291,11:291
20261002T161638,2562.006272,100.0,True,12,289,12:289
20261002T161638,15133.962752,100.0,True,14,332,14:332
20261002T161638,2969.032704,100.0,True,14,335,14:335
20261002T161638,11256.626432,100.0,True,16,298,16:298
20261002T161639,2371.474944,100.0,True,2,330,2:330
20261002T161639,1429.592832,100.0,True,3,341,3:341
20261002T161639,10823.454464,100.0,True,7,277,7:277
20261002T161639,13473.45664,100.0,True,10,369,10:369
20261002T161639,2263.432704,100.0,True,16,300,16:300
20261002T161640,11753.2032,100.0,True,0,343,0:343
20261002T161641,1591.327744,100.0,True,0,346,0:346
20261002T161641,13589.794816,100.0,True,3,339,3:339
20261002T161641,11529.869568,100.0,True,10,370,10:370
20261002T161641,2639.076352,100.0,True,10,372,10:372
20261002T161642,2617.699328,100.0,True,4,398,4:398
20261002T161642,1557.1968,100.0,True,6,394,6:394
20261002T161642,14757.030656,100.0,True,9,272,9:272
20261002T161642,14852.354816,100.0,True,14,333,14:333
20261002T161642,1475.783936,100.0,True,16,301,16:301
20261002T161643,11524.967424,100.0,True,1,330,1:330
20261002T161643,15668.438272,100.0,True,8,385,8:385
20261002T161643,17718.956288,100.0,True,13,372,13:372
20261002T161643,2802.470656,100.0,True,15,387,15:387
20261002T161644,11527.320576,100.0,True,5,301,5:301
20261002T161644,15272.576256,100.0,True,17,312,17:312
20261002T161645,9178.182144,100.0,True,0,345,0:345
20261002T161645,768.448512,100.0,True,5,304,5:304
20261002T161645,13353.960448,100.0,True,16,299,16:299
20261002T161645,12595.382528,100.0,True,17,313,17:313
20261002T161646,10945.421056,100.0,True,4,397,4:397
20261002T161646,889.039872,100.0,True,9,275,9:275
20261002T161646,17349.303552,100.0,True,15,384,15:384
20261002T161647,2741.581824,100.0,True,0,347,0:347
20261002T161647,12532.7104,100.0,True,1,331,1:331
20261002T161647,2647.037696,100.0,True,1,333,1:333
20261002T161647,120.450304,100.0,True,4,400,4:400
20261002T161647,520.570624,100.0,True,10,374,10:374
20261002T161647,2919.889408,100.0,True,14,337,14:337
20261002T161647,13400.088576,100.0,True,15,385,15:385
20261002T161647,10904.854272,100.0,True,17,314,17:314
20261002T161648,2968.806144,100.0,True,11,297,11:297
20261002T161648,2041.677824,100.0,True,17,316,17:316
20261002T161649,9375.515648,100.0,True,8,388,8:388
20261002T161649,2711.536896,100.0,True,12,291,12:291
20261002T161650,13714.601472,100.0,True,15,386,15:386
20261002T161650,1842.390528,100.0,True,15,389,15:389
20261002T161651,1155.14624,100.0,True,0,348,0:348
20261002T161651,10594.597632,100.0,True,2,331,2:331
20261002T161651,1559.870976,100.0,True,8,391,8:391
20261002T161651,985.146624,100.0,True,10,375,10:375
20261002T161651,9799.601664,100.0,True,11,296,11:296
20261002T161651,577.320448,100.0,True,13,379,13:379
20261002T161651,2532.401152,100.0,True,14,338,14:338
20261002T161652,12583.547136,100.0,True,1,332,1:332
20261002T161652,16396.147968,100.0,True,6,393,6:393
20261002T161652,16624.52352,100.0,True,8,387,8:387
20261002T161652,1648.439808,100.0,True,11,298,11:298
20261002T161653,2052.670464,100.0,True,4,401,4:401
20261002T161653,11500.898304,100.0,True,12,290,12:290
20261002T161653,12887.42016,100.0,True,14,336,14:336
20261002T161653,959.978752,100.0,True,17,317,17:317
20261002T161654,2582.665984,100.0,True,1,335,1:335
20261002T161654,3060.544768,100.0,True,2,333,2:333
20261002T161654,16749.27488,100.0,True,11,295,11:295
20261002T161655,1162.205952,100.0,True,0,349,0:349
20261002T161655,1686.259968,100.0,True,6,398,6:398
20261002T161655,2487.978496,100.0,True,7,282,7:282
20261002T161655,15421.583104,100.0,True,9,274,9:274
20261002T161655,10643.070976,100.0,True,15,388,15:388
20261002T161656,10491.206912,100.0,True,2,332,2:332
20261002T161656,12643.63648,100.0,True,4,399,4:399
20261002T161656,2479.751168,100.0,True,8,392,8:392
20261002T161656,1870.01216,100.0,True,12,293,12:293
20261002T161656,16833.77536,100.0,True,13,376,13:376
20261002T161656,9580.320768,100.0,True,13,378,13:378
20261002T161657,15014.936576,100.0,True,3,342,3:342
20261002T161657,2726.173696,100.0,True,4,402,4:402
20261002T161657,217.390848,100.0,True,4,403,4:403
20261002T161657,14342.5152,100.0,True,6,395,6:395
20261002T161657,11664.787456,100.0,True,6,396,6:396
20261002T161657,708.9728,100.0,True,6,399,6:399
20261002T161657,10625.776384,100.0,True,8,390,8:390
20261002T161657,14790.535168,100.0,True,13,377,13:377
20261002T161657,1927.836416,100.0,True,13,380,13:380
20261002T161657,1488.352512,100.0,True,15,391,15:391
20261002T161657,12805.98656,100.0,True,16,302,16:302
20261002T161657,2330.818816,100.0,True,16,304,16:304
20261002T161658,2655.866624,100.0,True,3,345,3:345
20261002T161658,17448.926976,100.0,True,5,303,5:303
20261002T161658,10349.47072,100.0,True,5,305,5:305
20261002T161658,17597.342464,100.0,True,7,280,7:280
20261002T161658,15753.949696,100.0,True,17,315,17:315
20261002T161658,1565.238272,100.0,True,17,318,17:318
20261002T161659,1537.499904,100.0,True,1,336,1:336
20261002T161659,12051.00032,100.0,True,3,343,3:343
20261002T161659,832.188416,100.0,True,6,400,6:400
20261002T161659,15411.39968,100.0,True,8,389,8:389
20261002T161659,17298.482688,100.0,True,10,373,10:373
20261002T161659,2306.842624,100.0,True,11,299,11:299
20261002T161659,2531.339264,100.0,True,14,340,14:340
20261002T161700,2205.211136,100.0,True,5,307,5:307
20261002T161701,14430.477824,100.0,True,7,281,7:281
20261002T161701,2249.892352,100.0,True,8,393,8:393
20261002T161701,1267.20512,100.0,True,10,377,10:377
20261002T161702,1383.066368,100.0,True,11,300,11:300
20261002T161702,2545.440256,100.0,True,15,392,15:392
20261002T161702,12460.31744,100.0,True,16,303,16:303
20261002T161703,983.192832,100.0,True,2,335,2:335
20261002T161703,2948.343296,100.0,True,7,284,7:284
20261002T161703,457.035264,100.0,True,14,341,14:341
20261002T161704,11979.399168,100.0,True,3,344,3:344
20261002T161704,2852.977152,100.0,True,4,404,4:404
20261002T161704,14575.51232,100.0,True,6,397,6:397
20261002T161704,2031.086336,100.0,True,8,394,8:394
20261002T161704,9121.08032,100.0,True,9,277,9:277
20261002T161705,1258.935296,100.0,True,0,351,0:351
20261002T161705,16929.233152,100.0,True,1,334,1:334
20261002T161705,2593.470208,100.0,True,1,337,1:337
20261002T161705,9591.6032,100.0,True,7,283,7:283
20261002T161705,13984.925696,100.0,True,9,276,9:276
20261002T161705,758.595328,100.0,True,11,301,11:301
20261002T161705,1907.788288,100.0,True,15,393,15:393
20261002T161705,740.04352,100.0,True,16,306,16:306
20261002T161706,2152.518144,100.0,True,4,405,4:405
20261002T161706,15467.019264,100.0,True,12,292,12:292
20261002T161706,14174.388992,100.0,True,14,339,14:339
20261002T161706,1791.457792,100.0,True,17,320,17:320
20261002T161707,1404.978432,100.0,True,7,285,7:285
20261002T161707,355.016448,100.0,True,10,379,10:379
20261002T161708,1206.8864,100.0,True,5,309,5:309
20261002T161708,13399.453696,100.0,True,10,376,10:376
20261002T161708,387.962624,100.0,True,11,302,11:302
20261002T161709,11011.936768,100.0,True,0,350,0:350
20261002T161709,17030.185216,100.0,True,15,390,15:390
20261002T161710,2320.34688,100.0,True,0,352,0:352
20261002T161710,13529.039616,100.0,True,2,334,2:334
20261002T161710,483.60192,100.0,True,3,349,3:349
20261002T161710,366.989056,100.0,True,10,380,10:380
20261002T161710,1507.774208,100.0,True,15,394,15:394
20261002T161711,16843.869184,100.0,True,5,306,5:306
20261002T161711,415.871744,100.0,True,9,280,9:280
20261002T161712,1749.39264,100.0,True,7,286,7:286
20261002T161712,2893.863424,100.0,True,12,296,12:296
20261002T161712,13358.96704,100.0,True,13,381,13:381
20261002T161713,178.827776,100.0,True,0,353,0:353
20261002T161713,2561.79456,100.0,True,4,407,4:407
20261002T161713,2464.559104,100.0,True,6,403,6:403
20261002T161713,10810.76992,100.0,True,10,378,10:378
20261002T161714,1089.585152,100.0,True,6,404,6:404
20261002T161714,9594.070784,100.0,True,13,382,13:382
20261002T161715,15725.727744,100.0,True,3,346,3:346
20261002T161715,11438.406144,100.0,True,6,401,6:401
20261002T161715,1529.956096,100.0,True,8,397,8:397
20261002T161715,1341.284864,100.0,True,11,303,11:303
20261002T161716,184.108288,100.0,True,0,354,0:354
20261002T161716,1445.083904,100.0,True,3,350,3:350
20261002T161716,2685.324288,100.0,True,16,308,16:308
20261002T161716,16350.450944,100.0,True,17,319,17:319
20261002T161717,11052.132864,100.0,True,1,338,1:338
20261002T161717,1999.414528,100.0,True,1,340,1:340
20261002T161717,11447.117568,100.0,True,8,395,8:395
20261002T161717,16753.658368,100.0,True,9,278,9:278
20261002T161717,1175.181312,100.0,True,9,281,9:281
20261002T161717,2941.805312,100.0,True,10,381,10:381
20261002T161717,3052.616192,100.0,True,12,297,12:297
20261002T161717,665.323776,100.0,True,14,344,14:344
20261002T161717,1536.940288,100.0,True,15,396,15:396
20261002T161717,17813.169152,100.0,True,16,305,16:305
20261002T161718,13232.93696,100.0,True,2,336,2:336
20261002T161718,12147.303936,100.0,True,3,348,3:348
20261002T161718,11858.043904,100.0,True,4,406,4:406
20261002T161718,12236.943872,100.0,True,9,279,9:279
20261002T161718,16886.47936,100.0,True,12,294,12:294
20261002T161718,9965.08544,100.0,True,13,383,13:383
20261002T161718,2018.40256,100.0,True,13,385,13:385
20261002T161719,775.917824,100.0,True,0,355,0:355
20261002T161719,2453.688832,100.0,True,2,339,2:339
20261002T161719,16706.185728,100.0,True,3,347,3:347
20261002T161719,1444.543488,100.0,True,6,405,6:405
20261002T161719,2751.675136,100.0,True,7,287,7:287
20261002T161719,9949.291776,100.0,True,17,321,17:321
20261002T161720,10255.915776,100.0,True,1,339,1:339
20261002T161720,17431.048192,100.0,True,5,308,5:308
20261002T161720,10199.465984,100.0,True,8,396,8:396
20261002T161720,2084.380672,100.0,True,8,398,8:398
20261002T161720,14992.331776,100.0,True,12,295,12:295
20261002T161720,11695.931648,100.0,True,16,307,16:307
20261002T161721,13746.75328,100.0,True,6,402,6:402
20261002T161721,1515.89888,100.0,True,12,298,12:298
20261002T161721,15410.412032,100.0,True,14,342,14:342
20261002T161721,2802.107648,100.0,True,17,323,17:323
20261002T161722,1983.020288,100.0,True,10,383,10:383
20261002T161722,2375.899392,100.0,True,15,397,15:397
20261002T161723,9676.486656,100.0,True,4,408,4:408
20261002T161723,1089.545216,100.0,True,8,399,8:399
20261002T161724,2168.6272,100.0,True,3,352,3:352
20261002T161724,1605.816576,100.0,True,7,288,7:288
20261002T161724,1257.226496,100.0,True,9,282,9:282
20261002T161724,825.34272,100.0,True,11,305,11:305
20261002T161725,16484.892416,100.0,True,2,337,2:337
20261002T161725,12679.60448,100.0,True,2,338,2:338
20261002T161725,196.933632,100.0,True,4,411,4:411
20261002T161725,2248.862464,100.0,True,10,384,10:384
20261002T161726,9989.739776,100.0,True,5,311,5:311
20261002T161726,9235.538688,100.0,True,10,382,10:382
20261002T161726,866.288896,100.0,True,12,299,12:299
20261002T161726,387.424256,100.0,True,13,387,13:387
20261002T161726,1883.921408,100.0,True,14,346,14:346
20261002T161726,9349.120256,100.0,True,16,309,16:309
20261002T161727,678.468864,100.0,True,0,357,0:357
20261002T161727,9518.32832,100.0,True,4,409,4:409
20261002T161727,2947.526912,100.0,True,5,313,5:313
20261002T161727,649.374208,100.0,True,10,385,10:385
20261002T161727,15418.834432,100.0,True,14,343,14:343
20261002T161727,14633.849344,100.0,True,15,395,15:395
20261002T161727,1093.255168,100.0,True,17,325,17:325
20261002T161728,2057.983232,100.0,True,1,342,1:342
20261002T161728,16909.339392,100.0,True,5,310,5:310
20261002T161728,2462.742528,100.0,True,9,283,9:283
20261002T161728,16191.153152,100.0,True,13,384,13:384
20261002T161729,2751.922688,100.0,True,3,353,3:353
20261002T161729,2356.556288,100.0,True,7,289,7:289
20261002T161730,9839.014912,100.0,True,4,410,4:410
20261002T161730,1055.003392,100.0,True,14,347,14:347
20261002T161730,17615.833088,100.0,True,17,322,17:322
20261002T161731,13895.15904,100.0,True,3,351,3:351
20261002T161731,105.506816,100.0,True,7,290,7:290
20261002T161731,9296.049664,100.0,True,17,324,17:324
20261002T161732,11842.439424,100.0,True,1,341,1:341
20261002T161732,486.390784,100.0,True,1,343,1:343
20261002T161732,2806.829056,100.0,True,11,306,11:306
20261002T161732,12549.400832,100.0,True,14,345,14:345
20261002T161732,8891.44192,100.0,True,15,398,15:398
20261002T161733,804.265728,100.0,True,8,402,8:402
20261002T161734,13539.214592,100.0,True,5,312,5:312
20261002T161734,2344.484608,100.0,True,5,315,5:315
20261002T161735,13413.516544,100.0,True,6,406,6:406
20261002T161736,14820.654592,100.0,True,2,340,2:340
20261002T161736,1131.408896,100.0,True,3,355,3:355
20261002T161736,16865.818624,100.0,True,11,304,11:304
20261002T161737,9289.901056,100.0,True,2,342,2:342
20261002T161737,2363.442944,100.0,True,11,307,11:307
20261002T161737,16265.158912,100.0,True,13,386,13:386
20261002T161737,13665.643776,100.0,True,16,310,16:310
20261002T161738,15368.035328,100.0,True,0,356,0:356
20261002T161738,2621.141248,100.0,True,0,359,0:359
20261002T161738,1613.472256,100.0,True,1,344,1:344
20261002T161738,9333.473024,100.0,True,4,412,4:412
20261002T161738,2714.302976,100.0,True,8,403,8:403
20261002T161738,2175.425536,100.0,True,16,313,16:313
20261002T161739,13865.105664,100.0,True,6,407,6:407
20261002T161740,1078.058496,100.0,True,4,415,4:415
20261002T161741,95.98208,100.0,True,7,292,7:292
20261002T161741,9953.375488,100.0,True,16,312,16:312
20261002T161741,1970.210304,100.0,True,16,314,16:314
20261002T161742,229.68192,100.0,True,1,345,1:345
20261002T161742,16562.749184,100.0,True,2,341,2:341
20261002T161742,718.832384,100.0,True,6,411,6:411
20261002T161742,2380.716032,100.0,True,10,388,10:388
20261002T161742,14442.638848,100.0,True,15,399,15:399
20261002T161744,3195.015168,100.0,True,0,360,0:360
20261002T161744,11176.206336,100.0,True,2,343,2:343
20261002T161744,2000.20352,100.0,True,2,345,2:345
20261002T161744,553.193728,100.0,True,3,357,3:357
20261002T161744,11590.888192,100.0,True,4,413,4:413
20261002T161744,16969.923584,100.0,True,5,314,5:314
20261002T161744,18673.309696,100.0,True,8,400,8:400
20261002T161744,2166.723584,100.0,True,8,405,8:405
20261002T161744,13382.927872,100.0,True,9,284,9:284
20261002T161744,12353.023744,100.0,True,12,300,12:300
20261002T161744,3076.907008,100.0,True,13,391,13:391
20261002T161744,12981.55136,100.0,True,15,400,15:400
20261002T161744,16553.92256,100.0,True,16,311,16:311
20261002T161744,13924.212992,100.0,True,17,326,17:326
20261002T161744,10049.313792,100.0,True,17,327,17:327
20261002T161745,14835.074304,100.0,True,0,358,0:358
20261002T161745,1269.93408,100.0,True,4,416,4:416
20261002T161745,399.72992,100.0,True,4,417,4:417
20261002T161745,1058.90304,100.0,True,10,389,10:389
20261002T161745,12345.72928,100.0,True,13,389,13:389
20261002T161745,1740.932864,100.0,True,14,350,14:350
20261002T161745,11205.827328,100.0,True,15,401,15:401
20261002T161745,1010.542848,100.0,True,16,315,16:315
20261002T161746,1334.472192,100.0,True,2,346,2:346
20261002T161746,16953.03424,100.0,True,6,408,6:408
20261002T161746,14365.634816,100.0,True,6,409,6:409
20261002T161746,16981.243904,100.0,True,8,401,8:401
20261002T161746,1498.706944,100.0,True,8,406,8:406
20261002T161746,15890.263552,100.0,True,10,386,10:386
20261002T161746,9978.866688,100.0,True,13,390,13:390
20261002T161747,1357.34528,100.0,True,1,346,1:346
20261002T161747,17967.168768,100.0,True,3,354,3:354
20261002T161747,10818.180608,100.0,True,6,410,6:410
20261002T161747,12492.5888,100.0,True,10,387,10:387
20261002T161747,17058.995456,100.0,True,13,388,13:388
20261002T161748,387.145728,100.0,True,8,407,8:407
20261002T161749,11681.045504,100.0,True,7,291,7:291
20261002T161749,402.929152,100.0,True,13,393,13:393
20261002T161749,13183.291904,100.0,True,15,402,15:402
20261002T161749,536.514048,100.0,True,16,316,16:316
20261002T161749,2708.176384,100.0,True,17,330,17:330
20261002T161750,2987.221248,100.0,True,3,358,3:358
20261002T161750,2303.98336,100.0,True,7,293,7:293
20261002T161750,13731.578368,100.0,True,9,285,9:285
20261002T161750,16029.96864,100.0,True,14,348,14:348
20261002T161751,2833.474048,100.0,True,9,287,9:287
20261002T161751,9262.999552,100.0,True,15,404,15:404
20261002T161751,357.457152,100.0,True,17,331,17:331
20261002T161752,3020.843008,100.0,True,2,347,2:347
20261002T161752,422.977024,100.0,True,4,419,4:419
20261002T161752,15189.755648,100.0,True,12,301,12:301
20261002T161752,11872.327168,100.0,True,14,349,14:349
20261002T161752,2797.608192,100.0,True,15,406,15:406
20261002T161753,15992.421376,100.0,True,5,316,5:316
20261002T161753,1447.644928,100.0,True,13,394,13:394
20261002T161753,13941.442048,100.0,True,15,403,15:403
20261002T161754,16314.823936,100.0,True,2,344,2:344
20261002T161754,17986.072832,100.0,True,4,414,4:414
20261002T161754,15910.248192,100.0,True,8,404,8:404
20261002T161754,781.73312,100.0,True,15,407,15:407
20261002T161754,16596.712448,100.0,True,17,328,17:328
20261002T161755,14833.430784,100.0,True,11,308,11:308
20261002T161755,1233.716736,100.0,True,12,304,12:304
20261002T161755,652.130048,100.0,True,16,317,16:317
20261002T161756,2891.753984,100.0,True,1,348,1:348
20261002T161756,16559.53024,100.0,True,3,356,3:356
20261002T161756,10368.92672,100.0,True,6,412,6:412
20261002T161756,2382.769152,100.0,True,6,414,6:414
20261002T161756,9391.6992,100.0,True,10,390,10:390
20261002T161756,1247.239936,100.0,True,10,392,10:392
20261002T161756,2787.443968,100.0,True,14,352,14:352
20261002T161757,758.58304,100.0,True,3,360,3:360
20261002T161757,2546.840064,100.0,True,4,420,4:420
20261002T161757,417.32096,100.0,True,6,415,6:415
20261002T161757,13647.92576,100.0,True,12,302,12:302
20261002T161758,10408.84224,100.0,True,4,418,4:418
20261002T161758,1054.782208,100.0,True,7,295,7:295
20261002T161758,13867.476224,100.0,True,13,392,13:392
20261002T161759,13797.646848,100.0,True,0,361,0:361
20261002T161759,17140.837888,100.0,True,5,317,5:317
20261002T161759,13787.592448,100.0,True,5,318,5:318
20261002T161759,12816.118784,100.0,True,11,309,11:309
20261002T161759,2023.41632,100.0,True,11,312,11:312
20261002T161800,16744.524544,100.0,True,9,286,9:286
20261002T161800,12159.619328,100.0,True,14,351,14:351
20261002T161800,16098.688,100.0,True,17,329,17:329
20261002T161801,2300.56448,100.0,True,9,289,9:289
20261002T161802,1012.372224,100.0,True,3,361,3:361
20261002T161802,11279.9552,100.0,True,8,408,8:408
20261002T161802,2997.637888,100.0,True,12,305,12:305
20261002T161803,738.137344,100.0,True,2,350,2:350
20261002T161803,12914.009344,100.0,True,5,319,5:319
20261002T161803,506.243072,100.0,True,7,296,7:296
20261002T161803,1603.22432,100.0,True,8,411,8:411
20261002T161803,11693.357312,100.0,True,10,391,10:391
20261002T161803,13946.834944,100.0,True,11,310,11:310
20261002T161803,14770.026752,100.0,True,12,303,12:303
20261002T161804,12222.80448,100.0,True,3,359,3:359
20261002T161804,2151.118848,100.0,True,4,422,4:422
20261002T161804,2376.29696,100.0,True,11,313,11:313
20261002T161804,18220.206848,100.0,True,15,405,15:405
20261002T161805,11734.532608,100.0,True,2,348,2:348
20261002T161805,963.02848,100.0,True,4,423,4:423
20261002T161805,11040.51328,100.0,True,5,320,5:320
20261002T161805,15670.17856,100.0,True,6,413,6:413
20261002T161806,12741.044736,100.0,True,0,363,0:363
20261002T161806,17214.359808,100.0,True,1,347,1:347
20261002T161806,2407.93856,100.0,True,5,322,5:322
20261002T161806,832.852224,100.0,True,8,412,8:412
20261002T161806,663.270144,100.0,True,9,290,9:290
20261002T161806,2938.751744,100.0,True,15,410,15:410
20261002T161806,9915.50592,100.0,True,17,332,17:332
20261002T161807,17851.535872,100.0,True,0,362,0:362
20261002T161807,9771.233792,100.0,True,4,421,4:421
20261002T161807,2121.647872,100.0,True,10,395,10:395
20261002T161807,1187.34848,100.0,True,12,306,12:306
20261002T161808,14286.277376,100.0,True,9,288,9:288
20261002T161808,10135.90272,100.0,True,10,393,10:393
20261002T161808,1821.35424,100.0,True,14,355,14:355
20261002T161809,9757.615104,100.0,True,5,321,5:321
20261002T161809,842.453504,100.0,True,5,323,5:323
20261002T161809,17319.39328,100.0,True,7,294,7:294
20261002T161809,734.602496,100.0,True,13,398,13:398
20261002T161810,11755.2768,100.0,True,0,364,0:364
20261002T161810,2783.373824,100.0,True,7,297,7:297
20261002T161810,16850.58304,100.0,True,8,409,8:409
20261002T161810,1424.331008,100.0,True,10,396,10:396
20261002T161810,16558.108416,100.0,True,11,311,11:311
20261002T161810,13240.188672,100.0,True,14,353,14:353
20261002T161810,3038.927104,100.0,True,15,411,15:411
20261002T161811,2652.82944,100.0,True,1,351,1:351
20261002T161811,1908.018944,100.0,True,6,419,6:419
20261002T161812,806.28992,100.0,True,7,298,7:298
20261002T161812,16137.329408,100.0,True,13,395,13:395
20261002T161812,15485.456896,100.0,True,15,408,15:408
20261002T161813,1968.711936,100.0,True,0,367,0:367
20261002T161813,16501.7984,100.0,True,8,410,8:410
20261002T161813,1505.397248,100.0,True,9,291,9:291
20261002T161813,9524.127744,100.0,True,13,397,13:397
20261002T161813,1665.769728,100.0,True,13,399,13:399
20261002T161813,10498.820864,100.0,True,16,319,16:319
20261002T161813,2024.462336,100.0,True,17,335,17:335
20261002T161814,15932.359424,100.0,True,2,349,2:349
20261002T161814,2832.775936,100.0,True,3,363,3:363
20261002T161814,1615.161088,100.0,True,5,324,5:324
20261002T161814,12133.435392,100.0,True,10,394,10:394
20261002T161814,2107.085568,100.0,True,10,397,10:397
20261002T161815,16527.646464,100.0,True,1,349,1:349
20261002T161815,2414.908416,100.0,True,4,425,4:425
20261002T161815,2603.191296,100.0,True,6,420,6:420
20261002T161815,1027.194112,100.0,True,12,308,12:308
20261002T161815,13435.782656,100.0,True,14,354,14:354
20261002T161815,14869.15584,100.0,True,15,409,15:409
20261002T161815,1058.923776,100.0,True,16,322,16:322
20261002T161816,16534.977536,100.0,True,6,416,6:416
20261002T161816,16810.30784,100.0,True,16,318,16:318
20261002T161817,9706.35392,100.0,True,2,351,2:351
20261002T161817,283.32672,100.0,True,11,316,11:316
20261002T161817,16918.213888,100.0,True,13,396,13:396
20261002T161817,1930.555136,100.0,True,17,336,17:336
20261002T161818,16875.805952,100.0,True,0,365,0:365
20261002T161818,1920.445184,100.0,True,1,353,1:353
20261002T161818,638.06208,100.0,True,4,426,4:426
20261002T161818,636.415744,100.0,True,5,325,5:325
20261002T161818,1400.811776,100.0,True,10,398,10:398
20261002T161818,1894.993152,100.0,True,15,413,15:413
20261002T161818,16555.269376,100.0,True,17,333,17:333
20261002T161818,10753.65504,100.0,True,17,334,17:334
20261002T161819,15194.407936,100.0,True,1,350,1:350
20261002T161819,12694.601984,100.0,True,3,362,3:362
20261002T161819,1823.648512,100.0,True,7,299,7:299
20261002T161820,10965.882368,100.0,True,4,424,4:424
20261002T161820,10725.526528,100.0,True,8,413,8:413
20261002T161820,207.972352,100.0,True,11,317,11:317
20261002T161820,922.522624,100.0,True,17,337,17:337
20261002T161821,1747.648256,100.0,True,0,369,0:369
20261002T161821,17959.067136,100.0,True,6,417,6:417
20261002T161821,939.787776,100.0,True,8,416,8:416
20261002T161822,1174.424832,100.0,True,4,427,4:427
20261002T161822,11866.684672,100.0,True,16,321,16:321
20261002T161822,2996.416512,100.0,True,16,323,16:323
20261002T161823,10533.595392,100.0,True,2,352,2:352
20261002T161823,923.077376,100.0,True,5,326,5:326
20261002T161823,166.809344,100.0,True,8,417,8:417
20261002T161823,3000.288768,100.0,True,10,399,10:399
20261002T161823,17036.963584,100.0,True,11,314,11:314
20261002T161823,11602.956032,100.0,True,14,356,14:356
20261002T161823,1700.124672,100.0,True,14,358,14:358
20261002T161823,11762.409472,100.0,True,15,412,15:412
20261002T161823,16540.33408,100.0,True,16,320,16:320
20261002T161823,155.862784,100.0,True,16,324,16:324
20261002T161824,17409.00864,100.0,True,0,366,0:366
20261002T161824,1166.759424,100.0,True,0,370,0:370
20261002T161824,2931.556096,100.0,True,1,354,1:354
20261002T161824,2067.12832,100.0,True,2,354,2:354
20261002T161824,17996.2944,100.0,True,6,418,6:418
20261002T161824,320.946176,100.0,True,15,415,15:415
20261002T161825,13172.805632,100.0,True,11,315,11:315
20261002T161825,1859.817728,100.0,True,17,338,17:338
20261002T161826,1435.925504,100.0,True,10,400,10:400
20261002T161826,11008.301568,100.0,True,13,400,13:400
20261002T161827,2728.539648,100.0,True,3,366,3:366
20261002T161827,9934.53952,100.0,True,6,421,6:421
20261002T161827,1429.824512,100.0,True,14,359,14:359
20261002T161828,1798.471936,100.0,True,2,355,2:355
20261002T161828,15536.337664,100.0,True,8,414,8:414
20261002T161828,2399.35104,100.0,True,8,418,8:418
20261002T161828,714.310912,100.0,True,10,401,10:401
20261002T161828,17469.739008,100.0,True,12,307,12:307
20261002T161828,2814.630144,100.0,True,12,310,12:310
20261002T161828,1079.997184,100.0,True,15,416,15:416
20261002T161829,558.580736,100.0,True,6,424,6:424
20261002T161829,13304.54784,100.0,True,8,415,8:415
20261002T161829,1292.203008,100.0,True,17,339,17:339
20261002T161830,17874.337024,100.0,True,1,352,1:352
20261002T161830,2161.248768,100.0,True,4,429,4:429
20261002T161830,2958.108416,100.0,True,7,301,7:301
20261002T161830,9848.2176,100.0,True,15,414,15:414
20261002T161831,14834.609664,100.0,True,0,368,0:368
20261002T161831,12241.398528,100.0,True,13,401,13:401
20261002T161831,2711.45344,100.0,True,16,325,16:325
20261002T161832,14989.613568,100.0,True,2,353,2:353
20261002T161832,16632.865792,100.0,True,3,364,3:364
20261002T161832,739.855616,100.0,True,11,319,11:319
20261002T161832,11376.422144,100.0,True,12,309,12:309
20261002T161833,9501.149184,100.0,True,4,428,4:428
20261002T161833,16708.577792,100.0,True,9,292,9:292
20261002T161833,2507.297536,100.0,True,10,402,10:402
20261002T161833,1411.69664,100.0,True,13,404,13:404
20261002T161833,16098.4832,100.0,True,14,357,14:357
20261002T161834,2494.150912,100.0,True,0,372,0:372
20261002T161834,2019.481088,100.0,True,1,357,1:357
20261002T161834,850.300928,100.0,True,7,302,7:302
20261002T161834,11297.274624,100.0,True,9,293,9:293
20261002T161835,13434.297088,100.0,True,6,422,6:422
20261002T161835,2458.930432,100.0,True,8,420,8:420
20261002T161835,87.655168,100.0,True,10,403,10:403
20261002T161835,12256.260864,100.0,True,13,402,13:402
20261002T161835,2062.757632,100.0,True,16,326,16:326
20261002T161836,357.447424,100.0,True,11,320,11:320
20261002T161836,9686.274816,100.0,True,13,403,13:403
20261002T161836,2193.892096,100.0,True,13,405,13:405
20261002T161837,554.947072,100.0,True,1,358,1:358
20261002T161837,17263.959552,100.0,True,3,365,3:365
20261002T161837,1787.146496,100.0,True,6,426,6:426
20261002T161837,2294.021888,100.0,True,12,312,12:312
20261002T161838,16597.2096,100.0,True,7,300,7:300
20261002T161838,154.503424,100.0,True,14,362,14:362
20261002T161840,2550.507008,100.0,True,6,427,6:427
20261002T161840,1544.224512,100.0,True,7,303,7:303
20261002T161840,10946.940672,100.0,True,9,294,9:294
20261002T161840,14115.104768,100.0,True,11,318,11:318
20261002T161840,345.048064,100.0,True,11,321,11:321
20261002T161840,1048.39424,100.0,True,12,313,12:313
20261002T161840,1274.832896,100.0,True,16,327,16:327
20261002T161840,2016.106752,100.0,True,17,341,17:341
20261002T161841,2823.006208,100.0,True,3,369,3:369
20261002T161841,15622.806528,100.0,True,6,423,6:423
20261002T161841,2001.750016,100.0,True,8,422,8:422
20261002T161841,11460.419072,100.0,True,12,311,12:311
20261002T161842,17408.279808,100.0,True,1,355,1:355
20261002T161842,1140.1344,100.0,True,1,359,1:359
20261002T161842,10167.798784,100.0,True,4,430,4:430
20261002T161842,967.934976,100.0,True,9,296,9:296
20261002T161842,12989.474304,100.0,True,14,360,14:360
20261002T161842,170.57024,100.0,True,17,342,17:342
20261002T161843,16054.775552,100.0,True,0,371,0:371
20261002T161843,14010.480128,100.0,True,1,356,1:356
20261002T161843,104.84224,100.0,True,3,370,3:370
20261002T161843,750.278912,100.0,True,10,405,10:405
20261002T161843,573.966336,100.0,True,14,363,14:363
20261002T161843,9801.383424,100.0,True,17,340,17:340
20261002T161844,9878.051072,100.0,True,0,373,0:373
20261002T161844,13645.545472,100.0,True,2,356,2:356
20261002T161844,14435.418112,100.0,True,3,367,3:367
20261002T161844,13496.227584,100.0,True,6,425,6:425
20261002T161844,15517.051904,100.0,True,8,419,8:419
20261002T161844,474.564864,100.0,True,12,314,12:314
20261002T161845,10441.466112,100.0,True,4,431,4:431
20261002T161845,17700.329728,100.0,True,5,327,5:327
20261002T161845,2980.6912,100.0,True,7,304,7:304
20261002T161845,9533.182464,100.0,True,8,421,8:421
20261002T161846,14771.08096,100.0,True,5,328,5:328
20261002T161846,1038.733568,100.0,True,13,408,13:408
20261002T161846,12306.874624,100.0,True,15,418,15:418
20261002T161847,12875.56992,100.0,True,3,368,3:368
20261002T161847,569.329152,100.0,True,5,331,5:331
20261002T161847,1111.17184,100.0,True,14,364,14:364
20261002T161847,16959.896576,100.0,True,15,417,15:417
20261002T161848,10341.262592,100.0,True,0,374,0:374
20261002T161848,14560.329216,100.0,True,2,357,2:357
20261002T161848,14597.042688,100.0,True,14,361,14:361
20261002T161848,514.48576,100.0,True,17,343,17:343
20261002T161849,13651.171328,100.0,True,5,329,5:329
20261002T161849,2386.492928,100.0,True,10,406,10:406
20261002T161850,11314.199552,100.0,True,4,432,4:432
20261002T161851,1521.050624,100.0,True,2,360,2:360
20261002T161851,9212.34688,100.0,True,5,330,5:330
20261002T161851,15731.291904,100.0,True,9,295,9:295
20261002T161851,389.897728,100.0,True,11,323,11:323
20261002T161852,537.944832,100.0,True,3,372,3:372
20261002T161852,10246.865152,100.0,True,8,423,8:423
20261002T161852,1698.871296,100.0,True,14,365,14:365
20261002T161852,2516.577792,100.0,True,16,329,16:329
20261002T161853,2874.37312,100.0,True,0,377,0:377
20261002T161853,15168.004608,100.0,True,10,404,10:404
20261002T161853,16302.561792,100.0,True,13,406,13:406
20261002T161853,15596.595968,100.0,True,15,419,15:419
20261002T161854,11545.84448,100.0,True,0,375,0:375
20261002T161854,2867.289088,100.0,True,1,361,1:361
20261002T161854,14618.893824,100.0,True,2,358,2:358
20261002T161854,12982.405632,100.0,True,13,407,13:407
20261002T161854,477.794048,100.0,True,16,330,16:330
20261002T161854,2175.555328,100.0,True,17,344,17:344
20261002T161855,9706.24384,100.0,True,2,359,2:359
20261002T161855,9799.795968,100.0,True,9,297,9:297
20261002T161856,2735.216384,100.0,True,4,436,4:436
20261002T161856,840.868096,100.0,True,12,316,12:316
20261002T161857,14697.660672,100.0,True,4,433,4:433
20261002T161857,2750.020608,100.0,True,5,333,5:333
20261002T161857,3070.318848,100.0,True,8,427,8:427
20261002T161857,600.587264,100.0,True,8,428,8:428
20261002T161857,15608.891648,100.0,True,15,420,15:420
20261002T161857,1913.517312,100.0,True,15,424,15:424
20261002T161858,15807.17056,100.0,True,6,428,6:428
20261002T161858,2688.351232,100.0,True,9,299,9:299
20261002T161858,1296.778496,100.0,True,13,411,13:411
20261002T161858,12677.00992,100.0,True,16,328,16:328
20261002T161859,2183.659008,100.0,True,4,437,4:437
20261002T161859,3020.022528,100.0,True,6,431,6:431
20261002T161859,643.549696,100.0,True,11,325,11:325
20261002T161859,2738.87872,100.0,True,14,367,14:367
20261002T161900,821.754112,100.0,True,0,379,0:379
20261002T161900,13746.769152,100.0,True,6,429,6:429
20261002T161900,12810.683136,100.0,True,7,305,7:305
20261002T161900,1578.756608,100.0,True,7,307,7:307
20261002T161900,14289.747968,100.0,True,11,322,11:322
20261002T161901,14915.041024,100.0,True,1,360,1:360
20261002T161901,15747.587584,100.0,True,4,434,4:434
20261002T161901,16387.789056,100.0,True,8,424,8:424
20261002T161901,1422.10176,100.0,True,14,368,14:368
20261002T161901,2700.34816,100.0,True,16,331,16:331
20261002T161901,2865.47072,100.0,True,17,345,17:345
20261002T161902,13462.534912,100.0,True,4,435,4:435
20261002T161902,17416.08576,100.0,True,15,421,15:421
20261002T161903,16058.718976,100.0,True,0,376,0:376
20261002T161903,95.233536,100.0,True,1,364,1:364
20261002T161903,15582.082816,100.0,True,8,425,8:425
20261002T161903,15773.371136,100.0,True,15,422,15:422
20261002T161904,1575.600128,100.0,True,7,308,7:308
20261002T161904,13828.525056,100.0,True,9,298,9:298
20261002T161904,1047.913728,100.0,True,11,326,11:326
20261002T161905,2714.763264,100.0,True,6,433,6:433
20261002T161905,873.564416,100.0,True,8,430,8:430
20261002T161905,14905.707264,100.0,True,10,407,10:407
20261002T161905,1484.05504,100.0,True,10,410,10:410
20261002T161905,11765.543424,100.0,True,13,410,13:410
20261002T161905,1465.244672,100.0,True,14,369,14:369
20261002T161906,2308.764416,100.0,True,0,380,0:380
20261002T161906,11374.006272,100.0,True,2,361,2:361
20261002T161906,17375.945472,100.0,True,3,371,3:371
20261002T161906,15754.7072,100.0,True,5,332,5:332
20261002T161906,14221.641728,100.0,True,6,430,6:430
20261002T161906,733.708544,100.0,True,6,434,6:434
20261002T161906,11568.46336,100.0,True,11,324,11:324
20261002T161906,17422.518016,100.0,True,12,315,12:315
20261002T161906,1375.172096,100.0,True,12,318,12:318
20261002T161906,17251.322112,100.0,True,13,409,13:409
20261002T161906,15634.25664,100.0,True,15,423,15:423
20261002T161907,10867.18592,100.0,True,3,373,3:373
20261002T161907,3079.9296,100.0,True,4,439,4:439
20261002T161907,14216.156928,100.0,True,7,306,7:306
20261002T161907,1721.207296,100.0,True,9,301,9:301
20261002T161908,790.401792,100.0,True,3,376,3:376
20261002T161908,1887.939584,100.0,True,4,440,4:440
20261002T161908,10344.83328,100.0,True,5,334,5:334
20261002T161908,16983.500032,100.0,True,8,426,8:426
20261002T161908,1209.495296,100.0,True,8,431,8:431
20261002T161908,247.850496,100.0,True,11,327,11:327
20261002T161909,9754.366208,100.0,True,6,432,6:432
20261002T161909,1381.613568,100.0,True,6,435,6:435
20261002T161909,15873.804032,100.0,True,14,366,14:366
20261002T161909,11015.202816,100.0,True,15,425,15:425
20261002T161910,11135.3536,100.0,True,2,362,2:362
20261002T161910,9440.937216,100.0,True,13,412,13:412
20261002T161911,12094.08,100.0,True,3,374,3:374
20261002T161911,12035.71712,100.0,True,10,409,10:409
20261002T161912,1645.023744,100.0,True,2,365,2:365
20261002T161912,770.756864,100.0,True,3,377,3:377
20261002T161912,298.23104,100.0,True,8,432,8:432
20261002T161912,18128.551424,100.0,True,10,408,10:408
20261002T161913,18279.980032,100.0,True,0,378,0:378
20261002T161913,17891.135744,100.0,True,1,362,1:362
20261002T161913,1953.629184,100.0,True,6,436,6:436
20261002T161913,1567.87072,100.0,True,11,328,11:328
20261002T161913,12650.776832,100.0,True,12,317,12:317
20261002T161913,802.531584,100.0,True,16,334,16:334
20261002T161914,2137.37984,100.0,True,5,337,5:337
20261002T161914,2805.010944,100.0,True,13,415,13:415
20261002T161914,12434.635008,100.0,True,15,426,15:426
20261002T161914,11354.201344,100.0,True,17,346,17:346
20261002T161915,17270.75072,100.0,True,1,363,1:363
20261002T161915,13566.69568,100.0,True,5,335,5:335
20261002T161915,3001.68576,100.0,True,9,302,9:302
20261002T161915,1535.877888,100.0,True,14,371,14:371
20261002T161915,2557.425408,100.0,True,15,429,15:429
20261002T161916,2900.426752,100.0,True,0,382,0:382
20261002T161916,13183.602176,100.0,True,3,375,3:375
20261002T161916,16953.262336,100.0,True,4,438,4:438
20261002T161916,1306.183168,100.0,True,4,442,4:442
20261002T161916,1059.331072,100.0,True,6,437,6:437
20261002T161916,15682.189312,100.0,True,8,429,8:429
20261002T161916,1601.311744,100.0,True,8,433,8:433
20261002T161916,12043.899392,100.0,True,13,413,13:413
20261002T161916,363.698688,100.0,True,13,416,13:416
20261002T161917,1316.752384,100.0,True,10,413,10:413
20261002T161917,10141.655808,100.0,True,16,333,16:333
20261002T161918,2524.904448,100.0,True,3,378,3:378
20261002T161918,11083.296,100.0,True,7,309,7:309
20261002T161918,1085.931264,100.0,True,7,311,7:311
20261002T161918,1363.096832,100.0,True,9,303,9:303
20261002T161919,859.852032,100.0,True,0,383,0:383
20261002T161919,15090.537472,100.0,True,2,363,2:363
20261002T161919,18213.401344,100.0,True,9,300,9:300
20261002T161919,11908.860416,100.0,True,13,414,13:414
20261002T161920,11873.750272,100.0,True,0,381,0:381
20261002T161920,12738.650112,100.0,True,1,365,1:365
20261002T161920,1830.675456,100.0,True,6,438,6:438
20261002T161920,2277.628672,100.0,True,8,434,8:434
20261002T161920,11470.066432,100.0,True,14,370,14:370
20261002T161920,10631.632128,100.0,True,15,428,15:428
20261002T161920,17571.909632,100.0,True,16,332,16:332
20261002T161920,2907.6224,100.0,True,16,335,16:335
20261002T161921,9367.153408,100.0,True,1,366,1:366
20261002T161921,10058.478336,100.0,True,4,441,4:441
20261002T161921,1883.328,100.0,True,14,372,14:372
20261002T161921,2013.117184,100.0,True,15,431,15:431
20261002T161922,2123.16928,100.0,True,1,368,1:368
20261002T161922,2391.14752,100.0,True,10,414,10:414
20261002T161922,16326.337792,100.0,True,15,427,15:427
20261002T161923,15230.711296,100.0,True,5,336,5:336
20261002T161923,1789.328384,100.0,True,6,439,6:439
20261002T161923,617.343232,100.0,True,10,415,10:415
20261002T161923,2677.163776,100.0,True,11,330,11:330
20261002T161923,14115.05408,100.0,True,12,319,12:319
20261002T161923,9787.548928,100.0,True,12,320,12:320
20261002T161923,2640.89344,100.0,True,12,321,12:321
20261002T161923,240.804096,100.0,True,13,418,13:418
20261002T161923,729.065472,100.0,True,17,350,17:350
20261002T161924,2496.518912,100.0,True,0,384,0:384
20261002T161924,2655.35872,100.0,True,4,444,4:444
20261002T161924,1346.555648,100.0,True,9,304,9:304
20261002T161924,15611.552,100.0,True,10,411,10:411
20261002T161924,1887.940864,100.0,True,15,432,15:432
20261002T161925,1190.416896,100.0,True,1,369,1:369
20261002T161925,17488.035072,100.0,True,2,364,2:364
20261002T161925,300.889344,100.0,True,11,331,11:331
20261002T161925,1041.518848,100.0,True,12,322,12:322
20261002T161925,2630.286592,100.0,True,16,336,16:336
20261002T161925,16745.974272,100.0,True,17,347,17:347
20261002T161925,13446.543104,100.0,True,17,348,17:348
20261002T161926,9363.947008,100.0,True,4,443,4:443
20261002T161926,980.760832,100.0,True,13,419,13:419
20261002T161927,2075.144448,100.0,True,4,445,4:445
20261002T161927,279.803648,100.0,True,5,340,5:340
20261002T161928,349.129472,100.0,True,6,441,6:441
20261002T161928,17652.366592,100.0,True,10,412,10:412
20261002T161929,1367.896832,100.0,True,1,370,1:370
20261002T161929,9412.12416,100.0,True,3,379,3:379
20261002T161929,17727.791616,100.0,True,7,310,7:310
20261002T161929,10051.440896,100.0,True,13,417,13:417
20261002T161929,12735.207936,100.0,True,15,430,15:430
20261002T161930,14087.71456,100.0,True,2,366,2:366
20261002T161930,13935.487232,100.0,True,11,329,11:329
20261002T161930,707.948032,100.0,True,13,420,13:420
20261002T161930,897.889536,100.0,True,16,337,16:337
20261002T161931,15936.367616,100.0,True,1,367,1:367
20261002T161931,1982.74944,100.0,True,7,313,7:313
20261002T161931,2969.607168,100.0,True,9,305,9:305
20261002T161931,2163.815168,100.0,True,12,323,12:323
20261002T161931,2946.98368,100.0,True,14,374,14:374
20261002T161932,2460.622592,100.0,True,2,369,2:369
20261002T161932,16754.978816,100.0,True,5,338,5:338
20261002T161932,2487.557888,100.0,True,10,417,10:417
20261002T161932,2177.232128,100.0,True,11,332,11:332
20261002T161933,1636.328704,100.0,True,1,371,1:371
20261002T161933,2328.396288,100.0,True,6,442,6:442
20261002T161933,2144.830976,100.0,True,15,434,15:434
20261002T161933,17010.974976,100.0,True,17,349,17:349
20261002T161934,10941.801984,100.0,True,3,380,3:380
20261002T161935,1395.340544,100.0,True,2,370,2:370
20261002T161935,2225.12128,100.0,True,10,418,10:418
20261002T161935,2770.866944,100.0,True,14,375,14:375
20261002T161936,13112.150016,100.0,True,7,312,7:312
20261002T161936,16204.869632,100.0,True,8,435,8:435
20261002T161936,2257.911808,100.0,True,13,421,13:421
20261002T161936,9003.84128,100.0,True,15,433,15:433
20261002T161936,1117.804288,100.0,True,15,435,15:435
20261002T161937,15620.91776,100.0,True,2,367,2:367
20261002T161937,16156.172544,100.0,True,5,339,5:339
20261002T161937,1235.453696,100.0,True,14,376,14:376
20261002T161938,12486.72512,100.0,True,0,385,0:385
20261002T161938,12713.612544,100.0,True,2,368,2:368
20261002T161938,1849.833984,100.0,True,9,307,9:307
20261002T161938,1461.662208,100.0,True,17,353,17:353
20261002T161939,204.933888,100.0,True,2,371,2:371
20261002T161939,374.523136,100.0,True,4,449,4:449
20261002T161939,13756.528128,100.0,True,10,416,10:416
20261002T161939,771.767808,100.0,True,12,325,12:325
20261002T161939,1394.224896,100.0,True,13,422,13:422
20261002T161939,14387.305728,100.0,True,14,373,14:373
20261002T161941,608.486912,100.0,True,0,389,0:389
20261002T161941,13227.331072,100.0,True,4,446,4:446
20261002T161941,17186.424064,100.0,True,6,440,6:440
20261002T161941,2231.444992,100.0,True,6,444,6:444
20261002T161941,16764.27776,100.0,True,8,436,8:436
20261002T161941,9188.930304,100.0,True,16,338,16:338
20261002T161942,15079.805952,100.0,True,3,381,3:381
20261002T161942,1201.206784,100.0,True,3,384,3:384
20261002T161942,9282.097152,100.0,True,12,324,12:324
20261002T161942,693.455872,100.0,True,15,437,15:437
20261002T161943,2941.242368,100.0,True,1,373,1:373
20261002T161943,821.517824,100.0,True,4,450,4:450
20261002T161943,10681.343232,100.0,True,5,341,5:341
20261002T161943,1923.184384,100.0,True,8,441,8:441
20261002T161943,1402.567168,100.0,True,9,308,9:308
20261002T161944,206.794752,100.0,True,2,372,2:372
20261002T161944,16606.754304,100.0,True,17,351,17:351
20261002T161945,2998.86336,100.0,True,6,445,6:445
20261002T161945,2492.737024,100.0,True,13,424,13:424
20261002T161945,9453.309184,100.0,True,16,339,16:339
20261002T161945,1303.370752,100.0,True,16,341,16:341
20261002T161946,16022.358272,100.0,True,0,386,0:386
20261002T161946,9114.609152,100.0,True,1,372,1:372
20261002T161946,14057.81888,100.0,True,4,447,4:447
20261002T161946,17666.219264,100.0,True,8,437,8:437
20261002T161946,12522.121984,100.0,True,11,333,11:333
20261002T161946,963.44192,100.0,True,15,438,15:438
20261002T161947,15977.315584,100.0,True,3,382,3:382
20261002T161947,14759.488768,100.0,True,9,306,9:306
20261002T161947,2864.433408,100.0,True,11,335,11:335
20261002T161948,1681.57056,100.0,True,7,316,7:316
20261002T161948,16611.52128,100.0,True,8,438,8:438
20261002T161948,16462.364416,100.0,True,17,352,17:352
20261002T161949,11182.27968,100.0,True,0,388,0:388
20261002T161949,1681.259776,100.0,True,2,373,2:373
20261002T161949,13848.650496,100.0,True,8,439,8:439
20261002T161949,9210.748416,100.0,True,16,340,16:340
20261002T161949,232.820736,100.0,True,17,355,17:355
20261002T161950,1177.108224,100.0,True,5,344,5:344
20261002T161950,9392.094464,100.0,True,13,423,13:423
20261002T161950,3036.245248,100.0,True,13,425,13:425
20261002T161950,185.575168,100.0,True,14,379,14:379
20261002T161950,1515.536128,100.0,True,16,342,16:342
20261002T161951,16217.184512,100.0,True,4,448,4:448
20261002T161951,16112.818688,100.0,True,6,443,6:443
20261002T161951,2832.158976,100.0,True,8,443,8:443
20261002T161951,9943.21792,100.0,True,10,420,10:420
20261002T161951,11721.943296,100.0,True,11,334,11:334
20261002T161951,13728.432128,100.0,True,15,436,15:436
20261002T161952,17902.920192,100.0,True,0,387,0:387
20261002T161952,17475.044608,100.0,True,7,314,7:314
20261002T161952,323.215872,100.0,True,7,317,7:317
20261002T161952,15800.693248,100.0,True,10,419,10:419
20261002T161952,9683.545856,100.0,True,17,354,17:354
20261002T161953,94.613504,100.0,True,4,453,4:453
20261002T161953,15300.324096,100.0,True,5,342,5:342
20261002T161953,2391.367936,100.0,True,6,447,6:447
20261002T161953,12708.937472,100.0,True,7,315,7:315
20261002T161953,1473.916672,100.0,True,12,328,12:328
20261002T161953,2063.946496,100.0,True,15,440,15:440
20261002T161954,17327.140608,100.0,True,3,383,3:383
20261002T161954,10643.887616,100.0,True,5,343,5:343
20261002T161954,2625.905664,100.0,True,13,426,13:426
20261002T161955,885.797632,100.0,True,3,387,3:387
20261002T161955,17106.13888,100.0,True,8,440,8:440
20261002T161955,1228.18048,100.0,True,17,356,17:356
20261002T161956,1086.950912,100.0,True,1,376,1:376
20261002T161956,558.216192,100.0,True,5,345,5:345
20261002T161956,9649.087232,100.0,True,9,309,9:309
20261002T161956,1924.1216,100.0,True,11,337,11:337
20261002T161956,1119.89504,100.0,True,15,441,15:441
20261002T161956,2234.605056,100.0,True,16,343,16:343
20261002T161957,11165.507072,100.0,True,1,374,1:374
20261002T161957,11270.998528,100.0,True,10,421,10:421
20261002T161957,2747.3856,100.0,True,10,423,10:423
20261002T161957,13781.880064,100.0,True,12,326,12:326
20261002T161957,1645.458688,100.0,True,13,427,13:427
20261002T161957,17164.195072,100.0,True,14,377,14:377
20261002T161958,13679.635456,100.0,True,8,442,8:442
20261002T161959,10364.452864,100.0,True,3,386,3:386
20261002T161959,11230.014464,100.0,True,15,439,15:439
20261002T162000,9955.78752,100.0,True,10,422,10:422
20261002T162000,12989.887232,100.0,True,12,327,12:327
20261002T162000,2390.87104,100.0,True,17,357,17:357
20261002T162001,11360.910848,100.0,True,1,375,1:375
20261002T162001,16536.703744,100.0,True,3,385,3:385
20261002T162001,1069.827328,100.0,True,4,455,4:455
20261002T162001,14738.273792,100.0,True,6,446,6:446
20261002T162001,2439.878912,100.0,True,8,446,8:446
20261002T162001,1704.92928,100.0,True,13,428,13:428
20261002T162002,16595.702272,100.0,True,0,390,0:390
20261002T162002,16315.635712,100.0,True,4,451,4:451
20261002T162002,1069.60768,100.0,True,8,447,8:447
20261002T162002,17834.10304,100.0,True,14,378,14:378
20261002T162003,580.352,100.0,True,3,389,3:389
20261002T162003,15038.173952,100.0,True,4,452,4:452
20261002T162003,1528.6336,100.0,True,5,346,5:346
20261002T162003,11064.913152,100.0,True,8,444,8:444
20261002T162004,2564.192,100.0,True,7,319,7:319
20261002T162004,15311.638528,100.0,True,11,336,11:336
20261002T162004,1058.598144,100.0,True,15,443,15:443
20261002T162005,13776.171776,100.0,True,0,391,0:391
20261002T162005,9975.730944,100.0,True,6,448,6:448
20261002T162005,2895.458816,100.0,True,9,312,9:312
20261002T162005,1706.900224,100.0,True,11,339,11:339
20261002T162005,2190.561792,100.0,True,13,429,13:429
20261002T162006,519.90016,100.0,True,3,390,3:390
20261002T162006,10918.235904,100.0,True,8,445,8:445
20261002T162006,1692.09856,100.0,True,8,448,8:448
20261002T162006,2667.889408,100.0,True,12,330,12:330
20261002T162006,1823.405824,100.0,True,14,382,14:382
20261002T162006,867.512832,100.0,True,15,444,15:444
20261002T162007,9492.853504,100.0,True,2,375,2:375
20261002T162007,1480.267008,100.0,True,4,457,4:457
20261002T162007,165.462016,100.0,True,5,347,5:347
20261002T162007,16216.752384,100.0,True,9,310,9:310
20261002T162008,14449.693952,100.0,True,2,374,2:374
20261002T162008,12080.611328,100.0,True,9,311,9:311
20261002T162008,9581.289728,100.0,True,15,442,15:442
20261002T162008,1605.564672,100.0,True,16,346,16:346
20261002T162009,11740.033536,100.0,True,7,318,7:318
20261002T162009,861.50272,100.0,True,9,313,9:313
20261002T162009,745.697792,100.0,True,14,383,14:383
20261002T162010,13641.851136,100.0,True,0,392,0:392
20261002T162010,2637.504512,100.0,True,1,379,1:379
20261002T162010,13798.535936,100.0,True,4,454,4:454
20261002T162010,639.64672,100.0,True,12,331,12:331
20261002T162010,11730.806528,100.0,True,16,344,16:344
20261002T162011,13956.573184,100.0,True,11,338,11:338
20261002T162011,1742.839296,100.0,True,11,340,11:340
20261002T162012,1895.897344,100.0,True,3,391,3:391
20261002T162012,2907.313408,100.0,True,8,449,8:449
20261002T162012,14159.908864,100.0,True,12,329,12:329
20261002T162012,17397.94688,100.0,True,14,380,14:380
20261002T162012,2565.475584,100.0,True,15,445,15:445
20261002T162013,1902.863104,100.0,True,0,395,0:395
20261002T162013,14190.76992,100.0,True,1,377,1:377
20261002T162013,1474.993152,100.0,True,5,348,5:348
20261002T162013,252.731136,100.0,True,9,314,9:314
20261002T162013,10281.396224,100.0,True,16,345,16:345
20261002T162014,2559.146496,100.0,True,4,459,4:459
20261002T162014,2564.833792,100.0,True,10,427,10:427
20261002T162014,882.733312,100.0,True,15,446,15:446
20261002T162015,14244.384256,100.0,True,0,393,0:393
20261002T162015,13456.259584,100.0,True,2,376,2:376
20261002T162015,2189.362944,100.0,True,8,450,8:450
20261002T162015,10133.931776,100.0,True,17,359,17:359
20261002T162015,163.22688,100.0,True,17,361,17:361
20261002T162016,10145.618944,100.0,True,0,394,0:394
20261002T162016,18043.72352,100.0,True,3,388,3:388
20261002T162016,13279.299584,100.0,True,4,456,4:456
20261002T162016,17074.411264,100.0,True,6,449,6:449
20261002T162016,12662.459648,100.0,True,6,450,6:450
20261002T162016,16184.055552,100.0,True,10,424,10:424
20261002T162017,2985.914624,100.0,True,12,332,12:332
20261002T162017,17220.92032,100.0,True,14,381,14:381
20261002T162017,122.735872,100.0,True,14,385,14:385
20261002T162018,1443.499776,100.0,True,0,396,0:396
20261002T162018,703.875328,100.0,True,3,393,3:393
20261002T162018,13829.2032,100.0,True,10,425,10:425
20261002T162019,2075.015168,100.0,True,4,461,4:461
20261002T162019,2079.586048,100.0,True,6,453,6:453
20261002T162019,17599.924224,100.0,True,17,358,17:358
20261002T162020,16979.898112,100.0,True,1,378,1:378
20261002T162020,12117.464832,100.0,True,7,320,7:320
20261002T162021,14956.944384,100.0,True,2,377,2:377
20261002T162021,73.958912,100.0,True,6,454,6:454
20261002T162021,1340.047872,100.0,True,8,452,8:452
20261002T162021,15338.013184,100.0,True,13,430,13:430
20261002T162021,11855.17952,100.0,True,13,431,13:431
20261002T162021,2994.699776,100.0,True,17,362,17:362
20261002T162022,2341.068032,100.0,True,0,397,0:397
20261002T162023,12324.5568,100.0,True,2,378,2:378
20261002T162023,15689.03808,100.0,True,6,451,6:451
20261002T162023,10660.034048,100.0,True,6,452,6:452
20261002T162023,726.557696,100.0,True,10,430,10:430
20261002T162023,12467.985152,100.0,True,17,360,17:360
20261002T162024,694.415616,100.0,True,7,323,7:323
20261002T162024,260.462336,100.0,True,9,316,9:316
20261002T162024,11863.380992,100.0,True,16,347,16:347
20261002T162025,1557.331968,100.0,True,8,453,8:453
20261002T162025,17776.413696,100.0,True,10,426,10:426
20261002T162025,448.9024,100.0,True,14,387,14:387
20261002T162026,17191.277824,100.0,True,4,458,4:458
20261002T162026,1976.315136,100.0,True,4,463,4:463
20261002T162026,1313.6896,100.0,True,6,455,6:455
20261002T162026,12564.951808,100.0,True,7,321,7:321
20261002T162026,12865.060608,100.0,True,11,341,11:341
20261002T162026,1475.163392,100.0,True,11,343,11:343
20261002T162026,1034.545152,100.0,True,16,350,16:350
20261002T162027,15338.692096,100.0,True,1,380,1:380
20261002T162027,1125.87264,100.0,True,2,381,2:381
20261002T162028,2463.03104,100.0,True,1,383,1:383
20261002T162028,1587.274752,100.0,True,5,351,5:351
20261002T162028,2872.79104,100.0,True,12,334,12:334
20261002T162028,14138.908416,100.0,True,13,432,13:432
20261002T162029,14502.811904,100.0,True,4,460,4:460
20261002T162029,1739.368192,100.0,True,7,324,7:324
20261002T162029,13244.984064,100.0,True,10,428,10:428
20261002T162029,15500.734976,100.0,True,14,384,14:384
20261002T162030,2325.220864,100.0,True,0,399,0:399
20261002T162030,2738.868992,100.0,True,8,454,8:454
20261002T162030,11751.626752,100.0,True,10,429,10:429
20261002T162030,1068.688896,100.0,True,14,388,14:388
20261002T162031,14784.232192,100.0,True,8,451,8:451
20261002T162031,564.009728,100.0,True,9,317,9:317
20261002T162031,13515.373312,100.0,True,15,447,15:447
20261002T162032,1606.892288,100.0,True,2,382,2:382
20261002T162032,18363.136256,100.0,True,3,392,3:392
20261002T162032,10368.642816,100.0,True,3,394,3:394
20261002T162032,1196.713984,100.0,True,4,465,4:465
20261002T162032,1621.405184,100.0,True,10,432,10:432
20261002T162032,2090.245888,100.0,True,12,335,12:335
20261002T162032,1961.38624,100.0,True,15,450,15:450
20261002T162033,16416.941568,100.0,True,2,379,2:379
20261002T162033,12132.211968,100.0,True,4,462,4:462
20261002T162033,140.987392,100.0,True,6,457,6:457
20261002T162033,13811.266304,100.0,True,12,333,12:333
20261002T162033,16830.962176,100.0,True,16,348,16:348
20261002T162034,17871.90272,100.0,True,5,349,5:349
20261002T162034,15941.874944,100.0,True,13,433,13:433
20261002T162034,11502.264064,100.0,True,13,434,13:434
20261002T162034,1548.439552,100.0,True,13,437,13:437
20261002T162034,12079.21152,100.0,True,15,448,15:448
20261002T162034,13331.645184,100.0,True,16,349,16:349
20261002T162034,11798.49216,100.0,True,17,363,17:363
20261002T162035,18163.993856,100.0,True,1,381,1:381
20261002T162035,1220.570368,100.0,True,1,385,1:385
20261002T162035,13902.550528,100.0,True,5,350,5:350
20261002T162035,16310.619904,100.0,True,9,315,9:315
20261002T162035,1329.842432,100.0,True,10,433,10:433
20261002T162035,1854.881024,100.0,True,11,345,11:345
20261002T162035,10060.712704,100.0,True,13,435,13:435
20261002T162036,14823.970048,100.0,True,1,382,1:382
20261002T162036,715.350272,100.0,True,4,466,4:466
20261002T162036,16239.086592,100.0,True,14,386,14:386
20261002T162036,1638.160128,100.0,True,14,389,14:389
20261002T162037,17297.50656,100.0,True,7,322,7:322
20261002T162037,17838.296064,100.0,True,11,342,11:342
20261002T162037,10512.246784,100.0,True,17,364,17:364
20261002T162038,156.314624,100.0,True,1,386,1:386
20261002T162038,2688.9792,100.0,True,5,353,5:353
20261002T162038,987.174144,100.0,True,6,458,6:458
20261002T162038,12348.318208,100.0,True,10,431,10:431
20261002T162038,1983.68,100.0,True,12,336,12:336
20261002T162038,2720.763136,100.0,True,16,352,16:352
20261002T162039,135.18464,100.0,True,0,402,0:402
20261002T162039,2816.567296,100.0,True,8,456,8:456
20261002T162039,1190.646016,100.0,True,15,452,15:452
20261002T162040,17979.501824,100.0,True,2,380,2:380
20261002T162040,710.019328,100.0,True,4,467,4:467
20261002T162040,10853.50528,100.0,True,11,344,11:344
20261002T162040,1226.836736,100.0,True,14,390,14:390
20261002T162041,16902.258944,100.0,True,0,398,0:398
20261002T162041,14086.277632,100.0,True,3,395,3:395
20261002T162041,10427.787264,100.0,True,3,396,3:396
20261002T162041,291.428608,100.0,True,5,354,5:354
20261002T162041,9383.2576,100.0,True,7,325,7:325
20261002T162041,2484.377344,100.0,True,13,439,13:439
20261002T162041,260.736768,100.0,True,13,440,13:440
20261002T162042,381.180928,100.0,True,6,459,6:459
20261002T162042,1796.279552,100.0,True,12,337,12:337
20261002T162042,1450.856192,100.0,True,16,353,16:353
20261002T162043,230.917888,100.0,True,0,403,0:403
20261002T162043,560.522496,100.0,True,4,468,4:468
20261002T162043,1819.162112,100.0,True,7,327,7:327
20261002T162043,17504.06016,100.0,True,15,449,15:449
20261002T162043,13225.063168,100.0,True,16,351,16:351
20261002T162044,723.121408,100.0,True,8,458,8:458
20261002T162044,9386.764032,100.0,True,9,318,9:318
20261002T162044,14478.537984,100.0,True,17,365,17:365
20261002T162045,13548.975616,100.0,True,0,400,0:400
20261002T162045,16703.216896,100.0,True,4,464,4:464
20261002T162045,2255.017216,100.0,True,17,368,17:368
20261002T162046,10938.522624,100.0,True,3,397,3:397
20261002T162046,14191.755776,100.0,True,5,352,5:352
20261002T162046,1658.70976,100.0,True,6,460,6:460
20261002T162046,1161.330688,100.0,True,10,436,10:436
20261002T162046,2171.05024,100.0,True,13,441,13:441
20261002T162046,884.628992,100.0,True,16,354,16:354
20261002T162047,18070.642176,100.0,True,1,384,1:384
20261002T162047,313.033472,100.0,True,7,328,7:328
20261002T162047,16861.293312,100.0,True,13,436,13:436
20261002T162047,624.377344,100.0,True,17,369,17:369
20261002T162048,986.537984,100.0,True,0,404,0:404
20261002T162048,18075.019008,100.0,True,6,456,6:456
20261002T162048,12816.814592,100.0,True,13,438,13:438
20261002T162048,399.262976,100.0,True,14,392,14:392
20261002T162049,13163.829248,100.0,True,2,383,2:383
20261002T162049,1307.402752,100.0,True,2,386,2:386
20261002T162049,17033.967104,100.0,True,8,455,8:455
20261002T162049,15303.224064,100.0,True,15,451,15:451
20261002T162049,2986.484224,100.0,True,15,454,15:454
20261002T162049,641.436928,100.0,True,16,355,16:355
20261002T162050,2993.828608,100.0,True,3,400,3:400
20261002T162050,2596.367616,100.0,True,8,459,8:459
20261002T162050,15126.882816,100.0,True,17,366,17:366
20261002T162051,1561.428224,100.0,True,4,470,4:470
20261002T162051,14620.590592,100.0,True,7,326,7:326
20261002T162051,222.62784,100.0,True,9,321,9:321
20261002T162051,1392.308224,100.0,True,12,339,12:339
20261002T162052,12035.57248,100.0,True,9,319,9:319
20261002T162052,14560.482048,100.0,True,10,434,10:434
20261002T162052,2800.335872,100.0,True,10,437,10:437
20261002T162052,177.013248,100.0,True,10,438,10:438
20261002T162052,9663.021056,100.0,True,11,347,11:347
20261002T162052,9529.085952,100.0,True,14,391,14:391
20261002T162053,17811.623424,100.0,True,0,401,0:401
20261002T162053,1449.324544,100.0,True,0,405,0:405
20261002T162053,10312.580608,100.0,True,1,387,1:387
20261002T162053,2803.716864,100.0,True,5,356,5:356
20261002T162053,14700.495616,100.0,True,17,367,17:367
20261002T162054,2931.846912,100.0,True,1,389,1:389
20261002T162054,14882.205184,100.0,True,3,398,3:398
20261002T162054,15698.312448,100.0,True,11,346,11:346
20261002T162054,2224.227584,100.0,True,14,393,14:393
20261002T162055,86.476544,100.0,True,0,406,0:406
20261002T162055,13999.929088,100.0,True,2,384,2:384
20261002T162055,15810.797312,100.0,True,8,457,8:457
20261002T162056,9862.898176,100.0,True,9,320,9:320
20261002T162056,1784.555264,100.0,True,9,322,9:322
20261002T162056,14604.521728,100.0,True,15,453,15:453
20261002T162057,12934.991616,100.0,True,5,355,5:355
20261002T162057,267.002368,100.0,True,15,457,15:457
20261002T162057,404.062208,100.0,True,16,357,16:357
20261002T162058,14227.86176,100.0,True,2,385,2:385
20261002T162058,15439.010816,100.0,True,3,399,3:399
20261002T162058,2804.985088,100.0,True,8,461,8:461
20261002T162058,17395.119872,100.0,True,10,435,10:435
20261002T162058,11219.690752,100.0,True,13,442,13:442
20261002T162058,1119.599616,100.0,True,13,445,13:445
20261002T162058,237.256192,100.0,True,14,394,14:394
20261002T162059,1529.173248,100.0,True,7,330,7:330
20261002T162059,9389.64608,100.0,True,15,455,15:455
20261002T162059,2232.921088,100.0,True,17,371,17:371
20261002T162100,441.298944,100.0,True,3,403,3:403
20261002T162100,15039.024128,100.0,True,12,338,12:338
20261002T162101,15750.942464,100.0,True,1,388,1:388
20261002T162101,2591.320576,100.0,True,8,462,8:462
20261002T162101,1004.492544,100.0,True,10,440,10:440
20261002T162101,9184.734208,100.0,True,17,370,17:370
20261002T162102,645.938432,100.0,True,0,408,0:408
20261002T162102,2026.693888,100.0,True,1,391,1:391
20261002T162102,10435.110656,100.0,True,3,401,3:401
20261002T162102,13516.661504,100.0,True,11,348,11:348
20261002T162103,11191.293696,100.0,True,6,462,6:462
20261002T162103,1954.766336,100.0,True,13,446,13:446
20261002T162103,717.39136,100.0,True,14,395,14:395
20261002T162104,17742.19392,100.0,True,4,469,4:469
20261002T162104,1701.681664,100.0,True,5,358,5:358
20261002T162104,17011.052544,100.0,True,6,461,6:461
20261002T162104,13677.46688,100.0,True,8,460,8:460
20261002T162104,11759.578112,100.0,True,11,349,11:349
20261002T162104,2622.821888,100.0,True,15,458,15:458
20261002T162105,12278.0928,100.0,True,2,387,2:387
20261002T162105,9335.016192,100.0,True,3,402,3:402
20261002T162105,9199.498752,100.0,True,5,357,5:357
20261002T162105,14787.53792,100.0,True,13,443,13:443
20261002T162106,9745.632512,100.0,True,1,390,1:390
20261002T162106,2270.998016,100.0,True,3,404,3:404
20261002T162106,426.88384,100.0,True,12,342,12:342
20261002T162106,1641.227264,100.0,True,16,359,16:359
20261002T162107,12798.243328,100.0,True,4,471,4:471
20261002T162107,11078.73024,100.0,True,12,340,12:340
20261002T162108,1397.988864,100.0,True,6,466,6:466
20261002T162108,15495.32544,100.0,True,7,329,7:329
20261002T162108,12821.513472,100.0,True,10,439,10:439
20261002T162108,15540.547328,100.0,True,16,356,16:356
20261002T162109,1711.399168,100.0,True,1,393,1:393
20261002T162109,3087.885056,100.0,True,7,332,7:332
20261002T162109,393.087232,100.0,True,15,460,15:460
20261002T162110,1207.30752,100.0,True,13,448,13:448
20261002T162111,2116.248064,100.0,True,0,410,0:410
20261002T162111,964.219392,100.0,True,6,467,6:467
20261002T162111,1332.554496,100.0,True,7,333,7:333
20261002T162111,10888.585728,100.0,True,9,323,9:323
20261002T162111,1881.583616,100.0,True,10,443,10:443
20261002T162111,18073.768192,100.0,True,13,444,13:444
20261002T162111,17651.35744,100.0,True,15,456,15:456
20261002T162112,10120.304896,100.0,True,2,389,2:389
20261002T162112,13705.8496,100.0,True,4,472,4:472
20261002T162112,10447.992832,100.0,True,4,473,4:473
20261002T162112,1423.162624,100.0,True,9,325,9:325
20261002T162113,14866.838272,100.0,True,0,407,0:407
20261002T162113,16524.044544,100.0,True,2,388,2:388
20261002T162113,2151.313152,100.0,True,4,475,4:475
20261002T162113,17485.78816,100.0,True,6,463,6:463
20261002T162113,1155.717888,100.0,True,10,444,10:444
20261002T162113,14839.336192,100.0,True,11,350,11:350
20261002T162113,1931.831296,100.0,True,14,397,14:397
20261002T162113,11889.18144,100.0,True,16,358,16:358
20261002T162113,2206.69184,100.0,True,17,374,17:374
20261002T162114,1586.897408,100.0,True,2,391,2:391
20261002T162114,1160.316928,100.0,True,5,360,5:360
20261002T162114,2750.443776,100.0,True,15,461,15:461
20261002T162115,15888.896,100.0,True,6,464,6:464
20261002T162115,14751.710976,100.0,True,17,372,17:372
20261002T162116,1029.252096,100.0,True,3,406,3:406
20261002T162116,2461.293568,100.0,True,6,468,6:468
20261002T162116,10426.921216,100.0,True,8,464,8:464
20261002T162116,11227.148288,100.0,True,15,459,15:459
20261002T162116,10476.020224,100.0,True,17,373,17:373
20261002T162117,1413.412608,100.0,True,2,392,2:392
20261002T162117,11164.176384,100.0,True,4,474,4:474
20261002T162117,15989.545728,100.0,True,7,331,7:331
20261002T162117,17028.62336,100.0,True,12,341,12:341
20261002T162117,1411.389696,100.0,True,17,375,17:375
20261002T162118,15783.899904,100.0,True,8,463,8:463
20261002T162118,13517.941248,100.0,True,11,351,11:351
20261002T162118,14613.636096,100.0,True,13,447,13:447
20261002T162118,2562.634496,100.0,True,14,398,14:398
20261002T162119,942.673408,100.0,True,3,407,3:407
20261002T162119,1726.270208,100.0,True,5,361,5:361
20261002T162119,12790.999296,100.0,True,10,442,10:442
20261002T162119,11327.974912,100.0,True,14,396,14:396
20261002T162119,9304.895744,100.0,True,16,360,16:360
20261002T162120,1380.222976,100.0,True,0,412,0:412
20261002T162120,15443.802624,100.0,True,1,392,1:392
20261002T162120,17906.641408,100.0,True,6,465,6:465
20261002T162120,2841.457408,100.0,True,6,469,6:469
20261002T162120,16941.839616,100.0,True,10,441,10:441
20261002T162120,10882.370304,100.0,True,11,352,11:352
20261002T162120,945.037568,100.0,True,14,399,14:399
20261002T162121,16288.954624,100.0,True,0,409,0:409
20261002T162121,14659.160832,100.0,True,9,324,9:324
20261002T162121,2358.097152,100.0,True,13,451,13:451
20261002T162122,15424.675072,100.0,True,2,390,2:390
20261002T162122,2687.963392,100.0,True,4,477,4:477
20261002T162122,9093.12384,100.0,True,8,466,8:466
20261002T162122,10963.877376,100.0,True,13,449,13:449
20261002T162122,2138.94912,100.0,True,17,376,17:376
20261002T162123,10030.109952,100.0,True,1,394,1:394
20261002T162123,2526.345984,100.0,True,2,393,2:393
20261002T162123,14091.025664,100.0,True,3,405,3:405
20261002T162123,576.577792,100.0,True,13,452,13:452
20261002T162124,128.216832,100.0,True,0,413,0:413
20261002T162124,2388.996352,100.0,True,1,396,1:396
20261002T162124,16723.239936,100.0,True,5,359,5:359
20261002T162124,1912.23168,100.0,True,5,362,5:362
20261002T162124,1341.822976,100.0,True,10,447,10:447
20261002T162124,12173.549568,100.0,True,12,343,12:343
20261002T162124,989.414912,100.0,True,15,464,15:464
20261002T162124,10043.451648,100.0,True,16,361,16:361
20261002T162125,866.371072,100.0,True,2,394,2:394
20261002T162125,2463.55968,100.0,True,3,408,3:408
20261002T162125,2573.577216,100.0,True,12,345,12:345
20261002T162125,1857.568,100.0,True,14,400,14:400
20261002T162126,119.241728,100.0,True,3,409,3:409
20261002T162126,11065.254656,100.0,True,4,476,4:476
20261002T162126,2707.578624,100.0,True,4,478,4:478
20261002T162126,1518.259968,100.0,True,6,471,6:471
20261002T162126,17107.83104,100.0,True,8,465,8:465
20261002T162126,610.925824,100.0,True,10,448,10:448
20261002T162127,9189.085184,100.0,True,8,467,8:467
20261002T162127,143.740672,100.0,True,14,401,14:401
20261002T162128,1014.795008,100.0,True,5,363,5:363
20261002T162128,2656.553216,100.0,True,9,328,9:328
20261002T162128,12090.267648,100.0,True,15,462,15:462
20261002T162128,1440.32512,100.0,True,15,465,15:465
20261002T162129,1552.302592,100.0,True,7,336,7:336
20261002T162129,573.574912,100.0,True,10,449,10:449
20261002T162130,16765.263104,100.0,True,0,411,0:411
20261002T162130,942.74688,100.0,True,0,414,0:414
20261002T162130,12081.089024,100.0,True,1,395,1:395
20261002T162130,1066.089728,100.0,True,2,395,2:395
20261002T162130,15252.4928,100.0,True,7,334,7:334
20261002T162130,3016.338944,100.0,True,12,346,12:346
20261002T162130,15337.042432,100.0,True,13,450,13:450
20261002T162131,14364.257024,100.0,True,9,326,9:326
20261002T162131,9389.129728,100.0,True,9,327,9:327
20261002T162131,13420.67968,100.0,True,12,344,12:344
20261002T162131,10766.883072,100.0,True,15,463,15:463
20261002T162132,10904.962304,100.0,True,6,470,6:470
20261002T162132,15785.7984,100.0,True,10,445,10:445
20261002T162132,13239.38688,100.0,True,10,446,10:446
20261002T162132,621.676544,100.0,True,10,450,10:450
20261002T162132,17347.372288,100.0,True,11,353,11:353
20261002T162132,1928.2304,100.0,True,15,466,15:466
20261002T162132,13053.287168,100.0,True,16,362,16:362
20261002T162133,3055.02848,100.0,True,4,480,4:480
20261002T162133,99.319808,100.0,True,7,337,7:337
20261002T162134,409.20704,100.0,True,6,473,6:473
20261002T162134,483.473408,100.0,True,15,467,15:467
20261002T162135,2154.571776,100.0,True,5,364,5:364
20261002T162135,14698.936832,100.0,True,8,468,8:468
20261002T162135,161.210112,100.0,True,10,451,10:451
20261002T162135,598.575104,100.0,True,14,403,14:403
20261002T162135,11168.622848,100.0,True,16,363,16:363
20261002T162136,10874.029824,100.0,True,1,397,1:397
20261002T162136,2687.692288,100.0,True,1,399,1:399
20261002T162136,226.917888,100.0,True,3,411,3:411
20261002T162136,11709.899008,100.0,True,8,469,8:469
20261002T162136,398.967296,100.0,True,11,357,11:357
20261002T162136,2852.168448,100.0,True,13,455,13:455
20261002T162137,10755.7632,100.0,True,4,479,4:479
20261002T162137,15228.019456,100.0,True,7,335,7:335
20261002T162137,16348.737536,100.0,True,11,354,11:354
20261002T162137,907.760384,100.0,True,12,348,12:348
20261002T162137,2578.934272,100.0,True,16,365,16:365
20261002T162138,1771.165696,100.0,True,0,416,0:416
20261002T162138,13240.113664,100.0,True,17,377,17:377
20261002T162139,1950.464512,100.0,True,4,482,4:482
20261002T162139,1758.582016,100.0,True,5,365,5:365
20261002T162139,1716.023808,100.0,True,9,330,9:330
20261002T162139,10440.535552,100.0,True,13,454,13:454
20261002T162139,1597.448192,100.0,True,13,456,13:456
20261002T162140,14404.128256,100.0,True,13,453,13:453
20261002T162141,9034.254336,100.0,True,0,415,0:415
20261002T162141,1126.530304,100.0,True,10,452,10:452
20261002T162141,1921.214464,100.0,True,11,358,11:358
20261002T162142,801.118208,100.0,True,3,412,3:412
20261002T162142,12818.0224,100.0,True,6,472,6:472
20261002T162142,1906.793472,100.0,True,7,338,7:338
20261002T162142,479.339008,100.0,True,13,457,13:457
20261002T162142,2652.344064,100.0,True,16,366,16:366
20261002T162143,2657.728768,100.0,True,0,417,0:417
20261002T162143,1001.213952,100.0,True,1,401,1:401
20261002T162143,1116.274176,100.0,True,8,474,8:474
20261002T162143,16723.732992,100.0,True,11,355,11:355
20261002T162143,11413.41824,100.0,True,11,356,11:356
20261002T162143,2579.701248,100.0,True,12,349,12:349
20261002T162143,12189.569536,100.0,True,14,402,14:402
20261002T162143,1857.37344,100.0,True,15,469,15:469
20261002T162144,10750.963712,100.0,True,4,481,4:481
20261002T162144,17290.950656,100.0,True,8,470,8:470
20261002T162144,10106.3872,100.0,True,17,379,17:379
20261002T162145,2294.448128,100.0,True,2,398,2:398
20261002T162145,800.435968,100.0,True,3,413,3:413
20261002T162145,14135.260672,100.0,True,8,471,8:471
20261002T162146,15991.023104,100.0,True,1,398,1:398
20261002T162146,708.75904,100.0,True,4,484,4:484
20261002T162146,10641.323264,100.0,True,8,472,8:472
20261002T162146,268.07936,100.0,True,8,475,8:475
20261002T162146,2526.713856,100.0,True,10,453,10:453
20261002T162146,15468.28672,100.0,True,17,378,17:378
20261002T162147,16281.792512,100.0,True,3,410,3:410
20261002T162147,16061.934848,100.0,True,9,329,9:329
20261002T162147,2285.907968,100.0,True,15,470,15:470
20261002T162148,446.694656,100.0,True,2,399,2:399
20261002T162148,722.311168,100.0,True,9,332,9:332
20261002T162148,2299.397632,100.0,True,13,458,13:458
20261002T162148,10033.108224,100.0,True,14,404,14:404
20261002T162148,17670.3104,100.0,True,16,364,16:364
20261002T162149,243.497216,100.0,True,0,419,0:419
20261002T162149,11338.101248,100.0,True,8,473,8:473
20261002T162149,16903.385856,100.0,True,12,347,12:347
20261002T162149,713.23136,100.0,True,16,368,16:368
20261002T162149,2397.906176,100.0,True,17,382,17:382
20261002T162150,2908.011776,100.0,True,1,402,1:402
20261002T162150,16934.131968,100.0,True,2,396,2:396
20261002T162151,9417.141504,100.0,True,4,483,4:483
20261002T162151,723.65696,100.0,True,4,485,4:485
20261002T162151,14297.236992,100.0,True,15,468,15:468
20261002T162151,1247.180544,100.0,True,15,471,15:471
20261002T162151,10720.5888,100.0,True,17,380,17:380
20261002T162152,1140.544256,100.0,True,1,403,1:403
20261002T162152,14212.436736,100.0,True,2,397,2:397
20261002T162152,1274.423808,100.0,True,5,368,5:368
20261002T162152,14217.280256,100.0,True,6,474,6:474
20261002T162153,1410.536448,100.0,True,2,400,2:400
20261002T162153,10418.558208,100.0,True,9,331,9:331
20261002T162153,214.808576,100.0,True,13,460,13:460
20261002T162153,10931.42272,100.0,True,14,405,14:405
20261002T162153,10150.155264,100.0,True,16,367,16:367
20261002T162154,15862.397952,100.0,True,1,400,1:400
20261002T162154,2633.67552,100.0,True,6,477,6:477
20261002T162154,10863.141376,100.0,True,17,381,17:381
20261002T162155,715.792128,100.0,True,15,472,15:472
20261002T162156,11263.45984,100.0,True,0,418,0:418
20261002T162156,152.239872,100.0,True,3,416,3:416
20261002T162156,1098.093568,100.0,True,11,361,11:361
20261002T162156,9393.929216,100.0,True,14,406,14:406
20261002T162157,2595.539456,100.0,True,2,401,2:401
20261002T162157,16055.755776,100.0,True,5,366,5:366
20261002T162157,827.593984,100.0,True,7,341,7:341
20261002T162157,1747.547648,100.0,True,10,456,10:456
20261002T162157,1665.705984,100.0,True,17,384,17:384
20261002T162158,15551.269888,100.0,True,6,475,6:475
20261002T162159,1451.5648,100.0,True,8,478,8:478
20261002T162159,915.04128,100.0,True,15,473,15:473
20261002T162200,425.10848,100.0,True,3,417,3:417
20261002T162200,13211.52384,100.0,True,5,367,5:367
20261002T162200,2132.257792,100.0,True,10,457,10:457
20261002T162200,16236.262656,100.0,True,11,359,11:359
20261002T162200,1024.882944,100.0,True,12,352,12:352
20261002T162201,12006.116608,100.0,True,11,360,11:360
20261002T162201,11078.049792,100.0,True,13,459,13:459
20261002T162201,502.12992,100.0,True,15,474,15:474
20261002T162202,13317.08672,100.0,True,3,414,3:414
20261002T162202,10817.402368,100.0,True,7,340,7:340
20261002T162202,1822.374144,100.0,True,8,479,8:479
20261002T162202,11596.3072,100.0,True,10,455,10:455
20261002T162202,1898.163712,100.0,True,13,462,13:462
20261002T162203,2301.590016,100.0,True,5,370,5:370
20261002T162203,15908.02176,100.0,True,6,476,6:476
20261002T162203,17236.17664,100.0,True,7,339,7:339
20261002T162203,15938.960384,100.0,True,10,454,10:454
20261002T162203,783.341312,100.0,True,10,458,10:458
20261002T162203,16110.175744,100.0,True,12,350,12:350
20261002T162203,11877.906432,100.0,True,14,407,14:407
20261002T162203,10333.836544,100.0,True,17,383,17:383
20261002T162204,2194.344448,100.0,True,7,342,7:342
20261002T162204,11227.172352,100.0,True,9,333,9:333
20261002T162204,2043.607552,100.0,True,9,335,9:335
20261002T162205,12942.890752,100.0,True,3,415,3:415
20261002T162205,14630.32576,100.0,True,8,476,8:476
20261002T162205,10518.257152,100.0,True,8,477,8:477
20261002T162206,1627.297792,100.0,True,4,489,4:489
20261002T162206,2431.396352,100.0,True,6,480,6:480
20261002T162206,13510.317824,100.0,True,12,351,12:351
20261002T162206,1302.52672,100.0,True,13,463,13:463
20261002T162206,10298.491136,100.0,True,14,408,14:408
20261002T162207,2298.490624,100.0,True,0,423,0:423
20261002T162207,13193.600768,100.0,True,4,486,4:486
20261002T162207,12249.210624,100.0,True,6,478,6:478
20261002T162207,2276.9408,100.0,True,10,459,10:459
20261002T162207,2799.616256,100.0,True,11,363,11:363
20261002T162207,2183.384064,100.0,True,15,475,15:475
20261002T162208,1617.196032,100.0,True,1,406,1:406
20261002T162208,2324.192768,100.0,True,2,404,2:404
20261002T162209,12024.004608,100.0,True,9,334,9:334
20261002T162210,2536.388352,100.0,True,4,490,4:490
20261002T162210,2982.361088,100.0,True,8,481,8:481
20261002T162210,16841.005824,100.0,True,16,369,16:369
20261002T162211,18029.620224,100.0,True,0,420,0:420
20261002T162211,11382.544128,100.0,True,0,422,0:422
20261002T162211,2258.47424,100.0,True,0,424,0:424
20261002T162211,1377.050112,100.0,True,5,372,5:372
20261002T162211,2903.216896,100.0,True,6,481,6:481
20261002T162211,13928.332544,100.0,True,13,461,13:461
20261002T162211,11465.536768,100.0,True,17,385,17:385
20261002T162212,10268.308736,100.0,True,1,405,1:405
20261002T162212,16738.803712,100.0,True,5,369,5:369
20261002T162213,16823.424,100.0,True,0,421,0:421
20261002T162213,16529.730816,100.0,True,1,404,1:404
20261002T162213,14028.930304,100.0,True,2,402,2:402
20261002T162213,14960.967168,100.0,True,16,370,16:370
20261002T162214,12097.789184,100.0,True,4,488,4:488
20261002T162214,1944.891904,100.0,True,7,344,7:344
20261002T162214,1712.764672,100.0,True,10,461,10:461
20261002T162214,1825.417216,100.0,True,13,465,13:465
20261002T162214,13507.109888,100.0,True,14,409,14:409
20261002T162214,3132.29824,100.0,True,15,477,15:477
20261002T162214,2143.72992,100.0,True,17,388,17:388
20261002T162215,11028.642304,100.0,True,3,418,3:418
20261002T162215,17847.573248,100.0,True,4,487,4:487
20261002T162215,2322.372096,100.0,True,9,337,9:337
20261002T162215,1286.847744,100.0,True,14,412,14:412
20261002T162215,10961.014528,100.0,True,16,371,16:371
20261002T162216,2657.675776,100.0,True,0,425,0:425
20261002T162216,218.64448,100.0,True,3,421,3:421
20261002T162216,1673.744128,100.0,True,5,373,5:373
20261002T162216,17013.609728,100.0,True,6,479,6:479
20261002T162216,16510.467072,100.0,True,11,362,11:362
20261002T162216,12405.620992,100.0,True,12,353,12:353
20261002T162216,3103.941632,100.0,True,12,355,12:355
20261002T162216,102.240256,100.0,True,13,466,13:466
20261002T162216,2389.664512,100.0,True,15,478,15:478
20261002T162216,1520.07808,100.0,True,16,373,16:373
20261002T162217,1266.173696,100.0,True,6,483,6:483
20261002T162217,13053.676544,100.0,True,8,480,8:480
20261002T162218,260.463104,100.0,True,2,407,2:407
20261002T162219,11629.30048,100.0,True,3,419,3:419
20261002T162219,14230.322176,100.0,True,5,371,5:371
20261002T162219,1049.266688,100.0,True,5,374,5:374
20261002T162219,15542.567168,100.0,True,17,386,17:386
20261002T162219,1950.00704,100.0,True,17,389,17:389
20261002T162220,2941.444096,100.0,True,1,408,1:408
20261002T162220,18079.278848,100.0,True,2,403,2:403
20261002T162220,1521.574656,100.0,True,12,356,12:356
20261002T162220,1498.23104,100.0,True,14,413,14:413
20261002T162221,529.106944,100.0,True,2,408,2:408
20261002T162221,13518.7328,100.0,True,15,476,15:476
20261002T162221,12317.700096,100.0,True,17,387,17:387
20261002T162222,1560.28928,100.0,True,3,422,3:422
20261002T162222,13412.765184,100.0,True,11,364,11:364
20261002T162222,16585.24032,100.0,True,14,410,14:410
20261002T162223,12048.777984,100.0,True,1,407,1:407
20261002T162224,2847.217664,100.0,True,0,427,0:427
20261002T162224,13418.336,100.0,True,2,405,2:405
20261002T162224,16773.987584,100.0,True,7,343,7:343
20261002T162224,12423.554048,100.0,True,8,482,8:482
20261002T162224,15799.362304,100.0,True,12,354,12:354
20261002T162224,1861.523712,100.0,True,15,480,15:480
20261002T162224,13750.029824,100.0,True,16,372,16:372
20261002T162225,2740.920576,100.0,True,1,409,1:409
20261002T162225,1093.115392,100.0,True,3,423,3:423
20261002T162225,2928.020224,100.0,True,4,495,4:495
20261002T162225,2011.263488,100.0,True,5,375,5:375
20261002T162225,18122.096896,100.0,True,9,336,9:336
20261002T162225,2407.444224,100.0,True,12,357,12:357
20261002T162225,14360.393472,100.0,True,14,411,14:411
20261002T162226,15415.379712,100.0,True,4,491,4:491
20261002T162226,17368.124928,100.0,True,10,460,10:460
20261002T162226,1380.01024,100.0,True,17,391,17:391
20261002T162228,952.172032,100.0,True,3,424,3:424
20261002T162228,16276.007936,100.0,True,6,482,6:482
20261002T162228,3023.307776,100.0,True,6,485,6:485
20261002T162228,743.683072,100.0,True,7,347,7:347
20261002T162228,13655.701248,100.0,True,8,483,8:483
20261002T162228,9304.969728,100.0,True,8,484,8:484
20261002T162228,18354.043648,100.0,True,13,464,13:464
20261002T162228,10509.881088,100.0,True,16,374,16:374
20261002T162228,533.713664,100.0,True,16,376,16:376
20261002T162229,17773.045248,100.0,True,3,420,3:420
20261002T162229,1270.861056,100.0,True,5,376,5:376
20261002T162229,16181.03552,100.0,True,11,365,11:365
20261002T162230,16404.601856,100.0,True,4,492,4:492
20261002T162230,1651.33824,100.0,True,4,497,4:497
20261002T162230,10251.83744,100.0,True,6,484,6:484
20261002T162230,2690.347264,100.0,True,8,486,8:486
20261002T162230,2748.714752,100.0,True,11,368,11:368
20261002T162230,9781.429248,100.0,True,13,467,13:467
20261002T162231,17540.620544,100.0,True,2,406,2:406
20261002T162231,348.182016,100.0,True,3,425,3:425
20261002T162231,13806.664192,100.0,True,4,493,4:493
20261002T162231,13995.699712,100.0,True,10,462,10:462
20261002T162231,2860.85504,100.0,True,14,415,14:415
20261002T162232,15007.320576,100.0,True,0,426,0:426
20261002T162232,944.909312,100.0,True,16,377,16:377
20261002T162233,17780.067584,100.0,True,7,345,7:345
20261002T162233,14987.904,100.0,True,9,338,9:338
20261002T162234,11119.451648,100.0,True,8,485,8:485
20261002T162234,16847.182336,100.0,True,11,366,11:366
20261002T162235,3082.498048,100.0,True,0,430,0:430
20261002T162235,3029.497344,100.0,True,1,411,1:411
20261002T162235,548.5696,100.0,True,3,426,3:426
20261002T162235,2599.681536,100.0,True,8,487,8:487
20261002T162235,2776.247552,100.0,True,12,359,12:359
20261002T162235,16832.953088,100.0,True,15,479,15:479
20261002T162236,116.7168,100.0,True,1,412,1:412
20261002T162236,2701.94816,100.0,True,2,411,2:411
20261002T162236,2038.624512,100.0,True,13,471,13:471
20261002T162237,353.924096,100.0,True,0,431,0:431
20261002T162237,665.52192,100.0,True,4,499,4:499
20261002T162237,448.372992,100.0,True,8,488,8:488
20261002T162237,15859.55712,100.0,True,17,390,17:390
20261002T162237,2244.527104,100.0,True,17,393,17:393
20261002T162238,18297.900544,100.0,True,4,494,4:494
20261002T162238,2337.14048,100.0,True,5,378,5:378
20261002T162238,9373.579008,100.0,True,6,486,6:486
20261002T162238,15714.19392,100.0,True,7,346,7:346
20261002T162238,16683.382528,100.0,True,10,463,10:463
20261002T162238,15676.910592,100.0,True,11,367,11:367
20261002T162238,16844.068864,100.0,True,16,375,16:375
20261002T162239,12891.487232,100.0,True,10,464,10:464
20261002T162239,14760.705536,100.0,True,13,468,13:468
20261002T162239,11293.339904,100.0,True,13,469,13:469
20261002T162239,1920.736512,100.0,True,16,378,16:378
20261002T162239,9842.089984,100.0,True,17,392,17:392
20261002T162240,2824.794368,100.0,True,6,488,6:488
20261002T162240,2034.967808,100.0,True,7,350,7:350
20261002T162240,536.681216,100.0,True,8,489,8:489
20261002T162240,10420.098048,100.0,True,15,482,15:482
20261002T162241,15983.336704,100.0,True,0,428,0:428
20261002T162241,12980.123136,100.0,True,0,429,0:429
20261002T162241,1741.4976,100.0,True,4,500,4:500
20261002T162241,80.781824,100.0,True,5,379,5:379
20261002T162241,9563.962368,100.0,True,13,470,13:470
20261002T162241,17646.578688,100.0,True,14,414,14:414
20261002T162241,15290.244864,100.0,True,15,481,15:481
20261002T162241,1661.490432,100.0,True,17,394,17:394
20261002T162242,15677.357312,100.0,True,2,409,2:409
20261002T162242,9385.148416,100.0,True,14,416,14:416
20261002T162243,2141.694976,100.0,True,2,413,2:413
20261002T162243,17857.376,100.0,True,4,496,4:496
20261002T162243,1331.790336,100.0,True,7,351,7:351
20261002T162243,17945.808896,100.0,True,9,339,9:339
20261002T162243,1502.845696,100.0,True,10,468,10:468
20261002T162244,15979.425792,100.0,True,1,410,1:410
20261002T162244,2046.491904,100.0,True,1,413,1:413
20261002T162244,1909.188864,100.0,True,4,501,4:501
20261002T162244,12984.563968,100.0,True,5,377,5:377
20261002T162244,692.771328,100.0,True,6,490,6:490
20261002T162244,9782.244096,100.0,True,7,349,7:349
20261002T162244,17922.341632,100.0,True,12,358,12:358
20261002T162244,2152.718336,100.0,True,13,473,13:473
20261002T162244,1263.78368,100.0,True,16,379,16:379
20261002T162245,14824.8832,100.0,True,10,465,10:465
20261002T162246,16389.565184,100.0,True,2,410,2:410
20261002T162246,2052.823552,100.0,True,3,428,3:428
20261002T162246,13979.864576,100.0,True,4,498,4:498
20261002T162246,2742.947584,100.0,True,15,485,15:485
20261002T162247,13538.311936,100.0,True,6,487,6:487
20261002T162247,16106.487296,100.0,True,7,348,7:348
20261002T162247,14829.353984,100.0,True,11,369,11:369
20261002T162247,1859.393024,100.0,True,14,419,14:419
20261002T162248,11025.051904,100.0,True,2,412,2:412
20261002T162248,1229.18144,100.0,True,8,491,8:491
20261002T162248,15963.215872,100.0,True,9,340,9:340
20261002T162248,1448.83456,100.0,True,13,474,13:474
20261002T162249,226.931456,100.0,True,0,434,0:434
20261002T162249,9319.319296,100.0,True,3,427,3:427
20261002T162249,1077.477888,100.0,True,3,429,3:429
20261002T162249,2277.078784,100.0,True,4,502,4:502
20261002T162249,9120.306688,100.0,True,6,489,6:489
20261002T162249,10534.829568,100.0,True,9,341,9:341
20261002T162249,11993.992192,100.0,True,13,472,13:472
20261002T162249,2104.73984,100.0,True,16,380,16:380
20261002T162250,2872.253184,100.0,True,9,343,9:343
20261002T162250,15583.333888,100.0,True,10,466,10:466
20261002T162250,10694.65216,100.0,True,15,484,15:484
20261002T162251,2923.775744,100.0,True,2,415,2:415
20261002T162252,956.32896,100.0,True,2,416,2:416
20261002T162252,1425.029888,100.0,True,7,353,7:353
20261002T162252,10264.461056,100.0,True,8,490,8:490
20261002T162252,358.591744,100.0,True,9,344,9:344
20261002T162252,15801.776128,100.0,True,11,370,11:370
20261002T162252,2416.984576,100.0,True,14,420,14:420
20261002T162252,1700.7808,100.0,True,17,396,17:396
20261002T162253,9400.585216,100.0,True,2,414,2:414
20261002T162253,1834.974464,100.0,True,13,475,13:475
20261002T162253,11974.263296,100.0,True,14,418,14:418
20261002T162253,18100.209152,100.0,True,15,483,15:483
20261002T162254,2035.989504,100.0,True,6,492,6:492
20261002T162254,381.745664,100.0,True,11,373,11:373
20261002T162254,17044.282368,100.0,True,14,417,14:417
20261002T162255,16566.559744,100.0,True,10,467,10:467
20261002T162256,14665.685248,100.0,True,0,432,0:432
20261002T162256,17816.127488,100.0,True,12,360,12:360
20261002T162257,11195.26016,100.0,True,1,414,1:414
20261002T162257,13583.10528,100.0,True,12,361,12:361
20261002T162258,11898.379264,100.0,True,0,433,0:433
20261002T162258,11723.896576,100.0,True,10,469,10:469
20261002T162259,12104.157184,100.0,True,7,352,7:352
20261002T162259,10624.935424,100.0,True,11,372,11:372
20261002T162300,12131.24992,100.0,True,6,491,6:491
20261002T162300,17683.967232,100.0,True,9,342,9:342
20261002T162300,17002.342912,100.0,True,11,371,11:371
20261002T162300,12574.661888,100.0,True,15,486,15:486
20261002T162300,9400.814336,100.0,True,15,487,15:487
20261002T162300,14772.769792,100.0,True,17,395,17:395
20261002T162301,9198.651904,100.0,True,3,430,3:430
20261002T162302,10961.968128,100.0,True,1,415,1:415
20261002T162302,17193.679872,100.0,True,5,380,5:380
20261002T162302,13322.53312,100.0,True,5,381,5:381
20261002T162304,14635.776256,100.0,True,8,492,8:492
20261002T162304,14370.497024,100.0,True,10,470,10:470
20261002T162305,15073.32736,100.0,True,4,503,4:503
20261002T162305,12072.525056,100.0,True,4,504,4:504
20261002T162305,15922.420992,100.0,True,12,362,12:362
20261002T162306,14657.44256,100.0,True,16,381,16:381
20261002T162308,14814.706688,100.0,True,8,493,8:493
